発言者,発言内容,年月日,会議の名称
福祉保健部長,"では私から本日の資料1福祉施設の指定管理者の評価結果についてご報告申し上げます。
資料1をご覧ください。
これは指定管理者制度を導入しております福祉施設について、毎年度運営の状況を評価し、今後の施設運営に反映させることにより、サービスの向上を図ることを目的としております。
概要の1にあります通り、評価対象は18施設、13指定事業、指定管理者となりまして、その施設使用者一覧は別紙の通りとなっておりますので後ほどご確認ください。
2の表の方向については、まず、1次評価といたしまして、所管課評価を行っておりますこれは第三者評価や実績報告書等の確認をもって、評価を行い、使用で把握しきれない点につきましては、現地調査や施設へのヒアリングによって補完し、評価を行っております。
また財務評価といたしまして、公認会計士等が経営母体の財務状況を評価してございます。
次いで2次評価といたしましては、右の表に掲げております評価委員会が1次評価を行いました。
所管課から説明を聴取し、質疑を行った後、適正な田舎の評価をなお評価委員会の構成は、3にあります通り全部で9名で構成をしてございます。
恐れ入ります。
2枚おめくりいただきまして、右側のページをご覧ください。
別紙2となります。
この別紙2は評価項目、評価基準を一覧としたものでございます。
まずまず評価項目ですけれども評価の観点を三つに分類いたしまして、それぞれ右側の評価項目に沿って評価をしております。
分類1サービスの提供では5項目分類の2事業運営が9項目分類の3、利用者の満足では6項目で合計20の評価項目を設定してございます。
評価基準でございますけれども2の括弧1にあります通り、各評価項目ごとに5から1の5段階評価としてございます。
先ほど申し上げました通り、合計20の評価項目がありますので、最大100点の評価点となります。
このページの一番下、括弧2ですけれども、評価ランク、総合評価では、1ページの表の通り、評価点の合計得点に基づきまして、AプラスからCまでの四つのランクで表しております。
ただし表の下にご記載があります通り合計得点が90点以上これはプラスに相当しますけども、であっても、Aさんの評価があった場合には、C人以下の評価があった場合については評価ランクをCとしてございます。
次のページ以降の別紙3につきましては、18R各施設の評価表となっておりますのでここでの説明は省略いたします後ほどください。
資料の2ページにお戻りください。
4には、全ての施設の評価結果を一覧で示しておりまして、表の一番右側にあります通り、いずれも適正との評価となってございます。
評価結果の公表活用についてですけれども、評価結果については、区ホームページで公開するとともに、各施設に通知いたしまして、今後の運営に反映するよう求めてまいります。
私からの説明は以上でございます。
子供施策私からは資料2から資料4までご説明申し上げます。
着座にて失礼いたします。
初めに資料に私立認可保育所における不適切保育事案に係る報告書について多くあった。
最後本年6月に発生した私立認可保育所における虐待事案につきまして、これまでの区の対応状況と主な再発防止策を取りまとめましたので、1の事案の概要をご覧ください。
経過でございますが、ほっぺるランド佃の園長から保育士による不適切な保育が行われた旨の通報があったことから、そういたしましては事案の報告を求めつつ、園より提出されたカメラの映像により、不適切な保育の時事実を確認したところでございます。
映像確認していく中でその他の不適切な保育が判明したことから、ヒアリングを行う中で虐待行為を比較2の虐待が行われた背景加害の保育士へのヒアリングや警察の事情聴取から、本人の行動特性や体調不良などにより、虐待行為に及んでおりまして、個人的な要素が大きい状況でございました。
しかしながらこの時期は当該園において退職や休職が相次いでおり、園全体に良い業務的な余裕が不足していたことや、特におきましても、改善事項があったものと認識してございます。
それおきまして3の主な再発防止策でございますけれど、両括弧1では、職員間の連携強化や複数の身が関与する保育運営保育室のレイアウト改善、保育記録カメラ活用を推進また両括弧2では延長事業者による職員や亜鉛状況の把握保育士が働きやすい環境作りまた三塁打しましては区の巡回指導の見直し、相談通報窓口の明確化保育記録カメラの設置支援検討などを取りまとめたものでございます。
包括し報告書の総括でございますが、2ページおめくりいただきまして、別紙4の最下段をご覧ください。
今回の事案を個人の問題としてのみ捉えるのではなく、園全体の運営体制や支援のあり方を改めて見直す契機とすることが重要である。
僕は得られた教訓を各園に共有し保育の質安全性をより一層高めるとともに、職員同士が支え合い、安心して働ける環境作りを進めていく。
今後も応援事業者等が一体となって再発防止と信頼回復に努め、全ての子供たちが安心して過ごせる保育環境の構築に便利資料に関する説明は以上でございます。
次に資料3家庭的保育事業における利用乳幼児の健康診断の省略についてでございます。
児童福祉施設の設備および運営に関する基準等の一部を改正する内閣府令の施行に伴い、一定の場合には家庭的保育事業者における利用乳幼児の健康診断を省略できる旨の規定整備を行うものでございます。
2の改正を要する条例は、家庭的保育事業の設備および運営の基準に関する条例で、施行予定日は公布の日でございます。
次に資料4、基準府令の一部改正に伴い、関連条例の規定整備についてでございます。
内容でございますが児童福祉法の一部を改正する法律による。
児童福祉法等の一部改正に伴い児童福祉法等の一部を改正する法律の施行に伴うこども家庭庁関係内閣府令の整備等に関する内閣府令が令和7年10月1日から施行され、引用する情報の洪水が生じますので条例の規定整備を行うものでございます。
改正する条例は記載の通りで施行予定日は公布日でございます。
私からの説明は以上でございます。
保健所長資料の5、個人番号を利用する事務の追加および当該事務で利用する特定個人情報の設定についてご報告申し上げます。
内容1の内容です。
東京都事務処理特例に関する条例に基づき、区では、待機要請に係る健康障害者に対する医療費助成の申請受理の事務等を行っております。
令和8年10月から本事業について個人番号を利用した受付をということで、申請に係る書類の提出の省略を可能といたします。
個人番号利用事務に追加する事務といたしましては、大気汚染に係る健康障害者に対する医療費の助成に関する事務を追加する特定個人情報は、国民健康保険給付関係情報であっていく。
規則で定めるものです。
2改正に要する条例ですが、中央区行政手続きにおける特定個人を識別するための番号の利用等に関する法律に基づく。
個人番号の利用および特定個人情報の提供に関する条例です。
こういう整備は公布の日といたします。
説明は以上でございます。
ありがとうございました。
では発言の時間制についてでございます。
発言の持ち時間制につきましては、既にご承知の通りです。
なので、よろしくお願いいた。
ただいまの時刻は午後1時40分、自由民主党さん86立憲民主党無所属下の42分、公明党42分都民ファースト310分、参政党30分となります。
なお、持ち時間には、この後の議題である請願審査の時間も含まれます。
それでは、理事者報告に対する質疑に入ります。
発言をお願いします",2025/11/10,福祉保健
高橋委員,"はい私からは資料1、資料2について質問させていただきます。
福祉施設の指定管理者の評価結果についてから質問させていただきます。
こちらは毎年指定管理者の評価評価は行っていただいてるわけではございますが、何か評価の方法あるいは基準で昨年度から変わった部分があるのかという点について教えていただければと思います。
またこれも以前お伺いをしているかとは思いますがやはり各項目ごとに統一された基準というのはないというふうには認識をしていますつまりは各園ごとに評価をしていると認識をしております。
その上で評価項目および評価基準、そして得点配分というものが適正であるのか。
つまりはこれは例えば東京都あるいは国が何らかの基準を用いているのではないかとは思っていますがその点についても改めて確認をさせていただければと思います。",2025/11/10,福祉保健
院長福祉保健部参事福祉保健部参事,"はい指定管理者の評価についてでございます。
今回変わったことといいますと資料別紙2のところの評価項目評価基準の22の評価基準の昨年度からの変更点というところで、基本、昨年度、5の水準を保たれている。
いるものの3年間その変化にに内容に変化がない項目は特定を原則4とするといったところを、にしたところでございますその点については変更はないんですがただし書きのところ、ただしのところなんですが2事業所運営⑥適切な収支を除くというところを、その分3年間その内容に変化がなかったとしても適切な種適切な処置を行ってるっていうところに関しては、このままという最高であれば5のままといったところで、その部分だけ変更しております。
また項目評価項目等適正かどうかというところは基本あげく全庁的に評価のところの指定表、指定管理者の評価のマニュアル等ございますのでそちらに沿って行っているものでございます。
こちらについては毎年こういった形でその評価の仕方等が適正かどうかも確認しながら行っているところでございます。
以上でございます。",2025/11/10,福祉保健
高橋委員,"はい。
ありがとうございます。
昨年度からの変更点につきましては、英語の水準は保たれているものの3年間、その内容に変化がない項目について特典を原則4とするという部分で変更があるというふうには理解をして理解をいたしました。
この評価基準については、評価項目については、基本的には区が独自で定めているというふうにも理解をいたします。
その上でですね、この評価評価報告書についてですね。
やはりこのもう評価の書き方というものがちょっとわかりにくい部分もあるかなと思っておりましてというのもですね、やはり様々な項目について評価がなされていますが、最終的にどこに課題があったのか、指摘事項というものをまとめた方がわかりやすいのかなと思っていますそれが一番最後の評価委員会結果、適正不適の中で指摘することなのかなとは思いますが例えばこの各項目を全てまとめた上でどこに指摘事項がありその指摘事項が改善されたかどうかというのをやはり翌年度またそこを更新をして、この指摘事項については全て改善がされたというところを明確に書いた方がわかりやすいのではないかとも思います。
こういったPDCAサイクルがどのように回っているのかも含めてわかりやすい書き方というところも考えていただければと思いますがその点についての区のご見解をお願いをいたします。",2025/11/10,福祉保健
院長福祉保健部参事福祉保健部参事,"はい。
まずすいません。
宣言変更点のところの私のちょっと言い方が悪かったんですが、英語の数字に富む。
されているものを3年間その内容に変更がなかったとき4とするのは昨年度の評価から始まっているものでございます。
その後の匡の事業運営、適切な収支を除くといったところが今回ちょっと書いたというところ説明が不足で大変申し訳ございませんでした。
またその回線の今後のその表見せ方といいますかね評価表の見せ方につきましては、こちらも我々の方も毎年いろいろどうしようかと考えながらやっているところではございますが、やはり最後のところで委員会の評価というところに、について載せているところでございます。
そういったところをその中で指摘があったようなところにつきましては今後きちんとそれを反映させさせて、こういった項目をしているところでございますがもうちょっと記載についてはわかりやすく、いきたいと思っております以上でございます",2025/11/10,福祉保健
高橋委員,"はいそれぞれありがとうございます昨年度からの変更点につきましては補足ありがとうございます承知をいたしました。
また今後もどのようにこれもやはり区のホームページに載せれるものであると思いますので、できればこのまま認めてわかった方がいいんですけれどもどういう指摘事項がこの園についてはどういう指摘があったのかっていうのを一覧というかぱっと見でわかるといいなと思いましたのでご検討いただければと思います。
またその上で、各応援の評価を見た限りだと、やはり今回C項目となっているのがC評価となっている1次評価が33施設でございます。
こちらもそれぞれ見てみると、八丁堀保育園につきましては園児の見失い事故が発生をして、この改善の再発防止策は実施されているが、そういった重大性を鑑みてC評価となっている2の評価がされている。
安全対策になっているかと思います。
また晴美こども園紗英および春道どうかについてはサイバー攻撃があった個人情報の漏えいの可能性があったという形で認識をしております。
それぞれちょっとですね私も特に財布攻撃の部分につきましては初耳でございましたので、一旦このもうC項目に上がった3施設について、どういった内容の事象があり、そして再発防止策につきましては、もう現時点で既に完了しているのか。
要はその体制については改善がもうなされたと評価をしているのかという点について改めて教えていただければと思います。
委員長",2025/11/10,福祉保健
子供子育て支援課長,,2025/11/10,福祉保健
子供子育て支援課長,"はい。
私からまず八丁掘掘り保育園の事故についてご説明さしていただきます。
この経緯としましては、演劇活動として、午前中散歩に出たところなんですけども、その際近隣の公園の方で行って遊んでたというような状況でございましてその公園でですね、たまたま他の次も言いましてかなり混雑してるような状況もありましたので、そのときに普段の集合場所とは違うと違う場所をですね、集合場所案内した子たちに伝えたところなんですけどもそれが遊び終わってその集合するときにですね、1人のその園児がですね、その連れて行くところをちょっとまだ遊びたかったのかちょっと濃すぎる。
そこを突き抜けてって、あの1人でまた違う場所に行ってしまった。
そのときにちょっと気がつかなかったっていう状況がありまして。
それでその後ですねそれにつきましてはそのままちょっと公園の外がちょっと出たとこなんですけども、そこに出たところで、先に園に戻るとしましたスタッフがそこで見つけたっていうところで、あのタイムラグとしては1分少々の時間ちょっとスタッフが見失ったというようなものでございます。
ただ1分とですねやっぱりエンジンを見失うっていうところがですね、やはりあってはならない。
その見失いがですね、重大事故に繋がる恐れといいますかそういった可能性を波乱でおりますので、そういったところで今回ですね、厳しくといいますかその重大性を鑑みまして、今までのその5点といったところから、3点限定して2点というような評価をさしていただいたところでございます。
ただその事故あった後もですね、前におきましては区への報告ですとか、保護者への対応そういったところを速やかに行いまして、対応策としましては、実際にそういった見失った場合にですね、各大項目ごとに設けた時間軸の中でどういう対応をすればいいのか、そういったことを一つポイントを捉えて、行くようなそういった店のときのフローチャートを作ってそれをのですねスタッフにですね、全て情報共有をして、それ以後はですね、適正に対応を適切にですね、対応しているというような状況でございます。
もう一点でございますけれども、仮にこども園できたサイバー攻撃でございますが、こちらサイバー攻撃につきましては、こちらの法人本部の方で、そのサイバー攻撃を受けたというような状況でございます。
実際その落ちた中で、個人情報がですね、調べていく中では閲覧された可能性がある。
今日されたとかっていうことではなく、閲覧された可能性があるというような状況がわかりましたので、そういった中で法人本部の方でそのシステムをですね、改めて見直しまして、改善を図ったというところでございます。
その後ですね特に何かサイバー攻撃になって何か重大な事故が起こったっていうことはありませんけれどもそういった個人情報の漏洩する可能性があったというところで、そういった重大性を鑑みてこちらの方もですね、あの5点から3点、2点と3点減点させていただいたというようなものでございます現在は改めてシステムを構築し直しまして、しかなり強硬なシステムに改善したという報告を受けているところでございます。
以上でございます",2025/11/10,福祉保健
高橋委員,"はい。
それぞれありがとうございます。
まず園児の見失い事項につきましては様々な対応としてフローチャートを作って情報共有をしたとそれ以後にもついても適切に対応するというふうに理解をいたしました。
またサイバー攻撃につきましてもこれも仕方ないというか法人本部のに対するコーヒーですので、その法人側で対応しているというものに認識をいたしました。
またちょっとこの一点ですね、資料に次の質問にも若干繋がってくるんですけれども、今回例えば八丁堀保育園でそういった園児を有しないようしてしまった場合のフローチャートというものを作成したというふうに理解をいたしました。
そういった例えば良い事例例えばツールも含めて、これはもちろん法人ごとに対応が違ってくるのかもわかりませんが、やはりあのこういった見失い事故はどの園でも発生する可能性はあるということで、やはりあの積極的な横展開はするべきではないかなと思っております。
例えばもちろんこの応援が園側が作ったものですのでそのまま渡すというのがそれもエリア法人の判断になるかと思いますが、そういった各園に対してこういう事例が発生しました。
例えば園長会とかでもそうですけれども、なので気をつけてください。
あるいはこういうフローチャートを作りましたので参考にしてくださいといった横展開がされているのかという点について確認させてください。
委員長",2025/11/10,福祉保健
子供子育て支援課長,,2025/11/10,福祉保健
子供子育て支援課長,"はい確保絶えず単位でのそういった情報共有することに書いてございます。
公立保育園におきましては毎月園長会行っておりまして、その都度都度ですね、様々面で起きたこともそうですけれども、そういった情報共有する場を設けておりますので、そうした中で、横展開といいますか、9さしていただいてるとこでございます。
以上でございます",2025/11/10,福祉保健
高橋委員,"はい。
ぜひそういった横展開も含めて区全体としてそういったセキュリティ強化や再発防止策が進めれば進めるような動きを積極的に図っていただければと思います。
続いて資料に私立認可保育所における不適切保育事案に係る報告書についてについて質問をさせていただきます。
これは一般質問等で何度か取り上げさせていただいた事項ではございますが、しっかりと報告書にしてご報告をいただきありがとうございます。
やはりこういった事例、特にやはり気になるところはやはり再発防止策の部分になるかと思います。
発生してしまった以上はそういったこれもどの園でも発生する可能性もあると思ってます。
この再発防止策についてお伺いをさせていただければと思います。
やはり今回例えば、職員間の連携強化や例えば区の巡回指導の見直し、相談通報窓口の明確化カメラの設置支援検討など様々な対策を真打ち立てていただいたかと思います。
まずはこの再発防止策につきましては、この報告書を今回いただいた時点で、これが全てもう実行されていると考えていいのか。
今回再発防止策を立てました。
何ヶ月あるいは漸減に対してどれぐらいの期間をもって再発防止策が徹底されていることを確認するとか、要はこれが今回の報告書をもちまして基本的にこの再発防止策は全ての園で対応が完了しているのかという点について確認をさせていただければと思います。
また今回やはりこういったことが発生しますこれはもちろん、国会等で情報共有はされているかと思いますが改めてこの多くの巡回指導というものの何か一斉的に今回の事件を受けた上で、巡回指導を行っていきますというようなご報告だったと思いますが、この巡回指導につきましても、まずはこのこれまでの期間の中で少なくとも1回あるいは何回かもう既に実行がされているのかという点についてお示しいただければと思います",2025/11/10,福祉保健
委員長保育課長,"はい。
今回の報告書について今日初めて皆様にお示ししたところでございまして、今後これをもとに園長会において臨時委員長会を開かせていただいてそして、どういったことが課題だったのかそしてどういったことを今後再発防止策等を勘案して考えていくのかというのは丁寧に説明していきたいと思っております。
それを冬季に様々な海再発防止策それぞれの援助可能な限りやっているところについて事実をしっかり確認していきたいというふうに考えてございます。
もう一点なんですが、巡回指導につきましては、このページの件があるない方まずいるところでございましてこの件があって、より意識したところにつきましては、今までは虐待防止につきましては虐待の防止の研修をしていくかというところだったんですけれどもやはりこの虐待のこの報告書をまとめる中においてもやはり職員間のコミュニケーション不足っていうところもかなりあの課題にあったのかなというところがございまして今まで園長に聞き取るところがすごく多かったんですが、できるだけ個別の先生にも声掛けをいたしまして、少し心配だなと思うところにつきまして要は、遠方への中での風通しの良さです。
そういうところについては、とても大切な視点だというところを改めて認識しましたので、そういったところを確認いたしまして必要に応じて延長やあの事業所に声掛けをしているというところでございます。
以上です。
はい。
それぞれありがとうございますこれから園長会等でその配布再発防止策について、区としても推進をしていただけるということで理解をさせていただきました。
やはりあのこれももう6月発生の大事件ですのでできる限り早期に各園が体制を整えるように推進をしていただければと思いますのでよろしくお願いをいたします。
またもう一点お伺いをさせていただきます。
やはり今回のやはり今回の再発防止策の中には、なかなか含めることが難しいかとは思いますがやはり個人のを支出に起因するというよりも、やはり円全体での体制あるいは区全体としてやはり保育士不足の現状というところがやはり一番かなり大きくウエイトを占めてくるのではないかと思っております。
これについてはやはり一朝一夕で学校を保育士を増やすというのも難しいですし、おそらく国全体としてあるいは東京都全体として保育士が不足している待遇の点眼という中で、なかなか一朝一夕に解決する課題ではないとは思っておりますが、やはり今回の事件を受けても、やはりその事業者に対するサポートあるいは保育士の環境改善という部分についても、やはりが何らかのテコ入れをするというようなお考えにあるのか。
現状で何か予定をしていることを考えていることがあるかという点について教えてください。",2025/11/10,福祉保健
子供政策推進室長,"、子供施策推進室はい。
この先ほどのお尋ねの件で少し触れさせていただきますけれども、何て言いましょう。
この体系的なといいますかこの報告書といたしましては今般整理をさせていただきまして、皆様方議会の方にお示しをさせていただいてるところでございます。
きちっとした形での総括をさしていただいたところではございますけれど、少し時系列のところでですね、いくつか触れさせていただきますと、例えば7月の15日には子供子育て会議等においてこういった事案が発生した旨を会議体に報告させていただいたりですとか、あるいは7月24日でしょうか区内私立認可および事業者安全安心な保育の実施について通知ですとか、8月21日にも同様な取り組みをしてるとこでございますこうしたようにですね、体系的なものにつきましては今回が報告書という形でお示しさせていただいておりますけれども、当然ですね公立保育所それから私立の認可保育所、こういった事案が発生してしまった人だということで大変これ不適切なことだということは直ちに情報提供をさせていただくとともにですね、まず第一報としてはこういったことは絶対あってはならないんだというようなことをしっかりと工事業者にまずは第一報ということで周知したとこでございます。
ですんで、これから改めてその研修というよりはですねまずは第一報はさせていただきますので速やかに対応している旨でご理解できればと存じます。
以上でございます",2025/11/10,福祉保健
情報課長保育課長,"はい。
突然の保育士不足につきましては本当に非常に喫緊の課題というふうに考えておりますが、やはり全国的に保育士が不足しているのか。
どうやって保育所を確保するというのはなかなか難しいところがございます。
その中でですね、保育士さんの仕事以外の部分をまとめて保育士の資格を持ってない方も補助として入っている。
それにつきましては補助金を充実させているところでございまして、特にですね、今度そういう人がたくさんいるのか、またそこにもまた人手不足区としてできることとしましては、あのシルバー事業センターやシル川区中央の方に私立園長会の方に来ていただいて、こういった業務だったらできますよということも信号させていただいているところでございます。
令和6年には数件だった件数もですね令和5年にはその2倍か3倍に伸びておりましてそういった事実は、地道な努力を通じながら、福祉部署不足の代わりになるところをしっかりと対応していきたいというふうにはいそれぞれありがとうございますその事件発生以来発生直後から様々な形で映画に対しては情報共有や指導通知をしていただいているということで理解をさせていただきました。
またやはりこの全国的な保育士の不足の中なかなかできることというのも限られてくるかと思いますがそういったシルバーマーク中央とのマッチングと、様々な働きかけを行っていただいているかと思います。
やはり引き続きこういったいろいろな様々な背景があったかと思いますので様々な側面から区としても対応している。
ですので、よろしくお願いいたします。
以上で質問を終わります。
ありがとうございました。
よろしくお願いします。
私からも私立認可保育園における不適切保育事業に関わる報告書について1点質問させていただきます。
今回のこの再発防止策の中で、区の巡回指導の見直しっていうのがございまして、この案件があった段階で私様々な区でどのようなその巡回指導がされているのか、少し聞き取りをしましたあの本区の中でもいくつかの事業者保育園に伺ったところ、このあの本要はその巡回指導は他の区と比べて非常に多いというのがわかりまして、非常に高い親切に細やかに巡回をしていただいてるっていうのは、確認させていただいております。
その中で、これその巡回をされる。
方は、区の職員なのかっていうことをちょっと一点確認させていただきたいんですけれどもお願いします。
課長",2025/11/10,福祉保健
保育課長,"はい。
巡回につきましては基本的にこのもっと延長、区立保育園の園長の方の先生中心に回って、いうところでございます。
あと一部客観的な目が入るようにということで民間の委託業者にも回っていただいているところでございます。
です。
一部民間の委託の方がいらっしゃるということが確認できました。
なぜ私がこのようなことを伺ったかといいますと、一部の園の方から、もしくはもしかしたら既にその保育のいろんなご経験をされた方かもしれないんですけれどもお昼寝の呼吸確認についてある鶏舎の保育園の園長さんの方から通常はその1010分に1回ぐらいきちんと息をしてるかどうか確認するようなことを指導を受けているんだけれども、本来はその体に触れてはいけないところが目や耳で実際に呼吸してるのか確認するようにというような指導をその園で流行っていたそうなんですけれども巡回されたような、その方々が実際に触ってくださいという。
ご父兄の方からちょっと誤解を受けるような指導されたということで、それについて意見をしたところ、これはちょっと区に確認しますということでその場できちんとした指導がいただけなかったというところでお伺いしたかったんですけれども、そのいま自宅や保育の経験のある方々が巡回されている中で、区とのその情報とあの巡回をする、その内容ですね、それがきちんと周知されているのかどうか教えてください",2025/11/10,福祉保健
保育課長,,2025/11/10,福祉保健
保育課長,"、はい。
あの子のお昼寝のところというのは食事とお昼寝が一番死亡事故が高い。
ところでございまして、区は本当に巡回のところそこを中心に見てもらってまいっているところでございます。
呼吸を確認するっていうところもなかなか難しくて、実際に小体に手を当てるっていうか当ててくださいっていうことは区として指導しているところです。
というのは、体に触れて温度を確かめて、それで万が一そこですごく温度が低かったりとか、万が一ものすごく暑かったりとかしたら、すぐに対応しなくてはいけないので必ずそこはちゃんと丁寧にやってくださいそれで呼吸確認してください。
それが死亡事故をし、そういうのを防ぐとなってますのでそこは徹底しておりますし、委託業者に対しても同じような指導をしているので、ただそれが自信を持って答えられなかったことについては、そこは改善の余地があるかなと思っておりますがそういった趣旨でやっておりますので、ご理解いただけるとありがたいです。
以上です。
ぬるい。
丁寧な巡回ありがとうございますそうするとその国の正しい巡回のやり方を書く園長の方々や、また保育士久慈の方々がきちんと認識されていなかったということでありますので、それはあの次回の町会や保育士の指導の中でどのようにするのか徹底をしていただきたいと思います。
続きまして、今度は敬老館について行政評価というか、今回資料のこの一番の中で様々な指定管理者の評価結果がある中で、敬老館については運営されている会社が一つであるということで、三つまとめての評価結果になっているんですね。
ただ運営業者が委託業者が違う中でも保育園はそれぞれある中でどどどどういった経緯経過でこの敬老館だけは三つまとめて評価になっているのか教えていただきたいと思います。",2025/11/10,福祉保健
院長高齢者福祉課長高齢者福祉課長,"はい。
敬老館につきましては3巻とも同じ悪臭を株式会社というところで指定管理を運営をお願いしているというところであの山間ある程度利用者さんの特徴等で独自の部分もなくはないんですけれども基本的には運営のやり方は統一する。
ように、3巻の館長が毎月館長会議で集まって、あの情報共有をしたりですね、こういう時はどうしたらいいかとか相談したりやって、統一するようにしておりますし、統括官長ということで区長の本部の方の統括の方もいらっしゃるので、基本的には同じやり方を3館ともやれるようにということで、やっているので評価もあの参加を開けるというのがなかなか難しいというふうに考えております。
今一番初めに申し上げた通り、保育園については指定管理者が同じような会社であっても、多分わかれて毛評価をしているかと思います。
なので、今一度これ各経路かによってやはり各館長さんが様々な工夫をされながら、本当に楽しいイベントやいろんなことをされていると思いますのでこれ三つ一緒で本当にいいのかどうか改めて教えていただきたいんですけれども院長副職部長、福祉保健部長例えば他の施設保育園などについて、例えばですけどもベネッセアイケアが八丁堀物件と三富町保育園など複数の事業者を運営しております。
これは結果として同じ業者であって、それぞれ選定する過程では別々で事業者を選定している結果として同じ業者になったというところでございます。
経路につきましては、この3館を一体的に運営するっていう前提で事業者を募集しておりましてその結果この事業者が決定されているというところですので、敬老会については一緒に参加をまとめて全体としての評価をする。
他の施設については結果は同じでしたけれども、別々の選定過程の中で、選ばれたというところですのでそれぞれの運営を評価しているというその違いでございます。
以上でございます。
ルール委員承知いたしました。
しかしながら、各敬老会において非常に特色のある、それぞれのエリアによってやはり利用者さんが求めているところも違ったりいたしますので、今後もし何か見直す機会があるようでしたら、この三つまとめてではなくそれぞれの敬老館がどのような形で、どのように利用者様から満足度いろいろいただいているのかと清掃ですとか、いろんなことについて評価をしていただきたいと思います以上です",2025/11/10,福祉保健
黒原委員,"はい、参政党の黒原ですよろしくお願いいたします私からも資料1と資料についてそれぞれ伺っていきたいと思います。
まず資料1なんですけれども、指定管理者の評価結果ということでですね、どれもいずれも最終的には適正ということで、評点といたしましても80点以上というところになっておりますその中で、私としましては注目したのは、評点の低い個別の項目でございまして、その中でですね、各評価の中で3利用者の満足度、そのうちの③苦情対応というところでいくつか評点が3ですね。
まだ低い点数を取ってる次事業というか、指定管理者があったということです例えばポピンズリペアさんですねリペア者が8番と10番の新川児童館つけた児童館と出してますけれどもそれが山であったり、ライクキッズ者がですね小泉町児童館12のエドはるみごめんなさい9の堀米町児童館12の晴海児童館でその評価だったということです。
こちら内容を見ますとそれぞれアンケートをとられているというところでですね。
特に優れている、優れているといった評価が少なかったので、3評価としましたということでございます。
これはちょっと私の個人的な意見ではありますけれども、こういうアンケートをとったときにですね、答えてくださる方っていうのは比較的この好意的に見て良い評価を出されるパターンか。
何か言いたいことがあって苦情等でですね低い評価になるという傾向が強いのかなというふうに思っているんですけれどもそうした中でですね個別に特に何かあったというわけではなさそうなんですが、評点としては良い評価を受けやすいところがあまり高くなかったということでですね、もちろん適正ではあるということなんでしょうけれども個別には、それぞれの施設のありようがですね、どうなのかというところを確認してもいいのではと感じております。
実際に今回のこの件を通じてですね、こうした点について着目されて何がしか対応なり対話をされているのか、そういった点について教えてください。
お願いいたします",2025/11/10,福祉保健
委員長放課後対策課長,"はい苦情対応への評価についてでございます。
こちらについては委員おっしゃる通り、アンケート結果の特に優れているですとか、優れているといったところの回答割合を中心に評価をしているところでございます。
またアンケートの中では設問というものを別に説明とは別に自由記述という欄もございましてこちらには1部会の会員の意見というのはあったんですけれども苦情対応に関する個別の意見ではなくてですね、子供が楽しく使ってるですとか、先生がとても優しくありがたいといった好意的な記載がほとんどといった状況でございます。
今回の結果を踏まえまして、各課の方には我々の方で意見を聞き取っているところでございございますけれどもやはり各課においてかご意見をしっかり受け止めまして誠意をもって対応しているというふうに認識してございますが、なかなかその分析が難しい中で、回答した保護者からしますと、苦情対応にスピード感がないですとかまたはあのな結果にならないことで結果として対応の仕方に不満を持ってしまってるっていったケースも中にはあるんじゃないかというふうに私ども考えているところでございますそうした中で各児童館に対しましては、まず、様々なご意見をいただく中にあっても、きちんと利用者に寄り添った。
対応するように指導するとするということと併せまして、やはり日頃から利用者と積極的にコミュニケーションを図って良好な関係性を構築していくことで、利用者が意見を伝えやすいような環境を整えまして、できる限り駆除苦情といいますか、ご意見の目を小さくするよう指導しているところでございます。
以上でございます。
はい。
ご答弁ありがとうございました。
全体施策としてですねそうした対応を改めてこうした機会でとられているということだと認識しております。
このように評価を数値化することで全体としては適正なかなかそれほど重大事案ってことにならないかと思いますので、こうした個別の細かいところからですね。
どこまで特別対応というか、各施設に対してですね、取り組みを区としてやっていくのかっていうところはもちろん考え方があると思いますので、そうした点はですね改めて見ていただければと思うんですけれども、実際にこういう数字になったというところはやはり着目すべき点だとは思いますので、ぜひですね、個別対応を具体的にするかどうかというところは一旦置いておけば私はちょっとそういったお話をしましたけれども、置いておくにしてもですね、ぜひもう既にそうした見方をされているという認識でおりますが、ぜひそうした着目もですね改めてしていただければなと思いますよろしくお願いいたします。
特に先ほどの企業が違う一緒というお話も全員からありましたけれどもたまたまだとは思いますが企業がですね、同じ企業であるというところもあったりしますので、そうしたところもある種評価にもなるのかなというふうに思っておりますのでよろしくお願いいたします。
はい。
続きまして資料についてですね、伺いたいと思いますこちらにつきましても既に全委員からもお話あり前回の以前のですね本委員会でも質疑があったところですので、そこに連なるところで少し伺いたいのが、今回の反省対策ですね、対策の部分で改めて最初の資料2のページですね再発防止策ということで3点を大きく書いていただいておりますけれども、保育記録カメラ活用の推進というところと、保育職化保育記録カメラの設置支援検討という点がございます。
以前の本委員会でもそうしたところが一つ。
話題になってですね、私ももちろん巡回指導とか本当に大事なことだと思いますし、やるべきだと思ってますけれども最後のこの線といいますか、どうしても1点の確率でこうした事案は起こりうると、どれだけ対策してもですねどうしようもない点はあるのかなというところの中で、ある意味保育士の現場の方をですね守る意味でも、こうした施策というのが、より推進されるべきされるべきなのかなと思っております。
以前のそうした質疑の中でですね、現場の保育士の方にとって、どうしてもストレスになる部分もあるといったようなご発言もあったり記憶しておりますが、やはりこの点はあまり私もその間社会的にはですね、印象が良くないことは承知はしておりますけれどもやはり、最終的には現場をより良い環境に保つことにトータルで繋がるのかなと思っております今回これが再発防止策として実際に書いていただいておりますけれども、そうした点どのようにですね改めて捉えられたのかというところをお聞かせいただければと思います。
お願いいたします",2025/11/10,福祉保健
委員長保育課長,,2025/11/10,福祉保健
保育課長,"はい。
保育のこのカメラにつきましては、やはり監視というところになっていきますとやはり監視っていうのはしきれないところがあると思うんですね。
どうしても死角は発生いたしますのでただ例えば私石井委員おっしゃったようにその保護者から問い合わせがあった際に保育所を守るという。
医師意味でもきちんとした保育をやっていればそちらについて何かあったときにそちらを証明するものですとか、あと日々の保育の振り返りで保育の質を上げるという意味でも、意味はあるかなというふうに認識しているところでございます。
ただそれを区として強制するのではなく、やはりいろんな事業者によって考え方がございます。
その中でそれをやはりカメラがつくことはネガティブだというふうにお考えになるところについては、あの法人の考えを尊重していきたいなというところはございますが例えば今回のところでもなかなかペアでいろいろ関心できればいいですけれども、例えば超長い間1人になってしまうようなときとかにはカメラがあることをその事務所の方にお伝えしながら、何かあったとき、事務所がそれを見ててねっていうことによって何かトラブルがあったときにすぐ駆けつけられるとか。
そういったメリットも十分考えられるなというところもありましたので、今回このような支援をしていければなというふうに考えてございます以上です。
すいません。
市長ちょっと補足になりますが、どちらかと言いますと、常時監視というのはなかなかこれストレスがかかるものでございまして委員からもご紹介いただきましたようにですね、あくまでもこの保育士の何て言うんでしょう、事件事故があった場合に、自分の業務を守るためのツールとして位置づけるところが大きいのかなというふうに思ってるとこでございます。
そういったことからも何か事務室でですね、ずっと眺めてるんではなくて、事件事故が発生した場合に身を守るためのツールだというところで今後そういったことを十分意識付けしながら各県に対しましてはこういったカメラの促進といったものをお願いそういった進めてまいりたいと思いますそうしたことからもそうしたことも含めて区立保育園におきましても同様の取り組みをするというとこでございますけれども、労使双方がそういったところでの共通理解のもとにやっていければいい保育になるのかなというふうに考えてるとこでございます。
以上でございます",2025/11/10,福祉保健
黒原委員,"はい。
ご答弁ありがとうございました。
私も企業にいたときにですね総務で監視カメラを見るというようなお墓も見るというようなこともありません。
基本的には有事の際しか見ない。
ですね。
普段はほぼ使ってないような状態は正直ありまして。
そうした中でですねがどう判断されるかもちろん判断だと思いますので私としましてはぜひ行政本区といたしましてはセキュリティにそうした面というものもですね必要だよねというところは、打ち出せるところは打ち出していただきたいなと思っておりますので引き続きどうぞよろしくお願いいたします。
以上で質問を終わります。
では副院長質問議題1、福祉および保険の調査についてに入ります。
はいいたします。
私からは、今回報告させていただいたこの福祉施設の指定管理者とあと各地域包括センターの委託についてお伺いしたいです。
京橋の年寄センターでは、ちょっとちょっとしたことがありまして、その後そういった評価っていうのは、行政評価の中でしか判断できないんですね。
これ区がやっている委託先っていうのは、そもそも論としてこのような指定管理者のような行政評価を設置しないのかどうかを見てほしいです。
委員長介護保険課長教科書図書類相談センターというところがありましたのでまずはそこについて大丈夫です。
二つ場所という相談センターにつきましては、今一応1階にが委託をしているという状況でもちろんですね区としてそちらのその委託契約書なり仕様書というところでやっておりますので、その中で不適切なことがあればですね、確認し指導していくというところで、区がしっかりと運営についての支援をする。
いうふうになっております以上です。
福祉保険は聞きたかったな日経終わりそれ委員長報告の正副委員",2025/11/10,福祉保健
院長区民部長,,2025/11/11, 区民文教
区民部長,"はい私からは資料1および資料2についてご報告をさせていただきます。
着座にて失礼をいたします。
初めに資料1、中央区立中央会館等の指定管理者候補事業者の決定についてでございます。
資料1をお開きください。
令和8年3月31日で指定期間が終了いたします。
区民部所管施設に係る指定管理者候補事業者を指定管理者選定委員会の審査結果を踏まえ、決定するものでございます。
対象施設は1の表にあります通り3施設指定期間は、①中央会館と、③月島運動場は、令和8年4月1日から5年間でございます。
②の総合スポーツセンター、浜町運動場、月島スポーツプラザの指定管理者については、下段の目印にありますように、総合スポーツセンターが大規模改修工事期間中であることに加え、日本橋中学校の体育授業等での利用も予定されていることから、利用者の安全性の確保および交流の施設運営にするため、大規模改修工事と日本橋中学校浜町校舎期間が重なります。
令和8年度および令和9年度の2年間について特命により選定を行いました。
新野候補事業者の選定結果につきましては後ほど御説明をいたします。
3の選定経緯でございます。
本年5月28日に第1回選定委員会を開催し、募集要項、選定基準を決定6月9日から7月25日までの公募期間を経て、8月19日の第2回選定委員会で第1次審査9月22日の第3回選定委員会では、第二次審査を行い、候補事業者を設定したところでございます。
次のページをお願いいたします。
委員会の構成につきまして、選定委員会の構成につきましては、4の表に記載の通りでございます。
次のページをお願いいたします。
別紙になります。
選定結果でございます。
まず中央会館の指定管理者候補事業者には、現事業者である。
松屋グループオーエス共同体を選定いたしました。
審査項目および評価点については、次のページを御覧ください。
応募は1事業者でございました。
そのため、候補事業者として適当であるか総合的に審査を行いました。
まず、上段の表1次審査として、1の運営方針から5の運営経費および収支計画までの各項目について、書類審査を行い、下段の表2次審査では、プレゼンテーションおよび財務状況の確認を行った結果、300点満点中198点となり、最低制限基準点である満点の6割、180点を上回りました。
括弧3の選定理由でございます。
事業者の提案は、維持管理業務における各種チェックシート等の整備リズム経験や資格を有する責任者の適切な配置か、各種状況に応じた危機管理マニュアルの整備など、安定的な施設運営が期待できる内容でした。
プレゼンテーションにおいても、区内在住在勤者に限定した価格の宴会プランなどの具体的な提案があり、集会施設の利用率や利用者満足度の向上に意欲的に取り組む姿勢がうかがえたことから、適切かつ安定的な施設運営が可能と判断し、交付事業者として選定したものでございます。
次のページをお願いいたします。
総合スポーツセンター等の候補事業者には特命選定方式により、現事業者の中央区スポーツ未来創造パートナーズを設定いたしました。
次のページをお願いいたします。
総合スポーツセンターの大規模改修および日本橋中学校中の授業料等の補足主事情を踏まえ、現事業者が候補事業者として適当であるか総合的に審査を行いました。
1次審査として書類審査2次審査としてプレゼンテーション等を行った結果、300点満点中211点となり、最低制限基準点である180点を上回りました。
括弧3選定理由でございます。
事業者の提案は、安心、快適、競争発展をコンセプトにした。
事業や大規模改修および日本橋中学校の利用中においても、施設利用者が安全に活動を行えるよう関係各所との調整に積極的に取り組む姿勢が高く評価されました。
また、プレゼンテーションにおいても、施設利用のきっかけ作りから定着化を目的とした取り組みが具体的に提案されており、スポーツ活動の一層の振興に繋がるものとして高い評価を得たことから、適切かつ安定的な施設運営が可能と判断し、交付事業者として選定したものでございます。
次のページをお願いいたします。
月島運動場の交付事業者には、現事業者であるカフカ株式会社を選定いたしました。
次のページをお願いいたします。
こちらも応募は1事業者でしたので、交付事業者として適当であるか総合的に審査を行いました。
1次審査として書類審査を医事審査としてプレゼンテーション等を行った結果、300点満点中214点となり、最低制限基準点である180点を上回りました。
括弧3選定理由でございます。
事業者の提案は、本社と連携した適切な人員配置や緊急時における危機管理環境や安全に配慮した施設の維持管理など、安定的な施設運営が期待できる内容でした。
また、プレゼンテーションにおいても、区民ニーズを的確に捉えた上での利用率向上への取り組みや、特性のあるグラウンド整備の内容が提案されており、利用者目線に立った。
説明方針が高く評価されたことから、適切かつ安定的な施設運営が可能と判断し、交付事業者として設定したものでございます。
資料1は以上でございます。
次に資料2印鑑登録、登録印鑑の追加等についてでございます資料2をお開きください。
信頼および9字のフリガナが住民票に記載されたことに伴い、登録できる印鑑を追加する他、印影部分に係る印鑑登録原票の調整方法の変更等を行うものでございます。
概要でございます3点ございます。
まず括弧1行政手続きにおける特定の個人を識別するための番号の利用等に関する法律等の一部を改正する法律の施行により、氏名および9字の振り仮名が公証され、公証され住民票に記載されることを踏まえ、当該藤川で表した印鑑を登録できる印鑑に追加する。
噛み砕いてご説明させていただきますとふりがなで表した印鑑も印鑑登録しての登録が可能になるということでございます。
次に括弧2地方公共団体情報システムの標準化に関する法律に基づいて作成された標準化仕様書において、国が印鑑登録原票の調整方法に係る考え方を変更したことに伴い、印鑑登録原票のうち、現在紙媒体で調整している運営部分について、システムで調整できるようにする。
こちらは区側の事務処理の関係に話になりますけども、印鑑の押印の原票につきましてこれまで紙ベースだったものが、システム上での管理が可能になるというものでございます。
次に括弧3、印鑑の登録申請者が本人であることを保証する保証人に係る要件について全国の区市町村における印鑑登録事務の統一化が進んできたことを踏まえ、東京都の区市町村において既に印鑑の登録を受けているものから区市町村において既に印鑑の登録およびているものに緩和する。
こちらにつきましては印鑑の登録申請者、印鑑登録をする際の申請者が顔写真付きの本人確認書類を持っていないときなどに保証人が必要となりましてこの保証人の印鑑登録証明書などを提出していただくことになりますが、その要件をこれまでは東京都内の区市町村で印鑑登録を受けている者に科限定していましたが、全国の区市町村で印鑑登録を認めるものに広げるものでございます。
2の改正を要する条例は中央区印鑑条例施行予定日は公布の日でございます。
資料に私および私からの報告は以上でございます。
委員長教育委員会事務局次長、教育委員会事務局次長私からは資料3から6についてご報告させていただきます。
着座にて失礼いたします。
初めに資料3、令和7年度全国学力学習状況調査の結果についてでございます。
こちらは全国的な児童生徒の学力や学習状況を把握分析し、教育施策の成果と課題を検証しその改善を図るとともに、学校における児童生徒への教育指導の充実や学習状況の改善等に役立てるものでございます。
調査内容ですが、実施主体は文部科学省でございます。
実施日、対象学年および調査内容はこちら(3(4に記載の通りでございます。
今年度から中学校第3学年の理科および質問紙調査については、CBT学習用タブレットを用いたオンライン方式で実施しております。
結果につきましては、別紙をごらんください。
別紙2ページ2の教科別平均正答率ですが、小学校では3教科とも国を上回っております。
中学校では国語数学については、都と同等、国を上回る結果となってございます。
理科につきましては今回オンラインにしたことにより、目印に説明があります。
IRTスコアという数値で表しておりますが国を下回る結果となってございます。
恐れ入りますが資料3にお戻りください。
今後の取り組みといたしましては、括弧7にありますように、各学校が自校の傾向や到達状況を把握し、学力体力向上プランに反映するとともに、事業改善に生かしてまいります。
また児童生徒に対する個別指導の充実を図ってまいります。
資料3については以上でございます。
続きまして資料4、令和7年度学習力サポートテスト実施結果についてでございます。
こちらは児童生徒の基礎的基本的な学習内容の定着状況と問題解決能力等を把握し、児童生徒の学習の動機付けに繋げる子に応じた指導の充実と教員の指導力向上のため、区独自のテストを実施しその活用を図っていくものでございます。
1実施概要ですが実施日、対象学年教科は記載の通りでございます。
に正答率と結果につきましては、別紙をご覧ください。
まず1ページのに、学年教科別平均正答率でございます。
かっこ1小学校では、全教科において全国平均を上回っております。
2ページの括弧2、中学校では第1学年の理科、第2学年の社会、第3学年の社会理科で全国平均を下回っております。
次に3ページの3、同一集団の経年変化の比較でございます。
小学校では、いずれの教科も区の平均が全国平均を上回っておりますが、算数では、区と全国平均の差が年々開いているのに対し、小学校の社会や理科では、全国平均との差が縮まってきております。
4ページの中学校では社会理科において、区の平均が全国平均より下回っており、社会では全国平均との差が年々広がっております。
次に5ページの4、質問紙調査についてをご覧ください。
市長質問紙調査は、自己認識社会性学級環境、生活学習習慣の四つの大きいカテゴリーで構成されており、括弧2に一部抜粋した結果を記載してございます。
全体的に良好な結果となっておりますが小4の単位は話し合いが全国平均を下回る結果11のいじめのサイン、中三の先生の支えが全国平均を上回る結果となってございます。
資料4にお戻りください。
3件、テスト結果の活用ですが、各学校において、学力体力向上プランを修正し、今後の授業に反映させるとともに、個々に応じた指導の充実を図ってまいります。
資料4については以上でございます。
続きまして資料5令和7年度区立小中学校児童生徒体力と調査の結果についてでございます。
こちらは中央区の児童生徒の体力の状況等を客観的に把握し、子供たちの健康や体力向上に関する意識を高めるとともに、各学校における今後の体育健康教育の充実を目的とするものでございます。
1調査実施児童生徒数および2調査内容は記載の通りでございます。
3調査結果と分析につきましては、別紙をご覧ください。
まず別紙の3ページ体格についての調査結果になります。
身長につきましては全ての学年で全国と平均を上回っており、6年との比較ではほぼ同程度の数値となってございます。
会場につきましては、全国の平均との差はマイナス0.2キロから2キロの間で推移しており、6年度との比較ではほぼ同程度の数値となってございます。
次に4ページ、体力についての調査結果と分析でございます。
5ページの総括をご覧ください。
小中学校では全学年50m走で平均以上の結果であり、走力が高いことがわかりました。
また小学校では反復横跳び立ち幅跳びで全国と平均以上の結果であり、敏捷性や瞬発力が高いことがわかりました。
一方課題としましては、小学校の女子は筋力や筋持久力能力が低く、中学校は男女ともに全身持久力、女子では力が低いことがわかりました。
これらの課題に対し、6ページの体力向上に向けた取り組みにありますように各学校で自校の結果をもとに、学力体力向上プランを修正し、具体的な取り組み内容の見直しを行うとともに、外部講師による担当教員への研修の実施や、体育指導補助員の配置等により指導の充実を図ってまいります。
資料5については以上でございます。
続きまして資料6通勤手当支給限度額の引き上げ等についてでございます。
こちらにつきましては、人材確保が喫緊の課題であり、働きやすい職場環境の整備が求められていることから、国および都において、令和7年4月から職員の通勤手当の支給限度額が引き上げられた他、新幹線等通勤の支給要件が緩和されたため、本区においても同様の改正を行うものでございます。
改正内容は支給限度額が、見直し後は15万円で、限度額の範囲内で新幹線等特別料金を全額支給となります。
新幹線等通勤の支給要件については記載の通りでございます。
改正を要する条例は中央区立幼稚園教育職員の給与に関する条例で、施行予定日は令和8年4月1日でございます。
説明は以上でございます。
でございました次に、発言の時間制についてでございます。
発言の持ち時間制につきましては、既にご承知の通りでございますので、よろしくお願い申し上げます。
ただいまの時刻は午後1時49分です。
自由民主党さん、42分かがやき中央さん、31分立憲民主党無所属331組、クラブ331分日本共産党さん31分紫紺の解散10分となります。
なお、持ち時間にはこの後の議題である生活審査の時間も含まれます。
それでは、理事者報告に対する質疑に入ります。
発言を願います",2025/11/11, 区民文教
高坂委員,"はい。
では、よろしくお願い申し上げます。
過日の行政視察では、大変勉強させていただきました。
それは議題で閉じて取り上げさせていただきますけれども、なかなか見ることがない歴史とか文化とか。
そのあたり、大変本当に勉強させていただき委員長の選択、また議会局の皆様の円滑な運営、かつ楽しいごめん、その辺り本当に感謝申し上げます。
では進めさせていただきます。
ええ。
今回の報告は本当に一番大事な報告がなされております。
学力体力についてでありましてそのあたり、資料3、資料4、資料5をまとめてご質問させていただきます。
まず、本当にもうこの学力体力がちゃんとついてほしいと思うところでありますが、1-1の視点として、学力をうまくつけてもらうためにパイロット校など中央区も持っております。
リースをちゃんとやってもらうということで、例えば城東署作っておりますが、その技術をちゃんとやっているところに関してのこの結果は、やはり括弧とは違って一つ引いたもののような結果がでているのかどうか。
分析を教えてください。
これが一つ目です。
二つ目が、この被質問し調査っていうのが、あります。
ガックシ学習力サポートテストで質問紙調査があります。
これ大変重要なことを聞いていると思います。
中で自分が気になるのは子供たちの、やはり一番大事なものは自己肯定感だと思うんですけれどもこの辺りの結果はどうなっているのかどうか、もしわかれば教えて欲しいというのが一つ。
また二つ目は、勉強は楽しくやるものであるとは思っております。
子供たちが楽しく学べているかどうかいうふうな辺りも質問票で読み取れているかどうか。
もし読み取れていればそのあたりの結果を教えていただければと思います。
質問指標から見れる子供たちいうことでお願いします。
三つ目が、体力のところでありますが、体重ここは教育委員会の委員の皆様も定例会で御指摘よくされております。
体重が平均であっても、その分布が問題です。
小児科医としても専門の私としても特に女子生徒も高学年女子生徒、中学生の女子生徒児童生徒の痩せや学期になったり、また子供をあまり運動しない子供たちの肥満が気になったりということはあるので痩せと肥満がプラスされれば平均は通常になったりもしまして、見えてこないので、この辺りの痩せや肥満の状況など気になる状況でないかどうか教えていただければと思います。
まずはこの辺り、お願いします。
院長室室長紫藤市長3点いただきました順にお答えしたいと思います。
まず学力につきましてパイロット校の結果についてでございます。
ご承知の通りですねこの学力学習状況調査および学習力サポートテストとともにですね、大前提といたしまして、各校のですね、順序をつけたり純烈をつけたりっていうようなことに目的通しておりません逆にそういうことはやはり趣旨に反するということで控えてるっていうようなところがございますので、先ほどご質問に城東小学校というようなお名前も出ましたけれどもこれについていくつだったかとかいうようなお答えについてはこれに反しますので、差し控えていただきたいなというふうに思っております。
ただパイロット校としてしっかり頑張っていらっしゃるそういったものの結果については良好であるというようなことで認識をしております。
二つ目でございます質問紙調査における自己肯定感についてでございます。
自己肯定感のことにつきましてもですね把握を押しているところでございます。
例えば、あなたが頑張ったときに友達から頑張ったねすごいねと褒められたことがありますかとかですね。
それから勉強やスポーツ習い事セミナーの自慢できる得意なことがありますかというような質問項目がありまして答えがでているところです。
いずれもですね、よくある時々ある含めて肯定的な紙回答ですねあるとか、自分なりにあると思うということもそうなんですけども9割近いですね、肯定回答率を取っておりまして、自己肯定感につきましてはですね、家族また先生友達のような身の回りの人たちの支えによって、比較的良好な結果であるというふうに認識をしております。
最後に体重のことでございます報告にございますように、いずれもあの体格については特に大きな問題はないというような平均で見ますとそういうことでございますが、極端にですね、肥満であったりとか、逆に痩せ型みたいなことについているというようなことについては、一部そういったところはあろうかなというふうに思いますが全体として大きな問題ということではありませんあの保険の指導をですね通してですねやはりしっかり食べること、また体重が成長期においては増えていくことは健全な発達であるというようなことについては各学校の方で指導をしているところでございます。
なおし、楽しく学べて質問調査に戻りますけれども、楽しく学べているかというようなご質問のところは類似するものとして、国語が好きかとか、算数が好きかというような質問がございます。
これが楽しいと類似するというかどうかっていうのはまた置いといてですね。
いずれもですね教科に変わるので多少の前後はあるんですけども、肯定回答率が6割から8割の間に推移するような結果となっております以上でございます。",2025/11/11, 区民文教
大坂委員,"はい。
それぞれにありがとうございます。
パイロット校というか、個別に見てはいけないし比較してはならないというのは大前提は理解しつつも、せっかくパイロット校があるので我々には明らかにしなくても、そうか。
やはりどういうものなものなのかというのは出せないデータではあるがそのパイロット校統合としてせっかくやっているのだから、その辺の木瀬製菓が出るでしょうしというところの評価は内部ではよろしくお願い申し上げます。
自己肯定感なり、楽しく学べるかというあたりも、全体的なところ、良い結果であるというふうにはそれ捉えることができますので、この辺り良かったと思いますし、またこの質問表でも、この先生の支えがあるというところここは本当に中央区が中三20枚ということもありますので、信頼関係をきちんと持ちながらできているというところもさしていただいております。
引き続き自己肯定感、そして先生方との信頼関係教育の方、よろしくお願い申し上げます。
三つ目のところの体重あたりの評価に関しては、どのような分布かというところは、ちょっと不心配ではありますのでまた引き続き見ていっていただければと思います。
続けて参りますが、体力のところでは筋力、持久力力前は登録だけだったのがちょっとできないとこが増えているかなとも思われるんですけれども、この辺りの課題があるというふうなところであります。
ここで対応として、スクールスポーツの種目や具体的な実施内容の見直しっていうふうな書き方がされているんですけれども、これもう一歩踏み込んで、どのようなことをお考えになられているのか。
教えていただければと思います。
また対応策として、人員配置人という部分も書かれております。
実際、体育指導補助員を入れている。
また、段数とかブドウとか。
いうところでは、より専門の方も入れていこうというようなことを書かれておりますけれどもこのあたりどのように順調に確保できているのか、また、地域人材とか、もっともっと活用して、行けているかどうかっていうところを教えていただければと思います",2025/11/11, 区民文教
院長指導室長,,2025/11/11, 区民文教
指導室長,"はい。
続いて体力についてのご質問についてお答えしたいと思います。
持久力がやはり目に見えてですね課題かなというようなところがございますそこで椅子スクールスポーツでございますけれどもあの格好ですね毎週るスポーツで持久力のを向上に努めているところも挙げてございます。
特にですね誘えば中学校5校ございますけれどもうち参考でスクールスポーツ持久力、アップのための取り組みを行っているようなところがございます。
またですね、少し変わったところっていうとあるUltimateテックというフリスビーを使ったアメリカフットボールみたいな競技があるんですけれどもこれをスクールにしてですね、結構距離を走る競技であったりもするところからそういったところでただただ走るというよりかは楽しみながら持久力をつけていくというような取り組みをしているところでございます。
また人員配置につきましては体育指導補助員など小学校の方を中心につけているところでございます。
これの人材につきましては現在ですね、体育大学の学生さんなどが結構入ってきてくださっておりまして将来教職を目指すようなそういった志のある学生がしっかり確保配置されておりましてですね最近小学校の免許も取れるようなこともありまして大変活躍しているという報告を受けております以上でございます。",2025/11/11, 区民文教
高坂委員,"はいこの体力を伸ばしていくというところでは、教育委員会関連、また関連では、PTAさんも入りながら、バスケットボール大会したり、バドミントン大会したり、また区民部かもしれませんけれども羽つき大会したりというようなことで、子供たちが楽しめるそういう場を作り、作ってくださっており、体力の向上に向けて取り組んでくださっているところ、感謝申し上げます。
さらに、このMICE、MICEMyschoolスポーツの方の派遣の方も期待をいたします。
また、体育指導補助員に関しましては今おっしゃったところでは、そしたら待遇が体育大学の学生さんたちはボランティアでの入り方もあるし、また学習指導補助補助員ののように体育指導補助員のように教職員免許持った方も入るという、そのいろいろな形の補助員の入り方があるあるということで良いのかどうかちょっと念のため確認させてください",2025/11/11, 区民文教
委員長指導室長,,2025/11/11, 区民文教
指導室長,"はい。
体先ほどのお話は基本的には体育指導補助員されているということで現在免許取得中ということで教員の免許を持ってらっしゃる方ばっかりということではございません。
以上でございます",2025/11/11, 区民文教
小坂委員,"はい。
ぜひ地域の方々がもっともっと入りながら、体育とかはやれると思いますのでその辺りまた入りやすい形などを作っていってもいいんじゃないかなと。
皆さん、みんな何かスポーツ得意なものが持っておられるし、その方々がもっと積極的に入りながら子供たちの体を動かす機会を作っていただければと思います。
この辺りまた更に増え、踏み込んで考えてこのような仕組みですね、考えていければと思うところであります。
ここでの質問はこれで終わります。
次の質問者の発言を願います。
名がいい。
よろしくお願いいたします。
本日の行政視察につきましては、大変勉強になりました。
今後、この得られた学びを十分に生かしていきたいと考えておりますありがとうございました。
私は資料3令和7年度全国学力学習状況調査の結果について、資料4令和7年度学力サポートテストの実施結果について伺ってまいります初めに本区の児童生徒を、生徒の学びを支え続けてくださっている教職員の皆様のご尽力に心から感謝と敬意を称します。
日々の授業改善や子供たちと向き合う姿勢の積み重ねが、本区の学力状況に表れているものと受けとめております。
一方で、学力の状況を把握するに当たっては、区全体の平均正答率という全体像だけ、全体像だけでは子供たち1人1人の学びの様子までは見えにくい部分があるのではないかと考えております。
同じ学年、同じ教科であっても今後の課題の状況によって必要となる支援には差が生じると考えているからです。
そこでお伺いいたします平均ではなく分散の把握についてですが、本区では教科書別平均正答率に加え、学級内の上位件数や回転数などといったばらつきを示す指標や全体の件数分布についてどの程度把握されているのでしょうか？また把握されている場合は、これらの指標を学校への支援配置や授業改善にどのように活用されているのでしょうかお願いいたします。
委員長",2025/11/11, 区民文教
指導室長,"、指導室長学力調査における学力のオーブンさんの把握についてのご質問についてお答えいたします。
成績のいわゆる学力正答率のですね、分布につきましては各学校のものそれから区全体のものということで把握を教育委員会としてもしております区全体の特徴といたしましてはおおむねいわゆる1高部の綺麗な形であります高い正答率に小学校の方は高い正答率の分布の山が比較的高右側にあるというか、右側ってのはつまり拓ちゃんと点数が取れてるってことですね。
というところが高い分布にあるというような特徴もありますまた、地中学校については真ん中ぐらいに山が来るんですけれども中学校の数学については階層と上位層の分布に偏りがあるというような傾向がございます。
そういったことからですね、こういった場合は少人数指導が大変有効でございますがこういった実態を踏まえて本区では算数数学英語を中心にですね、区費講師を入れて少人数指導を展開しているという現状でございます。
なおですね各クラスごとまでの分布というところについては出しておりませんで、各学校が9年というところで、各学校に通知教え各学校の学力体力向上プランに反映させるということで指導をしております。
以上です。
院長永石委員ありがとうございます。
ご答弁で示していただきましたように日々の授業改善も少人数指導等にも繋げていただいているとのこと本区の教育の丁寧さが表れていると受け止めましたその上で全体の点数分布がより細やかになることで、必要な支援を必要な場面に届けやすくなると思います今後も分析と今日共有を通して子供たち1人1人に届く学びがより確かなものになることを期待しております平均を揃えることではなく、必要なところに関し必要な支援が届くことがより重要であると考えておりますので引き続きお願いいたします。
続きまして学習サポートテストの実施結果についてお尋ねいたします本テストは1人1人の学習状況を丁寧に可視化し、学びへの動機づけや個別指導に繋げていく大変重要な仕組みであると受け止めております。
そこで次に個人票の活用状況の把握についてお尋ねいたしますが、本区では学力サポートを受けたサポートテストの個人票を配布した後、その結果をどれだけ支援に結びつけられたかについてですが、例えば個人面談を行うですとか、先ほどもお話がありました少人数授業や追加の支援に繋がるなど、の状況について個人票を配るだけではなく、その後の支援にどのように繋がっているかという点を改めてお聞かせくださいお願いいたします。
委員長指導室長紫藤市長はい表の活用西方についてでございます。
表の返却の方法につきましては、括弧に任しているところでございますがその多くがですね、個人面談などを通して返却された。
ということで把握しております。
その中でその対象のですね児童生徒の強みであったりとか、逆に弱みであったりというようなところ家庭とともにですね把握をするというところをさせていただいているかと思います。
具体的にはですね宿題も含めた家庭学習に生かしたりとかですね。
各教科の指導の際のいわゆる個別最適なが、指導のところを意識してし、指導に生かしているというところでございます。
以上です。
ない。
ありがとうございます。
子供たち1人1人の課題が伸びている力を適切に確認し次の課題に学びに生かされていくということを確認をいたしました。
子供たちの学びは知識や技能だけではなく意欲や安心感学級での関わりといった環境とも深く結びついていくと思います。
そこで次に、こうした学習環境や心の状況、状態を確認するための質問紙調査についてお尋ねいたします。
学習は、知識や技能の習得だけではなく、安心して教室にいられること、自分の考えを言葉にできること、先生や仲間を信頼できることといった、学びの土台と不可欠の関係にあると思います資料では、小学校4年生の体は話し合いのスコアが全国値より低いこと中学校1年生のいじめのサイン、中学3年生の先生の支えが高いことで今日先生方と生徒との信頼関係が築かれていることが示されています。
これらは単なるデータではなく、子供たちの学校での居場所感や関係の質を移すものだと受け止めております。
学力は知識や技能だけで決まるものではなく、安心して発信できる友達とSAS話し合えるといった学級の雰囲気や人権関係とも深く関わっていると考えています。
そこで、本区では、学力の結果と質問紙調査の結果をあわせて見たときに、どのような関係性があると分析されているのでしょうか？おわかりになる範囲で構いませんのでご見解をお聞かせください。
委員長指導室長紫藤市長はい。
質問紙調査と学力の相関の質問についてお答えいたします。
今回ですね資料として抜粋してるお示しした質問シート学力のクロスというものはとってはおりませんが、学力との相関が見られた項目としてはですね例えばクラス全体やグループ、友達同士で話し合いをするときに、積極的に発言ができているかというような質問に対して、肯定的に答えた子供ほど、より高い正答率を保持しているという結果であったりとかですね。
学校やの授業やクラスの役割などで先生や友達から期待されたり頼りにされたりしていると思うかというような質問に対して、肯定的に答えた子ほど、また同じように高い正答率を保持しているというような傾向が見られます。
そういった中でやはり居場所がしっかりしてる子ほど、安心して学力も高まってるのかなというような認識でございます。
一方ですね家庭においてスマホやパソコンのルールを定めているかというような質問に対してはそれほどの相関は大きくは見られなかったというようなことも分析の中に出ております以上でございます。
永井委員ありがとうございます学力の結果と子供たちが教室でどのように感じ、どのように関わっているかという質問紙の結果を合わせて合わせる視点が現場で回されているということを確認をいたしました。
子供たちはわかることと同じぐらい、ここで学んでいいんだと感じられることが、次の学びに向かう力になると思っております。
子供たちが安心して学びに向かえるか、学びに向かえる環境が今後も本区で育まれていくことを願い、理事者報告からの質問は終わります。
ありがとうございました。
次の質問者の発言を願います。
白須伊よろしくお願いいたします。
通勤手当の支給額の引き上げについて伺いたいと思います。
このたびかなり上限が15万円に引き上げられたこの背景と影響についてお聞かせいただけたらと思います。",2025/11/11, 区民文教
委員聴取と主張指導室長,"はい。
今回の通勤手当の引き上げに伴うまず背景でございますけれども、昨今のやはり教員不足というようなところがございます。
やはり遠方にいてですね、働く教員として働きたいというお気持ちはあるもののやはり通勤手当が満額でないというようなことで躊躇されるような方が相手はもったいないというようなことで引き上げをなさしているところでございます。
現在ですねよ。
現在の本区の幼稚園の先生方の中で、この引き上げによって、全額出るようになったというような方は現在おりません。
皆さんご勤務ご自宅から勤務地までの2点については全額出ている状況でありますが今後ですねそういったような方がいらっしゃったようなときにもカバーできるということで、期待をしているところでございます。
以上です。
白須委員ご答弁ありがとうございました。
この大幅な引き上げによる該当者は現在のところいないということで了解いたしました。
また今後この引き上げにより、かなり新幹線通勤ですとか、あの遠くの方も来てくださったり、あのかなり大きな影響があると思うんですけども国の財政への影響額の見込みなどはありますでしょうか？また本当に大変な実情や幼稚園教諭が足りないという実情があって、引き上げるっていうことでよろしいんでしょうか？また人材確保、離職防止の観点から、今後住宅手当や育児支援などの検討の有無などもありますでしょうか？また、他の職員の方々のこの違いというのはこの大幅な被害による違いについてはどのようにお考えかお聞かせいただけますでしょうか？委員長紫藤市長紫藤市長はい。
現在この非大幅な引き上げに伴いの対象者いないわけですけれども、財政的なものっていうなところについては財政課の方もですね頑張ってくれたのかなということですいません特特段ですねそういった課題感は持ち合わせて現在持ち合わせているところではなりありません。
また離職防止や幼稚園の先生方の報酬人の増加みたいなお話かなと思いますけども。
現在ですね幼稚園教諭の募集につきましては、結構高い倍率が出ている状況でございまして、特段ですねそれについてというところはないかなというところでございます。
さらに最後に色の違いについてということでございますが、本区のですね職員も同じ改正をしているということでございますので、これに伴うは間違いと言ったところはないのかなというふうに認識しております以上でございます。
白須委員ご答弁ありがとうございました現在高倍率で推移しているということで大丈夫な現状を知りましてありがとうございます。
また公平性という観点から他の職員の方も改定していることで了解いたしました。
またこの大幅な値上げと新幹線で帰るときで他府県からも通ってくる方も今度いらっしゃる可能性もあるんでしょうか？そうすると子供たち大変等々重要な職業でありますので、子供と園児たちに対して違う課税、都内だけで都会で育った方じゃなくて新しい風というか新しいお話新しい感覚を子供たちに与えられることも期待しております。
ありがとうございます。
また府内在住や近隣勤務を希望する職員が他の住宅手当や子育て支援など多様な働き方を支えるような総合的な環境整備候補購買率ではありますが、今後も見据えてよろしくお願いいたします。
ありがとうございます。
うん。
副院長は委員席へお移りください。
奥梨衣何点か質問をいたします。
最初に、報告1の中で総合スポーツセンター現在、指定しているところに、あと2年間、匿名により指定するという報告でした。
それで選定理由の中で、事業者の提案は、審査の各項目にわたって良好だということと、安心快適競争発展をコンセプトにした事業や、あと日本橋中学校の利用を中ということもあって、いろいろそういうものについても配慮があるということで、評価されたという。
表記がありますけれども、この総合スポーツセンターの利用のんな件で、以前に裸足ランニングが前はできたのにできなくなったということで何とかできるようにならないのかということで、奥村議員が質問をさせてもらったことがあるんですけれども、そのときには安全性や衛生面から、コナミの方でそれはできないっていうことになってますって男答弁だったんですけども最近そういう要望を寄せていただいた方ができるようになったっていうことで、大変喜んで私達の方にも連絡いただいたんですけれどもこうした裸足ランニングもできるようになったというような内容も加味して、選定したのかという点を御確認をさせていただきたいと思います。
お願いします",2025/11/11, 区民文教
議長スポーツ課長,"、スポーツ課長総合スポーツセンターの特命選定ということと、裸足ランニングというところでございますけども最初ですね申し訳ございません。
裸足ランニングについてはですね、依然として衛生面ですとか安全面というところでご遠慮いただいているということになっておりまして、現在ですね、実はこの工事の大規模改修の工事のためにそのランニングコース自体がですね、工事ヤードということで、他の出場を潰すよりも工事などというところでですねそちらでちょっと利用させていただいておりますのでランニング自体はちょっとあの10年の3月まで処理できないことになっておりますので、ここでご不便をおかけすることは多い。
お詫びさせていただきたいと存じます。
ですので接触名選定につきましては、こちらのですね、先ほど阿野委員のおっしゃったような大規模改修ということで、改修の計画の段階から、この指定管理者は一緒に協議していたというところで、その成立のですね、状況も非常に把握しているというところで、工事における利用工事の安全第一というところの均衡が図れるというところと、あと日本橋中学校が浜町校舎の利用ということで、体育等について総合スポーツセンターですね、出場を利用するというところで、こちらについても施設の状況を把握しているというところで、生徒さんもですね、安全を図りながら、また利用者の方も安全に使っていただいて工事を進めるということにおいて、匿名で選定させていただいたということになっております。
以上でございます。
委員長小栗委員今大規模改修中なのでできないということなのか。
それがあの会社が終われば裸足ランニングをできるようになるということなのか、それはもう前からずっとできなくてこれからもできないのか。
その点を確認をさせていただきたいと思いますが、ぜひできるようにしていただきたいと思いますけれどもご答弁をお願いしたいと思います",2025/11/11, 区民文教
委員長スポーツ課長,"、スポーツ課長申し訳ございませんわかりづらい答弁で申し訳ございません。
また柱にはですねやはり平成上の理由と安全上の理由から会社側は終了した後もご遠慮いただくということで、恐縮ですがお願いいたしたいと存じます。
以上でございます。
委員長小栗委員大変残念ですが、できたっていうことで喜びを喜び利用できるようになりましたっていうことで連絡があったんで、よかったなと思ってたんですけどどういう認識の違いって感じなんですけど、ぜひできるようにしていただきたいなということを改めて要求したいと思います。
次に3の全国学力各種テスト等4の学習力サポートテストの関連でお伺いしたいと思います。
これまでも何度か指摘をさせていただいてますけれどもこの全国学力テストは、2013年に一旦中止されていたのが2013年に復活して今全国で一斉にテストをやるということになっていますけれども全国的な傾向を見るのであれば、しっかり調査ではなくて抽出で十分だという考え方もあって、再開するときからもそういうお話ずっとあったと思うんですけれども、そういう点でどうしてもしっかり当社ではなくちゃいけないんだというふうな思いがあるのかどうか。
教育委員会の見解をお伺いしたいというふうに思います。
テスト自体は単に点数を行い、何点だったかというようなことだけじゃなくていろんな読み解く力とか、そういうものもどれだけ身に付いてるか見る見るんだというようなこととか、事業改善をするための指標になる、そういうものになるのだということも今までのやり取りでもお話ありましたけれども、実際この毎年毎年やってることで、事業の改善に繋がっているというそういう実績が積み上がっているのかという点の評価についてお伺いしたいと思います。
院長指導室長紫藤市長はい。
学力テストについてのご質問にお答えいたします。
まず全国学力学習状況調査が再再度しっかりとして行われていることにつきまして、全国的にですね児童生徒の学習状況を把握分析し、その結果を検証してその改善を図るとともに各学校における児童生徒の教育指導の充実、学習状況の改善に役立てるというような趣旨目的で、全国的に行われているものと認識しておりまして中央区としてもこれに倣って、しっかりと子供たちの学力それから各学校の授業力の改善ということで努めているところでございます。
事業改善につきましてはですねやはりこういった学力調査の結果を受けまして非常に成果が上がってきていると認識しております。
例えばですねやはり学齢が上がっていくと、どちらかっていうと今までですね一昔前はあの一方的な講義中心の、あの先生がずっと喋ってるというような事業が多く行われる傾向がございましたけれどもそういったことはほとんどなくてですね、中学校の5学年3年生とか2年生とか受験を控えるような子供たちの事業であってもですね、しっかりと子供たちが自分たちの考えで話し合ってそれも男女入り乱れてですね。
しっかり話し合って自分の考えを発表する。
まずそれに対して応答するというようなそういった事業が行われておりましてそういったところもですねやはり思考力判断力表現力が弱いというようなところの結果を受けての成果かなというふうに考えております。
以上でございます。
委員長奥梨衣この全国一斉著学力テストについては、全国知事会でも都道府県の都道府県別に公表するのにことに意味があるのかというような声も相次いでやめるべきではないかという声も上がってます。
それでそういういろんなテイストのテストのというかその結果をいろいろ評価して、事業の改善に繋げていくということは大切ですけれども、わざわざこの全国学力テストを使って、そして詳細な質問票の調査もやって、子供の内心のことについてもいろいろ問い合わせをする、そういうようなこともやるっていうことは子供にとって大変ストレスではないかということも考えます。
そういうことで都道府県ごとに平均点の競争をを引き起こすような、このやり方っていうのは大変問題ではないかというふうに思います。
その点でそういうことは問題がないのかどうかという点についてもう一度ご答弁をいただきたいというふうに思います。
次に学力サポートテストは、小学校4年生から中学3年生まで毎年行うということで、それによって1人1人の学習力が学年でどういうふうに積み上がっていったのかということが、わかる、そういうテストなのかという点について、確認をひさしていただき、いただきたいと思うんですけれどもこれまでのご答弁ですと、そういうふうに1人1人状況を積み上げて見ていくそういうふうにはなかなかなっていないという話も過去の答弁でいただいたことあるんですけれども、この学習力サポートテストっていうこと自体も、子供たちの学習力を高めるのに約本当に役立っているのかという点についての評価についてお伺いしたいと思います。
お願いしま委員長指導室長紫藤市長はいまず学力学習状況調査前全国的に行われてる文部科学省主催の所管のものでございますけれども、都道府県別のですね結果を出す有無につきましては、先ほど申し上げたようにその文部科学省の方の実施主体の方で判断していることですのでこれについてちょっと中央区としてというところは、特に差し控えていただけたらなと思いますただあの都道府県別の結果が出ることで、例えば近年ですね秋田県とか、ああいうようなところで大変学力が高いというようなところを見に行ったところで秋田の教育ってどんなことやってるのかとか、どんなところが東京と違う本区と違うのかというようなところを比較して事業改善に繋げるというような取り組みをさせていただいているところでございます。
続いて学習力サポートテストでございますけれども、委員おっしゃるようにですね、これ小学4年生から中学3年生までを行いますので、特に小学校の中で中学校の中におきまして、2年間3年間の学力の推移というようなものが見やすくなっております。
資料の方では、最高学年の6年生と中学3年生の過去2年間の推移を見せていただきさせて示させていただいておりますけれども、各各々ですね、子供たちの様子についても同じように見ることができますのでここ最近頑張ってきてるねとか、そういったような励ましも含めてですね、子供たちの学力をしっかりサポートをさせていただいているというところでございます。
以上でございます。
委員長奥梨衣この他学習力サポートテストも正答率がこういうふうに変化してますよということで、とかいろいろ資料も停止お示しいただいてますけれども、これは全体の学校ごととか、学年ごととか、そういう中での分析になって、1人1人の状況については、どうなのかっていうのを1人1人細かくなんていうか分析して、一緒にどういうふうにしていこうかっていうことを考える、そういうふうなやり方で活用されているのかという点について回答をちょっと確認をさせていただきたいと思います。
委員長室長指導室長学習力サポートテストにおける表の活用対推移についてですね、ということで、表の方というようなところについてはもう一度調べてみたいなというふうに思いますが、いずれにしろですね各年度ごとにお渡ししている資料や学校の方にも資料がございますので、そういったものを見比べていくことで、そ1人1人のですね児童生徒の頑張りだったりとかいうようなところが推移として見れるそういったスキームになってございます。
以上でございます。
院長億B報告のまとめとしても、例えば小学校4年生の対話話し合いが全国平均より2.1ポイント下回ったということで、話し合い活動の経験が少ないことが考えられるというような評価もありますけれども、これも小学校の4年生のポイントが少なかったということで、どの学年なのかどのクラスなのかとか、そういうことは一つ一つ見て、特徴出してるわけじゃないと思うんですよね。
そういう意味では、何て言うんすかね全体を多かった少なかったっていうことでこういうことが考えられるっていうそういう評価にはなると思いますけれどもそれが実際の子供たちの状況なのかどうかというのがこのテストでわかるのかって言ったら、あの系本当に傾向だけで、そのクラスやその確認がどうなのかっていうことにはなかなかわからない。
そういうものになっているのではないかというふうに考えます。
そういうことでこういうがテストを送り返すことで、逆に点数を競い合ったり、生活態度まで評価されるようなそういうドレスを生むようなやり方っていうのは私は問題があるのではないかと思います。
その点だけ指摘して終わります。
ありがとうございました。
副院長は席へお戻りください。
議題1、区民生活および教育行政の調査について、質疑のある方は挙手を願います",2025/11/11, 区民文教
小坂委員,"はい。
では数点お願いします。
まず議員全議員配付ありました1月6日に配布いただきましたが、晴海西小中学校への汚水逆流の事故に関してです。
これねわ私も調査しましたが、これはこんなミスをしていいのかというふうな工事現場側下水道側の二つ水が二つ重なっての学校が何も悪くない学校が迷惑をこうむったという話であります。
そのような文字事故はいつ起こるかもわからないので機器管理体制という観点から質問させていただきます。
まず、事故に関してクマどのように業者から報告を受けているのかどうかということに関して教えてください。
敵単に言葉でこういう事故がありましたとか。
いうのではよろしくなくて、きちんと書面で最終的な報告をいただくような形で形を残していかなければならないと思うので、このような聞き方をしております。
これが一点目です。
二つ目は、私も現場の先生方とお話を伺いしましたけれども、お水が逆流してしまったということで、水曜日はちょっとした事故だったんだけれど、土曜日は多量にお水が逆流してしまったということでトイレや武道場やプールなどが汚染されてしまったというようなことであり、学校の現場の先生方が土日休みもなく対応されたというところでありますが、もちろん区の方も一緒に対応されたというふうにお伺いをしているところでありますが、先生方のご負担が極力ないような対応がその事故の最中でなされたかどうか、また今後の対応においては、もう現場の先生はいいですよと、空間教育委員会がしっかり前面に立って全てやりますというような体制ができているかどうかをできていると思うんだけれども、念のための確認です。
三つ目が、普及に関して、ご報告にも、武道場の方は11月17日に始まるということでありますが、この辺りの復旧に関しての早急にやれる体制がなされているかどうかと費用負担はもちろん全額向こう持ちだというところも、これは念のための確認ということでお願いします。
これ一点目です。
2点目は、これはもう委員会報告があってもしかるべきという素晴らしい取り組みがなされておりますので、ぜひ委員会保守報告が欲しかった話ではありますが、東京湾大華火祭これが港区さんと共催できたということであります。
大変喜ばしい話であります。
今後は、簡単に港区さんと一緒に作っていくということでありますが、その協定書の中には、今後細かいことはまたその下の要綱等で決めていくというような感じでしょうか？ありますが、どのようなポイントに気をつけながらこの港区さんと一緒にうまくやっていくかというあたりの気をつけるポイントなど教えていただければと思います。
また、ここに関しましては、せっかく80分港区さんも一緒に80周年を祝いたいというところでの共催になっています。
同じ誕生日のやっぱり江東区さんも共催という形で湾岸が力を合わせて、開催できるというのが、すごく綺麗な形になりますので、今後やっぱり災害に対しても防災に対しても、またまち作りに対しても、力を合わせてはならないパンがエリアですから江東区との連携、共済っていうのは非常に重要だと思うんですけれども、この辺りの高等部との取り組みの現状を教えていただければと思いこれが2点目です。
3点目は、これは企画総務で大変踏み込んだ対応報告ありました。
カスタマーハラスメント対策ということでありますがこれに関してはやはり学校の先生方もカスタマーハラスメントの部分でご努力されているというのは聞きするところであり、この機にせっかく企画総務で、一方で、区の職員を守るというふうなところの話が出たので、念のために学校の先生方へのカスタマーハラスメント対策が現状がどのようにしていくところにあるのかっていうあたりのことと、またもし、中央区の教職員の皆様がどれぐらい受けているのかというと%企画総務で市の職員は23%でしたっけということでしたが、そのような調査があれば、それもあわせて教えてください。
この3点をお願いします。",2025/11/11, 区民文教
院長か副施設課長,,2025/11/11, 区民文教
学校政策課長,"はい。
私の方から春優美市西小学校中学校の際雨水の逆についてお話させていただきます。
阿野委員からも三つ話受けてたと思うんですけどまず一つ目なんですがどのような形で報告を受けたのかというところでありましてこれ今委員おっしゃってる通り、2人会あったんですね。
ただその2回あったごとにこの書面で報告を受けているところです。
やはりルールとしてもあってはならないミスかなと思っているんですけれども、東京都施工業者とともにですね、真摯に向き合っていってもらっております。
今後につきましてはこれ専属これ東京都の方でなんですけれども、専属の作業員がですね24時間体制での監視をしておりますので今後はこのようなミスはこのような事故は薄めと思っております。
二つ目なんですがこの先生方の負担がないようにっていうところなんですけれども、これはまた委員おっしゃった通り土曜日、事故のあった日にはですね、あの先生もいらっしゃいましたし、あと今ですねやはり武道場だとかプールが使えないところで、そのタイプのところでですね例えば授業時間ですとか場所の調整というところでは、副校長先生を初めとして学校の先生には多少負担をいただく負担はもうしてしまってるのかなと考えておりますけれどもこちらにつきましては(漆川が中心となりまして今後の道筋っていうのを立てているところです。
そういったところもありまして三つ目の方に移っていくんですけれども例えば11月17日に同調査結果を目指しておりますし、あのプールの方もですね、これ学校施設課の委託の中でなんですけれども本来年末でやる作業だったものをもっと早めることができないかっていうところでは、かなり学校施設の職員にやってもらっているところでございます。
再開9名では立ちそうではあるんですけども、またその辺は改めてお話できればなと考えているところです。
ですねまた補償というところはですね、まずこれ学校通常の教育活動を普及を目的にやっておりますので保障というところもですねもちろん東京都の方には話をしていく必要があるかと思っておりますし、中央区でですね、直接的なところですか、間接的な負担というのを発生しておりますのでその辺どこまで話し合いができるのかっていうところもですね、私達学校施設課が中心となってやっていきたいと思っております。
私の方からは以上です。",2025/11/11, 区民文教
地域振興課長,"はい。
東京大花火祭毒気港区との共催についてでございます11月5日の日にですね、本部のOK施行80周年記念事業として実施します東京湾大華火祭に、続きまして開催共済に関する協定の締結が計11月5日ですね、することができたところでございます。
これまでKときわ台花火祭につきましては、まず費用でありますとか、海上交通規制というところ様々な課題があるということで、ご説明させていただいたところでございますがそれに当たって、近隣区とのOK協力関係調整というところをですね、もうこれ本当に4年近くずっとですね重ねてきたところを今回そういった中で、港区側も受け、区議会等のお話と調整様々な調整の上でお申し出をいただいたところでございます。
進むにあたってというところ気をつけるといったところでございますけども、まず両区ともに来年度が区制施行80周年記念事業といったところ失礼しました。
済々黌80周年を迎えるタイミングが一緒だということです。
それぞれですね区の中の考えというものがありますので、記念事業として、チェック施行80周年記念事業として一緒に何かセレモニー的な行うかっていったところは別の部分なんですけども一つほどタイミングとしては、きっかけ同じ思いの中で進めていきたいというところでございますそういった中で基本的にはあまり区同士でですね共催的にイベントをするっていうところは非常に稀なケースかなというふうにも思ってございますので、まずお互いの信頼関係をしっかり構築をしてですね同じ目的を持って進めていくといったところ。
また区中央区だけで決められない部分というのはこれは今後ですね港区とともに決めていくという部分でると思いますので基本的には軽先ほど申し上げました平関係を持った親族にのっとってですねお互い誠実な方進め方をするというのがまず系態度といいますか、気持ちの部分で必要な部分かと思ってございます。
また実務的な部分につきましては、やはりお互い認識齟齬がないようにですね一つ一つ数字の部分でもそうですけども、気をつけて進めていくといったところが肝要かというふうに思ってございます。
また江東区との協力といったところでございますけども、経営江東区ともですねK港区と同じように何か協力関係の構築ができないかというところは、これもOKな額ですね協議を重ねているところでございますが、孤独の方はですね基本的な考え方のまず、興味があるのか。
蛍光灯花火大会というK国のOK等のですね花火大会をお持ちだということで、なかなか花火大会を二つチェックとして行うというのは、難しいといったところはこれは以前からお考えのところは表明されているところでございますしかしながら、臨海部東京港を望む慶州変更として、例えば会場の面といったところそういったところでご協力いただけないかというところはこれ実務的に引き続きです今も協議しているところでございますのでどういった形でご参画いただけるかどうかっていうところがまだ答えとしては表明できる段階ではございませんけども、続きですね。
子供含めてケーキに行くとですね調整ということで鼻水をしっかりできるようにですね、調整を進めていただけいく考えでございます。
以上でございます。
いや",2025/11/11, 区民文教
委員長庶務課長庶務課長,"はい学校におけるカスタマーハラスメント対策についてでございます。
今般区の方でも基本方針を定められたというところですけども、こちらの基本方針の対象職員には学校の教職員も含まれておりますので、映画、区立の学校におけるカスタマーハラスメントの防止の対策、対応については、区の基本方針に沿って対応していくものと認識しているところでございます。
また区の基本方針策定する前に、東京都の方では条例がこの4月に施行されております。
東京都の方ではまた教育委員会におきまして、先般報道でもありましたけども、ガイドラインの骨子案を今策定していて、それを有識者で揉んだ上でですね来年4月以降運用を開始するというようなことで聞いているところでございますので、東京都のそういったガイドラインの中身のですね、注視しながら区の学校現場で必要な対応があるのであれば、それについては対応していきたいというふうに思っているところでございます。
それから区の方のアンケート調査では24%の方が傘が体験があるというようなお話でしたけども遠くの区立の小・中学校の教員に対して直接的に個別にちょっとアンケートとってないですけども、東京都の方でこの4月にですね、都立都内の国公立公立学校ですね。
全教職員8万人に対してアンケート調査した結果が出ておりまして、その中では、過去5年間に行き過ぎた言動や行動といったものを受けたことがあると教師教職員のは割合が23%、8万人調査に対して回答は1万1000人程度でしたけども、その中で23%ということで数字が出てますので、悪の所、教職員勤務されてる所教職員においても、その程度の数値はいるんではないかというふうに考えているところでございます。
以上でございます",2025/11/11, 区民文教
大坂委員,"はいそれぞれに丁寧なご答弁ありがとうございます晴海西小中学校のところで起きた事故に関しては、木も本当にやってくださっているということでお話を伺いしてきて、そう思っております。
そのことをここでも改めて確認させていただいたまでの質問でした引き続きよろしくお願い申し上げます。
東京は花火祭に関しましては、非常に大きなイベントであり、ぜひ湾岸エリアの連携も進むような取り組み、また何度も私ども行っておりますが、これやはり開かれた運営か形がより必要なんではないかと思いますし、課題が多いと思うんです。
費用分担をどうするか、安全面の管理をどうするのか。
また、中止ということもあるかもしれないそのときにどのように負担していくのか、また、自己評価をどうするのかとか、いろいろ課題もありますのでそのあたりも含めて、詰めていっていただければと思うところであります。
また、カスタマーハラスメントに関しては、この場合、三者関係といいますか、私は気になるんですけれども、親と先生方だけど、子供が置き去りになってんですよね。
ですので、その子供がどうなのかというところの視点も入れながらのカスタマーハラスメント対応をしていただければと思います。
もう時間もわずかなので一つだけお伺いさせていただきます。
視察の成果で、石川県の歴史博物館に行ってですね、すごい冊子をもらいました。
石川県の歴史が手に取るようにわかるというような冊子いただいたんです。
そこからすると、80周年をやる中央区としても、何かこの機にですね、地域の魅力発掘もされているし、それらもあわせたこのような冊子も作っていくというのが良いのではないかと思うんですけれども、この8周に向けて、歴史文化のまとめ的なものをどんなふうに整理されていくかという、何か相手の考え方があれば教えてください。
委員長教育委員会事務局次長教育委員会事務局次長はい。
80周年のに関してのはですね今企画部ですとか総務部の方で中心となってシティプロモーションの関係でアーカイブ映像ですとか、そういったこと等について今検討というか。
進めているところでございましてその中で教育委員会の方としてもどのような取り組みをしていくかというところを併せて検討しているところでございます。
以上でございます。",2025/11/11, 区民文教
高坂委員,"はいこの学びの中で得たこのような冊子にしていくということも大切と思いますし、うまくシティプロモーションのここにおられないシティプロモーションのところともうまく連携しながら、80周年を盛り上げていっていただければと思います。
また併せて、中央区の文化歴史図鑑とかいうものの冊子も、あの後、もう一度更新するなどというふうなこともありかなと思いますのでそのあたりも含めてお願い申し上げます。
またこれは質問したかったんですができませんが文化財レスキューということを、石川県で一生懸命取り組まれておりましたので、文化財をどのように災害時に保護するかというような取り組みを学んできたところでありますこのあたりも引き続きよろしくお願い申し上げます質問を終わります。
ただいま委員会の途中ではございますがここで暫時休憩をとります。
委員会再開時間を3時10分といたします。
よろしくお願いいたします。
休憩前に引き続き委員会を再開いたします。
質問のある方は挙手を願います。
永井委員引き続きよろしくお願いいたします。
議題からは、まず、理事者報告の資料5、令和7年度区立小中学校児童生徒体力等調査の結果を区民スポーツの日の実施結果と関連させて質問し、その後東京湾大華火祭について伺ってまいります。
資料を拝見をすると、校区の児童生徒の体力状況については、小学校中学校とともに、50m走などの走力は全国や東京都と比較しても概ね高い結果となっております。
一方で、持久走については、小学校の段階でも課題が見られ、中学校では男女ともに持久力の低下がより顕著であることが示されています。
こうした調査結果は、子供たちが走ることと日々どのように向き合っているのかを考える上で、区民スポーツの日でのマラソン大会の所属と重ねて捉えていきたいと思います。
区民スポーツの日は記録を競う場であるだけではなく年齢や体力に応じて自分のペースで最後までやりきる。
経験に出会える貴重な機会です。
まさに持久走の学びが学校側から地域の方へと繋がる瞬間であると思う。
そこでお伺いいたします。
まず本区として、この小学校から中学校へ磁力持久力の変化についてどのように分析されているのかお聞かせください。
先日ご報告いただきました第37回区民スポーツの日におけるマラソン大会について、特に小学生と中学生で参加の傾向に違いが見られるのでしょうか？それぞれの参加者数や参加の傾向を把握されている範囲で構いませんので、お聞かせください。
お願いいたします。
委員長指導室長指導室長まず小学生から中学生に移行する際のですね持久力の犬についてでございます。
一般的なものとしてですね小学生から中学生に成長するについてやはり運動機会の二極化というものが進む。
参りますこれは全国的な傾向でありまた子供の発達段階からしても、いわゆる健全な傾向というふうにも捉えられるところがございます。
そういった中でですねやはり持久力につきましても外で遊ぶ機会がを好むような生徒がスクール数が少なくなっていったりとかですね。
中学生でありますと部活動を選ぶときにそういった持久力がつくような運動部活動を選ぶ子もいれば、一方でやはり文化部というか読書だったりとか、音楽だったりとかっていうようなところ、あの好む生徒もおりますのでそういった意味で、持久力をも含めた体力ということにつきましては二極化することにより、やはり小学生よりも中学生の体力が若干落ち気味になるというようなところはございますそのような認識でございます。
私からは以上です。
委員長スポーツ課長スポーツ課長私からは区民スポーツの日のマラソン大会における小中学校のあの児童生徒さんのですね、参加状況それから傾向のようなものがあるかというようなご質問でございます。
明スポーツの日のマラソン大会につきましては大人と小・中学生ファミリーの部というようなところで、12種目ございますけども、その中で小学生につきましては1年生の男女34年生の男女56年生の男女ということで、永続種目ということになっております。
こちらは事前にですね学校さんにお願いしまして、募集要項を配布させていただいて、個別にインターネットで申し込んでいただくということになっておりまして、参加の状況でございますけども、いずれも200人、各種目ともですね、定員のところ、小1年生については204名ということでお申し込みがございました。
こちらほぼ倍ということですね。
抽選を経まして、当日160名の方が参加していただいたという形になっております。
それから三、四年生については200名定員のところ315名というところで1.58倍というところで、当日184名という方が参加していただいてるということです。
それから五、六年生につきましても200名のところ、こちら定員が割れまして171名約0.85倍というところで、当時134名の方が参加していただいてるととなっておりまして、この傾向はコロナ以降、4回に渡ってですね私ちょっと見てみましたけども同じような傾向になっておりまして、高学年になっていくとやはり学業等で忙しいのかなというような詳細な分析をしておりませんので、試験のような形で恐縮ですが、そのようなことが見てとれるかなと存じますそれから中学生に関しましては、こちら中学生以上5キロノブという形で大人の方もですね一緒に走られるということで、2609名の申し込みのうち.200名こちらね、参加が申し込みが22名ということで当日参加16名ということで申し込みでいうと269の分の22ということで8.2%ということでちょっと少なくなっているというところですけども、こちらの参加してる方はちょっと個別に様子見させていただくと、小学校のときにですねやっぱり上位入賞等を果たしていらっしゃった方ということで腕に覚えありという主生徒さんが引き続き参加しているのかなというところが見てとれます以上で私からは以上でございます。
ながいい。
それぞれ成長団体による健全な変化の中で運動機会の差が影響していることまた、参加の傾向を確認をいたしました。
持久走は速さだけではなく、自分のペースをつかみ、苦しさと向き合いながら続けてみるという。
学びとしての手応えが育まれる場でもあると考えています。
そしてその手応えは学校の授業だけではなく地域の実業である区民スポーツの日のマラソン大会のような教室の外での経験によってより確かなものになっていくと感じていますそこでお伺いいたします。
持久走は苦手と感じる子供が自分なりのペースで続けてみようと思えるような少しずつの達成感を積み重ねる指導や走り方に寄り添う支援について、本区ではどのようにお取り組みされているのでしょうか？小学校から中学校へと続く体力作りの連続性や走ることを嫌いにしないための工夫についてもお聞かせください。
お願いいたします。
委員長指導室長紫藤市長はい自給する力を高める持久走の取り組みについてお答えいたします。
やはりあの持久走は自分の記録と向き合ったりとか、あとは過去の自分を超えるというようなことで、1人1人の目当てを達成していくことを励みとして行っているところが多くございます。
例えばですね、マラソン週間など2週間ぐらいですね各学校で定めて体育の授業以外にですね、休み時間などを通して自分が走った工程の周回数をカードに塗っていきそれが去年よりも上回ったとか。
またそう。
黄色ナンバーkmぐらい走ったことになるとかいうようなことをもって20キロ行ってみようとかっていうような40キロ行ってみようとかいうような目当てを持って挑戦していくっていうようなことで、自分のあのペースでまた自分の目当てを達成していく喜びを育んでいくような教育活動を行っております。
こういったことは主に小学校でよく行われていることでございますけれども、中学校に行ってもですね、スクールスポーツで持久走を行っている学校もございますしまたUltimateを取り入れている学校が1個ございまして、このUltimateにつきましてはUltimateクリスマスカップというですね、生徒会主催のイベントを発足発案しておりまして、楽しみながら持久力を体力を向上するというような取り組みも行っている学校もございます以上でございます。
だがいい。
いたしました。
ありがとうございます。
持久走は結果としてのタイムよりも苦しいけれどもう一歩だけ続けてみる。
今日のジム今日は自分のリズムが少しつかめたといった小さな実感の積み重ねが育つ場だと受け止めております。
その小さな手応えは学習にも、友達との関わり合いにも、次の挑戦に向かう気持ちにも繋がっていくものであると思っております。
先ほどのご答弁の中で、学校内でもマラソン習慣として持久走を積極的に行う期間を設けていただいているとのことですが、学校の外でも地域と一緒に体を動かす機会の区民スポーツの日のマラソン大会のようなこういった機会を続けてみる経験をより豊かなものに私こうした機会はこうした国益失礼いたしました。
学校の外でも、先ほどの区民スポーツの日のマラソン大会のように地域と一緒に体を動かす機会は持久走の続けて見る経験をより豊かにするものと感じております今後も学校と地域が連続した環境として走ることが嫌いにしない取り組みが丁寧に取り組まれていくことを期待をしております次に東京湾大華火祭についてお尋ねいたします。
11月5日に港区さんと共催での開催に向けて協定が締結されたことが背景いたしました。
まずはこの準備に当たってご尽力をいただいている関係部署の皆様に改めて感謝を申し上げます。
今回の協定は共催に向けた基本的な枠組みを定めるものであり、力が連携し、魅力をひ魅力を広く発信していくことを目的としつつ、具体的な役割分担や費用分担の詳細については今後協議していくものとされております。
全委員からも質問がありましたので、私からは1点だけお伺いいたします。
本区として費用負担や運営面での役割分担を検討していく際の基本的な考え方について現時点でお示しいただける範囲で構いませんので、お聞かせください。
お願いいたします",2025/11/11, 区民文教
町地域振興課長,,2025/11/11, 区民文教
地域振興課長,"。
はい。
東京大華火祭におけます港区との共催を進めていくにあたっての基本的な考え方の部分でございます。
特に役割分担でございますが、協定書にもですね経営明示させていただきました。
まず徳大花火祭につきましては27回以下数える大会として、中央区で19歳でございますけども主催していただけた尾西でございますそうしたことから基本的に運営のノウハウ、影響力、有しております経営本部の方で業務全般といったところのすすめを経営していく考えでございます。
そういった中で経営今般ですね経営協定を結んだことにより、港区へのその業務を進める上での結果と言えば、地元のですね、ご協力を得る際にそういったところとの連携、そういった部分細かい部分のですね、ご協力を仰ぐというところが、まず役割分担の大きなところでございますもう一点の経費の負担に関する事項でございますけども、委員からお話ありました通り、これについてはですね経営今後の協議の上部分でございます。
協議に当たってはまず大きな部分これのですね今現在進めているのが会場計画でありますとか、警備計画の策定それに付随します系交通規制周りのですね関係機関との協議を今進めているところでございます。
そうしたところが減量していきますと、代替資産としての開催経費のところが大きく見えてまいりますので、そうした中で経費の負担というところのOK協議を進めていきたいというふうに考えてございます。
大きな考え方の部分でまだ詳細に決まっていない部分ございますけども、まず一つの考え方としましては、共済という主催のですね、ともに進める関係性でありますので、費用の負担というわけそういったところを念頭に置きながら協議を進めていきたいというふうに考えてございます。
以上でございます。
永井委員ありがとうございます。
費用は役割分担今後の協議を踏まえて整理が進んでいくことを理解いたしました。
本区としても、地域地域の皆様の生活動線や安全な受け入れ体制が十分に確保されることが大会の成功にとっても最も欠かせない視点であると考えております今後も今後も検討状況を共有いただきながら、地域の皆様にとっても安心して参加できる大会となるよう、引き続きお取り組みを進めていただければと思います。
このことに関しましては、今後も注視してまいりたいと思いますのでよろしくお願いいたします私からの質問は以上です。
ありがとうございました。
次の質問者の発言を願います",2025/11/11, 区民文教
山本委員,"はいよろしくお願いいたします。
私からは区立学校におけるデフリンピック観戦についてと、あと中学校連合陸上大会について少しお伺いして参りたいと思います。
まず区立学校におけるデフリンピック観戦についてです。
11月の15日土曜日から26日水曜日まで東京2025デフリンピックが開催されます。
東京で初めての開催であり、100周年の記念すべき大会とのことです。
耳の聞こえない、あるいは聞こえにくいアスリートのためのスポーツの祭典です。
全21回21競技、そして19回所で行われます。
11月1日の区のお知らせ、中央においても特集がなされておりました。
卓球の日本代表選手として出場する中央区出身の名田美智選手を紹介し、応援しております。
このデフリンピックは事前申し込みをすることなく、誰でも無料で観戦することができます。
開会式や閉会式を除いてということなんですけれども競技の観戦は無料で自由に観戦することができるということです。
区立学校の中には校外学習、校外授業として観戦に行く学校もあると聞いております。
そこで教育委員会は、今現在中央区立学校、小学校中学校のデフリンピック感染について何個ぐらいが観戦に行くのかなど把握しているのかどうか把握しているのであれば教えていただければと思います。
また、各学校の方針や校長の考え方に委ねられることなんですけれども、教育委員会として、どのように捉え、デフリンピック感染をですねどのように捉え評価しているのかについてもお聞かせください。
併せて、中学校連合陸上大会についてもお聞きしてまいりたいと思います。
教育委員会の広報紙輝きな192号ですねNo.192号にも特集が組まれておりましたが76回目となる連合陸上大会が開催されたとのことです。
9月の12日金曜日に江戸川区の陸上競技場で開催されております。
翌日9月13日の土曜日から世界陸上が開催されるため、昨年のように国立競技場での実施はできなかったとのことです。
今後のこの開催場所についてのお考えなんですけれども従来通り江戸川区の陸上競技場で行っていくのか、それとも国立競技場で行っていくのか、その辺についてちょっと確認をさせてください。
またこの9月12日の前日ですね9月11日の木曜日は、間南部を中心に、ものすごい激しい雷雨がございました記録的な大雨だったと記憶しております。
当日もお天気が不安定だったと思いますけれども、大会当日の状況、また生徒たちの状況などについてもお聞かせいただければと思います。
院長",2025/11/11, 区民文教
指導室長,,2025/11/11, 区民文教
指導部長,"はい。
私からはですねデフリンピックについてお答えさせていただきたいと思います。
デフリンピックへの感染、参加校でございますが小学校が45中学校が1校計6校がですね、本区の公立学校としても参加をしております。
種目はSE卓球バスケットボール陸上バレーボール、マラソンなどなど多岐にわたっておりまして、会場もそれぞれでございます。
こちらの区の捉え方評価考え方でございますけれどもやはりこういった大変貴重な教育資源の機会を捉えて、子供たちに直接的な体験を行うというのは非常に価値があることだというふうに考えております。
またこういった教育機会をですね、その場限りにの指定はするだけではなくてですね。
やはりその教育課程の中にきちんと位置づけて行っていくことがやはり子供たちの資質能力を伸ばすことに繋がるんじゃないかなというふうに考えるところでございます。
具体的にはですね総合的な学習の時間の探求課題福祉などをうまく活用していきながら、探究的な学習の流れの中で、こういった貴重な体験を行って行っていくということがより好ましいかなというふうに考えております。
そういった中ではですね例えばデフリンピックのマラソンランナーを事前にお招きしてお話を伺った上で応援に行くというような学校があったりとかですね。
またあえて耳が聞こえないようにしてですね、バレーボールを経験してみてから、このデフリンピックのバレーボールを観戦するといったようなそういった学習を行っているというようなところが、あの事例として挙がっているところでございます私からは以上でございます",2025/11/11, 区民文教
学務課長学務課長,"はい。
私からは中学校の連合陸上競技大会についてお答えをいたします。
まず会場に関してでございます令和6年度はご紹介いただきましたように、東京2020大会の会場として選手たちが活躍した場所ということで、国立競技場での開催をいたしました。
今年度は時期的なところでなかなかよく難しかったというところもございまして、あの例年通りの移動が区のあの競技場で実施しました。
会場規模、国立よりも小規模ではありますがただ本格的な陸上競技場での開催というところで、やはり生徒たちが日頃の練習の成果を出そうということで、頑張って取り組んでる姿また応援も盛り上がるというところで良い大会であったというところでございます。
やはり令和6年度のその国立競技場での実施というところはやはり非常に貴重な、あの経験に繋がったというところございますそうした会場でたくさんの選手たちが活躍した会場での競技を行うということは本当に貴重な機会となって大変好評であったというふうに認識しておりますので、そういったところも踏まえまして学校とも意見交換しながら会場検討してまいりたいと考えているところでございます。
続きまして、今年度の競技大会の状況でございます。
前日の雨というところと、当日も朝から曇り空というところで、お昼ぐらいにはちょっと雨が強まってしまったというところがございます。
こちらは状況を見ながら、適時協議を継続するかどうかとかそういった判断を随時上を超えないながら運営をして結果として全種目実施することができて、工程としてもちょっと5分ぐらい遅れてしまったんですが、そういったところの中で実施したというところになります。
雷警報などもしっかりチェックをしながらですけれども結果としてあの雷もならずに途中の雨もちょっとやり過ごして、運転による怪我とか体調不良とかもなく。
本当に最後まで最後1000点で協議を終えることができたというところで、やはりそうですねしっかりと天気の状況などを大会の運営委員と、あと学校長などで随時共有しながら安全に運営できるように取り組んだというところでございます。
最初に申し申し上げましたように、今回も日頃の練習の成果というところをしっかりと出すことが子供たちが出すことができたあの大会になったというふうに考えております。
以上でございます",2025/11/11, 区民文教
山本委員,"はいそれぞれご答弁ありがとうございます。
まずデフリンピック感染についてです。
まず小学校17校のうち5校中学校は5校のうち1校小中学校合わせて全部で6校がデフリンピックの観戦に行かれたということではい承知いたしました。
本当にこの貴重なあの経験ができる土地であったのではないかなと感じております。
あの決算特別委員会でも、子供たちのスポーツ活動の機会の充実や、またスポーツ観戦機会の創出について質問をさせていただいているんですけれどもこのスポーツが子供たちの心身に与える効果勉強というのは非常に大きいなと感じております。
特にデフリンピックに関しては東京オリンピックパラリンピックとかあとまたちょっと違って障害への理解であったり、また多様性を認める心であったり努力の弟さなどあの本当に心を育てる、あの大切な学びの場であったのではないかなと感じております。
今後も引き続きですね、探究的な学習を通じて丹今その場限りで終わらせず今後も続けていただきたいと思います。
そして中学校の連合陸上大会についてです。
今後の開催場所については学校との意見交換しながら検討していくということで、まだ決まってないということで承知いたしました。
陸上大会当日においても安全に競技を得ることができたということで理解いたしました。
あの先ほど来、他医院からも、あの資料5小中学校の児童生徒の体力調査結果について質疑がなされております。
中学校においては男女や、また学年を問わず、持久走やシャトルランが全国および東京都平均値を下回る結果が出ております。
これは小学校から中学校に上がる過程成長の過程で、二極化する持久力に関しては二極化するということで理解いたしました。
6ページに持久力の向上として、今後の取り組みとして、授業以外の活動を日常的に体を動かす取り組みを取り入れるって書いてあるんですけれども、これは区民スポーツの日であったり、Myschoolスポーツであったり、またある低迷とですかねこういうを指すのかこの辺についても確認をさせてください。
またこの陸上大会は各学校100名ずつが今参加しているかと思うんですけれどもこの参加の希望状況について確認をさせてください。
100名ずつというのは、100名ずつなんですけれども、参加希望が少ない状況なのかそれとも多くて、もっと本当は走り競技に参加したい子が多いのか。
その辺について現状を確認をさせてください",2025/11/11, 区民文教
委員聴取と市町指導室長,"はいでは体力調査における体力向上の取り組みにおいて対口事業以外のお取り組みについて取り入れていくということにつきましてお答えさせていただきたいと思います。
これは休み時間とかですね、放課後の遊びの時間などに、子供たちが主体的に運動体を使って運動するようなそういった機会を設けたいということで、先ほども少しご説明いたしましたが、例えばマラソン週間を使ってみたりとかですねあとは自動化などを使ってドッジボール大会みたいなものを主催してみたりとかですねそういったものを指しておりますまた、本区においてはボルダリングの壁壁っていうんすかね器具を設置している学校も多くてですねそれを休み時間にですね子供たちが遊ぶことで握力を高めたりというようなそういった効果もございます。
基本的に学校の中での取り組みを指しているという認識でございます私からは以上です。
議長は文化庁医学部課長連合陸上競技大会の参加の状況についてでございます。
各校でのそのままの希望状況というところに関しましてはすいませんしっかりした形で発表はしていないんですが、ただ学校によって、代表といいますか参加者の選び方というのが異なるというふうには聞いておりまして、例えば希望制でやってるところもあれば、あと予選会のような形で選出をしているというところで、各校がそれぞれの状況ですとか、この大会の狙いというところに応じて対応対応しているというふうに認識しているところでございます。
以上でございます",2025/11/11, 区民文教
山本委員,"はいそれぞれご答弁ありがとうございます。
この前陸上大会の参加希望についてお聞きしたというのは、参加希望者が少ないのであればそれはそれでまたあの検討しなければいけないと思いますし、多ければ多いでより充実させていくことも検討できるのかなと考えております。
そうですね私としてはより多くの生徒が参加できるような充実をと考えているんですけれども、またあの大会というこの目的があることによって、積極的に運動に取り組めるのではないかと考えております。
陸上競技を通じ、中学生の体力向上運動能力の向上の他、健康の増進であったり、達成感や自信、協調性であったり、一体感など精神的、また肉体的社会的な効果が高いと考えておりますので、今後もですね、より多くの子供が参加したいと思えるようなあの競技大会にしていただきたいと思います。
以上で終わります。
次の質問者の発言を願います",2025/11/11, 区民文教
白須委員,"はい、よろしくお願いいたします。
令和7年度全国学力学習状況調査ですが、本区の中学校3年生の理科のCBTで実施されたCBTの結果なんですけどもCDとかやったらいいかの結果なんですけども本区はとうとう比べて若干下回ったということで若干下回っただけで気にしなくていいと思うんですけれども、今後来年に向けては分析をしっかり行っていただきたいと考えております。
そこでお伺いしたいのは、あのテストの内容ではなくて、タブレットの操作やICTへの習熟度が結果に影響した可能性はあるかどうか考えてお考えを伺いたいと思います。
また児童生徒、本区の児童生徒について、タブレットの使い方についてただ理解ができていないって後れを取っているなと感じている児童生徒は、要りますでしょうか？またサポート体制はどのようになっているかお聞かせいただけたらと思います。
委員長指導室長紫藤市長はい。
中学3年生に関しビーカーになって初めての試験とテストということで、こちらにつきましてはですね各学校のICT支援員がその時間、中学校の当該のところに詰めたりとかね、あの本区指導主事やDX係長なども各学校に行きまして様子を見させていただきました結果ですね。
タブレットの結果あまりこういう学習が振るわなかったというようなあの制度は見受けられていないということで把握しております。
またタブレットの習熟に関して苦手を感じているような児童生徒ということでございますけれども、こちらは本区で一つデジタルシチズンシップをですね、積極的に推進しているというような中で、もう本当子供たちICTタブレットの習熟は本当にもう目を見張るなんばかりの習熟が図られているところでございますそういった中でも苦手意識を持つような児童生徒がいないようにということで、ICT支援員をですねあの格好にITしてですね日頃の困り感であるとかそういったものに対応しているという状態でございます。
以上でございます。
しやすいはい答弁ありがとうございました初めてのCBTによる理解の結果はタブレットの影響はなかったと認識ということで理解いたしましてありがとうございます。
またタブレットの使い方本区におきましては児童生徒の皆さんが遅れをとってたり、苦手意識はあるか方もいらっしゃるかもしれませんがそれほど重大な課題を持っている方などは見られないということで理解いたしました。
また苦手意識は必ず持ってる方いらっしゃると思いますし、遅れてる方も中にはいらっしゃってそういう過程でお話してサポートするのもかなり大切だと思っております我が子もあのコンピュータとかタブレットがすごく苦手で、もう大っ嫌いとか本当に全く一番できないとかって騒いでた時期があったのでクリエイトって苦しんでる子がいたらかわいいかなと考えてあの質問させていただきました。
あのそういう方がもし見分けられたらしっかりとお声掛けいただけたらと思いますよろしくお願いいたします。
また試験の方式は今年度から理科がCBTになったということで、今後コンピュータ試験ですとかCBTも小学生だとか。
試験方式大学受験に対しても試験の会議方式っていうのは必ず変化していくものと考えております。
あの子供たちの成長に対して途中大切なのは柔軟性だと考えております。
柔軟性を持つ子供たちが様々な時代の変化に対応して、はい苦しまずに頑張って、自分の未来を見据えて柔軟性を持って成長していくことを今後も見守ってまいりたいと思いますので、今後もどうぞよろしくお願いいたします。
ありがとうございました。
副院長は、委員席へお移りください。
委員長奥梨衣それでは、議題について2点お伺いしたいと思います。
第1点目は、子供版防衛白書成果政府式には丸わかり。
日本の防衛初めての防衛白書というのが、全国で2400の小学校に6100冊つ配られたというような報道がありますけれども、中央区の学校には配布されているのか、それを確認させていただきたいと思います。
2点目は、築地市場跡地の米東部埋蔵文化財の調査についてです。
9月の委員会でこの問題で質疑した際に、今後は東京都教育委員会と都の埋蔵文化センターが中心になって本苦痛調査を行うという方向だというお話がありました。
もう本物調査は7月から始まってると思うんですけれども、必要に応じて、立会いも行うということだと思い、思いますけれども、現状はどうどう進めているのか。
区は、この教育委員会としてはどのように関わって進めているのか。
お伺いしたいと思います。
委員長太町紫藤市長まず子供は防衛白書についての配布についてでございます現在区内の小・中学校にこの文章を冊子については配布されていないということで認識をしております。
教育委員会を通して配布されるものについてはこちらの方で必ず目を通せるんですけれども直接配布された場合は各学校の判断となりますが、反対に困るようなものは指導室に問い合わせがありますので、文部科学省ですね、あの頭てないということも考慮して適切に指導していきたいというふうに思っております。
私からは以上です。
事務局次長、教育委員会事務局次長役割について築地市場跡の埋蔵文化財調査につきましては、今委員おっしゃいましたように、現在はどの教育委員会や埋蔵文化財センターが関与しておりまして、基本的に区の指導や関与はないというふうになっております。
必要があれば、立会い等に呼ばれるというふうに聞いておりますけれども、現在のところそのようなことはございません。
以上でございます。
院長送り委員子供版防衛白書については現在のところ確認していないということですがこれはこの防衛省が直接県の教育委員会、東京都だったら東京都だと思うんですけども、教育委員会に面談や通知を行って、小学校にいい。
冊子を配布したりしてましょう図書館で活用してくださいとか、福島では1個につき1冊ずつ。
配っていると長崎っては1本月10冊を直接送付したということが報道されています。
この内容を私も見ましたけれども、ウクライナがロシアに攻め込まれた理由は、防衛力が足りなかったっていうことを書いてあって抑止力が大切ですということが明記されていたり中国やロシアや北朝鮮の軍事活動に身に付いて記してあって日本が位置する地域は安全とは言えませんというようなことで脅威を持っているようなそういう内容になってます。
配られた現場では、こういういろんな国籍の子供たちもいる中で、こういう内容のものが子供たちを傷つけることになるんじゃないかというようなことで、活用をやめたり書いたりっていうことも実際に起きているというふうに聞いてます。
今のご答弁ですと学校の判断で配られているかもしれないということだったのでどういう事実長としてどうなっているのかということをぜひ把握していただいて、こういう内容のも問題のある内容のものは活用をしないという方向でぜひ指導していただきたいというふうに思いますけれどもご答弁をお願いしたいと思います。",2025/11/11, 区民文教
委員長指導室長,,2025/11/11, 区民文教
指導室長,"はいええ。
輸送物については各学校に直接配布されているものでございますのでなかなかこちらで把握するっていうことは正直難しいところがございます。
各学校のですね判断にはなるんですが、繰り返しになりますが判断に困るものについては副校長などからですね、指導室の方に連絡が狂うことが通例でございますので、そういった機会を捉えてですね、この辺についてしっかりと把握をしていきたいというふうに思っております。
以上でございます。
委員長小栗委員ぜひ白書を活用してそういう防衛省の言う直接のそういう防衛が必要だというような市長ばかりが流布されるようなことがないようにぜひご指導をお願いしたいというふうに次に世耕園の御関係の埋蔵文化財の調査ですけれども、現在は東京都教育委員会と都の埋蔵文化財センターが中心になっているということなんですけれどもこれまでのお仕事調査については私は報告書が東京都のホームページに載ってたので、東京都がやったのかなと思ったんですけど、これはあの中央区が指導して、この辺をほったらかほほる必要があるんじゃないかとかそういう指導もしながらやった試掘調査というふうに聞きました。
それでこれまでの中央区の指導のもとに進めてきた。
この試掘調査の中でいろいろなひずみとかが発見できたりとかしてるんですけれども。
この、この評価、これは大変重要なものだなというような評価については、どのように評価して今全体のポンコツの調査になっているのかという点で中国としてのこの旅行円のお米と物の評価をどのように考えているのか。
お示しいただきたいと思います。
委員長　教育委員会事務局次長、教育委員会事務局議長ですね基本的に役割につきましては東京都の指定文化財9隻に指定されておりますので、基本的に試掘の際には技術的な意見等を述べるということで中央区の教育委員会の方で調査に立会い指導等は行いましたけれども基本的にその試掘ですとかの調査の結果を踏まえて今後東京都が捕獲調査を行いましてその取り扱いについては東京都が検討対応すべきものというふうに考えてございます。
以上でございます。
委員長奥梨衣あの文化財保護法によると文化庁文化庁長官が、僕発掘を直接やるまでを除いて地方公共団体がやるというのが基本だということで、東京都の場合は、東京都の文化財保護条例というのがあり、これで都の指定の史跡9隻名勝天然記念物の現状変更またはその歩道に影響を及ぼす行為の許可によるものは地方、各区市町村がやるというふうに私は条例を見ると読めるんですけどもそういう組み立てになっていないのか、その点について確認をさせていただきたいと思います。
委員長教育委員会事務局次長、教育委員会事務局次長基本的に調査の実施主体は土地所有者であります東京都でございまして、基本的に東京都の指定の文化財ですので、日中央区教育委員会について教育委員会に特にそうですね試掘の際には調査に関する技術的な意見等を述べる立場にはありましたけれども今後の調査については特にこちらがいうような立場にはないというふうに聞いてございます。
以上でございます。
委員長小栗委員港区の高輪築堤は一部保存ということで今度公開されるということになってますけれども、それもあの土地の所有者はJRでJRが工事進めてるうちにそれが出てきて、どうしましょうということになって、ちょ港区にこういうものが出てきましたっていうことを報告して、文化財の調査をして重要なものだということになって国の指定も文化財の指定も取れて、保存の法人保存を行うことになったというふうに聞いてるんですけれども、この築地の場合は、土地を持ってるのは東京都ですけれどもそれで言うともう立場で言えば、JR高輪でいうJRと同じなので、本来きちんとやるのは中国の文化財中国の教育委員会ではないかというふうに考えるんですけれども中央区の築地の場合は東京都がやるということで、もう何て言うか、決まっているっていうことで、なっているのか再度確認をさせていただきたいということと、港区の場合は、審議会のようなものを作ってそこでどういうふうに保存すべきかとかそういうことを審議して決めたというふうに聞いてるんですけれども、そういう場は全然持たれないのかという点について再度確認をさせていただきたいと思います。
お願いします。
委員長教育委員会事務局次長、教育委員会事務局次長はい繰り返しになりますけれども基本的には東京都が検討すべきものでございまして区がそういったことに加わる立場ではないというふうに聞いてございます。
ただ月Gのまち作りのですね区として事業予定者に対しては歴史的な経緯や特色ある地域資源を有する築地においては、地元に配慮しながら事業を進めていくことを要望ということはしておりますけれども基本的には今後東京都が検討する中で、中国の方に何か例えば関与をお願いするというような必要があれば呼ばれるということはあると思いますけれども今のところそのような話は聞いてございません。
以上でございます。
委員長奥梨衣を、文化財保護法の枠組みでいうと、やはり現場のある自治体が責任を持って、そういう調査も指導していくというふうになっていると私は理解しておりますのでぜひそういった立場でこの問題にも中央区としても、ぜひ関わっていっていただきたいというふうに思います。
以前もこの問題で今、試掘調査なんかやっても何層にもね、なっていってなかなかどういうものがあるのかっていうのを調査するので大変だったっていう話伺ったことありますけれども、そういう調査を進めながら今確認をしている段階だと思いますけれども、そういうものをあの全体が明らかになるような公開も指定いただく方向でぜひ取り組んでいただきたいということを要望して終わります。
ありがとうございました。
副委員長は失礼しました。
小栗委員は副議長席へお戻りください。
議題1区民生活および教育行政の調査については、継続審査ということでよろしいでしょうか？続きまして議題2請願第6号入船湯存続を求める請願の審査について質疑のある方はございますでしょうか？継続審査ということでよろしいでしょうか？第4回区議会定例会における委員長報告の取り扱いについて正副委員長一任ということでよろしいでしょうか？はい。
さよう取り扱わさせていただきます以上をもちまして区民文教委員会を閉会といたします。
お疲れ様でした。
そっかあさん。",2025/11/11, 区民文教
区長議長,"、連名のもと、要望した。
歩行者動線など地域にとってよりわかりやすいイメージが持てるよう、この次の次回のまちづくり協議会でお示しする。
として会議の方を終えました。
そして9月の24日には同様に、銀座築地地区また30日には、かちどきと呼び晴海地区のそれぞれ合同まちづくり協議会を開催し、歩行者動線、車道動線のイメージとともに、3枚の具体的なイメージパースをお示ししご意見等をいただいたところでございます。
表の下段に記載の通り、当日の資料、議事要旨につきましては既に送付をさせていただいてございます。
資料の説明および私からの報告は以上です。
発言の時間制についてですが、発言の持ち時間制につきましては既にご承知の通りですのでよろしくお願いいたします。
ただいまの時刻は1時33分です。
自民党56分かがやき中央32分立憲民主党無所属30人、公明党32分日本共産党30人。
参政党10分となります。
それでは質疑に入ります。
発言の願います",2025/11/12,築地等都市基盤
竹内委員,"はい私からは1点だけ、地下鉄新線の推進大会この間行われました現在区内各地でパネル展も開催を指定いただいておりまして、これが期間が来年の確か2月までという。
長期間当初、パネル展を始めた頃から、いろいろな報告事案等も含めて各地で開催をしていただいてる。
昨年からは春未来もパネル展の会場として展示をしていただいているところと思います。
今回、本当に今年の1月に一般質問で、あの子供たちの絵をという要望させていただきましてそれも今回ね子供たちの映画終わってパネル展を行っていただいた要望お聞きいただいて本当に感謝をしております。
先月ちょうど大会の福島第2児童公園でパネル展が行われておりまして、そこのスタッフさんに今回、いらっしゃる方、どんな感じですかってお伺いすると、やはりちょうど晴海西小学校と、杉島第2小学校の子供たちのということで、保護者の方も見にいらっしゃってますというようなお声をいただきました。
やはり何でしょう大人が集まるだけではなくて、そうした子供の夢も併せてこうしたところで啓発を行っていくことって、すごくいいなと夢ができないと思いました。
できれば、今後更なる広がりを持ってそういう機会を捉えて、区内各地で学校って書いていただいたものを、例えばそれぞれの地域の特別出張所でも少し本当の絵を展示していただくとかそういったことも行っていただけたらなと思っておりますが、気運醸成、そういった視点で、ご見解お考えがあればお聞かせください。",2025/11/12,築地等都市基盤
委員長交通課長交通課長,"はい。
地下鉄申請についてでございます委員からご案内ありました通り今回ですね、近く申請の推進大会を開催して、さらにはですね、パネル展も各地で開催したとそういった中では子供たちの絵画を募集して、そういったものも展示したというとこでございます。
まずその地下鉄申請の推進大会なんですけども、この元々平成30年から開催してきたところ、今年で8回目を迎えます。
今年の開催はですね、多くの方、お越しいただきまして約500名程度の方にお越しいただいたといったような状況でございます。
またですね大会自体も年々ですね、参加いただく地域の方々を拡大したり、さらには昨年からはですね、高等部の副区長さんにもお越しいただいて、さらにはですね、つくばエクスプレスの沿線の自治体の方々も毎年来ていただいてるといった状況でございます。
今年につきましてはさらにそういった地域の輪を拡大して、豊洲市場協会の会長さんにもお越しいただいたというところでございます。
さらにはですね、パネル展につきましても、昨年は大体8ヶ所で開催したというところを今年は10ヶ所に拡大したというところで、そういった推進大会であったりパネル展、これをですね、年々さらにですね拡大してきたというところでございます。
またですね先ほど阿野委員の方からご案内ありました通り、今年からはですね、沿線の地域の小学生にも関心を持っていただきたいとこれはですね、やはり地下鉄申請については、未来を担う子供たちもしっかりして知っていただいて、やはりですね、多世代の方々に広く知っていただくと、そういった狙いを持って、今年から絵画を描いてもらったというところでございます。
こちらはですね、先ほどご案内ありました通り、晴美小学校と月島外務省がこちらの2項に書いていただいております。
こういったですね、取り組みについては、来年度以降も引き続き開催したいというふうに考えておりまして。
その際はですね、やはり沿線の小学校を対象としてそういった募集を毎年ですねかけていきたいというふうに考えてございます。
そういった取り組みを通じて地下鉄新線の機運醸成、こういったものをしっかりと図っていきたいというふうに考えてございます。
以上でございます",2025/11/12,築地等都市基盤
竹内委員,"はい。
ありがとうございます。
大会もそう今年で8回目。
私も1回目のときからずっと大会の状況も見ておりまして、それぞれ状況に応じて区の調査結果基調講演も含めて、経過を診てまいりました。
本当に子供たちの以前第2児童公園で開催した大会私はあれはあれですごく目立つ大会をした方がいい。
はい。
機運醸成、周知の意味も含めてという部分で、非常に反響のあるところで、あれを毎年やってくれという要望はなかなか大変だなと思いましたけれどもただこうしてやはり子供とそれに付随して親がそういうものがあるということを1人でも多くの方に知っていただいて、さらには、沿線にも広げていく、こうしたものが非常に大切であろうと思います。
やはり、作っていく過程の中にはもちろん、ちゃんとした計画収支採算性、様々、資金がどうなる現地の問題、様々あると思いますが、皆さんが期待を抱いて、これを待ち望んでいるという。
心も小さいせいだと思いますので、ここの部分でも引き続きはいどうもお世話になりますはいきちっと取り組みを進めていただきたいと思います。
③1人会派が非常に変わってちゃったの番号が参戦してはぱっと出てこないんですけどはいそれではよろしく。
お願い申し上げます。
大変重要な議案議題報告事項がなされております。
その築地市場跡地のまちづくりに関してまずは入っていきたいと思います。
まず、区は、築地市場跡地開発に関連する要望書の具体的イメージを他の出して、それを町の方々に通ったのが、そのまち作り協議会でありました。
本当に大事なのは、これを事業者や東京都か、どのように受けとめているのか。
この修正案でいきましょうよというふうにご判断いただいているのかこれでいかなければ5万人の歩行者ネットワークが歩行者を処理しきれませんからこれしかないとは思うんですが、この受け止め方ですね。
どのような反応があり、これにどうやって修正をかけていくのか。
8月20日の基本計画でしたっけそこからどのようにこの中中央区の修正案要望書に損失即した修正案に修正していくのか、この辺りの今の計画9月からだいぶ時間も経ちましたので、この経過を教えてください",2025/11/12,築地等都市基盤
都市再生推進課長,,2025/11/12,築地等都市基盤
都心再生推進課長,"。
はい。
築地の市場跡地開発に関するところでございます。
8月の後半にですね、事業者の方が基本計画を出しましてその中で交通ネットワークといったところも触れられているといった状況でございます具体的にはしばし通りに3本の起こしデッキを整備するといったところが記載されているといった状況ですそういう中でですね区の方ではですね先ほど委員からお話あった通り、5万人規模のマルチスタジアムができるとその交通処理歩行者の交通処理をしっかりやっていかなきゃいけないといったことで、要望書の中でもですね記載しておりましたがそれを具体的にイメージとしてこういったものがないと、その歩行者のネットワークをしっかり構築できないといったところを示したところでございます。
そういう中でですね当日、まち作り協議会の中でもですね東京都や事業者の方も来ていただいてですねその状況等を見ていただいたといったところでございます。
今現在ですね、こういった歩行者動線のネットワークを構築していく。
必要性があるといったところではお互い間違っていない部分ではあると思っております。
しかしながらですねまだ見えていない例えば晴海線の話であったりとか。
そういったところを具体的にどういうふうに整理をしていくことができるのかこういったところは事業者だけではできない。
東京都であったりまた関係者いますのでそういったところとしっかり調整をしながらですね、整備、どういう段階でやっていかれるのか。
どういうふうに構築していくことができるのかといったところをしっかり詰めていかなければいけないというふうに考えております。
なかなかですねすぐにですね、これができますとか、いつ頃ですというのはですね、いろんな基盤整備がありますので、そういったところの調整を行いながらですね、しっかりと歩行者の動線をですね、安全安心にですね、通行できるような環境こういったところを構築できるようですね、引き続き協議長調整を進めていきたいというふうに考えております。
以上でございます",2025/11/12,築地等都市基盤
星原委員,"はい。
今調整中であるというこの動き大変感謝申し上げます。
この5枚に、とても大変な話でありますので、このようなこのデッキが必要であるとは考えるところです。
区の考え方としては、ですので2032年、スタジアムができる。
そのときに同時にこのデッキも整備されているという考え方でよいかどうか、これは念のための確認です。
院長都市再生推進課長都心再生推進課長はい。
歩行者デッキの保護者ネットワークのですね、整備年次といったところでございます。
やはり先ほどからお話ししてる通りですね、5万人規模のマルチスタジアムこれが出来上がる。
そうすると多くの方がご診断といったところでございます。
そういう意味ではですね、しっかりと歩行者を安全安心に通していくといったところではですね、こういったものをしっかり整備していただかないとなかなかそういった安全安心にですね、通行できる環境というのは整備できないと考えておりますので、そこはしっかりとですね、協議調整を進めていきたいと考えております。
小坂委員年の年は2032年というふうにその文脈から取れるわけでございます。
それで、このようなスタジアムから歩行者デッキを作り、新大橋通りを渡り、築地市場の築地社協の上を押した木崎社長木崎屋の上を通しで最終的に服が生かされる築地川区間首都高の靴ええ。
築地川区間の区外海に繋げていくというところで、そして不具合から区間は今度はずっと万年橋吉田Cというところを副題かそれも計画が進んでおりますのでそっちに繋げていき歩行者も一部そっちに流れていくであろうというような考え方であろうかと思いますそこで心配になるのが、1個の不具合か。
これの時期、整備の時期は2035年というふうに言っているわけであっていくらスタジアムの方々、事業者が作る事業者が区と一緒にデッキを作ったとしても、築地川区間の首都高の不具合かの完成時期は2035年だから、そこ以降がうまく整理できないという時期のずれがもう既に存在しています。
そのあたりの2032年に歩行者デッキを作ろうというくんと2035年にそこに繋げていかねばならないけれども、覆蓋化は2035年だというこの時期のずれはどのように解消していきましょうか？",2025/11/12,築地等都市基盤
今日土木部参事環境土木部参事,"はい。
スケジュールの大規模工事につきましては、今委員の通りですね2035年を目標としているというところで伺っているところです。
様々な事業が関連しているというところもございまして先ほど答弁あった通りですね各関係機関と調整しながら、工期のずれも含めてですね、認識はしてますので、その辺のずれもですね、認識しながら今後どのように実現していくかっていうことは、各それぞれのですね、判断する材料がまだ整ってないところもございますので、今後しっかりとですね、調整を図っていきたいというふうに考えてございます。
以上でございます",2025/11/12,築地等都市基盤
小坂委員,"はい調整を図る。
ということは、これをいかに実行に移していくかということが、非常に難しく、また重要であると考えます時期のずれ2032年のスタジアム、2035年の歩行者デッキが繋がるところの首都高の久貝家の1035年でまた地下鉄新線の2040年というところの、それぞれの時期が違うというところに関して、いかに調整し、時期を一つにしていくのかっていうところを調整をするということをいかに実効性の持つ調整ができるかっていうことに関して、何かもう少し我々が安心できるような、その根拠、それができるという根拠はございますでしょうか？議長環境土木部参事吉田副長そこ率直に申して今の時点で安心できる根拠などはありません。
現実問題として、晴海線がどういうふうに取り付き、首都高環状線にどういうふうに取り次ぎ、首都高の方がそれやとあわせて、どういう改修を行うかとそこの設計がきちんと決まらないと、その先採用を進めないところがある。
その部分を早くしてくれという調整を今の段階で行っている。
今の時点でその図部分を明確にしたいとこれから先は進めないという状況にございますので、その部分を今調整中であるということをご理解いただき、小坂委員まずは晴海線の調整をしているというところでありますそれは、ですので、区の府土木環境土木部の副参事が首都高の係の方と話をしているというふうな調整の仕方なのか。
副区長が首都高の社長と時期を詰めていって都の職員も一緒にいて、詰めているのか、どんな会議体のレベルで調整が進んでますでしょうか？吉田副市長現実にその部分全部一連の作業なんですよ。
晴海線が取得をご都心環状線と連結します。
そうすると、それに関連して、高速道路の出入口について、ある意味で改修も行われる。
それから連結部分の都心環状線の線形も、当然に変わる。
そういったものを全体的に総合的に調整するわけです。
ですから、この部分、この部分ていうのをそれぞれ突き合わせて調整してるわけではなくて、今、工作の選定のあり方ある店の整備の仕方、全部総合的にちょっと調整をしているということでございます。
ですから、ベッドにそれぞれやっているというわけじゃない。
それらについて総合的にちゃんと絵を描いてくれということを今、とうとう首都高との間で我々調整している。
保坂委員今の副区長が述べられたことを頭に描いてみると、それは首都高と東京都と中央区が一つの会議体を持って調整しているというふうに考えてよろしいでしょうか？吉田副長1校と東京都は協議体を持っている。
それは、国も入って、一応高速道路のありようとして検討している。
それに対して私どもの区が地元の要望を含めて、それぞれの事業体と協議体を持っている。
そういう状況小坂委員区は、それぞれの相手と首都高さんと協議体を持つ。
また、事業者さんと協議体を持つ等々協議体を持つというふうに理解するところであり一方、都の方は、事業者の取得をと、このような会議体を持って調整をしているというようなイメージでしょうか？吉田部長わかりました。
そのようにした中で、やはりここ今は私達中央区が先頭に立って、今持っていない。
会議体すなわち、東京都取得事業者中央区、学識経験者、それらを入れた築地のまち作りを一体的にどのように整備するかというのを我々中央区が主体的にリーダーシップを持って作って作っていき、きちんと次期の時間の調整をして、実際に置くどれそれぞれ遅れることなく、詰めていくというふうなリーダーシップを決算特別委員会のときでも主体的にあるのは中央区だというふうに区の方もおっしゃってたわけであり、であれば、このような会議体を区が率先して持つべきではないでしょうか？昼食長我々9月の段階であれだけ明確に我々のイメージはこうだ。
こういう形で作ってくれないと困るんだ。
それに合わせ、そそれを作っていくためには首都高の晴海線を、晴海線とし、都市化調整の継ぎ手の部分を明確にしてほしいということは、あれだけはっきり言ってそれ自体が主催する。
その部分で我々は首都高速道路と道路公団と、それから国と東京都の間で、予算上の整理も含めて計画を進めている計画を進めているんですが、そこが遅れている部分について、それぞれに早くしてくれというふうに調整をしていることでございます。
これは何度も申し上げておりますけども、首都高速道路というのが、高速道路として、いわゆる元々の建設の資金を回収した上では、都道府県等になるという制約の中で、それぞれ事業建設の被災者が決まっているという。
そういう制約の中で、我々は働きかけをしている。
お答えくださいますので、それは個別にやらせていただいてますが、当然主体性を我々持っているからああいう絵を書いて地元としてしたいときに働きかけをしているというふうにご理解いただきたい。
小坂委員非常に難しいところであり、さらに主体性を発揮するのであれば、私は区が主導して会議対応少なくとも構成員として東京都事業者人と地下鉄を入れるのは地下鉄国それらを入れた全体の朽木の絵を書く会議体調整会議を借りたよう区が率先してつくるべきであると思いますし、そのことは強く要望させていただきます。
その根拠としては、私は渋谷区を視察してまいりました。
渋谷区の駅の駅前のスクランブルのあるその整備を今押し進めているところでありますけれども、渋谷区さんがどのようにあの難しい。
3社の鉄道会社が入り、五つの開発事業者があり、国道が通りというところをそれぞれの利害関係をいかに調整できたのかという現場を見てまいりました。
これは、ある議員の発案によって、私もさせていただいたわけであって、その議員に感謝申し上げるところであるし、丁寧に説明をしてくださった渋谷区の職員の皆様には、言葉を変えても、お礼申し上げたいところであります。
その、いかにうまくやれたかという、その私の聞きそれが非常に難しいプロジェクトXでは鉄道のこの路線を変えるというだけでも、NHKで話題になってますが、どうやって難しい筋が入り外交関係を調整できたのか。
それは一つには、やはり調整会議のある会議体を作ってるんです。
渋谷駅中心地区まちづくり調整会議というものを作り、そこで学識経験者が座長、副座長2名、学識経験者がそれを仕切り、そして国土交通省東京都渋谷区事業者が入った調整会議を持ち、そこで部会も持って、それぞれを進めている。
で、地元の意見はどうするかというと、それと連携をする渋谷駅周辺地域の整備に関する調整協議体協議会を作り、その協議会は地元の意見を連携して半径反映されるために、都市整備部長が座長になり、関連する部長が副座長に名つき、そして地元代表、町会商店会、まち作り団体、渋谷駅前エリアマネジメント協議会、そして事業者を入れた、そういう協議会を作り、調整しながら、やっていったというところが非何とか調整できた。
あの難しい2000年から始まって、ようやくいろいろとできている。
渋谷駅前のまち作りなんです。
だから、区もこの難しいまち作りを進めるに当たっては、調整会議のあるものを区が率先して作るべきであると、私はこれを根拠として述べさせていただきます。
このポイントは、学識経験者もやはり入れなくちゃならないとは思いますのでもし今日このような調整会議を作る場合は、そこは必ず忘れないようにしてきていただきたいと思いますし、ちゃんと国とと公文入り、広く関係者を入れていくというところもやっております。
それが、進んだ一つであると思いますし、もう一つ大事だなと思ったのは区も一部されておりますけれども、やはりガイドライン内のものも作り、進めてこられていったということであります。
渋谷駅中心地区まちづくり指針というものを作り、そのガイドラインにのっとって進めていったということでありますので、そのあたりのことを、もちろんこれが区が出したものも一つのガイドラインのようなものでありますけれども、一体的に考えなくちゃならないと思いますのでKK線との接続とか、KK線の歩行者とのネットワークをどうするかとか、日本橋の地下との一連の流れの中で進めるということも含めれば、ガイドライン、ガイドラインを作っていくということもまた大事かと考えます。
このようなことで、ガイドラインをきちんと整備しながら、そして調整会議もきちんと行いながら進めていかないでは時期のずれっていうのは直せないというふうに考えますがこのあたりに関してはいかがですか。
吉田副部長何か勘違いなさっているようで今の渋谷区の状況は都市計画決定されて、事業が具体的に動いている状況の中で、いわゆるエリアマネジメントを含めた全体の協議が動いているわけです。
今私どもの築地問題については、都市計画決定以前の計画の調整の段階でございます。
その部分について、大変申し訳ありませんが、私どもは地元も含めて、議会も含めて、早い段階からこういう問題がありますよということで、私どもは2年前にそういう議会と議長と区長が連名で要望書を出していったときの要望書の内容も含めてあらかじめご相談をしながら、協議をしながら出していったんじゃないですか。
そこに何か過不足ございましたら、むしろそこの中にこういうものもということはあるでしょうけど今そういうふうな段階を、そういう要望を突きつけて、事業者と対峙東京都太一高速と対峙しながら、今計画の調整を計画を作るという作業の部分について、お互いに調整をし合っているわけではない。
渋谷の段階とは全く違いますので、今その要望を含めて、どういう計画をつくるか。
というところを必死にやっているわけでございますのでその点をご理解いただきたい。
坂委員副区長がおっしゃいましたが、私は述べたのは、渋谷区も2000年から計画をつくる都市計画を作る前からこのような体制を持ちつつ進めていたということであって、都市計画決定後、というわけではありません。
この先ほど述べた一番の上位になるまち作りを指針それを2000年の最初に設けて、それを何度も改定していったわけであって、このような都市計画決定をしているから、渋谷区さんができたんでしょという。
副部長のおっしゃる方ではなく、渋谷区もまた、都市計画を作る前から住民の声を聞きながら、進めていっているわけであって、このような会議体をきちんと作り、そして進めていく必要があるとぜひ渋谷区さんのやられているまち作りの報告文参考になるところも多々あるかと思いますので常に見られてるかもしれませんが都市計画決定後の渋谷区ではなくて、都市計画決定の前からこのように取り組んできているわけであって、それを見ながら進めていただければと思います。
その時間軸を含んであれば、2000年から始めた渋谷区の渋谷駅の開発というようなことをやってようやく2025年でできつつあるとこの築地のことも、都市計画決定前ですよこのようなそれぞれの迫ってるとかいうふうなことを言っていれば、我々の区の再開発も2032年じゃなくてずっとずっと先送りになっちゃうかもしれません。
復調ちょっと適用が違うといった部分に関しては、お言葉をお返しさせていただきます。
また、渋谷区の姿勢としては、間が区民、連携のもとを進めており、丁寧に住民の声の方も聞き進められております。
先ほど、地下鉄新線で子供たちの絵というふうな形で、地下鉄新線においては作り方まち作りの作り方においても、子供の子声や考え方ビジョン、それらも入れながらという進め方は、私も同意をするところでありますけれども、渋谷のそのまち作りにおいても丁寧に街の声を聞いている。
まち作り協議会においては、条例で指定してまち作り協議会も作っております。
また、都市都市の住民への説明においても、都市計画原案、都市計画案だけの住民説明会じゃなくて、都市計画の素案の段階から住民説明会をするというふうなことをしております。
その前のまち作りの意見交換会ももちろん住民に開かれる形で、その前から住民に開かれた形でやってきておるわけであり、より住民に開かれているのではないかと私はさらに工夫をする部分は中央区にもあるんではないかとは考えるところであります。
少し先に進めさせていただきますが、エリアマネジメントに関しましても、渋谷区の方は、でき、完成してからエリアマネジメントの組織を動かすんではなくて、エリア維持マネジメントを完成前から動かすというふうにして、渋谷駅のところは進めているところであり、みそみそにその段階を作って進められております。
渋谷駅前エリアマネジメント協議会というものを上に上位に置いて、そこでは正会員として、まち作り事業者のご5事業者と区画整理事業者あと行政会員として、東京のここ東京都渋谷区。
それらが入って、渋谷駅前エリアマネジメント協議会というのを作って作られ、そしてその下部組織に実行部隊として、一般社団法人渋谷駅前エリアマネジメントを作って、その下部組織は、都市再生推進法人を指定を受けるというような2段階で構えてエリアマネジメントしているということであります。
事業者さんは、順次準備段階からエリアマネジメントを進めていくというふうにはおっしゃってますが渋谷区のようにですよ。
事業者がエリアマネジメントを作るのを待つのではなくて、一緒にエリアマネジメント協議会を一緒に入って作るべきと思いますけれどもそのあたりの築地地区のエリアマネジメントの組織化は進んでますでしょうか？吉田副部長渋谷区のやり方は渋谷のやり方今現実に内野くんがこれまで要望書を含めて東京都対し事業者と対峙してきてくる中で、どれだけ地元の意見を吸い上げて、具体的にぶつけてきたか。
その部分について過不足があるんであれば、進め方について面白く面白いという意見もあるでしょう。
今直接的に今のやり方、まち協中心に何度も何度も会議を重ねながら、地元と話し合いをしてきている。
その流れの中に過不足する部分があるんであれば、ご提案をいただきたいと思います。
ただし、学識経験者とか何かという方々を突然入れていただいてもご案内の通りこれまで築地市場の移転の何か様々なそのときにいろんな専門家の方が入ってきて、手書き定期で手は綺麗してきたじゃないですか。
今現実に我々が今、地元地元区として、事業者や東京都と話をし、具体的に区民の皆さんの前で待ちをしながら議論を重ねている中身について何か不足があるなら具体的にどの部分が不足だからと言っていただきたい。
それから、もう一つは、エリアマネジメントのお話でございますが、何度も申し上げてるこの部分については、基本的には計画がある種、お互いに確認できるということも含めて計画をお互いに確認できるすそして、これから施工に入ってくるという状況を提供。
セイコー自体も計画をしなきゃなんないと、工事のやり方も計画をしなきゃなんないという時期には、当然、エリアマネジメントが必要でございます。
工事自体を計画する化するときに、エリアマネジメントが必要でございますから、そういう部分は我々も計画し、前に進めてまいります。
十分それは承知しております。
小坂委員最終最後により区長がおっしゃった部分はエリアマネジメント区も入るということでいいですか。
実際的にはもう、例えば晴海についてもどこでも何か大きな需要があるときには、工事連絡会みたいな形でスタートをさせながら、エリアマネジメントやってきてるわけでございまして、そういう部分については、早い時期から区としても準備をさせていただきます。
大坂委員エリアマネジメントの部分に関しましては、事業者が作ろうとしているエリアマネジメントの組織をきちんと主導していく。
僕も入った後も入ったエリアマネジメント上部団体としておくべきであると私は思います。
また副区長がおっしゃったように区が丁寧に住民の皆様の声を聞いて、このまち作りに関して計画を作ってきたところは、私はそれはそうされてきたというふうに、その部分は私も同感です。
私が言いたいのは、せっかくいただいた区のみ区民の皆様のその意見をいかに実現にも生かすも、実験実験に持っていくかという中で、首都高の計画がまだ出ないから待ってますとかいうよりもう一歩進める必要があるんじゃないかと指導権を持って逃げるんではべきではないかというふうに思っているわけであって、この議論を来年もしたくないんですよ。
来年7個のような線がまだでていないというふうにして逃げられないように血戦はいつ。
そうですか。
吉田副長それを早い段階で出せるように、いろんな形で調整をしていると現段階でございます。
小坂委員それが出るのを単に待つのではなくて、調整会議などを作り区が主催して作り、4社が揃った中で、いついつというふうな約束をいただく。
できないのではできないという理由をその会議で聞く。
その辺は調整会議を個別で聞いてるんではなくて、東京都と一緒に首都高の人に聞けばいいじゃないすか。
その調整会議の設立を私は強く申し述べているのであって今区が入ってないとか作ってる調整会議があるんであればそこに組み入れていただくか、どちらかして会議体の中で議論を進めていただくことを強く要望し、質問を終わります。
次の次お願いします。
田中委員それでは、質問させていただきます。
少しお聞き苦しい点もあるかもしれませんが、ご容赦いただければと思います。
今回ご報告ということで、まち作り協議会内容伺いました。
本当にこの8月末、9月末と男短い期間で、この大事なタイミングの中で、地域の方のご意見を伺って取り組んできたってことは本当に大事なことだなと思っております。
私もあの議事録を拝見しながら少し思い出したんですけれども、議会に押し上げていただいて、最初築地の断固反対する会があって、その回も本当に地域のいろんな民間の方が入って、座長が民間の方がついて、本当に何度も何度もいろんな議論して大変な思いをして、そして今のこの築地の現状があるかと思います。
そうした背景を考えてきたときに本当に区はいろんな関係者との調整を図りながら、積み上げてきたんだなっていうことを、今回議事録を拝見しながら感じました。
その中で、改めてなんですけれども各地域でまち今日行われましたが、このまち協で行われた内容の特に、主だった意見ですねといったところがポイントだったのか意見だったのか。
他の所管も含めてお聞かせいただければと思います。
さらにこの築地市場を跡地開発のスケジュール、今までの議論でいきますと、2028年が着工という大体のスケジュールを示されております。
これまでもずっと議論がある通り、都市計画がなされて、その後着工となるんですが、当然設計も行われているわけでありますが、ただの決算の質疑の中でも、なかなかあの高速晴海線の位置が決まらないと、杭が打てないだろうという。
いわゆる設計はしづらいだろうというお話もありました本当おっしゃる通りだなと思っております。
民間事業者さんの仕事ではありますけれども、いわゆるこの設計作業っていうのは、どのあたりでもう大体こう進んで決着していくものなのかいわゆる28年着工と考えたときに、当然その前にできてる実施設計ができてるわけなんですけれどもその辺のこのこれからの2年間のスケジュール感をどう見ていらっしゃるのか、この点もお願いいたします。
委員長と新体制推進課長と新体制推進課長はい築地映画まち作りについてでございます。
8月29日にですね、事業者の方からですね、基本計画が出された内容についてですね、まち作り協議会を開催させていただきました。
その中ではですね、スタジアムと区有施設をどのように繋げていくのかとか。
それは最終的なまちの形って一体どういうふうになるのか早めに出して欲しいとか。
そういったご意見などをいただきました。
また夜の方ではですね、勝どきと呼び、晴海の合同のですねまち作り協議会を開催しております。
そういった中では、大江戸線の混雑の対策であったりとか、レジデンスとどうなるのかとこういったようなお話などをいただいたとこでございます。
また基本計画を踏まえまして区の方でですね、要望書に対する具体的なイメージといったところを示させていただきました。
その後9月29日に24日にですね、月銀座築地のですね、行動のまちづくり協議会を開催いたしたところでございます。
その中ではですねやはり先ほどからお話させていただいてる通りですね高速晴海線のですね。
出入口こういったところの必要性、この街にとってどういったところに必要性があるのかといったところをしっかり示してほしいといったようなお話であったり、歩行者の動線ということで今回ネットワークへ示させていただきましたがそういったところの動線デッキも含めてですね、確認をしていただきたいといったようなこと、また、新大橋通りこういったところ先をどういうふうに繋げていくのか。
また晴海通りにどういうふうに繋げていくのかこういったようなお話などをいただいたとこでございます。
やはり概ね歩行者に対するですね、安全安心に通行できる環境こういったところをですね、しっかり事業者もとも区もですね、しっかり入ってですね、検討を進めて、実現していくこういったところが必要であろうといったところをいただいたのかなというふうに感じております。
こういったところはですねやはり要望書でも書いておりますが、しっかりと実現してですね、多くの人がですね、この築地に訪れる。
こういった場となるようですね、引き続き協議調整を進めてまいりたいというふうに感じたところでございます。
またスケジュールについてでございます。
今現在ですね、現場見ていただきますと多くの重機が入っております。
今何をやってるかと言いますと、まさに埋蔵文化財、これの本調査を行っております。
また文化財の調査を行う上ではですね、どうしても地下躯体がまだ一部残ってるということなんでそれを壊しながら、丁寧にですね、文化財の調査を行っているといったところを聞いているところでございます。
2032年には大規模工事が完了するといったとこです。
そういう意味ではですね、事業者の方も今回基本計画出して、9棟の建物等が示されたところでございますが、早い段階でですね工事にかかっていく必要があるというふうなところは聞いているところでございます。
今後増えますとやはり都市計画の決定、こういったところがあって、事業が進んでいくといったところがございますのでそこに向けて事業者の方は設計等を進めているとまた区といたしましてはそれまでにですね、要望書、これを合意する必要があるというふうに考えておりますので、そういったところを引き続きですね、協議調整進めてまいりたいというふうに考えております。
以上でございます",2025/11/12,築地等都市基盤
委員長田中委員,"はい。
ありがとうございました。
私も全部の地方には行けませんでしたけれども、伺ったときに、本当に地域の方がですね質問するんですが、またそれらかというと東京都にも言いたいなっていうこういう趣旨で質問が常にあります。
そこいつも区のご関係の皆さんがですね、まるで何て言うんでしょう、上部団体の方々になり変わるぐらいだ。
気持ちを持ってですね。
受け止めながら、しっかり伝えていきます。
また取り組んでいきますというお話があって、本当にこの地元区としてこのなかなか事業主体でない中でですね、そこまで本当に一生懸命取り組んで、真摯に意見を聞いている。
やり取りしていること自体が本当に大事なまち作りなんだなって形にはまだ見えませんけれども着実に進んでいることなんだなっていうふうに感じております。
それで今ご報告いただいた中で、いろいろ皆さんの懸念点はあるんですけどもその中の仮に一つ取り上げさせていただきますと、やはり一番の問題は、高速晴海線の1、そして出入口の場所になります。
これだけ地域の方がもう作る意義からまた球場内と場外のこの分断を生まないようにってすごく心配して強く訴えておられるわけでありますそれを区も理解し、ちゃんと届けていただいて、またこれまでの要望書の提出においても特に晴美専務に限っても、令和5年にしっかりと要望書、あるいは考え方そして先般の区の令和6年のときの要望書、議会と区が一体になって出した中にも、その出入口のことについてもしっかり明示しているわけであります。
これは考えるのは、首都高さんであり、また東京都が形を作っていくわけなんでしょうけれども早くしていただきたいということと同時にですね、やっぱり土地開発と場外が分担されないように、この出入口の位置づけを決めなければいけない。
確かに早く決めていただきたいですし早く出て、こちらみたいですけれども、逆に早く出てきた形がそうならないようにしなくちゃいけないわけですよね。
ですので、その点をどうやって持っていけばいいのか。
そこで一つ思ったのは、あの段階を追って今要望書を出しておりますけれども、もうはっきりと場外市場を大賑わいを継承を守っていくためには、この出入口、その分断しないようにちゃんと考えてくださいってもう作ってくださいとはっきりと明示した要望書も出さなくちゃいけないのかなという、もう一歩踏み込んだ具体論が必要なのかなというふうに思います。
この点について、ご見解いただければありがたいと思います。
よろしくお願いします。
吉田副区長補足もんだ築地跡地問題現実にはちょっと困ったことなのは、事業者とそれから東京都の部局の問題もあるんでしょうけど式跡地の問題は土地の問題で片付けて、高速道路の問題は高速ルート道路、普通の行動のところで何とか格好つけようとしているわけでございまして、あれだけ密接にほとんど繋がっちゃっている部分を高速道路単独等それから道路部分だけで処理したり、何かするのはちょっと無理があると思っておりまして、区側としては、あえて積極的に東京都に対しても取得に対しても、それから事業者に対しても、その敷地と高速道路のありよう出入口とありようというのは一体的に考えるべきじゃないかとあくまで高速道路だから高速道路の出入口は一般公道じゃなきゃいかんということはないだろうと逆に言うと、敷地の中にある見ててうちがあったところで、それで全体的にバックはい配置ができるならそれでいいじゃないかという部分を区としてはあえて言っております。
その部分を総合的にやらないと、今の県庁の晴海通りとそれから新大橋通りとそれからかわいそうなことに、妙義山の周りの土地なんかで負担がかかってしまったという話になりません。
これはやっぱり一体的に総合的に作るべきだというふうに思います。
この辺なんですが実は東京都のていうか8月に事業者が出した。
もうK基本計画ってやつも気の毒といえば気の毒なんです。
彼らは事業者ですから、自分の敷地の中だけで描いてくるわけです。
実は、実は人の流れについてはもうちょっと別に出さないといけないんですけどねっていうのは基本計画にも円形では書いてありますけど、人様の土地んとこ触りますから彼は事業者としては書けないわけでしょ具体的にそういうところがありますので、この高速道路の問題についても同じような高速道路と敷地内通路との関連も含めて、これを一体的にやるっていうのも、区側だから言える。
言える。
車だから周りの事業者にも東京都にも言える。
そういう部分をきちっと言っていきたいと思っております。
そういう形の働きかけをしております。
今後もそういうふうに働きかけをしていきますし、これはいいのは、委員ご指摘ありましたよ。
最終的には組合ではもうちょっときちっとした要望書を出すということもあり得ると思っておりますからその辺は調整をさせていただきたいと思います。
以上、会員はい。
ありがとうございます。
本当にいろんなところのチャンネルで調整協議、また検討していただいているんだなっていう、今ご答弁を伺いながら感じた次第でございます。
ただ、今までの経験の中で、逆に早く出して欲しいって望むと、今度は当然先方さんのお考えがありますので先方さんにとって、あの広域的な東京都全体を見た上での結論を持ってくるわけですね。
こちらがどうしてももう少し身近な上で見るわけですが、今言った通り、仮に本当出入口がですね、あたかも分担されるような形に本当ならないように、もう本当にまち協で聞いてても皆さん心本当心配なんだなっていう。
それを直接東京都に行って東京都からの同じ認識に立ってる姿を見せてもらいたいんだろうなというふうに感じております。
従ってこれまでも東京都の方にしっかりと王さんこういう会議に参加してもらいたいと申し上げておりますが、ぜひ地域の方が安心できるように体制を整えて、今ご答弁あった通りですね、しっかり取り組んで前に進めていただきたいと存じます。
それからですね。
場内、交通結節点なっていくという形になっております当然基本計画にも描かれているわけでありますし、元々区が声を出してきた一つの取り組みだと思います。
この今の晴海線が当然しっかり決まっていかなければ、交通結節点等の交通結節機能自体も描けない。
段階ではあるんですけれどもこれまでのいろんなやり取りを見ててやっぱり心配なのは本当にさすが日本代表する築地の街の交通結節点だなって感じるようなですね。
結節点にしていただきたいなと思います。
それが築地の街の発展に繋がっていくだろうなと思います。
そこで、この交通結節点としてイメージしている交通ですね、いわゆる例えば地下鉄新線ですとか、今日、車の問題もあるでしょうけれども、特にこの人の流れという視点から考えたときの交通これはどういったものを想定した結節点を考えて、今、区としてイメージしているのか。
お考えを教えていただければと思います",2025/11/12,築地等都市基盤
委員長と新再生推進課長,,2025/11/12,築地等都市基盤
水再生推進課長,"。
はい。
築地の開発内の交通結節点についてでございます。
8月に出されました基本計画の中でもですね、高速交通結節点について触れられているといった状況でございます。
その中ではですね陸海空といったことで具体的には陸上といったところでは、バスであったりタクシーであったり、一般車であったりと、また地下の部分ではですね地下鉄新線が新たに駅が作られていく。
さらには海側を見てみますと、やはり隅田川を活用した収入こういった場所が出来上がる。
また空を見てみますとヘリポートであったりそのとき、車とこれは実際今後ですね、どういった技術革新の中でですね、進んでいくものというふうに考えておりますこういったものがですね、この場所で集結様々な交通を活用してこの場所に訪れることができるといった環境が整えられていくのかなというふうに考えております。
やはり交通考えますと、一つ一つの交通がバラバラに設置されるのではなくて、やはり1ヶ所にですね、ある程度まとまって様々なものに利便性を高めながらですね、利活用できるといった環境といったものが重要であるというふうに考えております。
そういう中ではですね今お話させていただいた交通がですね、この場所でしっかりと結集しですね、多くの方々が訪れることができるわかりやすい場所。
そういったサイン等も活用しながらですね、そういう場所になっていくこういったことが必要であるというふうに考えております。
事業者の方もですね現在この場所についてですね、具体的にどのように進めていくのか、計画していくのか、そういったところをですね、考えながらですね、設計の方を進めていると聞いております具体的なところを進みながらですね、またまち作り協議会などの場を通しながらですね、皆さんにお伝えしていきたいというふうに考えております。
以上でございます",2025/11/12,築地等都市基盤
ちょっと整備部長,"、都市整備部長若干補足をさせていただきますと人の流れというところで、今先生課長の方からは、乗り物からの人の流れの方のご説明さしていただきましたけれども、人流という意味では、ここではドーム5万人のスタジアムができるということでございますのでこの人をどう流すのか、これがあの一番の課題だというふうに認識をしてございます。
一時の第1期の工事が32年に竣工するときに、先ほど多くの方からお示ししているデッキができていないと人が滞留してしまうのではないか。
これは区としても非常に切実な課題だという。
認識してございますので、そういう意味ではこのデッキが32年には必ず必要だという認識のもと取り組んでいるところでございます。
また大津その後になりますけれども地下鉄の駅舎が駅ができたときの人流の流れそれから築地の場外からの人の流れ、また場外から場外への人の流れ、こういったものも非常に重要な視点だと思ってございますので、そのステージごとの人の流れというものを捉えながら、時々の人が滞留しないように、そういったところを視点を持ちながら事業者あるいは東京都とも調整をししながら進めていく必要があると思ってございます",2025/11/12,築地等都市基盤
委員長田中委員,"はい。
大変ご丁寧にご答弁いただきましてありがとうございます。
おっしゃる通りで、やっぱりいいドームができるスタジアムができるというのが一番大きな課題だと思っております。
決算のやあの議論の中でもおっしゃっておられたのは、始まる時間帯が仮に6時と設定して、その6時にはビザぱっと集まるでしょうけれども終了した後っていうのは、同じような人の動きはなかなかしないだろうという。
お話がありました。
それが、あの場外であったり、また近隣の銀座等に地域の活性化に繋がるということも大事ですし、また治安等を問題ないようなスムーズな流れも大切かと思っております。
その今までもずっとそういった議論してきたんですが改めて思ったのがですね、やっぱりこの城内の跡地の交通結節機能が本当にしっかりしてることが、その中がまずしっかりしてることが大事なんだなと思った次第であります。
実は先日、行政視察の会議広島市に訪れてまいりました。
広島市では路面電車が駅の再開発でビルド再開発したビルの中に入っていくような、そういった新しい取り組みを押されているということでぜひ見たいなと思って行ってきた次第でございます。
そのとき思ったのが、新幹線の方から降りて歩いてたときにですね、本当に広いオープンスペースのもその先に路面電車がもうあるような状態の作りとなってまして、でもすぐ上には右に行けばJRもJRの改札も本当広くて、もうすごい利用し安そうな空間なってました。
とにかくそのオープンスペースなんですね。
路面電車に乗る前のオープンスペースもそうですし、JR乗る前のオープンスペースもあります。
人が混雑するだろうその辺りも本当に広く場所をとっておりました。
この築地飯野跡地は確かにいい全体環状2号線入れて23ヘクタール大きくは見えますけれども、いろいろ杭を打ったりいろいろしていくとなかなか制約が出てくるのかなと思うんですがそれでもですね、今ある大江戸線で今後の地下鉄新線、またあのBRTの伝説バスは厳しいかもしれませんけど通常のバスであればですね。
この接続してもしかしたら江戸バスも接続するのかもしれませんし、指定いただくんだと思いますけれどもその他にもタクシーとかって例えばすってのはあり得るのかもしれませんが、まさにその接続がですね、一つのこの不上下移動することなく、可能な限りワンフロアでできるっていうのはですね、これはすごい魅力的なんだなっていうことを本当に肌で実感してきた次第であります。
もちろん環境は全く広島市さんとは異なりますけれども、しかしながらこれだけ注目されたという値の私開発でありますし、やはり日本代表する開発の一つになっていると考えますので、ぜひ今までずっと議論してきた。
その大混雑だったり問題が出る前のその状態の中での交通結節機能をここ改めて事業者さんとこれまで以上にしっかり取り組んでいただきたいと思いますけれどもこの点のご見解いかがでしょうか？",2025/11/12,築地等都市基盤
推進室長年河清プロジェクト推進室長,"はい構成交通結節点でございます非常にただいまの答弁申した通り、非常にこれだけの大きな開発というところでは、本当に重要な施設だと考えております。
また積田側のところには主船着場も作りできますので、そういった意味でも隅田川から築地東銀座へと抜けるというところでも非常にあの交通結節点重要な位置づけとなってございますこの人流また交通というところで、あのスムーズにまた地域に影響がないような形で運ぶためにも非常に重要でございますので、これからの計画の中を事業者と打ち合わせの中ではそういう視点を持ってしっかりと進めてまいりたいと考えております。
以上です",2025/11/12,築地等都市基盤
委員長中委員,"はい。
ありがとうございます。
本当にいろんな課題がたくさんありますけれども、力を合わせながら進んでいきたいなと私も改めて決意をしているところでございます。
引き続き、更なる取り組みをお願いいたしまして、質問を終わります。
ありがとうございました。
次の発言を願います。
委員長小栗委員それでは質問をいたします。
まず築地市場跡地開発に関連してですけれども今各地で行われてる開発事業を見ても、どこもし資機材が高騰しているというようなことや、人手不足などもあって、事業計画がね、いろいろ見直しも必要になってきてると開発計画そのものが立ち行かなくなってきているというところも見られるような中で、この築地の計画についてですけれども、わんパークはタウンということで事業者の方方で出しているこの今のところの計画でいきますと事業費は9000億円というふうに言われておりますけれども、この事業費の中で、これはこの築地再開発の会社が請け負うこの地の中での事業費ということで、例えば高速道路とか、月積む都市の中での缶館長環状道路からのつつけた後のところ、道路中を走る道路そういうものの事業費などは、この9000億円の中には入っているけれども、高速とか地下鉄とかデッキとか、あの中央区が要望しているデッキとか。
そういうものは全然入ってないと、そういう理解でいいのかということを確認したいということと、この9000億円の中には、地下鉄とかは地下鉄が+高速道路は高速道路が出すということで、例えば国都の補助金とか、中国が財政の支援をするとか、そういうことは全然考えていないということでいいのかまず確認をさせていただきたいと思います",2025/11/12,築地等都市基盤
都心再生推進課長,"はい築地市場跡地開発の総事業費といったところでございます。
今現在基本計画出されてまして、そう事業費として約9000億だというところで事業者の方から示されている状況でございます。
そういう中においてですねどういったところが含まれるかといったところでございますが、再開発、今回の築地市場跡地開発これに関する費用が含まれているということで、今お話あった通りあの中のですね地区内の通路であったりとか、建物であったり、また今回人類をしっかり歩行者を流していくということで歩行者の動線となります昭和書通りをまたぐようなこういったようなデッキ、こういったところは事業費の中に含まれているというふうに考えておりますそういう中でお話ありました通り晴海線であったり、地下鉄新線といったところまだこちらについてはですね、事業者も決定していないといった状況でこちらの費用についてはですね、次事業者となるところが、しっかり負担していくところになってくるのかなと。
また地下鉄についてはですね、整備する手法によってですね、その費用の価格との負担というのが変わってきておりまして例えば国であったり事業者なども負担の対象になってきますのでそういった中でですね今後どういった手法で整備されていくのか。
そういう中で費用の負担割合というのが決まっていくものと考えております。
以上でございます。
委員長小栗委員使用橋通りをまたぐデッキはもう中で含まれていると、事業者がたってもう決まってるんですか、9000億円入ってるっていう。
今ご説明だったように、思えたんですけど、それの確認をさせていただきたいと思います。
そしてまだ計画がまだこれから具体化する段階なので、本当にこの9000億円で収まるとは到底思えませんけどどうなるかってことありますけれども、絶対ほっとくれ上がると思うんですよね。
今の計画だって膨れ上がるし、これでいろんな要素がもっと付け加えていけば、繰り上がるということになると思いますが例えば今、実際行われている。
土壌汚染対策、そして埋蔵物の調査それについても東京都がやるってことになってますんで、委員長　200億円予算を市長会計からこちらこの人だったっていうことなんですけども、今その土壌汚染と埋蔵物調査の金額、予算が1450億円になってると7倍になってるということが計画の中で示されています。
本当に莫大な費用がかかっていくということになると思うんですけれども、この辺の、何て言うんすかね、費用の面での懸念といいますかねそういうものについては、どのようにいい考えているのか。
お示しいただきたいというふうに思います。
吉田部長作るところが9000億円ですよというお話でございました。
実態的にそこ高速道路や何かっていうのはもちろん高速道路や地下鉄というのもね、ついては、事業体が出すということでございまして、この開発事業の90億に含まれるわけではありません。
それから、あのそういう意味で言うと意見は一致しますけど、金額は相当膨れるだろうしかつ、これは我々がはっきり申し上げますが、今、Cを足の上に別居をかけると言っている。
かけなきゃいかんと私どもは言ってそうじゃないと交通処理ができないというと、その部分については9000億円入ってないと思いますから事業者がちゃんと作れよっていう話でございます。
我々としてはそう考えてですから、そういうものを付随したもの、これから改善をしていくものというものを加えていきますと、相当なところ、金額は増えていくだろうなというふうに思っております。
委員長小栗委員財政的にも大変規模が大きくなって大変だということもありますしそういう財政の面から見ても、私は今のこの計画自体をもっとコンパクトにっていうか、費用負担がそんなに重ならないような、何か超高層オフィスはやめるとか、そういうことも含めて考えていくことがやはり必要ではないかというふうに考えております。
先ほど質疑の中で、皆さんからの提案で過不足があれば、ぜひご提案お話あったんですけども、新しいたちはいえ、あの前から言ってますけれども、この計画全体をもっとコンパクトなものにそして緑や公園を中心としたものにもっと大胆に見直しをして、前から言ってますけど楊公園のせっかくの史跡を生かすそういうものを復元することも含めて、そういう計画に大胆に変更見直しをすることがいっぱい必要ではないかということを改めて提案。
あの要望があればっていうことだったんで、お伝えいたしますけれども、そういうことを含めてちょっと考えていかなくてはいけない。
もう勝ちとしたこの超高層ビルを中心とした5万人もの規模の人をどうやってサッカーっていうのが本当に大変な事態になりそうな中で、お金もどんどん上がりそうな、そういう計画になっている。
そのこの事態をやっぱりちゃんと地に足をつけたものに見直していくことが必要ではないかということを強く申し述べたいというふうに思います。
次に日本橋室町1丁目地区の件で質問をしたいと思います。
これはもう既に区道廃止の手続きが議会でも議決されて、今、解体工事も着手されようとしているような状況にありますけれども、この問題について2月のこの築地のこの委員会で、私があの区道の廃止について、周辺の住民に対して、これまで説明会が開かれていたのかという点を質問した際に、まち作り基本条例というそういう条例の中で、計画の概要が固まってきた中で、地域の方や代表者の方に対して、計画の説明会を行っていると後年、再生特別地区の中でトップの説明会ということでもやっているとその主を都市計画の手続きの中で、縦覧などを行いながら説明会をやってるということで、説明会はやってるんだというご答弁でした。
ですが、実際に地域の住民の方や、市周辺の方も含めて、そういうきちんとした区道廃止の説明会行われてないんじゃないかというようなあの声もずっとあって、審査請求もされてる方もいらっしゃるんですけれども、その中で、区道廃止について説明会はやっていなかったということを多くも認めたというふうに聞いてます。
これについても私も質問したときに説明会やってるっていうお話だったんですけども区道廃止についての説明会はやってないということに大町区も認めたということなので、この点はどうなっているのか。
まず説明をいただきたいというふうに思います",2025/11/12,築地等都市基盤
院長街作り事業担当課長,,2025/11/12,築地等都市基盤
街作り事業担当課長,"。
はい室町1丁目の再開発のあの区道廃止に関するご説明というところでございます。
審査請求のことに関しましてはこの場でお答えを差し控えたいと思いますけれども委員が今お話された区道廃止の説明会いわゆるこの名前の通りの説明会というものは確かに区としてはやっておりませんけれども、先ほど委員もご説明いただいたようにですね、区としましては、これまで工藤方で手続きをしているまち作り基本条例の例えば区と区民の協議、また都市計画手続きの中でのご説明こうした中ではきちんと計画概要さらには都市計画の図書これも再開発事業の方の図書の中でも道路の部分に関する記載がありまして、そうした当初のご説明をする中でも、いわゆるこの斎川座街区再編を伴っての再開発であって、こういうふうに道路の改変がされるんですよみたいな、そういったものをですねきちんとご説明をしているというところで私どもはこれまで区道廃止に関しましては、これはどの地区も共通指定でございますけれどもきちんと区としては説明をしてきたというところでございます。
また併せまして民間の事業者は区民事業者の方もですね、当然トップ提案の例えば説明会さらには都市計画決定以降の組合設立以降ですね、その中では十分権利者の方関係者の方にも都度ですねご説明をしているというふうに伺っておりまして区の方も丁寧に説明するよう指導しているところでございますのでなおこちらにつきましてはきちんと説明してきたという状況でございます以上です。
委員長小栗委員説明会の資料も見ますと、貫通道路になりますみたいなねそういう表記があったりしてこれ道路が付変わるのかなっていうそういう説明にはなってますけれども、工藤派は廃止されるんですっていうそういうはっきりした説明ふうに私もこれではわからないだろうなというふうに思ったんですけれども、区道そのものの廃止についての説明会っていうのは、区はやらないということになっているんでしょうかその度に都市計画のかかった地域の説明会としてはこういうふうになりますっていうのはわかりますけれども、それに伴って、この、この大切な区の道路は廃止されるんですよっていうそういう説明を区がきちんと行うということは、分けてちゃんとやってるのかという点をもう一度確認させていただきたいと思います",2025/11/12,築地等都市基盤
委員長町作り事業担当課長,、,2025/11/12,築地等都市基盤
まち作り事業担当課長,"。
はい。
宮藤廃止に関するよる単独のご説明というご趣旨だと理解しておりますけれども、黒羽医師の説明会をしなければならないといったような規定というのはそもそもございません。
あの区といたしましてはむしろ区道廃止そのものだけのご説明では、やはりなかなか理解しづらい部分だと思ってございます。
私ども区としてですね全てにおいて同配信認めていきますということでスタートしてるわけではなくて、きちんとやはり再開発の必要性またそこで実現するべきものそういったものを置きしやっていくために街区再編76度を廃止をしながら街区再編してこういう再開発をしていきますこういう施設機能を新しくきちっと作って街を更新していきますということを一緒にご説明をしないと、やはりこれはなかなか理解がしづらい部分だろうというふうに認識してございますので今のご質問の部分でいきますと工藤羽石嶽の部分での説明会っていうのはする予定はございません。
以上です。
委員長藤委員それだけ単独でやっても逆にわかりつらいつらいっていうこともあるかもしれませんけれども、ちゃんとくんの責任でその再開発のあの事業、事業者が説明するだけではなくて区が関わるその区の管理する道路を廃止することになるんですっていうことをきちんと説明をし、理解も得られるように皆さんのちゃんと説明会の場もきちっと持つということが私は必要だというふうに思いますし、他の区ではちゃんとやっているというふうに聞いているのでぜひその辺はあの改善をしていただきたいというふうに思います。
この保険に関連して区道の廃止の執行を停止して欲しいっていうそういう要求に対しては、既に通行の通行の用に供しているから、執行停止はしないと、そういう回答だったということです。
つまり駆動を廃止して通れなくなるようなことをやめて欲しいっていう。
要望に対して、まだちゃんと通行の多い通行できるようになってるから、その御要望は認められませんよと、そういうことだというふうに思うんですけれどもそういう理解でいいのか。
通行の用に供しているなら廃道にする条件一般に供する必要がなくなったというそういう条件に逆に当てはまらないということになるのではないかと思いますけれども、この辺についての見解をお伺いしたいと思います",2025/11/12,築地等都市基盤
議長環境部参事官共同副参事,"。
はい。
道路の移動の手続き等についてですけども、道路管理者として道路を管理する必要性がなくなってるっていうところで言うと、一般のように、競争力その後ですね、今回の場合で言いますと、異動後事業者の方の元管理がそのままなされ、いずれ事業の中でですね通行止めとして一時期通行止めになるということもあるとは思いますけども、肺臓した後ですね、約2ヶ月間は区の方の管理のもと占用物件の整理だとか、そういうものを行った上で、2ヶ月後、そういった間でですね、あの事業者に引き継いでいくということで、そのまま今現在は利用者の方の管理のもと、存在してるというところでございます。
以上でございます。
委員長森委員今はまだ通れますけれども、12月1日から封鎖されますというそういうお知らせが出て通れなくなるということになっているようです。
この問題でお伺いしたときに、工事中も人が通れるくらいの通路はできますよって私聞いたような気がするんですけども、もう全部この町工場のあの部分を閉鎖してしまって、使うと業者の方が使うということに成っていて、とても不便だし、そんな話聞いてないという不安の声もね、広がってます。
なのでこの点でも問題があるのではないかというふうに思いますけれども工事中もう人があそこはあの広い広いというか。
室町工事っていうね重要なこの名前もついてるような道路なので、きちんと工事中も票が取れるようにしてしかるべきではないかというふうに思いますけれども、今の計画で言えば、な、何年間で何年間と、あの通行ができないのかということも併せてご答弁いただきたいというふうに思います。
院長街作り事業担当課長街作り事業担当課長はい。
12月から封鎖されるというところのお話ですけれどもちょっと最新のですねこちらの組合の方でどのように今その工事考えてその封鎖してっていうのはその考え状況につきましては確認をさしていただきたいと思っております。
しかし区といたしましてはどの地区も共通して、やはりあの工事っていうのは周辺の方々にやはり影響が及ぼすものでございますのでそこはまず安全性も含めてですけれども、丁寧に例えば海がどうなってですとか、どういう時間帯でどういう車両がどういう影響があるかっていうところについては、丁寧に皆さんにご説明するように指導してきているところでございまして、こちらの月につきましても状況をちょっと確認させていただきながら、こちらの部分については指導を押していきたいというふうに思ってございます。
以上です。
委員長小栗委員マクドの廃止を含む、そういう再開発の計画中国では各所で行われていますけれども、御説明会きちんとした説明会はもとより、区民の意見や周辺の人たちへの多い意見の聴取などもきちんと行う民主的な方法でそういう計画、まち作りを段取りをちゃんと踏んでやっていただくというのが当然だと思いますので、その辺できちんとした方法でやっていっていただけるように強く要望したいというふうに思います。
そういうそこの道路が使えないということも含めて、そういう、どういう工事になるかという説明会はやられているという。
ことでいいのか。
としてどのように認識されているのか、その点だけ再度お答えいただければと思います",2025/11/12,築地等都市基盤
院長街作り事業担当課長,,2025/11/12,築地等都市基盤
街作り事業担当課長,"。
はい。
先ほどもご答弁させていただきましたけれども最新のですねの状況につきましては、後ほど確認利用させていただきたいと思いますけれども、しかるべきタイミングできちんと組合の方には関係者の方々に丁寧にご説明するようこれまでも指導してきているところでございますので、引き続きそのように対応していきたいと思ってございます以上でございます。
小栗委員今までもどの再開発の同区道廃止でもその問題に限っての説明会は中国ではやってこなかったということでいいのかその点だけもう一度確認をさせていただいて他の区ではきちんとやっているということを聞いてますので、ぜひその辺は改善いただきたいと思うんですけれども、今までも全然その区道廃止を伴う計画について、区、それに特化した。
ていう角度の廃止をきちんと説明するための説明会は開かれていなかったのかという点についてお願いしたいと思います。
院長街作り事業担当課長吉藤事業担当課長はい。
工藤羽石のご説明というところでございますけれども、繰り返しで恐縮でございますが、やはり自治体によってですね先ほど王委員がおっしゃった区道の廃止の名前の通りのその単独の説明会を開くのか。
私ども中央区としては先ほどご答弁しましたように、やはりわかりづらさもありますしそこは丁寧にという観点でですね、再開発そういう計画も含めて、総合的にご説明をさしていただくそれは自治体の判断だと思ってございます。
中央区といたしましては、これまでの再開発もそうですけれども、ぜひ区道を単独での区道廃止に関する単独のご説明というよりかは、これまで通りですねしかるべきその手続きの中できちんとその丁寧に計画概要を含めて総合的にお伝えをしていくそれであの理解を求めていく、このような形で進めていくものでございます以上です。
委員長小栗委員丁寧にやってきたというお話ですけれども、やはりあちこちの開発の中でも、なかなかどういう開発が行われるのかっていうのがもう、計画が決まってからでないときちんとそうした説明会も開かれないというようなことで、いろいろ地域の中での問題ななども引き起こすような事態も各地で起きていますし、きちんとした説明とかもちろんなんですけども、そういうまち作りの進め方についても、きちんと丁寧にやっていていただくように求めて質問は終わりたいと思います。
ありがとうございます。
次の次お願いします",2025/11/12,築地等都市基盤
葛原委員,"はい。
参政党の黒原ですよろしくお願いいたします私からは2点都心臨海地下鉄申請線についてとあと駐輪場について伺いたいと思いますまず新鮮でございますが先日の大会が開かれまして改めて一致結束して、皆で盛り上げていこうということで良いか良い大会だったのかなと思っております。
また一層より関係者が集まるようになればいいのかなと思いますが会の中でも毎回あるんだと認識しておりますけれども、あの早期実現を目指そうということでですね、2030年を目指してやれば、実行としては目標の2040年というところに達するのではないかというご発言もありましたですね先ほど全員からも築地再開発の方でお話がありましたけれどもやはり現実的には資材高騰であったりとかですね人材人手不足というようなところも含めて区自体もですね再開発計画見直しが要るんじゃないかというようなご発言もある中でですね、この非常に大きな話がですねどれほど実際に目標に向かってやっていけるのかというところの現在の所感をですねぜひお聞かせいただければなと思っております。
国家プロジェクトということに相当すればですねもちろんその方向になるかと思いますがあの資金面については逆に、むしろは国がかなり支援そういう方向になればですね、支援していただけるのかなという淡い期待はありますけれども、やはり実際の工事ですね。
このこれだけの大規模なものをですね、私としてはやはりその晴美のことを考えます本当に早期にやらなければいけない案件なんだろうなということは大変大きな期待をしておりますけれども、現状の区としてのですね、直近のこの環境変化におけるですねしか申請の今後の行く末といいますかちょっと言い方悪いですけれどもぜひお考えを聞きたいと思いますお願いいたします。
委員長",2025/11/12,築地等都市基盤
交通課長,,2025/11/12,築地等都市基盤
交通課長,"はい。
地下鉄審査についてでございます。
地下鉄審査につきましては、やはりですね晴海であったりかちどきそういった臨海部方面の人口が増加する中で、今、例えば晴海通りを通っているとバス、そういったものが大変混雑しているとそういった状況をやはり改善するには、根本的にはやはり地下鉄申請のような大量輸送機関、これが早期に開通させる、それが急務であるというふうに認識してございますそういった中で、先日のその推進大会の中でも、やはり2030年代を目指していくそういった強い言葉は区長の方からもあったというところでございます。
そういう中でですね、やはり委員の方から今お話あった通り、地下鉄申請については元々令和6年に出している東京都の失礼しました。
東京都の事業計画案、この中でも、5000億以上の資金がかかるというような事業計画案こちらも出されてございます。
それをですね、やはりその金額をですね、今後東京都の方でしっかり精査をされるというふうに思っておりますけども、やはり近年の資材高騰の中で、その金額というのも上がってくるものかというふうに認識しておりますそういった中で、どういうふうにその地下鉄新線の事業スキームをしっかりと組み立てていくのか。
そのあたりは、現在東京都の方でも検討しているというふうに聞いてございますので、そういったところをしっかり注視しながら、着実にですね地下鉄申請ができるように、引き続き東京都の方に働きかけていきたいというふうに考えてございます。
以上でございます",2025/11/12,築地等都市基盤
倉原委員,"はいご答弁ありがとうございました。
あのとの方のですね働きかけも、より一層していただくということで、ぱもちろん、染前明言できる話ではないと重々承知してはおりますので、なかなか難しいとは思いますがやはり現実的にどこまでやれるんだというところがですね、今後の晴美のありようにも大きく関わってくるのかなという思いはございますので改めてですね、多くの方を巻き込みつつですね特に国については早々に動いていただくという流れをもちろん、常日頃されているという認識ではございますけれども、改めてお願いをしたいと思っておりますよろしくお願い申し上げます。
ちょっと蛇足的な話ですけれども、私から見ますあくまで私から見ますとですね今ご答弁にもありましたようにですねやっぱり春木の地域って私は結構交通的には本当に不足しているというかいわゆる区民の方が生活圏内としてですね、出勤についてはBRTが使えるという要素があっていいのかなと思ってるんですけれども。
日々の生き甲斐であったり街そのものがですね単独でまだまだ成立する生活用品ですとかそういったところの調達も含めてですね、晴海よりはやはりちょっと外に出ていくというところがですね必要なのかなと感じております。
そうしたところはですね電車ができるできないっていうところがですね本当に大きな影響になるというふうに多くの方がさらに望んでおられるようになるという環境作りにすると、もちろん皆様、ご認識の通りだと思いますけれどもぜひそうした環境がですね早期実現するように改めてお願い申し上げたいと思います。
失礼いたしましたそれからですね駐輪場についてでございます。
こちらの報告事項にはありませんでしたけれどもさっきの11月7日の環境建設委員会で八重洲の方でですね、整備課されるということをご報告いただいて、久世でこちらにつきましては、区立ということでですね建てるということで、この自転車の利用というものが私もよく使って、日々使っておりますのでやはり区の活性化の一つにするのかなと思いますけれども今後予定しているこの駐輪場の整備ですね、かなりもうちょっと所管から外れるかもしれませんが自転車活用推進計画等を見ますとかなりポイントポイントには既に整備されているのかなと思いますけれども今後のですね、動きといいますか、予定されている場所ですとか、そういったところがあればですね改めてお知らせいただきたいと思いますお願いいたします。
委員長",2025/11/12,築地等都市基盤
交通課長交通課長,"はい。
駐輪場についてでございます。
先般行われました環境建設委員会の中でもご報告させていただいただいているんですけども八重洲1丁目の方でですね、開発事業と合わせて、八重洲1丁目地下駐輪場というものを整備してございます。
こちらについては令和8年の4月の供用開始を目指して、今調整をしているところでございます。
一方でですね今後他のところで駐輪場の整備というところなんですけども周辺のですね再開発事業に合わせて、そういう開発事業事業の中で、公共的駐輪場ということで、あくまで民設民営の駐輪場ではあるんですけども、区の働きかけのもと、各駐輪場を作っていただいているというようなところがございます。
例えばですね、ずっ先ほどの八重洲の周辺ですと安い。
八重洲2丁目中地区という開発事業が行われているんですけども、この中でも公共的駐輪場というものを、今、250台ほどですね、確保すべく、協議調整の方しているところでございます。
以上でございます",2025/11/12,築地等都市基盤
倉原委員,"はい、ご答弁ありがとうございました。
民設民営の方もですね進めていくというか要請していくということで私日々自転車使っていますとですね一時利用の駐輪場っていうのがもっとあるといいなというのが率直なところでして特にですね来年度4月からまた自転車の違反といいますか、法令の方もですね罰則も厳しくなるという環境もある中でですね、彼、正面から見ますと、自転車持っていくのは本当にできるのかなと心配になるぐらいですね。
簡単に切られ安そうだなという印象があります。
駐輪場自体はですねそれそのものというよりかはあくまで違法駐輪ということで撤去される可能性があるということであるんですけれども、中央区の中でこの自転車活用というものを進めていく中でですね、やっぱり単純に止めれる場所が明確にあるというところが特に地上においてですね、整備されているとよりいいのかなと思っております地下は土地ですと単純に入口がなかなか区民の方に伝わってないみたいな話もあるようで、利用率を見ると、そ、そこがやっぱり使われてないという話は過去のご指摘というか質疑の中でもあったように記憶しておりますので、ぜひそうした充実をですね、改めてお願いしたいと思いますし、でき、七條ということは私からも申し述べさせていただきます。
以上で質問を終わります。
副委員長の発言議題とし再生のまちづくりおよび基盤整備等に関すること並びに築地市場跡地における月井地区まちづくり事業に関することについては、継続審査ということでよろしいでしょうか？第4回区議会定例会における委員長報告の取り扱いについては、正副委員長一任ということでよろしいでしょうか？はい。
はい。
これをもちまして、築地等都市基盤対策特別委員会を閉会とさせていただきます。
ありがとうございました。",2025/11/12,築地等都市基盤
委員長防災危機管理室長,,2025/11/14,防災等安全対策
防災危機管理室長,"はい。
私からは資料1、中央安全安心メールによる防犯情報の配信状況等についてをご説明いたします。
失礼いたします。
防犯、地震や気象に関する情報を区民等へ配信しております。
中央安全安心メールの登録登録者数や配信状況等を報告するものでございます。
まず1の登録者数でございます。
令和6年度末における登録者数は7000人となっており、前年度末に比べて555人の増となっております。
情報種別登録者数につきましては、最も多くの方が登録しているのが、地震情報で81.0%次いで防犯情報が76.8%気象警報注意報が69.5%、以下、表に記載しております順となっております。
また言語登録者数につきましては61人で銀行別の登録者の内訳は記載の通りでございます。
次に、2の防犯情報の配信状況でございます。
令和6年度の配信件数は117件で、前年度と比較すると21件の減となっており、振り込め詐欺の減が主な要因でございます。
配信内容は、還付金詐欺などの振り込め詐欺が82件で最も多く、次いで不審者情報の25件となっております。
今後とも、区民の安全安心に向けて積極的な配信に努めてまいります。
私からの説明は以上でございます。
都市整備部長私からは資料の2、中央区耐震改修促進計画の改定についてをご報告させていただきます。
座ってさしていただきます。
恐れ入ります適宜拡大されてご覧をいただければと思います。
1の改定の経緯ですが、区では、国や都の動向を踏まえ、5年ごとに計画の改定を行っており、令和3年3月の改定から5年が経過することから、今年度末の改定を行うものでございます。
2の改定の概要ですが、大きく3点ありまして、一つ目が令和12年までの5ヶ年計画とし、建築物の種類ごとに耐震化の目標を再設定いたします。
二つ目が、近年の地震による被害を踏まえ、2000年基準の施行以前に建てられた住宅も含めた耐震化の目標や、特定緊急輸送道路沿道建築物の耐震化の目標を新たに設定いたします。
3点目が、2000年基準の施行以前に建てられた木造住宅および木造建築物に対する支援を新たに追加するとともに、新耐震基準の施行以前に建てられた住宅や緊急輸送道路等に係る建築物に対する支援を拡充してまいります。
3の耐震化率の現状と目標の変化ですが、一番左側の令和2年の策定時期と比べ、中ほど、令和7年時点では、耐震化率はいずれの項目も上がっていることがうかがえます。
またその右側、今回の改定目標ですが、もう一つ右側の東京都の目標設定を踏まえつつ、本区のこれまでの進捗勘案して定めてございます。
恐れ入ります。
1ページ、2ページ目を御覧ください。
4の耐震化に対する支援ですが、記載の4点について、今回の計画に盛り込み、来年度からの予算化を検討してまいります。
5の耐震化を促進するための環境整備ですが、耐震促進協議会の運営による普及啓発を初め、アドバイザー派遣、パンフレットなど様々なツールを活用しての普及啓発都費の活用など多角的に取り組みを進めてまいります。
6の今後のスケジュールですが、パブリックコメントをこの後実施の上、今年度末に計画の改定を予定してございます。
その次のページ、参考ですが、中央区内の耐震化の現状として、現行計画に対する達成率等をお示ししてございます。
またその次のページには、別紙1として今回の耐震改修促進計画の素案をさらにページ進みまして30ページ目には、別紙2として、中国住宅耐震化緊急促進アクションプログラムの素案を掲載してございます。
後ほどご覧いただければと思います。
資料2の説明および私からの報告は以上です。
ありがとうございます。
それでは、発言の持ち時間制につきましては既にご承知の通りですので、よろしくお願いします。
ただいまの時刻は午後1時36分です。
自由民主党71分かがやき中央37分立憲民主党無所属37人、公明党37無所属無会派は10分となります。
それでは質疑に入ります。
発言を願います。
青木委員それではいくつかお尋ねしてまいりますよろしくお願いいたしますまずは、技術報告にありました中央区耐震改修促進計画の改定についてということで、確かに読むの大変だったんです。
ですけれども読んでみまして、やはり一番大事なのは、最初に出てくる資料2のページだと思いました。
ここでですね、現行の耐震率改定案が出ているわけですが、その中で、住宅住宅についてはほぼ95%前後ありますので、安心できる数字かなとは思っておりますが、民間特定建築物こちらが大勢の方が民間特定建築物ですね多数の方が利用する建築物学校や病院などとありました。
こちらがまだあの数値が令和2年の時点で87.7%でこのときの目標が令和7年までに95%でした。
先ほどのご説明の中で上がっていると、数値は上がっているとは。
味をご説明ありましたが、87.7%から88.4%、令和7年で88.4%ですので、それほど上がってはいないのではないか。
要は、この目標である95%、令和7年、今年までの目標であった95%これが新たに令和12年改訂案として、令和12年に95%ということですので、平たく言えば、この目標95%を5年間先延ばしにする。
のかなというふうに捉えたんですがその点はいかがでしょう。
そして今の時期ってね人件費の問題ですとか大変なことは理解はしておりますが、このあまり民間特定建築物において、体験率上がらなかった理由などを教えていただければと思います",2025/11/14,防災等安全対策
院長建築課長建築課長,"はい。
民間特定建築物の耐震化についてのご質問ですそのご説明の通りご案内の通りですね民間特定建築物については多数の方が利用する建物のうちですね。
あの規模が大きいものを延べ床面積で1000平米超えたり改正等についてはその建物用途ごとに定められているところでございます。
こちらの方はまさにご案内の通りですね伸びについては、令和2年のときから令和7年にかけて0.7%というような0.7ポイントの伸びというようなところに今住宅に比べれば少しまとまっているかなというところがございます。
まず目標設定の考え方についてです95%現行の計画でも95%としておりますし今まさに素案を超えて報告させていただいているものについても95%としております。
まず一つはですね東京都との整合を図っているというのが一つございます。
東京都の方も現行の計画の中で95%というものを目標として定めていると区としても全体でそれを目指すのであれば、その人も区としてもですね95%という目標を掲げながらその達成に向けて取り組んでいくべきかなというところでこの数字の方でしたというところでございます。
この目標についてもですね達成できる目標という形で設定しているというよりは、やはり目指すべき目標として設定しているというところがございます。
ですので例えば伸びが0.7ポイントしか伸びてなかったから5年後は、例えば88.4%に0.7ポイント、おおたした数値っていうのが例えば現実的といえば元気かもしれないんですが、やはり目指すべきは島全体でやろうとしているそれに対して区としてもしっかりその一翼を担うような取り組みをしていこうというところで、95%という目標を立てているところでございます。
もう一つ伸び悩んだ理由というところでございます。
区の方では様々ですね耐震化についての御支援策の方を用意しているところです。
やはりこの支援策もですね一般的な住宅人がお住まいになるところと、あとはそれ以外の非住宅というところでですね、同じ女性というよりはですねやはりまず住宅の方、人が住み暮らしているそこにしっかり言い当てていくというところで少し支援の程度が異なっているという具体的に言いますと、耐震助成についてはこちらの方でしっかり女性の方させて非住宅についてはさせていただいてるところなんですがその改修工事につきましては、まずは住宅の方はしっかりやっていくというところで住宅については、工事に対する助成を行っている。
それがまだこの非住宅に対して工事費まで助成するというところには至ってないというところでございます。
一方で当然耐震化を図っていくことは大変重要ですので、様々な機会を捉えて中でですね耐震化についての啓発だとかあと働きかけというものを民間特定品地区別についても行っているところとなってございます。
以上です。
青木委員おっしゃる通り、住宅が重要である。
区民の方住んでいらっしゃいますのでなのでこの住宅についてはほぼ95%を超えている。
この点については私も素晴らしいと思います東京都の目標が民間特定建築物ですね。
東京都の目標が95%ですので、同じに設定したというご説明もわかりますが、住宅の方まで、住宅の方でこれだけ耐性率を上げることができるというノウハウが中国にはあるということですので、今度、次はですね、民間特定建築物の方もしっかりと数値を伸ばして5年間でいただきたい。
ちょっと気になる表現がありまして目標目標であり、達成しなくてもいいとおっしゃいませんって言ったら、目標っていうのは達成すべきものだと私は思っています。
毎年、あの皆さん、年の初めに目標を立てて、それを達成するために区も皆さんも頑張っていることと思いますので、ぜひ5年後には達成をして、いただきたいとエールを送りたいと続きまして、所属昨日Fインフルエンザについて、なフットが警報基準を超えたとして、13日昨日流行警報を発表しましたこの流行警報というのは、出るものなんですが、これが11月に出るのは2009年以来16年ぶりということで、やはりあのニュースなどでも度々言われていましたが、インフルエンザにかかる。
方、あるいは波というのが早くやってきたということは言われておりましたらこうして現実的に数値として11月に警報が出るのは16年ぶりということで、私達もできることは注意を個人的にもしなければいけませんし、区民の皆さんに訴えていくところは訴えていく広報に力を入れていくなど様々な対策がまた重要になってくると思います。
そこで現在の中央区内のインフルエンザ罹患率、それから学校ですね。
これでもどれくらいの子供たち保護者の方から学校が休校になったっていうようなことは、クラス単位です。
耳にすることはありますが、数値として教えていただければと思います。
保健所長今お話がございました通り東京都では45週11月3日から9日の発生動向調査において、警報基準を超えたということでさく事実、プレス発表があったかと存じます。
中央区の方では、現在、定点あたり16程度の報告数で東京都全体から見ますと、比較的少ない方のほ報告件数となっております。
実績この警報なんですけれども、インフルエンザの警報は定点当たり30人以上で1週間で報告があった。
という場所がその基準を超えた保健所の管内人口の合計が東京都の人口全体の30%を超えたときに発令されるというルールになっておりますので、中国はまだその基準に達していないという状況でございます。
集団感染の方ですけれども、4月1日以降11月上旬までで、インフルエンザは小学校では18件18施設ですね。
保育園では8施設幼稚園では3施設、中学校では2施設で、集団発生、また学級閉鎖等が報告されている状況でございます。
青木ありがとうございます。
保健所から数値を公表されておりまして、以前は週をまたいで週末をまたいで翌週に出されていた数値がその週のものが金曜日に出るようになります。
土日の休日診療に役立てることができる、あるいは各家庭でもそれをもとに対策をとることができできるということで、金曜日につまり今日ですね、その結果について出していただけるようになったことは発生動向調査週報ですね。
正確には中央区感染症発生動向調査週報、これが10月27日から11月2日の分が今日既に出ているということでこれは私達の会派としてもお願いをしてきたことですので、大変有難うございます。
その中身ですが、今城をご答弁を聞いた感じではちょっとあの期間があまり感じられなかったいつもそういう状況にもっとすごい状況も経験していらっしゃるのでそうなるのかもしれませんが、やはりですね、普通に都が警報を出したと。
11月に警報が出るのは2009年以来16年ぶりとなるとかなりやはり普通の人は危機感を感じるものですので、その点はしっかりと皆さんに危機感を煽ることだけが重要ではありませんが、そのために予防をしっかりとやっていきましょう。
というようなことをまた改めて保健所の方からも呼びかけていただきたいと思います。
確かに、この表を見ますとこの山ですねピークになる山が2ヶ月早い。
インフルエンザですが、2ヶ月早いということがわかります。
これ私が見てもわかるようなグラフになっていますので、ぜひこれ発表されていますので、皆さんにもおすすめしたいあの議員の皆さんにも確認したいと思います。
出してくださいありがとうございます。
それではインフルエンザですね。
防災拠点のことについていくつかお聞きしてまいります。
委員長　特別委員会は今年は今日が最後ということですので、ちょっと今年をまとめてということで年度末にもまたまとめはあるかと思いますが防災拠点運営委員会ですね、区内に24ヶ所ありまして、運営委員会を開く。
回数ですとかあとは訓練、この時期なども、それぞれの24ヶ所それぞれの防災拠点で違うようです。
いずれにしましても、防災、訓練は終わっているようですので、ちょっと1年を振り返りまして、何か気になることあるいは今後の課題などありましたらお伝えいただければと思います。
委員長",2025/11/14,防災等安全対策
3次総務部参事,"はい防災拠点運営委員会の活動についてでございます。
今ちょっと一点まず前提として、24委員会ではなく24施設、22委員会でございます。
今ご案内の通り、各委員会とももう本当に訓練真っ盛りということで実は212月の7日が最終の訓練日になってるのでまだ道半ばというところでございますが多くの拠点訓練は実はもう半分過ぎてるというところでございます。
今ちょっとですねいろいろいくつか課題感を持ってるのは当然我々今年よりも来年というところの部分の視点を持って振り返り等してございますが、まず一つはですね、今、委員の皆様方の意識がやはり相当相対的な上がっている。
それに応じてですね防災拠点運営委員会では住民参加の訓練と委員訓練を分けてやりたい。
いいはいいんでそれぞれきちんと自分の持ち場だったり自分の役割を委員訓練の中で特に拠点の開設から始まって、拠点本部の立ち上げ、そして学校長での施設管理者である学校長副校長先生との連携というところを、実訓練場の中に反映して、やっぱ土木んだということを確認したいというところが、広がりとして見てミシミシということであります。
我々そこは当然のことながら質一体となってですね、支援している中で、やはり我々が持っている知見といいますか見方行政としての見方であったりあった方がいいというところもやっぱり職員共々ですね、委員訓練に良い方策服着てですね、参画しながらっていうところの話を実はしてます。
なのでそこのまず消防の動きというところが少しちょっと一段ギアが上がってるといいますかちょっとそこがこれからちょっと毎年そういうふうな形の訓練を重ねることによって、習熟度の高まり、皆様々な役割がある種広がりとして出てくるところを期待しているというところでございます。
それから一方でですねここも従来からご案内している通り、防災拠点のメーカーの委員皆様方がある種固定化してきたり、高齢化しているというところ今委員訓練の話しましたけど、実は委員の中の皆様方にも必ずしも自分が本当にさっさと走ってまでは言いませんけどすぐさま拠点に駆けつけられるかわからない。
なぜ高齢だからさっていうところの話は実は聞こえてきます。
それとやっぱり自分のご自身のマンションマンションという以前に55地震それからご家族の確認とともにマンションの点検確認をしながら拠点に向かうというところのオペレーションはやっぱ実際上イメージされておりますので実はやっぱり委員の数そのものをやっぱり少し拡充していきたいという動きも実は出ております。
やっぱ委員はなるべくそこは共通理解として町の防災の担い手として、数多い方がいいというところも含めましてというところで、実はそこの部分も我々聖域管理課として何か手伝えることっていうところの支援を考えているところでございます。
最後はやはりちょっとどうしてもそこはやっぱり我々気になるのは、いかにその少ない人数で最大限の効果的な消防対応できるというのは皆様方の共通の話でございますので、これはマニュアルというところと、例えばアクションカードみたいなコード支所みたいなところをやっぱきちんと配備しながらというところですね。
皆様方とお話し合いというところの話を今現状しているところでございます。
いずれにしましてもこの各拠点のそれぞれの地域性さらには委員の考え方、あるいは委員長からみたいなものもございまして、我々そそこはもう本当に各拠点のご意見にきちっと耳を傾けながら寄り添ってですね、やっぱ本当に伴走して我々地域防災力の強化を日々職員証なってですね、図っているとを図っていきたいというふうに考えてるとこでございます。
以上です。
青木委員どうもありがとうございました。
大変勉強になります最初におっしゃった。
委員を増やしていこうというのは、実は私自身も感じたことで、以前は単に区民、そしてそれぞれの防災拠点の訓練に出しております。
今回初めて防災拠点委員として参加したんですが、やはりやるべきことが違うので、まず重要なのは、やるべきことが頭に頭の中に入っている。
その順番も入っている。
全員がリーダーとなってやっていく必要があるということを大変感じました。
で、今回は訓練で皆さん、その前々から日程もわかって準備しておりますので全員参加することができましたが、実際はそんなことはあり得ないわけでそう考えると、やはりこの実際に責任を持って動かす順番を決めるといった決定権のある方ですね、この委員を増やして、いただきたいなというのは本当に私も感じておりましたので、よろしくお願いいたします。
高齢化については、やはりあると思いますが皆さん、そうこういう使命を持っていらっしゃるだけに、大変元気なんですね大変元気でいらっしゃる。
ですが、やはりそこはその方々プラス若い方にも入って、例えば息子世代、お嬢さん世代の方に入っていただいて繋いでいく。
ということは大事だと思いました。
ずっと高齢者ばかりになっているとその方がいなくなったときにそのノウハウが意外と受け継がれていない。
そこが問題なんですね。
普段から若い方を育てていくべきだと思います。
そしてその上の高齢者の方が安心して止められるような体制作りは重要だと思いました。
それでは、そのままですね防災協定についてお尋ねしますが、防災訓練には、医療救護所としての役割もありますので、ドクターは1人ずつもう決まっているんだ。
ドクターが効率よく働くためにも、看護師、あるいは何かどちらかというと薬剤師が重要であると薬をすぐ出せるようにという意見がありました。
それからあの防災士も始まり区がお金を出して要請をするという、防災士の応募が始まっておりますが、最終的にはこの防災士も一つの拠点ごとに1人か2人は配置できるようになればいいなと思っておりますが今日は防災士については今どれくらい応募が来ているがこれ前回もお聞きしました。
思ったより集まっていた。
記憶があるんですが、総合冊子の実人数ですねそれから看護師、薬剤師救護所における看護師、薬剤師について、ちょっと考えをお聞かせください。
この3次総務部参事まず私の方からは防災士でございます。
当初ご案内の通り定員30名としながら30名とさせていただいて、先着順というところで、そこの要件がご案内の通り、優良マンションであったり、防災拠点運営委員会さらには防災区民組織等からの推薦、いうところの話の枠組みでスタートしたところで現状今30名を超えて33名をもって最終締め切りとさせていただいたので、今年度は33人の防災士というところの部分でございます。
まず後半の方の申し込みの部分については、この11月とか、あるいは来月の12月講習研修を受けるというところの予定を聞いてございまして、まずその結果はこれからでございますけれども、その方々がいざ地域のやっぱりリーダーとなって、拠点だったり、それぞれのマンションでご活躍するっていうところを、我々きちっと大切にしていきたい。
そのように考えてるとこでございます。
私からは以上です。
副部長すいません。
看護師等については今日ちょっと担当課長おりませんので、私の方からお答えをさせていただきたいと思いますが医療救護所につきましては、まず医師のお話がありましたが、医師も特別1人ということではなくてですね。
当然防災拠点の規模、規模によって違いますんで、そこは間医師と看護師、セットで医師会の方にそれぞれお願いをしているところでございます。
その中で基本的には派遣をしていただく、それから薬剤師につきましては薬剤師会と調整をしてございまして、各薬剤師会の方で各防災拠点への派遣する薬剤師ですとか、それから薬に関しては、当然そこに備蓄してるもの足りない場合もございますそれを薬剤師会としてバックアップする体制、これも薬剤師会に基づきいただいてるというとこでございます。
また、看護師等につきましては、医師会に頼んでる部分はあるんですけれども、実際発生する時間帯ですとか、によっては集合し、できない場合もございますので、そういった場合のために区内の病院に勤めていないよう枠外に勤めてらっしゃるお医者さん、あるいは看護師さんこれを別枠で区の方で募集をかけてございまして申し訳ございません人数は手持ちでないんであれなんすけどもそういった方々にもお手伝いいただけるような、要は夜間で区内の医療機関にお医者さんや看護師がいなかった場合には、逆に屋外の病院に勤めている区内にお住まいのお医者さん、看護師さんにお手伝いいただく、こういった体制をとっているところでございます。
青木委員まずは、防災士33名からスタート組研修がスタートということで、目標の30名を超えたということで素晴らしいと思います。
ぜひ続けていっていただきたい33名のまずは防災士が誕生すれば、多分それは続いていくということですので、応援したいと思います。
それからすいません。
私の認識不足で、そこはきちんとドクターと看護師さんセットで1週間にはお願いして、薬剤師の方も薬剤師会にお願いをしてある。
ということで安心をいたしました。
ありがとうございます。
続きましてもうマンション防災について二つ目三つお尋ねしたいと思います防災キャビネットと関心ブローカーと書籍このところやはりその防災に関する備品なり必要なものがちゃんと申し込めば無料でもらえると、無料で配布されるという。
これは素晴らしいことだと思います。
例えばですね、マンションの防災キャビネット、これは申し込み期間が令和6年昨年9月から7年12月ですのでまだ間に合う。
ということですね。
それから、関心ブレーカーの方は7月1日、令和6年の7月1日から12月27日金曜日ですので、こちらはもう終わったのでしょうかあるいはまたさらにこれが延長された。
でしょうか？お聞きしたいのはこうした必要なものをきちんと情報を捉えている。
毎回区のお知らせを読んでいるような方でしたら、あとマンションの管理理事会の方々がしっかり情報を把握しておけば、本当に中央区は重要なものを無料でちゃんと配布しているということがある。
ただしこれは伝わらないともったいない。
あるいは、私も去年はい。
失敗したんですが、申し込み期間が終わって思い出してしまったんです。
ね、そういうこともありますので例えばこの防災キャビネットと感震ブレーカーについてどれくらいのお申し込みがあってそしてそれが既に配布し終わっているかなど、あるいはご覧になっていて、改善できそうなこと、あるいは良かったことなどありましたら全体的にご意見をご感想をいただければと思います。
委員長防災危機管理室長尾崎寛力著防災危機管理室長はい。
今エレベーターキャビネットまた関心ブレーカーの件でご質問いただきまして、エレベーターキャビネットにつきましてはご案内の通り昨年の9月から今年の12月の26日までということで、現在も配分をしているところでございまして、正確な数字としては7月末現在のものしか持ち合わせていないんですけれども数としてはキャビネ、その台数で770ということで、毎月その後ですね、大体50台ぐらいずつ教養と報じておりますので、これよりも数は増えていて、さらに最後の駆け込みじゃないですけれども、12月の1日号の区のお知らせの方に12月の26日での申し込みを締め切りますのでぜひこの機会にお申し込みくださいっていうご案内の方させていただくところでございます。
あの防災拠点運営委員会とか様々な機会でも周知の方させていただいておりまして、少し反応の方はきておりますので、最後の追い込みといったところでしっかりと成果の方出していきたいなというふうに思ってございます。
はい関心ブレーカーの方でございますがこちら令和6年の6月から7年の1月までということで、取り組みの方させていただいておりまして、トータルで615ですかね簡易型が615そしてコンセント型が136ですから、合計751という形で配布の方させていただいております。
こちらそれ以降もですねカタログギフトの方でもそうしたものがございましたので、そこでの実績も少し出ておりますので、そういったところの配布をいたしまして、効果というかその実際に地震が来てこのブレーカーが止まったわけじゃありませんのでそうした目に見えた効果というのは、これからでございますが、安心感という意味で4時の際にそのコンセントの電気を止めるといったところでも非常に効果が出ているといったところでございます。
以上でございます。
青木委員ありがとうございました。
そうですね。
駆け込み意外と多いですね。
なので12月1日以降でまたお知らせが出るということがとてもいいアイディアだと思います防災キャビネットと感震ブレーカーについては、本当に今、770という数字もありましたが引き続き重要なものは時期を見ながら続けていっていただければと思います。
時給見ながら続けていっていただきたい。
あの、身近なものであの衝撃があります。
この小瀧は、何でしょう。
ちょっと今出した防災キャビネットと関心ブレーカーとは性格が違うといいますか。
こちらは40%と福田もちょっと40%オフになるということの確認と、あと調べたんですけれども例は、5年6年1年と、例えば今年ですね令和7年度ですと、申し込み期間が令和7年9月1日から11月30日と入れず短い。
ですが、ただしこれって、あの、毎年やっているんでしょうか？毎年見てみると全く同じ重なってはいないんですが、大体毎年やっているのかなという質問です。
以上総務部参事総務部参事消火器設置の促進事業という形である開始しましたのは事業会社としては令和5年度から、でございます。
それぞれの強化液の購入のみとか、あるいは回収というところの話の部分については、実態的に今ご紹介した令和5年度の実績総本数としては、261本令和6年度につきましては447本をというところの実績でございます。
一旦着実に上がってるんですけど、この部分はですね、先ほども話題に出ました各拠点での防災拠点訓練、そこでやはり消防署の御協力を得まして、初期消火訓練そこでのやっぱり初期消火の重要性というところをやっぱり消防署の今日連携協力を得ましてというところの話もやっぱり効果として、実情ございます。
そうするとやっぱり何よりいい覚悟ご家庭に1本あることでそれを本当に有事の際に使えるというところも備えが大事でいうところの普及啓発も我々日々しているところでございますので、その部分も含めましてきちんとですね、初期消火の重要性をフォロー、普及啓発を今後とも継続して行っていきたい。
そのように考えてるとこでございます。
以上です。
委員長はい、青木委員毎年やっているかどうかという点ね。",2025/11/14,防災等安全対策
委員長防災危機管理室長,,2025/11/14,防災等安全対策
防災関連機器室長,"、はい。
あの子の消火器のはい割引販売等につきましては以前はですね地域防災フェアという形で、5年に1回この防災拠点を知っていただくとそして、その場所で1000円とか2000円とかあるから古い消火器との交換みたいな事業を5年ごとに行っていたんですが、その事業自体の効果といいますかやり方たくさんお越しいただく拠点もあればあまり来ないというような中で、その事業自体はやり方を変えて、令和5年度からこういう形の事業としたものでございまして必要に応じてその時期その時期に実施しますし、また斡旋という形で割引で安くご購入いただけるものというのは常にメニューとしても提供してございますので、そうしたものを組み合わせながら、あの消化器を求めいただきたいなというふうに考えてございますが、今、今年実施しているのは、改修も含めて非常に安価で消火器を求めいただける消火器設置促進事業というものを行ってますので、ぜひご利用いただきたいと存じます。
以上でございます",2025/11/14,防災等安全対策
青木委員,"はい、ありがとうございます確かに令和7年度今年度は中央区消化器設置促進事業ということで40%割引ということですね。
あのマンションで申し込みますと、フレームの持ってってくださるということで、そこも便利ね。
この消化器促進事業についても、衝撃は防災訓練のときに必ずあの水が入っているものあるいは粉が入っているものを使って、練習をやって子供たちも喜んでやってくださるんですが、意外とその消化器があるない。
ところもあるということを聞きましてこれ身近な県であの身近なところで、消火器は大変重要だなということを最近認識いたしましたので、お尋ねいたしました。
基本的に毎年行っているということで待っていれば次の年にその時期がやってくるということでよろしいですね。
はい。
では毎年、時期は2ヶ月くらいですが、そこを捉えて、しっかりと申し込むって古いものを引き取っていただくということで私も発信していきたいと思います。
どうもありがとうございました。
以上です。
次の質問いたします。
永井委員よろしくお願いいたします私はまず、中央安全安心メールによる犯罪情報の配信状況についてお伺いいたします。
このメールは、特殊詐欺や行方不明者情報、防災関連など区民の皆様の安心に直結する情報を迅速に届ける重要なツールであり、本区の防災防犯情報の要となるものであると思っております。
一方で、登録者数の伸び悩みや情報の多さによるアラート疲れなどの課題もあるのではないかと感じており、今後はどれだけ多くの方に必要な情報を確実に届けるのかという観点がますます重要になってくると考えております。
そうした中で、令和6年度11月から開始されました。
亡父防災防災ギフト方や防災カタログギフト事業は単なる防災用品の提供にとどまらず、区民の方の防災意識を高め、情報発信との接点を広げるという意味で、非常に意義深い取り組みであり、最終の申し込み率が66.9%との結果のご報告をいただいております。
特に新しく本区に転入された世帯や子育て世帯など、防災への参加ハードルが比較的高い層にリーチできる貴重な機会であり、町会自治会や防災拠点組織では繋がりにくかった層にも防災意識を浸透させるチャンスであったと捉えております。
この冊子の中では、中央安全安心メールへの登録案内も行われており、この事業を通じて防災防災、防災、防犯情報の受信環境を整える動きが広がっていることは期待をしております。
そこでお伺いいたします。
才木防災カタログギフト事業の開始以降、中央安全安心メールの登録者数にはどのような変化や傾向が見られるのでしょうか？確定数値の集計が年度末であるとのことは承知しておりますが、現時点での途中経過として把握されている範囲で構いませんのでお聞かせください。
また本事業における中央安全安心メール登録促進への効果についてはどのようにお考えでしょうか？まずはこの2点お願いいたします",2025/11/14,防災等安全対策
委員長総務参事総務部参事,"はいまず、安全安心メールの部分につきましても、登録者数カタログギフトの開始以降に伴っての話ですが、今委員のご紹介いただいた通りこのカタログギフト事業そのものがまず令和6年11月から今年の6月末というちょっと年度またぎいというところの話になってございますので今ご報告した登録者数の推移でいうと、令和5年5年度末が64456年度末が7000円という数字です。
なのでちょっとなかなかそこの効果があったというところの分析はなかなか把握しづらいというのが正直なところなんですが直近でいうとですね令和7年この10月末現在での速報値で、7125の登録者数がございました。
なので直接このカタログギフトを見て自分もきちんとこの正確な情報を気象情報等をという話がなかなか実はなかなか分析は無効なんですけども、一定の効果があったというふうな部分では私どもそういうふうに捉えているところでございます。
また2番目の話のこの安全安心メール登録促進への効果というところでございます。
これ大きく分けて気象情報等防犯情報のを2本立てになってございます。
特にここはいうまでもございませんけれど気象情報の部分については、緊急地震速報の他、大雨出水期は通り過ぎたところでございますけど大雨等の情報とりわけ今年の9月からは記録的短時間大雨情報というものの情報キャッチも加えましてですね。
その運用を図っているというところの気象情報そういうことからすると、やはりいざ有事のときにどこで何が起きるというところの部分を含めましてはわかりませんので、自分の携帯に登録していただくと直ちにというところの気象情報のキャッチができるというところで、きちんとその有用性があるだろうという。
思いでございます。
一方でですねこの防犯情報というところの登録促進の部分につきましても、やはりこれは日ごろからの部分の備え構えというところの話がございますので、そういったところの話そしてちょっとここはご容赦願いたいというところなんですけど、不審者情報は少し上タイムラグがどうしても生じてしまうので直ちにということにはなりませんけれども、やはり地域で実際に日本橋に住んでる方は福島に住んでる方、それぞれその地域で今どういうことが起きたんだっていうところをやはりそこも情報として、自分の身は自分で守るというところの観点からもですね、その効果を私どもきちんとそこの安全安心メールという発信を持ってですね、情報をキャッチしていただきたいそのように考えているところでございます。
以上です。
はい。
永井委員ありがとうございます一定の効果が見られたこと、これまでなかなかリーチできない、できていなかった層にも情報を届けられたのを届けられたということを確認いたしました。
ここまで登録させ、登録者数という量について伺いました。
本当に区民の区民の皆様の安全安心を守るためにはどれだけの人に届けたかだけではなく、どれだけ効果的に届けられたのか。
つまり情報の質の部分についてもお聞きしたいと思います先ほどのご答弁で少し触れられておりましたが、まず配信の質を図る観点としてお尋ねいたしますこれまで中央安全安心メールでは受信や気象情報、特殊詐欺や子供への声かけ事案を全社情報など、区民の皆様の安心安全に関わる情報をタイムリーに発信されてきました一部先ほどの不審者情報はタイムリーではないとのお話もございましたが、防犯、防犯防災の観点からお聞きいたします。
ほのメールこの情報配信によって、情報を事前に把握することで、心構えをすることができたなどのことでどれだけ事件や被害を未然に防止できたと分析されているのでしょうか？本区としてどのように効果を把握しているのかについてもお聞かせください。
お願いいたします。
委員長　それでも3時間03時なかなかそこもお答えにくいといいますかこの件数配信によって確かな手応えというのはなかなか言いづらいというところではございます。
ただ一方でですね、ご自身のお子様が、例えば小学校低学年高学年に関わらずのお子様が町を塾帰りで歩いていって、そうした不審者にあって、近くの交番、あるいは警察署にそういった届け出を声を届けて、それがきちんと安全安心メールで届けられた。
それはやっぱり実は感謝の言葉とかが実際に月に年に数件寄せられているというのも、私どもに入ってございます。
やっぱりそういったところの地域のネットワークだったりというところの話の部分については一定程度やっぱり寄与しているというところの思いがございます。
それから、やはりもう一つ大事な話はやっぱ特殊詐欺これは本当に一向になかなか減らない。
今はトクリュウというような形で新たなというところの犯罪以降が本当に周囲になってございますけれども、そういったところの、まさに心構え、自分は大丈夫だということを思わずにというところの部分では、やっぱりこのメッセージが空職員が語るような形での還付をすることは一切ございませんとか。
あるいは警察から末尾が0110というような電話があっても出ないでくださいみたいな話を今警察庁サイドは本当に強く言葉としての情報として発信してございます。
そういったところの話を含めましてもやっぱりきちんとしたですね、今委員ご小会というかございました。
本当に配信をしつつ、どういった情報をどれだけ効果的にというところの間では本当に非常に重要だなというふうに思ってございます。
それと、ちょっと質問にはない部分でよ。
余計なことかもしれませんけど、実際災害時に起きたときに、この安全安心メールはやっぱプッシュ型というところの特徴を持ってございますので、やはりこれは全庁あらゆる部署を持っての区民へ届け出る文化にならない重要な情報区民というのもひとくくりに高齢者もいれば、働き世代の方もいらっしゃる。
それが本当に小さな保育園に通ってる世代の方小中学校の保護者、それぞれの層に対して今、このG時刻帯この時間帯によってその方々に届けるビジョンは何だったというところは私どもも日々副区長をトップとしながらの会議体で意見議論を深めながら、やっぱそこの情報の質というところを求めていくべきだろうという議論をしているところでございます。
いずれにしましても、そのツールまだまだ今ボトボトございました通りの数というところからの部分の課題化は本当に大いに職場として思ってございますけれども、いずれにしてもそういった質ともに上げられるようなですね、部分を点検改善をかけていきたい。
そのように思ってるとこでございます。
以上です。
永井委員ご丁寧にありがとうございます確かにおっしゃる通りも情報の配信によって何件はどれだけ被害をしてきたかというのを数字で示すのは難しい部分もあると思います。
そして先ほどのご答弁を伺っておりましてプッシュ型ということで確実に相手に届いているかどうか、おそらくこれも判断することは難しいと思うんですけど今後開封率がどれくらいなのかそこもおそらく観点にはなってくるのかなと、他のご答弁を聞いていて思いました区民の皆様がこのメールのおかげで気をつけようと思えた。
助かったと感じられるように引き続きご尽力をいただきたいと思いますさらに、この情報が誰にどのくらい届いているのかという視点についてです。
本区では、多くの外国人住民の方が生活されておりますが、防災防犯情報に十分アクセスできないまま、災害時や犯罪被害のリスクに直面する可能性も考えられます次にそのような情報が届きにくいそう特に外国人住民への情報伝達と登録促進について伺ってまいります。
中央安全安心メールでは、多言語配信にも対応しておりますが、資料を拝見いたしますと、外国語での登録者数はわずか61人にとどまっており、本区全体の外国人住民数から見ても、ごく一部に過ぎません。
まず、この状況をどのように分析されているのでしょうか？特に外国人住民への周知や登録促進の課題については、どのようにご認識されているのでしょうかお願いいたします。
議長総務参事総務参事この多言語登録者数、本当に今ご紹介いただいた通り、大変少ない数だというふうに受け止めてございます。
19万人を突破した香港にあってですね、この7000人というところも、やっぱ割り返しというところの割り返しは当然小学生とか中学生の世代がいると言いながらも単純な計算でいうと4%弱という数字外国人はっていうところに目を向けますと、これ今直近の数字で言うと、11月いっぴ現在で1万3500人ちょうどというところを把握してございますけどもその4%を掛けると、もう500人ぐらいはいてもいいんじゃないかというところの話は我々も当然認識しているところでございます。
そこの部分の話の部分についてはやはりいろんな左肩アプローチかけながらというところも先日の総務委員会でお話ししましたけれども、やっぱり人と人との繋がりを持って外国人居住者と日本人居住者というところの話の訳をするのではなく、皆さんに等しくこの安全安心に暮らしができる一つのツールとしてですね、やっぱご活用いただきたいというところが、我々の着目点でございます。
そういう意味では防災拠点訓練の外国人への居住者への呼びかけというところの工夫もこれからしていこうという動きをしてございますし、それと、例えば、具体的には晴海のマンションでは実はマンション訓練をやってて、うちのマンションでは実は中国人がもう理事やってるよというところも、声として聞かれます。
そこは本当に言語は普通に日本語が普通にペラペラペラペラと言われたら普通に流暢に喋れるし中国人理事の担当とは良好なコミュニケーションをとって、いざ有事のときのマンション訓練はその役員に例えば外国人を束ねてもらうとか、中国国籍を持ってる人に尋ねてもらうというところの役割も見てもらってるんだという話を直接伺ったりもしてます。
やっぱそういったところのマンションごとの特性といいますか、居住形態も実際上はやっぱマンションが直接把握しているマンションも多いように思ってございますので、我々マンション防災対策の支援をしていく中でですね、今お話あった外国人住民へのこの情報の取得の仕方であったり、あるいはその、何て言うんすかね。
いざ実災害における動きの話であったりというところのやっぱりコミュニティを高める方策もやっぱ大変重要なんじゃないかというふうに思ってございますので、そういった取り組みをちょっと同時並行的にしながらというところをやっぱり促進していきたいそのように考えているところでございます。
以上です。
永井委員ご丁寧にありがとうございます私は登録が伸びていない背景には、言葉の壁だけではなく、登録までの導線が生活の中に埋め込まれていないという構造的な課題もあるのではないかと感じています。
例えば転入手続きの際に多言語のQRコードを掲示して、その場で登録できるようにすること。
留学生や外国人住民が集まる地域イベントでスタッフが登録のサポートをすることさらに、外国人住民の方に配布される紙媒体いくつかあると思うんですが、その中でも登録の必要性を絵やピクトグラムで直感的に理解できるようにする。
も有効だと考えております。
外国人住民の方が自分事として登録できる生活失礼しました自分事として登録できる動線設計を進めていただきたいと思います。
さらにもう一歩進んで、災害時に実際にその情報ができるかどうかという視点に移りたいと思います先ほどもご答弁にもありましたが、今まさに各地で防災拠点訓練が行われている時期であると思います。
最近では、防災拠点訓練で外国人住民の方の参加が見られるようになり、地域と繋がりながら備える動きが広がりつつあると伺っております。
これはとても大きな前進であり、本区の取り組みの成果だと感じておりますその上で、訓練に参加していただいた外国人住民の方々がどのような点に不安や難しさを感じたのか、あるいは何が役に立ったと感じたのか、実際の声をどのように把握し、次の改善に繋げているか。
を確認したいと考えております。
そこでお伺いいたします防災拠点訓練に参加された外国人住民の方々からどのような点に困難を感じたか、何が役に立ったかなど、参加者の声を収集し、改善に反映される。
仕組みについてはいかがでしょうか？一方ほい。
一方向の啓発だけではなく双方向の改善サイクルを重ねることで、より実践的な訓練に繋がると考えておりますが、本区のお考えをお聞かせください。
議長総務参事総務部参事こちらは実際上階外国人居住者というところにある種着目したご質問等ございますけれども、従来から拠点訓練をやったときの区民の参加の方々への声をどのようにするかというところは、それぞれの課題としてございまして、例えば拠点によっては簡易的な付箋と鉛筆を用意しまして今後防災拠点訓練に期待すること、あるいは今日参加して改善すべきことというところの部分を実際直接お聞きする場面を作ったり、あるいは拠点によっては、拠点訓練後直ちに今回の訓練の振り返りをしようというところの役員そのものが区民から得た。
その声を拠点以下の中ですぐさに委員がプラス9というところの部分を含めた共有の場を図っている。
というところが一応ございます。
今委員ご紹介いただいたところ本当に外国人もこれから大いにやっぱ生活というところの部分のみならず、実は災害時というところもきちんと何て言うんすかね包含するような生活というところの話防災というところの部分を意識しながらというところの話は重要な重要な取り組みだと思ってございますので、そういった声の拾い方というところの話含めましてはですね、引き続き今お話ご紹介した取り組みに加えて、何か一つ、二つ公開なんていうか、工夫策があるかどうかということを、地域の拠点員の皆様方と例えば並行しながら変更というか継続しながら話し合っていきたい。
検討を深めていきたいというふうに考えているところでございます。
以上です。
永井委員ありがとうございます参加者の実感ベースのお声を反映して、振り返りをされているとのこと大変心強く感じました参加者の声が次の失礼しました。
防災訓練はその場だけでの体験で終わるのではなく、参加者の声が次の訓練を変える改善サイクルによってこそ、実感性が高まると思っております。
外国人住民の皆様から皆様の参加から得られる学びは本部全体の防災力を底上げする重要な視点になると思います。
外国人住民が住民の方が訓練に参加してくださるこの貴重な機会をぜひ改善に生かす仕組みとして定着させていただいた定着させて、いただければと思います外国人住民の防犯関連は地域防災支援施策と外国人住民向け施策支援施策のどちらにも深く関わってきて、深く関わっているように感じて今後もそれぞれの部分での連携を深めていただきたいと思います。
今後とも本区と地域、本区と地域が一体となり、誰1人取り残さない防犯防災防犯体制が築かれていくことを要望し質問を終わります。
ありがとうございました。
じゃ、次の質問いたします。
堀田委員よろしくお願いいたします私からは先ほど全員からもございましたが、防災士資格取得費用助成事業のことでお尋ねさせていただきたいと思います。
こちらは私も含め何人かの議員が以前から業務をしていた事業であったと思います。
この防災士とたんにその防災士を取りたいとか、あの興味があるとかいう方を対象とするのではなく、実際に防災拠点実運営委員会などの防災活動に既に積極的に参加している方またその委員長から推薦を受けた方ということでその対象を、あの明確にといいますか、あのされているということが非常に多くの特徴かなと思っておりましてこれはまさに地域防災力アップに資する素晴らしいいい事業であるというふうに評価しております。
そういう中で今回ホームページでも10月7日付けで終了いたし受付終了いたしましたというふうに書いておられまして、先ほども御答弁で、実際30名に対して33名ちょっとこの33名でこういったでしょう。
少ないよねでもとっても体大変だと言ったら変ですけど、人数だと思っております。
予算、今年度の新規事業として予算のときにいろいろ事業の内容お伺いしておりましたけれども、本当に参加対象者の大切な絞ってというか地域防災力既に参加されている方というふうに絞ることで、本当に何人の方々の応募があるのかなというふうに内心ちょっと心配と言ったら変ですけれどもそのような思いを抱いておりましたけれどもこの33名私はすごい数字だというふうに思う。
しております。
もうおそらく区といたしましては周知、こういう事業をやりますよって応募してくださいねというふうに周知してそして実際に明日でしょう。
後押しするといいますか、そのようなことをなさったから、このような人数オープンされたのではないかというふうにも思っておりまして、そのあたり多くとしてどのように取り組んでこられたのか。
その後、区にされた点などございましたらお知らせいただきたいと思います。
お願いします。
委員長　3次総務部参事今委員からご説明あったところで、特にやっぱり事実上私ども本当に大事にしていきたいなというのは実際に日ごろからこの防災活動に携われている方汗をかいている方、その方々がやっぱりより幅広い知識見識をっていうところの話だったり、実はどう動く方がというところの話がやっぱ防災士のやっぱ共助の本当に降格となる人材の育成の場だというところの話を含めましての部分なのでそこは今ごご質問にあった、どのような周知というところの話とちょっと直接結びつくかどうかなんですけどやっぱり防災拠点というのは、やはり各町会自治会、そして防災区民組織がベースになっている。
構成員そのものの話でいわば本当に地域の本当に防災力の方々そのものの方々にまずご紹介したというところが、本当にネットワークとして幅広く受け止めていただいた。
そこは本当に一番の私どもはやっぱり思いというか実感でございます。
当然ホームページ見て、ちょっとうちの優良マンションからということも、実は上ございました。
ただ、もう大変多くの方は今ご紹介したというところの、実際上をもっとより勉強したりとかよりちょっとここを本当に興味あって、この防災士の取得チャレンジするというところを、生き生きその場でおっしゃられた緑字のお母さんだったり、お父さんだったりというところのお話は本当に心強く感じたところでございます。
いずれにしましてもその方々がやっぱりこれから本当にご活躍する場面をちょっと私ども区の協働とか、あるいは本当に共助の中心メンバーとしてというところの話をもとに記載してございますので、大戸さんは引き続き協働していきたいそのように考えてるとこでございます",2025/11/14,防災等安全対策
堀田委員,"はいありがとうございます。
防災拠点のネットワークで広がっていったホームページでご覧なった。
形もあるけれども、そういうネットワークで広がったということで大変納得がいきました。
今、そのネットワークということでまさに今回、今年度としては33名除外自治会はまたそういう団体だったかと思うんですけれども実際対象となる町会自治会は後でも宅地10070ほどございますし、またそういうマンションとかなりますと、もう大変数も多いですし、今年度、とりあえず募集としては終わりましたけれども、また今後も継続していただきたい事業であるかというふうに思います。
ので、ぜひともお願いします。
あと、実際取得取得資格を取得するに際しては講習会を受けてやって受けるということになるかと思います。
本当にご本人で、しかないんですけれども、あの区として何かサポートできることがあるならば、しっかりしていただきつつ全員が申し込んだ定員が取得できるようにお願いしたいと思います。
よろしくお願いします以上で終わります。
次の質問上田委員はい私からは3点お伺いをいたします。
一つ目、報告の資料に、中央区中央区耐震改修促進計画の7ですね資料7の被害想定についてです。
この表を見る限り、次首都直下地震における死者の想定は93人とも見積もられています。
ただこれはですね、当然想定でありまして、ぶれが出るということは当然にあり得ると思います。
この仮の想定としてやっぱり行政としてはリスクを最大限見積もってそれよりは低くてよかったねという方がよろしいかと思うので、この予測を超えた数字、例えば仮に1.2倍ないしは1.5倍等でのストレステストを与えたときの想定等は示されているのかお示しください。
2点目にですね災害時における遺体収容所の拠点確保についてです。
第1希望災害が発生して、対多数のですね、ご遺体が出るという場合、区内における設置場所は総合スポーツセンターのみでございます。
ただ中央区はもう言うまでもなく、日本橋京橋として月島晴海まで非常に広いわけであります。
仮に湾岸地域で多数の犠牲者が発生してしまった場合、区の北部への長距離搬送は現実的ではないと考えます。
地域バランスを考慮した遺体収容所の確保計画について、中央区の見解をお示しください。
3点目に賃貸物件の居住者特性を踏まえた防災対策についてお伺いします。
令和5年のですね比較的新しい住宅土地統計調査と、こういうものを拾ってきましたその結果本区の住宅総数はその時点で9万3090戸、うち賃貸は4万9790戸でありまして、賃貸居住者がおよそ6割を占めております。
そしてその多くは単身世帯でありこの世帯は、令和7年7月25日の企画総務委員会での報告にありました。
中央防災カタログギフトの申込数の低さを見ても明らかに防災の関心度が低いということが示されています。
そこでお伺いしますすぐにですね、単身者の方がですねまして賃貸の方が意識啓発をしようという時間がかかるという中において、この単身者数賃貸が多いという現実に即した、ある種特化した支援というものも検討すべきかと思います。
ご意見をお伺いできればと思います。
委員長総務参事総務部参事まず最初のご質問でございます。
首都直下地震の被害者想定、これ人的物的、ご案内の通りかと思いますけれども死者数の部分について、ある種の振れ幅として持っているかということに関しては区として持ってございません。
といいますのは被害者想定というのはあくまで東京都があったと都内全域これは当初含めての被害者想定を出す中での一部の部分で、具体的には各転倒防止がどれくらい図られてるかとか、あるいは主要なところでいうと耐震化率がどれぐらいあるかというところの部分の当て込みをしながら、ある種支社あくまで想定で今委員ご紹介いただいた実災害時はこの通りになると我々は思ってございません。
この者が1人でもいる減るような形というところの取り組みをやっぱり日々本当に皆様方とともに、この防災対策を進めることが重要だと思ってございますので、被災者の質問については、この振れ幅的なものは想定してはございません。
それから2点目の遺体使用上の確保というところです。
ここの部分も実際今、ご案内の通り浜町スポーツセンターが一体収容所になってございます。
現実的現実的じゃないというところの話とこれ実際上ですね。
本当に1人でも違うっていうところのお話をしては、一旦一つですね、いざ本当に安全な区民の方々の創作ですとか、それから収容する。
そして今おっしゃった運搬分散を搬送するというところの部分については、一旦一義的には区が行います。
そのときに、今、委員ご紹介あった。
月島だったらあれだっていうところを大浜町スポーツセンターで受けるのに長距離という話がございましたけれども、そこはきちんと警察のお力をお借り。
そして関係機関、具体的には協定事業者等の車両の確保等を含めまして、区が本当に責任持って具体の搬送を行うということが原則でございますので、今直ちに遺体収容場を他に手当をというところは実態的には今私どもは想定してないといいますか、考えていないというところでございます。
それから3点目の賃貸物件の割合もご紹介いただきましたけれども、そこの部分については、やはり区として、やっぱり僕よりきめ細かかつその本当に幅広にというところの着目点を絶えずこの防災対策をいろんな着目点着着眼点から進めるべきということは当然のことでございますので、そこの賃貸入居者というところの話の部分の着目点も、やっぱりきちっとやっぱりどういった形での話があるんだというところはやっぱり今回前向きに考えていかなきゃいけないというふうに思ってございます。
と言いながらですねちょっと一方でこれ直近の世論調査で考えますと、居住年数という。
賃貸者がその狭間でどれぐらいの年数っていうところは賃貸分譲に関わるっていうところがございますけど実は居住年数3年未満の方がセヨン調査上15.1%3から6年未満は11.5%ということで、おおよそ4分の1の方々が実は6年未満で動いているというところも次、居住実態としてやっぱ動きとしてございます。
そういったことの動きもやっぱりきちんと捉えてですね、やっぱり幅広い世代それから今の居住形態みたいなところを、やはりいざ有事のときというのは、それはもう賃貸分譲一戸建て関係なく当然オペレーションをすべき話でございますのでやっぱりそういったところの居住形態を含めましたあらゆる立場の方々がやっぱり防災対策自助共助の取り組みとして重要性をやっぱり認識意識向上を図っていくべきだと思ってございますので、引き続きそういったところ普及啓発をかけていきたいそのように考えているところでございます。
以上です",2025/11/14,防災等安全対策
上田委員,"はいそれぞれありがとうございます。
まず一つ目ですね。
この一番2番で私があえてこのご遺体の話をしているというのはですね、どうしてもこういう防災の話になると1人でも多く生存させると1人でも多く助けるとあるいは混乱を防ぐというのが議論の種になりがちです。
ただ実際には1人もご意見が出ないとありえないですねとその方々をどうやってはっきり申し上げればその刺繍も出ていくそして夏であれば腐敗もするという中において、適切に扱うかっていうのは僕は非常に大事な人の尊厳にも関わるような話だと思ってあえて今日はお伺いをしました。
あの支社の想定も冷静に考えてあの銀座とかですねあんまり言っちゃいけませんがちょっと古いビルがありますよね古いビルが1棟崩れて例えば夜に崩れた多分それだけで本当に数十人が多分なくなると思います夜とかであれば、やっぱりそういうことも踏まえてですねやっぱりストレステストというのは少し今後とは考えはあると思いますがご検討いただきたいなということは要望をいたします。
2点目遺体収容についてもですね私もオペレーションマニュアルを拝見しました。
現実的にこれ区の職員が本当にご遺体、あるいはもっと言えば総会しているご遺体を運ぶということを、普段やっていない職員が現実的にできるのかということは僕ある読みながら思ったんですね。
やはりその場合、晴海だったり勝どきだったり住人が多いエリアの方が一般的には必要性が出てくるのかなと思うのでこの件については直ちにということではないというのも理解はしますが、少し検討は進めていただきたいなと思っております。
最後に賃貸の話ですねこれは前向きに考えていかないといけないとおっしゃっていただいてありがとうございます。
今日まさにメールの話が出ましたけど、若者もメール見ませんねとやっぱりチャットツールの時代になってます。
そして今日は委員会防災拠点委員会の話も出ましたがやっぱり防災拠点の場所すら知らない。
避難所さ知らないという人は多分1年2年の人だったらたくさん現実いると思います。
ですからあなたの5次あなたの避難場所はここですよって例えばですよ。
DMを送ってあげるだけでも、そしてその裏側にはですねこういうメールもあるんですよみたいな少し啓蒙も合わせたような政策というのは、今後ぜひご検討をいただきたいなと思っております。
中央区人1人でも多く救うと、そして何かあったときにですね私達含めて迅速に対応できる体制は必要だと思っております。
これからもどうぞよろしくお願いいたします以上で質問を終わります。
はい。
副院長は先生質疑が終了いたしました。
議題防災防犯、交通問題と児童生徒および区民生活の安全に関すること並びにコロナウイルス感染症等の対策に関することについては継続審査ということでよろしいでしょうか？第4回区議会定例会における委員長報告の取り扱いについて、正副院長一任ということでよろしいでしょうか？はい。",2025/11/14,防災等安全対策
子供施策推進室長,"はい。
私からは資料2から資料4までご説明をさせていただきます。
着座にて失礼いたします。
それでは資料2をご覧ください。
私立認可保育所における不適切保育事案に係る報告書についてでございます。
本年6月に発生した私立認可保育所における虐待事案につきまして、これまでの区の対応状況と主な再発防止策を当面ましたのでご報告するものでございます。
1の事案の概要をご覧ください。
経過でございますが、ほっぺるランド佃の延長から保育士による不適切な保育が行われた旨の通報があったことから、区といたしましては事案の報告を求めつつ、園より提出されたカメラの映像により、不適切な保育の事実を確認したところでございます。
映像が確認していく中でその他の不適切な保育が判明したことから、ヒアリングを行う中で虐待行為を確認したものでございます。
2の虐待が行われた背景でございます。
課題の保育士へのヒアリングや警察の事情聴取から、本人の行動特性や体調不良などにより虐待行為に及んでおりまして、個人的な要素が大きい状況でございました。
しかしながらこの時期は当該園において退職や休職が相次いでおり、園全体に業務的な余裕が不足していたことや、遠藤区におきましても、改善事項があったものと認識しているところでございます。
それを受けまして、3の主な再発防止策でございますが、1では職員間の連携強化や複数の目が関与する保育運営保育室のレイアウト改善保育記録カメラ活用推進2では延長事業者による職員やら状況の把握保育士が働きやすい環境作り3といたしましては区の巡回指導の見直し相談通報窓口の明確化保育記録カメラの設置支援検討などを取りまとめたところでございます。
報告書の総括でございます。
2ページおめくりいただきまして別紙4ページの最下段をご覧ください。
今回の事案を個人の問題として捉える上ではなく、園全体の運営体制や支援のあり方を改めて見直す契機とすることが重要である。
加えられた教訓を各園に共有し、保育の質と安全性をより一層高めるとともに、職員同士が支え合い、安心して働ける環境作りを進めていく。
今後も事業者、区が一体となって再発防止と信頼回復に努め、全ての子供たちが安心して過ごせる保育環境の構築に全力で取り組む所存である旨を総括をさせていただいてござございます。
次に資料3家庭的保育事業における利用乳幼児の健康診断の省略についてでございます。
児童福祉施設の設備および運営に関する基準等の一部を改正する内閣府令の施行に伴い、一定の場合には、家庭的保育事業者における利用乳幼児の健康診断を省略できる旨の規定整備を行うものでございます。
2の改正を要する条例は家庭的保育事業の設備および運営の基準に関する条例で、施行予定日は公布の日でございます。
次に資料4、基準府令の一部改正に伴い、関連条例の規定整備についてでございます。
内容でございますが、児童福祉法の一部を改正する法律による児童福祉法等の一部改正に伴い、児童福祉法等の一部を改正する法律の施行に伴うこども家庭庁関係内閣府令の整備等に関する内閣府令が令和7年10月1日から施行され、引用する条項の項ずれが生じますので条例の規定整備を行うものでございます。
改正する条例は記載の通りで、施行予定日は公布の日でございます。
私からの説明は以上でございます。
発言の持ち時間制につきましては、既にご承知の通りですので、よろしくお願いします。
ただいまの時刻は午後1時39分です。
自由民主党さん、46分、かがやき中央さん、33分公明党さん、33分、府民クラブ33分日本共産党さん33分、紫紺の解散10分となります。
なお、室内の温度が上がっておりますので、ご自由に上着を着脱ください。
それでは質疑に入ります。
発言を願います。
はい神谷委員うん。
やる。
それでは私から議題の方で終了したいと思います。
報告事項の方で福祉施設の指定管理者の評価結果ですとか、私立認可保育所における不適切保育事案に係る報告等もいただいておりますけれども、議会の方で今日はですね、保育園というかことに関連をして、質問をしていきたいと思います。
保育園の定数中心に少しずつお話をさせてもらえればと思っております。
当初予算の資料を拝見をいたしますと、令和7年度2025年度の保育の定数定員はですね、7043年見込みという記載でございました少し前の資料を拝見いたしますと、令和2年度では5750名令和3年度は6216名と、5年で2割ほど増加しているのかなと認識は知っております。
こうした中で令和8年度新年度定数どのように見込んでいるのか。
エリアごとのニーズや充足感、この辺り違いもあるかと思いますので、そのあたりも含めまして、新年度の提出、あるいは充足の考え方このところについてまずご見解をお聞かせいただければと思います。
お願いいたします。",2025/11/17,子ども子育て高齢者
委員長保育課長,"はい、課長はいええ。
今現在11月の4日から令和8年度の認可保育所の入所申し込みが今始まっているところでございますけれども、そちらの中の定数についてちょっと説明させていただきます。
ファンクラブ際の空きが多い表橋とか日本橋地域ではですね、令和6年より令和7年令和ごめんなさい7年から令和8年に向けて定員を減らすことで、スペース的に余裕がを持たせる保育とか、あの保育所の情報を出して、人手が必要な変異地域再人保育士を回せるような配慮をしているところでございまして一部地域では3から5歳の部分地域の人数の定数の削減をしているところでございます。
一方で、0歳児につきましては、ニーズが高まりを受けまして、京橋にあるにつきましては、ちょっと秋の余裕が出て1歳2歳児の賃金を下げて、そこに調乳室を作ったりし、0歳児定員を増やすご協力をいただいているというところでございます。
こうしたことから令和8年から令和7年から令和8年度入園の案内におきましては、全体的に0歳児が7人1歳児が14人2歳児で3人で、0から2歳で24人、映像になっておりまして、その中でもあの晴海を含む月島地域に限定すると1歳児につきましては19人被災地につきましては22人、計41人増となっているところでございます。
3から補正につきましては先ほどの話もありました中で、全体として3歳児で22年、4歳児で26人5歳児で39人という形になっておりますけれどもまた晴海地域を含む月島全体で見ますと、3歳以上45人9歳児ごめんなさい4歳児は48人5歳以上は71人の増とさせていただいております。
こちらの定員を晴海地域の中心に多く3から5歳児定員をとってございますので、3歳3から5歳児で空きが入所入所の調整の中で空きが生じる場合は、引き続き今までのような期間限定保育など総合的に対応しながら、ニーズの高い1から2歳児の定員を増やすなどして、4、4月の保育園の待機児童解消に向けて保育ニーズに対応する総合的な対応をとってまいりたいというふうに考えてございます。
以上です。
はい。
神谷委員ありがとうございます。
再1エリアごとにニーズを見極めながら、定数のを増減というものをしていただいたということをベンダーと認識をしました。
ちょっと細かい数字聞き取れていないところもありますけれども湾岸エリア、月島エリアということで言うと、一斉3位2歳で合計41人増ということでよろしいですかねということで、まず増やしていただいた。
あと最後ご答弁の最後の方では、それでもし足りなかったときには3歳5歳の方で少し枠があればこれまで通りというご答弁もあったかと思いますけれども足りなければ、さらにその催事で相手のところ期間限定に振り分けてやっていくというお考えということかと思いますけれども現状おそらく様々な数値ですとか、計画見ながらですね人数どうなんだ。
多分おそらくそういうのも踏まえた上で今のようなご趣旨のご答弁いただいたと思いますけれども、今後の保育ニーズをしたところを含めて、今の考え方少しなぞりましたけれども、その足りなくなる恐れがある、あるいはそういう可能性があるところおそらくそれも含めて、今のご答弁なんだと思いますけれども今のところは改めてこの考え方をお聞かせいただければと思います。
お願いいたします",2025/11/17,子ども子育て高齢者
委員長保育課長,"はい。
はい。
やはり保育ニーズつきましては、0から5歳のうちの特に0から2歳が不足しがちになっており、当時3から5歳がどうしても飽きがちになっているところがございます。
それに輪をかけて第一種の消火も始まりまして、特にやっぱり0から2歳の方は、なかなか厳しい状況がございますけれども本当に例えば先ほど定数のお話させていただきましたが、令和7年におきましては定数とは別の期間限定保育、先ほど申し上げましたがそれを晴美地域で36名確保したところでございます。
また0歳から使える居宅訪問型保育も晴海フラッグができたときに合わせて動くと20人のところ30人増やすなどして、ニーズの高いゼロから2歳児についてはしっかりとありまして、引き続き今後も、例えば解消をするような場合とかにつきましても、0人を手厚くできるような考えで進めていければというふうに考えております。
以上でございます。
上村委員ありがとうございます。
今ご答弁いただいて、打った内容で、できる限りまず今枠をニーズを見ながら増やしていく。
その上で、足りなければ期間限定型を始め、可能な対応というものを追加でプラスアルファでも、これまでもやってきて今後もやる、それの枠も増やせるような努力を今されているということだと思いますので、そのご趣旨での取り組みの推進、ぜひお願いをしたいと思いますし、すぐ隣ですとか、すぐ近くというのはなかなか難しいのかもしれませんけれどもいろんな可能性、いろんな方策というものは他にもあるのかもしれませんね。
それは一番声聞いていただいている職員の皆さんの方がお詳しいかと思いますので、ぜひそうした声を聞いていただきながら、あらゆる角度から対策の充実これからもご検討をお願いしたいと思います。
質問はここまでで少しちょっと要望なんですけれども、今の定数の話は対策進めていただきたいというお話でありまして、あと保育の質の方、あるいはですね関連のサービスのところ、今の福祉施設に関連して、いろんなニュース報道もあるのかなと思っておりまして、そういうのをいろんなニュースを見るにつけてですね、公益性公平性こうしたものをですね、日頃気をつけてるつもりなんですけれども改めて大事なんだなっていうことを思います。
個人的な意見なんですけれども産業政策とか商工観光とかそういうところっていうのをは割とその効率だったり条例規則っていうのが緩くても、ある意味前向きな取り組みというか根拠条例ってそんなに濃いびちびちに決まってるものではないのかなという認識を持っているんですけれども、特に厚生労働省今ですとこども家庭庁かと思いますけれども、一部内閣府含めて福祉行政の分野というのは本当に法律による行政の法律による行政の原理が徹底されている分野なのかなと思いますのでこういったところで、あの保育園だけではなくて今、今日この委員会では、保育所さん保健所さんもいらっしゃってます市教育委員会さんもいらっしゃいますけれども、子育て関連福祉もそうだと思いますけれども特に子育て関連様々なサポートする政策区の直営もあれば、委託もあれば指定管理もあって補助もあると思いますけれども各分野において、この広域性公平性大切にしていただきながら、これからも指導監督許認可、適切に行っていただけるとありがたいなと思いますこのことを要望して質問を終わります。
ありがとうございます。
次に質問のある方はいよろしくお願いいたします。
私からまず資料2について伺います。
先日の福祉保健委員会においてこちらの件について、今後の対応として園長会での共有ですとか、巡回指導など再発防止等の対応と山を示しいただいたところです私からは区民の方々への周知の部分で確認をさせてください。
今回の件は区ももちろんのこと当該事業者からの情報発信ですとか、マスコミなどニュースからいっても取り上げられたというところから、多くの区民の方も把握している件でありましてこれらの不安の払拭という点も今後の課題として考えております。
この点から、今回の報告書できる限り見られる場所に掲載しておくことということがまずは大事かと思います。
委員会資料としては既に本報告書が議会のウェブサイトでは掲載されておりますけれども、少なくとも現時点においてはウェブサイトとしては掲載されてないかと思います。
これまでに第一歩を第2報として報告いただいているところで、こちらのページなどにも掲載されるべきとは考えますがこの周知というところについて、対応方法ですとか、時期の目安などもしわかれば教えてくださいお願いします。",2025/11/17,子ども子育て高齢者
委員長保育保育課長部長,"はい。
第1項第2号につきましては進捗の方で載せさせていただき、いただいたところでございまして、この報告書につきましてもできるだけ早いうち今週中にはですね、あの進捗を通じて、皆様のご不安なられてると思いますので区としてこういった報告をまとめたことを周知していきたいというふうに考えてございます。
以上でございます。
はい来週ということではい。
ありがとうございます。
そうですね先ほど申し上げた通りなんですけども、不安の払拭というところが大事でして、前にこちら隠すということではなくて、正式な正確な情報を積極的に公開していくということが大事かなと思っております。
直接的な対応の部分はもちろんのことですねこれが生じたことによる不安の解消という点についてもぜひお願いいたします。
次に議題としまして、認可保育園の申し込み状況についてお伺いをします。
これで今年の10月にぱっと入学のタワー等の入居が始まったこともありまして区内の人口は19万人を超えて保育園のニーズもこれまで以上に高まっているところだと思います。
どの程度の方が希望する園を利用できるのか、また待機児童が出るとかそういった点についても気になるところではありますけども、今回現在申し込み手続きの状況ということで、こちらが滞りなく進んでるかというところについてまず確認ができればと思います。
おいては全員も言及がありましたけれども、今回の申し込みにあたっての定員というところをですね、私の方でも全員が若干3から5歳児中心に減ってるなというところは認識があったところでして、細かなところについては先ほど答弁で明らかになったところなんですけども、全体のその店員という意味でいうと、真意も解説ところがありますのでトータルの枠としてはその0から5歳児の中の悪としては増えているのかなという印象を持ったんですけどもそこについてもあわせて確認ができればと思います。
お願いします",2025/11/17,子ども子育て高齢者
委員長保育課長,"はい。
まずは申し込み状況についてでございます。
先ほども答弁させていただきました通り令和8年のち令和8年度4月の申し込みが11月4日から開始されたところでございまして、例年最初の一、二週間は窓口人が比較的穏やかな傾向にはございまして今週あたりから徐々に移行込み始めていくかなというところなんですけれども今年度はですね、ぴったりサービス、国のぴったりサービスから使い勝手の良い5Home0の申し込みをシフトしたこともございまして窓口は例年以上に落ち着きを見せているというふうな本当に最初の一、二週間様子なんですけれどもそういった印象を感じているところでございます。
その後2週間でもしかしたら例年以上に集中する可能性もあるかもしれませんけれども現状のような状況でございます。
そしてもし定員の総合的に増えてるのは減ってるのというところでございますが、先ほど申し上げたように、一部減らしてるところもありましたが、増やしてるところもございまして、トータルとしては昨年度と比べて、100111名の増員となってございます。
はいありがとうございますまだ募集の途中というところで、まず前半、今半ばぐらいだと思いますけどもところで状況確認をさせていただきました。
まずは現状としては緩やかというところと、あとLoGoフォームですかね。
あちらの方で利用していただくっていうところで、ある程度落ち着いてるということで、さしていただきました。
はい若い世代はもちろん利用される方が多いところだと思いますので、こういった電子申請紙の申請から電子申請のシフトというところについてはこれ以上今後も進んでいくところが思いますので、かつお互いおそらく今後の定員の調整ですとか、割り振りに関してはお互いメリットがあるところかなというふうに思いますので、そちらについてはぜひ積極的に周知というところをお願いできればと思います。
あと定員についてはこちらもありがとうございますトータルでは111名増加というところかとこちらはまさにその0から2歳児ですとか、阿蘇山から5歳児ですとかそういったところの年齢の部分で、当然ニーズっていうのは変わってくるところかと思いますので結果的にどうなるかというところはまさにこれからのところだと思いますけども、順次増やしていただいてるというところについてまず感謝いたします。
はい1階の話はこちらまででして次に学童クラブに関してお伺いをいたします。
こちらについては先日の一般質問において学童クラブとプレディの適切な周知という点について問題提起をいたしました。
定員が限られる中で、個々の個性を踏まえた上で、選択側のされるべきですそのためには各々の学童クラブプレディについて適切な周知がなされるべきことを申し上げました。
こちらに対して、次年度の公募においては、この二つの事業を合わせた冊子を作成しても案内をする旨の御答弁をいただいたところと思っております。
この点について今回その募集の時期という点について確認ができればと思います。
例年ですと大体12月頃に学童クラブの募集があって、その終わった後ぐらい1月頃にプレディの募集の案内が来ていたような認識です。
今回お知らせを一体化するというところで、この募集の時期がどうなるかというところについて、現状の見込みというところでお伺いができればと思っております。
お願いします",2025/11/17,子ども子育て高齢者
放課後対策課長,,2025/11/17,子ども子育て高齢者
川勝課長,"はい次年度の学童クラブとプレディのあの募集時期についてでございます。
こちらにつきましては例年ですね、入会審査の実施有無といった違いですとか学童クラブとプレディの重複申し込みを防ぐという観点から、あの金は委員御案内の通り12月から学童クラブの利用申し込みをプレディ先行して、行う受け付けているところでございましてプレゼンについては、登録いただければ50に使えるお使いいただけるというような運用もしていることから2月から登録の申し込みをしているところでございます。
こちらにつきましては来年度についても同様ですね、学童クラブの申し込みをフェリーで先行して行っていく予定でございます以上でございます。
ありがとうございます募集時期というところに関しては同じということで理解をいたしました。
そうするとすみません細かいところであるんですけども同じその書類冊子としては同じだけれども学童クラブは例えば12月末ですとかそういう1月の3日4日ですとかっていう記述があって、同じ書類の中にプレディだとこの2月ですか。
別の申し込みの締め切り期間というのが設定されるっていうことで、一応そこで合ってるかっていうところを確認させてください。
お願いします",2025/11/17,子ども子育て高齢者
委員長他5対策課長,"はいあの、議員ご案内の通り学童クラブにつきましては中例年12月から1月上旬という期限で締め切りございます受付期間してございますので、学童クラブ中ではその期間で受付をさせていただく。
受付いただく予定で進めております。
またプレディに関しましては人が人が例年ですと2月以降というところで春休みの利用については受付をしてるところでございますので、その旨主募集時期につきましてはその冊子の中できちんと記載をすることで皆さんの方にご理解いただきたいというふうに思ってございます。
以上でございます。
はいありがとうございます。
はい後藤にも申し上げた通りなんですけども、私自身が学童クラブの利用者でして、保護者の方々と接点を持つ中で、またいろいろ相談を受けて中でもですね、やはり学童クラブとプレディのの特徴ですとか、どういったものかっていう中利用をされない状況で、申し込んでる方って相当いらっしゃるというふうに認識をしているところです。
今回の冊子が同じになるっていうところでですね、一つまず、それぞれの制度があるんだってことを理解できるというところはありますし、ぜひその利用者がわかるような形で周知いただけたらというふうに思っておりますので、こちらについて引き続きよろしくお願いします。
次に学区こども計画に関連して子供の意見聴取の取り組みについてお伺いをします。
この週末に全国有数カウンシルサミットというものに参加してまいりました。
これ子供若者が中心になって、行政に関する課題などをついて課題などについて提言をするような活動を行っている各地の団体の事例を共有する場でございます。
様々な事例報告がありましたが、特に愛知県新城市において、10年近くの実績がある。
若者協議会というものがございました。
こちらの職員やメンターOBの方々が助けは借りつつも、子供若者当事者の方が半年以上議論をした上で、市長に対して答申を出して、その内容によっては予算が作られる予算案が作られるそして実際におおよそ毎年1000万円程度の予算がついて自生活動を行うというようなプロセスを確立されているという話を伺って本区において本年4月にこども計画を策定して、こども基本法やこども大綱に沿った施策をまさにこれから展開していこうという段階かと考えております。
また開催は残念ながらされておりませんけれども、子供子育て会議には若者委員も選定されこれらの議論が良いが積極的に関わっていただくことは期待されているところかと思っております。
具体的な施策については予算を伴うようなものもありますのですぐにというわけにはいかずこれは次年度に期待するところではありますけども本年として、これらの意見聴取というところに関して現状どのような形で今年度、動かれるのかっていうところについて確認ができればと思っております。
よろしくお願いします。
院長子供子育て支援課長子供子育て支援課長子供子育て取材ました子供若者のですね、意見徴収の件でございますけども、ご案内の通りですね、昨年度末に子供計画策定されまして、もしそういった中で子供たちがわからない意見聴取区政への参画といったところのそういったところをお示し目標として挙げてるとこでございますけども、今年度につきましては、まず子供子育て会議こちらの方に若者委員が2名入っていくっていうことで今後ですね12月以降になりますけどそこしたら会議の方に参加していただいて、様々ご意見いただければなというふうに思ってるところでところでございます。
またですね、子供の権利のリーフレットをですね今年度作成する予定でございまして、そちらの方につきましてはこの10月11月ですね計2回でございますけれどもそういったワークショップを開催ししておりまして今月もあと最後1回行うことでございますけれども、そういった中で、お申し込みとしましては小学生の低学年から中学生までということで、当初申し込みはですね50名以上の申し込みがございました。
10月に行って1回目のワークショップでは、全員参加というわけではございませんでしたけども、30名近いような子供たちがですね参加していただいて、様々なゲームをやりながら、そういったいろんな子供の権利に関する意見交換なんかをしていただいたところでございまして今月のそのワークショップにおいて、リーフレットの案を皆さんに出し合っていただくという流れになっているところでございます。
それ以外のですね区におきましては、例えば勤務の方で行ってます20歳の集いの実行委員会ですとか、環境の部分が起こってます。
ゼロカーボンそういったところの取り組みを持って行っておりますのでそういった中で区といたしましても、今後ですね、そういった行動も若者の意見を聴取していくこれ全庁的な取り組みだと思っておりますので、今後そういったところをしっかり捉えてツアー施策に反映させていきたいというふうに考えているところでございます。
以上でございます。
はいありがとうございます。
こちらの直接の関わりとしましてはその下子供子育て会議、若者委員が入っていただいてそこで意見をいただくというところとリーフレットの作成というところで伺いましたこちらに関しては50名程度応募があったということで非常になんか盛り上がりを感じるなというふうに思ったところです。
他にも先ほどご紹介いただいた通り20歳の集いですとか、チーム感もゼロですとか、様々に今回他部署で対応いただいているところかと思いますけれども、こういった盛り上がりをさらに広げていくことができればと思っておりますので、ぜひ次年度にも期待しておるところですので、引き続きよろしくお願いいたします。
はい次にですね介護現場のカスハラ防止というところについてお伺いをいたします。
先日本部においてカスタマーハラスメント防止基本方針が指名さん策定されました。
これは職員等への方ハラスメントの防止のための考え方を示すものでその背景には一定程度の割合でこの程度笠原への経験があるという実態がございます。
介護の現場においても同様の調査があるようでして、という前線などによる調査によれば、介護職の関係回答者の47.6%が何らかの迷惑行為を受けてるというような調査がありましたまた日本介護支援専門員協会4月に公表した結果によれば、ケアマネの37.7%がカスハラを受けたと冬に回答されると言っていると思うことです。
本部の調査で同様の回答は24%ということで、あくまで全国の数字ではありますがかなり高い水準にあるように思います。
業界として慢性的な人不足が指摘される中でこれらのハラスメントが起こりうるということは、まさにこの傾向を加速化しかねないものということで対策は企業と考えております。
介護現場におけるカスハラに関しては東京都によって相談そう総合相談窓口が設置されてることを把握しておりますけども、こちらのような個々の現場でのこれらの事態が発生した場合の相談体制や、その中での本部の役割、またその相談の状況などが把握されていればお示しいただけたらと思います。
お願いします。
委員長介護保険課長介護保険介護現場でのカスタマーハラスメントについてですけども、ケアマネージャーであったり、介護職員については利用者の方に直接サービスを提供。
直接触れて提供する上であったりとか自宅でサービスを提供することが多いとか。
あの生活と健康のためにはなかなかサービスを中止することができないといったような状況から、カスタマーハラスメントを一般的に起きやすいというような認識もありございます。
その中で今は委員ご紹介いただいたように、東京都もカスタマーハラスメント防止条例を4月に施行しまして早速ですね、介護カスタマーハラスメントの窓口も設置をしたということです区としましても以前からですね区またはお年寄り相談センターがあの会合のケアマネであったり、事業者支援という立場からですね、相談というのは受けてきたところです。
この4月以降でというか近年ですねそういったことがすごく増えているかというような状況にはなくてですね、なかなかですね、カスタマーハラスメントというものとその支援の難しいケースですねいろいろ生活が難しい中でどういったサービスを組み合わせるプラン立てばいいけばいいかというそういう困難ケースっていうのを線引きするのは難しい。
非常に難しいところではありますけどもそういった相談がポスト特別に増えているというところではないことから、考えますとこれまでも対応してきたところですけども、例えば法人での対応ということでこういったカスハラに対する対応の方針であったりマニュアルの作成またですね契約書であったり重要事項説明書等にきこういったことが起こった場合は契約を解除することも辞さないよというようなところを一部入れるといった様々な対応をこれまでもしてまいりましたので、一定程度ですねそういった対応がなされているというふうにあの子としても捉えております。
区としてもですねただ昨今ですねカスハラ問題非常にやはり重大な問題と考えておりますので、事業者、職員向けにですね、研修等も行ったところです。
区としてもですね今後の東京都とも連携を図りながら、介護職員がですね、働きやすい環境もいうふうな、あの環境作りに繋がるようにですね、引き続きの支援依頼や対策をしていきたいと考えております。
以上です。
ありがとうございますまず元々とも相談窓口があるっていうところとかお年寄り相談センターですとか、適宜相談いただいてるというところ。
あとこの他研修等々様々に御対応いただいているというところではい理解をいたしました。
実態としてはそれほど増えてるというところではないということで、それは良かったかなというふうに思っておるところです。
本区としましてもこちらの方針の直近でできたばかりという状況ですので、いろんなところでポスターを貼ってそもそもこういうものがあるんだっていうところも認知ってところがまずあるかと思いますのでそれに合致するような形でそういった問い合わせ等もまたこれから増えてくるところだとは思っておりますのでそこについてはまた適宜対応いただければと思っております。
一点区のホームページにもとも相談窓口Gについての連絡先ですかねものについてなんか自治体によっては結構こちらのページそのもとでこういう相談窓口がありますみたいなことが書いてあるところもあれば、本区においておそらくなかったんじゃないかなと思いますけどもそちらについてももしな内容であれば掲載というところもぜひご検討いただけたらと思っております。
最後に育児支援ヘルパーの事業に関してお伺いをいたします。
本事業は妊娠中や、または出産後で育児や家事の支援を必要とする家庭に対してヘルパーを派遣することで家庭の負担を軽減するような事業であります。
これ核家族で近隣に祖父母など助けもないような家庭にとっては非常にありがたい事業だとは思いますけれども問題はその費用負担の部分です。
世帯所得が636万4001円以上の場合には2時間5000円という最も高い水準の利用者負担となっております。
一方で本区における世帯収入について子供計画策定に際してのニーズ調査によれば就学前児童のいる家庭で年収600万円以上の家庭は9割以上と成っております。
これらを踏まえますと本事業を利用されてるそうな相当数はこの上限の金額を支払っているのではないかというふうに思います。
またその費用負担によってによって、本来は必要な方も十分利用できてないような側面も考えられるところです。
こちらについては昨年の時点で若干の見直しを行っていただいたというところは確認しておりますけども、依然として例えば千代田区で1時間当たり1000円港区で2時間当たり2500円江東区で1時間500円などの近隣区の状況を見ますと依然として相対的に高い位置にあるのかなと思います。
所得階層を分けてオープンに負担をという理念は理解するところですけども、先に挙げた通り、薪割近くを占める世帯が該当するような状況を踏まえますと、これらの理由さんによって利用控えるということも考えられ、本来の施策の意図というところについても十分に果たせないんじゃないかというふうなところもちょっと危惧するところです。
これらを踏まえまして確認させていただきたいのはこちらの所得の段階でのその利用の割合というところと、あとはこのTACとの比較というところを踏まえた今の価格設定の妥当性というところをに関して確認できればと思います。
お願いします",2025/11/17,子ども子育て高齢者
子供家庭支援センター所長,"はいではまず育児支援ヘルパー事業を使っています利用者の所得の階層の割合というところからお答えさせていただきます。
本事業の区分ごとの実績、今年度ですね4月から10月までの実績は10117家庭が利用しておりまして403万9000円以下の1階層の方がおよそ30%で403万9000円から646万4000円までの間に階層の方がおよそ7割、全て7%そして636万4000円以上の3階層の方が63%となっているところでございます。
令和6年度、本事業見直しておりますけれどもそれ以降昨年の7月から3月までの実績においてもおおむね同じような割合になっているところでございます。
0-5年度制度化へと見直す前でございますね。
令和5年度料令和4年度につきましても、おおむね同じような割合で推移しているところでございます。
そして料金の設定といいますか他区との比較というところでございますけれども、本事業の場所とか基準額につきましては、あの.のホームヘルプサービスのあの所得基準額というのを参考にして、区で利用者負担額を定めるなど制度設計をして運用しているところでございます。
昨年の6月に本事業を含めた既存の子育て支援サービスを子育て家庭の多様な一時保育事業、特に臨時緊急的な事情のときに、活用していただきやすいようにということで、6階層あった所得区分を3階層に簡素化しまして、全ての階層の方の本人負担額を減らしたところでございます。
今委員ご紹介ありました通り、筋肉におかれましては、一律1000円。
ただ、利用者負担額が定額であったり、なおかつ定額かつ減免制度を設けていたり、金額ですとか条件の方様々あるかと思うんですけれども本区におきましては403万9000円以下は保護者負担をいただいておりませんで、この辺り近隣区と比較しましても所得の低い層といいますか、の配慮といいますか経済的な負担の軽減は図れているのかなというふうに考えているところでございます。
こちらの事業につきましては昨年負担額の見直しを行っていこう。
利用者の方は増加傾向でございまして、保護者の方からも一定程度ご理解いただいているのかなというふうに思っているところでございます。
産前産後に家事育児支援を必要とするご家庭が過重な金銭負担をことなく、安心して子育てが行えるように引き続き、区民目線に立って事業運営の見直しですとか、工夫の方を行っていきたいと思っております。
以上でございます。
はい階層別の割合のところについてお示しいただきましてありがとうございます。
やはりもちろん1位の快走403万9000円以下の階層の方がある一定程度いらっしゃるというところは、あったと思うんですけども、やはり3階層634万9001円以上のところが6割以上ということで、やはりこの辺の世代割合の所得、階層の方が多いというところは、実態としてあるのかなというふうに思ったところです。
はいあとはご指摘いただいた通り、その400万円以下の設定の部分が無料になっているというところ確かにお宅の場合ですと、例えばその所得制限特になしっていうふうな形で記載されてるものもありますので、それはイコール所得が低い方についても一定程度支払っていただくっていうところではあるのでそこに関してはもちろんその価値がある部分なのかなというふうに思いますけれども、先ほどご説明の中でもおっしゃっていただいた通り、その金額を当然昨年2024年ですかね。
2番下げられたことによって若干増加傾向という話もあったかと思います。
その辺でやはりその金額の部分がネックになって使われていないというところが実態としておそらくある部分もあるからこそ、金額を減らすと、増加傾向にあるというところになってるのかなというふうに思っておるところです。
ですのでお宅の状況等も踏まえあと全体の財政状況等もいわゆる話にはなるかと思いますけどもこちらももちろん意義というところについては重々ご理解いただいてるとこだと思いますのでその辺の費用負担の部分も踏まえて、今後の改善というところにぜひ期待したいしたいと思っておりますので、引き続きよろしくお願いいたします。
私からは以上です。
ありがとうございます。
はい。
私の方から理事者報告資料にまた議題いいから質問を進めていきます。
まず資料に私立認可保育所における不適切保育保育事案に関わる報告書についてでございます。
再発防止にとり本区としても取り組んでいくということが、経過など背景などが示されております。
また特に大切なところでいいますと、主な再発防止策が大切なところかなというふうに私も思っております1点目に、職員間の連携強化、や複数の目が関与する保育運営保育室のレイアウト改善、保育記録カメラ活用の推進2点目が、延長事業者による職員や園児状況の把握、保育士が働きやすい環境作り3点目に、区が巡回指導の見直し相談通報窓口の明確化保育記録カメラの設置支援、検討等がございます。
この再発防止をする中で、次に同じことはさせないというこの区のその考えが私も伝わってきます。
再発防止の中で、まずこの今回は私立認可保育所ということで書いてございますが、この全ての保育所に例えば保育記録カメラの設置の支援などがされるのかそのまずお聞きしたいと思います",2025/11/17,子ども子育て高齢者
委員長保育課長福課長,"はい。
このほど保育カメラにつきましては基本的にまず私立の方は市営し私立の方につきましては、あの設置を希望する園につきまして、あの補助検討しているところでございまして、効率もあわせて設置のところを検討している状況であります。
以上でございます。
委員長ありがとうございます。
はい。
希望されるところに設置を支援をしていくということでございます。
また保育室のレイアウトの改善とかですね、例えば見やすいとか、そういったことを考えられるとは思います。
本区としては巡回指導にすごく力を入れてきたということで各からも様々なご報告いただいているところだと思いますがこのレイアウトの改善と、指導の見直し、端的に教えていただきたいと思います",2025/11/17,子ども子育て高齢者
保育課長,"はい。
はい。
今まではやはり園の各園の構造に合わせてそれこそ園が運営しやすいように保育しやすいようにというところで、ついては、特にそんなにそれこそ物が落ちやすいとかそういったことで子供に危険がない限りはそこまで行っては来なかったんですが今回の件を受けましてやはり全体的に視覚視野が広く広く、他の先生とか他の園児の様子が見れるような空間作りが必要だねというところございましてその辺のところにつきましては今まで以上にこの状況だと資格が多いんじゃないかなどなど、そういった視点でもしっかり見ていきたいなと思っております。
それで巡回のところにつきましても、今までも園長に限らず、いろんな先生にお声かけてきたところではございますけれども、今まではどちらかというと何かあったときに先生指導の仕方大丈夫、これ大丈夫っていうような何かを発見したときに声をかけるというところだったんですが、やはりそれだけではなくて、その園の健康状態がどういう状況かっていうのは、黙ってて、淡々と保育をしている人方が他にも何か思うところがあるかもしれないというそういう視点を持ってできるだけ声をかけていく。
あの声をかけながらいろんな話を聞いてて、区もあなたたちの味方だから何かあったら教えてね状況によってはこのほの方から事業所に協力依頼をするよというような、もっと入り込んだ視点でですね巡回をしていきたいなというふうに考えておりましてもう早速その辺はしっかりと取り組んでいるところでございます以上です。
委員長ありがとうございます。
やはり人間が何て言うんですかねお子さんを接していくということで、保育士さんの方も人間だと思います。
そういった意味で、この区の巡回指導を見直し、更なるこの取り組みをされるということで安心しましたまた、希望される園に保育園保育所に対して、この保育記録カメラの設置支援というのをしっかりとやっていただいて、またあの設置場所の選定とかまたプライバシーとか配慮とか運用ルールの策定などなど様々そういったことも含まれてくると思いますので区としてもしっかりと支援をしていっていただきたいというふうに思いました。
ありがとうございます。
続きまして議題Eの中で2点お話さしていただきたいと思います。
認知症施策の中から、高齢者補聴器購入助成物忘れ予防検診について質問をしていきたいと思います。
まず一点目が、高齢者の補聴器購入費助成でございます本区では高齢者補聴器購入費助成は、諸聴力の低下による、ヒアリングフレイル聞こえの衰えが原因で社会的孤立や認知機能低下に繋がる状態の予防に有効に働く可能性があります。
この補聴器の導入を経済的に後押しすることで、聞こえ、聞こえの改善や社会参加認知症予防に繋がると考えておりますここで質問でございます高齢者補聴器購入費助成制度がこの8月1日からリニューアルされ、助成金額も増やされたと認識しておりますまた、過去に過去にこの1回受けた5年、過去5年間、交付金の交付を受けてない方も再交付の申請が可能になったそのようなことが記載されております。
しかしまだスタートがもない良いところでございますが、この助成金について区民の声や所感などございましたらお聞かせいただきたいと思います",2025/11/17,子ども子育て高齢者
超高齢者福祉課長,"、高齢者福祉本区では従来から65歳以上の区民の方に補聴器の購入費用助成しておりました。
ごろ委員おっしゃいましたように、近年は補聴器の使用による認知機能抑制効果が注目されていましたりまた物価高騰により補聴器の価格が上昇しているということから、その助成額や対象者を本年8月から拡大しております。
こちらもちょっと重複してしまうかもしれないですけれども具体的にはあの助成額を今まで一律3万5000円だったところを、住民税非課税の方は7万2000円に引き上げましてまた住民税課税の方については所得制限を撤廃しました。
で5年以上経っていれば再交付申請もできるように対象者を拡大したところです。
このように事業のない内容を変更しましたところ、とですね昨年度の助成件数が109件、合計でございましたけれども今年度はやはり8月以降の申請が多くなっていて本年4月から10月末までで、128件の助成をしておりまして既に昨年度の1年間分を超えているという状況になっております。
この授業につきましては、特に利用者さんはからお声が区に寄せられるっていうことはないんですけれどもこういうふうに以前より多くの方にご利用していただいているということは、今回の事業内容の変更が、高齢者の生活の負担を軽減しているということですとか補聴器を継続装用していただくことで、会話が聞き取りやすくなって、円滑なコミュニケーションに役立っていると考えておりますので、今後も、認知症施策の一つとして実施してまいりたいと存じます。
です。
院長ありがとうございます。
今昨年度よりも、現在4月から10日10月まで、4月から10月までで128件ということで、反響があるそういうお話でございます。
心配なのは予算の方なんですけども、その点については、大丈夫なのか教えていただきたいと思います",2025/11/17,子ども子育て高齢者
院長高齢者福祉課長,,2025/11/17,子ども子育て高齢者
高齢者福祉課長,"はい。
予算につきましては、やはり8月以降は課税の方が特に今まで所得の関係があって申請できなかったということもあったので、増えるだろうということで、ある程度多く予算を要求しているところですので、こちらにつきましては今のところはこちらあの後は定額ですので7万2000円か3万5000円というところで、大体課税の方も非課税の方も同じぐらいの割合で申請されてきてるというところは今までと変わっておりませんので今のところは予算の中でできると思っております以上です。
委員長　ありがとうございます。
予算がまだ底ついてないということでまたこのやはりリニューアルされたやはり皆さんにPRしていくっていうことも意外とそういった難聴の方がそれだったら私も購入してみようかなっていう背中を押すそういったことにも繋がると思います。
またこの補聴器の購入助成は、単なる経済支援にとどまらなくて、高齢者の聞こえ、聞こえを守り、またあの社会参加を維持することによって、ヒアリングフレイル予防に直結する制度です。
聴力低下を放置せず、補聴器を導入することが健康寿命の延伸にも繋がるというふうに私は感じました。
続いてでございますが、物忘れ予防検診についてでございます。
本区では認知症の疑いを早期に発見する物忘れ予防検診を実施しています。
認知症は誰にも起こりうる脳の病気で、対応が早いほどお天気適切なケアや治療の開始により、進行を緩やかにすることが可能と言われており、今後の生活の阻害をすることができます。
忘れ予防検診は受診費用費用を無料で、65歳、70歳、75歳を対象に、受診の案内がされております。
そこでちょっとお伺いいたします。
ここも8月1日よりということですが、スタートもないですが区民の皆様、また区の御所感などをございましたら教えていただきたいと思います",2025/11/17,子ども子育て高齢者
委員長介護保険課長,"はい。
はい。
本年8月から開始しました本町の予防検診事業についてであります。
今は3ヶ月、8月9月10月と3ヶ月の実績を申し上げますと、受診者がですね、合計で121人受診されております。
事業開始時の事業者の対象者がですね、高齢者の方が3741人と、いうことで、約3%ぐらいですね。
この方がまだ受診今受診されてるということです。
その内、有所見者という形で、精密検査というか詳しい所、検査が必要なんじゃないかという。
いうふうに繋がった方が3人いらっしゃいます。
その方につきましてはお年寄り相談センター、あの等に引き継いだりですね、また適切な医療に繋げたりということで、サービスに繋げることができるというのを確認しております。
またこの認知症の疑いがあるかないかというだけではなくてですねそういった形で生活にお困りの方、もう一緒にこうやって発見するというかですね、話を聞く機会になりますのでそういった意味では、適切なサービスに繋がるかなというふうに思っております。
やはり区としては、もちろんその早期発見というところもそうですし、この事業をきっかけに認知症ということを今一度考えて自分事として考えていただきたいというとこもありますので、そういった普及啓発に繋がる。
ありがたいなと思っておりまして、まだまだ先ほど紹介したように受診率高いとは言えない状態ですので、今月ですね11月中にまたまだ未受診者の方に対して勧奨のはがきをお送りしまして、引き続き更なる受診率の向上というところに努めていきたいというふうに考えております。
以上です。
委員長角屋委員ご答弁ありがとうございます私も物忘れ予防検診がスタートするという中で、地域の方ともお話したりとかしました。
最近物忘れが多いとかそういったお話って日常でてくる。
ことだと思いますそういった中で中国としても、この物忘れ予防検診を進めていくっていうお話をすると、それであれば私も受けてみたいなっていうような、そういったお声なんかもいただきました。
そこでちょっと要望なんですけども今回受診費用を飲む量が65歳70歳75歳という対象者ということで、まして、このそれ以外の方への拡大っていうのができると何かもう少し広がりもあるのではないかなというふうに思っておりましてお話を伺った中で、そういった何て言うんですかね65歳70歳75歳っていうことで私は対象じゃないわっていうふうにお話もあったんですけどもその点について本区としてどのようにお考えなのかご答弁をお願いいたします。
院長介護保険課長介護保険本事業の対象者のあの年齢についてでございます。
今、委員ご紹介あったように65歳70歳75歳ということで、この事業はですね認知症を考えるきっかけになってもらいたいということで今回節目もう年そして年齢を設定した65歳認知症がですねちょっと気になるとか発症が増えてくるといった65歳から節目の年という形で解消したところです。
あの本事業がですねまだ今年度始まったばかりというところもございます。
もちろんですね皆、区民からのご意見の中で、対象外私も受けたんだけど対象外だろうというご意見も確かにこの方には届いております。
その際にはですね、区としてはちょっと対象外ですけども今自分でできる認知症のセルフチェックのリストというものをございますので、こちらをですね定期的に自分でチェックしていただくことで、もし少しでもそれが、あの数値がちょっと低下してきたということであれば医療機関にご相談くださいというふうにご案内をしております。
いずれにしましても、こういったご意見であったり、協力いただいている医療機関である医師会等にもご意見を頂戴しながら、ちょいただきながらですね、今後その対象者については引き続き検討してまいりたいと考えております。
以上です。
委員長受信率向上、また先ほどのこの年齢ですね、ご検討いただければなというふうに思います。
きっかけということで、やはり私も何人かの方が認知症になったというか、その前から付き合って付き合ってる方っていう形でね、知ってる方ですけども最初なんか話がなんかなんか変だなっていうか、ちょっと気がついたんですけども認知症なのかっていうところまでは私は行かなかったんですけども物忘れ予防検診これからもしっかりと力入れていっていただいて、受診率向上を、今、先ほど勧奨手紙三つですかね、出していただくっていうことですけども、しっかりと物忘れ予防検診、またこの事業をですね、しっかりと進めていただきたいなというふうに思いまして、私の質問を終了いたします。
ありがとうございます。
はい。
よろしくお願いいたします。
子育て支援として、子供食堂についていくつか確認させていただきたいと思います。
子供食堂は全国的に増えている状況だと思います。
それはあの地域の方々の善意と情熱によって支えられており、子供たちにとって大切な居場所の一つにもなっていると考えております。
その中で、あの、栄養面や衛生面についてどのようになっているか、区としては民間のところですがどのように関わってどのようにその観点を見ているかお聞かせいただけたらと思います。
保健部参事福祉保健部単位子供食堂についてでございます。
本件につきましては、みんなの食堂といったところで、子供の孤食やは高齢者の孤食そういったところをも含めた形でのみんなの食堂というのを行っているところでございます。
こちらにつきまして衛生面というところでは、一応保健所の方に届け出てといったところを社会福祉協議会の方でそういった相互相談があるとそういったところをお話させていただいているところでございます。
栄養面につきましては月に1回程度今やってるような食堂が多いところもございまして特にす。
そこをすごい栄養価を気にしてといったところまでやっているところがあるかどうかちょっとこちらも把握はしてないんですが時々行くところにあれば、行くところを見ますとやはりあの子、子供たちとか高齢者が喜びそうなものを作って野菜もある程度っていったところである程度栄養も考えてはいると思うんですが、特に栄養士さんが入ってそこも計算してというそういったところまではやっていない状況だというところでございます区の支援としましては社会福祉協議会を通じまして、そういったところに支援を助成金を出しているようなところでございます。
以上でございます。
はい。
ご答弁ありがとうございました。
本区におきましては、みんなの食堂ということで、子供なら済み高齢者の皆様にもご提供していて、いる状況ということを考えました。
また社会福祉協議会を通じて支援を行っているということで、できましたら大変いいことをやってる皆さんだと思いますが、衛生面も栄養面も今後量量の拡大だけではなくて質の確保も見ていっていただけたらと思いますので、引き続き地域と区も連携していただきたいと思いますので、今後もどうぞよろしくお願いいたします。
次にもう一つご報告いただきました市立保育認可保育園による不適切保育事業事案なんですけども保育の虐待についてなんですが、個人情報っていうのが今厳しくなっていてなかなか情報共有も虐待した方の保育士等外保育士の方の情報も共有はされない。
状況ということで確認だのかどうか、正確に確認させていただきたいと言うなど、保護者の方々が不安になるのはあまりよくないと思うんですけども、噂はどうしても流れてしまうと思うんですねこういう方が来てるらしいとか。
どういう先生だったのかしらってご父兄の方は、大事な子供を預かってるお預けしてるわけですから気になるわけですがあの情報共有、重大な過失の場合は免許の取り消しなど国でやってると思うんですがまた他のところに移ってしまえば、法人としては共有しているかも可能性もありますが情報共有は地域によって和解供与されないということで、その予定について、今後繰入またの情報共有もしていくべきと私は考えておりますが、国に提言するとかその点の情報共有について不安がすごく受けの方が不安を持たれるような今後の対策についてお聞かせいただけたらと思います。",2025/11/17,子ども子育て高齢者
委員長保育課長,"はい。
今回虐待をしたという保育士につきましてのその個人情報どこまで伝えるべきかっていうところは本当に事業者ともお話をするところもありましたけれども、やはり個人情報というところがございまして、起訴されたりとかそういった警察とかも入ってくる中でなかなかそこのところについてお伝え皆様にできなかったところではございますけれども、やはりはっきりとはわからないはっきりとはお名前を伝えられない中でも、もうそのことがわかった時点で次の日からもうその保育に就かせていないというところから皆さんは薄々メーカーそういうのがわかるところではございまして、ただ、詳細についてまだ審議の段階でなかなかそれをこの人がこういうふうにやりましたっていうとこをお伝えはできないところがございました。
はい。
そういったご不安はあるところではございますかそういうのを引き続き事業者との共有しながら対応していきたいと思っております以上です。
はい。
ご答弁ありがとうございました。
問題があった問題を起こしたところではお勤めできないということでまた他に移ってしまえば継続した資格が剥奪されない限りは、食薬処の職に就けてしまうということが重要ではないかなと思ってますし、噂でいろいろ憶測で、父兄の皆様があの心配になっていろいろつつ、か噂する方が良くないと考えておりまして情報共有は一定のところで情報共有をして、雇うかやらないかって今後そういうふうに国がやっていくべきだと私は考えております。
また本区におきましてはしっかりと今後の対応もあの店に防げなかったか法人としてしっかりと経済的にミックとしても検査を行ってないかと今後しっかり把握していただき、また全国的に虐待っていうのは今後も増えていきますたくさん起きてるわけですから防ぎようがないっていう部分もあるかもしれませんが、しっかりとあのカメラの設置も今後拡大していただいて、一番大切なお子様をお預けしてるわけですから、あの虐待との悲しい事案が今後起こらないようにできる限り力を尽くしていただけますよく思うよろしくお願いいたします。
ありがとうございました。
それでは初めに報告事項1の福祉施設の指定管理者の評価結果について伺います。
指定管理者制度というものを、自体にはずっと反対をしている立場ではありますけれどもこういった事業者が適切に選ばれるようにということで、この方でも評価の方法などの見直しも指定いただいているということをです。
資料でも、昨年度からの変更点として、5の水準が保たれているものの3年間、その内容に変化がない項目については得点を原則4にする。
とかそういった仕組みに変えています。
これまで通りの努力をしていれば5という評価が受けられると、得られるというわけではなくて、毎年さらに努力改善もしていかないと、応募が維持できないと、そういうことをです。
90点合計得点が90点以上という場合に総合評価は本来はプラスで非常に優れているとなっているものでも、項目で3があった場合には総合評価をとして、それでも優れているわけですけれども、指定価格下げするとか、項目で2以下の評価があった場合には総合評価をし改善が必要である。
格下げするとか、何か一つでも大問題が大きくあれば、その他の点数が良くても、総合評価に厳しく反映されるとそういう仕組みになっていると思います。
こういった評価方法でいろいろ工夫されているというのは大変大事なことだと思うんですが資料報告されている事業者の評価の結果、いろいろ見てみますと、3年間、新たな取り組みがなしということで、評価基準が5から4に下がったというところもかなり多くあるなという印象をです。
4が悪いというわけではないんですけれども、新たな取り組みがずっと4と、ただ4から3に下がるということはないということなのでずっと新たな取り組みがなくても4だけはずっと維持できるという。
仕組みになっていると思うんですけれどもこういうことで新たな取り組み、努力をしようというモチベーションに繋がっていくのかどうかという、その考え方についてお示しいただきたいと思います。
もし、ずっと3年間、新たな取り組みもなく4をずっと維持していたとしても4でも悪いわけではないし、仮に全ての評価が全部読んでも合計すれば80点にはなるので総合評価としては、優れているということを維持できるということになるんですけれどもそういう中でも、努力を毎回し続けるということもなかなか大変かなと思うところもあります。
元々いろいろ努力をしている。
ところであればもう伸びしろがなかなかなくなっていくのかなと新たな取り組みが月でしまうということがあると、どこも4止まりということになってはしまわないのかというふうに思うんですがその点についての考え方をお示しいただきたいと思い言います。
委員長",2025/11/17,子ども子育て高齢者
福祉保健部参事福祉保健部長,"はい。
この新たな取り組みにつきましては昨年度からの変更点というところで、別紙についてちょっと書き方が大変申し訳なかったんですがさもう令和6年度の評価のときから英語の水準を保たれているものを3年間その内容に変化がない項目がとっても原則4とするというのは0昨年度からやっているところですその横の忠の下線の部分をちょっと適切切な収支というところに関しては、なかなか新たな取り組みもなかなか難しいだろうということで、こちらの部分は外させていただいたところです。
今員がおっしゃった通り、新たな取り組みを3年間しなかったから4というところなんですがこちらに関しましてはこの水準を保たれているというところが気になっておりまして、この部分をきちんと保っていただいていれば4というところではございます。
ただやはり、5から4っていうところは新たな工夫がないからだというところをきちんと示した上で、もっとどんなどうにかもっとプラスにできないかというところは、今後事業者とは区と協議しながら進めていくものかなというふうに思っております。
でも、元々こちらはやはり評価委員会の方でずっと高止まりしててそれで単にこのまんまでいいのか高いまんまでいいのかといったご意見もあった中での評価の方法を書いたものでございます。
今後の伸びしろがなくなるかどうかというところで本当にみんな100点満点に行くのかどうかというところもございますが100点満点に行けばいけいっぱいでそれは本当に素晴らしいせ日運営だと思いますので、そこを目指して我々も協力しながら施設運営をやっていただければいいなと思っているところでございます。
以上でございます。
はいこれまでもいろいろこういった評価の中でこれで正しい肥育評価されると言えるかどうかということでは議員の方方からもいろいろ指摘や疑問もされてきたというところがあるというふうに思いますて高止まりしているという状況を高いしていくために新たな方法取り組まれているということ自体は大事なことなのかなというふうに思います。
この中で評価が低う、部分で適切な人員配置特に堀米町児童館などで有給休暇の取得率も35%と低いとか、そういうたことも思うあったり、なかなか職員の不足というものもあるのかなと思うんですけれども、児童館の職員の不足と保育所の保育士の不足、職員の不足等を言うものでは募集をかけた際の応募の状況であったりの厳しさというのは、児童館の方がより厳しいとかそういう状況があるのかどうかという点についても、お示しいただきたいというふうに思います。
評価見ていると保育園の方は国の基準以上の職員体制維持しているとか、高齢者施設などもそうですけれど、きちんと認可基準を満たす適正な人員配置となっていますという評価があるんですけれど自動カーの方はその法令手と手足を合わせてどうなのかという表記があまり見られないんですけれどもこの辺りへの配置の状況というのは、保育園等比較した際どうなっているのかという点についてもお示しいただきたいと思います",2025/11/17,子ども子育て高齢者
委員長放課後対策課長,"はい児童館についての人員の配置についてでございますこちらにつきましては先ほど委員ご案内のあった大泉町児童館に関しましては、なかなか年度途中に正規の職員の退職がまたですね正規の職員が育児休業に入ってしまったりというところでなかなかその正規職員による欠員補充というのは難しい部分があったんですがその中でもあのた短時間勤務職員をしっかり配置配置することで、何とかあの館の運営には支障がないように取り組みを進めているところでございまして取り組み進めているところでございます。
また児童館職員保育園の職員とつまりやりにくさというところに関してですけれども、我々も当然事業者の方には人員の配置が話をする際には、その点確認をしているところでございまして、事業者の方もなかなかですね保育園の方につきましては公定価格があってというようなところがあるんですけれども自動化においてはそういう国の基準がないということで、どうしても人件費の単価という部分については児童館の方がやや低くなってしまうというような事情もありましてなかなか保育園と比べると人員配置が厳しいということはわかっているところでございますが事業者側もその点問題意識を持ってございまして、やはり児童館の職員しっかり配置しなければいけないということで人件費については、待遇の引き上げも含めて要望を受けているところでございますので、その点については我々もす予算の中できちんと反映させながら、待遇の改善に努めているというようなところでございます。
また配置基準につきましてはこちら指定管理の協定書に基づいて、各事業者と区の方で基準を定めているところでございまして、それに基づいて運営をしているといったところでございます。
以上でございます。
点ちょっと補足をさせていただきますと、児童館には閉保育園は、国で認可だの例えば児童子供1人に子供なりに対して何人っていう配置基準ございますが、児童館っていうものに関しての人員の配置基準はございません。
あるのは、学童クラブの運営に関しては子供の数に対して何人の職員配置というのがございますけども、児童館運営全体に関してはございません。
今担当課長の方からご説明させていただいた部分は区立区立の児童館を運営するのに区で持っている職員配置基準等以上の配置をしなさいいう形になってございます。
一番大きなところは、区立は保育士の人員配置で行ってございます。
私立に関しては、中高生対応を中心に中心といいますか中充実するという視点もございますまず、開館時間が長かったり、ですとか中高生を対象とするということから、保育士以外の例えば社会教育主事ですとか、中学校の教員免許持ってるものをですとかこういったものの配置も求めているところでございましてそういった中で、間の運営と全体とそれから区の持ってる配置基準そういったものを見比べながら指定管理事業者の方で配置をしていくというところでございます。
そういった意味で職種が広い部分と、なかなか事業の内容が難しいといったところから採用の方が難しい時期があるというとこだというふうにご理解いただければといろいろ今保育園と児童館の違いもお示しいただいたんですが、やはり区立であれ私立であれ、同じようなきちんと保育が受けられる居場所としての役割を果たせるようにしていくということ大事だと思うので区立はこの職員の配置と同じように保育園と同じ仕組みでやってるということなんですが、私立の方でも引き上げていけるようにその点は区としても援助をしっかり指定いただきたいというふうに思います。
児童館についてその職員の配置とかいうそういう基準というのは大体そしてこれは保育園に準ずるような形できちんと定めていくとかそういうことも協定書の中で進んでいくということできると思うので、その努力というものはぜひ指定いただきたいというふうに思います。
児童館だけでなく保育園もどこでも福祉施設でも職員を集めるということが大変だということですが、保育園、先ほどもお話あった工程価格ですけれども、この委託費算定するために用いられる価格これに含まれる常勤の保育士や調理員の賃金の単価というのは国家公務員の給与を参照にしているということなんですが非常勤の保育士にはこの人事院勧告が適応されてこなかったということで、保育所で働く非常勤の職員の賃金の原資になる国からの補助金が最低賃金を下回っているということが、ここ10年以上続いているということです。
保育所の非常勤職員の賃金の原資として国が定める。
1人当たりの賃金単価が今年度は1日あたり保育士が6150円で調理員等が5000円550円ということなので1日8時間労働として時給に置き換えると保育士が時給768円商品が693円ということで最低賃金の全国平均の1121円と比べても400円も低いと、そういう状況があるということです。
非常勤に対して処遇改善加算ですとか月9000円の処遇改善というのも賃金に加わるということを考えると差はもう少し小さくなるけれどもそれでも最低賃金を切るということで、こういった問題解消していくために非常勤の職員の賃金単価の引き上げということも国の方できちんと進めるべきだと思うんですが、この非常勤の賃金について引き上げの必要性、また国に対しての働きかけというものも求めたいと思いますがご見解をお示しください",2025/11/17,子ども子育て高齢者
院長課長,"。
はい、課長はい。
委員おっしゃる通り非常勤人の処遇は常勤職員によるよりもどうしても下がってしまうそういったことは実際にあると思っておりますけれども結局今全体的に保育士不足でございましてそういったところでしっかりといろんな候補加算とかの補助とかをしっかりとその職員にちゃんと提供していない事業者に対しては、必然的にあの保育士が集まらなくなるという自助、自浄作用作業作業が起き、起きますので、そういったところでやはりきちんと賃金を払っていく。
それが今本当に厳しい人不足の中で、人をきちんと確保できるというところになっていきますので、もちろん国いう必要なときに訴えかけるというところは必要だと思いますが、まずはそこは事業者として、自助努力で頑張っていただきたいところだと思っております以上です。
私としては国にもしっかり求めてもらいたいという思いはありますが、まず区としてできることとして事業所にしっかりとその非常勤の方にも適正な賃金が支払う。
賃金を支払うようにということも強く指導もしていただきたいというふうに思います。
不適切保育の事故の報告というものもありましたが、これもやはり十分に保育所がいるという状況があれば、防げた問題であったかもしれないとも思います。
あの保育士本人の行動の特性ですとか体調不良ということも書いてありますけれども、やはり保育士十分に配置するということが大事だということを事故の報告書を見ても感じました。
ね報告書の中で、巡回指導も1園当たり平均9回行っているということ、年間で9回ということをですが回数をもっと増やしていくということも必要だと思います。
そのためには巡回する。
職員の方はもっと延長経験者ですとかそういう方もさらに組織していく必要があると思うんですがこの拡充についてどう考えているかという点もお示しいただきたいと思います。
それと東京都の方でも巡回指導を行うことになっていると思いますが東京都の方も人手不足でなかなか巡回の回数増やせないと、こういう問題以前も指摘したことあるんですが、本来毎年行かなければならないものを34年に一度とか、そういう頻度でしか回れない面もあるということだったんですが、東京都の巡回指導というものは今どのように改善されていっているのかという点もお示しいただきたいと思います。
まず先ほどの質疑の中でこの巡回指導などを通じて保育士の方が事業所に対して言いづらいようなことも聞き出して、事業者に伝えていくとか改善を求めるという方法もとっているということで大変重要なことだというふうに思います。
保育士の方も、事業者に対してなかなか物が言いづらいとか弱い立場にあるということもあると思うので必要だと思うんですがもしぐた例として、その保育士の方から聞き取ったことを事業所に伝えて改善されたとか。
そういう例があればそれもお示しいただきたいと思います。
町保育課長巡回資料があの回数についてですが、こちら年に平均9回というふうにさせていただいておるんですが全ての園が平均9平均ですので、順調に回っているなっていうところについては回数も少なく、またちょっとよくしっかり見といた方がいいなこの間ちょっとバスが多かったかなっていうところについては、寒暖差を設けて、しっかりと回っているところでございます。
また民間の方もお願いしながらできるだけ回数を区の方では巡回するようにいたしている反面、やはりしつこくしつこく行くんではなくて1回指導したら、まずある程度自分たちの中で、しっかりそこを改善していただく必要があるというところは考えておりまして今やっているのが巡回指導で指摘したところ、その場で言うのっていうのははいわかりましたって言いがちなんですが、結構その後に次行った同じ場所が罰だったりすることが何回かあったので必ず行った後に、あのちょっと2週間ぐらい、先生どうですか、そこの部分をこの間指摘したけれどもってますかっていうことを1回一歩入れたりとかしていかなくても、あのその指摘されたところがちゃんと直ってるかどうかの確認っていうのを丁寧にさせていただいているところでございます。
はい。
東京都の巡回指導のあのぐ状況なんですけれども、やはり委員ご指摘の通り、なかなかたくさん多く、あの回数が増えているっていうところは残念ながら確認できていないかなというところではございますが巡回指導しているときには、区の方も一緒に合わせて、あの行かせていただいているというところでございます。
あとは直接お話を聞いて、どういったところが改善されましたかというご質問なんですが、例えばですね。
頭数を保育士の頭数は揃っているんだけれども保育士の回転がとても速いっていうような事業所がございました。
そしたら、頭数は揃っていても、結局安定した保育に繋がらないでしょうというところで、もちろん英語を見ながらこう回っていくんですが、あれまた変わったんですかそうなんです事業所の都合で変わっていることがありますというようなことがありましたら、私の方から事業所に直接電話してやはり安定的な運営にはある程度保育士さんが長く同じ園に行っていただいた方がいいので、そういうところはできるだけ改善案長くいただく行っていただくように事業としても事業者としても配慮してくださいというようなことをこないださせていただいたところでございます。
以上です。
いろいろ改善のために区の方でも努力をしていただいてるということを確認させていただきました東京都の巡回指導は、未だにそのなかなか回数が増えていないということだと、それはやはり問題だと思うので区としてどういう働きかけができるのか増やすようにそういうことも区として要請はぜひ知っていただきたいというふうに思います。
保育所の方がやはり長く働けるということは安定した保育にも欠かせない。
必須条件だと思いますので、その点もぜひ巡回指導もさらに力を入れていただきながら、よりよい保育環境を作っていくためにぜひ頑張っていただきたいということを強く要望させていただきます。
次に熱中症対策という問題について伺います。
今年の夏品川区が熱中症対策として75歳以上の後期高齢者がいる全世帯に対して、民間事業者による飲料水の配送と高齢者の見守りを実施したということで、飲料水の配送と見守りをセットで行ったのは全国初ということです。
7月下旬から9月上旬まで2回に分けて1世帯当たり500mLのペットボトル24本を配送したということで、飲料水とスポーツドリンクを半分ずつということです。
エアコン、その際委託事業者が配送の際に、エアコンの使用状況ですとか高齢者の体調などを確認した後、タブレット端末に情報を入力すると、本庁舎に届くというそういう仕組みも検討しているということです区と品川区としてはリアルタイムで高齢者の状況把握できるようにして必要な支援に繋げていくということです。
ぜひ中国でもこういった取り組み検討していただきたいというふうに思いますがこの点についてのご見解をお示しいただきたいと思います。
それと事業所も熱中症の高齢者の事業所も熱中症対策で大変だということで新聞の記事で読んだんですが、ヘルパーさん、居宅介護事業所のヘルパーさん。
なども利用者のご自宅を訪問する際に、あまりの猛暑で熱中症の症状が出るとそういう方がとても多いということです。
11月の13日に介護関係者でつくるケア社会をつくる会という会が厚労省内で記者会見したということで、利用者宅への移動を繰り返すホームヘルパー今年の夏で8割近くが勤務中に熱中症のような症状になってそのうち3割が退職も考えたと、そういうことがアンケートでわかったということです。
こうしてもしヘルパーの方が体調悪くなったりその先、退職するということになれば、利用している区民の方にとっても大きな影響あると思うので、こういった事業者ヘルパーへの熱中症対策の支援ファン付きのペーストや冷却グッズの支給やまた手当なども含め、検討いただきたいと思いますがこの点についてもご見解をお示しください",2025/11/17,子ども子育て高齢者
院長高齢者福祉課長,"はい、いいえ。
高齢者の方に対する熱中症対策ということですけれども、本区でも熱中症のリスクが高齢者が高くなるということはじゅじゅ認識しておりますので、従来より様々な熱中症対策を実施しているところです。
そうですね例えば一人暮らしの高齢者の方に対しては民生委員さんの力を借りて調査をしているというところですとか、またクーリングシェルターということで、敬老館においてできるだけ長い時間進んでいただくということで、下記開館時間延長もより利用していただくということを目的に、あの映画鑑賞会ですとか、何かしらイベントを行うことで少しでも涼しく過ごしていただくというようなことをやっております。
また熱気熱中症対策アンバサダー講座という環境省などが推奨しているというか講演している。
講座を敬老館の職員が受講して、館内だけじゃなくて、おうちでのエアコンの適切な利用など適切な過ごし方についても利用者にお伝えしている。
またお年寄り相談センターの職員も在宅高齢者訪問する際に、特に心配と思われる方に対しては、今回熱中症リスクを検知する手首装着型の機器を配布したというようなことを行っております。
様々な自治体によって熱中症対策やってるところですけども、多くとしましてもこのような形で熱中症対策を進めているところでございます。
以上です。
委員長介護保険課長介護保険課長あの事業者における熱中症対策でございますが本当に年々暑さが増して酷暑ということで、やはり介護事業者だけじゃないですけど、本当に外で日中外で働かなきゃいけないというような方は本当に大変だな、大変というところで、頭が下がる思いです。
その中であと事業者に入る前にうちの介護認定の職員なんかもですね、本当に高齢者の自宅に訪問して調査をするということで高齢者や、やはりなかなかですね暑さを感じにくいというとこありますので、エアコンでつけまつけましょうかっていうと大丈夫大丈夫っていう感じですね。
暑い中で一緒に調査をするということで、非常に実際もう本当にクラブで帰ってくるというようなことも実際目の当たりにしておるところです。
そういった中でそれは区としてですね、介護保険課として職員を守るためにどういう対応ができるかということはやっておりますけども、事業者においてもですね、もちろん中央区だけの事業支援事業所というとこでもないんですけども東京都がですね、そういった熱中症対策等の物品購入等の補助等も行っておりますので区としても、まず熱中症という、そのリスクっていうのはやっぱり皆さん利用者も含めて知っていただくっていうところとあわせてそういったしっかり補助してるんですよというようなところもですね、事業者に周知をしていくというようなところで、あの対策を強化していきたいと考えております。
以上です。
院長高齢者施策推進室長高齢者院長。
すいません一点目の品川区の例を挙げていただいたお尋ねに対してちょっとお答えがなく、答えがなかったかなと思いますけれども、これ本区の方でもというようなお尋ねのご要望ではございますけども当然財源もですね必要とすることでございますしまた先ほどですね担当の課長の方からも本区の取り組みというものはお知らせをさせていただいたところでございますけれども、特に品川のですね取り組みにつきましてはしばらくの方のですねもしいいのですねその効果というんでしょうかそうしたこととかも聞き取りといいますか、調査といいますかその辺もですねさせていただきながらその上でですね現在本区が行っているまた本区がこれから行うですね。
熱中症対策とあわせてどういうふうにしていくべきかということはですね総合的に検討させていただきたいと存じます。
以上でございます。
はい。
熱中症対策については中国の方でも敬老館などで様々な取り組みをされていたり、ご努力はされているということは重々わかってはおるんですけれどもなかなかその敬老会に足を運ばないとかそういう高齢者のお方もいらっしゃると思うので品川のその状況なども今後、見ながら、ぜひ中国でも前向きに検討していただきたいということを要望させていただきます。
事業者の方また職員の方の熱中症対策ということでは、本当に高齢者の方うち訪問するとエアコンつけてない方っていうのは本当に多いということが、この厚労省内での記者会見でも、関係者の方から述べられて、いました。
エアコンをきちんと設置にして、エアコンの御利用を促すっていうことと、併せて物品の補助も東京都でしているということですが、この物品の補助で足りない部分については区としてもぜひ支援もしていただきたいですし、ヘルパーさんが熱中症のために仕事を辞めるということにならないようぜひ支援していただきたいと思います。
終わります。
副院長は関では議題、子育て環境の整備および高齢者対策に関することについては、継続審査ということでよろしいでしょうか？第4回区議会定例会における委員長報告の取り扱いについて、正副委員長一任ということでよろしいでしょうか？どうぞ。
ありがとうございます。
これで高齢子供子育て高齢者対策特別委員会を閉会いたします。
ありがとうございました。",2025/11/17,子ども子育て高齢者
穂積委員,"はいよろしくお願いいたします私は2点質問ございます。
まず豊海公民館の改築に関して伺います。
本件は用地地区第一種市街地再開発事業に関連するものです令和7年度から8年度にかけて内装工事そして9年令和9年度に開設予定とあります。
この件に関連する話として9月の区民文教委員会において報告いただいた富公民館の管理施設への移転についてという記載がありました。
こちらによれば、令和8年6月に仮施設に移転をして、令和9年3月末まで利用する旨の説明がありました。
これを踏まえて確認をさしていただきたいのが今回の予算の使い道というところです。
改築のみに対する予算であるのかそれともこの管理施設の設置やそこへの移転の費用ですとかそういったものを含めての予算であるのかというところです。
それについてちょっとわからなかったので確認させていただけたらと思います。
お願いします",2025/11/26,企画総務補正予算
地域振興課長,,2025/11/26,企画総務補正予算
地域振興課長,"。
はい。
今般掲載負担行為でですね計上しております鳥海区民館の改修工事でございますが、こちらの改築工事につきましてはいわゆる内装のですね、工事費のみでございまして、管理施設でございますとか、そこの移転に伴う計引っ越しにかかる移転費用等については再発事務組合の方の負担ということでございます以上でございます。",2025/11/26,企画総務補正予算
穂積委員,"はいありがとうございます今回は内装工事のみということで、別途管理施設に関しては、その事業者の方での負担ということではい理解をいたしました。
今回のスケジュールを見ますと、利用者ニーズに合わせてかなり決まる切れ目なく、利用できるようにということで配慮があったものというふうに考えております。
今後の内装工事に関してところですけども、調達手続きに関しても滞りなく進んで予定通りの開設となることを願っております。
もう一点築地川公園多目的広場の改修に関してお伺いをいたします。
本件は元々今年度に改修を行う予定であったものの11月3日本会本委員会に本委員会で企画総務委員会にて報告いただいた。
仮称入船トンネルの利活用検討に伴い、計画を変更して、今年度次年度に予算を振り分けるということになっているというふうに理解をしております。
予算額としましても今年度予算の一部を次年度に債務負担行為として繰り越して、総額としては変わらないような形となっていることを確認しております。
こちらについて確認をしたいのが、今回追加される可能性のあるこの箇所を入船トンネルの利活用検討の改修部分の位置づけという点についてです。
この部分は当然当初の計画には含まれなかったもの含まれていなかったものでして、今後何かしらが整備されるということになればこの予算の枠から支出されるのではなくて、別途次年度に向けて何らかの予算要求が行われるということでよいのかというところについて確認ができればと思います。
また今回の説明の中では、変更後の竣工時期として、令和8年9月とありました。
臨時の利活用検討に伴い今回の変更延期があったのだとするとこの期間までに全体の計画の竣工も終わらせるという見込みなのかという点についてもあわせて確認ができればと思います。
お願いします。
委員長水と緑の課長、水と緑の課長。
はい。
築地川公園多目的広場の改修でございます。
あの内容に関しましては今、委員ご紹介の通りでございまして、当初予算のですね、1億5000185万6000円というものを今年度のですね、失礼しました債務負担行為で9100万円を次年度に持ち越す。
それから繰越明許費を開けてを入れまして、予算の振り分けを行ったとことでございます。
今年度分の計上の6000万円ほどはですね、工事の前払い金になっているところでございます。
それから入船バシーのですね利活用の件でございますが、これもご紹介しました通り、さっきの企画総務委員会で活用の内容に関しての現状の報告があったかと思います。
あの氷関しましては子供の遊び場ですとか、スポーツの活用といった部分で、今後その検討の深度を図っていくと言った方エンジンなりますのでその部分に関しては今回のこの補正を含む築地川公園とか広場の整備の中の工事費には含まれておりません。
その解釈で間違っておりません。
ということでございます。
全体としましての計画ということでございますが、およそ10ヶ月の工事を予定しておりましたので、今年度ここで今回の議会で議決いただきまして工事スタートしていくとおよそ10ヶ月間でこの9月の竣工を迎えるということでございますが、その中でですね工事に関しましては今後入船橋のトンネルの検討というのが入っていくというふうに予想されますので、影響範囲に関してはカリーの部分の仕上げにするとかですね、それと配慮をして、全体計画の方に影響がないように工事の方を進めていくといった形の計画になってございます。
以上でございます。
穂積委員ありがとうございます。
金額についてはまず当初認識通りというところと入船課長入船トンネルの部分での検討に関しては含まれないということで理解をいたしました。
またこの時期の設定に関しては元々のスケジュールとして10ヶ月まで期間を見込んでいてそれを想定したものということで、はい。
一旦理解いたしました。
こちらのスペース新たなスペースも含めてですけれども非常に狭い区内としましては貴重なスペースだと考えております。
当初の整備内容として掲げられていたキャッチボール場などの目的についても期待するところですけども、新たなスペースも含めてより魅力的な場所であることと期待をしております。
私からは以上です。
ありがとうございます。
続いての発言を願います",2025/11/26,企画総務補正予算
奥村委員,"はい。
それでは初めに、豊海区民館の改築について質問します。
この豊海地域では地上56階建て、地下1階高さ189mのタワーマンションがニート大達約2150戸で3600人が居住する見込みとなっているというふうに以前確認をしていますが、今回は元々の区民館の敷地を権利変換でマンション内の許可を取得して区民館を整備するということなので、区の負担は、今回の内装費用の負担のみ、建築費などは発生しないということでよいのかという点を、まず、確認をさせていただきたいと思いますのでご答弁お願いします。
それで内装工事の事業者というのは既に決定しているのか、どういう事業者なのかということも併せてお示しください",2025/11/26,企画総務補正予算
地域振興課長,,2025/11/26,企画総務補正予算
地域振興課長,"、はい区民課にあって改築にあたってでございますけども、委員からお話いただきました通り、こちらの元々佐久有地等についてはK権利変換を行ってございますので、取得遊んでいる。
ことからこちらの本会計、改築の県内総工費に係る部分の経費の計上でございます。
また、計建設内装の設計等につきましても本体工事を行っております。
県事業者の方に行け今はですね、工事予定者として経営依頼する予定のところでございます。
以上でございます。
はい。
今、業者名をお伝えできればという話の部分があったと思うんですけど、その部分に関しては今の場見解だと思いますので、観点を変えて質問を作ってください。
奥村委員内装工事について費用が3億2100万円ということなんですけれどもこういった内装工事の費用というのも物価高騰の影響を相当受けているというものなのかということをお示しいただきたいのといや、予算費用を抑えるために、ちょっと安めの最新材質にしていくとか、そういうことが行われるものなのかという点、そして、もしそういうふうに材質などを変えた場合には例えば劣化が早いとか、メンテナンスの後、費用がかかってくるとかそういうトータルで考えたときのコスト等がかかるということもあると思うんですけれどもこの事業者というのは、そのあたりどういうふうに見ながら工事を請け負っているのか、そして区の方もそういう点をどういうふうに評価しているのかという点についてお示しいただきたいと思います。",2025/11/26,企画総務補正予算
委員長地域振興課長地域振興課長,"はい改築に係るですね物価高騰の影響というところ、またそれはですね経費の圧縮というところでございますけども基本的に今回の見積もりの徴収が数年前に行ったものと比較ができませんので物価の高騰何%受けているかというところまでは把握はしにくいところですけども。
ただ例えば他に区民館の改修を受け、八丁堀ですとか、進めている中では、やはり物価の高騰というのはあろうかと思いますというのも、事業者と話していく中でもなかなか建築資材のOK、例えば数年後の価格といったところが読みにくいといったところもお話としてありますので、やはり部下の今日あるだろうというところは認識してございます。
またそれに伴ってですね内装の夜景例えば資材をどういったものを使うかという観点でございますけどもこちらもやはり今お話ありました通り、例えばメンテナンスでありますとか、どれぐらい耐久性があるかっていうことの傾向は見合いだ。
部分かなというふうに思ってます。
こちらも先ほど申し上げました八丁堀の今大規模改修を行っておりますので、それと同じような考えでございますけども基本的に高いものを全て優先して使われていくということではなくて経営メンテナンスですねしやすい維持管理がしやすいことと耐久性があることそれが価格面で優れていくっていうところを、選択していくというのが基本的な考え方として持ってございますのでその中でこの取り組み期間の設計に当たってもOK同様ですまた、全部門等多く所管の部門とも調整例えば相談に乗ってをしていますのでその中で決定していく部分でございます。
以上でございます。
奥村委員本当に維持管理のや耐久性という部分の観点から、見るというのが第1だと思うんですけれども、この中にはそういった視点でこういった材質などをきちんとな確認できるそういう方もいるということで良いのかその点を教えていただきたいと思います。
この土曜日のマンション開発はコンクリートの共同不足で途中で工事が止まって工事し直したという建物だと思いますがその中に区民館が入るということですが、共同安全性という部分について見城区はどういうふうに評価指定いるのかという点についてもお示しいただきたいと思います。
都市整備部長答えられる範囲でお願いします。
都市整備部長まず工事の私の方から工事のその安全性についてでございます。
先般今委員おっしゃられたように工事の強度の施工の中でそういった課題があるということが公表されたところでございます。
その後、事業者の方でそういった部分についての検査を行い、また国の方の機関でもちゃんとその辺の安全性を確認して、施工の方が進んでいるというところでこういった情報についても既に公表された上で、工事を進めているところでございます。
また区の方にもそういった報告をいただいておりましていずれにしても安全性の確認をした上で、今工事が進んでいるというところでございます",2025/11/26,企画総務補正予算
施設整備課長,,2025/11/26,企画総務補正予算
施設整備課長,"はい区民館の中の内外装等に関する技術的な確認の観点というところでございますが先ほど地域振興課長からもあの答弁ありました通り、我々施設整備課の方でですね、技術支援として、その内装の仕様ですね。
そういったところを一つ一つ確認しながら、区民館の我々の直接作ってる久美館との比較などもしながら、あの、できるところに限りはありますが、なるべくあまり変わらない形で仕様になるようにコントロールしながら、組合の方と協議しているというところでございます。
以上です",2025/11/26,企画総務補正予算
奥村委員,"はい。
いずれにしてもぜひしっかりいいとした。
区民館をしていただきたいと思います。
開発の中では3600人が居住する見込みということで、区民カーンが利用者が増えて手狭になるとか。
さらに拡張応じていく余地がこの開発の中であるのかとか、そういったあたりがもしこの議題と関連して、ご答弁できるようであればお願いしたいと思います。
続けて日本橋船着場の移転整備についても質問をします。
資料見ますと、この補正予算の計上は910万円で、債務負担行為限度額が3473万1000円ということになっていますが、これを金額はそれぞれどう使われるのか、何に使われるのかということをお示しいただきたいと思います。
それと中央区の首都高速道路地下化等都市基盤整備基金の投入はこの整備にはされないのかという点についても、お示しください。
また、この日本橋船着場の移転整備について取得の負担分と、三井不動産など事業者の負担分と多くの負担というのがそれぞれどのようになっているのか。
負担のお考え方についてもお示しいただきたいと思います。
お願いします。
委員長地域振興課長すいません、ご答弁の前に、今の質問で一番最初の部分はちょっと広がり過ぎている部分があるんで、お答えする必要はないと思います。
その次、二つ、三つあったと思いますけれども答えられる範囲で、この今回も構成に関してですね、交代できる部分に沿って答弁も補正予算のこの予算書の説明に沿ってしていただけると幸いであります。
お願いいたします地域振興課長健康課長手当もらってただ、船着場の子委員長交通課長交通課長はいそれでは私の方から日本橋船着場についてお答えいたします。
今回ですね、今回そもそもこの補正予算に至った経緯から簡単に説明いたしますと、今回日本橋船着場地震自体の船着場の桟橋の杭がですね、首都高工事のトンネル工事の一部を干渉してしまうとそのためですね船着場の移転が必要になったというところがございますそういった中で今回、まず首都高速道路の負担としては、そういった船着場を移設するためのそもそもの費用また、元々日本橋の橋爪にあった広場空間のそういった部分と同等の機能を移転した土橋委員の御橋爪広場でも、同等の機能については首都高の方で負担していただくというところがまず大前提としてございます。
一方で先ほど委員の方からご質問の開発の負担はあるのかというお話なんですけども、特段ですねこの移転に伴う整備の中で、開発事業者の負担というものは特にございません。
またですねその910万円と3473万1000円、これの内訳というところなんですけども、まず初めにですね、土橋の橋爪広場整備、これに関しては首都高整備の首都高速道路の工事の中で合わせてやっていただくと具体的にどういったことをやってもらうかというと、元々ある日本橋の橋爪広場の機能以上のもの具体的に申し上げますと、デジタルサイネージ、これで週の情報の発信をしていきたいとまた合わせて、船に乗るまで快適に利用者の方にお待ちいただくために日よけであったりベンチ、こういったものを新たに整備するとこういったものに関しては区の方で負担いたします。
これが2273万円の負担を区の方から首都高の方にお支払いいたします。
またあわせて日本橋の橋爪においても新たにデジタルサイネージを整備して、このデジタルサイネージ江戸バスに船着場移ったという案内があったり、また周辺の観光情報の案内、さらには周囲の情報の案内、こういったものをデジタルサイネージの方でやっていきたいというふうに考えております。
こちらの費用が2110万円ほどかかります。
その内、令和7年度に関しては、工事に着工する際の前払い金として800万円それとあわせて電気設備の工事が必要ですので、それを110万円ほど計上しております。
私からは以上でございます。",2025/11/26,企画総務補正予算
委員長財政課長,,2025/11/26,企画総務補正予算
財政課長,"はい今回の1項基金を活用しない理由でございます。
こちら1項基金の趣旨といたしましては、これは首都高速道路日本橋区間の地下化やですね、1個築地川区間を活用したアビリティ整備などその周辺まちづくりに関連する都市基盤の整備等に影響する資金を積み立て、活用を図っているところでございます。
今回補正で挙げさせていただいております日本橋船着場につきましては、既に設置されている船着場を土橋橋爪に移転する内容とされておりますので、本区の担当須磨移転をする内容でですね、げんき堂の移転経費につきましては先ほど交通課長からもご答弁申し上げました通りですね原因者である1校を株式会社の方で負担することとされてございます。
本区の多い負担といたしましては、デジタルサイネージなどを今回新たに追加する設備の整備にとどまるということからですね。
今回基金の活用を行っていないというところでございます以上です。
奥村委員費用負担の考え方というものを確認をさせていただきました。
元々首都高速の地下化は必要ないという立場ですし、この周辺の市街地再開発、首都高の地下化をテコとした開発というものに反対している立場ではありますけれどもこういった船着場自体は必要な整備だというふうに考えています。
続けて築地川公園多目的広場の大改修について質問します。
これまで度々廃業した入船湯に変わる公衆浴場を整備してほしいという話もしてきましたその中でこの築地川公園も使えないだろうかという提案もさせていただいています。
一般質問でも、小栗委員がこの問題を取り上げましたが、区の答弁としては、入船トンネルと築地川多目的広場は道路区域に位置しており、道路法に基づく規制を受けるので公衆浴場設置は難しいということでしたが、この道路法の規制から除外させるということが、できればこの築地川多目的広場の中に公衆浴場の整備ということはできるのではと思うのですがその点についてのご見解をお示しいただきたいと思います。
はい。
屋外お立場とかお気持ちは大変重々よくわかるんですけれども、今回のこの補正予算の3秒当日に委員会にあたりましては、ちょっと若干ずれてるかなと感じますので、ちょっと方向性をですね、変えていただいて、この今回の補正予算に対するところのご質問に切り替えていただければと存じます。
岡村委員なかなか難しいんですけれど、松木千賀は公園の多目的広場の工事計画を変更するとそれには入船トンネル網を利活用していくことで、工期も遅れるとそういうことなんですけれども、その整備内容としてこの資料でもキャッチボール場ですとかは広場バスケットコードなどとなっているのでなどともありますし、こういった中で、この整備の中で公衆浴場ということも考えられないだろうかという角度で質問してるんですけれどもちょっとまだすいません。
ちょっとずれてます。
多分それじゃ答弁はできないと思います。
それは多分ご自身たちの会派の一般質問等でもされておりますけれども、あくまでも今一度ちょっと頭を整理していただいて、ご質問をしていただければと思います。
委員長はい、奥村委員私達としては何とかここで整備をしてもらいたいということです。
入船トンネルの中にキャッチボール場やバスケットコートなどとなってますけれどもこういった施設を入れていくことが一部できれば、照明の問題等々もあるんでしょうけれどもそうすると、この築地川公園の多目的広場の余裕ができたスペースの中で、公衆浴場ということもあり得るのではないかというふうに思いますので、ぜひ検討していただきたいということを述べて質問を終わります。
はい。
副院長は委員で大きくはいそれでは質疑を終了いたしましたので、これより採決に入ります。
議案第91号令和7年度中央区一般会計補正予算について、起立により採決いたします。
本案を可決することに賛成の皆さんは、ご起立を願います。
全員起立と認めます。
ご着席願います。
よって、本案は原案の通り可決すべきものと決定いたしました。
副委員長は元席にお戻りください。
本会議における委員長報告の取り扱いについて、正副委員長に一任ということでよろしいでしょうか？さよう取り扱わせていただきます。
それでは企画総務委員会を閉会いたします。
お疲れ様でした。
お疲れ様でした。",2025/11/26,企画総務補正予算
委員長企画部長企画部長,"はい私から冒頭本日の付託議案件名一覧の訂正についてご報告をさせていただきます。
特別養護老人ホームマイホーム晴海等複合施設照明設備改修工事請負契約こちらにつきまして議案番号が第101号となっておりますが、102号に訂正させていただきます。
失礼いたしました。
こういう報告した。
させていただきます。
総務部長総務部長それでは私からは、本委員会に付託されました各議案について順次ご説明申し上げます。
失礼します。
本日は資料として条例改正に係る新旧対照表をお付けしましたので、適宜参考としていただければと存じます。
初めに、議案第93号中央区職員の給与に関する条例の一部を改正する条例は、通勤手当の支給限度額を、新幹線等特別料金も含め、月額15万円に引き上げ新規採用時において、新幹線鉄道等にかかる通勤手当を支給できるよう、支給要件を緩和するとともに、特別区人事委員会規則で定めていた通勤手当に関する必要事項新たに区規則で定める他、所要の規定整備を行うもので、令和8年4月1日から施行いたします。
次に、議案第101号および議案第102号の2件の工事請負契約であります。
これらの契約につきましては、いずれも、去る10月27日、厳正に入会札を執行したところであります。
その結果、議案第101号の中央区役所本庁舎照明設備改修工事につきましては、ダイエー電機株式会社議案第102号の特別養護老人ホーム、マイホーム晴海等複合施設照明設備改修工事請負契約につきましては、浅見電気株式会社東京本店がそれぞれの落札し、仮契約を締結したところであります。
これらの本契約に当たりましては、いずれも予定価格が1億8000万円以上の工事でありますので、議会の議決に付すべき契約および財産の取得または処分に関する条例第2条の規定により、議会の議決を必要とするものであります。
最後に、議案第106号中央区職員の給与に関する条例等の一部を改正する条例でございます。
本案は、特別区人事委員会による職員の給与等に関する報告および勧告等を考慮いたしまして、中央区職員の給与に関する条例、中央区会計年度任用職員の給与および費用弁償に関する条例および中央区立幼稚園教育職員の給与に関する条例を改正するものです。
改正の内容といたしましては、まず一点目、本区職員の給料表の給料月額を改定し、本年4月1日にさかのぼって適用することといたします。
2点目は、期末手当および勤勉手当の支給月数について、いずれも年間支給月数を0.025月分引き上げます。
この引き上げ分につきましては、今年度は12月に一括して支給し、令和8年度以降は6月と12月に分けて支給することといたします。
この改正につきましては、今年度支給分を公布の日から来年度以降の支給分につきましては、令和8年4月1日から施行いたします。
3点目は、医師および歯科医師に係る初任給調整手当の限度額を32万6900円に引き上げるもので、本年4月1日にさかのぼって適用することといたします。
4点目は、公立の義務教育諸学校等の教育職員の給与等に関する特別措置法等の一部を改正する法律の施行に伴い、義務教育等教員特別手当の月額を定める場合に、教育委員会規則で定める。
コームの種類を考慮することとするもので、令和8年1月1日から施行いたします。
5点目は、同じ改正法の施行に伴うものですが、引用する関係法律の条項に項ずれが生じるため、規定を整備するもので、令和8年4月1日から施行いたします。
説明は以上でございます。
以上でございます。
発言の時間制についてであります。
発言の時間制につきましては、通常の各委員会の例によりますが、採決に係る時間10分を考慮し、各会派の持ち時間を算出することといたします。
ただいまの時刻は午後1時35分です。
自由民主党さん、44分、かがやき中央さん、28分立憲民主党無所属3、28分、公明党さん、28分、区民クラブさん、28分、日本共産党さん、28分となります。
それでは、理事者の説明に対する質疑を行います。
発言を願います",2025/11/27,企画総務付託
小津明委員,"はいよろしくお願いいたします私からまず議案第93号についてお伺いをいたします。
こちらの中央区職員の給与に関する条例に関してでして、本件は通勤手当に関する改正で、主に支給限度額の引き上げと新幹線通勤の支給要件の緩和という理解です。
国や都道府県においても同様の改正が行われているもの本区に適用するものでして、またこの委員会資料でも記載されている通り、働きやすい職場環境の整備という点から進めていくべきものと考えております。
本件について確認させていただきたいのが今回の支給限度額の引き上げに該当する方の有無です。
細かい数字でなくて結構ですが、そもそも該当する方がいるのかいうのであれば、大まかに数人レベルでお示しいただければと思います。
また先ほどの説明にもありましたけれども今回特別委員会という記載が空気束というのは表現に改められております。
今後変更にあたってですけれども、これは特別委員会が弟、いろいろ決めてそれに従うような形になってたっていうのがこれまでの話だと思うんですけども今回これが空気束となったことによって、特別委員会として横並びではなくて区として独自に何かしら今回の通勤手当に関して、割り箸であるとかそういったことも可能なのかというところについて確認ができればと思いますお願いします。
院長",2025/11/27,企画総務付託
職員課長,,2025/11/27,企画総務付託
職員課長,"。
はい。
まず一点目のご質問でございますけども、今回の通勤手当が15万円というふうに至急検討価格大幅に増額とさせていただいた対象になる職員がいるかどうかというところですけども、厳密にですね、通勤のその電車の運賃のみで、1ヶ月当たり今の現行の5万5000円を超えている職員がまずいない状況でございます。
ですので見直した後に15万円になったとしてもですね、それで恩恵を受けるといいますか、あの影響を受ける職員は現在いないような状況でございます。
続きまして2点目のご質問で特に特別の人事委員会の規則をですねに委任をして見ていたところ国の規則を今回制定をさせていただいてこの規則によって今後運用していくという形になっているところの状況ということでございますが、まずちょっと経緯としましては、まず通勤手当の制度につきましては、かなり古い話ではございますけど平成17年からですね、通勤手当制度自体が各区事項ということで区の方で各区の状況、職員が置かれてる状況ですとか、地域からとか、そういったところも含めてですね、価格で判断をしていくものというふうになってございます。
ただですねその前までについては特別区人事委員会全区で同様の取り扱いをしていたということがありまして、その名残から、この中央区の朝礼がずっと人事委員会が定める規則を引用してその規則を見に行って運用していたというような経緯がございます。
今回の各事項になっているというところもありますし、国や東京都とか、先ほど委員の方も申し上げていただいた上限額を上げたり、新幹線通勤対象にすると、しやすくするというようなところをですね、中国の方も今回はその状況に追随をして改正をしたいということんなりましたので、特別区の人事委員会の規則を見に行くことなく、これからは区規則でしっかりと定めて、区の規則に基づいてこの運用していくということになりましたのでこうした表現になっているという状況でございます。
各事項ということではございますが、あまり高校特別区内で大きな差があるような、というのはなかなか難しいとは思いますが各事項というところですのでこれから職員の対応についても考えていきたいなというふうに思ってます。
以上でございます",2025/11/27,企画総務付託
穂積委員,"はいありがとうございますまず該当者についてはいないということで理解いたしました。
こちらについては確認させていただいたのは次年度からの予選予算になるかと思いますけども、それにどの程度影響があるかという点について把握をしておきたかったというところです。
特別委員会という記載が甘く規則に変わった経緯についてもお示しいただきましてありがとうございます。
自主的に検討ができるようになったということで、極端なことはできないという話ではあったかと思うんですけども、今後も職員の方からのニーズや実態に合わせて、より働きやすいような職場環境となるようぜひ今後とも取り組みをお願いできればと思っております。
こちらの質問ではないんですけども要望です今回この通勤費の支給限度額の引き上げということについてはやはりより国そのことへのインセンティブを高めるということになろうかと思います。
ただ防災の観点や区民ニーズの把握等いう点ではですね、区内に住んでいただいただきたいというような思いもあろうかと思います。
今回提言と合わせて、例えば区内在住の場合の家賃補助などによって区内住むことに対してのインセンティブ設計についてもぜひあわせてご検討いただけたらと思っております。
次に議案101号102号の工事請負契約に関して伺います。
こちら入札結果を確認しますと、どちらも1社での応札ということになっております。
入札に関してはまず入札の申し込みがあってそこでその仕様書を提示いいし、その後に実際の入札があるという流れという理解でおります本件について結果として入札1社応札ということになったのは確認しておりますけれども、これらその申し込みの段階でどうだったかというところについて確認ができればと思います。
また本件の調達においては、どちらも区内の事業者での応札となっておりますが、今回の調達においていわゆる地域要件が設定されていたのかどうかというところについても確認をさせてください。
お願いします",2025/11/27,企画総務付託
委員長経営課長経理課長,"はい工事案件でございます。
今回委員今ご指摘の通りですね1社のそれぞれですね申し込みまたは一切1社の応札という形で決定をしたものでございます。
申し込みの段階ということでございますけれども実はですねこれこれまでですね9月以降ということになりますけれども、2社申し込みがないと入札が成立しないっていう形で取り扱ってきましたけれども、やはり現状ですねなかなか工事業者が手を挙げる方も少ないという状況の中でですね1社の申し込みであっても入札が成立する応札までしていただければまたその結果を得てですね、予定価格範囲内であれば、これは落札して決定するという。
そういう取り扱いに変えさせていただいております。
これ要綱に基づきましてですね、従来1社というのが前提となってございまして、2社の場合には中小できるという。
それでできる規定になっておりましたので、1社ということで取り扱いを変えさせていただいたところでございます。
今回はですね申し込みの段階から1社ということでございましたので、それぞれそのまま5冊落札者という。
そういう経緯となっているとこでございます。
また地域保健ということでございますけれどもこれはなかなかですね区内の事業者だけでは競争がニュース成立しないという状況もありますけれども本当ににおきましてはできるだけですね、やはり区内の事業者に落札者として受注していただきたいというところがございますので、今回もですね、それぞれ暗い事業者、本店あるいは営業所をですね、構えている事業者ということで要件を資格要件を決めさせていただいたところでございます。
以上でございます",2025/11/27,企画総務付託
穂積委員,"はいありがとうございます。
入札申し込みの段階で1社であったことと、あとはその地域要件というところについても、あったということで理解をいたしました。
先ほどご説明にもあった。
いうところですけど元々のルールとして2社はいないといけないというような取り扱いがあったという話もお示しいただきましたけれども、こちらの点を踏まえてお伺いしたいのは、こちらもやはり入札結果の妥当性というところでございます。
一般的には1者応札であることがあらかじめわかっているような場合には、予定価格が着予定価格ギリギリで入札するのが合理的な選択かと思います。
またこちらの件に関しては、既に予定価格を既に結構買いをしているような類の調達になるかと思います。
これはいわゆるその会議室などに集まっていただいている慰霊をするような場合にはその場に他の応札事業者がいるかどうかというところは一目瞭然ですのでそういったことが可能なのかと思っております。
また放送近年の電子入札の場合には、あくまで筆札入れはWeb上で行うことから、複数社参加しているのか自分とこの事業者だけなのかというところはわからないことから、結果として1者応札であったとしてもある程度は妥当な金額で入札されることが期待されるかと思います。
本件は入札としては電子入札の形式で行われたのかという点と、今回その金額の妥当性というところについてご見解をお示しいただけたらと思います。
お願いします",2025/11/27,企画総務付託
経営課長,,2025/11/27,企画総務付託
経理課長,"はい。
入札のですね、金額の妥当性というところでございます。
委員からもですね今お話あったように、今現在ですね、電子調達これは都内の先生に粛々市町村、共同で運営をしているですね、電子自治体の入札サービスでございます。
こちらでやっておりますので、入札に参加する方がですね、これパソコン上で参加の申し込みから応札、また結果の注意っていうところまでですね、できるようなことになってございます。
一方でやはり今お話あったようにですね、それぞれ何社がですね、申し込みをしてるか、参加してるかっていうことが、結果が出るまではわからないっていうですね、そういう仕組みになってございます。
ですので金額を1社申し込みで入れましても、やはりその金額というのはですね、やはり受注意欲に応じてですね、それぞれの事業者が決めた金額を入れているという状況になってございます。
今回両方ですね98.88%と998.6%90.4%ぐらいの落札比率となってございます。
この妥当性、なかなか難しいとこでございますが、やはり今ですね、予定価格に1回対しまして、非常にやはり高めのですね、落札になっているこれはやはりあの人件費の高騰であるとか資材の高止まりという状況がございましてやはり予定金額以内のですね範囲の中で決定した金額ということで、やはり妥当性のあるですね金額ということで受け受け止めているところでございます。
以上でございます",2025/11/27,企画総務付託
穂積委員,"はいありがとうございますまず電子入札であるというところと、近年の諸々含めると一定程度妥当性を把握確保できているという点だろうかと思います。
近年他区も含めていろいろ調達の案件で不調等発生してるというところも御理解しますのでそこの予定価格、等の割合に対してはかなり高くならざるを得ないというところについては一定程度こちらとしても理解をしておるところです。
そこの点も含めて先ほど確認させていただいた地域要件つまり中央会の事業者に限るという要件に関しては、なにせ狭いくないということもありまして、それによって競争性がどこまで担保できるのか阻害されるのかという点については検討の余地があるのではないかと思っております先ほど工程についても言及いただいたかと思います。
これはまたこちらの方も引き続いて引き続き調査してまた与えていきたいと思っておりますのでこの点についてはまた今後別の場所で議論ができればと思っております。
私からは以上ですありがとうございます。
続いての発言を願います。
奥村委員それでは初めに議案第93号中央区職員の給与に関する条例の一部を改正する条例について質問をします。
この改正の対象となる職員は現在はいないとそういうご答弁でしたが今後そのいく時に、この資料にもありますが、育児にかかるやむを得ない事情ですとか、職員本人または配偶者等の父母の介護のための転居また配偶者等の移動に伴って、配偶者と生活するために転居をするなど、そういったことは今後考えられると思うんですけれども、こういった場合、この通勤手当、月の費用を落として、運賃として申告された金額というのが、それが正しいいいものなのかどうかとか、そういうことはどのように判断をしていくのか。
現状でも、通勤手当、多くの職員の方が受給されてると思いますけれどもその申告についての正しいものなのかという判断どのように行っているのかという点について伺いたいと思います",2025/11/27,企画総務付託
委員長職員課長,,2025/11/27,企画総務付託
職員課長,"はい通勤手当の申告職員からの申告に対してどのように判断しているのかというところでございますけども、実際のところでいきますと、例えば職員の通り、外から通勤してるのかどうかというところについては、例えばSuicaとかそういったものを随時確認したりだとかそういったところはしておりませんで、通勤届というものを出していただく際にですね、通勤の経路を書いていただいたり、ご自宅から駅までの経路簡単なものでありますけども、簡単な通信をしていただいて、こういうふうにつきをしているんだというところを細かく記入をしていただいてご提出をしていただくという形になっております。
それをもって職員課の職員が実際月経路運賃、そういったものをお調べをさせていただいて、正しいかどうか判断をし、より経済的な通勤経路があれば、そちらの方にしていくというような運用でやっております。
また大きいね他の自治体でも、通勤手当が普及、不正受給をしているとかそういったような事象も見られるというようなところもありますので中央区としては職員に対して、そうした通勤の手当の不正不正受給というか、しっかりと正しく行っていくべきだというところですね職員には周知をして、徹底を図っているというところでございます。
以上でございます",2025/11/27,企画総務付託
奥村委員,"はい。
今不正需給の話も出たんですけれども、あのほど寝ても近年最近ですと八王子市で正規職員の約2700人いるうち、公共交通機関を利用する職員が1111人いてそのうちの97人が通勤手当オフ不正に受給していたということで、9月30日に発表もされていますその職員の中には部長級が1人で課長級も3人いたということで不正行われた生きた期間も最大で5年半に及ぶ職員もいたということですとか、昨年9月に豊島区でも通勤手当の不正受給などが発覚しているなど、近年、こういった問題が続いているので、そういう中で中央区としても、この今回の改正もケーキ等をしながら、不正受給というものが行われないようにきちんと見ていく必要があるというふうに思います八王子市などは再発防止策として、年度初めに所属長と職員の面談時に、定期券とかICカードの履歴などの現物の確認を義務付ける、そういう考えもあるなどあるそうなので、職員の方を信用しないわけではないんですけれどもやはりその不正というのはいけないと思いますし、正していかなくてはいけないと思いますのでそういうことがないように指定いただきたいということを強く要望をします。
こういった問題はもう一つの議案の106号の方にも繋がってくると思うんですけれども、こういった不正な受給などを行うななくても、ようにきちんとした94納得のいく。
給与が支払われるということも大事だと思いますし、それとあわせて職員のモラルの徹底ということも大変大事だというふうに思います議案第106号の職員の給与に関する条例の方ですが、月例給等特別給ともに、4年連続で引き上げられたということで、それ組合とも妥結したということなのでその点は良かったかなというふうに思っていますが、一方で課題として、されている所属級の最高号給を超えて月額給料を支給する差額支給は今年度末で廃止して、激変緩和措置として今年度に限り、差額支給書を含む最高号給適用者に特例主任職昇任昇進選考と特例係長職昇任能力実証を実施するということなんですけれどもこういった対応等なった経緯と今後の対応についてご説明いただきたいと思います。
そして、差額支給の対象となっていいた職員というのは、どの程度いるものなのかという点についても、ご答弁いただきたいと思います",2025/11/27,企画総務付託
委員長職員課長,,2025/11/27,企画総務付託
職員課長,"。
はい。
差額支給の廃止についての簡単に経緯とかそういったところもご説明をさせていただければと思います。
そもそも差額支給っていうところなんですけども、平成30年の行政系の人事制度の改革が大きな経緯等ありまして、例えば当時主任職の職員だった者が新しい新制度ですと、主任職とすれば係長前提の職という形になるというところがありましてそうしたところを望まない。
方が主任職から1級職という一番9が低い職に降格というか、ご自分で望んで降りるという方が結構多かったというところでございます。
まず、とはいえですねその制度の改正によってお給料面で交付大きな不利益がちょっとあると難しいというところもありまして、その就任でいた元々の給料を保証するという制度がそのときにありましてその元々の実際は9を降りたけども、元々の給料との差額を支給するし続ける保証するということで、差額支給者という職員が中国にも何人かいるというような状況で続いてございます。
人事委員会が行っているですね、民間の給与調査におきまして、この差額支給者っていうのをですね特例的に比較の対象該当をしているという。
取り扱いがございましてそれを今回ですね人事委員会の方がその差額支給者も定年退職とかそういったものをしていく中で、特別区内でもう5万人いる所、特別区の職員の中では1%が500人程度になってきたというところもありそういった特例の扱いを、もう行っていかないというようなことを研究されたというところでございます。
そしてその対象外となってくるとなるとですねその差額支給者が1%とはいえ、来年度以降は公民格差の比較の対象の中に入ってくるということになりますのでそうするといわゆる特別区の職員の給与的にその比較するときに不利になるといいますか。
という状況がございますので、そうした状況を受けて区長会としましては、元々その差額支給者というのはすごく主任として経験がある方とかかなり年齢がいって職務歴もある方々ということで通常員の職でしっかりと活躍していただきたいという期待を持っていたりですとか、それが職務にそぐう給与を支給するという職務給の原則というのがあるんですけどもその原則の徹底にも繋がるということで、もうこの差額支給という制度を今年度をして今年度で廃止をしたいというふうなところを組合側にも提案をしたというような経緯でございます。
今後というところでございますけども先ほど委員がおっしゃっていただいた通り、組合側の方も激変緩和を何とかお願いしたいという強い要望がありましてそれに向けてご紹介会議側としましてもそれを重く受け止めて先ほど申し上げていただいた特例の主任職の昇任選考ですとか、特例の係長職の能力実証制度を今年度に限って行い、差額支給者であっても、主任とか係長になることで、お給料の金額は減らすという上がってしっかりとご自分の能力に合った仕事をしていただいて職務給のを原則に急ぐような形にしていくというようなそういった制度になったというところでございます。
なので今後今年度中にそして明日承認施工を行って、できる限り差額支給者の方々の不利益というかそういったものがないようにしていくというようなところでございます。
以上でございます。
すいません失礼いたしました。
差額支給者の年齢や差額支給者の人数はい。
ちょっとお待ちください。
すいません大変お待たせしました。
特別区全体としてですね、先ほど申し上げた5万566人ということでうち補償額適用者が484人ということになっているというところです。
中国ところなんですけどもちょっと申し訳ありません資料お手元にある、おそらく20人弱ぐらいだったかなというところでございまして申し訳ございません。
お願いします。
正確な数字を伝えてください奥村委員すいません私の方も細かい数字事前に確認しておけばよかったかなというふうに思っています。
後ほど教えていただければというふうに思います。
この制度が、給与改定が行われる中で係長や主任にいいだろうという方が増えていけば本当にいいと思うんですけれどもそれでもなかなかなりたくないという方もいると思うので、その背景もどういうふうに改善していったらいいのか、なかなか難しいなというふうに思いますが徐々にいても解消していけばいいなというふうに思います職員の方の負担ができるだけ減るように職員の人数増やしていくとか。
やりがいの問題ですとか、風通しの良い職場環境を作っていくとか様々あると思うんですが、これからもしっかり仕事をしていただく職員が増えていくように頑張っていただきたいと思ういうことを願って、今瀬、今回資料でもある特別区人事委員会等の韓国海洋大の中でも、示されていますが、官民給与の比較方法の見直しとして、比較対象企業の規模を50人以上から100人以上に引き上げたとそういう記述もあります。
そもそも以前、1965年に企業規模を50人以上から100人以上に引き上げたものを2006年に100人以上から50人以上に引き下げて、そして今回また50人から100人に戻す。
両経緯をたどっていると思うんですけれども、私としてはやはり中国の職員の数というのも数千人いるわけですし50人よりも遥かに多いということを考えると、企業の規模も大きい方が、対象企業の規模は大きい方が当然考えるんですけれども、なぜ今回こういう見直しになったのかこれまでの経緯も含めてご説明いただきたいと思います。
それとあわせて再任用の方の処遇改善ということもずっとこの間課題になっていたと思います。
今後の改善の方向性について区のご見解をお示しいただきたいと思います",2025/11/27,企画総務付託
委員長職員課長,,2025/11/27,企画総務付託
職員課長,"はい民間給与実態調査人事委員会が行っている調査の比較企業の規模のお話というところでございますけども、委員おっしゃっていただいた通り、今回から50人以上の企業から100人以上の企業ということで、比較的大きい企業を比較対象としていくというような形となってございます。
委員おっしゃっていただいた通りこれまでの経緯としましては元々は100人以上の大企業を対象にしていたというところでございますが、金正基に平成18年に人事委員会において、国民の理解を得つつ、公務員の適正な給与水準を確保していくまたねというような理由を多くして、有識者等の意見も踏まえて設定をしたと。
50人未満の50人以上の事業者に設定するというような形になり、それを受けて特別区としてもそうした比較対象というふうにしていったというふうに認識をしてございます。
今回50人以上というところからまた100人以上に変えたところでございますけども、人事委員会のその勧告のお言葉を借りつつでございますが、厳しい作業環境というところを踏まえまして、より優位な優秀な人材を確保していくためというところでまず100人以上の規模を企業と比較することで、適正な給与額になっていくんじゃないかというところ。
他の公務の職務職責を重視し、大都市にふさわしい。
より規模の大きな企業と比較する必要がやはりあるというところで、今おっしゃっていただいた通り大きければそれだけ給与額もそうですし、給与制度とかあの職員の人事制度とかそうしたものも、より特別区に近いような制度のところと比べることができるということで、より比較対象として適正があるというふうに判断をしたというふうに認識をしてございます。
続きまして再任用の方々の処遇改善ということでございますが、今回の給与改定の中では、再任用の方々の給料もそれだけ上がっているというところと、あと一時金特別区というところでございますけれども、さっき期末手当と勤勉手当も常勤の職員と同じように上げているというようなところでございますので、一定程度そういったところで人事委員会の勧告に基づきながら、専用の処分もしっかりと改善しているというふうな認識でございます。
今後も再任用の給与改善というところは、元々国とか他の地方だ公共団体との均衡を図っていくという均衡の原則というのがありますのであのあまり極端なところというのは特別会計中央区だけでというのはなかなか難しいところでございますが、人事委員会の方の韓国等ですねこれからも踏まえて対応していくべきものというふうに考えてございます。
はい。
先ほど申し上げましたご答弁できなかった差額支給者の人数でございますが現在本部で12人いるというところでございました。
大変失礼いたしました。
よろしくお願いいたします",2025/11/27,企画総務付託
奥村委員,"はい比較する企業の規模については、そもそも50人に引き下げたということが、おかしいのではないかというふうに思います。
やはり特別区であればその大きな企業もあったり人も集中していて所得も高い方なども多いわけなので全体としてやはり人数の大きい企業を比較していく方が、区の職員の給与のアップに当然繋がると思うので、これが維持されるということを願っています。
再任用の職員については前回も述べていますけれども、新潟市などの人事委員会は、独自に再任用職員の処遇改善も韓国するなど、そういうことも行っていてそれに続いて他の自治体でもこういった独自の策をとるということも増えているというふうに聞いています。
人事院勧告には法的な拘束力はありませんので、勧告はあくまでも尊重事項ということなので、ぜひ中国独自の処遇改善、また、特別区人事委員会の方にも働きかけて、特別区全体でもっと引き上げていくようなそういう協議を進めていただきたいと思いますがその点についてご見解をお示しください。",2025/11/27,企画総務付託
議長職員課長,,2025/11/27,企画総務付託
職員課長,"。
はい。
おっしゃっていただいた通り、特別区人事委員会の勧告というのは必ずしも法的な拘束力というところはなく、必ず候補者がなければいけないというところではないというのはおっしゃっていただいてる通りというところではございますが、特別区23区全体として統一的な人事制度、給与制度をそうしたところを図ってやってきているというところがございますのであの法的な拘束力はないと言いながらも、やはりこの人事委員会の23区統一でというところはやはり守っていくべきものというふうに考えておりますので、区としてどういう判断するかというところはまた検討しながら、必要に応じて特別区の方に協議をしていったりして、検討を図っていくものというふうに思っております。
以上でございます。
奥村委員優秀な人材確保をしていくためにもこういった給与引き上げていくというのは大変重要だというふうに思いますので、前向きに検討していただきたいということを強く要望して質問を終わります。
副委員長は良い席へお移りください。
質疑を終了いたしましたので、この後、採決に入りますが、上田議員より、委員外議員として発言したい旨の申し出がありましたので、区議会会議規則第89条第2項に基づき、お諮りいたします。
委員外議員発言を許可することについて、ご異議ありませんか？ご異議なしと認めます。
よって、上田議員からの委員外議員発言を許可します。
発言については5分以内で簡潔に願います。
上田議員無会派の上田和樹です。
私は議案第101号、中央区役所本庁舎照明設備改修工事請負契約に対し、反対の立場から討論を行います。
本議案は、水銀燈の生産終了に伴い、本庁舎の全照明設備を一斉にLED化するものであり、現場管理の立場として維持管理に腐心されていることには一定の理解をいたします。
しかし、本件は単なる設備更新の問題にとどまらず本区の重大判断に対する先送りを象徴する事件であり、以下の3点の理由から看過できません。
第1に、本庁舎の建て替えに関する政治決断が欠落したまま行われる、なし崩し的な投資である点です。
かつて、本庁舎の建て替え検討は、晴海地域を初め、不足する小・中学校の整備や区民施設の改築を最優先に行うという理由で、事実上の凍結先送りとされました。
しかし、先般にもあった通り晴海地域の開発は一服しており、先送りの大義名分は既に失われています。
今こそ、本庁舎整備の優先度を上げ真正面から議論を再開すべき局面です。
これは1課長の判断で済む設備更新の話ではなく、区の未来を左右する高度な系政治案件ですから、議会を置き去りにしたままなし崩し的に巨額の修繕を重ねるのではなく、早急に議会を交えた議論の場を設けるべきです。
第2に、投資対効果ROIと将来リスクへの認識不足です。
2027年の水銀燈生産終了への対応は必要ですが、解体建て替えの可能性が残る建物に対し、4億6000万円もの巨額を投じ、かつ工期を1年半近くかけて一括交換を行うということが果たして最適解でしょうか？部分的な改修や汎用品による低コスト化など、建物の残存期間に応じた必要最小限度の投資こそが最も投資対効果を高める手法であると考えます。
第3に、災害対策拠点としての機能維持と執務環境に対する危機感です。
本庁舎は築55年を超え、構造的な老朽化は否めません。
適切に管理すれば70年はもつという答弁もありましたが、それは仮定の話です。
首都直下地震等の災害時、区民の命を守る司令塔となるべき本庁舎がつぎはぎの改修を繰り返している現状は、リスク管理の観点から適切とは言えません。
また照明を変えたところで、建物の防災機能や職員から悲痛な声が上がる空調不調などの執務環境が本質的に改善されるわけではありません。
限られた財源をLED化に一括投入するのではなく、働く人の失礼しました、働く環境の質的改善を始め、より緊急性の高い分野へ配分すべきです以上の理由から、私は本庁舎の今後のあり方について期限を区切った明確なロードマップを政治決断として早期に示すことを強く求めます。
その全体像なきまま現場の対処療法に巨額の税金を投じる本工事に対しては、経営的視点および将来への責任という観点から反対いたします。
以上で私の反対討論を終わります。
それではこれより採決に入ります。
まず、議案第93号を中央区、職員の給与に関する条例の一部を改正する条例について、起立により採決いたします。
本案を可決することに賛成の皆さんは、ご起立を願います。
全員起立と認めます。
ご着席願います。
よって本案は原案の通り可決すべきものと決定いたしました。
次に、議案第101号中央区役所本庁舎照明設備改修工事請負契約について起立により採決いたします。
本案を可決することに賛成の皆さんは、ご起立を願います。
全員起立と認めます。
ご着席願います。
よって、本案は原案の通り可決すべきものと決定いたしました。
次に、議案第102号特別養護老人ホームマイホーム晴海等複合施設照明設備改修工事請負契約について起立により採決いたします。
豊和を可決することに賛成の皆さんは、ご起立を願います。
全員起立と認めます。
ご着席願います。
よって、本案は原案の通り可決すべきものと決定いたしました。
次に、議案第106号中央区職員の給与に関する条例等の一部を改正する条例について、起立により採決いたします。
本案を可決することに賛成の皆さんは、ご起立を願います。
全員起立と認めます。
ご着席願います。
よって、本案は原案の通り可決すべきものと決定いたしました。
副委員長は、元の責任お戻りください。
本会議における委員長報告の取り扱いについて、正副委員長に一任ということでよろしいでしょうか？さよう取り扱わせていただきます。
これにて企画総務委員会を閉会いたします。
長時間お疲れ様でございました。",2025/11/27,企画総務付託
企画部長,,2025/12/05,企画総務
企画部長,"、はい。
現状総合経済対策ということで、後々あとはそれを実施していくための補正予算というところで閣議決定がされたということで、今後国会の方でご審議されていくのかなというふうに思っております。
ただこのメニューの中で委員おっしゃられたように、特に物価高騰の影響を非常に大きく受ける子育て世代への対応というのは急がなければならないのかなというふうに行くとしても考えておりましてこちらに関しましては準備を早急に整えまして、臨時会の開催ということで、庁内連携して、取り組んでまいりたいというふうに考えておりますので、準備でき次第またご案内させていただきたいというふうに考えております。
もう一つですねおこめ券などに代表される物価高騰対策の部分に関しましては、ちょっと国会の議論みないとわかんない部分ですとか、細かいあの事務でまだ出てきてないところもありまして私どもとしても当然のことながら急ぎ対応すべきであろうというふうには考えておるんですけれども区の中の現状ですとか、特徴特性などもあろうかと思いますので、区の施策なども含めまして、こちらもちょっとお時間をいただいて検討して、年が明けてですね、年度内に何とか準備をしてですねまたこちらもご案内させていただいた上で早急に対策を考えていきたいというふうに考えているところでございます。
以上です。
田中副区長今の企画部長の方から臨時会の開催のお話がありましたが、国が言ってる年内支給になると、補正予算を組んでやらなきゃならない。
そうすると、臨時会を開催させるを得ないというとこでございます。
今我々の方で状況それから方法等を整理をしておりますので、その中で12月2に改めて補正を組んで、やることが対応が可能であるというような状況であればそれに関しては改めて理事会の開催について、議会の皆さんの方にお願いにあがりたいと思ってございますんでそのときはよろしくお願い竹内委員はい。
は前向きなご答弁をいただいたと思っております。
やはりこういう部分で経済対策という部分は速やかなる速やかに執行されることが大切であろうと思っております。
事務手続き上、様々な検討がされているのかなと思っております。
本区ですと、いろんなところでポイント事業であったり、何かおこめ券であったり、そういうようなお話もありますけれども、パリ本区では共通買い物券というシステムも既に構築されているものがあるかと思いますのでそのような部分も加味してかみしていただきながら、速やかなど、補正予算で区民の全区民に支給されるようなことを検討していただきたいと思います要望して、ごめんなさいねさらにすいません失礼しました。
本区としても、この安全にさらに上乗せをして、独自の上乗せをすることで、やはり経済対策、更なる効果の高いものとなっておりますなることと思います。
この部分でも、速やかな国に対する経済対策として、検討していただきたいと思います。
保険会議お伺いいたします。
委員長企画部長企画部長各自治体の方での対応、ある程度自由度があるかと考えておりますし、私どもとしましても区民への給付というところで、上乗せをするというところも含めまして、今後考えていきたいと思っております介護の実験に関してそちらを使うことによって、大きな経済対策としての効果もあるかと考えておりますのでこちらのことも含めまして、しっかり検討して取り組みたいと考えております以上です。",2025/12/05,企画総務
竹内委員,"はいありがとうございます。
こういう非常にいろいろ経済対策というところでは注目をされる。
部分もあると思いますので期待をしておりますので、どうぞよろしくお願いいたします。
以上で終わります。
続いての発言を願います。",2025/12/05,企画総務
小津実委員,"はいよろしくお願いいたします。
私からまず中央区公式ウェブサイトにおける多言語対応に関して伺います。
11月の本委員会において、中央安全安心メールの多言語登録者数の方の報告をいただいて、この数字が1年間で33名しか増えてなかったという報告がございました。
こういった課題がどこにあるのかという点をいろいろと考えた中で、またこのウェブサイト等も拝見しての提案でございます。
現状の公式のトップ画面上部の閲覧支援サポートというボタンがありそこからマルチリンガルというボタンを選択すると、多言語コンテンツへのリンクのあるページが表示されるという認識です。
なかなかちょっとこの言葉で説明しづらい部分なんですけれどもここにも大きく二つ鋼鉄がありまして、職員の方がおそらく外国人の方向けに厳選した情報を翻訳した情報と、あとはそのサイト全体を機械翻訳するサービスへのリンクの大きく二つがあるあります。
この前者の部分に関しては、ある程度その厳選されているということで一定のわかりやすさはあるのかと思いますけども一方で情報の更新の頻度をですとか、量の不足という点は課題であるかというふうに感じているところです。
いくつか開いてみますと更新3日2023年で止まっているようなものも複数あることを確認をしております。
また先に挙げた安全安心メールへのリンクというのはこちらにはないかと思ってます。
一方で後者の機械翻訳をするサービスに関しては、言語を指定すると現状の日本語でのコンテンツをほぼ同じレイアウトで全て翻訳しているようなものが入っております。
翻訳の精度というところについては評価できておりませんけども、同様のサービスが23区全てに導入しているされていることを確認しておりまして、一定の評価はあるものという認識です。
これらを踏まえてお伺いしたいのはまずあの本区として、あの街次の方へのコンテンツへの提供方針という部分です。
前者の大物ということであれば、よりその更新頻度ですとか、あの量を増やしていくということが必要というふうに考えております。
後者の機械翻訳の方だとするとですねよりこちらの方を目立たせるということが必要かとは思っております。
現状でいうとこちらの機関翻訳の情報が下の方に来ているというところもありましてこれはおそらくアクセスとかを見てもですねこちらの方が少なくなっているのではないのではないかというふうに思っております。
あわせての全体的なその考え方として、本区としてその外国人の方へのコンテンツをどういうふうに考えているかというところについてお示しいただけたらと思っております。
お願いします",2025/12/05,企画総務
議長広報課長広報課長,"はい外国勢のコンテンツの提供ということでホームページにおけるコンテンツということでお答えさせていただきます。
今委員がご紹介されたホームページのトップページから閲覧支援サポートはいマルチリンガルという項目とWebケースPagetranslationという機械翻訳の項目があるとこの二つを設けているまず一歩なんですけども委員がおっしゃったようにWebPagetranslationというのは、基本的には通常の日本語のホームページに載ってる情報が基幹翻訳されて他言語で提供されるものということになっております。
それに対してですねマルチリンガルの方は、やさしい日本語というタイトルで出さしていただいてる部分ありますけどもあくまでこれはですね日常生活において非常に必要になるまずは必要になる情報、例えばゴミであるゴミの出し方であるとか、子育てこういう基本的な行政情報、当然災害時における行動、こういったものをまずはどういったもの情報が必要かを考えたときに、こういう基本的な情報をお示ししようといういうことで、やさしい日本語という中で、全ての情報から抜き出した形でご提供させてさせていただいている。
このある意味2段階で提供されているという考え方でございます。
まずはやさしい日本語で入りやすい中で、情報をある程度基本的に知っていただいて、さらに詳しい情報を網羅的に知りたいというふうになったら、今度は機械翻訳のWebPagetranslationで確認していただくという考え方のもとでやっております。
ただですねアクセス数のお話もございましたけども、WebPagetranslationの方は年間1年間で約今んとこ500ぐらいのアクセスそれに対してやさしい日本語をこちらの方についてはやさしい日本語のページで言えば約3000円マルチリンガル全体でいきますと、このページにアクセスが約4600ぐらいということで、やはりまず基本的な情報の方を皆さんご覧いただいてるっていうことかなと思ってます。
そうした中で、そういう情報提供の考え方の中でやっておりますけども、やはり外国人もすごく増えている中で、いかにですねわかりやすく、さらに伝わる広報ということを我々進めてる中で、広報力向上という取り組みの中でも、よりわかりやすい情報提供のあり方一般の区民区民の皆さんも含めて当然そうですけれども、ご意見いただいたそういう項目のお示しの仕方、そういう順番もお話もございましたけどもそういう点も踏まえてですね、よりわかりやすい情報発信、情報提供に引き続き取り組んでいきたいとそのように考えております。
以上です。
穂積委員ありがとうございます。
まずそれぞれのページによって役割をあるということで理解をいたしました。
またアクセス数の部分ですね、こちらについては現状の優しいその厳選したコンテンツの方に関しては3000円程度機械翻訳のところは500程度ということで、やはりその上のコンテンツの方が見られているというところはあるのかなというふうに思っております。
その位置づけとしてそれぞれ必要だということでご認識ではあろうかと思いますけども先ほども申し上げた通り、やはりそのコンテンツの量という観点からいうとかなり少なくなってるっていうところと、おっしゃっていただいたように日常生活を過ごされる外国人の方がかなり増えてるってことを踏まえますと、できる限りこちらの機械翻訳というところに関しても、より目立つような形でアクセスしていただくような形で補正をしていく必要があるのかなというふうに思っているところです。
はいそれと加えての部分ですけども、インターフェースの部分に関してはなかなか閲覧支援サポートという技術ですね。
これに関してメディアの中にその言語の切り替えのボタンがあるというところもやや直感的にはわかりにくいような気もいたしますのでその辺の考慮というのもぜひ検討いただけたらと思います。
これは他の自治体等を見ていただければとは思うんですけれども、多くはLanguageみたいな形で表現が多いようでして、これもぜひ見直しというところをぜひ検討いただけたらというふうに思っております。
その辺の見直し案もぜひ今後も期待しているところでございますので。
はい。
します。
もう一つ男女共同参画事業の中で行われておりますSNS相談について伺います。
本事業は予算決算委員会での資料要求としてこれまでの実績を情報提供いただいておるところです。
こちらを拝見しますとおおよそ月あたりで月少ない月ありますけれども大体50件から100件程度の相談がしているようです。
この中で着目すべきは10代の割合が極端に多いということで、概ね4割の会利用者は10代となっております。
この世代はなかなか役所などの窓口くるような相当のものを入れず、これまでの形では少なかったニーズを広くことができるものとして、非常に素晴らしいものだと思っているところです。
またそこで気になる点としましては、これらも寄せられる声をどのように既存の事業そして既存の事業の改善というところに繋げていくかというところです。
現状での例えば悩みを吐き出しですとか、気持ちの寄り添い、といった点での対応は十分行われているかと思いますけども何らかの支援が必要な場合には既存の行政サービスに繋げていく。
もしくは既存のサービスで足りない部分があるのであれば、関連部署にその課題について共有して、改善ですとか、新たなサービスの検討ですとか、そういったところの営みが不可欠だと思っております。
このような取り組みの部分に関して、支店長ともに対応されているかというところについてお伺いできればと思います。
お願いします",2025/12/05,企画総務
委員長総務課長総務課長,"はい既存のですね事業へのというところでございますけれども我々の方としても、こちらあくまでもですねきっかけ作り、やっぱりハードルを低くしてですね、10代20代のそういう若年層それからまたLGBTQの方ですとか、そういった方々にですね、やはり利用していただきたいというのが狙いでございました。
そうした今るる委員からもご紹介あったようにターゲットにですねアプローチできてるといったところでございまして、の課題としては、そうしたどうやって既存のところに伝えていくかって確かにですね、いろんな事業者のやっていただいてる事業者の方と話をしていてもですね。
やはり非常にハードルが低くて若年層が日頃使い慣れたツールでチャットでLINEでっていうことでいただいてはいるんですけれども、やはり課題としては文字による情報のみであるために、やはりなかなか表情ですとか、声のトーンが読み取れないですとかあとは匿名であるからこそ本当にいろんな方が相談していただいているというところではございますけれどもそうした方々必要な情報が得られない場合があることですとか、フォローに繋げたいときにですね途中退出した場合に、やはりあの一方的に終了してしまうというような場合もあるというふうに聞いてございます。
こちらの方は事業者と話してる中では、やはり丁寧な案内ですね。
やはりまず専門相談機関など召喚する際にもですね、あの名称ですとか連絡先だけではなくって、そしてあの汐奈支援の内容ですとかあとは相談後の流れまでをやはり丁寧に説明をして、やはり若い相談者そういったところになかなか迎えにくいところがありますので、あの不安の軽減に努めていると。
また1000相談員の専門性ですとかそういったところのスキルの向上、そういったものも図るためにですね、あの研修を毎月実施。
やはりあの困難事例については、あの画面を共有して、チームで検討しながら対応しているといったようなところでございます。
今後もですね国の関係機関専門機関と連携については力を入れてやっていきたいと思っておりまして相談実務者連絡会議ですとか、あとはTVネットワークの永田圭田り連携会議で今年から機能を整備しました。
DVセンターの機能そういったところも図りながら関係機関と連携専門機関の連携は今後も引き続き充実してまいりたいというふうに考えてございます。
以上でございます",2025/12/05,企画総務
穂積委員,"はいありがとうございますきっかけ作りというのは言葉をいただきました。
はい若年層も含め、そうですね性的マイノリティですとかそういった方も含めて利用してほしいということでした。
おっしゃるようにチャットという形で非常にハードルが低いということもありますのでその役割というところは今季現状の利用状況を見てもある程度果たされてるのかなというふうに思っております。
ただの部署が連携というところで、としては、ぜひ力を入れてやっていくということでお話いただいたところだと思っておりますので、ぜひその部分に対しております。
貴重な10代をの声を聞く場所というところについてはかなり貴重なところだと思っておりますので、ぜひ福祉ですとか教育ですとかそういった場面にですね、繋げていただくような取り組みを今後も続けていただけたらというふうに思っておりますし、またその相手方のキャパシティというところもありますけどもサービス時間の利用の延長ですとか、そういった規模の拡大というところについてはぜひ今後ご検討いただけたらというふうに思っております。
私からは以上です。
ありがとうございます。
続いての発言を願います",2025/12/05,企画総務
奥村委員,"はいそれでは防災対策について質問します第3回定例会の際に、災害時のDXの大勝様ということを、質問もし、要望もしました。
江戸川区のお礼で250ヶ所の小・中学校の屋上に防災カメラを設置し、被害状況把握。
それでも死角になる部分については江戸川区と協定を締結した4社がドローンで確認するなどというものです。
中央区では、総合防災システムの構築も進めているということで、年明けからテスト運用も開始いいしていく。
またAIカメラについても他自治体の動向も注視して、研究していくということでした。
その後、江戸川区はさらにドローンの本格的な導入決定して、今年度から3年の間に江戸川区711ある避難所のうち、297台等を設置配備すると配備に向けて約200人の職員がドローンの操縦資格を取るということで計画が進んでいるということです。
一般質問でこのドローンの活用というものについての答弁なかったんですけれども中国ではどのように検討を進めているのかあるいは検討ないのかということも併せてご見解をお示しください。
委員長",2025/12/05,企画総務
総務参事総務部参事,"はいドローンの活用についてでございます。
ドローンというのはもちろん今言いたくの取り組みの状況をご紹介いただきながらというところで、もうご承知かと思いますけれども、当然のことながらその人が入れないあるいは高度ななんつうか高さからの講師申請というところを含めましての被害確認さらには資格になったというところのある種、操作性をもっての確認というところの話がいち早くというところの利点を持っているというところは我々当然のことながら把握、承知してございます。
一方でですね、このドローン本当に安全性が必ず担保されるのかというところところは、まだまだ私どもやっぱり検証が必要だというところこれ例えばの話ですけどうちの中央区の地形で大川つまり隅田川沿いに特化する形でも、そこはやっぱ例えば物資輸送であったりドローンの活用による物資輸送であったりということもある種一躍カレンダーが愛着になるんじゃないかというところの視点は、我々区内でやった実証実験含めての取り組みで、確認はしてございます。
一方クール職員によるその操縦士の資格取得というところもまだまだは私どもそういったところの人材育成とか人材確保の部分については、やっぱり一定のジョブローテーションといいますか、移動のスパンも含めましてのの側面もやっぱりきちんと研究していかなきゃいけないというところの課題意識を持ってございます。
いずれにしましても、このドローンの活用とかより安全安心な飛行というところのいわゆる技術進歩というところもやっぱり今今一度注視していきたいという思いが私ども防災部局の考えでございます。
以上でございます。
奥村委員安全性のを担保ということは本当に大事だと思いますし中央区のその土地の形状に合っているかどうかという検討も必要だというふうに思います。
どんどんスピード感上げて根入りして欲しいとかそういう要望ではないんですけれどもやはりこのビルが1億の中で活用できる可能性というものは、あるのではないかというふうに思います。
ドローンも空撮用のものであれば一般的に数百gということなんですけれども産業用ですとか運搬用ってなると、100キロを超えるようなうん。
坂も可能なものなど様々あるようですので、連携事業者どう扱う事業者の連携協定とか、また区独自に購入をして配布していくとか様々な角度をから今後検討もいただきたいということを述べて、質問を終わります。
田中委員それでは私からは、物価高騰対策について質問させていただきます。
今、国の方で閣議決定が政府の方でされて、それから実質的な審議がもっと深まっていくだろうと考えております。
先ほども質疑がありました通り、まず一つ目の子育て応援手当につきましては、保全委員さんおっしゃった通り、スピード感ある対応をぜひ全庁的にご検討いただければと存じます。
私の方からも要望させていただきます。
また重点支援地方交付金でございますけれども、先ほどもご答弁にありましたが、現状、今いただいている情報の中でですね、どのような検討されていらっしゃるのかお考えを少し教えていただければありがたいと思います。
当然中身が区民の皆様にとってどういった形になるのか一番大事だと思いますけれども、その点のご検討を伺いたいと思います。
またこれまでも例えば決算委員会の審議でも、令和6年度は100億円を超える物価高騰対策に取り組んできたというお話がありました。
その中でこの交付金の活用があったわけでありますけれども、現場の皆さんの、きっといろんな努力があってのお取り組みだと思いますが、これまでもそうした交付金の活用の中で、何か工夫していきたいなという考えている点等ありましたら教えていただければと思います。
また交付金の総額が2兆円と言われているところでありますけれども、それが実際中国としてどのくらいの額になっているのか。
また時期をどのようにスケジュール感を持っていらっしゃるのかも教えていただければと思う。
よろしくお願いいたします",2025/12/05,企画総務
院長企画部長企画部長,"はい。
私からは現状の重点支援交付金のメニュー等に含め他の部分だったらちょっとお答えさせていただきます。
今国の方からメニュー出てきてちょっとまだ細かく決まってないところがありまして、私どもとしてはまだ決定押しておらないんですけれども、やはり区民の皆さんに支援のための買物券であったり、現金であったりどういった形かわかりませんけれども、届けるっていうこと自体の事務負担はやはりかなりあるんだろうなというふうに思ってましてそこを速さと、事務的な経費の部分ですとか、こういったところを見ながら、どういう形をとることが最も効率よく区民の皆さんの支援に繋がり、なおかつ例えば買物券であれば、事業者支援にも繋がっていくというところがあると思いますので、本区が通常行っている支援策含めてですね、うまくマッチングさせることによって、より大きな効果が生まれるような形が取れないだろうかということを今現在検討しているところでございます。
以上です。
以上山下部長支給時期含めてなんですけども、今新聞やテレビで言われてるように、ようにおこめ券というのが非常に引っかかっておりましてあれがどのぐらいの拘束があるものなのかまた、つい最近示された報道の中で、実際に自治体向けの説明会で国が説明ですけども、使用期限を設けるっていう話をしている。
状況がございます。
要は現在発行されてるお米券に使用期限がないんで、これを配ってしまうとです。
そういった意味では至急早急の経済対策にならないんじゃないかっていう意見がスケールアップですが実際のところ国は支給期限を要するに化し使用期限を設けるという説明をしたというところまだ我々の情報ももらってないんですけどもっていう説明もしてございます。
そういった状況にあります。
それから各金額もまだ示されておりませんっていうのは、重点交付金自体が2兆円って言われてます。
があれ都道府県単位で来ますんでそっから東京都で東京都の補正予算を見ると、370億ちょっとっていうのが、特別区への支給額だというふうに出てはおりますが、こっから国いくら来るんだっていう部分がそういった意味ではまだ見えていないんで、現状においてそういったものを今、我々とすると、ある情報の中でいろいろ整理をしておりまして、今企画部長が申しましたように、いろんな想定のもとでいけば、我々とするとっていうところでは、共通化要件も一つの選択肢としてあるだろうというところでございます。
ただ、他の区の状況を見ますともうとてもじゃないけど時期的に間に合わない。
それから手間の手数といいますか、事務的な事務作業の部分もあって、もうやむを得ず現金に振り分けるっていう方ところの検討してるという区もあるというふうに伺ってございます。
やはり、中央区とすると、これまでも、先ほど阿野委員からありました重点交付金をどう使うんだってこれは様々なまち作りからご要望があります。
区民からのご要望があれば、事業者、あるいは医療機関そういったところから重点交付金のメニュー中に入っておりますんで、活用させていただきたい。
使ってぜひっていうお声いただいておりますが、それに対してこれまで苦労するとやはりまずは第1に区民というところを念頭に置きながら対応してきてございますんで、今回につきましても額が示されて、メニューの詳細、要は必要条件、交付条件が明確になった時点で、そういうものを受けた上で、今申しましたように、区民にとって区民生活にとって何が一番今必要なんだというところを第1に考えまして、その上に行って、改めて事業者支援もどこまでできるのか含めて検討させていただいてご提示できればと思ってございますんでちょっと国が言っております年内の補正予算については先ほどの子供が言ってた別で、なかなかちょっと難しいのかなというふうには思ってございますができる限り可能な段階で検討させていただいて、決まり次第、またごご説明させていただこうと思ってますんでよろしくお願いいたします。",2025/12/05,企画総務
委員長田中委員,"はい。
大変に限られた情報の中で、あといろいろと区民の皆様のため、また事業者の皆さん物価高騰への対策になるように真剣に考えていただいていることが伝わってくるご答弁でありました。
大変期待をしております。
今のご答弁の中にも当然あったんですが、もちろん事務的な経費もかかる、またスピードもあるそういった中で、できれば広く区民、全区民に行くあの事業に指定いただきたいと先ほども全委員さんからも広く国のお方という趣旨のお話がありました。
この点は本当に子供のなんていうんでしょう、限られた環境ではなくてですね、ぜひ全区民の皆様に行き当たりの取り組みを私からもご検討をお願いするよう要望させていただきます。
最後に企画総務という委員会でございますので、当然今重点支援地方交付金の話をさせていただいたところでありますが、まだ時期も明確ではないところではありますけれども例えば今、国が既に進めているのが、この年末調整と来年の確定申告で納税者のほとんどの方々が2万円から4万円の所得税の減税という取り組みがあります。
そして今のこの重点支援地方交付金があります。
女性来年になっていきますと中国では新年度予算の取り組みが進んでいくわけであります。
先ほどご答弁の中でも共通買い物食事券のお話がありました。
新年度予算の検討の中でも当然していくわけでありますが、この今からこの次の年に向けて、今後1年間ですね、一つのスケジュール感を持った物価高騰対策、こういう流れをとっていただきたいなと思いますけれどもその点の構想はどのようにお考えでございますでしょうか？よろしくお願いします",2025/12/05,企画総務
委員長財政課長財政課長,"はい今委員御紹介ございました通りですね、令和7年度国の方でですね補正予算組んでいるということでそういったものへのですね、対応といったものも図りつつですね。
それと同時並行でですね新年度予算に向けて予算編成を行っているところでございます。
またですねちょっと先ほど副区長からもご答弁申し上げましたけれども、やはり国からですね風格含めてですねまだ詳細のところが示されてないこととか、あとまた事業スキームをどうやって速やかに、またどういった対象であの配布その物価高騰対策を行っていくかというような庁内で今引き続き検討しているところでございます。
その上でですね新年度予算についてもですね、なるべく切れ目のないような形でですね、そこら辺の調整というものは図っていく必要があるのかなというふうに考えておりますので引き続きですね、物価高騰対策について、国の方針がある程度詳細が示された時点でですね。
庁内検討で大勢必要な対策については検討していきたいとそういうふうに考えてございます。
以上でございます",2025/12/05,企画総務
委員長田中委員,"はい。
ありがとうございます。
本当に大事な取り組みでございます。
今日2回目の食事券、ご答弁をいただいておりますけれども本当日頃、私も買い物行って、特にスーパーのようなお店行くと、本当に多くの方が共通買い物食事券を最初から準備して待ってて、とにかく会計はスピードが求められるもんですからすごく多くの方が利用しているなということを日々実感をしております。
中央区独自の素晴らしい事業だと思いますのでぜひこうした取り組みを生かしていただきながらまたあの中国の財源もですね、さらに充実していただきながら、多くの方が物価高騰対策をしっかりと行き届くような取り組みをお願いをいたしまして、質問を終わります。
ありがとうございました。
副委員長は副院長席にお戻りくださいはい議題1企画総務および財政の調査については、質疑を終了しましたなので継続審査ということでよろしいでしょうか？さよう取り扱わせていただきます。
続いて議題第2請願第7号選択的夫婦別姓制度を直ちに導入するための国会審議を求める意見書の提出についての請願の審査について質疑ございますか。
継続審査ということでよろしいでしょうか？はいさよう取り扱わせいただきます。
続いて議題3、請願第9号日本政府に核兵器禁止条約の参加調印批准を求める意見書採択を求める請願の審査について質疑はございますか。
はい。
こちらも継続審査ということでよろしいでしょうか？はい。
さよう取り扱わせていただきます。
これにて企画総務委員会を閉会いたします。
よろしくお疲れ様でした。
なんかあの時この質問がちょっと変わってきたのを感じました。
まだ感じてない。
時期的なものっていうイメージって聞いたかもしれないけど、うん。
前はこんなの国の、うん。
予算とか、あんまりやらなかったじゃないですよ。
出た後で事務費がかかりすぎるとか。
これだけ全体の予算がつくから、たくさん取ってほしい。
あんまり意味ないと思うんですけど、あれですよ、与党野党っていうのを明確にしようとしてるんだと思います前もって情報を得るとそれを発信していくかどうか。
わかりまへんかね。
あんまり小鷹先生今一生懸命何か言ってるようなので。
はいです。
ないっす。
売ってる内容は今送りました。
今読んだ。
はい。
うん。
そういうせこいことはやってくるので、自分はわかりました。
22じゃないですか。
へえ全然私は意見は言わなくていいってことですか。
違う違う違う。
そのせこいとかいう。
いうのは表現悪いじゃん",2025/12/05,企画総務
環境土木部長,"はい私からは資料1から資料5の報告をさせていただきます。
説明の方につきましては座って説明をさせていただきます。
はいまず初めに資料1位、中央区率や椅子1丁目地下駐輪場仮称の開設についてをご覧ください。
東京駅前八重洲1丁目東B地区第一種市街地再開発事業に伴い、くりっく駐輪場を開設し、東京駅前における自転車の放置防止の強化を図ってまいります。
1の駐輪場の概要でございます。
名称は中央区立安一丁目地下駐輪場仮称。
所在地は八重洲1丁目6番1号収容台数が300台で、定期利用のみの利用となります。
使用料につきましては他の区立駐輪場と同様とし、各記載の通りでございます2の改正を要する条例でございます。
中央区自転車の放置防止に関する条例で新規に開設する当該駐輪場を追加する他、中放置禁止区域内に放置された自転車の撤去に関する要件の明確化を行う。
3の施行予定日は区規則規則で定める日4の今後の予定でございます。
来年2月の区のお知らせ中央および区のホームページに掲載した後3月1日より定期利用申し込みの受付を開始し、供用開始は4月いっぴを予定してございます。
資料1の説明につきましては以上でございます。
次に資料2、中央区率開運橋際公衆便所の廃止についてをご覧ください。
再開発の施行に伴い中央区率開運橋際公衆便所を廃止するものでございます。
1の概要でございます。
現在整備中の日本橋1丁目東地区第一種市街地再開発事業に伴い、再開発事業区域内にある開運橋は公衆便所廃止いたします。
最終的には再開発事業で整備される。
外部建物内において一般の用に供する現状を大体現状として整備をいたします。
また代替便所が整備されるまでの間は、B街区敷地内に仮設便所を設置いたします。
なお、大体便所および仮設便所は民間の施設でありますが、廃止する火炎橋が公衆便所と同等の機能を有する予定でございます新納排出公衆便所の名称および所在地につきましては各社の通りでございます。
3の改正を要する条例は、中央区立公衆便所条例4の施行予定日は区規則で定めるときとし、令和8年1月を予定してございます。
5の今後の予定でございます。
来年1月に公衆便所、公衆便所の廃止とともに、仮設便所の設置、供用を開始令和13年度に仮設便所を廃止いたしまして、大体ベッドの許容量がない。
でございます。
6の案内図に、それぞれの整備予定地を記載してございます。
後ほどご確認ください。
資料2の説明につきましては以上でございます。
次に資料3、街路樹とおっしゃる様の接触事故の和解についてをご覧ください。
令和5年9月20日に発生した走行中の車両による街路樹接触事故の損害賠償の額の決定および和解に関する区長の専決処分についてに基づく。
和解の専決処分をいたしましたのでご報告をいたします。
H1の事故の概要でございます。
令和5年9月20日水曜日午後4時10分ごろ、中央区日本橋浜町2丁目31番先において事業用中型貨物自動車が一方通行の道路走行中に進行方向右側に植樹の空間時の街路樹の一部と接触したため、車両および街路樹が損傷したものでございます。
2の和解年月日は、本年10月22日さんの和解の相手方は江戸川区北葛西5丁目7番4号株式会社インパクト大代表取締役磯野晃生でございます。
4の和解内容でございます。
1点目が本件事故に基づく総務の武装を物的損害について、お互いに賠償請求せずそれぞれの損害は自らの負担とする。
2点目が、総務の間には建築物は買えないよ債権債務のないことを相互に派遣する。
3点目は相手方は現金事故に関わる損害賠償請求の訴えを取り下げるようでございます。
資料3の説明につきましては以上でございます。
次に、資料4東京5サービス株式会社の経営状況等についてをご覧ください。
令和6年度における東京エコスサービス株式会社の経営状況等をご報告するものでございます。
1の経営状況に記載の通り本年9月26日開会の令和7年第3回東京23億清掃一部事務組合議会定例会におきまして、地方自治法第243条の3第2項の規定に基づく。
東京23区清掃一部事務組合から東京サービス株式会社の経営状況の報告がありました。
資料といたしまして東京5サービス限り株式会社の現況について貸借対照表損益損益計算書を添付してございます。
恐れ入ります目1枚おめくりいただきまして、資料を、東京サービス株式会社の研究について、左下に1ページと記載のページの中段になりますが、2の経営成績をご覧ください。
損益計算書の一部抜粋となります。
売上高は100、148億476万5324円営業利益は4億2417万4823円経常利益は8億6766万4486円当期純利益は7億4500万7億4543万円6780円となってございます。
なお、以降のお電話資料の詳細につきましては後ほどください。
恐れ入りますまた1枚お戻りいただきまして、表紙本市の2の電力供給施設でございます。
現在東京サービス株式会社から電力が今日されております。
機能施設は経営小学校など記載の6小学校および中央区標準など12施設と成ってございます。
資料4の説明につきましては以上でございます。
次に資料を年末年始のゴミ資源の収集についてをご覧ください。
1年末年始の作業でございます。
(1a内容に記載の通り、排出量が増加する年末年始は込みおよび資源の収集運搬を円滑に行うため増車などにより平常作業を拡大した特別作業を実施するものでございます。
括弧2時期につきましては、年末は12月24日水曜日から12月31日水曜日までで、28日の日曜日を除きます。
年始は1月5日月曜日から1月10日土曜日までの期間でございます。
3の収集の日程につきましては期間中の燃やすゴミを燃やさないゴミおよび資源プラスチック製容器っていうのは、容器包装の収集を通常の曜日通りに行います。
ただし、12月30日水曜日につきましては、燃やすゴミと燃やさないゴミのみを収集いたします。
22の周知の部分でございます。
昨日お知らせ12月いっぴ号に掲載する他、年末年始のゴミ資源収集のお知らせのチラシを本庁舎の真心ステーション日本橋月島晴海の各特別出張所で配布するとともに、各町会自治会にも配布をいたします。
また区のホームページに掲載し、広く周知してまいります。
資料5の説明および、私からのご報告につきましては以上でございます",20251107,環境建設
物流部長,,20251107,環境建設
都市整備部長,"、はい。
私からは資料の6から10までを順次ご報告させていた。
行きます説明は座って進めさせてありがとう。
初めに資料の6地作り協議会の報告についてであります。
前回の当委員会報告以降のまち作り協議会についてご報告をいたします。
8月の29日、銀座築地勝どきとよび晴海それぞれ合同まちづくり協議会を開催いたしました。
議題は記載の通りでうち築地地区まちづくり事業につきましては、事業者の方から8月22日に公表した基本計画を説明し、質疑を行いました。
区の方からは、公表された基本計画を踏まえつつ、区長一応連名のもと、要望をしてきた歩行者動線など地域にとってよりわかりやすいイメージが持てるよう、この次次回のまち作り協議会でお示しするとして会議の方をました。
そして9月の24日は銀座築地地区30日には勝どきおよび晴海地区の合同まちづくり協議会を開催し、歩行者動線、車両動線のイメージとともに、3枚の具体的なイメージパースをお示しし、ご意見をいただいたところでございます。
下段に記載の通り、当日の資料、議事要旨につきましては、既に送付をさせていただいてございます。
資料6の説明は以上です。
続きまして資料の7居住継続支援事業補助満了後の対応についてでございます。
開発事業区域内の従前者が人のうち、補助を受けている対象従前釈迦人の一部の方が、令和8年12月末に30年間の満了を迎えることから、当社満了後の新たな対応として、住み替えが困難な対象者に限り、継続して積み続けられるよう、制度改正いたします。
表をご覧ください。
現在、5地区で当事業を行ってございますが、晴美丁目地区が最も早く、当初満了期間を迎え総戸数124戸のうち、今回対象となるのが34戸の世帯でございます。
おめくりいただき、2ページ目です。
2の経緯および対応ですが、令和4年度から個別相談会を実施し、補助満了までに積み替えの検討を促す説明を行ってきたところですが、今般の居住者の高齢化による住み替えが難しい現状を踏まえ、福祉的な観点から、高齢者世帯と、非課税世帯に対して控除満了後も、新たな王の家賃算定により補助を実施してまいります。
3の補助要件および新たな家賃補助算定ですが対象は全員が65歳以上の高齢者世帯または全員が非課税世帯を新たな対象としてまいります。
なお、その対象者および家賃補助額については個別に案内を行ってまいります。
4の今後のスケジュールです。
11月より満了後の対応に体に関する説明会を実施いたします。
その後、要綱改正予算の可決を経て来年度5月から個別の相談会を実施し、その後申請手続きを随時受け付け、令和9年1月から新算定による補助交付を開始してまいります。
なお、来年4月には晴海1丁目地区以外の住宅に関しても、通知を順次行ってまいります。
資料7の説明は以上です。
続きまして、資料8区立住宅等の入居者募集についてでございます。
毎年、点数転居の多い春と秋に記載のように広く募集をかけてございます。
今回は区立住宅が2施設に高齢者住宅が2施設3戸でございます。
恐れ入ります。
次ページをご覧ください。
こちらが募集住宅の概要で、各住宅、それぞれ記載の通り間取り面積また、基準使用量をお示ししてございます。
いずれもお家賃の住宅となりますので、申し込みをされた世帯の所得額によって実際の家賃が確定するものでござい。
ます。
恐れ入ります最初のページにお戻りください。
2のスケジュールですが、区のお知らせ11月15日号区ホームページに掲載募集期間は11月の17日から26日まで抽選は12月23日その後資格審査の上、入居は来年3月上旬となります。
資料8の説明は以上です。
続きまして資料の9です。
中央区耐震改修促進計画の改定について恐れ入ります。
適宜資料の方は拡大の上ご覧をいただければと思います。
1の改定の経緯ですが、例えば国や都の動向を踏まえ、5年ごとに計画の改定を行っており、令和3年3月の改定から5年が経過することから、年度末の改定を行うものでございます。
2の改定概要ですが、大きく3点ありまして、1点目が、令和12年までの5ヶ年計画とし、建物の種別ごとに耐震化の目標を再設定してまいります。
2点目が、近年の地震による被害を踏まえ、2000年基準の施行以前に建てられた住宅も含めた耐震化の目標や、特定緊急輸送道路沿道建築物の耐震化の目標を新たに設定してまいります。
3点目が、2000年基準の施行以前に建てられた木造住宅および木造建築物に対する支援を新たに追加するとともに、新耐震基準の施行以前に建てられた住宅や緊急輸送道路等に係る建築物に対する支援を拡充してまいります。
3の耐震化率の現状と目標の変化ですが、一番左側の令和2年の策定時点と比べ、中ほど、令和7年時点では、耐震化率はいずれの項目も上がっていることがうかがえます。
またその右今回の改訂目標ですが、もう一つその右側の東京都の目標設定を踏まえつつ、本区のこれまでの進捗を勘案して定めてございます。
恐れ入ります。
おめくりいただき、2ページをご覧ください。
4の耐震化に対する支援ですが、記載の4点について、今回の計画に盛り込み、来年度からの予算化を検討してまいります。
英語の耐震化を促進するための環境整備ですが、耐震促進協議会の運営による啓発を始め、アドバイザー派遣、パンフレットなど様々なツールを活用しての普及啓発費の活用による推進など、多角的に取り組みを行ってまいります。
6の今後のスケジュールですが、委員会報告後、11月末にはパブリックコメントを実施の上、今年度末に計画の背景を予定してございます。
次ページの参考ですが、中央区内の耐震化率の現状として、現行計画に対する達成率等をお示ししてございます。
また、その次のページ別紙1として、今回の耐震改修促進計画の素案をまた後段の方になりますが、30ページ目には別紙2として、中央区住宅耐震化緊急促進アクションプログラムの草案を掲載してございますので、後ほどご覧ください。
資料9の説明は以上です。
続きまして資料の中、マンションの建て替え等の円滑化に関する法律および建築基準法施行令の一部改正に伴う中央区事務手数料条例の規定整備Hの内容ですが、中ほどの表をご覧ください。
現行のマンションの建て替え等円滑化に関する法律の題名がマンションの再生等の円滑化に関する法律に改正されるなど、国において、老朽化するマンションの管理、再生が図られるよう、法律の改正建築基準法の施行令が改正されることに伴い、これを引用している。
ただ事務手数料条例にずれ等が生じるため、規定整備を行うものでございます。
2の施行予定は、両括弧1については、改正法の施行日の令和8年4月1日両括弧2の建築基準法の施行令は公布の日を予定してございます。
指示を中の説明および私からの報告は以上です。
ありがとうございました。
これにつきましては既にご承知の通りですので、よろしくお願いいたします。
ただいまの時刻は午後1時52分自由民主党77分かがやき中央さん39分公明党さん39分に会社さん10分令和3、10分となります。
なお、持ち時間には、この後のこの後の議題である請願審査の時間も含め含まれます。
それでは、理事者報告に対する質疑に入ります。
ご発言をお願いいたします。
委員長　、角屋委員私の方からは大きく3点、資料1また資料7資料9の中から質問させていただきたいと思います。
まず資料1位ですね。
中央区区立、八重洲1丁目地下駐輪場を歌唱の開設ということで、東京駅を使う方または東京駅周辺に仕事で行く方この自転車で今後定期利用、今回、定期利用ということですけども、すごく利便性向上にシステム取り組みというふうに思いました。
また地域の開発の中で、この受駐輪場を作っていただいたということかなというふうに理解しております。
また放置自転車も減って、街の美化に資する取り組みというふうに思いました。
そういった中で、この今回300台の定期利用というのが終了するということでございますが、今回定期利用ということなんですけれども、例えば時間貸しの検討とかですね。
また周辺のバイクシェアサービスをちょっと見てみますと、サイクルポートについても比較的少ないんではないかと、東京駅の八重洲口には少ないようにちょっと考えております。
そういった設置というのは、お考えについてどのように考えているのかお聞かせいただきたいと思います",20251107,環境建設
委員長交通課長交通課長,"はい。
八重洲1丁目の地下駐輪場についてでございます。
今回ですね、委員ご案内の通り、八重洲1丁目地下駐輪場こちらを再開しようと合わせまして300台ほど定期利用者を利用形態ということで開設いたします。
一方で、令和4年にはですね、やりすぎ丁目北地区という地区の再開発事業などをしたこの中ではやりそうに丁目地下駐輪場というものを整備しておりまして、こちらでですね、290台分の1事業が市のそういった利用形態の駐輪場も既に整備しております。
ということで、安1丁目と2丁目がそれぞれ機能分担をして放置自転車対策に努めていくということを考えております。
以上でございます。
議長角屋委員ご答弁ありがとうございます。
今うちの地域は、1丁目2丁目で定期貸し、また時間勝ちっていうお話をいただきました。
そういった形で面的なそういった整備をしていくというふうに理解いたしました。
ありがとうございます。
月井に移ります。
次へ資料資料の7でございます県居住継続援助事業を補助を満了後の対応についてということでございます。
私も相談をいただいたケースもございます過去にありました。
このコミュニティファンドによって、この地域に住み慣れた街に住み続けられるそういう取り組みを果す本区としても、しているそういった中で、昨今では家賃が急騰している。
また、今回の取り組みとしては、継続的にまた福祉的にですね、観点で取り組みをしているということも、すごく良いというかですね、私は取り組みとしてはありがたい取り組みじゃないかなというふうに思っております。
それはやはり住んでる方も高齢になってしまっている。
また収入が今も本当に家賃、晴海の家賃はもうすごく上がっておりますので、そういった意味で区の方としてももう本当は30年間という500足の中で、進めてきたところでございますが、そこを福祉的な考えで伸ばしていこうと。
そういった取り組みっていうのはすごく共感する取り組みというふうに思っております。
今回、特別大賞従前、借款にということでその方は今後も延長されるとまた対象従前釈迦にのみの世帯ですね。
晴海でいくと一番最初に34個あるということでございます。
この中の方で対象になる。
この34区の中の対象になる方っていうのはどのぐらいいらっしゃる。
か、とですね、この今回の補助になるというところがまず一点です。
あとですね、ここにも書いてありますけども、令和4年度から個別相談会を開催していったとある意味、本当に何て言うんですかね。
将来的のことをしっかりと考えていただきたいと30年前にもお話があったとは思うんですけどもそこのところをしっかりと説明会をしている。
具体的にちょっとこの個別説明会について教えていただきたいと思います。
院長住宅課長住宅課長居住継続援助事業についてもう2点ご質問いただきました。
まず一点目が晴海1丁目の対象従前社会人のみの世帯34戸内の新たな補助の対象についてでございます。
実際は世帯の所得に応じて、所得とあと年齢ということになるんですが実際には申請をいただいてその書類を審査してそれで各確定にはなりますが、現在いただいている情報で、ざっくり計算をいたしますと、34戸のうち19戸が新たな補助の対象になろうかという状況でございます。
もう一点個別説明会の状況でございます。
30年でやはり補助が満了するということで、対象従前社会の方は、そのまま住み続け計ていただく場合には家賃負担が増えてしまうと、補助がなくなってしまうということですので、そういった世帯における家賃負担がどれぐらいなのかというところを、契約なんかも確認をいただきながら場合によっては住み替えというところも視野にご検討いただくような形で、それぞれの個別の方について現状お住まいの家賃とですね、補助がどれぐらい出ているかというところを個別に資料をお示しをしながら、住み替えの仕方ですとか、そういったところも含めて個別に対応させていただいて、いるところでございます。
以上でございます。
議長角屋委員本当にありがとうございます。
はい。
個別説明会も令和4年度から麻痺されている。
そういった中で今回福祉的っていうところがすごくやっぱりあると思います。
もう高齢になって借りることができないっていうのはやっぱり私も相談特に最近は家賃が上がってきてます。
そういった部分では、高齢の方がそもそも高齢の方は一般の民間住宅ですね断られるケースって結構あるっていうふうに私は認識しています。
そういった中で、今回65歳以上というですね、一つの福祉的なっていうところで、この主な補助要件っていうのが付けられたのかなっていうふうに私は推測します。
ですね。
そこでですねちょっと提案なんですけどもすごく私はいいことだと思います。
やはりこの家賃がすごく上がっているっていうこともありますし福祉的な観点からも含めてですね、この主な補助要件を私の考えなんですけれどもやっぱりうちはおかしいですってこれなしにして、下のですね、新たな家賃補助算定、要するにその人の所得に合わせた形でも、使用料を算出するっていうような形でですね、この幅をもう少し広く、ちょっとそこのところは広くなんていうんですかね、救える方を今ので言うとですね、今3419戸ということで、住戸の方がちょっと当然この違うところに行かなければいけないのかもしれないし今の家賃が上がるっていうことだと思います低血糖わけではないんですけども家賃が上がるっていうところでその所得に応じれば、仮に家賃が上がったとしても今まで通り住むこともできるんではないかというそういうふうにちょっと私は考えました。
そういうた考えについて、本区としていかが考えますでしょうか？一応住宅課長、住宅課長補助要件についてのやはりこの居住継続援助事業を自体は、やはりその30年間の補助ということで、委員からご紹介ありました通り、特別対象従前社会人の方とか住んでいた世帯主の方と配偶者の方につきましては居住している限り、補助が続くということなんですが、その後に入居された方ですとか、あとなったお子様ですとか、そういった方については30年という期限で保証をしているというところでございまして先ほどからもご質問ありました通り、個別相談会で補助満了につきましては、補助がなくなるというところもこちらは周知をしさせていただきまして、住み替えも選択肢としてご負担いただけるような状況も踏まえて、ご検討いただきたいということで、行ってきたところでございますそうした中でやはりその住み替えそのものがやはり困難な方については、30年でもう補助を終わりたいよということだと、なかなか住み替えそのものもできないというような状況もございますのでそうした方につきましては福祉の観点で住み替えが困難というような方としてはその高齢の方高齢の方は、所得があってもなかなか年齢でばれてしまうというような状況があったり、あとは所得については新しい住宅を借りるといったところで、やはりその課題になってくるというところを踏まえて補助要件を設定させていただいているということでございます。
以上でございます。
議長角屋委員ご答弁ありがとうございます。
多くの考えとしても最大限この福祉的なことも考えてますというのは伝わってきております。
私はの要望として、先ほどお話した。
括弧2の新たな家賃補助算定みたいなところでですね、このもう少しこのこの15項の人たちをですね、今まで通りあるんだと思うんですけどもそういった形でですね、支援ができないのかなっていうふうに思います。
なので質問させていただきました。
最後一点だけなんですけども、コミュニティファンドについては、これは何ていうんですか、対応がその延長するっていうことですから、そこんところの立て付けとか、その延長することによっての支援が困難になる、そういったことは大丈夫なんでしょうか？院長住宅課長住宅課長両方の対応における地区信金の状況ということのご質問でございます。
この補助満了後の補助対象者とその補助額を現状の情報をもとに、算定をしたところを、特にその基金が枯渇するとかそういったことはなく、補助ができるというような形で確認はさせていただいております。
以上でございます。
院長肺腺がんしましたこの15項の方に対してもですね、しっかりと次の現状のところも含めて、しっかりと対応でき、指定サポートですね伴走型のサポートををお願いしたいというふうに私は要望させていただきたいと思います。
最後に資料9です。
中央区耐震改修促進計画改定についてということで、私はもうこの耐震改修のですね促進計画を本当にもう5年ということでもう新たな5年がこれからまた進むのかというふうにちょっと思い言いました過去にも何か質問したことがあるんですけども本区ではこの他の自治体に比べて、この補助率というか。
補助額も多いというふうに私は認識しております。
そういった中で、この少しずつこのですね耐震化町の耐震化を進めてきた。
ということで、今回新たななんていうんですかねこの7年度で終了する次の新たな改定ということで、目標をまた新たに作っていくというところでございます。
そういった中で、今までのなんていうんですかね7年度で終了するというところの所感また2000年基準というところでここを追加した。
お考えですね。
その辺についてお聞かせいただきたいと思います。",20251107,環境建設
建築課長建築課長,"はい耐震化促進計画についてでございます。
これまで今の計画についてはですね、令和3年3月に策定して、取り組んできたところで資料の方にもお示ししているんですが、令和2年3月時点から令和7年3月中でどのように変わってきたのかというふうに今見てみますと、住宅やお時間特定建築物についてはですね、この5年間の間に大体0.7ポイントから1.1ポイント耐震化率が上昇してきているところですので、評価するならば、一定程度着実に進捗してきているだろうというふうに考えているところでございます。
一方でですね前回平成28年の3月にですね、改定した前回の促進計画のときからそのとき、どのような3週の耐震化率の進捗があったかってちょっと確認してみたところですね。
その際には1.4ポイントから1.6ポイントの上昇一緒だとなかなか耐震化のその伸びについては少し鈍化してきているところがあるかなというふうに考えております。
私ども取り組みの中でですね、所有者訪問という形で、実際その旧耐震の建物の方もこう回らせていただいていろいろお話とかお伺いしてるんですが、やはりその辺もですね近年回ってる中では、あまり良いどちらかというと今、耐震化の取り組みされてない方っていうのが、あまり耐震化について今関心がやはり薄いというところがちょっとあるかなというところがございます。
ですので、5年間やってきた中でもですね一つ課題としては、そういうちょっと意識としてあまり耐震化に積極的じゃない方への働きかけを今後どうしていくのかというのが一つ課題として挙がってきていると思っている。
以上でございます。
2000年基準についてですが、新たにこの2000年基準というものを今回追加いたしました。
このこれまでの促進計画の中ではですね、やはり旧耐震というところを一つの敷地としてやってきたところでありますが近年の地震熊本にしろ、能登半島地震なんですが、そういう地震を実際被害を見ていく中でですね、やはり旧耐震だけではなくて、2000年基準この店運営基準というのが木造住宅の針とか柱の接合部分に関する基準がちょっと追加に選任されてるんですがここの部分を満たしている満たしてないではですね、住宅への被害の状況というのはやはり変わってきている。
そういうところを踏まえましてこの度促進計画の中で新たに対象として加えて今後1年時期については取り組んでいきたいというふうに考えているというところでございます。
以上あります。
委員長　、角屋委員御丁寧にご答弁ありがとうございます。
着実に耐震化を進めてきた。
というですね。
いうことで、これからもまた新たな計画のもとに耐震化を進めていただきたいというふうに思います。
最後に一点ですけども、2000年基準の木造のみということで見出してない基準2000年基準を満たしていないここはですね参考資料23ページになるんですかね参考資料の中で中央区内の耐震化の現状ということで木造をということで160ここに記載がされております。
この辺のですね、耐震化への働きかけ、どのように考えてらっしゃるのか。
私も先般、あの倉庫総合防災訓練で回ったらですね、合計でわかりやすくですね、模型を作ってですね揺らすと、こうなりますっていうですね、やらしていただき見さしていただいて、本当にこういうふうになるんだなってこういうふうにすると、耐震化ができるんだな、例えば何かそのものを、模型を見て思いました。
本区としての今後、その165働きかけについてお願いいたします",20251107,環境建設
建築課長建築課長,"はい。
今回新たに対象になって160円こちらは約60分間、木造住宅にある働きかけについてこれまでやってきたものから特段新たにですね、やっていくということというよりは、これまでやってきた地道な活動を、これの延長の中でこちらの160に対してもですね働きかけを行ってきている状況です。
今委員長ご紹介いただいた通りですね、やってきた取り組みの中では、イベント等の機会を捉えてわかりやすくご説明する。
その中で2000年基準に対応する対応してないでまたどう変わってくるのかといったことや、個別の訪問の中でもですね、それに伴い住宅も対象として個別にそこにお住まいの方所有者の方にもお会いさせていただいて、いろいろお話をしていきますそういう中でもですね、その耐震性の重要性というものを訴えていきながら、その耐震化に繋がるような働きかけを行っていきたいと考えております。
以上です。
部長、清宮委員ありがとうございます。
これからもこの次のですね改定計画の改定がすごくまた大切だなというふうに思いました。
2000年基準その辺についてもしっかりと幅広く耐震化を中央区としても進めていくというふうに理解させていただきましたので今後ともよろしくお願いいたします。
以上で私の質問を終了いたします。
ありがとうございます。
次のご質問者の発言を願います。
川端委員いつもよろしくお願いいたします。
私の方からは資料7、そして資料9についてちょお尋ねさしていただきます。
資料7居住継続援助事業補助満了後の対応についてということでございますけれども、このもう30年という長きにわたり、あの補助事業を続けてこられてるということで本当に感謝申し上げたいと思います。
この中でですねこの継続さらにお住まいになられてる方で、なかなかあの転居をままならないご高齢のご加護世帯ですとか65歳以上の高齢世帯それから全員が非課税の世帯を新たな補助対象者にするということでございますが、例えばですねこのご年齢になります要介護者を抱えてらっしゃるご家庭ですとか、5世帯の中でその障害をお持ちの方ですとかこういった方もいらっしゃるかと思うんですけれどもこういった方に対するその補助事業の継続ということを文言として入れるというお考えはございませんでしょうか？院長住宅課長住宅課長補償要件対象者の保険でございます。
あくまでも充電社会人の方の居住継続ということで実施をしてきた事業でございます。
そうした中で、やはり補助が満了する中での住み替えというところに着目をして、その住み替えが住み替えをこちらも個別相談会を通じて促して、行ったところでございます。
その中でやはり住み替えが困難なっていうところを不動産の団体さんからもお話を伺ったりしながら、やはりその年齢でやっぱりネックになったりとか、そのやっぱり所得の部分っていうところが、やはりございましたのでそうした形で住み替えが難しいというところについて年齢というところと、所得というところで、あの基準を設けさせていただいているところでございます。
以上でございます",20251107,環境建設
川田委員,"はいあのその趣旨を受注理解をしているつもりでございますが、やはりご高齢の世帯年齢の要件というのも転居に関しては非常に厳しい要件になると思いますけれどもやはり要介護のご家族を抱えてらっしゃるご世帯ですとか、障害をお持ちの方を抱えたご家族、なかなか勉強が難しい状況にあるかと思いますので、押山なかなかの対象世帯が限られておりますので、その世帯が含まれるかどうことは私の理解の範疇を超えておりますけれども、そういったケースも想定しましてですねぜひとも、もう一つ踏み込んでいただいて、ぜひとも要介護者要支援者を含めて抱えているご家庭を支えるという意味で退職に繰入ていただければというふうに考えておりますぜひともご検討いただきたいと思います。
続きまして主資料9の方に移ります。
はい。
10億対地震改修促進計画の改定につきましてはということで今回5年5ヶ年計画の耐震改修計画案が出されてこれから検討していくということになりますけれども、耐震化工事、耐震化ですね住宅木造住宅は特にですけれども、古い共同住宅も含めまして地震に際して倒壊をしますと、特に救助といいますか、道路をふさいだりとかですね非常に災害の復旧支援が非常に滞ってしまうということもございますのでこの辺り今回の計画でも、更なる95%の達成率ということを今、数字が出ておりますけれども、更なる高い水準を目指していただいて、ぜひともこの耐震化改修促進ということで進めていただきたいと思いますが、日この耐震がこの今例えば木造住宅の場合で、なかなか耐震化が進んでいないす。
今8%台であの数字が出ておりますけどもその原因というのはどの辺りにあるか、もう一度ちょっとお答えいただけますでしょうか？徐建築課長建築課長はい自動住宅の耐震化が最後のひと押しがなかなか進んでいないということが原因というところでございますが先ほどちょっと消費者訪問でお話をさせていただいたんですがやはりそこで聞こえてくるお話だと、特に高齢者の方とかですと、なかなか極端な意見ではあるんですが、自分はこれまでここに住んできてから大丈夫なんだという何か。
もうちょっと根拠のないような自信みたいなものがあったりだとかですね。
あとはそういう人生のベテランの方の方よくご発言あるんですがそのときは潰れちゃったらそのときはそのときだよっていうようなこういうのは御発言もあるんですよね。
ですのでいかにですねそういうような実際に耐震化というものに向き合う。
そこでの被害というのはその方だけの被害ではなくてやはり町としての被害になってしまう。
いろんな人にいろんな悲しい思いをさせてしまうので、そこに対してどういうふうにアプローチどういうのが一番響くのかというところも考えて今後取り組んでいきたいと原因としてはそんなところをお声として聞いている。
以上川端委員ありがとうございます。
全員の質問とかぶっておりますけれども、そこでですね方ですねこのなかなか耐震化の意義を理解していただくと難しいという状況の中で、区として耐震化イタリアの費用も結構かかりますので、業者選定等も難しい面もありまして、なかなかあの子良い業者、そうでない業者というところもありますので、その辺りの崩して働きかけ方今後ですね、ちょっと取り組みを少し説明いただければと思います。
委員長",20251107,環境建設
建築課長,,20251107,環境建設
建築課長,"、はい働きかけ方についてでございます。
働きかけ方についてなんですがこちらの区だけでですねいろいろ対応するやはり限度があるというところがございまして組合のですね関連する三つの団体、一つは建築士事務所東京建築士事務所協会、こちらの中央支部、そしてもう一つは工務店の方が所属してらっしゃる。
東京重賞建設業協会、地方振興そしてNPOなんですがまち作りと防災を研究してるのはそんなその三つの国の方でタッグを組んでですね、中央区耐震促進協議会というものを結成いたしまして、その中でイベント等にですね、3社それぞれの強みを生かしながら、いろいろ所有者または住んでる方のご相談を受けたり、そういう対応を行っているところです。
こちらの方々ともですねそれぞれの強みを生かしながら、その方が抱えているような悩みがですね、例えばその当時のことなのかとか、あとは設計上の話なのか、そういうところをいろいろお聞きして、それに必要なアドバイスやご回答ができるように取り組んでいるという。
もちろんとしてもやはり経済的な部分については耐震の助成等をご紹介いたしながらですね、支援を図っているところでございますはい。
今お話出てまいりました女性の方なんですけれども住宅金融支援機構さんの方で1000万円まで事業費の80%ですか。
助成が出るということでは融資を受けられるということで聞いておりますけれども80%ということで、残り20分の部分ですね区として補助を出すとかそういったお考えがあるかどうか、ご検討いただけるかどうかちょっとご回答いただければと思います。
委員長　建築課長建築課長融資の残り枠についての補助という考え方というよりは今、私どもの方ではかかった費用の半分に対しては高齢世帯については全額限度額あるんですが、そういうところでの支援を今行ってますので引き続きこちらの方に取り組んでいきたいと考えております。
川田委員ありがとうございます。
あともう一点だけなんですけれども木造ではない教授共同住宅がですね、最近中古マンションの高騰もありまして、この間のチラシをちょっと見ましたら値段が安いなと思っていたんですけども、築50年以上のマンションリノベーションしてておりまして、その辺りの問題点でもかなりこれから出てくると思いますので耐震化のあたりも、区としても気をつけていただければと思います。
質問はそれでは、議題、環境保全および建設行政の調査について質疑に入りたいと思いますが先ほどの角屋委員の質疑において、タイマー表示が一部停止をしてしまいましたが、予備のタイマーで計測をしております。
使用時間は22分、残時間を17分として、質疑を続けさせていただきたいと存じます。
それでは議題に関する環境保全および建設行政の調査について質疑のある方はご発言を願います。",20251107,環境建設
塚田委員,"はいそれでは私からいくつか質問させていただきたいと思います。
11月になりましたようやく暑さというのがなくなって、一気に冷え込んで参りましたけれども、今年の夏もですね3年連続で過去最高に平均評価水位を出すということで記録お世話になっております。
近年の猛暑ですね。
これは特別なことではなくて、もう年を追って普通に成ってきておりますこれはおそらくこの傾向はこの先もですね、また上がってくるのかなと平均気温が上がってるのかという思いでですね。
ていうと、本当にもしもし。
健康被害のおっしゃることはないですね。
やはりどういった対策をしていくべきなのか。
今は税で考えてなかったようなところでもね、やっていかなきゃいけないのかなという思いで、考えているところでございます。
そこでまずですね、道路舗装についてお尋ねいたします。
ちょうどオリンピック開催に向けてだったその頃だったと思うんですけれども、国道を初めですね。
そして工藤においても施行されましたのが、遮熱性舗装でございます。
路面温度を最大10度程度下げるというような効果があるのかですね。
公共対策の期待を背負ってそれからマラソンをやる計画もありました。
そういう意味では銀座通りを初め、ああいうところでもちょっと眩しい、キラキラした感じを道路舗装でしたけれども、あれがあちこちに舗装された伸びたわけでございますあれから6年あるいはそれ以上経過しておりますが、現在ではあちこちで劣化といいますか、少し表面が剥げてるような感じのところも見えております。
やはり耐用年数も何となくそれぐらいなのかなという思いで見ておりますけれどもこの間6年7年を振り返っていただいてですね、どういう状況であるのか。
それから、この御荘においてのご所感そして今後の活用などあれば、まずお聞かせいただきたいと思います。
それともう1点ですね。
薄いですねこれを下水管や土へと誘導する。
湧水性それから排水性舗装ございます。
やはり気温とともに、近年多発いたしますのが短時間の豪雨でございます。
これはかなり日本全国で発生して都内においてもですね、1時間に100名にゴールが降るこういう状況になっている中で、この本区においてもですね、やはりこの雨水のさばき方、先日視察で、加湿器のポンプ場すね。
あそこ見せていただきましたけども、あそこの所梨衣能力がやはり時間当たり70ミリというのは話をされておりましたけれども現在ではそれを上回る雨の量が降る可能性があるわけで、そういう意味ではこういった本来の水の流れるルートと別にですね、こういった道路の下に要するに落として、なるべく分散させていくということも大変重要かと思っております。
その意味では、これもあと湧水性がそういうものですねそれから排水性においては、要するに道路のハイドロプレーニング現象を軽減させるような、そういういった水水を下げるという構造かと思うんですけどこういった要するに、フッター、雨水を積極的に排水するような構造なわけですけども、このやっぱり当初から例えば別にしやすいとか、耐用年数がどうなんだとか、そういった懸念もあったんですよ。
これをいやいや初めて引かれてからですね、10年近く経過いたしますから、そういう意味ではこれについてもちょっとここまでの状況そして現在ですね、それから近年ではかつては幹線道路に主に使われていたものかと思うんですが細い路地なんかでも作業にもうこれを使って舗装替えていると、そういうような工事のご案内も出ておりますので、近年の使われ方そして今後の使い方なども含めてですね道路も昨日放送の2点についてお聞かせいただければと思います",20251107,環境建設
院長道路課長道路課長,"はい道路舗装についていくつかご質問いただきましたので順次お答えさせていただきます。
まず、遮熱性舗装についてでございますこちらにつきましては委員ご案内の通りですね、ヒートアイランド現象の緩和これを目的として平成18年度から本部としては整備の方進めてきているところでございます。
現在80%まで整備の方完了しておりまして、残りあともう少しというところになっておりますが、1から先ほどご案内の通りですね、整備を始めて、だいぶ年数が経っているところにつきましては、だいぶ塗料が薄くなっている部分、これが見受けられるというところは認識しております。
今年度につきまして、梶橋通りで、薄い部分についてはですね、新たに取り直しということで、募集の方も行わせていただきました。
こちらにつきましては、道路点検等含めてですね、やはりその遮熱の状況をしっかりと見定めながらですね、効果がしっかりと表れるように今後も維持管理に努めてまいりたいというふうに考えておりますこちらにつきましては今後においても、まだ遮熱性舗装整備してない路線がございますので、しっかりと計画を立ててですね、全路線整備できるように努めてまいりたいと思っております。
また今遮熱性舗装整備されてるところにつきましても、今後も塗料のそのはげ具合等はしっかりと点検で確認をしてまいりたいというふうに考えております。
それから水のさばき方というところで排水性舗装、それから車道透水性舗装の話もございました。
こちらにつきましても、これまで本区としては計画的に取り組んできたところでございます。
やはり最近のこの雨の降り方、これはやはりなかなか異常なものがあるというところで薄いますだけではなくて、やはりシャドー統制室含めてですね、舗装の実際に薄い雨水桝に流すことなく、地下に浸透させていくといういった取り組みも、やはり今後重要になってくるというふうに思っておりますので、こちらにつきましてもしっかりと今後も整備を進めてまいりたいというふうに考えております。
また点検の中でやはり老朽化含めて、水溜りの箇所ですとか、そういったところもしっかりと把握して、改善に努めてきておりますので、今後もやはりそういったあの道路の状況っていうところについては、しっかりと職員で提供しながら、良好な道路環境の維持に努めてまいりたいと考えております。
以上でございます",20251107,環境建設
塚田委員,"はいどうもありがとうございます。
やはり私、議員になって11年目かと思います。
当初私もそうでいる近所大きなそこの場所でいうと体通りと昭和通の患者さんであるとか、あの辺もかなり関数ですかね。
雨が、大雨が降ると、本当に半日ぐらい水がもう履けない。
今の状況はありましたけど近年はやっぱり見るか見るからに水が落ちてるっていうのがわかるような感じになってきております。
そういう意味ではやはりそれはすいませんに行く方だと思うんですけど、それからやはり近所だったっすね。
50.言い方が違うかもしれないけど細い車道もですね、だいぶ落水する落水というか水が落ちるようなそうなんだなと。
それに今変えてますというような工事のお話が出てきておりますので、なかなかこれがあちこちに出てくるといいんだろうなと。
ただやはり荷重重いものが車がバンバン通るようなところでは、なかなかそれが許されなかったり、得た体制がないような話を聞いておりますので、その使い分けであるとかそれから遮熱性についてもですね、使い分けと80%駆動のですね80%もうそういうカバーするというということで、思ったよりも非常に比率が高いなという思いました。
これやはり構造一つ、もう一つお聞きしたいのが、やはりこれ両方の機能を一緒にやることはこれやっぱできない。
ですよね。
それだけ一つだけ聞かせてください",20251107,環境建設
院長道路課長道路課長,"はいすいません。
ちょっと先ほど私の説明がちょっと足りてないところがあったので補足させていただきます。
遮熱性舗装、これがあの対象路線が約10キロ、区内でありまして、そのうちの80%が整備完了ということでございますので、すいません、補足させていただきます。
それからですね遮熱性舗装についてなんですけれども、現在こちらはですね、補助金をもらって整備の方しているんですが、その補助金の中でですね、そのルール舗装ですね。
こちらがですね、低騒音舗装の上に乗るっていうことで一応東京都の基準がございまして区としてはその基準にのっとって今、せめて思っておりますので、車道と水の方にグループっていうのは、今のところはちょっとできないというところでございます。
以上です。
課題の環境土木部長",20251107,環境建設
環境土木部長,"、少しだけ補足をさせていただければ委員がご案内いただいてる排水性舗装この排水性舗装表面で水をはけて両サイドに流すという保存なんですけどもその排水性舗装に関しましては車列を、遮熱性舗装をかけることは可能でございます。
担当課長が言いたかったのが、一般の生活道路、生活道路の中で車道透水性という車道の下に水を入れる。
そういう舗装ございますけども、それに関しましては生活道路ですので、日の当たらないところに遮熱を塗っても効果がないということで、そこは形容できないということでございます。
以上でございます",20251107,環境建設
塚田委員,"はいどうもありがとうございます。
本当に過去では全く想像もしないようなところでそういった機能を求められる時代になってきました。
ぜひとも高温対策、それから今後対策ですねどちらも場所はそれぞれの適材適所ということでよろしくお願いしたいと思います。
もう一点でございます。
ドライビーストいたします。
何年前ですかね三原橋晴海通り原橋にドライアイスと設置されてやはり暑いさなかにですね、一定の効果があるということで、こういったスーツを着てないときは私も何となくやっぱそうしてて下にですけども、なかなかやはりスーツ着てあの下にいると濡れてしまいますので限定的なものに思っておりますが非常に冷却効果は高いなという思いでございます。
そうは言うもののですねエアコンの効かない屋外においてはかなり有効だと思っております。
はい。
それから近年では、私は月島の公園であるとか、それから浜町それ相当広く水天宮の交差点のバス停であるとか、どうだろうかとあちこちにも結構散見するようになってまいりましたそういう意味ではドライミスト中央区がやるようになって数年経ちますけれども、これも評価、それからご紹介など、それから今後についてですね。
お考えあればお聞かせいただきたいと思います。
院長水と緑の課長、水と緑の課長はいドライブとですね、いわゆるミストシャワーの整備についても所管ということでございます委員の冒頭ですね、おっしゃられた通り間、35度を超えるようなそんな猛暑日というのが、最近のやつはですね、続いているといったところで、こういったドライミストシャワーのような暑さをしのげるそういった場所の形成というのが非常に重要になってくるのかなというふうに考えているところでございます。
ご紹介いただきました通り、再開発でもですね、私講演の中で、講演の中にも、ミストシャワーをつくったりというた取り組みもしておりますし、あの水系施設等も含めまして、公園の中でリストを出しているといったところはご紹介した通りだ通りございます。
一定の効果はですねやはりありますし、そういう意味では休める場所、暑い中でも公園の中で楽しんでいただいて集める場所っていうところの部分としては、役割は担っているなというところで区といった慎重に6月からですね。
はい。
9月にかけて、身幅新感覚関しましては温度とか湿度をこういったものを計測しながらですね、雨の日に出しても、意味がありませんので、晴れた日に、温度が一定以上高い日にですね。
ミストを吹き出すといったような仕組みを実施しております。
これもありました通りオリンピックのですね関係で、あの初め通りをですねおもてなしという意味で、あのときもあってさ、非常に話題になりましたがそういう意味では銀座公園とか、冷麺橋公園ですとか、そういった速水通り沿いに設計しているという部分もございます。
今後の整備の方針につきましては、やはり今のこういったご時世ですから、ミストシャワーの需要というのはやはりあるんだろうなというふうに思っておりますので、ただ一方費用もですね、かかるところでございます。
そういったコスト面手ですとか課題も含めまして、なるべく実施できるような場所にはですね、クールスポットとしてのミストシャワーを形成していくといった取り組みを実施していきたいなというふうに考えているところでございます。
以上でございます",20251107,環境建設
塚田委員,"はいありがとうございます。
やはりはね、いいと思うのはほとんどお子さんなんか遊んでるのを見ると、空港施設ではないでしょうけど晴美埠頭公園であるとか、水が何何て言うんでしたっけとなります。
0それから箱崎福崎箱崎公園もそうですけど、やっぱりあの松葉は子供さんがだいぶあれで倒れて楽しみになっております。
それではお子さんであるとなおさらドライブストアのミストシャワー非常に楽しんでる感じを見受けますので、やはりこれと親和性がいいのかなという思いで見ておりました。
そういう意味ではこれまで10年前の気温等も確実に数度変わってきてしまったり、今まではこういう環境においては、高温対策防護対策というのは全く気にしなかったようなところであっても、今後はもうこれもう間違いなく何かしらの対策そういったものへの対策っていうのはもう必然んなってきてる。
そういう意味ではですね、ぜひともこういった考えを一つ重く考えていただいてですね、必ず全ての分野において、高温対策何か繋がるのか何かそういったことも気にしていただきながら進めていただければという思いでございます。
これからもどうぞよろしくお願いいたします。
以上でございます。
昨日、質問者のご発言を願います",20251107,環境建設
上田委員,"はい私からは3点お伺いをいたします1個目ですね都心臨海地下鉄新線の推進についてです。
申請の開通は本区の長年の悲願であり大会は地域の機運を高める重要な場であると認識をしております。
ただその上について一点違和感を覚えました今回、何度も国家プロジェクトであるというご発言お話がありながら、それであれば、党派を超えて推進をするべきと思います。
ただ、現実的には地元選出の衆議院議員が全員招待されることはなく、昨年まで行われていた地元取りの挨拶がなくなるなど政治的中立性の観点から疑問が残る構成だと感じています。
今日はこの大会に税を支出し推進協議会の事務局も務めています。
一方で登壇者を決定した協議会会議参加者の名簿や議事録についてお伺いをしましたが非公開と御回答があり、区は意思決定に関与していないとの説明でした。
そこで伺います。
区は、この推進協議会において具体的にどのような役割を果たしているのか。
また、税金を拠出する立場として運営の公平性透明性そして政治的中立性の確保についてどのような見解をお持ちか教えてください。
2点目、マンションにおける投機的取引の抑制についてです。
この件に関して先日、千代田区独自の視察を行いましたのでその結果を踏まえて質問をさせていただきます。
中学はご存知の方も多いと思いますが、一般社団法人不動産協会に対して区内の登記目的のマンション取引等に対する要請というものを行いました。
これは実際のところですね、あの、そんなに華々しい本来効果があるものではないわけですが、アナウンス効果として非常に多くのメディアだったりに取り上げられて、結果的にはですね、やっぱり実需症への供給を優先するんだという強いメッセージ性を持ったものであると、こういうことをお伺いしました。
翻って本区においては晴海フラッグを始めとしてですね投機目的の購入というのが社会問題としてこれはメディアで取り上げられたわけです。
そこでお伺いをします。
今回の千代田区の事例等に加えですね、沢自治体の先進事例も参考にに区独自でですね、投機的な住宅の取引の抑制に早急に取り組むべきと考えますが、区の見解をお聞かせください。
3点目、水と水水辺のですね、賑わいの創出についてお伺いをいたします。
本区はですね、リーディングプロジェクトの一つにも掲げており23区図1の水辺活用の推進を目指していると認識をしております。
現状を見ると、あの整備完了した東日本橋の方とかですね、ランニングなので、静かに利用されている姿というのはありますが、賑わっているというのは、まだそこまでないのかなと理解をしています。
日常の落ち着いた利用も重要ですが、更なる魅力の向上のためには何らかイベント等の仕掛けも必要かなと感じるところです。
そこでお伺いしますスポーツ課、商工観光課へ組み入れ方様々なところと連携をしてですね、あるいは民間活力も積極的に呼び込むことで、この賑わいを創出していくべきかなと思いますけれども、今後の区の取り組み吉田副区長水高については、委員をご指摘の通り民間の協議会の方でやらさせていただいておりますが、ご案内の通り、もう既に7回目以上やってきております。
その歴史的な経緯の中で、今回の登壇者や、それからくん挨拶者決まっているわけでございましてその辺のところ、これまでの歴史的な経過を踏まえて、あの協議会が決定したものでございますのでこの日の流れの中で、それが適切かあるかどうかについては、これはそれなりに検証されなきゃいけないことだと思いますので、今後のために、そういうそういう御指摘があったことを含めて今後の運営に注意をしていきたいというふうに思っております。
それから、住宅政策についてでございますが、これ実際なかなか問題があるところでありまして、実態的にはかなり住宅そのものを転売するんだよということを行政体が事業者に対して要請すること自体はかなり難しい問題をはらんでいるところでございましてこの部分が今回、実は私どもの区の中ではどちらかというと事業者の方が販売事業者の方が受水から逆にそういう転売は困るよというふうに言っていただいて、踏み込んだ。
処置をとっております。
そういったことが自主的に行われることの方がやはり効果が高いんだろうというふうに思っておりますので、そういう部分が事業者の方から中心的に出るような環境を我々としては作っていくと、そこが大事だろうというふうに思っております。
院長、水と緑の課長、水と緑の課長はい。
私からは水辺の賑わい創出についてお答えいたします。
水辺のですね活用構想を区の方で作りませんかという構想の中でもですね、持続的な活用の仕組みをですね、賑わいの中でも作っていくといったところをうたっておりまして、水辺はですね、言うまでもなく地域の貴重な財産でありますので、今ですね公園も同様に、地域の皆様、町会の皆様にですね、対応に使っていただいているという部分もございますからあの本区のにおける親水公園もございますので、そういった水辺にもですね、当たり前のように地域の皆様に活用していただきたいなと思っておりますので、まさに委員がおっしゃる通り被害の創出というのは大変重要なことかなというふうに考えております。
一方で区の特性といたしまして、晴海ですとかは住宅が後ろにございます。
地域の理解を得られる先ほど静かなというご評価ありましたが静かな水辺もあのくんの特色の一つかなというふうに考えておりますので、その場所場所に応じて、可能な部分を区ウイング等と連携しながらですね、街の賑わい作りをしていきたいなと思っております。
現状隅田がですね石川島公園なんかでも隅田川マルシェ開催していただきまして、これは地域の皆様が店を出したりとか、連携していただいて活動されてるというのを、桜の時期に合わせて、本当に区の一番スポット的な時期いい場所でやられてるというの事例もございますので、今後こういった事例が他の場所でもですね、展開されていくのかなというのを期待しているところでございます。
以上でございます",20251107,環境建設
上田委員,"はい。
それぞれありがとうございます。
まず一点目地下鉄推進申請推進体制についてはいろいろ来年に向けてですねご検討いただければと思います私も決して地下鉄の必要性がないと全く思っておりません。
むしろそれは必要だとその中でやはりこれははっきり申し上げれば、複数の政治筋からの政治力というのは必要なものだろうと。
であれば、やはり多くの議員や都議をですね、やっぱりこまねいていって、その中でやっぱりみんなで金を作っていくということが重要だと思っております。
どうぞよろしくお願いいたします。
2点目についてはですね、おっしゃる通りちょうど今週ですかね三井不動産さんでしたか。
あのニュースでも流れていたかなと思いますそこに副部長の思いがあの木村側から伝わっていたのであれば、なおさらいいのかなという気もしますがやはりやっぱ何て言うんですかね。
一つはやっぱり事業者側がいくら規制をかけてもかいくぐる気になればそれは晴海の白タク問題と一緒で向こう側も手を打ってくると私は思います。
ただその中で、あの狙い目の街なのか狙い目ではなくて結構いろいろ言われちゃう町なのかというのは、やっぱり全然違うんだということをですねすごく都市整備部長さんがおっしゃってたんですね。
だからやっぱり中央区もそういう転売とか実需とあまりにもかけ離れた。
あるものはやっぱりきちっとやらせないようにしていくんだぞそれこそ事業者と一緒に区もそれを支援なのか応援なのかわかりませんがやっていくんだというメッセージ性はですね、ご検討いただきたいと思います。
最後3点目ですね賑わいの件についてはですね、非常に前向きなご答弁ありがとうございます。
好事例をですねこれ広げていくというのはもう大事なことだと思いますし、また今月ですね。
第2回の春祭りも行われます愛まつりは全部自前でやろうとすると非常に皆様方のご負担程度の大きいと思うんですね。
実際このあと花火があるとなってくるともうなんか本当にイベントが中央区の役所主導でやると本当に多くなってしまう。
ただ、人口が増えてるからやっぱり参加できる幅も広げていきたいと考えると様々な主体との協業によるですね、やっぱり場所の活用って大事だと思います。
最後にあの静かな水でもそうですよねそれはそれでとても大事で、あの毎日ドンチャン騒ぎすればいいものではないというのもよく理解をしてますので、やっぱり一つ機械とか施設とか、それを捉えてですね。
この街の魅力をもっと広げていければと思います引き続きどうぞよろしくお願いいたします。
ありがとうございました。
青木委員私からは3点区内の公園におけるゴミ箱の設置状況についてそれから10月8日、悲惨な事故がありました。
江東区豊洲運河での船の衝突事故についてそれから首都高速都心環状線万年橋、亀井橋区間の更新事業、先日説明会がありました。
この3点について簡単に質問してまいります。
もう少しお付き合いいただければと思います。
まずゴミゴミ箱の問題ですね。
区内の全ての公園を伸ばす。
たのは、ちょうど10年前に受動喫煙の政策をやろうと思って、各公園の喫煙所を回ったとき以来で、ずいぶんやはり変わったなということを感じました。
秘策と全部素敵な綺麗な公園になっている中でですね、やはりコロナとかオリンピックなどを挟みますっていろんな流れがあって、現在私の調べが正しければ、58ヶ所児童遊園は除きます。
公園です。
58ヶ所のうち27ヶ所にゴミ箱がありました。
これは一つあるところ三つに分けてあるところの、全部含めて58ヶ所のうち27ヶ所、ちょうど半分近くということになります。
まずはこの増えたり減ったり、ゼロになったりということを含めて現在この状況になっていることについて簡単に説明していただければと思います。
水と緑の課長、水と緑の課長。
はい。
区内の公園のゴミ箱の数ということでございます委員ご紹介ありました通りですね。
オリンピックのあたりがですね、0等の警戒良いがございまして、そのときに児童遊園、公園児童遊園とありますが、児童遊園の方のゴミ箱は全て撤去していったといった形になっております。
これは公園の方のゴミ箱ということでございますが区といたしましては公園の中で物販とかそういったものをありませんので、基本的には利用者様が持ち込んだゴミを利用者様の方で持ち帰っていただくという原則をもとにですね、新設する新しい公園なんかでは、ゴミ箱を置かないような方針で、整備しているところでございますしたがいまして、阿野委員があの1件1件回られたということでございますが、現状ある58ヶ所の公園の中で、およそ今30ヶ所程度の大胡公園にゴミ箱が残っているということで、今後に関しましても状況を見ながら撤去を含めて検討していくという形になるというふうに考えております。
以上でございます。
青木委員ありがとうございます。
プラス、私調べたことに間違いがなければ、中央区では1ヶ月に25日間民間業者が清掃を行っているということで、本当にトイレも含めまして、他区の円形の公園に比べますと、大変綺麗だと思います。
その中でやはり今の時代おっしゃったように答弁にありましたように、ゴミ箱があった方が汚くなってしまう。
ということは本当に感じました。
施設回っていると、そのお掃除をしている方、あるいは遊んでる午前中に行くとラジオ体操が終わった高齢の方とかできるだけいろんな方にお話伺ったんですが家庭ゴミを定期的に捨てる方が割といらっしゃるということをいろんな公園で聞きました。
そのゴミが国も、家庭ゴミ、家庭ゴミは捨てないでください。
三つめちゃいな怒りの文字がてありました。
これ対応するの大変だと思うんですね。
まずそこ今後どのようにしていくか、多分何か意義がないというかそんなに大きい声ではなく、そのコンビニブクロのようなものを明かない朝自分の時ではなく、ゴミ置き場がなくそこに捨てているというような、それがルーティンになっているような感じです。
細かいです。
一つの問題として、この点についてはどう対応していくか。
それからもう一つ、ほ保護者の方々、から、不安ご意見あったんですが、今の子供たちは、ゴミを捨てない、ゴミ箱があってもちゃんと持って帰るんですよって、何かお菓子食べて、それは持って帰るっていうことがなく決定している。
ということであの、今日あの教育委員会いらっしゃいませんので、もう自分で聞いてきました。
昨日教育委員会指導室をお聞きしましたところ、やはり教育環境教育ですね、低学年でしたら生活科などでしっかり整っているのは地域の環境を良くするということで、いろんな面で教えているというか、みんなで学んでいるそうです。
これは今回回ってみて、いけないいいことをしたなと思います。
先ほどの家庭の家庭ゴミを含めまして先ほどの課長の答弁を聞いておりますとやはり最終的には、中央区の講演から、全てのゴミ箱を撤去していくというそういう方向性であるのか。
悪人をしたいと思います。
委員長椅子と緑の課長、水と緑の課長はい清掃の数もですね、事例いただきまして月25日というところで最大数なんですけども、大きな公園はそういった形で清掃まして日々ですね、清潔で安全にお子様を含めて皆様が使える公園ということで取り組んでいるところでございます。
ただ一方でおっしゃられた通りそのゴミの持ち込み、持ち込み、私もあの家庭ゴミを投棄する。
といったような事例もやはり月に数ヶ月に1件ぐらいですかね。
申告もございましたり、清掃業者日々回っておりますのでそういったところからの申告もありまして、そういう部分に関しましてはゴミ箱をですね、撤去する前に一旦閉じて、様子を見るというような対応せざるを得ないところがあるかなというふうに考えているところでございます。
お子様の事例出していただいて持ち帰るという教育をですね、学校の方でもなさっているのか親御さんの方の協力なのかということで、僕の公園管理するものといたしましてもそういったゴミを持ち帰っていただくというのは大変ありがたいいいところかなと思ってますので環境美化に自らも取り組んでいただけるというところは、引き続き続けていただければなというふうに考えているところでございますが今後のそのゴミ箱の対応ということで、全ての箇所のゴミ箱を取ってしまうのかというお答えに関しましては先ほどの答弁にも申し上げました通り、あの場所ですとかそういったあの公園のを受ける状況、こういった部分をしっかりと注視して、いかないといけないと思っておりますが、あの全ての公園からゴミ箱を取っていくということに関しては、なかなか難しいところあるのかなというふうに考えているところが現状だと思います。
以上でございます",20251107,環境建設
青木委員,"はい。
そうですね。
本当に喫煙所の犬ととてもよく似ていても全ての公園から喫煙所を撤去したら大変なことになりますのでその代わり綺麗な副流煙が出ない喫煙所を作って、何ヶ所か作っていく。
それと一緒で、綺麗なゴミ箱ゴミが増え綺麗だと綺麗にしてたくなります。
そういうことかなと何か共通点を感じ自分でも調べてみて感じでございます。
0では、ちょっと悲しいニュースではありましたが、10月8日の早朝でした豊洲うん船の2隻の船の衝突事故がありました事故の発生場所は江東区です。
は中国に本社がある会社であるということ、それから通常は月島海に係留してある船であるということで、大変なんていうんでしょう、私もいろいろあっておりますのでショッキングなニュースではありましたが、ここで重要なのは、死者を出てしまったということで被害者が来ちゃうんですね。
やはり再発一番ということで、原因を調べていくということが大変重要だと思います。
そこでですね。
その後、海上保安部の調べて、何かわかったことがありましたら教えてください",20251107,環境建設
環境土木参事,,20251107,環境建設
環境土木部参事,"、はい。
船舶の衝突事故についてでございます。
具体的にですね、海上保安庁で調査を行っているということは伺ってるんですがその結果等については、区の方にはまだ情報としては入ってきてございません。
事故の要因としましては、ちょっと海上保安庁の方とお話する中ではやはり見張り不十分であったり、船舶の機能の不良であったりっていうことが大きいっていうことは伺ってるんですが、今回の衝突事故に関する結果というものはまだ報告を受けてない状況でございます。
以上でございます。
青木委員わかりました。
江東区選出の都議にも事例がありまして調べて直接調べてもらったんですが海上保安庁第3管区海上保安部で報道以上の情報については、開示できないという答弁だったそうでその時は、だから、そのときまだ途中経過なのが、途中経過なので会議できないのか、あるいは何か出てきたけれども開示できないのか、その点は私にはわからないところなんですが、何度も言いますが、1人亡くなった痛ましい事故だけに、再発防止現場にも行ってみましたがとても水は穏やかで、高速で走る。
船はいないと思う。
普段はなぜ事故が起こったのかというような場所なんですね。
それだけに事故の原因というものはしっかりと究明をしていただいて、再発はないように、区の方でもよろしくお願い水明につい月島川チームワークな管理をしているかは、合計量、あるいは違法建築物については定期的に訪ねてまいりました。
その都度あの数値を出していただきまして例えばですね、区が管理している川の中で、上嶋川、こちらが不法係留がゼロになりました。
代替地を設けることでゼロになっていますそれから月事業は、これもゼロになる。
月島川なんですが、ここはもう、うちの目の前ですので毎日通るんですが、だんだん少なくはなっています。
一番正しい数字で35席で、意外と多いなと思いました。
というのはとても今綺麗に見えるので35席のあるかなと思ったんですが、よく見ると括弧で26と書いてありまして、これ沈んだ船なんですよね。
だから船が沈んでしまって見えなくなったので1億景観としてはふ清流がない。
あるいは福力なった風情などは見えない。
ですが、やはりここは月島水門の目の前の機種はスイムに繋がっておりまして今日防災のあれではありませんが、やはり何かあったときには、あの方は一応、区民の皆さんにとって近くの川で分断ねそして船、安全な船を使えるということが大変な大きな力となっておりますので、そういうことを考えますと、やはり不法係留、それから沈んでしまった船があります。
それが地震などで上がってくると交通の邪魔になってしまいますので、やはり引き続き、もう本当に毎回毎回、あの結果も出ておりますし、お願い。
申し訳ないんですけれども、引き続きこの訃報経由違法建築物については対応をよろしく。
もう一文と思いましたが、植栽について待遇中については以下のお尋ねになっていましたので、はい。
以上で質問を終わります。
ありがとうございました。
その議題環境保全および建設行政の調査については、継続審査ということでよろしいでしょうか？それでは議題請願第8号、日本橋室町1丁目地区市街地再開発事業に係る区道配慮に関する請願の審査につきまして、質疑、質問のある方付けをお願いしたいとそれでは質問ございませんので、継続審査ということでよろしいでしょうか？第4回区議会定例会における委員会委員長報告の取り扱いについては、正副委員長一任ということでよろしいでしょうか？",20251107,環境建設
委員長介護保険課長,"はい、これまでの成果ということところですけれども、あの数値的にまず申し上げますと、令和6年度における実績なんですけども、まず大体ですね概ねどこの団体も月2回ですね、実施していただいているんですけどもそう。
参加総数がですね7600人、回数が570回という。
いう実績がございまして、それぞれですねもちろん今うちの方でも進めている池田町トレーニングの聞き取れであったりですね脳トレ行ったり、ヨガであったりですね。
皆さんで歌うだけでなく音楽であったりというのは様々な趣向を凝らしてやっていただいております。
そういった形でもう特にですねもう一つのメリットとしては、やはり自分の生活圏の近くにあるというところが大きくてですねそちらがよりですねわざわざバスに乗っていく、遠くに行くっていうよりもですね近くで身近に通えるというところが非常にメリットでして、楽しみにしているという声も聞いております。
我々としてはですねまだ高齢者これからは低いですけども増えていくということですので、あのよ。
ちょっとですね地域にこの通いの場というものを増やしていきたいというところもございますが、やはり今、増やしていくやったけど課題としてはですねあのメニューがですねなかなかちょっとやることがいろいろなくてとかいう形でご相談があって負担になっているところであったりとか。
やはり今もう、平成29年からですと七、八年ですかね、続いてる中でやはり今やっていただいてる担い手の方が年齢をとってきてきて高齢化になってきてるからその次にやっていただくということころですね。
そういった形での脈々と続いていくといったようなところにあの課題があると思いますので、我々としてもですねそういったご相談には乗って、うちの方にも、保健師であったりですね栄養士等の専門職おりますので、そういったものがあの講座に出前で行ったりとかですね、そういった形でやるまた年に2回ほどの研修等もあの通いの場の運営者の方々向けにですね研修やっておりますのでそういったことを活用して、より地域の方も楽しめて、運営者の方ももっとですね、活動を活発にですね、運営していただけるということを目指してまいりたいと考えております。
以上です。
詳しくご答弁ありがとうございます。
成果また今後の方向性についてもですね、ご認識をお聞かせいただきましてありがとうございます。
七、八年ということで聞き及ぶところによりますと、本当に始めたときから、思いを持ってお手伝いをして、サロンを運営されているなんていうお話も伺いますのでぜひそういう思いを大切にしていただきながら、今ご答弁を伺っておりますと十二分にご理解いただいていると思いますので、ぜひそういう思いを酌み取っていただきながら、これからもこの政策についても更なる充実というものをですね、していただいて、回数も実績伺いましたので、こうしたところをしっかりと地域の皆様にご利用いただけるような取り組み、さらに推進をしていただきたい、このことを要望して、質問を終わります。
ありがとうございました。
はい、よろしくお願いいたします私からは資料1134に対して、あと被害議題についていくつかお伺いできればと思っております。
まず資料1にあります後期高齢者医療制度保険料に関してお伺いします。
今回の報告では、保険料率の改定とその保険料の軽減措置の延長について報告いただいております。
そして、これ内容はどちらも広域連合の中で議論されある程度方針決定されたものというふうに認識をしております。
あくまで広域連合としての判断って本当は単独としてやるやらないと判断できるようなものではないかと思いますけれども一方でその軽減措置に関しては、あくまで本部の一般財源を用いるもの保険料率の変更は各日の方にお願いするものである以上は、どのように進めるかという点については本としての考え方もある上、あった上で、エコなわれるべきものと考えます。
これらの方針決定までの議論において、本部としても何らかの形で関わっていたものと考えますがそれぞれについての本としての考えについて確認させてください。
お願いします。
委員長保険年金課長まずですね委員おっしゃっていただいた通りこの記載されてる内容については広域連合の方の議会の議決をもって決定をした。
事項でございます。
ここまでのけ手に至るまでの間にですね、この広域連合の中には、実際に具体的なことを決めていく、その執行機関の他に協議会という組織を持っておりまして、そのあの協議会組織と我々、このここの区市町村というのは、その協議会を通じて、意見を言っていくことができるという立場にございます。
そうした中で実務的には私どものこの課長会というものが23区にございまして、また部長会というものもございます。
そうした組織を通じましてこの協議会に対して今回のこの後期高齢者医療の保険料額かなり増える状況になっておりますけども当初、何の対策もとらなかった場合には、概ね3万円弱程度上がるんではないかというような見込みを示されまして、それに対してあまりにもちょっと金額が大きすぎるというところがございまして今回この軽減措置の延長ということでお示ししておりますが、この軽減措置についても、これはあくまでも一般財源の投入でございます。
言葉を言い換えれば、この後期高齢者以外の世代が負担をするという。
ことに繋がりますので区民の皆様に負担をお願いすることになるのであるんですが高齢者の負担を考えますと、どうしてもこの軽減措置は続けていくべきであるということで区としての考えとしてはそうしたことを伝えたところでございます。
また、この軽減措置だけではですね、今回お示ししたような金額には収まらず、あの今回の資料でおつけしております別紙というものがございますが、資料の2の方についております別紙でございますが、その右側の中央真ん中辺あたりですね基金等の活用額というものが記載してございますこれは広域連合の方で管理する基金および剰余金等の計423億円と書いてございますが、これについても我々の立場とすると、出し惜しみをしないで、とにかく使ってくださいとあの備えとして残すべきものは残すのですが今回特に上がり幅が大きいという見込みがございましたので、極力使うようにということ伝えた中で、今回このような料率また軽減措置の延長ということで、ご報告をさせていただいているところでございます。
以上でございます。
はい、ございます。
あの決定経緯ですとかその背景ですとかについて説明ありがとうございました鳥飼が変わりました。
様々な事情はあるかとは思うんですけども先ほどおっしゃっていただいたように、一般財源で負担をするということになると当然高齢者の方以外のするって形になるというところを考えますと、基本的な考え方としては、やはりその応分に負担をいただく当事者の方に負担いただくというのが基本の考え方かとております。
本部としましては現状はその高齢者の割合というのは非常に低いものだとは考えてまいりますけれども今後増えていくといった推計もございます。
ぜひ中長期的な姿勢ですとか制度の持続可能性ですとかそういった観点からぜひ本部としてどう考えるかというところについては引き続きご検討いただいた上で適切にファッションをしていただけたらというふうに思っておりますのでよろしくお願いします次に資料3についてお伺いをいたします。
本件はいわゆるこども誰でも通園制度の実施に向けた基準等の整備という理解です。
この制度については以前に伺った際、本区としてはまだ通常の保育園の利用者の方が希望通りに必ずしも入ることができてない状況もあることから、それとの見合いで進めていくといった趣旨のお話をいただいていた認識です。
また、実施するかどうかについては事業者次第という話もございました。
昨日2月15日の区のお知らせには実施についての記事もあったところで今回これらの基準等が整備されるということを踏まえますと、委員長その現状としては実施の見通しがあるのかなというふうに思いますけども、そこの現状について確認ができればと思います。
お願いします。
委員長保育課長来年度から新規にこども誰でも通園制度中央区でも実施することとなっておりますけれども、今現状予定しているのがですね。
全区内全体で施設1歳児クラス2歳クラス大体おおむね5名程度となるかなというふうに5枠ですかね。
ワーク程度になるかなというふうに予定しております。
以上です。
ありがとうございますまた実施が見込んでいるというところと、ご親切で5枠ということでした。
これは某施設が引地施設でそれぞれ5名ということなのかというところについて確認ができればと思います。
もう一つこちらに関してこれも過去の議論にありましたけれどもこの制度の導入によって、いわゆるその待機児童の問題が悪化するということは望ましくないというふうに認識をしております。
今回の制度は先ほどその枠の話についてご指摘をご説明いただきましたけれども、これはここの保育園等の施設の既存の、その定員の枠を巻くような形になるのかそれともその別活動として扱われるのかというところについて確認させてください。
また、本制度を利用されるお子さんはこれまで保育園を利用していなかったようなお子さんであって、保育の現場としても負担がかかるというような声も先行する自治体等からも伺っておりますこのやっぱりへの配慮などがどうなっているかというところについても確認をさせてください。
お願いします。",2026/02/16,子ども子育て高齢者
委員長保育課長,"はい。
まず後に5億というのは、区内全体で5枠ということで、実施予定が大体155円ぐらいですね。
各才木氏。
11名ずつというか、1バックずつぐらいを予定しております。
規模としてはやはり非常に小さいスタートになるかなと思っておりますけれども、先ほど委員からご紹介いただきました通り、まだ中央区本当に最近はゼロから最初本当に厳しい状況でございますので、その辺は非常に考慮した上で、実施する予定になっております。
そのため本当に年間通じて定員の空きが見込まれることなどの方から条件としてさせていただいております。
そういう中でですね、例えば0歳児少しやってみようかなというふうにご興味示されたところにつきましても、やはり0歳児につきましては年年間を通して埋まる傾向にございますのでちょっとそういったご飯、お考えをお持ちであれば、02歳の年度のこの定員の枠の拡充などその辺について御検討願ったそういった経緯もございます。
はい。
はい。
それがまずは区の実際にやるところ、1歳児につきましてもなかなか厳しい現状がございますけれども、今回手を挙げていただくところにつきましては、元々の店より若干枠を増やしますその増やした中の1名をやりますというような形でご提案をいただきましたので、まず待機児童に影響を与える。
音はなくなる。
文字になってございます。
そういった中で、どういった配慮をしているのかというところでございますけれどもやはり事業を利用する。
乳幼児の安全や在園児の保育の日、この日、これは絶対に必要であるというふうに考えておりますので、フォトリアル保育を実現するために、この誰の支援制度の専用の従事者と定員を設けることでの実施方式および乳幼児市の面積や従事者の保育士の割合を国より厳しい基準で実施する。
そうしたことによって、安心安全で保育の質を維持するようなきちっとさせていただきたいなありがとうございます他の定員の確認については区内で5名ということで理解をいたしました。
その点については通常の保育園の定員の枠の外というところ。
あとは現場への負担というところに関して二重の対応という点では専用の従事者の方を設けていただくっていうところと、100人以上の基準でというところで、ご説明いただきました。
はい、こちらでしたら通常の利用者の方の負担がかからないような形での戦術設計になってるのかなということで振り返りをしっかりしました。
音声映像はその勤労等の理由でこれまで利用されなかった方に保育園を開放するということで子供の発達ですとか孤独な子育ての解消ですとかそういったメリットが掲げられておりましてこれらの効果を期待しているところです。
本としてどの程度ニーズがあるかというところについてはまだ不明ですけども、その利用状況についてはまた確認させていただけたらというふうに思います。
ありがとうございます。
次に、資料O4について伺います。
本件は病児病後児保育事業の事業事業利用にあたっての事前登録手続きがオンラインで行えるようにするというものです。
こちらについて2点確認です。
一つは既存の紙での手続きが起こるかという点です。
実は証券委員会では厳しいと思ってない場合には個別対応といった答弁があったかと思います。
今回見直し等ありますので基本的には各施設への事前の登録そして紙での申請はなくなってこのコームで受付に一本化されるのかなというふうに思いますがこの点について確認をさせてください。
もう一つは実際の予約する際の手続き2回についてです。
この部分については、現状では施設ごとに電話なのか。
オンラインなのかはそれぞれに異なっている認識です。
今回はこの部分については特に手を入れずということであるかと思いますけれども、この予約の部分についても、オンラインで行えるようなシステムもありますしそういったニーズもあろうかと思っております。
この部分はフィットワン見通しですとか、実施にあたっての課題ですとか、その辺の認識についてお伺いできればと思います。
お願いします。
委員長子供家庭支援センター所長また事前登録のやり方なんですけれども、今後はですねこれまでは、子供家庭支援センターでは4施設分まとめて申請をお受けしていたんですけれども各保育園でそれぞれ受けていたのをまとめてやるというところで、今後はオンラインで申請いただくと4施設登録できますので、窓口にいらした方にもLoGoフォームからですと4施設できるというご説明をしてやっていただくつもりでおります。
これまで紙で持っている方につきましては、引き続きの使用はできます。
ただ、改めてLoGoフォームで登録いただくと、4施設のあの使用可能ですので新規登録者とあわせて、これまで持っていた方の変更についてもあわせて周知していく予定でございます。
これから予約についてのオンライン化の見込みというところでございますけれども、教育や保育の利用ですとか、キャンセルについては各保育園やりやすいような形で今行っていただいているところでございます。
実際オンラインで受けている保育室もありますし留守番電話ですとかメール等を活用している保育室もあるような状況でございます。
病児病後児保育室につきましては定員が1日4名から6名予約の受付開始は前日でしてキャンセルもあったりですとか、定員がありましてもお子様の病状によっては、お預かり人数が変動するよというようなところからマークでまとめて、一つのシステムを構築して使うみたいなことになりますとかえって混乱を招いたりですとか、非効率なのかなというふうにも考えているところでございます。
ですので実際の予約ですとかキャンペーンについては、これまで通りのやり方で進めていく考えでございます。
以上でございます。
ありがとうございますまず手続きに活かした基本的にはホームに一本化っていうことで理解をいたしました。
あとは予約の方に関しましてはその各施設がやりやすいやり方っていうところも一つと、実際使うにあたっての予約ですとか、それのキャンセルですとかそこの変動が激しいというところで、その工夫としての単独のシステムは、うまく適合しないっていう話になるかと思う。
思いますけどもこちらに関してはある程度その他の自治体で多く導入されているのはシステム等もあるかと思っております。
また、今回の取り組みの議論の中でもあった通り、多くの方が周りを利用しているのはスマホやパソコンの手元も踏まえますと、予約の手続きに関してもオンライン化のニーズっていうのはそこに高いというふうに認識をしております。
こちらについては引き続きはいご検討いただけたらと思います。
次に、議題として学童クラブについてお伺いをいたします次年度4月に向けた次募集の結果に先日公開されておりそれ確認をさせていただきました。
当初予定されてました学校内学童クラブの増設により定員は大きく増えたものの、マリーンズの偏在等から決定者の方も一定程度いらっしゃる認識です。
また、定員の空き数についてもあるというふうな状況です。
こちらの学童クラブのニーズに関しましては、昨年の一般質問において、83区において在籍している児童数1年生から3年生の児童数に対して学童クラブの登録児童数がどの程度いるのかという数字をお示しして、この中で本校は平均よりもかなり低い位置にあることをお伝えしておりました。
今回の定員増法によって、この数字は若干上昇はしているものの、やはりその平均値程度にはまだ届いていない状況で、これが意味するところは現時点では例えば申請しても入れないだろうですとかそういったことも持って、実際は希望しているけれども利用していないような層がいるのではないかというふうに想定をしております。
今回の第一次募集という結果ではありますけれども、今回の結果を受けて、この学童クラブのニーズの充足状況という点について、本区としての認識について特にはい。",2026/02/16,子ども子育て高齢者
放課後対策課長,"はい、学童クラブのあの申請の状況とあわせて今後の充足状況についてでございますまず令和8年度の学童クラブの申請状況でございますけれども、来年度は学校内学童クラブが6施設増えるということで公設学童クラブに関しましては、登録店数を加味して利用可能人数が1605人としておりまして、前年度比で340名増というような状況でございます2月3日時点の速報値になるんですけれどもこちら申請者数が1576件と前年同時期と比べますと69件の増となっているところでございます。
この申請の内訳を見ます。
児童館学童クラブへの申請が前年度比で154件の減となる一方で学校内学童クラブの方は、逆に203223件の増となっておりまして、学校の学童クラブの実施箇所を増やしたことで利用希望がですね、児童館の方から学校の学童クラブに流れているのかなというふうな傾向を感じているところでございます。
また、現時点の入会決定者数でございますけれども、1431名というような状況で申請者数に対する入会者の割合というのは9090.8%といったような状況でございます昨年の同時期と比べましてもおよそ9ポイント程度改善しておりましてまた待機者の方についても137名という状況ではございますが140名程度減少した状況でございます。
また、学年別に見ましても1年生だけでなくてですね、2年生の方も入会率が9割を超えまして92.8%とこちら今年度の4月と比べますと13ポイント以上改善した状況でございます。
今後の対策についてでございますけれども、この3年間でプレディPlusを13施設中3校で開設するということで、定員850名程度増やした他ですね。
民設民営から学童クラブにつきましても3施設を誘致しまして168名の定員増に繋げました。
この結果ですね、こうした取り組みを始める前の令和4年度の登録定数755人と比較しまして1000人以上定員拡大を図っているそのような状況でございます。
す。
この結果ですね全体の定員としましては、申請者数を充足できている状況にあるというふうに考えますけれども一部のエリアにおきましては、学童クラブのニーズというのは引き続き高まってる状況でございまして、申請数が定数を上回ってる節もあるといったような地域偏在というのはどうしても生じているというような認識ではございます。
これも従前から申し上げてる内容になりますけれども、本部の場合です。
保護者が就労している場合につきましてはプレディに関しても夜7時30分まで利用できるとこの7時30分という時間につきましては、23分の中で最も遅い時間ということで、放課後の居場所というところではご提供できるという認識でございます。
今後ともですねプレディの方で学童クラブを補完しながら、学童クラブとの両輪で放課後の居場所対策というものは進めていきたいというふうにそういったところが基本的な対応になってくるんだろうというふうに考えておりますけれども利用者の声にも耳を傾けるという視点を持ち続けながら、借り上げ支援の中で改善できる部分については、改善に努めていきたいというふうに考えてございます。
以上でございます。
はい、詳しい状況について説明いただきましてありがとうございます。
はい、待機児童数とかの観点で見ると、おっしゃっていただいたようにかなり減って目の前の話としては減ってる部分はあるのかと思います。
そして実際問題として、元々やはりその1年生主体いいえしか利用できないということもありましたけども、近年でいうと2年生3年生というところで使えるようになったりっていうところは、実際問題として、出てきているのかなというふうには思っているところです。
他方でやはり他の自治体とていうところのその学区どう待機児童という問題でいうと、やはりその3年生から4年生に上がれないというところが割と一般的な話として言われているところからすると、やはりまだまだこれからの部分っていうのもあるのかなというふうには思っているところです。
おっしゃっていただいた通りプレディの方で保管していただいているという部分もあるかと思いますけどもやはり若干その制度的な部分で違うっていうところもあろうかと思いますので、やはりその学童クラブとしてのニーズっていうところもある程度認識でございます。
こちらに関してはこれまでもその対角道内の会計学校内の体系学校内学童の他の整備ですとか、あとは民設民営活動の誘致ですとか、そういった政策を様々やっていただいてる部分というところは理解を今後についても、まだできる限りのことはちょっとご説明いただいた部分もありますのでそういったところどういったことのやり方が他にもあるのかどうか、どういうところについてはこれからもこちらの方としてもいろいろ調査して提案していけたらというふうに思っておりますのでこちらについては引き続きお願いいたします。
次に、子供子育て会議委員の若者参画についてお伺いをいたします。
昨年12月に新たな構成員になって初めて子供子育て会議が開催されました。
本委員会でも何度か研究させていただいておりますけども今回の大きな変化は若者委員が加わったというところでございます。
ポイント制の変化に対してちょっとやや残念に感じたのは議題の部分です。
これまでの会議がそうであったというところからもある程度仕方がない面もあろうかと思いますけれども、アパレル議題が保育園や幼稚園といった未就学児にそ関するもので占められていたという印象でした。
こういった問題となると当然に若者委員の方としては当事者ではなくてもちろん保護者でもないことからなかなか意見を言うのは難しいで買ったものというふうに考えております。
若者委員を入れるという趣旨に関しては、あくまで若者たちが自分自身に関わる政策について語ることであって、彼らの目線で保育園などについて語ってもらうことが目的ではないかと思う。
ております。
この点について前回の他会議委員に当たっての認識と今後の展望というところについてお伺いできればと思います。
お願いします。
委員長　子供子育て支援課長子供子育て会議のあの機材いいについてでございますけども議員ご案内の通りです昨年の12月ですけども、9月に委員を改正しまして新たな公募委員おっしゃって当事者3名に若者当事者2名っていうことで新たに入っていただきまして1回目の会議ということでございます。
そうした中で昨年度の会議につきましてはまず初めに区がこれまで取り組んできました子供は具体的な子供子育て施策ですと、その成果ですとか、あとこども計画ですね第3期でございますけどもそういったものの概要などを本校の現状ですね、まずご説明さしていただきまして、ちょっと基本的な部分のところについてはまず押さえさせていただいたというところでございます。
また、その他の会議の議題としまして、第2期と会議で第2期の計画につきましては令和6年度で期間終了ということで、そこの第2回のいわゆる計画の総括といいますか、そういった最後進捗状況などをご説明するような、そういった機会の場となったところでございます。
第3第3期の子供を計画につきましては新たに若者施策を盛り込んだというところで、前回の会議につきましてそういった若者施策についてはなかなかちょっと議題として用意してるような状況ではございませんでした。
しかし、ながらですね当日ですけども、若者当事者も含めて公務員の方につきましてはその会議の前にですね、事前にちょっと集まっていただきまして、初めて参加する会議ですので、そういった緊張を和らげたりですとか、リラックスして会議増いただけるようにオリエンテーションみたいな形で説明を行って、どうしても会議会議除く臨む上でのっていうところで、そういった意見を少しでも出しやすいようなそういった取り組みなんかもさしていただいたところでございます。
今後の子育て子供子育て会議のそういった議題ですけども、今後その第3期の計画に入ってまいりますので、若者施策が議題として、取り上げた際につきましては当然ですね、積極的に若者と一緒に発言していただきたいというふうに考えているところでございますけども、海宝一太会議を進めている中で、それ以外のですね、子供子育て施策についても若者の土砂につきましてはよりそうですね関心を持っていただいたり、理解を深めていただくような形をとりながら、できればその会議の議題全般にですね、何らかの形でご意見いただけるようなそういった働きかけなんかもしていきたいと考えているところでございます。
以上でございます。
前回は実は第2回の総括が第2回次期の計画の総括ということで、そこまではまだ若者というところにも発注出なかったというふうに理解をしました。
また、火を出しやすくする配慮については物をしていただいてるということであったかと思います。
次回以降に関しましても、いわゆるその第3期のものになるかと思いますのでまた3月また次回の会議が検討されてるようですその中では、ぜひこういった参加いただいた方が活躍できるような議題等について記載をしております。
最後に東京都のベビーシッター利用助成の制度についてお伺いをいたします。
本件についてはここにも何度か取り上げさせていただいてますが少しでも制度設計の考え方について改めて確認をさせていただきます。
こちらについてこの要綱には、保護者の多様な流水、伝えるとともに、ベビーシッターを安心して利用できる環境を整備することが目的とあります。
利用可能日またおよび時間帯は利用者のニーズに応じて区市町村が利用を認めた日および時間帯とするとあることかなどのような制度設計にするかは導入部分も含め実際に判断を委ねられていることと把握しております。
そして本としては本制度を導入しているものの、大きく二つの条件を設定しているという認識です。
一つは利用時間の月次での制限もう一つは20日以降の利用の制限です。
これらについてはこの委員会では、各家庭で年間を通して計画的に使っていただきたいというような答弁もあった認識です。
これは区としての考え方、思いの部分であろうかと思いますけれどもそれはその利用者に応じた時間設定なのか。
また、これらによってその保護者の多様なニーズに応えることができているのかというところについてはやや疑問に感じるところなんですけれども、パソコンの考え方というところについて改めてお伺いできればと思います。
委員長子供家庭支援センター所長ベビーシッター利用支援事業の制度設計についてでございます。
こちらにつきましてはそもそもコロナ禍で施設型の保育サービスが使いづらい。
そのような状況の中で施設型の保育サービスを補完するものとして、令和3年度からの事業開始したものでございます事業開始した当初からの利用につきましては保護者と事業者の契約に基づいて行ってもらう行ってもらうものでございますので、録画制限をするものではないとちょっと考えております。
ただ、補助につきましては事業開始するにあたって、子育て家庭の孤立化防止であったり、あとは実質利用料が無料になりますのでそういった無償枠の有効活用ですね。
要は本当に必要なときに、優良な手助けを躊躇なく使っていただきたいというようなところでございます。
そういった観点から計画的な利用を前提に事業を組み立てて実施できているところでございます。
また、時間帯につきましては、税金を財源として行う行政サービスでございますので、その水準としては多くの区民の方が重要になるような範囲として捉えて、あの保障時間帯の方を設計しているところでございます。
近年深刻な保育人材の不足が非常にニュースになっているところでございます。
深夜帯の保育サービスにつきましてもやはりサービス提供する方についてはおそらく日朝に比べても非常に不足しているところだと思いますのでそういった観点からも補助制度にあえて含めないというのも適当であるのかなというふうに考えているところでございます。
区におきましてはやはりそうですね。
福祉的な側面から、やはり行政が行うのは困窮家庭であったり、要支援家庭に支援が届くようにセーフティネットとして使っていただきたいという思いもございますので、そういった事業の事業につきましてそうですね。
府独自の緊急対応枠というのを作らせていただいてその実施してきているところでございます。
以上でございます。
はい、ありがとうございます。
今のお考えはあるっていうところではあろうかと思いますけどもはいニーズに今ニーズの部分というところについては、そうですね。
やはりもおっしゃっていただきましたけどもやはりその当事者の方からするとやはりその制約をかけられているという意識というのは、ある程度そこはご認識いただいている部分であろうかと思う。
でおります。
やはりその当然タイアップの情報というのは、過ごしているとですね、自分の自治体で言うとそういった制度は特に制約はないんだけれども、なぜ中国では使えないのかですとかそういった情報を把握されて、やはりお声がけいただくような場面っていうのは非常にあったところです。
あと先ほど知世幸にもお示ししましたけれども、今回のこども計画に関してもですね子供も親も笑顔で輝き、基本は輝き地域で安心して子育てができるまち中央区って理念も掲げられているようなところでございます。
そういったところの理念から吸いますと、こういった何かしらの制限、先ほど計画に使っていただきたいですとか、そういった声もあったかと思いますけども、当然使わざるを得ないような環境下に置かれているご家庭だったりっていうところもあろうかと思いましてそういったご家庭について、こういった制度があるため、もちろんその使えないってわけではなくてその補助がないっていう理屈を今までもしていただいたところではあるかと思いますけどもそこで補助がないっていうところで言うと、金銭的な負担があるというところで耐えないというような方も実質的には伝えられた方もいらっしゃるかと思っております。
こういった方も含めてですね本区の中でどんな家庭の方もですね、適切に笑顔で子育てができるような環境というところについてはぜひ今後も議論させていただけたらというふうに思っております。
引き続きよろしくお願いいたします。
私からは以上です。
ありがとうござい。
委員長はい。
私の方からは資料12と議題で緊急し緊急通報システムについて質問をしたいと思います。
まず技術者報告からあった資料1資料に、今回さっきの委員からも、いろいろと議論がありましたので、それも含めて、進めていきたいと違う角度で話を進めていきたいと思います。
軽減措置の延長と改定には、対策として5項目の特別な対策を打ってきた。
そのように資料の中に書いてありました。
そういったご報告もいただき、そういった中で、先ほどは区民の負担もあるというようなお話もいただきました。
そういった中でやはり私は年金受給者とかですね、働くことができないそういった中で、この物価高高騰中という中でも、このすごく助かる方はいらっしゃるんじゃないかなというふうに私は私は考えます。
また、共生社会を目指す意味でも、重要な措置ではないかというふうに思っております。
そういった中で、今後、増額されるたびにですね、私もですね、高くなったっていうことで街中でいくとですね、高くなった値上がったんじゃないかっていうようなお話をいただくことが多々あります。
今回についても資料を見ますと11、1人当たりの平均保険料額っていうところがお示しされておりまして11万1356円。
それが89年度については12万7400円プラス1万6000飛び44円ということで、保険の平均ということで示されております。
本当はそれ以上にあるんだっていうそういうところだと思います。
私がちょっとお願いしたいなと思うのは、この後期高齢者の皆さんにも、周知が必要ではないかなっていうふうに思います。
区民の方が負担されているまた、このそういった意味でですねこの後期高齢者の皆さんに良いなってるっていうことについても、そういった周知が必要じゃないかなと思いますしてその点についてへえお話をお願いいたします。
委員長保険年金課長まずあの今回のこの保険料の額についてはですね、いろいろ構造要因がございまして、一つには、団塊の世代が全て後期高齢者になって、増えているという状況と、その方たちが相対的に見ると元気な高齢者の方たちですので所得を押し上げているという要素を持っております。
そして、いろいろ昨年来言われてきました診療報酬の増額改定などの影響を受けて、医療給付費というのが増大をしていると今背景としてそういうことがございます。
そういう様子を見ると、この保険料が上がるっていうことはもう避けられない状況にございましてこの後期高齢者のこの医療給付費というものは、ご自身でご負担をいただいている保険料分がそれが1割、約1割です。
そして現役の世代からの支援それが約4割ございます。
そして、残りを公費で約5割負担をしているとそうした内訳に基づいて、後期高齢者医療制度というのは成り立っているという状況でございます。
委員おっしゃるように、これは後期高齢者の世代以外の方たちのこの支えがなければ成り立たない。
今医療保険制度となっておりまして、ご理解をいただくために後期高齢者の方々ご自身、皆様方にはやはりご理解をいただくために、そうした支えがあるということが、我々としてもしっかり情報発信をしてですね、知っていただく必要があると考えているところでございます。
このメインとなるのは、これは広域連合広域連合がしっかり仕事をしなければいけないんですけども、我々もしっかり連携をとりながらですね、我々こそ現場の声を知っておりますので、しっかりと伝えながら理解を得られるよう努めてまいりたいと存じます。
以上でございます。
委員長ご答弁ありがとうございます。
今どういうふうに支えられているかというようなお話をいただきました。
なかなかその辺がですね、私もお話しましてもですね理解が理解される方が少ないです。
ですけども、やはりしっかりと周知していく、今お話あった通りそういった中で共生社会を目指し、そういった措置を行っているということについてはしっかりとお伝えしながら、理解押していただくことっていうのもすごく大切かなと思っております。
私もなかったら3万円ぐらい上がってしまうんだっていうことをお伝えはしますけども。
ただ、今物価高の中で、最中で、もう本当に年金受給者の人たちつは本当に大変だ、また働くことができないそういったこともあるということをお伝えしたいと思いますありがとうございます。
続いて、議題に移らさしていただきたいと思います。
緊急通報システムについて質問させていただきたいと思い私は過日電話があってですねお隣さんが何かきゅたい喉ドアが開かないので大変だっていうちょっと電話があったので、ちょっとお伺いしたんですね。
そしたら、鍵が開かなくてですね、ちょっと声は聞こえるんですけども、何言ってるのがよくわからないっていうことでその通報して来ていただいた方と2人でその家の集合住宅なんですけども渡って聞いて何度もやってたんです。
勝手にですね、壊して中に入るっていうことが、後で大変なこともなるんじゃないかなと思ってちょっとずっと考えていたんですけども。
ただ、そんなことではいけないなと思って消防の方に連絡しました。
そしたら消防の人が駆けつけてくれて、結論から言うとその方は倒れていて、救出されたというような形になったんですけどもやはり鍵を壊したりするっていうのは本当に消防隊の人もすごくご本人とかご家族のそういったですね了解がないとできないっていうお話だったんですよ。
で、私はそのとき、緊急通報システムは中国でやってるなってそういうふうに思っていて実はそこには高齢者世帯という形でお子さんは中野に住んでいるっていうことで、なかなか駆けつけられないっていうそういうような中で、息子さんには緊急通報システムっていうのがあるんですよっていうのはお伝えしたんですね。
中野なんで、なかなか仕事も日中でないそういうような中で、実は相談しましたら、なんとケアマネージャーさんが代理でしゅ申請ができるっていうようなお話もいただきました。
そういった中で、ちょっとお聞きしたいのは、利用状況ですね。
緊急通報システムで命が助かったとかそういうような何かあれば教えていただきたいなというふうに思います。
また、私が緊急通報システムについて、お知らせした方には、鍵を渡すのが何か不安だっていう、そういう方がいらっしゃったんですけどもまずちょっと利用状況をなどありましたら教えていただきたいと思います。
委員長高齢者福祉課長緊急通報システムの実績とか利用状況ということでございます。
こちらにつきましては令和6年度は409件の方が使っていらっしゃいまして令和7年度については7月末のちょっと数字なんですがそのときでも421となってますので今年度はさらに増えているところでございます。
こちらにつきましては、鍵を委託事業者ですね固定電話形式でしたらホームネットという会社で無線形式でしたらアルソックに他の鍵を預けるという形にはなるんですけれどもこちらについては実際通報があったときに、あの時すぐにあるショップなどが駆けつけて様子を見るということで、実際安心感は出てるはずなんですけれども、あの特にすごくこの子のために命が助かったとか、そういった特別な事例はさっき聞いてはいないんですけれども。
センサーなどがあって、それで発砲があって、ちょうど旅行に行って、そちらを切るの忘れていたとか、あのほ実際そういった通報があってもほとんどは誤報ということで特に問題なかったということがほとんどでございます。
これがあることで安心感というのは皆さん持ってらっしゃるということですので、これからも見守り事業の一つということでは周知をしていきたいと思っております。
以上です。
議長ご答弁ありがとうございます。
今まで緊急通報システムで、令和6年で409令和7年の421いうような形でやっている。
まだまだここの部分と伸びしろがあるのかな一人暮らし中央区は一人暮らしの高齢者としても多いと思いますので広がりがあるんじゃないかなというふうに思っております今のところ問題がないということはすごくいいことじゃないかなというふうに思っております。
ある意味私は鍵を渡すのが不安だっていうそういうお声っていうのはよくわかります。
ただ、命がやっぱり大切なので、信じてくださいっていうことでお伝えをしてますけどもしっかりとこの緊急通報システムのこのやつを普及っていうんですかね、私は必要じゃないかなというふうに思います。
また、この周知なんですけども、やはりこのケアマネさんとか、そういった方にも、代理申請ができるっていうのお話がありましたので、そこのところもなんていうんですかねそういう関わっている方たちに、積極的に何かお伝えしてですね、ケアマネさんはうちの中にも入ったりとかするケースあると思いますしまたそういう福祉的な方が合ってるというふうにも思っておりますので、そういった方への周知なんかもしっかりとするべきじゃないかなと思いますが区のお考えを教えていただきたいと思います。
委員長高齢者福祉課長緊急通報システムにつきましては在宅で受けられるサービスの一つという形で介護保険事業者さんの連絡会等でも物資周知をさせていただいているところでございます。
もちろんケアマネさんにも周知してるんですけれども、例年これまで毎年1回1区役所の中でしか説明会というのを周知のための説明会等も行っていなかったんですけれども、今年度からは月7とか日本橋地域つまり合計3地域ですね区内の3地域でも、あの説明会を開くようにしましたら、やはりその地域の近くにお住まいの方がたくさん来ていただけるようになりましたので毎年周知等は図られていると思います。
また、それ以外のあの見守りキーホルダー等の見守り事業などの説明とあわせて、こちらの緊急通報システムについて見守り団体の方ですとか、そういった会合でも説明をしているところですので今後ますます周知は図っていきたいと思います。
以上です。
うん。
長ありがとうございます私が知らないだけだったかもしれませんが、やはりいろいろ知っていくっていうことがやっぱり大切かなと思いました。
特に息子さんとか娘さんとかが同居してないケースっていうのはやっぱりいっぱいあると思います。
そういった意味ではそういった人たちにも情報が行くっていうことが一番いいんですけどもこれからなんていうんですかね、様々紙ベースではなくて、電子化する中で、そういった高齢の方の中央区の高齢の方を持つお持ちになっている。
他の自治体に住んでいるそういうお子さんや親戚など、そういった人たちにも情報が行くような時代が来るんじゃないかなっていうふうにできていただきたいなっていうふうに思いまして質問を終了いたします。
ありがとう。
来た。
それでは資料を追う1位の放棄高齢者医療制度保険料軽減措置の延長についてと資料2の後期高齢者医療制度保険料率の改定等についてということで質問をします。
この保険料の軽減措置の延長について、24年度25年度と同様に26年度27年度も継続していくということですが、それぞれ五つその軽減してきた中身項目というのが資料で書かれていますけれどもそれぞれいくらぐらい区として毎年軽減のために負担してきたのか。
いうことをお示しいただきたいと思います。
これまで大体3万円程度の軽減に良い。
なるということなんですが、軽減されている金額についてもそれぞれ開きがあると思うんですけれども一番多い方であるとどの程度の軽減になっているのか少ない方でどの程度なのかという。
そのことについてもお示しいただきたいと思います。
それで軽減措置取って、来た、そしてまた継続する理由などについても、先ほど質疑の中で、ご答弁あったと思いますが、やはり今後も継続すべきだと思うというふうに思います。
28年度以降の継続の見通し、また必要性についてどのように考えているのかという点について、お示しいただきたいと思います。
委員長保険年金課長委員のまず初めのですねこの軽減措置のこれまでの本区の負担というお話なんですが大変申し訳ありません。
ちょっと過去のそこまでの資料は持ち合わせておりませんで、今回この令和89年度本人に対して、特別対策、都内の全区市町村全て合計で232億円ということで記載さしていただいておりますが、あの、この数字から見たときに、本区における8年度のそれぞれの負担額ということでお答えさせていただきます。
保険料、ちょっと順番が失礼しました。
まず、資料の方にあります進出審査支払手数料の方につきましては、320020万ほどの金額になります。
それと、保険料未収金補填こちらの方につきましては2520万ほどとなります。
そして、所得割額独自軽減こちらの方につきましては、227万ほど7万ほとんど気になるです。
そして最後に葬祭事業、こちらの方については3610万全体を足すと、9580万ほどの金額となります。
そして軽減についてでございますが、今おっしゃるところは所得に応じてのお話かと存じます。
例えとしまして年金収入ということで、見たときにですね、7年度とこの89年度の保険料額の差を見比べたときに、一番やはり多く増えるのは、1045万の方が7万1000円ほど増えることになります。
そして金額で見ていったときに、やはり少ないのは、年金収入153万の方で、7年度と比較をすると年間で1100円の増額になってしまうとそうした内訳になっております。
主にあの、やはり所得が多くなれば多くなるほど増えているところでございまして、概ねそのような内訳になっております。
そしてこの89年度以降のお話でございますが、今この後期高齢者医療制度に関しましては、国内全都道府県全体で見てまいりますと、この特別対策を売っている自治体というのはほとんど存在いたしません。
といいますのは、先ほど他の委員のご質問の中で申し上げたところでございますが、結果的に他の世代に負担をしていただくということが、やはり一番議論があるところでございまして今回のこの89年度の特別対策の実施に当たりましても、全区市町村からの意見をご意見連合で集約した中では、このまま継続していいという意見の方が少なかったということで承っております。
あの本区の考えといたしましては、将来的にはこの特別サイト対策というのは縮小していくべきだとは思っております。
あのいきなり廃止ですとか、そういったことは無理かと思いますがあくまでもやはり現役世代の負担を減らさなければいけないと視点をいう視点を一つ持っておりましてただし、現状はこの物価高ですとか、医療費が上がる一方で状況の中で、今すぐに手をつけて変えていくというのは、あの負担がいきなり高齢者に降りかかっていきますので、またそれも難しいことでしばらくはこの情勢をしっかり社会情勢、いろいろな面でしっかりと見ながら、その上でできるようになったら、やっていきたいとそうした思いを持っているところでございます。
以上でございます。
いろいろ細かい数字をお答えいただきましてありがとうございます。
この軽減措置についても、今後は見直しもあるのではないかとそういうお話なんですが、やはり誰でもいずれは年を追うとるわけで年をとれば、病気がちになっていくというのは当然のことだと思います財務省の資料でも、70歳以上の方の1人当たりの医療費の自己負担額が年間で7万1000円から8万7000円程度で50歳以下の人と比べると二、三倍の医療費は負担しているということで、これが75歳以上になると1人当たりの医療費の負担が現役世代の4.4倍ということなので、やはりどうしても病院に行く頻度が増える処方される薬の種類なども増えていくと退職後に収入減った中で医療費を賄うというのは、多くの国民にとっては大変な負担になるというのが事実だというふうに思いますので、ぜひ区として、継続していくべきだという意見も広域連合の方にきちんと上げていただきたいということを強く要望したいというふうに思います。
70歳以上の医療費の窓口負担3割に対象を広げていこうとそういう話も出ていますけれども、その原液実の所得の基準というのが大体単身で年収383万円ということをです。
これが現役並みと言えるほど高いのかどうかということもあると。
思います。
高齢者であれ、若い世代であれ、子供であれ必要な医療を皆が平等に受けることを保証するのが社会保障の役割ですからやはりこういう医療費の負担、保険料の負担などが支払いが大変になっているのにかかることを諦めると思う。
そして健康返すと、いうことにならないようにするのが大変大事だというふうに思います。
若い人が負担することにならないようにと、そういうこともよく言われますけれども、国の機関ですが国立社会保障人口問題研究所の社会保障費の統計という資料では、日本の社会保障支出支出の対GDP比、これを見ると、日本より高齢化率がずっと低いドイツやフランスやスウェーデンよりも日本の国の社会保障の支出の割合というのは、大変少ないと社会保障の支出のうち特に国が拠出する分政府が拠出する分と、あと保険料の事業主の負担分というのが低いというのが、特徴だというふうにまとめられています。
財源の集め方ということそういうものを根本的に改めて言って、これまでも述べていますけれども、大企業です。
とか株主ですとかそういう富裕層への優遇税制などただして、財源作っていくという改革が本当に必要だというふうに考えています。
この資料2にかかって子供子育て支援納付金というのが後期高齢者医療保険料だけではないあって国民健康保険料などにも上乗せされていくということです。
協会けんぽなども含めて年1兆円の支援金を医療保険料に上乗せして全国民から徴収するそういう仕組みとなっています。
国の制度として、その子育ての支援を広げていこうということであれば保険料に上乗せするというやり方ではなくて、国の方できちんと財源を確保して国の制度として子育て支援を進めるというのが本筋だと思うんですが、区の見解をお示しください。
委員長保険年金課長この子育て支援金を医療保険料として負担することは、おかしいというところでございますけどもこのお話につきましては、私どもといたしましては、特別区の区長会を通じまして、これまでこの子供子育て支援金制度のように、負担に対する直接の給付が伴っていない制度も導入につきましては、慎重を期すべきであり、被保険者の負担が増えることがないよう対策を講じるべきである。
そうしたことを申し述べてきたところでございます。
今般、こういう形でご報告申し上げておりますのは、こちらにもございますように既に法制化されているものでございまして、我々としましては、粛々と今事務を進めているところでございますが、国の言わんとするところは、社会保険制度は、社会連帯の理念を基盤として、ともに支え合う仕組みであり、支援金制度もこうした社会連帯の理念を基盤に、子供や子育て世帯を全世代、全経済主体で支える。
新しい分かち合いの仕組みでありますとこの社会保険制度の中でも医療保険制度は、他の社会保険制度と比較して賦課対象者が多く、現行制度においても、国民健康保険における後期高齢者支援金、後期高齢者医療制度での出産育児支援金など世代を超えた支え合いの仕組みが既に組み込まれておりますとこれが国の示したところでございます。
以上でございます。
今ご答弁をいただきまして、区としては、ちゃんと慎重に進めていくべきだという意見を持っているということやまた国の考え方というものもお示しいただきました。
社会で連帯して、負担はかかっちゃっていくものだということなんですけれどもそうは言ってもこういうやり方が若い世代と高齢車を球団をさせていくようなことにもなっていると子供がいないという方もいらっしゃったりする中で不公平感なども感じる方も多い。
やはり、国の制度として社会保障をきちんと支えていくべきだと思いますし、減らされ続けている国庫負担というものを社会保障の財源として全体として広げていくまた社会保険料のも、事業の支援の負担というものももっときちんと求めていく。
富裕層からもきちんとその能力に見合った税負担を求めて財源つくるということが大事だと思います。
税金のを集め方というのはやはりの負担能力に応じてということなので負担できるそういう利益を上げている大企業や株で所得が1億円を超えると所得税の負担率がどんどん下がっていくというそういう1億円の壁といったものなども見直していくということからの利益に対しての配当は、分離課税になる、そういう仕組みなども見直していくと、そういうことが必要だとこういうふうに思います。
区としては粛々と進めていくということですが、この構造も子育ての支援支援納付金の見直しやまた資料1の方の軽減措置の継続ということも区として、ぜひ声を上げて行って、他の自治体などとも声を合わせて協力していただき、いうことを強く認めます。
次に、資料3のこども誰でも通園制度、主に関わって質問します。
9月に制度に関する条例提案がされた際には、問題点も指摘しながら、福祉委員会の中で、反対の意見開陳というものもさせていただきました。
この制度も、全ての子供たちに質がきちんと確保された保育を保障するということが大変大事なことですし、子育ての孤立化が進まないように保育園などに通わない家庭で育つ未就園児の支援、そういう仕組みが大事だということは本当に事実であるというふうに思っています。
区の方でも国基準で利用時間、月10時間というところをの授業を活用して上乗せして月20時間とするということですとか、定期利用を基本にするということなので、あの国で認めているようなアプリで簡単に枠を取れる申し込みができるとそういう仕組みにはしない。
また、保育士の配置も国基準5割以上を若干上回る6割ということで、運営するという報告もあり、評価できる部分もあるものの、やはり問題もあるのではないかということで悩みながらも、反対をしたという経緯があります。
そういった中で、この列の制度を各自治体でも条例を制定して進めるという中で、中野区が、この制度の実施について、区内に在住する区民が区内の施設を利用する場合には、月に最大で80時間利用できるようにする。
それ以外は国基準の10時間を採用して、そして同時に要支援家庭向けの定期的な預かり支援については、区立保育園の中で定員1名分を確保して区内に在住する要支援家庭を対象とした。
児童の預かりや保護者の相談支援を行っていくということをです。
ですので国へ行けるように上乗せした形で区独自に、中野区独自にこういった配慮もしながら進めていく。
いうことですあまり短時間の利用ですと、保育園に子供が本馴染めるのかどうか慣らし保育もない中でどうなのか。
そういう心配もある中で月最大80時間という設定にしたということです。
中の子は試行的に事業以前から進めている中で、事業者の方から業務負担を考慮した職員の加配、が可能になるように補助をしてくれとそういう要望もあったということで事業の実施にあたって職員の労働時間に応じた。
中野区独自の上乗せ補助を行うと、そういうやり方で進めるということをです中央区でもぜひこういう事業者の声なども聞きながら補助を行うですとか、利用時間等々また区立保育園の活用でこういう要支援家庭の支援を行うなど、そういったことも進めるべきではないかと思いますが、その点について、このままお示しください。
。",2026/02/16,子ども子育て高齢者
議長保育課長,"はい。
まず20時間に設定した理由としましては、あの空気10時間で朝ですと、本当に短くて実際にやってる自治体、本当に1回あたり2時間それで預けるタイプに入れて、そのまま返す。
このような状況もあったということでそれよりは少し上乗せした方がいいだろうというところただ先ほど来申し上げてます。
区の方では待機児童はゼロにしたいまだまだ厳しい中で、上げられるとしても、今のところ80時間というところで、ただそれを決める際にです。
あの事業者の皆様にアンケートをとらせていただきました。
その中で、20時間について聞き取りをしましたところ、子供と現場の負担にならならずにちょうどいいんではないかというお声76%の事業者に言っておきました。
そういったところで20時間を設定させていただいたところでございます。
また、加配について、区の方で独自にまとめるというところにつきましては、その加配者職員についての補助の方はしっかりと考えて今回予算計上させていただいているところでございます。
以上です。
あと、もう一点、区立の保育園活用をして、要支援家庭の預かり支援などというものはどのようにお考えかということも伺いたいと思います。
お答えいただきたいというふうに思います事業者の方からもアンケートをとっているということですが、今後事業が進む中でも、さらに事業所から様々な声が出てくると思いますのでそういう声や、また利用する人のご家庭の声というものも集めていただいて、きちんと安全な保育というものができるようにしていただきたいというふうに思います。
加配についての配慮もあるということを、なので、きちんと十分な金額の上乗せというものが行われるようにしていくべきだというふうに思います。
なかなかこの制度を自体が、本当に良いものなのかどうなのかというところはまだ課題もいろいろあるのかなというふうに思っていました。
子供の死亡事故の発生というのも、0歳から2歳児までが多い。
そして預け始めの時期というのに一番事故が多いとそういうこともわかっています。
やはり慎重に進めなくてはいけないというふうに思っていますので、そういう安全対策についてもでもお聞きしていますが、今の時点でさらに配慮をしていくことを考えていることなどあればお示しいただきたいと思います。
委員長子供子育て支援課長誰でも通園制度の公立保育園での対応の件でございますけども、これまでも以前ことをさしていただきましたけども、公立保育園につきましてはもう施設と目いっぱいですね待機児童対策として受け入れている状況で、現状なかなか厳しいと考えておりますまたその保育士の負担なんかも増えていく中では、現状なかなかそれに対して受け入れていくっていうのが厳しいかなっていう状況であるというふうにご認識いただければと思います。
また、迷いよう配慮者とかそういったところの点でございますけれども公立幼稚園につきましてはこれまでもそのセーフティネットとしての役割をしっかり持っている所でございまして発達に課題のあるお子さんですとか、障害のあるお子さんそういった方々もしっかり受けとめて、受け、受け入れさせていただいて、保育をさしていただいてるというような状況でございます。
以上でございます。",2026/02/16,子ども子育て高齢者
保育課長,"はい。
安全対策につきましては、誰でも通園制度が始まったタイミングでですね、独自の巡回の視点ですとか、自動決済の基準をもってしっかりと見てまいりたいと思っております。
また、原因が満たない間その間に誰でも常に対象のを入れるという。
U活用型という方式もあるんですが、その場合は特に加配の職員とかも設けずやるやり方があるんです。
しかし、ながらとしては、先ほど来申し上げた通り、子供の安全安心そして既存の児童安心安全な保育の人の維持をとても大切に考えておりますのでそのような余裕活用型ではなく、別に定員を設けてそこに必要な保育所を排出するやり方でやっていただく事業所のみやっていただく。
そしてそういうそういう中で、安全対策をしっかりやっていきたいというふうに考えております。
以上です。
本当に安全ということについては本当にくどいようにこれまでもう要望もさせていただいてますが、やはりイトーキそういう乳児の死亡事故というものが直で相次いだということもあるので、やはり懸念はいろいろをしています。
また、事業を進めながらの改善、私の方でも、提案などもしていければというふうに思ってすいません。
最後に民間学童クラブの運営事業者の募集ということについて質問しますとこれまでにもいろいろ委員会で話出ていたかも知れないんですがちょっと確認させていただきたいのが、民間学童クラブの事業者が昨年の8月上旬に募集締め切りだったけれども、応募してきた事業者がなかったということで応募の締め切りを昨年の11月4日まで延ばしたということだったと思うんですけれども事業者募集には応募がなかったということでいいのか今現在、3事業所ということなんですけれども、3事業者の今の利用の状況、秋の状況または今後も民間学童クラブを区では誘致していくという方向にあるのかと予定について確認をさせていただきたいと思います。
委員長。",2026/02/16,子ども子育て高齢者
放課後対策課長,"はい、民間学童クラブの募集の状況でございますが、委員ご案内の通りですね昨年の8月上旬にかけて募集をかけたところでございますが応募がなかったというところで再募集をかけて最終的に1月末まではですね、募集期間として設定したところでございます。
その結果ですね、ご提案を今いただいているところでございましてそちらについては今現在審査中というところでございます。
そういう状況だというところでございます。
続きまして民間学童クラブ現在の状況でございますが、こちらにつきましてはおおよそ3施設1168名のところですね。
入会の人数については、7.6、70名弱というところでございますけれども、来年度に関しましては、現在応募状況が増えている状況でございましてこちらについては引き続き状況というのを見極めていきたいというふうに思ってございます。
また、今後の見通しについてでございますがこちらにつきましては、利用状況も含めながらですね、また本区のなかなか土地がないと場所がないっていうところもありますので、そうした状況も含めまして慎重に判断を進めていきたいというふうに思ってございます。
以上でございます。
区が補助金を投入しながらこういう事業者の募集を行っていると思うんですけれども学童クラブの空きも公立などでも見えてきてるという中で、こういうお金をかけて事業所を募集する。
また、こういう民間事業者のPRも区が行っているということなので、そういうことはもうする必要がないのではないかということだけで終わります。
委員長報告12電話録音するんですよ。
それでは、ねある程度のうん。
お願いします。
ありがとうございます。
やっぱり安全のためにうんってね。
でも、別のND言えば、できちゃう。
駆動する可能性が一般質問をかぶってないってことでいいんですね。
全く私今回もう本当に、うん。
再開発で再開説明は大事です。
ちょっとこんな感じでずっとです。
あります。
15分なんですよ。
15分質問5問質問してもうこれね、本当にこれ最大の課題じゃん。
そう。
うん。
最大の課題自分でね。
作ってて思った。
もう2回、うん。
ヒアリングあの人すごくいいってうん。
なんだっけ。
小笠原おばさん荒さんうん。
はい。
なるほど、これはフリーです。
うん。
なんか私を尾坂先生ごめん。
誰かみたいに、あの文字は少ない。
多くない。
いいえ。
誰かしらね系とかね。
稽古の前に言ってますもんね。
桂とか桂とかねKね私もK和樹私もK関係だ。
菅間和上田和樹小泉さんはほづみゆうき行きなんでみんな気なのそういう年代優木田さんアンパンマンに行きました。
お疲れ様でした。
穂積さん大丈夫か一般質問。",2026/02/16,子ども子育て高齢者
