発言者,発言内容,年月日,会議の名称
警備課長および総務部副参事,"、生活安全特命担当が出席しますので、ご了承願います。
過日の行政視察の実施に当たりましては、所期の目的を十分果たすことができたと思いますので、今後の施策の参考になればと考えています。
なお内容につきましては、第4回定例会での委員長報告で報告させていただきたいと存じます。
それでは、理事者報告をお願いいたします。",2025/11/06,企画総務
企画部長,"私からは資料1についてご説明をいたします失礼いたします資料1仮称入船トンネルの利活用についてでございます。
1の趣旨ですが令和5年12月に幹線街路補助線街路153号線の立体交差計画が廃止されたことから、立体交差として築造された仮称入船トンネルについて東京都と調整の上、利活用の具体的な内容に関する検討を進めるものでございます。
2の活用方針としましては、築地川公園多目的広場の利活用状況を踏まえ、子供の遊び場やスポーツ活動の場として活用する方向で検討を行います。
3のスケジュールですが、令和8年度に基本設計、詳細設計に着手令和9年度以降に工事に着手をいたします。
資料1については以上でございます。
次に、資料2、任期付職員、シティプロモーション推進課長の任用についてでございます。
1、趣旨です。
本区では区民や在勤在学者の地域への誇りや愛着心の醸成および国内からの来街者の獲得に向けて、令和6年1月にシティプロモーションの三つの方向性について整理をしております。
こちらに沿いまして、現在、令和8年度の区制施行80周年に向けて、区の魅力等を発信する各種取り組みを進めているところでございます。
引き続きこれらの取り組みを全庁挙げて着実に推進するとともに、中長期的な視点を踏まえたシティプロモーションの更なる強化に当たっては、専門的な知見から責任を持って迅速に判断をし、実施する職員が必要不可欠であることから、当該分野に専門知識および豊富な経験を有する者を職員として採用し、シティプロモーション推進体制の強化を図るものでございます。
に採用する職層および人数は副参事を1人Aさんの任期につきましては、令和8年4月から13年3月31日までの5年間4主な職務内容としましては、括弧1のシティプロモーション事業の総合調整推進に関することの他、括弧4までの記載の内容となります。
5の選考方法は、公募の上、書類選考および口述試験を実施して決定をいたします。
6、選考日程等ですが、申込期間は令和7年11月中旬から12月中旬まで令和8年の1月中旬に第1次選考を行い、合格発表を経て、2月上旬に第2次選考、2月の中旬には合格者を決定発表いたします。
資料2並びに私からの説明は以上となります。
委員長。",2025/11/06,企画総務
総務部長総務部長,"はい。
私からは資料3から6までについてご説明いたします。
失礼いたします。
まず、資料3、令和7年第4回区議会定例会提出予定議案をご覧ください。
次期定例会に提出を予定しておりますのは、予算が1件、次いで条例が9件契約が次ページにわたって2件その他が3件、そして報告が1件、さらに追加が予定される議案といたしまして、条例1件、中央区職員の給与に関する条例等の一部を改正する条例並びに人事が2件、副区長の選任同意についておよび教育委員会委員の任命同意についてとなっております。
それでは各議案の概要をご説明申し上げます。
初めに3ページ、令和7年度本区一般会計補正予算でございます。
まず、総括表上段の歳入です。
第18款繰入金は、財政調整基金からの繰入金の減額です。
第19款繰越金は、前年度からの繰越金の計上です。
次に、下段の歳出です。
第6款環境土木費は、日本橋船着場の移転整備の計上の他、築地川公園多目的広場の改修の減額です。
歳入歳出ともに8205万6000円を減額するものであり、補正後の予算額は1636億7695万8000円となります。
この他、次ページ、繰越明許費は5件の追加、債務負担行為は3件を追加いたします。
補正予算については以上となりまして、次のページ、条例案件でございます。
まず、行政手続きにおける特定の個人を識別するための番号の利用等に関する法律に基づく。
個人番号の利用および特定個人情報の提供に関する条例の一部を改正する条例は、個人番号を利用することができる事務について、表に掲げる通り追加するもので、公布の日から施行いたします。
次に、職員の給与に関する条例の一部を改正する条例につきましては、後ほど別資料でご説明いたしますので、次のページ事務手数料条例の一部を改正する条例でございますが、関係法令の一部改正により、1については、引用する関係法律の題名が改められたことに伴い、規定を整備するもので、令和8年4月1日からについては、次のページ、引用する条項にずれが生じたことに伴い、規定を整備するもので、公布の日から施行いたします。
次に、印鑑条例の一部を改正する条例でございますが、1については、関係法律の一部改正等に伴い、印鑑として登録できる事項に住民基本台帳に記載されている振り仮名を追加するとともに、登録された運営に係る印鑑登録原票の調整方法磁気リスクに変更するものについては、印鑑登録書を防止した場合の印鑑登録廃止手続きにおける印鑑登録証の添付を省略するとともに、登録申請時の本人確認に係る保証人要件の緩和等をするもので、いずれの改正も、公布の日から施行いたします。
次に、特定教育保育施設および特定地域型保育事業の運営の基準等に関する条例等の一部を改正する条例は、児童福祉法等の一部を改正する法律の施行に伴うこども家庭庁関係内閣府令の整備等に関する内閣府令の施行により、引用する関係法律の条項にずれが生じたことに伴い、2に掲げる4条例の規定を整備するもので、公布の日から施行いたします。
次のページ、家庭的保育事業等の設備および運営の基準に関する条例の一部を改正する条例は、関係する内閣府令の一部改正に伴い、乳幼児に対し、母子保健法に基づく健康診査が行われた場合であって、その審査が利用開始時の健康診断等に相当すると認められるときは、利用開始時の健康診断等を省略できるようにするもので、公布の日から施行いたします。
次に、自転車の放置防止に関する条例の一部を改正する条例は、新たに定期利用のみの駐輪場として、八重洲1丁目地下駐輪場を設置するとともに、現に放置禁止区域内に自転車が放置されていることをもって撤去できることを明確化するもので、公布の日から施行いたしますが、駐輪場の新設は区規則で定める日から施行いたします。
次に、公衆便所条例の一部を改正する条例が日本橋1丁目東地区第一種市街地再開発事業の施行に伴い、開運橋際公衆便所を廃止するもので、区規則で定める日から施行いたします。
次に、幼稚園教育職員の給与に関する条例の一部を改正する条例につきましては、後ほど別資料の説明で触れさせていただきます。
条例案件は以上でございまして、続いて次のページ、契約案件でございます。
中央区役所本庁舎照明設備改修工事請負契約および特別養護老人ホームマイホーム晴海等複合施設照明設備改修工事請負契約につきましては、制限付き一般競争入札を行った結果、それぞれ記載いたしました通り、契約金額および契約の相手方を決定し、仮契約を締結いたしました。
これら新規に締結する契約の詳細につきましては、別添で資料をお付けしておりますので、後ほどご参照いただければと存じます。
続いて、その他の案件につきましては、次のページ、指定管理者の指定については3件となります。
まず、区立中央会館につきましては、指定期間満了に伴うもので、記載の通り、団体は引き続き、松屋グループオーエス共同体で変更なく、来年4月1日から5年間の指定の期間となります。
次に、区立総合スポーツセンター、浜町運動場および月島スポーツプラザにつきましては、指定期間満了に伴うものでございますが、スポーツ総合スポーツセンターにおける大規模改修等の事情に鑑み、次のページ記載の通り、中央区スポーツ未来創造パートナーズを引き続き特命で指定し、いわゆる随意契約となりますが、指定の期間を来年4月1日からの2年間とするものであります。
次に、区立月島運動場につきましては、指定期間満了に伴うもので、次のページに記載の通り、団体は引き続きタフカ株式会社で変更なく、来年4月1日から5年間の指定の期間となります。
これら指定管理者の選定経過につきましては、別に資料をお付けしておりますので、後ほどご参照ください。
最後に、報告が1件、和解に関する専決処分の報告についてにつきましては、次のページ、4の事件の概要をご覧ください。
令和5年9月20日、和解の相手方の所有する車両が本区の管理する街路樹に接触し、当該車両と街路樹が損傷したことに関し、相手方より損害賠償請求の訴えが提起されましたが、その損害賠償について和解したもので、前のページにお戻りいただきに、和解の内容に記載の通り物的損害についてお互い賠償請求しないこと(2本和解によるものの他、総務になんら債権債務がないこと次のページの3、括弧3、相手方は、訴えを取り下げることなどとするものでございます。
資料3の説明は以上でございまして、続いて資料4通勤手当支給限度額の引き上げ等についてでございます。
本件は、1趣旨に記載の通り、人材確保が喫緊の課題である点や、働きやすい職場環境の整備が求められていることから、新幹線停車駅が近隣にある本区の地域特性を踏まえ、職員に支給する通勤手当の支給限度額を引き上げるとともに、新幹線等の利用に係る通勤手当の支給要件を緩和するものです。
2、主な改正内容ですが、月額の支給限度額につきましては、新幹線等特別料金も含め、月額15万円に引き上げるとともに、新幹線等通勤の支給要件として、現行の勤務地の変更を伴う異動に加えて、採用前の住居から通勤する新規採用職員、区規則で定める事項として、育児等やむを得ない事情による転居などを新たに要件とするものです。
3に記載の職員の給与に関する条例の一部改正を行い、令和8年4月1日に施行するものです。
なお、幼稚園教育職員についても同様の内容で、区立幼稚園教育職員のくし給与に関する条例の一部改正を行うこととしております。
次に、資料5令和7年、特別区人事委員会と韓国概要についてございます。
1内容ですが、本年の勧告のポイントといたしましては、まず、公民較差いわゆるベースアップ分は1万4860円率にして3.80%であり、これを解消するため、給料表について、若年層に重点を置きつつ、全ての級および5級で引き上げを行うこととしております。
なお、公民較差算出における官民給与の比較方法につきまして、本勧告より比較対象企業規模50人以上から100人以上に見直しを行っております。
また、特別給、期末勤勉手当につきましては、民間における支給状況を勘案し、年間の支給月数を0.05月日分引き上げ4.90月とした上で、引き上げ分は期末手当、勤勉手当に均等に配分するものとしております。
これらの改定により、23区職員の平均平均年間給与は約27万6000円の増となります。
この他、職責職務をより重視した給料体系の実現のため、管理職の給料月額を見直す旨の勧告がなされました。
なお、今回の勧告を踏まえた給与改定の取り扱いにつきましては、今後の労使交渉を経て成案がまとまり次第、条例改正案を提出させていただくこととなります。
以下に、国および東京都の比較および別紙におきまして、特別区、東京都、国それぞれの勧告内容を比較整理しておりますので、詳細は後ほどご参照いただければと存じます。
次に、資料6、中央区、カスタマーハラスメント防止基本方針の策定についてでございます。
本件は、本区職員等が安心して働くことができる環境を確保し、良質な区民サービスを提供するため、1内容に記載の通り、国の法改正や東京都におけるカスタマーハラスメント防止条例の制定を踏まえ、中央区カスタマーハラスメント防止基本方針を策定するものです。
2の実態調査ですが、基本方針策定に当たって、現状を把握するため、会計年度任用職員を含む区職員にアンケート調査を実施するとともに、窓口職場等を抱える24部署18の委託事業者等にヒアリング調査を行いまして、括弧3、調査結果の概要の通り、①約24%の職員がカスハラを経験し、②区民による対面対応や電話応対において、威圧的必要な言動や精神的な攻撃が多く、③事務や福祉職30歳代の若手層が受ける割合が多いという現状が明らかになりました。
なお、このアンケートにつきましては、受け手側がこのように捉えたということでございますので、カスハラとして事実確認等がなされてないということにつきましては申し上げさせていただきます。
こうした結果を踏まえまして、3基本方針ですが、区として統一的かつ組織として毅然と笠原に対応することを目的に、基本方針を策定したところです。
その内容として、次のページ、括弧2、カスハラとは、区民等から職員等に対し、その業務に関して行われる著しい迷惑行為であり、職員の就業環境を害するものと定義付けた上で、括弧4樫原への対応として、①笠原が疑われる場合には、組織として事実確認を行い、②樫原に該当すると判断した場合は、職員の安全確保と安定した区民サービスの提供のため、台中市庁舎退去命令、警察への通報、法的措置など、厳正に対処することとし、また、括弧5、カスハラへの対策として、①応対内容の記録の保存保管、②職員、区民等への周知、③研修や相談体制の整備④関係機関との連携⑤対応の標準化、共有化について定めたところです。
なお、別紙1ではアンケート調査結果報告書の抜粋を、別紙2では基本方針案をお付けしておりますので、後ほどご確認いただければと存じます。
今後の予定ですが、明日プレスリリースを行うとともに、今月の10日にホームページ等で周知し、運用を開始いたします。
私からの説明は以上でございます。
委員長。",2025/11/06,企画総務
防災危機管理室長,,2025/11/06,企画総務
防災危機管理室長,"、はい。
私からは資料7中央安全安心メールによる防犯情報の配信状況等についてをご説明いたします。
失礼いたします。
防犯、地震や気象に関する情報を区民等へ配信しております。
中央安全安心メールの登録者数や配信状況等を報告するものでございます。
まず1の登録者数でございます。
令和6年度末における登録者数は7000人となっており、前年度末に比べて555人の増となっております。
情報種別登録者数につきましては、最も多くの方が登録しているのが、地震情報で81.0%次いで防犯情報が76.8%気象警報注意報が69.5%、以下、表に記載しております順となっております。
また、多言語登録者数につきましては61人で、言語別の登録者の内訳は記載の通りでございます。
次に、2の防犯情報の配信状況でございます。
令和6年度の配信件数は117件で、前年度と比較すると21件の減となっており、振り込め詐欺の減が主な要因でございます。
配信内容は、還付金詐欺などの振り込み下げが詐欺が62件で最も多く、次いで不審者情報の25件となっております。
今後とも、区民の安全安心に向けて積極的な配信に努めてまいります。
説明は以上でございます。
発言の時間制についてで発言の持ち時間制につきましては、既にご承知の通りですのでよろしくお願いいたしますただいまの時刻は午後1時49分です。
自由民主党さん41分かがやき中央さん27分立憲民主党無所属27分公明党さん27区民クラブさん27日本共産党さん27分となります。
なお、持ち時間がお持ち時間にはこの後の議題である請願審査の時間も含まれます。
それでは、理事者報告に対する質疑に入ります。
発言を願います。
委員長。",2025/11/06,企画総務
竹内委員,"はい。
それでは私は資料の8ですね126について順次質問をしていきたいと思います。
まず資料1、入船トンネルの利活用についてということでございます。
かなり広いスペースでの新たな場所の活用ということになります。
我が会派今年度です今年の一般質問、一定の一般質問の中で入船橋昨日カルバーとという部分で活用を検討していただきたいというような質問もさせていただき、スポーツの環境の整備というような観点も持って、いろいろ取り組みを行っていただいたという経緯もございます。
今回そのときとまた状況が違う中で、かなり広い範囲でのスペースが確保された。
また、トンネルということで、雨にも濡れずに天候に関わらず活用ができるというような部分が期待をされるところでございますが、まだ基本設計等もちろん令和8年度からですがどのような活用の可能性というものがあるのか。
少しご見解をお聞かせいただきたいと思います。
そして、資料2のシティプロモーション推進課長の任用についてということで、ご報告をいただいております。
我々久世80周年に向けて、今地域での様々な活動が行われている。
また、シティプロモーション、歴史アーカイブなどをこの1年間通しても区でも様々な取り組みを行っていただいていると思います。
こうした中で5年の任期を設けて、中長期的な視点を踏まえた更なる強化ということで、職員の任用について、先行募集選考を行っていくということでございますが、ここに期待をするもの、今後の80周来年の80周年にとどまらず更なる強化をしていくということでございますが、もう少しこの詳細についてお聞かせをいただけたらと思います。
委員長　企画部参事企画部はい。
私からの入船パネルについてでございます。
こちらの方のトンネルでございますが、現在ですね東京都の方が道路ということで閉鎖管理をしているところでございます。
今回の活用に至った経緯でございますがこの度ですね日本首都高の日本橋の地下化の事業化に伴いまして、新たな都心の環状ルートとして、新京橋連結道路を整備することに伴いまして現在の新富町の出口がこの度、入口がされるということになりました。
ここのですね入口化に合わせまして入りCNFの入船橋付近に計画されておりました。
この補助第153号線の立体交差計画の要否をですね、東京都の方で検討した結果ですね、平面交差点等で交通処理が可能となったためこの度立体交差計画を廃止したという状況になってございます。
そうした中でですね、東京都第1建設事務所の方ですが区の方に打診があった際はまずトンネルを埋めるというようなお話がされてたところですんでただそうした中でですね、区としてやはり都心部を限られた、非常に貴重な場所っていうとこもございまして、区の方からの活用の打診をした中で、この間ですね東京都と交渉を続けてきたところでございます。
そうした中でですねこの度東京の方から区の方の活用の合意が図られましてそうした中で今回のご案内に至ったところでございます。
相談した中ですね今伊能からもご案内ございましたけど、やはりトンネルということで非常に天候にも左右されないっていう非常に貴重な場所っていうのと、あと周辺がですね今現在築地川の多目的広場に隣接してるっていうところで、この辺の一帯のですね、場所について、やはり今ご提案ありましたようなそのスポーツの活動ができるような場所ですとか、あとやはり子供たちが広々とした場所でですね、走り回れるような親子が集まってですね、そういった意味で明るく開放的なコミュニティスペースとなるような方向性をですね、考えながら、現在利活用について庁内関係部署集まってですね、どういったしつらえができるか等々含めて、委員長調整をしているところでございます。
また、の詳細等が決定した段階ですねまた議会さん以外の方にも報告させていただければと思っております以上でございます。
シティプロモーション推進課長JPプロモーション推進はい私からは任期付職員の任用についてお答えをさせていただきます。
現在シティプロモーションにつきましては三つの方向性ということで区の歴史わかる発信地域まちの魅力発掘発信店職員のご力向上というような方向性に沿った形でですね事業展開の方をさせていただいてるといったところでございます。
令和8年度はMAX80周年Notta年度に当たるというところもございますので着実にですねそういったところを執行していくということに合わせましてこの80周年以降のあの令和9年度以降シティプロモーションをどういうふうに進めていくのかというところを検討していくというような年に当たってくるといったところでございますそうした検討を行うに当たってやはりWebの専門的な知識そういった知見をですね、あの活用して今後のシティプロモーションどういう方向で進めていくのかというところをしっかりと検討していければということで考えてございます。
また、5年の任期というところでございますけれどもこうした専門的知見を有する方来ていただいてですね、しっかりと職員の育成の方もですね、していただきながらですね、全庁挙げたシティプロモーションの推進というところに取り組んでいければというふうに考えて設定したものでございます。
以上でございます。",2025/11/06,企画総務
竹内委員,"はい。
それぞれご答弁ありがとうございます。
まず、入船橋トンネルの利活用について詳細の経緯をお伺いをしてありがとうございました。
本当に中央区の子供さんも増えていく人口が増加していく中でこうした。
範囲のスペースでまた天候に左右されないというところで、思い切り体を動かせるような場所いろいろ子供たちが自転車をどこで練習するんだなっていうのも今まであったかと思いますまた地域では思いっ切りボールが蹴ったり野球ですかねそういうの今もそういう競技ができるような場所ではありますけれども、やはり天候に左右されてね、できなくなるという心配がないという中では、こうしたスペース今、ご答弁の中でも明るく開放的なというご答弁もありましたが、そうした皆さんが聞こえる場所作りというものにしっかりと御検討いただきたいと思います。
そして少しトンネルということで、やはりあの車が通る場所であった。
今蓋がされていて、中がどういう状況か私達は一般的には見ることができないんですけれども安全面の対策という部分も長く使用されていなかったということでどういうものがあの設備がついているのか。
やはりトンネルで、おそらく奥の方に行くと暗い空間であろうと思いますので、そういった部分でもしっかりと安全対策、明るさの確保も行っていただけたらと思います。
そして少し分野は違うんですけれども、いろんなところで、例えば障害を持った方がモザイクアートをするような壁を作ってたりしますので、そういった地域の子供たちの、なんでしょうね子供たちとか障害者のモザイク壁画とかそういったような視点も入れていただけたらなという思いがございます。
まだまだこれからの基本設計ということでございますが、そんな視点も含めて、ご検討いただけたらと思います。
そして、シティプロモーションの方ありがとうございます。
まだこれから来年区政80周年を迎えるということで今まで地域で集めてきた歴史的な発掘事業そういったものも含めて、今後の中国の魅力の発信というところに期待を寄せていくものでございます。
5年の任期の中で、やはり現状よりもさらに良いプロモーション、魅力を発信していくというところで、外部の方からのアイディアというものもふんだんに使っていただきたい。
というところでございます。
ええ。
これはまた、さらに今後に期待して今、広報の方でもいろいろ人材を教育して、発信力というものを強化していただいてると思いますので、更なる発信力の強化、またうちの方でも会派の中で、やはりなんでしょう町の魅力今、今までもある魅力でありますけれども、そういったところをよく地方に視察に行きますと本当に撮影のスポットですとか、なんでしょうね話題になった場所っていうところをうまく活用しているようなところもありますので、新たな人材によって少し他の部署も良いアイディアが生まれてくるような中国の魅力を発掘できる活動に繋がるとありがたいなと思っています。
はい。
にもここまでで次の質問に移ります。
カスタマーハラスメントというところですね資料6でございます。
いろいろ報告を見てますと、区の職員の窓口対応、電話も含めて、様々な方がいらっしゃる中で、日々質問質問じゃないですねご相談を受ける。
プラスアルファの要望と、苦情とというような、この境目のところで、皆さんがご苦労していただいて、皆さんの意見を抽出していただいてるんだなと思っていますそうした中で先ほど報告の中でもありましたこれがアンケート結果が必ずしもあった事実とイコールではないまだちゃんと事実の調査を今後していかなければならないというようなそんなご答弁もあったかと思いますやはり、よく子供たちの学校のいじめのアンケートとかでもそうなんですけれども、受けた側と加害者と言われる側になってる方の認識の差というのがすごくあると思っております。
そういった部分は少しでも確認をしていく必要があるかなと思っていますすいませんまず最初にお伺いしたいのが、この実態調査のところで、アンケートアンケート調査というのとヒアリング調査という二つの観点から今回調査をしたとありますが、ここの分けた部分どういう違いがあったのかという部分でお聞かせいただけたらと思います。
委員長。",2025/11/06,企画総務
総務課長課長,"はい。
こちらアンケート調査とヒアリング調査、こちらの方の間違いということでございますけれどもまずアンケート調査は、本当にパソコンでやったんですけどもそこの職員が入力をして、パソコンでやれない職員についてはもう紙でということでそこに項目について質問項目について答えていただくと、それはもう区職員プラスですね、区宿谷ももれなく、それからの会計年度任用職員ですとか、そういったところも含めてもう全職員に対して2479名に対象にその半分ぐらいが、あの答えていただきましたけれども、そうした形で答えていただいたという。
それに基づいてですね、そこ、それがですね委員長笠原が受けたことがあるかですとか、誰からどのようなエース背景ですとかそれから今後必要だと思うというような対策、そういったものをアンケート調査で選択式で聞いておりますけれども、それに基づいてですね、それを深掘りするといいますか、委員長そのヒアリング調査というところであの対面でやはり結構やはり被害が集中してる、そういう部署が集中してるっていうところも、あの見て取れましたのでそうした上位のところから選ぶとそれからまた併せてですね、やっぱり窓口を委託していたりですとか、あとは公共施設を指定管理者、施設でということで指定管理者の方が担っているというところもありますので、そういったところもピックアップして、そこがサービスの最前線に立っているというところもございますので、そこも含めて対面でヒアリングをしてこちらの方は、被害が多い部署の職員の38名来ていただいて、そこでヒアリングしたとそれからの委託事業者の方もピックアップして、委託業者の方が21名そういった具体的な内容ですね。
文字だけが出てこないようなそういった背景ですとか、具体的にこういうことあったっていうふうにあの答えていますけれども、その後、そのどうでしたかとかどういう状況でしたかっていうような具体的なところをちょっと深掘りして聞いたというところでございます。
以上でございます。
竹内Gはい。
ありがとうございます。
丁寧な聴取のもとで、こうした一旦の結果が出ているという部分かと思います。
やはり、こういう部分すごく今過熱していろんな報道でも報じられるような部分もあります。
他社あるとき公的な機関に電話をしてしたら、あれですね。
何て言うんでしょう。
音声ガイダンスに従ってというふうになってます人材不足という部分でも今音声ガイダンスになっているところも多いのかなと思っておりますがやはり一定の抑止力も中にはあるのかなと考えるところもありました。
こういう部分やはり関係各社で認識をしながら、人として必要なことをしっかりと話をしていかれることを問題の解決をしていくことという。
のが大切であろうかなと思っております。
なかなか相談に来る方も糸を組む。
のが難しい窓口の対応なんかは特にあるかと思います。
また、少し精神的にダメージがある方なんかもお話をするのってすごく難しいと思っていますのでいろいろこれはあくまでも防止方針の策定という。
部分ではありますが、そうした本当の意見が抽出していかれるように、また一生懸命現場で取り組みをしていただいている職員の方々も、気持ちを損なうことがないような、体制作りというものをしっかりと取り組んでいただけたらと思っております。
はい。
以上です。
終わります。
ありがとうございました。
続いて、の発言を願います。",2025/11/06,企画総務
魚住委員,"はい、よろしくお願いいたします私は資料2と6についてお伺いをいたします。
まず資料2についてです。
こちらの過去の委員会において報告いただいた今後の抱負のプロモーションの三つの方向性というところについて、さらに強力に推し進めていくための体制整備というふうに理解をしております。
この手段というところで、保護という形で、専門知識および経験を有する方を職員として招くということについては、この4課は行政の一般的なスキルとは山ほどなるという点から見ても合理的なものかというふうに考えております。
一方気になったところとしては今年度の新たな取り組みであるところの広報力向上事業との関係性というところです。
こちらの事業では専門知識を有する副業人材を活用し職員向けの研修およびモデル部署の伴走支援を実施といった記載がありまして、今年度に既に諸々取り組んでいただいているところだと思います。
この事業として副業人材の活用ということでしたので、これは要はお試しとして実施をされて、それでもしある程度活用のめどが立ったということで今回の採用というところには至ったのかもしくはその、それはそれこれはこれという形でさらにその体制の強化という形での今回の運用に当たったのかというところについて、まず確認ができればと思います。
お願いします。
委員長　シティプロモーション推進課長シティプロモーション推進課長はい今のご質問でございますけれども、今委員ご指摘ありました通りポーカーの方でですね全職員の方力向上ということで副業人材を活用した方たちでですね、取り組みを進めているところでございます。
今回任期付職員ということでシティプロモーションを処分するという職員に職員を約人をするという中でですねやはり組織プロモーションっていう分野においてもですね、やはりこうした意識の向上であるとか、デザイン力プロモーション力の向上といったところが重要になってまいりますので、今回募集をいたします任期付職員につきましてはシティプロモーションにかかる部分について、こうしたデザイン力の紋章力の向上について担っていくというような形で考えてございます。
一方で他の方のこの取り組みですけれどもこちらについては引き続き副業人材を活用しながら進めていくものでございます。
しかし、ながらこのシティプロモーションとですね、あの交換の取り組みというのはかなり関係性がですね、あの三つなものだというふうに認識してございますので、両課でですね相互に連携をとりながらですね、業務を進めていきたいというふうに考えてございます。
以上でございます。
お済みはいありがとうございますまず今年度実施の広報力向上事業とはまた別途別の視点ということで、理解をいたしました。
そうですね働き方でて、働き方という点でも、副業という形であるのか本業という形であるのかそれぞれ目線というところも変わってくるのではないかというふうに思ってますので先ほどおっしゃっていただいたように相乗効果というところについてもぜひ期待しているところでございます。
もう一点確認をしたいのか台風面のところです。
優秀な人材に来ていただくためにはもちろん相応の待遇というところが不可欠ではないかというふうに考えているところです。
任期付といいましても、公務員という立場であることを踏まえますと給与水準には一定の制約があるのではないかというふうに思われ思いますけどもこの点について国の制度でいうと、特定任期付職員というのは概念も最近出てきて、一般の急所をそのまま使うのではなくて別のものが用意されるようなケースもあるというふうに聞いております。
同様の特例に関する条例は東京都の方でもちょっと確認をしたところです。
これらの意図としては、その必要とされる人材に関して専門的知識ですとか経験ですとか有しているよりその高度な人材をできる限り採用するというところの思いがあるのかというふうに考えているところです。
そもそものところで今回のその他の候補という形でですね採用されている人材について、これらに該当するのかというところはありますけども今回の採用というところに当たってこれの待遇面についてどういう形になるのかというところについてお伺いできればと思います。
よろしくお願いします。
委員長。",2025/11/06,企画総務
職員課長課長,"はい。
まず今回の任期付職員の待遇面というところでございますけども、基本的には通常の管理職の職員と同一の給料表の適用になりまして初任給の計算等につきましても、これまでの民間での経験等を踏まえて、またこれまで中央区の管理職職員として働いてきている職員との比較そうしたところをしながら、バランスを取りつつ決定をするというところで、区の管理職の職員とほぼ同じ待遇というところになってございます。
委員がおっしゃっていただいている特定任期付職員というところで特別区の方でも令和7年の4月から導入が可能ということになりまして一部の自治体ではもう既に条例改正をしてそういう特定任期付職員の募集というところをやっている自治体もあるというふうに聞いております。
本部の方でございますけれども、今のやっている一般任期付職員の制度がしっかりとうまく活用できておりまして、人材育成とかそういったところも踏まえた任期付職員の活用というのができておりますので現時点では特定任期付職員の活用というのは考えておりません。
ちなみに特定任期付職員というのがどういうものなのかというところでございますけれども人材育成という観点というよりもそういう部分ではなく、本当にいわゆる弁護士の資格が必要だとか、公認会計士の資格が必要だとか。
他の自治体の状況を見ますと、例えば児童ホーム準備担当副参事ということで、児童相談所の開設にあたって、そうした専門ホームを担当する弁護士の資格を持った職員を募集するとか、そういうあの人材育成という観点ではなく、5年間しっかりとその専門的な本当に高度な知識を使って職務に当たるという職員の募集という状況でございます。
今回一般任期付の職員で実際運用させていただいてるという状況でございます。
以上でございます。
ありがとうございます今回の件については通常の管理職として経歴ですとか、勤続年数ですとかには応じて算定されるということが特定と理解をいたしました。
それと特定任期付職員についてはいろいろ詳しくありがとうございます元々の考え方としてその弁護士などよりその専門性が高い職種ということで、前提としては特別区の中で、4月からの導入可能という状況。
ただ、し僕としてはまだこれからというところで理解いたしました。
そうですね今回の件はさておきましてその任期付職員という形で今回受けたまた異なりますけども寄り添う高度な人材を民間の方から受け入れるということについては今後増えていくことかなというふうに思いますので国ですとか東京都ですとか、あとはその他の特別区に関してもですね、より一層退部可能性とするような条件整備、条例整備だみたいなところについても今後検討をぜひいただけたらというふうに思っております。
最後もう一点この場合の質問、募集に関して、募集要項に関してですねちょっと細かい点なんですけれどもお伺いできればと思っております。
先ほど申し変わった通り、その過去の経歴ですとかその勤続年数ですとかそういったところによってその最終的なその会議っていうところについては、戻るというところだったかと思いますけどもそうすると要するに人それぞれあの金額というのは変わってくるのかなというふうに思ってましてそうすると今回のこの職種を応募しようという段階においてですね、自分がどれぐらいの待遇なんだっていうところに関して、なかなかちょっとぱっと見わかりにくいんじゃないかっていうところもあるかと思うんですけども、そこはその募集要項等に何か何らかのその例示みたいな形で出されるのかどうかというところについて確認できればと思いますお願いします。
委員長。",2025/11/06,企画総務
職員課長福寿課長,"はい。
引き継ぎ職員の募集時の募集案内についてでございますけれども実際これまでも行きつき職員の募集させていただいた際には、大体このぐらいの年齢で、今回採用されたら年収としてはこの程度だという簡単な例示になってしまうんですけどもけ掲載記載はさせていただいているところでございます。
実際その人その人の経歴によって金額がやはり前後してくるところがございますのであまり詳細なところはちょっと書くのはなかなか難しいのかなというところはありますがお問い合わせをいただければもう少し詳細にお伝えすることはできると思いますしそうしたご案内もさせていただければなというふうに思っております。
以上でございますありがとうございます。
まず大まかな形で示していただけるというところと、お問い合わせをいただいたらおおよその数字ということについてはわかるということで理解をしましたそうですねあの金額として、あの給与体系うちはそれだけではないとは思うんですけどもそれも大事なことだと思いますので、それでその金額というところで申し込みを躊躇しかねないような状況というところはできる限り排除できればと思ったので確認をさせていただきました。
より良い人材が確保されて、多くのシティプロモーション体制がより拡充することを期待しております。
次に、資料6についてお伺いをいたします。
本件職員の皆さんが安心して働くことができる環境の確保という観点から非常に素晴らしい取り組みと考えております。
先日の一般質問でも、職員としての中央区の魅力向上というところについてお答えさせていただきましたけども、待遇面ですとか、失明、執務環境といった面もありますけども、そもそものところで今回の笠原のような場面にできる限り出会わない。
安心できる職場環境は不可欠なものと考えております。
今回の施策更新の制作にあたって、アンケートを実施していただいております。
こちらから確認させていただきたいのが、現状において贈呈の組織的な対応ができてるかどうかというところです。
報告書の2ページに傘を受けたことがあるかという問いがありまして。
はい、が283件あるという結果が示されております。
こちらの体育館というところで実態がどうかというところはわからないということも、先ほどご説明いただいたところですけれども、こちらのある内容というところについても重要なんですけれども、同様に重要なのは、それらが実際にあった場合に、その後の話として、例えばその上司が介入してくれたのか。
自身で対応したのかもしくはそのためにも頼ることができずに何か一方的に責められ続けたような状況があったのかですとか、それぞれ様々あろうかと思います。
現状として、必ずしもうまくいってない部分があるからこそ今回の方針の策定があるのかと思いますけども今回のアンケートという点で、アンケート時点でこの現状についてある程度定量的に把握されてるかどうかというところについて確認ができればと思います。
お願いします。
委員長。",2025/11/06,企画総務
総務課長総務課長,"はい、そうですね。
あの実態調査こちらの方で、やはり先ほど阿野委員の方も申し上げていただいたように、1180人の方が回答回答というかアンケートに参加していただいてですね。
283があの火災を受けたことがあるというような認識でその283人に対してさらに突っ込んでですね先ほど聞いて、聞いていただいたようなやはりその周りの支援があったのかどうなのかというようなところ、そうしたところもですね、委員長　聞いてはございます。
こちらの方が上司同僚に相談して解決したというようなところが46%ございます。
一方ですね、こういったことで一定程度、そうした組織で対応できたものもございますし、やはり一部ですね相談せずに我慢したという方が7%それから相談先ですとか相談方法、そういったところがわからずやはり相談せず1人っていう方が2%また相談したらちょっと対応がうまくなされなかったという方も4%いってこれを合計すると13%がこちら大きな我々の課題というふうに考えておりまして、ちょっと孤立しているような状況も確認をされてございます。
こうした結果を踏まえて、やはりあの支援体制の強化がやはり必要だというふうに僕としては考えてございまして職員が安心してそうした相談できる体制でまた周りがそうした笠原で候を重ねて言いますか、非常に暴言ですとか理不尽な要求長時間のそういう必要なというところが見られたら、あの声かけをしたりですとか複数人対応したりですとか、そうした組織的にも支える体制を整えて、やはりあの現場の対応力を高めていく必要があるというふうに考えてございます。
以上でございます。",2025/11/06,企画総務
穂積委員,"はい、具体的な数字お示しいただきましてありがとうございます。
13%がうまく対応できてなかったっていうところで、まさに今回のその方針を策定する意義が十分にあるのかなというふうに考えたところです。
好みで言うともう一つ確認は、今回方針を策定ということですけども、今後どのようにこの方針の策定した効果を図っていくかというところです。
今回方針策定の中で周知が行われるとともに、来庁者の方々等に対しても何らかの形、本区としてカスハラ防止に取り組んでいっていくような姿勢が示されるかと思いますけどもこれらの取り組みの結果として見城よりもそのこういった事案の発生を減らすですとか先ほどお示しいただきたいいただいたように上司などで対応ができた。
割合を増やしていくですとかそういったところが効果として考えられるかと思いますけども、これをどのように測定していくのかというところについて確認ができればと思っております。
安直に言うと今回のようなアンケートを定期的に行うということがあるかと思いますけれども、この考え方というところについて確認できればと思います。
お願いします。
委員長。",2025/11/06,企画総務
総務課長,,2025/11/06,企画総務
総務課長,"、はいこちら基本方針を策定いたしまして、今後やはり各種の対策を実施していくと、笠原の防止を図っていくというようなところで我々としてもその総効果を測定して評価するということは重要と認識してございます。
そして効果的な対策をやはり実施するためにはやはりあの改善すべき点とか、そうした課題、そうしたものをやはり明確に把握してそれをフィードバックしてですね、やはり改善に繋げていくということが必要だというふうに考えてございます。
基本方針こちらは区としてのやはり毅然とした対応をとるというような、そういう姿勢を示した。
大きな考え方ということでございますので、それとともにですねやはり基本方針に基づく対応マニュアル、こうしたものを整備していく。
ところでございます。
具体的にはもう11月10日に運用は開始しますので、来週月曜日ですね。
ですので、それに合わせてちゃんと対応マニュアルなんかももう作成しも現在も、あの暫定版といいますか、あの、対応マニュアルもこれも一度作成して終わりということではございませんで、やはりこれを逐次見直してですね、改善見直しを図っていくというようなところで考えているところです。
ですそうした各種の対策マニュアルを整備しての共通化ですとか、対応の標準化区としては統一的な対応、そうしたものもございますしまた周知、先ほど申し上げていただいたような啓発ポスターを貼ったりですとか、あの研修を実施したりですとか、そうしたまずはソフト面の対策、そうしたものもの対応としてはやってまいります。
再度の実態調査の実施というものは現在現時点ではちょっと考えておりませんけれども、やはり情報の蓄積、そうした共有を図るためのやはりあの様式ですとかテンプレート、そうしたものを作成しましてですね、あの全庁で共有して、非常に貴重なそういう笠原の対応事例集、そうしたものを共有すると、どんなカスハラがあってですね、どう対応して、結果どうなったかと振り返って良かった点です。
が、そうした反省点、そうしたものを事実経過として、それを蓄積していく考えでございます。
全長の各部署がそれはもう貴重な知見になりますので、ちゃんと見れるようにしてですね、そしたら実際の対応事例を積み重ねまして、それを集約共有することで、こちら改善や課題、そうした効果、そうしたものも図っていって、状況の確認ですとか進捗状況、そうしたものを把握していきたいというふうに考えてございます。
以上でございます。
済みはいはいありがとうございます効果測定として様々改善すべき点ですとか、そのマニュアル等をまず作成してそれを逐次見直しをしていくところですとか、あとその対応事例の積み重ねというところもやっていくということで理解をいたしました。
そして実態調査みたいな形で今回やられたようなアンケートみたいなものについては実施今のところは想定されてないということではありましたけどもおっしゃっていただいたようなマニュアル整備ですとか、迷う事例の積み重ねですとかそういったところでどの程度効果があったのかというところを図るという観点からしますと、定量的に観測できるという点はアンケートのメリットではないかと思う。
ております。
今後の進捗頭にもよるかと思いますけども、そっちこちらのアンケートみたいな形の想定領域の調査についてはぜひ今後検討いただけたらというふうに思っております。
はい。
私からは以上です。
おはようございます。
続いて、の発言を願います。",2025/11/06,企画総務
梶ケ谷委員,"私からも資料6、中央区カスタマーハラスメント防止基本方針の策定についてこれまでも全員が様々質疑の質疑を行っておりますので、重ならない部分で質問をさせていただければと思います。
先ほども全員が少し触れてはおりましたが、カスタマーハラスメント対策として、昨年はタクシーの一般質問で、聴者と外部との通話について録音している旨を相手に明示する音声ガイダンスの導入を提案させていただきました。
録音していることを相手に意識してもらうことで不当な圧力の排除や犯罪防止に繋げることが目的となっております今回のアンケート結果でも、電話対応において、威圧的必要な言動や精神的な攻撃が多いことが確認されております。
基本方針には、応対内容の記録の保存や保管との記載もありますが、まず本区の現在の状況についてお聞かせください。
また、音声ガイダンス導入等の今後の具体的な検討方針についてもお聞かせください。
委員長。",2025/11/06,企画総務
総務課長,,2025/11/06,企画総務
総務課長,"はい、こちらカスハラ対策こちらですねやはり実態としてもどういう笠原でっていうところも、やはり対面よりも、やはり電話の方が多いという結果は出てございます。
やはり顔が見えない部分ですね。
そした。
そういう暴言ですとか、そうした一体放題みたいなですねそうした内容また長時間に渡ったり、執拗に何回も何回もというようなそういうような事例も確認してございます。
また、アンケートで今後必要だと思う対応のですね、やはり第1位がやはり電話録音機の導入、そして第2がですね、やはり対面でのそうしたICレコーダーそういったところのの導入それから、3番目に先ほどから申し上げているような対応マニュアル、そうしたやっぱり一律的なよりどころとなるようなそういうやはり職員もですね本当に真摯に窓口対応電話対応しておりますので、本当にあの最後まで途中で打ち切ることなくっていうところもございます。
そうしたものがやはりマニュアルとして組織的な対応で組織的な意思決定をもとにですね、対応ができるということやはり、あの3番目にはどうぞでございますお尋ねの記録の保全ですとかそれから抑止効果、我々としても非常に高いものだと思っておりまして、それはやはり導入に向けてですね、研究をしているところでございます。
やはり現在ですねアナログの回線アナログ回線のあの電話でやってございますけれども、実はこのアナログ専用線の廃止というものが、令和10年の12月に予定をされてございます。
そうするとアナログ回線がなくなるのでやはりデジタル回線のですね、やはりインターネット経由でやはり通信可能なそういう電話交換機、これは大がかりな入れ替えという形になりますのでそういったものもやはりあの電話のあり方今申し上げたような通信インフラの更新、こういったものを景気として、やはり通常の業務でも非常に大きなウエート、電話という点は対応というものは窓口対応みたいなものもやはり占めております。
そういったものの効率化ですとかあり方、そうしたものを見直していくという中で、先ほど申し上げたような、その電話の録音ですね、事前にアナウンスを流して、そしてこれは録音されてるんだというようなところでの証拠保全、そうした記録、そうしたものを我々としても図っていきたいと思っておりましてなおですねICレコーダーについてはすぐにの購入ができますので、先ほど申し上げたように11月10日に来週月曜日に運用を開始しますので、必要な部署、そういったところに、ICレコーダーの方の購入を行って、配布をしているというような状況でございます。
以上でございます。
梶ケ谷委員やはり懸念しておりました電話の方がやはりそういうことが多いということがわかりましてただまっすぐ本当はこうね、音声ガイダンスを導入してやってほしいという気持ちはあるんですけども先ほど説明があったように、学ぶ改正令和10年には廃止ということでその辺をちょっといろいろ契機に、どのタイミングで変えていくのか、ただでも急いでやってほしいことではあるのでなのでちょっとその点については今後、急ぎをテーマに、しながら、今後考えていただきたいと思います。
最後に今回策定された中央区カスタマーハラスメント防止基本方針について本庁舎および出張所において、エレベーターや窓口など、区民の目に留まりやすい場所にポスターや注意喚起のお知らせを掲示するなど積極的な周知をぜひお願いしたいと思っておりますが区民にはどのように周知を行う予定なのか、お聞かせください。",2025/11/06,企画総務
議長総務課長庶務課長,"はい。
非常に我々の周知については非常に重要だというふうに考えておりまして積極的に行っていく考えでございます。
やはり東京都のやはり条例を制定する際に、やはりあの笠原のそういう検討会、そうしたところで議論を行われてますけれどもそうした中でもやはりあの啓発、そうしたものが最も有効で、それがやはりお客様、それから従業員それから雇用で、雇用主は事業者、そうしたものがやはり社会全体の角田笠カスタマーハラスメントを防止していくんだと相互にやはり理解を求めて尊重されるような、そういうものが最後に目指す姿でございますので、そうしたところでも啓発というものはやはり重要でございまして、先ほど申し上げたように職員に対しては、様々庁内で安心して窓口対応、電話対応やっていただけるように周知を行っているところでございます説明会もやって動画配信もやってですね、それからあの質問を受け付けて、その質問のあのQ&Aもですね。
皆さんに公開してやはり理解を求め深めるといったようなところで区民に対しても、区のホームページにも掲載したりですとか、そうした広く情報発信をしてまたプレスリリースなど区民を含めて広く対外的に中央区としてのカスハラ防止に対する基本方針、こういったものを公表して意識の浸透図っていくことが大事だと思っております。
さらに職員も、それから区民に向けてもおっしゃっていただいたように町内人の啓発ポスターこちらの方はあの部署にですね、希望とりまして300万円弱やはりあのイラストなどを用いて、非常に視覚的にわかりやすいそういう啓発ポスターを利用者である区民、それから対応している職員両者に対して周知を図っていきたいというふうに考えてございます。
以上です。
梶ケ谷委員先ほどもICレコーダーが11月に導入されるというお話もありましたけど、急に録音を始め、るのもちょっとあれだと思うので、あとは何かICレコーダーで録音させていただきますっていうのも口頭で話すっていうのもあるんですけど、ちゃんと掲示をして、今回このような形で愛することをちゃんと録音させていただいてますっていうのをちゃんと窓口に提示しておくのも大事だと思うので、その点も一つ要望させてください。
今回の調査でわかったカスタマーハラスメント被害の実情について今後も理解を深めて職員を守るための対策を先ほども申しましたが、早急に整備することを要望して、私の質問を終わります。
続いて、の発言を願います。",2025/11/06,企画総務
渡辺委員,"では私もですね資料2、任期付職員、シティプロモーション推進課長の任用についてまずご質問させていただきたいと思います。
今回シティプロモーション令和6年1月から三つの方向性を打ち出して、現在も推進中でございます。
来年はこれまでもご答弁にございましたように区制80周年を迎えるということで、今年度は新規といたしまして職員さんたちの広報力の向上等々、人委員からも御指摘がございましたように、現在推進中でいらっしゃいます。
そんな中で突然今回このご案内をいただきましたので、私はですね、中長期的なプロモーションの必要性を感じ、だからこそ、今この方向性について新たに取り組みが必要だということで導入なさったのかなとこの先ほどご答弁の中で令和9年以降もということがございましたけれども、なぜ今募集しようと思ったのがそのタイミング、なぜ今なのかということをまず教えてください。",2025/11/06,企画総務
シティプロモーション推進課長,,2025/11/06,企画総務
シティプロモーション推進課長,"。
はい、このタイミングでこうなったかといったところでございます。
先ほども答弁させていただいたところでありますが今布施80周年に向けた高校生ということで動いておりますけれども、その80年以降の取り組みというのはこれからまた考えていかなければいけないというところでですね令和9年度以降のシティプロモーションの取り組みについて検討していくというようなところで専門的に勤務ということで今回の任期付職員というところになったものではございます。
一方でなぜこの令和8年4月からなのかというところではございますけれどもこのシティプロモーション推進課自体はですね本年4月に新設をした組織ということでございまして今年度につきましてあるいは組織の立ち上げとかですねその安定的な運営の確保といったような要素も結構強いものでございましたので令和7年度につきましてはまずこの職員の方で対応をさせていただいた上で、令和8年4月から任期付職員ということで、専門的な知見を活用できればというふうに考えたところでございます。
以上でございます。",2025/11/06,企画総務
渡辺委員,"ありがとうございます。
私はまさに令和8年度の楠80周年に向けて今いろいろと企画をされていく中でですね、もう少し前倒しにできなかったのかなというようなちょっと思いがありまして、今そのようなご質問をさせていただいた次第でございます。
そしてですね、選考方法について1分ですね適格者がいない場合は採用しないということが書かれております。
これはどのような思いで、実際今、今様々なさ、必要性がある。
ということをご説明いただいて生きている中でですね、適格者がいない場合はということはどういう思いでこの1文を書かれたのか。
それについてご説明をお願いいたします。
委員長。",2025/11/06,企画総務
区政シティプロモーション推進課長,,2025/11/06,企画総務
シティプロモーション推進課長,"はい、この適格者がいない場合というところの記載についてでございます。
こちらにつきましてはですね私どももですね当然適格者がいないというような状況というのを望んでいるわけでは決してございませんもちろん専門的知見を有した方がですね、応募していただいて、ふさわしい方をですね、利用できればというふうに考えてございますけれども、あくまで今後の先行していくというような形になりますのでどういった方があの募集に応じていただけるかといったところを考えたときにですね、適任者がやはりいないんだというような判断をせざるを得ない状況というのもやはり考慮に入れておく必要がございますので万が一やはりそういう場合にはですね、何て言うんですか企画者がいないけれども誰かを採用しなければいけないというようなことにはならないようにということでこういった事例も入れさせていただいているところでございます。
以上でございます。",2025/11/06,企画総務
渡辺委員,"はい、中央区の区政80周年、様々な歴史C脳蓄積の中で現在の積み上がってそして未来に向けて、まさにどのようなことを残し、あるいはこの取り組みを経た上で、どのようなことに町に還元していくのかですとか、あるいは産業に関連していくのか。
その先の目的はきっとあるというふうに私は考えてこちらの資料を読まさせていただいております。
その中で今ご説明していただきましたけれども先ほど来ですね、デザイン力という言葉が出ております。
デザイン力が必要というのは具体的にはどのようなことを意味していらっしゃるのか教えてください。",2025/11/06,企画総務
副委員長,"シティプロモーション推進課長プロモーション推進箇所シティプロモーションを行うにあたってということです今回様々な魅力がそれこそ山のように存在していると園側ところはもう皆さん共通認識かと思うんですけれども、そういった中でどういった魅力の部分をですねどういった形で打ち出していく。
そういった形というところでこの区民や最近在学者の皆様の地域の誇りや愛着心を醸成していくためにはどういった形でこのプロモーションを展開していくのかというところの考え方というところですかねそういったところがやはりあの、なかなか我々公務にずっと携わっている者というところでやはり限界があるのかなというところがございますので民間企業とかですねそういったところでこのプロモーションを実際にやってこられた方の知見というものを活用して、そのプロモーションの形を作っていっていただきたいというようなところで考えておるところでございます。
以上でございます。
渡辺委員なかなか職員さん、今公務だ公務に携わってということで、専門外のところをどういうふうに組み立ててくのかということももちろん大変なことだということは理解しております。
まさにこれまでの知見、そして経験を経てきた方々の力を借りてですね、中央区ならではの組織プロモーションに向けて様々な方向性可能性もあると考えています。
例えばDMOですとかユニークVenueなどなど、新たな観光の方向に向かっていくところまで導いていただけるのかどうかも採用経た上で、もちろん今後のシティプロモーション策定方針などなどもきっと出てくると思います。
その上で期待させていただいておりますので、お取り組みを引き続きよろしくお願いをいたします。
ありがとうございます。
そして大切なまさに全員からも様々なご質問がありますが、私もですね資料6についていくつか質問をさせていただきたいと思います。
これ本当にこれまでもさっき福祉の分野ということで特定な特定の部署などにおいて集中してるということがわかったと、このアンケート調査において、ということが書かれておりました。
まさに私もですね、以前、あの福祉の方で大変な思いをされてる職員さん、そして部長さんも、そこに対応するのにどれぐらいの時間を要していたのか。
ということをそばで体験をさせていただきました。
まさに今カスタマーハラスメントの防止基本方針を中央区取り組むということで、一つその方針が決まったのは次に向けてのステップに繋がるのでよかったなとは思っております。
ただ、国の方でも方針が出されたり、そして新たにですね、東京都も笠原の条例出しております。
タイミング的に今になった。
これまでも様々な国からの長い電話、あるいはとてつもなく長いメールそして全員からも少しメンタル的にというようなご指摘もありましたがまさにそういう方からのお電話等々にご対応されてきていたにも関わらずこれまでなかなかハラスメントに対してのハラスメント認定ということも難しかったと思うんですけども今まさに策定をしようと思ったタイミング、どのようにお考えになってまず14月来週の月曜日10日から始めようとお考えになったのか。
これまでの取り組みの経緯などをお知らせいただきたいと思います。
委員長。",2025/11/06,企画総務
総務課長課長,"はい、そうですね委員おっしゃっていただいたようなやっぱ困難な事例、そういったものに対してもこれまでもですね、やはり職員がやはりその都度、所管所管で、やはり管理職が中心になってですね、あの現場で個別にの対応をしてきたところでございます。
そこはもう所管所管で事情に応じて適切にこれまでも対応がされてきたというふうに認識はしてございます。
一番やはり公務員について行政の対してのその笠原というところで、やはりあの悩ましいところはやはり行政サービスが、やはり民間企業が提供するような商品ですかサービスとは異なりまして、住民の自由に選択できるものではございませんで区としても、また反対に行政サービスを提供する義務を負ってございます。
そうしたところからもですねやはり一番は悩ましい対応の一つはグレーゾーンのそうした判断ということになってくるかとございます。
あの現場の管理職が、やはり状況を判断しながら、そうした困難な事例が長時間にわたる事例もですね。
これまでもですね、やはり複数人で、やはりあの窓口でもそうした対応するその職員とそれから記録主に取るような職員と言った言わないみたいなことにもならないように、そうした複数人の対応ですとか、そういう基本的に接遇から始まって事実確認から始まって、それからそうした判断をしていくというような対応はとられてきたところでございますけれどもそうしたところが東京土佐委員も先ほどおっしゃっていただいたように東京都で明確にの定義をされました。
都の条例で、こうしたものはあのカスタマーハラスメントですよとこれはしてはならないということで明確に禁止行為と成っているところでございます。
国の方も同じように、労働そういう施策の推進法、そういったところで同様なまた事業主の方にもそうしたところでの事業主が職員に対して、そうした職員を守るような措置を講じなければならないというようなあの義務付け、努力義務ですけれども、そうしたものがなされたとこでございます。
そうしたところで、我々としても実態調査をしながら、あの国とか都の動向、それからあの他自治体でも、あの先行事例はございますので基本方針を、考え方だけ出すっていうだけではなく、やはり先ほど申し上げたような現場の対応ですね、そうしたものが一番重要になってきますのでそうしたものをあのフロー図ですとか一時対応に事態を段階的に進んでいってこういう形で認定をするというような詳細に検討を進めまして、この度ですね、そうした準備が整って、の基本方針を策定するといったとこでございます。
以上でございます。",2025/11/06,企画総務
渡辺委員,"まさにあのアンケートを拝見させていただくと、これも即刑法犯だなという、刑法に思いまさに抵触しちゃってますねっていうことが明確な事案がいくつかあるようです。
強要罪、脅迫罪その他いくつかいわゆるカスタマーハラスメントとして認定されていく刑法刑法に抵触されていくような事例がある中で、先ほどご答弁の中に証拠を積み重ねていくというふうにございました。
そして今のご答弁でもですね、管理職がヒアリングをかけてということで、今まではですね、アナログ的には窓口などなどでは、黄色くしてヒアリングして、言った言わないがないように対応とってこられたという。
まさに本当に大変なことを経験されてきたなというふうに思っておりまして私もですね全員も、もしおりましたけれども職員さんを守るためにご自身も守っていただくために、本当にどういうふうにこれから舞台にその証拠を積み重ねていくのかなというふうに思っております。
昨今先ほどアナログ電話でしたっけがもうちょっとで廃止しますというようなことでもございました。
もちろんですねITCのレコーダーで、この電話通話されておりますということは高齢者の電話などなどでも中央区既にそういうものを導入してらっしゃいますけれどもそれだけで犯罪抑止ももちろんありますが、実際にその積み重ねていく中でまさにその電話を取った方は、その状況をですね、ずっと聞いてなくてはならない。
とてもそのマニュアルだけでは個人ですぐに即判断することは非常に厳しいかなというふうに思って今実はご答弁聞いておりました。
昨今ですね、様々なAI等々の電話の機能の中で、相手に、相手方には伝わらないように、上司などがアドバイスするというようなそうした電話の機能も出ているようでございます。
そして同時にこれはもちろん全部録音されていく。
つまりは証拠が積み重なっていく。
という中でですね、これ以上はとなったときには、すぐに答えをいただけるのではないかとそもそもですね、公務員の方々のこうした業務を妨害すること自体が、本当は公務執行妨害する罪、公務執行妨害罪ということにももう即抵触していくだろうと。
でも、いきなりその区民サービスを提供する側としてはそれはもちろんできませんのでなかなか厳しいなというふうに思っています。
その中で、相手方が特定していく中で、1回だけではだったらいいんですが複数回となるとどこの段階でどういうふうにということさらに細かく決めた中でご対応していくのかなというふうに思うんですけども、このようなケースに対しては、複数回ということですね。
どういうふうに今後対応しながら実際はここにも書かれております警察等々ということもあります。
しっかり毅然とした態度ということも書かれておりますが、毅然とどのように対応していくのか教えていただければと思います。
傘対策について、これまでいろんな油井委員からもご質問を受けたとこでございます。
まず一点我々これまで業務を行ってきている中で、ハラスメントだったかどうかっていうところの判断は、正直言って非常に難しいというふうに思ってございます。
職員からは我々も私も上司として職員からお話をされたときに、それが本当に相手方のよるハラスメントなのか、こちら側の受け方の問題なのか。
こちら側の態度の問題なのか、この辺は非常にいい難しい問題だというふうに認識してございます。
今回アンケートを取ったわけですけども、実はこれまでもいろんなところで職員からはハラスメントという点もございましたし、そういった部分もあろうかというところはありますけども我々とするとそういったときにいつも思ってるのは、やはり区民の訴えである以上、それがハラスメントということではなくて、それをどう受け止めてどうやって施策に結びつけていくのか。
ということが大事だというふうに考えて対応してきたところでございます。
今回アンケート取れたのは、先ほど申しましたように東京都が条例を作って一定程度の基準を示した。
その基準を見た上であなたはこれまでの業務についてどう感じてますかという。
アンケートでございますのでこれが事実行為かどうかっていうのは全くわかりませんしその行為をもってして犯罪かどうかといった部分ですとか、ところについては非常に判断が難しいところでございます。
これについては、今後も私ども何も変わらないというふうに思ってございます。
ただ、一つの判断基準として、そういったものが東京都から示された。
示されたんであるんで、その判断基準に基づいて判断したときにどういう対応をするかという方針を作らせていただいた。
今後、それに対してどのような対応を具体的にとっていくかについては、逆に言うと、ある意味1からの取り組みだというふうに思ってございますんで、一つ一つ的確にやらせていただきたい。
これまでも警察に通報した事例もございます。
窓口でやってるうちに、お客さんが興奮して職員に物を投げつけた。
ですとか実際問題職員がけがをしたといったようなときには警察に通報して警察官に来ていただいて対応した事例もございますし、そういったこともございますのでこれまでの知見それから今後のその方針に基づくもの、そういったものを踏まえながら、一つ一つ対応していきたいというふうに思ってございますが、職員を守るという意味での笠野今回の方針ではございますが、一方で、だからといって考え方を変えるわけではなく、我々一同しっかり心に留めていきたいと思ってるのは、あくまでも区民の声をどう吸い上げて、どういうふうに施策に生かしていくか、これが大事だというふうに考えてございますので、その辺をしっかり忘れずに対応していきたいと思ってございます。",2025/11/06,企画総務
渡辺委員,"はい。
冒頭ご説明の中でカスハラを受けたというふうな回答した数であって実際に行って、しているわけではないというようなご説明があって、そして今副区長のご答弁いただいた中で、その中でも区民の声を拾っていくこと、吸い上げていくことが職務の中にある。
その中でもこれまでの知見を生かしながら職員を守っていくという。
これまでと変わらないけれど、一定程度の方向性といいますか、基準が示された中で、これからしっかり1から取り組むということで伺わせていただきました。
諸々ちょっと踏み込んで質問させていただきました。
ありがとうございます。
最後にですね資料7についてご質問お願いいたします。
こちら中国の安全安心メール、今回ご報告いただいておりますが、21件、令和5年度から6年度、振り込み詐欺とか特殊詐欺の件数が増えて減っているということのご報告大変ある意味、皆様所管の警察等々の皆様方の効果が出てるなというふうに感じながら、拝聴させていただきました。
そんな中でですね、昨今非常に中央区も外国人の転入の方、転入数が増えておりまして、特にその中国系の方が多い中で、多言語の登録者数特に中国の方々が少ないかなというふうにちょっと感じました。
なるべく一番最初に情報を聞いていただきたいとくにその外国だと情報という意味では外国語なのでと言いますか他言語対応してる方とはいえですね、外国の方々にも適切に情報を提供していく方向性といいますか、どのように外国語登録者数を少しずつ伸ばしていくのかなど今お考えのことがあれば教えてください。",2025/11/06,企画総務
議長総務参事,"はい、今ご質問あった多言語登録者数率直に言いますと私どもも伸び悩みと言いますか、本当にちょっとちょっと手を打つことの部分については、少しほぼ本格的にやっぱりちょっとテコ入れが必要というところの部思いは強ございます。
今現状ですねもちろん窓口に案内による周知の他区のお知らせだったりホームページだったり、また防災拠点運営委員会の活動の場、あるいは町会の説明の場様々な説明の場というところの部分の持ちつつも、実態的にご指摘あった通りの方状況でございますので、ちょっとやっぱりやり方見方を変えないかんといいますかですね。
少しちょっと改めなきゃいけないというのが率直な今私どもの所管でございます。
具体的に今後ですね、例えば訓練の防災拠点訓練本当にこの11月ピークなんですけども、そこにやっぱ外国人の方々をお呼びしてという取り組みが徐々に広まってございます。
そういったところの大葉お使いながらとか、やっぱり我々が防災部局として外国人の方と接し合う部分を少しやっぱ本当に大切な場として、インフォメーションをかけなきゃいけないというところが率直な思いでございます。
単にやっぱり紙というところの媒体とかSNSというところの媒体に頼ることなく、やっぱ口コミ以降一つでというところをある種人のネットワークを使った方がいいんじゃないかというところは私個人的にも思ってるとこでございまして、ちょっとその辺りはですね今ご指摘のところをもし真摯に受けとめながらですねやっぱこの多言語大の登録者数を少しやっぱ1人でも多くちょっと増やしたいそういったところの策を今後具体的にちょっと講じていきたいというふうに考えたところでございます。
以上です。
渡辺委員あの問題意識をお持ちだということをお知らせいただきありがとうございます。
昨今、この所管は違うんですが区の外郭団体で日本語教室をの先生を担当している方からですね、非常にあの申し込み件数が多くて入れないくらい外国人が多いということでのご相談をいただきましたこういう事例もございますので、例えばそうした機会に集まってくださる外国人の方々にこういうものがありますというようなお知らせをインフォメーションとしてお願いしてもいいのかななんて思いながら今ご答弁を伺いました。
様々なあの問題課題がございますけれども、引き続き区民の安心安全を守っていただくようにお取り組みをお願いいたします。
ありがとうございました。
質疑の中ではありますが、ここで一旦休憩に入ります。
再開は3時10分でございます。
計算ぜひちゃんとしたはい聞いてます。
何か腰が痛い。
埋まって電話の回線の大規模なやつが令和10年ですね。
ね遅いですね。
言語3年後ね。
高齢者の方はもう皆さん携帯だから一定に入りましたよね。
携帯じゃね。
うん。
出ます。
はい。
下で聞いてます。
下へすいません。
ただ、いまより、企画総務委員会が再開されますので、ご関係の方は10階第1委員会次にご参集願います。
ただ、いまより、各党面会が再開されますので、ご関係の方は10階第1委員会室にご参集願います。
それでは資料6の中央区カスタマーハラスメント防止基本方針の策定について質問します。
職員の方を守っていくために、大変重要な方針だと思います。
そして先ほど副区長も述べておられましたけれども、あの何が本当にかつ原菜乃華カスハラの正確な認定が本当にできるのかどうかっていうところは、大変大きな問題だなというふうに私も感じています。
この判断するに当たっては、例えば第三者委員会のようなものを入れて、それまでの大記録、そして職員の言い分ですとか、区民の小川の言い分なども聞きながら調整して、それが本当に笠原に当たるのかとそういう公正な判断をしていくということも必要ではないかなというふうに思うんですけれどもその点についてのご見解をお示しいただきたい。
思います。
そして職員にとってちょっと都合の悪いことですとか対応に苦慮するような区民の方がいらっしゃった際に職員の方の側のだけを聞いて判断するということになると公正な判断とはいえないというケースも出てくると思います。
先ほどそういう会話を録音というお話も出ていましたけれども全てやって録音していくということで、区民との信頼関係が損なわれないのかとか、録音されているということでそれを何て言うのか自分が何か疑わしい道をとるというふうに思われているということで気分を区民の方が返すとか、傷つくとかそういうこともあると思うんですけれどもその点についてのご見解もお示しいただきたいと思います。
あと区民の方、様々な悩みを抱えていたり、精神的な疾患を抱えているということが要因となって、ト長調不安定気味になったり攻撃的な言動に出がちだとそういう区民の方というのも一定数いると思うんですけれどもこういう疾患があるような方の強い言葉などをカスハラと判断するのかどうか、あとそういったあてについてもお示しいただきたいというふうに思います。
はい、こちらですね、先ほども副長の答弁あったようにですね、我々の基本方針の文章のところでも、やはり初めにというところで、やはり一番最初にですね区民の皆様から寄せられるご意見ご要望は、区政の改善、それから行政サービスの向上に欠かせない重要なものですというその大前提から始まっていると。
それからまた終わりのところでも、やはり最初にですね中央区で行政サービスの更なる向上を目指して、区民の皆様からのご意見やご要望にやはり真摯に耳を傾けて、それから丁寧かつ誠実な対応に努めていくというものが、これがまず第1で大前提でございます。
その上でやはりその下ですねやはり実際の区民対応の中で現実にですね、やはり職員が区民に対応する中で、非常に様々な場面で直面してるわけでございます理不尽な要求ですとか、そうした制度上、どうしてもやはりルールがございますので、それができないことを平行線になって、ずっと要求し続ける。
それから長時間の居座りですとかそれから繰り返しの電話で中にはやはり暴言ですとか、また脅迫の心理的な脅迫といったものもやはりヒアリングで聞かれたところでございます。
そうしたものもご質問いただいたようにですね、やはりマニュアルのところで、やはりこれまでもそれはやってきてございます。
現場現場での管理職の判断で、やはりあまりにもやはり限度を超えるような社会通念上、そうしたあの限度を超えるような、そういう対応が続いた場合には、また笠原対応というような形であの認定はしてございませんけれども、あのような形でやってきたわけでございます。
それが統一的な区としての目安ですねこれはあくまでもあの個別のその事情で全て異なってくるかと思います。
委員がおっしゃられたように相手方の、その精神的な疾患ですとか、またあの最初に事案が始まった内容が、中には区側にちょっと非があるようなところからあの謝罪をしてるんですけれどもそれが限度を超えるような土下座をしてそれをその謝罪しろですとか、ずっと長時間にわたるようなものですとか、そういったものを我々としてもちょっと繰り返しになりますけれども、マニュアルに定めまして、複数人でそれをその事実をですね、やっぱりあの正確にあの記録するっていうことが非常に大事だというふうに考えてございます。
何を本当に相手方がまず要求をしているのかそれを明確にするところから始まりまして、それからやはりその要求のその手段とか対応またその要求の内容そういったものがまずどうなのか、それからまた時間ですとか、それから回数、そういったものがどうなのか、そうした各要素に着目いたしまして、一旦は先ほどから申し上げたようにその対応マニュアルという形で定めてはございますけれども、これを事例をですね、積み重ねる中で見直していきながら、現実的な現場の対応力を図っていくということでございまして、組織的にですね、あの担当者係長複数人で、それからあの課長に判断を止めまして、それからやるとまた先ほど申し上げましたように即座にですね、やはり110番した方がいいような事例もございます。
そうしたものは委員長2時だよというふうに言わずにすぐにやるといったような、委員長対応を図ってきてございます。
職員の声だけ、それは聞くのではなくていうのは当然でございます区の業務まず第1に区民、利用者のあの声に耳を傾けることが大前提でございますので、そうしたものもしっかりと聞きながら客観的な事実職員の主観的なその判断で、単独での主観的な判断でですね、あの傘認定するということは決してございませんのであの客観的な事実を積み重ねてそれを組織として判断をしていくとまたそれもですね、繰り返しになりますけど事例を積み重ねる中で非常に難しい。
あの判断になってくるかと思います事情によって異なりますのでそうしたものも積み重ねながら、区としての対応力の向上を努めていきたいというふうに考えてございます。
また、電話録音、こちらの方、電話録音はちょっとまだですね、あの先になりますよねあの、先ほど申しましたアナログ回線のところに、後付けで付けるのか、先ほど申し上げたようにアナログ回線の廃止に伴って、デジタル回線すると自動でテキスト化されたりですとか業務の効率化に繋がるというような内容もございますのでそうしたものも含めて対応を考えていくと。
また、ICレコーダーこれ窓口についてはですね、最初からずっと録音ということは今のところ考えてございません。
やはりやはりこれがあの笠原の対応に組織的な対応に移行していく中で、最初は基本的な接遇で傾聴に努めて共感したりですとか必要な場合は謝罪を行うですとか、そうしたところは基本的な設備の心構えそれを改めてあのマニュアルの中でも、あのまず第1にこれがありますということで確認してございます。
クレームの対応に移るときでもそうした今まで申し上げたようなことを順番にやっていってということでございましてそのICレコーダーのところもこれも運用のところで、今後どういう形でやっていくかっていうのはあるんですけれども、今のところは相手の方にこれは録音をさしていただきますという形で言ってですね。
できれば同意を取ってというようなところで、のガイドラインにもですね、そこはそうした方がいいでしょうとただし相手方の了承が必ずしもあの必須のものではございませんというような内容も記載してございます。
そうした録音のところについても適切にやっぱり対応していきたいというふうに考えてございます。
また、精神疾患のある方のその対応ということでございますけれどもこうしたものもですねやはりその方の事象っていうのは他着目をいたしますけれどもやはりそこのやってる行為ですね。
事実、そういったものがやはり必要重要だというふうに思ってございます。
これ職員を守るというような視点もございますけれども、やはりこれがあの全体とのサービスの低下業務の停滞ですとか、それが全体の区民サービスのの低下に繋がるということもございます。
やはりあの職員を守るとともにやはりそうした区民サービスの向上、こういったところに繋げる。
全体の区民サービスの向上とした。
いった視点もございますのでそこについてはあの行為に着目をいたしましてもちろん相手の事情なんかも考慮いたしまして適切に判断していきたいというふうに考えてございます。
以上です。
本当に区民の方も様々な方がいらっしゃるので、本当に区の職員の方は大変なご苦労されているということは本当に重々承知しているんですけれども、やはり区民の不利益にならないような対応というものを目指していくというのも、大変大事ではないかというふうに思っています。
もちろん暴力的な何か行為ですとかそういったことがあれば警察に通報するとか、庁舎からの退去を命令とか、そういったことも当然あり得ると思うんですけれども基本方針の中で、そういった行為があったとき、暴力だけに限らず、言葉によるもの嫌がらせなども含めてだと思いますけれども対応中止するというカスタマーハラスメントへの対応ということで、対応中止という。
文言もあるんですけれどもこれは確認なんですけれども、一旦こういう行為がカスハラに当たる行為が認められたときその場で一旦対応は中止するということでその区民の方にとって必要なサービスであれば、もちろんそれはきちんとサービスの提供がされるように区としては、対応していくということで良いのかその点についても確認をさせていただきたいと思います。
福祉に関わるような手続きの中では、やはり命に関わるようなそういう問題などもあるので、笠原は笠原としての対応。
ただ、として組に行うべきサービスはサービスとしてきちんと実施していかなくてはいけないと思うので、その点について確認をさせていただきたいと思います。
この多くの方針の中でも、首の皆さんからの御意見に真摯に耳を傾けて、誠実な対応に努めますということが入っていてこれ大変良いと思うんですけれども、今東京都がその条例策定したもとで、各自治体でもこういった方針の策定出されていますけれども、私が見た中では、葛飾区失礼しました墨田区の基本方針委員の中では、職員もカスタマーハラスメントを行う立場にもなりうるとして職員の責任、責任という項目で、職員自身もカスハラを行わないように必要な措置を講じ、区民の権利を不当に侵害しないよう留意しながら、質の高い行政サービスの継続的な提供を目指すということが文言で書かれていて、定められているんですけれども職員自身によるカスハラということも存在はするのではないかというふうに思っています。
やはりちょっと対応が大変だなという方に対して、心な一言をちょっと走って、しまうとか、それが区民の方がそれで傷つくとか、そういう例もあると思うんですけれども、そういったことも踏まえて、す墨田区の方では、この方針の中で、こういう架空の職員によるカスハラそれも行わないようにするそういう内容を盛り込んでいます。
職員の責務という項目でも職員は区民の皆様に対し、常に誠実かつ丁寧な姿勢で対応するよう、努めますとか職員はカスタマーハラスメントに関する理解を深め、みずからがカスタマーハラスメントの加害者とならないよう、言動に注意します。
そういった文言も盛り込まれています。
こういった視点も大変大事だと思いますが、そしてこれも中国の方針にもぜひ盛り込んでいくべきだというふうに思います。
今来週納入するということなんですけれども、あくまでもいい委員会で報告されているのは方針の案ということなので、墨田区の内容大変大事だと思うので、そういうものもきちんとを盛り込むなど変更していくということも必要だと思いますのでその点についてご見解をお示しいただきたいと思います。
委員長。",2025/11/06,企画総務
総務部長部長,"まず区民への対応の中Cはどういうものかというところですけども、この活動はハウス面との防止の基本方針の最も大事なところは、私ども職員と区民等とのやり取りの中で、ある意味、信頼関係が崩れてしまう場合があるというところだと思いますそれは私どもの説明が足りていなかったり相手側の思い込みやそういうところで食い違いが生じていたところから説明がなされてないとか、そういったところの数々の食い違いの部分が大きく、感情的なものとして、クリント方がそういった怒りだとか、そういうものを表示させてしまうというような状況があるという場面においてですね。
一旦そこの場面を取りやめると冷却期間を置いて、ちょっともうこの状態であれば、ちょっと話し合ってもしょうがないですよねというような仮に状況があったとして一旦、終わらせるともちろんその後何も対応しないということではなくて、当然その後もその方が必要であればですね、こちらからアクションかけることもありますでしょうし、相手からもう一度もう1回聞きたいんだっていう話があるかもしれませんし、そこのところはそのやり取りの中で、当然決まってくる話でございます。
特にハラスメントカスタマーハラスメントの中で難しいのは、その場で行われていることですので、先ほど委員がおっしゃられたように第三者委員会云々っていう話ありましたけど、ちょっと客観的に一旦置いてということはその場ではできない。
状況です。
大声を出されたりあるいはかなりの言葉を投げつけられてるという状況の中で、一旦この場はもうおしまいにしましょうということでございますので、その後対応については引き続き行っていくということでございます。
それがこの方針のも含め根本のところで、これは区民等に対してもそういった抑止効果といいますか、累計期間を含めようということで、そういったもので私どもとしてはございます。
それから職員の責務ということですけども、それはもう当たり前のことです。
先ほどカタログのお話されておりましたけども、職員がカスタマーハラスメントっていうこのカスタマーハラスメントっていう言い方はあの職員が区民等に対して言う場合はこれはカスタマーハラスメントではありません。
もうこれは明らかに職務違反でもありますしそれは対応が悪いという話でございます職員の不良行為でございます。
それこその意味があるのはその職員が月額約自分が住んでるところの役所に対してどういう対応をとるかという自分がカスタマーとなったときにですね、顧客等と言われておりますけども、そういった対応となったときに、区民としての立場となったときに、そういうことは当然あなたも反対の立場でわかってるんだからやりませんよねっていう。
意味での責務でございますのでちょっとそこのところは意味合いが違います。
職員の責務としてのあり方としては、当然真摯に区民との対応を行うといった上で、当然ながら区民等に対しての投げつける言葉ですとかそういったものが区民職員もですね感情的になってしまって、そういう暴言を発言したりするっていうことがあるかもしれませんけれどもそれはやってはいけないということは当然接遇の研修の中でも公務員としてやっていく職務の責任としても当然あり得ることですので、それはもう当たり前のこととして受けとめておりますし、またその反対の立場になったときもそういった行為はしないということは当然私どもでこういった方針を作っている以上それは当たり前のことで捉えておりますので、そのことをこの方針の中で改めて挙げる必要性は私はないと考えてございます。
でももしそういうふうに上げなければならないということになるとちょっと私どもとして職員を信用してないっていうことにもなりますので当然のことながら私どもとしてはこれを決め、この方針を出すということは、職員も当然この子認識した上で、自らの行動を省みてくださいねということも当然含まれておりますので、そういった観点でこの基本方針を区の職員も受けとめてきちんとした対応を国に対してしていただきたいと信頼関係を作っていく、そしてきちんとした説明、きちんとした意見の受けとめ、要望の受け止めをして対応を図っていくということをきちんとやっていただくということが趣旨でございますので、そこのところを私どももきちんと職員に伝えてですねそういう対応をとっていただくように進めてまいりたいというふうに考えてございます。
以上でございます。
浦委員カスタマーハラスメントが区民、に対して区の職員がカスハラを行うそういう墨田区のものが書かれたものではない。
ないということなんですけれども。
ちょっと後ほど私も確認してみますが、この方針の中で、区の責務というところで、職員がカスタマーハラスメントを行ってはならない旨を職員服務規程に規定する等を文書で職員に明示し、その遵守を徹底しますという文言があるなど、そういうこともあるので、区の職員が何か他の自治体でサービスを受けるとかいうときに、カスハラを自分自身がしないようにということをこの方針の中で盛り込むというのが、ちょっと流れからして違和感があるので、私はこれは区民へのカスハラというものを意図しているのではないかというふうに思うんですけれども、それはやはり違うということでよいのかこの方針中央区でも策定する際にお金を自治体の事例などもいろいろ検証をしながら、策定されていると思うので、この墨田区のものもご存知なのかと思うんですけれども、ちょっとそのあたりの認識が私とは違うのでちょっともう少しご説明いただきたいというふうに思います。
こういったことをあえて方針に書く必要がないとそういうことなんですけれども、当然この職員として心を得ていることだということなんですけれどやはりあの墨田区の方では、この大募集の中で区民等の権利を不当に侵害しないように留意しますということも一番最後の項目の留意事項というところで、しっかり書かれていたり、区民の権利というものもきちんと擁護していきますというそういう作り込みになっております。
こういうことを盛り込むということも私は大変大事だと思っています。
この方針を区民の方が読んだときに中央区の方針を読んだときに、区の職員を守るのは非常に体大事なことだし、ハラスメントは許されないということは、重々承知なんですけれども、これだけ読むと、区民を区の職員を守るというところにとかしているく読む区民の心象あの新庄からすると、区民へのそういう区が行うべき権利行うべき仕事で区民の権利を侵害しないとかいうことも盛り込まれていることによって、双方に歩み寄りの気持ちというか、理解がより深まるとかそういうこともあると思うので区民への配慮ということもぜひもう少し強く入れ込むべきではないかというふうに思いますので、ご見解をお示しください。
委員長。",2025/11/06,企画総務
総務部長総務部長,"、はい。
カスタマーハラスメントの定義が基本的に東京都の条例でも顧客とから就業者に対してその業務に対して行われる著しい迷惑行為というふうに定義されております。
顧客等というのは、当然区民等でございまして今年就業者というのは当然区の職員ということでございますので、カスタマーハラスメントの定義が基本的にそういういわゆるの関係性の中にあるということでございます。
それから今委員がおっしゃられたことについては、あの東京都の条例で既にもう定められておりますので、区の方針では当然定める必要性はないというところもございますし、組区分祝の職員がやるべきマニュアルには当然その部分も記載はしてございます。
以上でございます。
ええ。
ぜひちょっと私の認識が違ったということのようなんですけれども区民に対しての配慮、多くの職員が区民に対しての不適切な言動などないように指定いってほしいということを強く求めて質問を終わります。
私から資料1について質問させていただきます。
仮称入船トンネルの利活用についてということで広場公園が少ない中で、区が本当に積極的に取り組んでおられますことに評価しております。
その上での質問でございます。
特に令和4年度決算の総括から、特別委員会で質疑を重ねてきたという経緯もあるもんですからここでさらに質問させていただきたいと存じます。
まず今日も念のため現地を見てきたんですけれども今の企画部さんの方でいろいろご検討いただいておりますが、現地はあの仮囲いをとって何か入ってごらんはなられましたでしょうか？また、開口が46メーターとなっておりますけれども、いわゆるアルバートはこれ二つだったのか一つだったのか、それから高さがどのくらいなのかっていうのもわかるようでしたら教えていただければと思います。
一生懸命取り組んでいただいてる中でこの質問で恐縮なんですけれども、やっぱり気になりますのは、照明であったりそれから、いろんな意味で危険防止の安全対策、電気、それから排水水も確かあると思いますね。
それからレベルが少し高いんですね。
その辺の地盤整備も結構大変なことだなと思います。
したがいまして、ここではあの構造上をきちっと133メーターという奥行きも示していただいておりますけれども、これを全部何か活用していこうという想定でいるのか、今のこの議論の状況少しご説明いただければありがたいと思います。
よろしくお願いします。
委員長。",2025/11/06,企画総務
企画部参事,"はい。
入船トンネルについてでございます。
まず現地減額ということでございますが、私ども企画部もまず管理自体が東京都の第1建設事務所っていうとこそちらの方で管理してるということでそちらのご協力をいただきながら、まずは環境土木部と我々企画部と、あとはそれぞれですね、活用庁内活用のアイディア等を調査した中で希望するような所属につきましてはもう既に私ども3回4回いいほど中のご見学しております。
あの、やはりあの委員ご案内の通りですねあちら今表の多目的広場からゲートはゲートを開けて中に入りますと段差が今現在1m弱ぐらいちょっと低くなっております。
そういう意味ではあのそこの段差の解消というのはまず課題っていうところで認識してございます。
合わせてですね実際やはり現状閉鎖管理ということで、今は本当にもう飛んでる真っ暗の状況でございます。
私ども有効活用するに当たって本年度ですね環境土木部を中心に現地調査を行ったところでございます委託に置いて行ったところでございます。
で、あの、その中ではですね、あのまず、今ご案内ございました照明であったりですね。
あと給排水位の状況とやっぱ換気であったり、あとは先ほどの段差解消っていうところを主に確認したところでその辺が対応が必要だというふうに認識してございます。
そういったところでですね今回そこの部分についてはまた庁内の検討進めながらということちょっと整理して皆さん安全安心に活用できるような対応をしていければというふうに考えているところです。
あとこちらの会場のあの高さでございますが、現在ですね高さにつきましては約4.5mということで、ただそれが今先ほどの多目的広場とかの段差を解消するとなるとやはりおおむね1mぐらいちょっとかさ上げが必要になってくる状況となりますのでそういう意味では高さ的にはやっぱ3.5m前後になろうかなっていうふうに考えているところでございます。
あと中の形状でございますけども、まず手前の広い間口416mところが奥が15mというところですけど、あのイメージとしてはですね手前がいわゆる高速道路の3車線あるようなイメージです。
手前側が3車線でちょうど中ほど、真ん中ぐらいになったときに車線になるような作りになってまして、それぞれの車線の間にはですねやはりあの上の道路を支えるための支柱がありましてやはりフラットに全て全部が行き来できる状況ではございません。
そういう中でいかにですね、そういったところを解消しながら、広く有効に活用できるかというところをちょっと課題整理しながらそういったところで有効活用のどういったアイディアがあるかっていうのをまず庁内的に検討を進めているところでございます。
以上でございます。",2025/11/06,企画総務
田中委員,"はい。
ありがとうございます。
しっかり調査していただいてるということで、大事なことだと思っております。
やはり133名、133メーターという区域があるっていうのは、かなりの区域だなと思っておりまして、おそらく全庁的にっていう想定なんで当然、区民の皆様の利用とはまた違う。
何らかの何か資材を保管するですとかそういった趣旨なんだと理解をしております。
やはり一番心配なのは、区民の皆様の利用を考えたときにですね、やはりこういったカルバー的なスペースって何てる方はいいんですけども、やはり一般の区民の方特に子供さんたちが利用されるに当たっては、今言った明るさから、給排水の問題からこの設備面ですね。
しっかりやっていかなければいけないと思いますので、やはり安全第一で検討していかなくちゃいけないなと思います。
従って、そんなに何て言うんでしょう。
区域、何十メーター先まで使えるっていうのはかなり厳しいだろうなというふうに思います。
従って、外の明るさが本当に見えて安心できるのは誰が行っても安全だなと思い思える奥行きのレベルでまたあの、誰もが安心して使える広場っていう形がですね、一番安心かなと思います。
つまりは今おっしゃられた通りで、地盤改良して設備を整えるだけでも初期費用は多分相当かかると思うんですね年間の管理費も相当かかってくるかと思います。
おそらく企画部さんが中心になって動いていただいてますので、十分ご承知のことだと思いますけれどもやはり安全で誰もが使いやすいその広場っていう形式がですね、安心だなと思いますので、ぜひそういった点、これまで以上にしっかりご検討の一つに入れていただきながらですね、区民の皆様に喜んでいただける、この入船トンネル箇所の利活用になりますようにお願いをいたしまして、要望いたしまして、質問を終わります。
ありがとうございました。
続いて、議第1企画総務および財政の調査にはい引き続きよろしくお願いいたします確かに点お伺いします先日は行政視察において熊本市では今日熊本DXアクションプランについてご説明いただきまして、本件に関連して東北のDXの推進体制について確認をさせてください。
熊本市においては様々な行政DXの取り組みが行われておりましてその一部の役割を担う存在として、外部のアドバイザーがおられるということで伺いました。
民間の人材を招いてその方がシステムの導入に関するメッセージですとか、重要なプロジェクト管理などに関わっているということで伺っております。
本部においても中央区情報化基本方針の中で副長CIOとする推進体制が示されておりますけども、改めてその体制と外部の民間人材等も含めて、役割ところについてもお示しいただきたいのと、現時点において様々に行政ニーズとして求められる機能があるかと思いますけども、それに対して充足してるかどうかというところについてまず確認ができればと思います。
お願いします。
委員長。",2025/11/06,企画総務
情報システム課長,"はい、ご質問のですねDX推進についての人員体制ということなんですけれども他の自治体におきましてはですね試合を補佐官というのをですね、外部から招いて推進してるとこが多いんですけれども、同区におきましてはですね、デジタル担当副参事の方を設置しております。
間違いといたしましてはあの主にほとんどの自治体がそうなんですけどもCIO補佐官の方をですね、非常勤という形で専門人材を招いて週3日とかですね2日とかという形で実際チーズに復帰してるとこでございますけれどもうちの場合はですね、専門人材というのは変わりません。
その方がですね副参事としてフルタイムでですね週1か、あのいらっしゃったということで、その方を中心にですね実際DXの推進を進めておりますので、実際DX推進としてはですね、逆にですね、こちらの方がよりですね集中してできるんじゃないかというふうに考えているところでございます。
実際の水質体制なんです今現在ですねすいませんうちの方なんですがCIOの方ですね。
昨年ですね副区長からですね、企画部長の方に変更しておりますので、よりですねCROにつきましても、よりですね近いところですねシステム部門に近いところで推移する体制を整えるというところでございます。
以上でございます。
ございます。
まずはそうですねC大阪という言葉を出していただきましたけどもより先ほどこの答申の例でいうとアドバイザーみたいな立ち位置のところで試合をささって話もありましたけれども、こちらの報告においては、デジタル推進特命担当の副参事の方で担っていただいてると活動の非常勤ではなくてフルタイムでやられてるので、より良い体制だということで理解をいたしました。
あとその服CIOに関してですね副部長ではなくて、企画議長ということになったということで伺っております。
ちょっと本日はこちらの超基本方針確認したんですけども、そちらはまだ修正をされてないような状況にあるかと思いますけどそちらについてはぜひ修正をいただけたらというふうに思っております。
そうですね現状の体制としては一旦は十分ということで理解はしてましたけども、今後もさらにDXデジタル化っていうところに関してはニーズが高まる部分だと思っておりますので、今回報告資料にもありましたけれども、さらに引き続き職員採用するですとかそういったところもぜひ前向きにご検討いただけたらというふうに思っております。
もう一つオープンデータに関して伺います。
こちらも今年の事例ですけども、地域課題の複雑化や市民ニーズの多様化の対応というところで、行政の保有するデータの連携基盤の構築に取り組んでいるということで伺っております。
この一つのきっかけとなるのが行政の保有するデータを積極的に公開していくいわゆるオープンデータの取り組みかと思っております。
本区においても一部データが公開されているところですけれども、基本的にはデジタル庁等が示している標準データセットを公開するという形であるかと思っております。
これはこれで重要と思いますけどもいわゆるそのデータを利活用という観点で言いますと行政の方で保有するデータを民間企業なり、朴敏也の方々の要望に応じて崩壊していくというような取り組みも重要かと思っておりますこの要望への対応状況というところに関して、現在現在の体制ですとか掃除赤道についてから報告させていただけたらと思います。
お願いします。",2025/11/06,企画総務
議長企画参事,"はい。
オープンデータについてでございます。
現在ですね本区におけるオープンデータの誤解というとこでやはりいいえご案内の通りですねやはりやっぱ今年もですね行政の透明性の向上であったり地域課題の解決等やはり地域の活性化に資するものというふうに意識しているところでございます。
現在ですねご案内の通りですね県情報化基本方針におきましてですね、自治体の標準オープンで出せと頭の更新等の作業をしっかりと安定的な情報交換の仕組み作りを進めていくということで、区としては取り組んでいるところでございます。
今ご案内ございましたの要望に応じてですね公開であったり予防への利用対応状況というところでございますが、まずいわゆるご要望等におきましては一括してですねまずは窓口としては政策企画課の方で受けとめているところでございます。
その中で必要に応じて担当部署をご案内する、もしくは担当部署の方から話があった際に共有してるっていうなところでございます。
現在ですねオープンデータの活用実績等は区としても抑えてはいるところはございませんが、このオープンデータの上映会公開とは別にですね、当然ながらあの区としては実施しましても情報公開以外にも、いわゆる積極的な情報開示っていう、どういう対応をしてございますので、各窓口におきまして、区が保有するデータを活用したいというときにはですね、各所属がいわゆる公表できるものについてはその都度ですね要望に応じて対応しているというふうに理解しているところでございます。
以上でございます。
はい、まずはオープンデータの中接続については把握いただいているというところと、活動を実施して活用実績としては把握されてないけれどもその開示請求等の様々な形で積極的に対応いただいてるということで理解をいたしました。
あと要望に関しては、ウェブサイトには掲載は特になされてはないかと思いますけども、それは必要に応じて対応されてるということで理解をいたしました。
こちらのオープンデータに関しましては最近東京都はオープンデータハッカソンですとか、都知事杯オープンデータハッカソンですとかを開催するですとか、少しずつ盛り上がってるところではあるかと思いますので、こういった動きも中央区として勝っていけるようにですね、ぜひ積極的な発信等をお願いできればというふうに思っております。
私からは以上です。
ありがとうございます。
議題1、企画総務および第日本政府に対し条約を取り扱う。
4回お疲れ様ですtarインターネット産業なっちゃって。",2025/11/06,企画総務
住宅課長,"および建築課長が出席しますので、ご了承海域の行政視察の実施に当たりましては所期の目的を十分果たすことができたと思いますので、今後の政策の参考になればとなお、内容につきましては、第4回定例会での委員長報告で報告いただきたいと存じます。
それでは理事者報告を委員長。",2025/11/07,環境建設
環境土木部長,,2025/11/07,環境建設
環境土木部長,"はい。
私からは資料1から資料5の報告をさせていただきます。
説明の方につきましては座って説明をさせていただきはいまず初めに資料1位、中央区率や椅子1丁目地下駐輪場仮称の開設についてをご覧ください。
東京駅前八重洲1丁目東B地区第一種市街地再開発事業に伴い、クリック駐輪場を開設し東京駅前における自転車の放置防止の強化を図ってまいります。
1の駐輪場の概要でございます。
名称は中央区立安一丁目地下駐輪場、仮称、所在地は八重洲1丁目6番1号収容台数が300台で、定期利用のみの利用となります。
使用料につきましては他の区立駐輪場と同様とし、各記載の通りでございます。
2の改正を要する条例でございます。
中央区自転車の放置防止に関する条例で、新規に開設する当該駐輪場を追加する他、中放置禁止区域内に放置された自転車の撤去に関する要件の明確化を行う。
3の施行予定日は区規則規則で定める日4の今後の予定でございます。
来年2月の区のお知らせ中央および区のホームページに掲載した後、3月1日より定期利用申し込みの受付を開始し、供用開始は4月いっぱいを予定してございます。
資料1の説明につきましては以上でございます。
次に、資料2、中央区率、開運橋際、公衆便所の廃止についてをご覧ください。
再開発の施行に伴い、中央区率会員橋際公衆便所を廃止するものでございます。
Hの概要でございます。
現在整備中の日本橋1丁目東地区第一種市街地再開発事業に伴い、再開発事業区域内にある開運橋りょうは公衆便所を廃止し、いたします。
最終的には再開発事業で整備される。
意外と建物内において一般の用に供する現状を、大体現状として整備をいたします。
また、代替便所が整備されるまでの間は、べB街区敷地内に仮設便所を設置いたします。
なお、代替便所および仮設便所は民間の施設でありますが、廃止する火炎場所が公衆便所と同等の機能を有する予定でございます。
新居の廃止する公衆便所の名称および所在地につきましては各記載の通りでございます。
3の改正を要する条例は中央区立公衆便所条例4の施行予定日は区市規則で定める日とし、令和8年1月を予定してございます。
午後今後の予定でございます。
来年1月に公衆便所公衆便所の廃止とともに、仮設便所の設置、供用を開始令和13年度に仮設便所を廃止いたしまして、代替イベントの計画の中で、6の案内図にそれぞれの整備予定地を記載してございます。
後ほどご確認ください。
資料2の説明につきましては以上でございます。
次に、資料3街路樹と車両の接触事故の和解についてをご覧ください。
令和5年9月20日に発生した走行中の車両による街路樹接触事故の損害賠償の額の決定および和解に関する区長の専決処分についてに基づく和解の専決処分をいたしましたのでご報告をいたします。
H1の事故の概要でございます。
令和5年9月20日水曜日午後4時10分ごろ、中央区日本橋浜町2丁目31番先において事業用中型貨物自動車が一方通行の道路を走行中に進行方向の右側に食事の空間時の街路樹の一部と接触したため、車両および街路樹が損傷したものでございます。
2の和解年月日は本年10月22日さんの和解の相手方は江戸川区北葛西部長7番4号株式会社インパクト大代表取締役磯野晃生でございます。
4の和解内容でございます。
1点目が本件事故に基づく総務の物損そう。
物的損害についてお互いに賠償請求せずそれぞれの損害は自らの負担とする。
2点目が総務の間には本建築監視もわからないように債権債務のないことを相談3点目は相手方は、本件事故に関わる損害賠償請求第6取り下げる予定でございます。
資料3の説明につきましては以上でございます。
次に、資料4東京サービス株式会社の経営状況等についてをご覧ください。
令和6年度における東京エコスサービス株式会社の経営状況等を候補するものでございます。
1の経営状況に記載の通り本年9月26日開会の令和7年第3回東京23区清掃一部事務組合議会定例会におきまして、地方自治法第243条の3第2項の規定に基づく東京23区清掃一部事務組合から東京サービス株式会社の経営状況の報告がありました。
資料といたしまして、東京サービス歌舞伎株式会社の現況について貸借対照表損益損益計算書を添付してございます。
恐れ入ります。
お目1枚おめくりいただきまして、資料を東京サービス株式会社の研究について、左下に1ページと記載のページの中段になりますが、2の経営成績をご覧ください。
損益計算書の一部抜粋となります。
売上高は100148億476万5324円営業利益は4億2417万4823円経常利益は8億6766万4486円当期純利益は7億4500万7億4543万円6780円行ってございます。
なお以降の電子資料の詳細につきましては後ほど報告ください。
恐れ入りますまた1枚お戻りいただきまして、表紙の2の電力供給施設でございます。
現在東京サービス株式会社から電力が供給されております。
機能施設は経営小学校など記載の6小学校および中央保健所など12施設となってございます。
資料4の説明につきましては以上でございます。
次に、資料を年末年始のゴミ資源の収集についてをご覧ください。
1年末年始の作業でございます。
括弧1内容に記載の通り、排出量が増加する年末年始は込みおよび資源の収集運搬を円滑に行うため増車などにより、平常作業を拡大した特別作業を実施するものでございます。
括弧に時期につきましては、年末は12月24日水曜日から12月31日水曜日までで、28日の日曜日を除きます。
年始は1月15日月曜日から1月10日土曜日までの期間でございます。
山の収集の日程につきましては、期間中の燃やすゴミを燃やさないゴミおよび資源プラスチック製容器包装の容器包装の収集を通常の曜日通りに行います。
ただ、し12月30日水曜日につきましては、燃やすゴミと燃やさないゴミのみを収集した。
そう。
22の周知の部分でございます。
昨日お知らせ12月いっぴ号に掲載する他、年末年始のゴミ資源収集のお知らせのチラシを本庁舎の真心ステーション日本橋月島晴海の各特別出張所で配布するとともに、各町会自治会にも配布をいたします。
また、区ホームページに掲載し、広く周知してまいります。
資料5の説明および、私からのご報告につきましては以上でございます。",2025/11/07,環境建設
整備部長,,2025/11/07,環境建設
都市整備部長,"。
はい。
私からは資料の6から10までを順次ご報告させていただいただきます説明は座って進めさせていただきます。
初めに狩猟の6まちづくり協議会の報告についてであります。
前回の当委員会報告以降のまちづくり協議会についてご報告をいたします。
8月の29日、銀座築地、勝どきおよび晴海それぞれ合同まちづくり協議会を開催いたしました。
議題は記載の通りで、そのうち築地地区まちづくり事業につきましては、事業者の方から8月22日に公表した基本計画を説明し、質疑を行いました。
区の方からは、公表された基本計画を踏まえつつ。",2025/11/07,環境建設
区長議長,"、連名のもと、要望をしてきた歩行者動線など地域にとってよりわかりやすいイメージが持てるよう、この次次回のまちづくり協議会でお示しするとして会議の方を終えました。
そして9月の24日は銀座築地地区30日には勝どきおよび晴海地区の合同まちづくり協議会を開催し、放射動線車両動線のイメージとともに、3枚の具体的なイメージパースをお示しし、ご意見をいただいたところでございます。
下段に記載の通り、当日の資料、議事要旨につきましては、既に送付をさせていただいてございます。
資料6の説明は以上です。
続きまして資料の7居住継続支援事業補助満了後の対応についてでございます。
開発事業区域内の従前社会人のうち、補助を受けている。
対象従前百貨人の一部の方が、令和8年12月末に30年間の満了を迎えることから、補助満了後の新たな対応として、住み替えが困難な対象者に限り、継続して積み続けられるよう、制度を改正いたします。
表をご覧ください。
現在の地区で、当事業を行ってございますが、晴海1丁目地区が最も早く、当初満了期間を迎え総戸数124戸のうち、今回対象となるのが34個の世帯でございます。
おめくりいただき、2ページ目です。
2の経緯および対応ですが、令和4年度から個別相談会を実施し、補助満了までに積み替えの検討を促す説明を行ってきたところですが、今般の居住者の高齢化による住み替えが難しい現状を踏まえ、福祉的な観点から高齢者世帯と非課税世帯に対して補助満了後も新たな家賃算定により補助を実施してまいります。
3の補助要件および新たな家賃補助算定ですが、対象は全員が65歳以上の高齢者世帯または全員が非課税世帯を新たな対象としてまいります。
なお、その対象者および家賃補助額については個別に案内を行ってまいります。
4の今後のスケジュールです。
11月より満了後の対応に体に関する説明会を実施いたします。
その後、要綱改正予算の可決を経て来年度5月から個別の相談会を実施し、その後申請手続きを随時受け付け令和9年1月から新算定による補助交付を開始してまいります。
なお、来年4月には晴海1丁目地区以外の住宅に関しても、通知を順次行ってまいります。
資料7の説明は以上です。
続きまして、資料8区立住宅等の入居者募集についてでございます。
毎年、転出転居の多い春と秋に記載のように広く募集をかけてございます。
今回は区立住宅が2施設に高齢者住宅が2施設3戸でございます。
恐れ入ります。
次ページをご覧ください。
こちらが募集住宅の概要で、各住宅、それぞれ記載の通り間取り面積また、基準、使用量をお示ししてございます。
いずれも家賃の住宅となりますので、申し込みをされた世帯の所得額によって実際の家賃が確定するものでございます。
恐れ入ります最初のページにお戻りください。
2のスケジュールですが、区のお知らせ11月15日号区ホームページに掲載募集期間は11月の17日から26日まで抽選は12月の23日その後資格審査の上、入居は来年3月上旬となります。
資料8の説明は以上です。
続きまして資料の9です。
中央区耐震改修促進計画の改定について恐れ入ります、適宜資料の方は拡大の上ご覧をいただければと思います。
1の改定の経緯ですが、例えば国や都の動向を踏まえ、5年ごとに計画の改定を行っており、令和3年3月の改定から5年が経過することから、今年度末の改定を行うものでございます。
2の改定概要ですが、大きく3点ありまして、1点目が、令和12年までの5ヶ年計画とし、建物の種別ごとに耐震化の目標を再設定してまいります。
2点目が、近年の地震による被害を踏まえ、2000年基準の施行以前に建てられた住宅も含めた耐震化の目標や、特定緊急輸送道路沿道建築物の耐震化の目標を新たに設定してまいります。
3点目が、2000年基準の施行以前に建てられた木造住宅および木造建築物に対する支援を新たに追加するとともに、新耐震基準の施行以前に建てられた住宅や緊急輸送道路等に係る建築物に対する支援を拡充してまいります。
山の耐震化率の現状と目標の変化ですが、一番左側の令和2年の策定時点と比べ、中ほど、令和7年時点では、耐震化率はいずれの項目も上がっていることがうかがえます。
また、その右、今回の改定目標ですが、もう一つその右側の東京都の目標設定を踏まえつつ、本区のこれまでの進捗を勘案して定めてございます。
恐れ入ります。
くりいただき、2ページをご覧ください。
4の耐震化に対する支援ですが、記載の4点について、今回の計画に盛り込み、来年度からの予算化を検討してまいります。
後の耐震化を促進するための環境整備ですが、耐震促進協議会の運営による普及啓発を初め、アドバイザー派遣パンフレットなど様々なツールを活用しての普及啓発費の活用による推進など多角的に取り組みを行ってまいります。
6の今後のスケジュールですが、委員会報告後、11月末にはパブリックコメントを実施の上、今年度末に計画の背景を予定してございます。
次ページの参考ですが、中央区内の耐震化率の現状として、健康計画に対する達成率等をお示ししてございます。
また、その次のページ別紙1として、今回の耐震改修促進計画の素案をまた後段の方になりますが、30ページ目には別紙2として、中央区住宅耐震化緊急促進アクションプログラムの案を掲載してございますので後ほどください。
資料9の説明は以上です。
続きまして資料の中マンションの建て替え等の円滑化に関する法律および建築基準法施行令の一部改正に伴う中央区事務手数料条例の規定整備1の内容ですが、中ほどの表5をご覧ください。
現行のマンションの建て替え等円滑化に関する法律の題名が、マンションの再生等の円滑化に関する法律に改正されるなど、国において、老朽化するマンションの管理再生が図られるよう、法律の改正建築基準法の施行令が改正されることに伴い、これを引用している本部の事務手数料条例に構成等が生じるため規定整備を行うものでございます。
2の施行予定は、両括弧1については、改正法の施行日の令和8年4月1日両括弧2の建築基準法の施行令は公布の日を予定してございます。
資料中の説明および私からの報告は以上です。
ありがとうございます。
それにつきましては既にご承知の通りですので、よろしくお願いいたします。
ただ、いまの時刻は午後1時52分です。
自由民主党77かがやき中央さん39分公明党さん、39分に会社さん10分令和3、10分となります。
なお、持ち時間には、この後のこの後の議題である請願審査の時間も含め含まれます。
それでは、理事者報告に対する質疑に入ります。
ゲームをお願いいたします。
委員長。",2025/11/07,環境建設
角屋委員,"私の方からは大きく3点、資料1また資料7資料9の中から質問させていただきたいと思います。
まず資料1ですね。
中央区区立、八重洲1丁目地下駐輪場を歌唱の開設ということで、東京駅を使う方または東京駅周辺に仕事で行く方この自転車で定期利用今回の定期利用ということですけども、すごく利便性向上に沈む取り組みというふうに思いました。
また、地域の開発の中で、このちゅ駐輪場を作っていただいたということかなというふうに理解しております。
また、放置自転車も減って、まちの美観に資する取り組みというふうに思いました。
そういった中で、この今回300台の定期利用というのが終了するということでございますが、今回定期利用ということなんですけども、例えばこの時間貸しの検討とかですね。
また、周辺のバイクシェアサービスをちょっと見てみますと、サイクルポートについても比較的少ないんではないかと、東京駅の八重洲口には少ないようにちょっと考えております。
そういった設置というのは、お考えについてどのように考えているのかをお聞かせいただきたいと思います。
委員長。",2025/11/07,環境建設
交通課長交通課長,"はい。
ヤリス1丁目の地下駐輪場でございます。
今回ですね、委員ご案内の通りやりすぎ丁目地下駐輪場こちらの再開発事業と併せまして、300台ほど定期利用者の利用形態ということで開設いたします。
一方で、令和4年にはですね、ヤリス2丁目北地区という地区の再開発事業下でこの中ではやり過ぎ丁目地下駐輪場というものを整備しておりまして、こちらでですね、290台分の1事業が市のそういった利用形態の駐車場を既に整備しております。
ということで、安1丁目と2丁目、それぞれ機能分担をして、放置自転車対策に努めていくということを考えております。
以上でございます。
議長角屋委員ご答弁ありがとうございます。
今ちょっと私も気がついてなかったんですけれども、1丁目2丁目で、定期貸しまた時間勝ちというふうにお話をいただきました。
そういった形で面的なそういった整備をしていくというふうに理解いたしました。
ありがとうございます。
月井に移ります。
次へ資料の7でございます県居住継続援助事業を補助を満了後の対応についてということでございます。
私も御相談をいただいたケースもございます過去にありました。
このコミュニティファンドによって、この地域に限られた街に住み続けられる、そういう取り組みを果す本区としても、している。
そういった中で、昨今では家賃が急騰している。
また、今回の取り組みとしては、継続的にまた福祉的にですね、観点で取り組みをしているということも、すごく良い、良いというかですね、私は取り組みとしてはありがたいということじゃないかなというふうに思っております。
それはやはり、住んでる方も高齢になってしまっている。
また、収入が今もう本当に家賃、晴海の家賃はもうすごく上がっておりますので、そういった意味で区の方としても、もう本当は30年間というご約束の中で、進めてきたところでございますが、そこを福祉的な考えで伸ばしていこうと。
そういった取り組みっていうのはすごく共感する取り組みというふうに思っております。
今回特別大賞従前、釈迦にということでその方は今後も延長されるとまた対象従前借款にのみ載せたいですね。
晴海でいくと一番最初に34個あるということでございます。
この中の方で対象になる。
この34個の中の対象になる方っていうのはどのくらいいらっしゃる。
かですね今回の補助になるというところがまず一点です。
あとですね、ここにも書いてありますけども、令和4年度から個別相談会を開催していったとある意味本当になんていうんですかね。
将来的のことをしっかりと考えていただきたいと、30年前にもお話があったとは思うんですけどもそこのところをしっかりと説明会をしている。
具体的にちょっとこの個別説明会について教えていただきたいと思います。
委員長。",2025/11/07,環境建設
住宅課長,"、住宅課長居住継続援助事業についてもう2点ご質問いただきました。
まず一点目が晴海1丁目の対象従前社会人のみの世帯34校内の新たな補助の対象についてでございます。
実際は世帯の所得に応じて、所得とあと年齢ということになるんですが、実際には申請をいただいてその書類を審査してそれで覚悟確定にはなりますが現在いただいている情報で、ざっくり計算をいたしますと34個のうち19個が新たな補助の対象になろうかという状況でございます。
もう一点個別説明会の状況でございます。
30年で、やはり補助が満了するということで、対象従前社会の方は、そのまま酢水系ていただく場合には家賃負担が増えてしまうと補助がなくなってしまうということですので、そういった世帯における家賃負担がどれぐらいなのかというところも契約なんかも確認をいただきながら、場合によっては住み替えというところも視野に検討いただくような形で、それぞれの個別の方について現状、お住まいの家賃とですね、補助がどれぐらい出ているかというところを個別に資料をお示しをしながら、住み替えの仕方でとか、そういったところも含めて個別に対応させていただいて、いるところでございます。
以上でございます。
委員長　、角屋委員御丁寧にありがとうございます。
はい、個別説明会を令和4年度からしされているそういった中で今回福祉的っていうところがすごくやっぱりあると思います。
もう高齢になって、借りることができないっていうのはやっぱり私もそんな特に最近は、家賃が上がってきてます。
そういった部分では、高齢の方がそもそも高齢の方は一般の民間住宅ですね。
断られるケースって結構あるっていうふうに私は認識しています。
そういった中で今回65歳以上というですね。
一つの福祉的なっていうところで、この主な補助要件っていうのがつけられたのかなっていうふうに私は推測します。
ですね。
そこで、ですねちょっと提案なんですけども、もうすごく私はいいことだと思います。
やはりこの家賃がすごく上がっているっていうこともありますし、自主的な観点から含めてですね、今後、主な補助要件を私の考えなんですけれども、やっぱりうちはおかしいですってこれなしにして、下のですね、新たな家賃補助算定、要するにその人の所得に合わせた形でも使用料を算出するっていうような形でですね、このもう少し広く、ちょっとそこのところは広くなんていうんですかね、救える方を今ので言うとですね、今3419個っていうことで中高校の方がちょっと当然この違うところに行かなければいけないのかもしれないし今の家賃が上がるっていうことだと思いますでていけたわけではないんですけども家賃が上がるっていうところで、その所得に応じれば仮に家賃が上がったとしても、今まで通り住むこともできるんではないかというふうにちょっと私は考えました。
そういう考えについて、本区としていかが考えますでしょうか？委員長　住宅課長住宅課長補助要件についての嘘やはりこの居住継続援助事業法自体は、やはりその30年間の補助ということで、委員からご紹介ありました通り、特別対象従前社会人の方とか住んでいた世帯主の方とその配偶者の方につきましては居住している限り、補助が続くということなんですが、その後に入居された方ですとか、終わりになったお子様ですとかそういった方については30年という期限で補償を目指しているというところでございまして、先ほどからもご質問ありました通り、個別相談会で補助満了につきましては補助がなくなるというところもこちらは周知をしいさせていただきまして、住家も選択肢として、ご負担いただけるような状況も踏まえて、ご検討いただきたいということで、行ってきたところでございますそうした中でやはりその住み替えそのものがやはり困難な方については、30年でもう補助終わりたいよということだと、なかなか住み替えそのものもできないというような状況もございますので、そうした方につきましては福祉の観点で住み替えが困難というような方としてはその高齢の方、これの方は所得があってもなかなか年齢で離れてしまうというような状況があったり、あとは所得については新しい住宅を借りるといったところで、やはり課題になってくるというところを踏まえてもう補助要件を設定させていただいているということでございます。
以上でございます。
議長杉浦委員ご答弁ありがとうございます。
区の考えとしても最大限福祉的なことも考えてますというのは伝わってきております。
私はあの要望として先ほどお話した、括弧2の新たな家賃補助算定みたいなところでですね、この、もう少しこのこの15項の人たちをですね、今まで通り家賃は当然あるんだと思うんですけどもそういった形でですね、支援ができないのかなっていうふうに思います。
なので質問させていただきました。
最後1点だけなんですけども、コミュニティファン等については、これは何て言うんですか対応がその延長するっていうことですから、そこのところのたてつけとその勉強することによっての支援が困難になる、そういったことは大丈夫なんでしょうか？委員長　住宅課長住宅課長満了後の対応における着信基金の状況ということのご質問でございます。
この補助満了後の補助対象者とその補助額を現状の情報をもとに、算定をしたところを、特にその基金が枯渇するとかそういったことはなく、補助ができるというような確認は委員長相崎ICしましたこの15号の方に対してもですね、しっかりと次の天井のところも含めて、しっかりと対応できまして、サポートですねマンション型のサポートをお願いしたいというふうに私は要望させていただきたいと思います。
最後に資料9です。
中央区耐震改修促進計画改定についてということで、私はもうこの耐震改修のですね促進計画を本当にもう5年ということで、もう新たな5年がこれからまた進むのかというふうにちょっと思い、言いました。
過去にも何か質問したことがあるんですけども、本区ではこの他の自治体に比べて、この補助率という形で補助額も多いというふうに私は認識しております。
そういった中で、この少しずつこのですね耐震化町の耐震化を進めてきた。
ということで、今回新たななんていうんですかね。
この7年度で終了する次の新たな改定ということで、目標をまた新たに作っていく。
というところでございます。
そういった中で、今までのなんていうんですかね。
7年度で終了するというところの所感また2000年基準というところでここを追加した。
お考えですね。
その辺についてお聞かせいただきたいと思います。",2025/11/07,環境建設
議長建築課長建築課長,"はい、耐震化促進計画についてでございます。
これまで今の計画についてはですね、令和3年資料の方にもお示ししているんですが、令和2年3月時点から令和7年3月中でどのように変わってきたのかというふうに今見てみますと、住宅やお時間特定建築物についてはですね、この5年間の間大体0.7ポイントから1.2ポイント、耐震化率が上昇してきているところですので、評価するならば一定程度着実に進捗してきているだろうというふうに考えている。
でございます。
一方でですね前回平成28年の3月にですね改定した前回の促進計画のときからそのとき、どのような期間中の耐震化率の進捗があったかってちょっと確認してみたところですね。
その際には1.4ポイントから1.6ポイントの上昇だというところで、なかなか耐震化のその伸びについては少し鈍化してきているところがあるかなというふうに考えております。
私ども取り組みの中でですね、所有者訪問という形で、実際その旧耐震の建物の方の方を回らせていただいていろいろお話とか、お伺いしてるんですがやはりその辺もですね近年回ってる中で言えば、あんまりいいどちらかというと今耐震化の取り組み慣れてない方っていうのはあんまり耐震化について今関心がやはり薄いというところがちょっとあるかなというところがございます。
ですので5年間やってきた中でもですね一つ課題としては、そういうちょっと意識としてあまり耐震化に積極的じゃない方への働きかけを今後どうしていくのかというのが一つ課題として挙がってきていると思うと聞いている。
ありがとうございます。
2000年基準についてですが、新たにこの2000年基準というものを今回追加いたしました。
このこれまでの促進計画の中ではですね、やはり旧耐震というと、敷地としてやってきたところでありますが近年の地震熊本にしろ、能登半島にしろなんですが、そういう地震を実際被害を見ていく中でですね、やはり旧耐震だけではなくて、2000年基準娘基準というのが木造住宅の針とか柱の接合部分に関する基準がちょっと追加に選任されてるんですが、ここの部分を満たしてる満たしてないでもですね、住宅への被害の状況というのはやはり変わってきて、そういうところを踏まえまして、この度促進計画の中で、新たに対象として加えて今後、事例時期については取り組んでいきたいというふうに考えているところでございます。
以上であります。
委員長　、清宮委員御丁寧にご答弁ありがとうございます。
着実に耐震化を進めてきた。
というですねことで、これからもまた新たな計画の耐震化を進めていただきたいというふうに思います。
最後に一点ですけども、2000年基準の木造のみということで見出しない基準2000年基準を満たしていないとですね。
参考資料23ページになるんですかね参考資料の中で中央区内の耐震化の現状ということで、木造をということで160ここに記載がされております。
この辺のですね、耐震化への働きかけ、どのように考えてらっしゃるのか私も先般、あの書を照合防災訓練で回ったらですね、合計でわかりやすくですね、模型を作ってですねこういうラストになりますっていうですね、やらしていただく見さしていただいて、本当にこういうふうになるんだなってこういうふうにすると、耐震化ができるんだな、例えば何かそのものを思いました。
本区としての今後、その165働きかけ、についてお願いいたします。",2025/11/07,環境建設
建築課長建築課長,"はい。
今回新たに対象760円こちら160分の木造住宅働きかけの時これまでやってきたものから特段新たにですね、やっていくということというよりは、これまでやってきた地道な活動を、これの延長の中でそちらの160に対してのですね働きかけを行ってきている状況で。",2025/11/07,環境建設
あまり今委員長,"ご紹介いただいた通りですね、やってきた取り組みの中では、イベント等での機会を捉えてわかりやすくご説明する。
その中で2000年基準に対応する対応してないまたどう変わってくるのかといったことや、個別の訪問の中でもですね今後新たに2001人に満たない住宅を対象として個別にそこにお住まいの方消費者の方にお会いさせていただいていろいろお話をしていきますそういう中でもですね、その耐震性の重要性というものを訴えていきながら、その耐震化に繋がるような働きかけを行っていきたいと考えております。
以上です。",2025/11/07,環境建設
議長清宮委員,"ありがとうございます。
これからもこの次のですね改定計画の改定がすごくまた大切なというふうに思いました。
2000年基準その辺についてもしっかりと幅広く耐震化を中央区としても進めていくというふうに理解させていただきましたので今後ともよろしくお願いいたします。
以上で私の質問を終了いたします。
ありがとうございます。
次のご質問者の発言を願います。
川端委員よろしくお願いいたします。
私の方からは資料7、そして資料9についてちょっとお尋ねさしていただきます。
資料7居住継続援助事業補助満了後の対応についてということでございますけれども、このもう30年という長きにわたり、あの補助事業を続けてこられてるということで本当に感謝申し上げたいと思います。
この中でですねこの継続さらにお住まいになられてる方で、なかなかあの転居をままならないご高齢の(世帯ですとか65歳以上の高齢世帯それから全員が非課税の世帯を新たな補助対象者にするということでございますが、例えばですねこの5年でなりますと要介護者を抱えてらっしゃるご家庭ですとか、5世帯の中でその障害をお持ちの方ですとかこういった方もいらっしゃるかと思うんですけれどもこういった方に対するその補助事業の継続ということを文言として入れるというお考えはございませんでしょうか？委員長　住宅課長住宅課長保証要件対象者の保険でございます。
あくまでも充電社会人の方の居住継続ということで実施をしてきた事業でございます。
そうした中で、やはり補助が満了する中での住み替えというところに着目をして、その住み替えが住み替えをこちらも個別相談会を通じて促して、いったところでございます。
その中でやはり住み替えが困難なっていうところを不動産の団体さんからもお話伺ったりしながら、やはりその年齢でやっぱりネックになったりとか。
やっぱり所得の部分っていうところが、やはりございましたのでそうした形で住み替えが難しいというところについて年齢というところと、その所得というところで基準を設けさせていただいているところでございます。
以上でございます。",2025/11/07,環境建設
川田委員,"はい、その趣旨を受注理解をしているつもりではございますが、やはりご高齢の世帯、年齢の要件というのも転居に関しては非常に厳しい要件になると思いますけれどもやはり要介護のご家族を抱えてらっしゃる5世帯ですとか、障害をお持ちの方を抱えたご家族、なかなか勉強が難しい状況にあるかと思います。
押山、なかなかの対象世帯が限られておりますので、その世帯が含まれるかどうか。
あとは私の理解の範疇を超えておりますけれども、そういったケースも想定しましてですねぜひとも、もう一つ踏み込んでいただいて、ぜひとも要介護者要支援者を含めて、書いているご家庭を支えるという意味で、あの対象に繰入ていただければというふうに考えております。
ぜひともご検討いただきたいと思います。
続きまして資料9の方に移ります。
はい。
10億耐震改修促進計画の改定につきましてはということで今回5年5ヶ年計画の耐震改修計画案が出されてこれから検討していくということになりますけれども、耐震化工事、耐震化ですね住宅は木造住宅は特にですけれども、古い共同住宅も含めまして、地震に際して倒壊をしますと、特に救助といいますか、道路をふさいだりとかですね非常に災害の復旧支援が非常に滞ってしまうということもございますのでこの辺り今回の計画でも、更なる95%の達成率ということを今数字が出ておりますけれども、更なる高い水準を目指していただいて、ぜひともこの耐震化改修促進ということで主進めていただきたいと思いますが、日この耐震化がこの今例えば木造住宅の場合で、なかなか耐震化が進んでいないす。
今8%台で、あの数字が出ておりますけどもその原因というのはどの辺りにあるか、もう一度ちょっとお答えいただけますでしょうか？徐建築課長建築課長はい児童住宅の耐震化が最後のひと押しがなかなか進んでいないところも原因というところでございますが、先ほどちょっと消費者訪問というお話をさせていただいたんですがやはりそこで聞こえてくるお話だと、特に高齢者の方とかですと、なかなか極端な意見ではあるんですが自分はこれまでここに住んできてから大丈夫なんだという何か、ちょっと根拠のないような自信みたいなものがあったりだとかですね。
あとはそういう人生のベテランの方の方よくご発言あるんですがそのときは潰れちゃったらそのときはそのときだよっていうのはこういうのは発言もあるんですよね。
ですのでいかにですねそういうような実際に耐震化というものに向き合う。
そこで、の被害というのはその方だけの被害ではない町としての被害になってしまう。
いろんな人にいろんな悲しい思いをさせてしまうので、そこに対してどういうふうにアプローチどういうのが一番響くのかというところを考えて今後取り組んでいきたいと原因としてはそんなところを声として聞いていると以上川田委員ありがとうございます全員の質問とかぶっておりますけれどもそこでですね方ですねこのなかなか耐震化の意義を理解していただくと難しいという状況の中で、区として耐震化やはりあの費用も結構かかりますので。
あと、業者選定等も難しい面もありまして、なかなかあの子良い業者、そうでない業者というところもありますので、その辺りの靴をして働きかけ方今後ですね、ちょっと取り組みを少しご説明いただければと思います。
委員長。",2025/11/07,環境建設
建築課長,,2025/11/07,環境建設
建築課長,"、はい。
働きかけ方についてでございます。
働きかけ方についてなんですがこちらの本区だけでですねいろいろ対応するのはやはり限度があるというところがございまして、組合のですね関連する三つの団体、一つは建築紙事務所東京建築士事務所協会の中央支部、そしてもう一つは工務店の方が所属してらっしゃる。
東京中小建設業協会中央市そしてNPOなんですがまち作りと防災を研究している。
そんなその三つトップの方でタッグを組んでですね、中央区耐震促進協議会というのを結成いたしまして、その中でイベント等にですね、三者それぞれの強みを生かしながら、いろいろ所有者または住んでる方のご相談を受けたり、そういう対応を行っているところです。
こちらの方々ともですねそれぞれの強みを生かしながら、その方が抱えているような例えばその当時のことなのかとか、あとは設計上の話なのか、そういうところをいろいろお聞きして、それに必要なアドバイスや国会等ができるように取り組んでいるともちろんとしてもやはり経済的な部分については耐震の助成等をご紹介いたしながらですね、支援を図ったところでございます。
はい。
今お話出てまいりました女性の方なんですけれどもあの住宅金融支援機構さんの方で1000万円まで事業費の80%ですか。
女性が出るということでは融資を受けるということで聞いておりますけれども、80%ということで、残り20分の部分ですねそして補助を出すとか、そういったお考えがあるかどうかご検討いただけるかどうかちょっとご回答いただければと思います。
著建築課長建築課長有志の残り枠についての補助という考え方というよりは私どもの方ではかかった費用の半分ないしは高齢世帯については全額限度額あるんですが、そういうところでの支援を行ってますので引き続き、こちらの方に取り組んでいきたいと考えております。",2025/11/07,環境建設
川田委員,"ありがとうございます。
あともう一点だけなんですけれども木造ではないあの教授、共同住宅がですね、最近中古マンションの高騰もありまして、この間チラシをちょっと見ましたが、値段は安いなと思っていたんですけども、築50年以上のマンションリノベーションしておりまして、その辺りの問題点と、かなりこれから出てくると思いますので、耐震化のあたりも、区としても気をつけていただければと思います。
私も議題、環境保全および建設行政の調査について質疑に入りたいと思いますが、先ほどの角屋委員の質疑において、タイマー表示が一部停止を押してしまいましたが、指のタイマーで計測をしております。
使用時間を22分、残時間を17分として、質疑を続けさせていただきたいと存じます。
それでは議題に関する環境保全および建設行政の調査について質疑のある方はご発言をお願いします。",2025/11/07,環境建設
塚田委員,"はい、それでは私からいくつか質問させていただきたいと思います。
11月になりましたようやく暑さというのがなくなって、一気に冷え込んで参りましたけれども、今年の夏もですね3年連続で過去最高に平均評価水位を出すということで記録されております。
近年の猛暑ですね。
これは特別なことではなくて、もう年を追って、普通になってきております。
これはおそらくこの傾向はこの先もですね、また上がってくるかなと平均気温が上がってるのかという思いでですねって言うと、誠にもしもし。
健康被害のおっしゃることはないですね。
やはりどういった対策をしていくべきなのか。
今は大勢で考えてなかったようなところでもね、やっていかなきゃいけないのかなという思いで、考えているところでございます。
そこで、まずですね、道路舗装についてお尋ねいたします。
ちょうどオリンピック開催に向けてだったその頃だったと思うんですけれども、国道を初めですね。
そして区道においても施行されましたのが遮熱性舗装でございます。
路面温度を最大10度程度下げるというような効果があるのかですね。
公共対策の期待を背負ってそれからマラソンをやる計画もありました。
そういう意味では銀座通りを初め、あらゆるところでちょっと眩しいキラキラした感じの道路舗装でしたけれども、あれがあちこちに舗装されたのを見たわけでございます。
あれから6年、あるいはそれ以上経過しておりますが、現在ではあちこちで劣化と言いますが、少し表面が剥げてるような感じのところも見えております。
やはり耐用年数も何となくそれぐらいなのかなという思いで見ておりますけれどもこの間、6年7年を振り返っていただいてですね、どういう状況であるのか、それからこの細尾においての御所感、そして今後の活用などあれば、まずお聞かせいただきたいとす。
それともう1点ですね。
もう水ですねこれを下水管や土へと誘導する。
湧水性それから排水性舗装ございます。
やはり気温とともに、近年多発いたしますのが、短時間の豪雨でございます。
これがかなり日本全国で発生して、都内においてもですね、1時間に100名を超えている。
豪雨が降るこういう状況になっている中で、この本区においてもですね、やはりこの雨水のさばき方は先日視察で、加湿器のポンプ場すね。
あそこを見せていただきましたけども、あそこの所梨衣能力がやはり時間当たり70ミリという話をされておりましたけれども、現在ではそれを上回る雨の量が降る可能性があるわけで、そういう意味ではこういった本来の水の流れるルートと別にですね、こういった道路の下に要するに落として、なるべく分散させていくということが大変重要だと思っております。
その意味ではこれもあと湧水がそういうものですねそれから排水性においては、要するに道路のハイドロプレーニング現象軽減させるようなウィンター水水を下げるという効能かと思うんですけど、こういった要するに、フッター雨水を積極的に排水するような構造なわけですけども、このやっぱり当初から例えば目詰まりしやすいとか耐用年数はどうなんだとか、そういった懸念もあったんですが、これをいやいや初めて引かれてからですね、10年近く経過いたしますかね。
そういう意味ではこれについても、ちょっとここまでの状況そして現在ですね、それから近年では、かつては幹線道路に主に使われていたものかと思うんですが、細い路地なんかでも、最近はもうこれを使って、道路の舗装を変えていると、そういうような工事の御案内も出ておりますので、近年の使われ方そして今後の使い方のぞも含めてですね道路も機能舗装の2点についてお聞かせいただければと思います。
委員長。",2025/11/07,環境建設
道路課長,,2025/11/07,環境建設
道路課長,"はい、道路舗装についていくつかご質問いただきましたので順次お答えさせていただきます。
まず、遮熱性舗装についてでございますこちらにつきましては委員ご案内の通りですね、ヒートアイランド現象の緩和これを目的として平成18年度から本部としては整備の方進めてきているところでございます。
現在80%まで整備の方完了しておりまして、残りあともう少しというところになっておりますが、委員から先ほどご案内の通りですね、整備を始めて、だいぶ年数が経っているところにつきましては、だいぶ塗料が薄くなっている部分、これが見受けられるというところは認識しております。
今年度につきまして、梶橋通りで、薄い部分についてはですね、新たに取り直しということで、募集の方も行わせていただきました。
こちらにつきましては、道路点検等含めてですね、やはりその遮熱の状況をしっかりと見定めながらですね、効果がしっかりと表れるように今後も維持管理に努めてまいりたいというふうに考えておりますこちらにつきましては今後においても、まだ遮熱性舗装、整備してない路線がございますのでしっかりと計画を立ててですね、全路線、整備できるように努めてまいりたいと思っております。
また、今遮熱性舗装、整備されてるところにつきましても、今後も塗料のそのはげ具合等はしっかりと点検で確認してまいりたいというふうに考えております。
それから雨水のさばき方というところで、排水性舗装、それから車道透水性舗装のお話もございました。
こちらにつきましてもこれまで本区としては計画的に取り組んできたところでございます。
やはり最近のこの雨の降り方、これはやはりなかなか異常なものがあるというところで、雨水ますだけではなくて、やはり車道透水性含めてですね。
舗装の実際に水雨水桝に流すことなく、地下に浸透させていくといった取り組みも、やはり今後重要になってくるというふうに思っておりますので、こちらにつきましても、しっかりと今後も整備を進めてまいりたいというふうに考えております。
また、点検の中でやはり老朽化含めて、水溜りの箇所ですとか、そういったところもしっかりと把握して、改善に努めてきておりますので、今後もやはりそういった道路の状況というところについては、しっかりと職員で提供しながら、良好な道路関係維持に努めてまいりたいと考えております。
以上でございます。",2025/11/07,環境建設
塚田委員,"はい、どうもありがとうございます。
やはり私、議員になって11年目かと思います。
当初私も住んでいる近所大きなそこの場所でいうと、携帯通りと昭和通りの交差点であるとか、あの辺もかなり関数ですかね。
雨が、大雨が降ると、本当に半日ぐらい水がもうはけない。
そんな状況がありましたけど近年はやっぱり見るか見るからに水が落ちてるっていうのがわかるような感じになってきております。
そういう意味ではやはりそれはすいませんに行く方だと思うんですけど、それからやはり近所だったですね。
60.言い方が違うかもしれないけど細い車道もですね、だいぶ落水する落水というか水が落ちるような保障なんだなと。
それに今変えてますというような工事のお話が出てきておりますので、なかなかこれがあちこちに出てくるといいんだろうなと。
ただ、やはり高荷重重いものが車がバンバン通るようなところでは、なかなかそれが許されなかったり、得た体制がないような話を聞いておりますので、その使い分けであるとかそれから遮熱性についてもですね、使い分けと80%を超え、工藤のですね80%でもそういうカバーするという。
ということで、思ったよりも非常に比率を高いなという思いがございます。
これ、やはり構造一つ、もう一つお聞きしたいのが、やはりこれ両方の機能を一緒にやることはこれやっぱできない。
ですよね。
それだけ一つだけ聞かせてください。
委員長。",2025/11/07,環境建設
道路課長道路課長,"はい、すいません。
ちょっと先ほど私の説明がちょっと足りてないところがあったので補足させていただきます。
遮熱性舗装、これがの対象路線が約10キロ、区内でありましてそのうちの80%が整備完了ということでございますので、すいません、補足させていただきます。
それからですね遮熱性舗装についてなんですけれども、現在こちらはですね、補助金をもらって整備の方しているんですが、その補助金の中でですね、ぬる舗装ですね。
こちらがですね、低騒音舗装の上に乗るっていうことで、委員長東京都の基準がございまして区としてはその基準にのっとって今喋って思っておりますので、車道と水グループっていうのは今のところはちょっとできないというところでございます。
以上でござい。
たらいいのか。",2025/11/07,環境建設
京都北部町環境土木部長,"、少しだけ補足をさせていただきます。
委員がご案内いただいてる、排水性舗装、この排水性舗装表面で水をはけて、両サイドに流すという臨んだんですけどもその排水性舗装に関しましては、車列を遮熱性舗装をかけることは可能でございます。
担当課長が言いたかったのが、一般の生活道路、生活道路の中で車道透水性という車道の下に水を入れる。
そういう舗装ございますけども、それに関しましては生活道路ですので、日の当たらないところに車列を塗っても効果がないということで、そこは形容できないということでございます。
以上でございます。",2025/11/07,環境建設
塚田委員,"はい、どうもありがとうございます。
本当に過去では全く想像もしないようなところでそういった機能を求められる時代になってきましたので、ぜひとも高温対策、それから広報対策ですねどちらも場所はそれぞれ適材適所ということでよろしく。
と思います。
もう一点でございます。
度合いリストをします。
へえ何年前ですかね三原橋春緑原橋にドライアイスと設置されて、やはり暑い最中にですね、一定の効果があるということで、こういったスーツを着てないときは私も何となくそうしてたよ。
下にですけどもなかなかやはりスーツ着ての下にいると、濡れてしまいますので限定的なものによると思いますが非常に冷却効果は高いなという思いであります。
そうは言うもののですねエアコンの効かない屋外においてはかなり有効だと思っております。
はい。
それから近年では、私は月島の公園であるとか、それから浜町使わない相当広く水天宮の交差点のバス停であるとか、どうぞ。
あとあちこちにも結構散見するようになってまいりました。
そういう意味ではドライミスト中央区がやるようになって数年経ちますけれども、これも評価、それからご所感などそれから今後についてですね。
お考えあればお聞かせいただきたいと思います。
委員長　水と緑の課長、水と緑の課長はい。
ドライミストですね。
いわゆるミストシャワーの整備についても所管ということでございます委員冒頭ですね、おっしゃられた通り、35度を超えるようなですね、猛暑日というのが、最近のやつはですね、続いているといったところで、こういったドライミストシャワーのような暑さをしのげるそういった場所の形成というのが、非常に重要になってくるのかなというふうに考えているところでございます。
ご紹介いただきました通り、再開発でも私公園の中で公園の中にも、ミストシャワーを作ったりといった取り組みもしておりますし、水系施設等も含めまして、公園の中でリストを出しているというところは、初回多頭た通りございます。
一定の効果はですねやはりありますし、そういう意味では休める場所、暑い中でも公園の中で、楽しんでいただいて休める場所っていうところの部分としては役割なっているなというところで、くといった心情に6月からですね、9月にかけて、身幅新患関しましては温度とか湿度を、こういったものを計測しながらですね、雨の日に数を出しても、意味がありませんので、晴れた日に温度が一定以上高い日にですね、民主党を吹き出すといったような仕組みを実施しております。
これもありました通りオリンピックのですね、関係で、あの晴海通りをですねおもてなしという意味で、あのときもあってさ、非常に話題になりましたがそういう意味では銀座公園とか、黎明橋公園ですとかそういった晴海通り沿いに設置しているという部分もございます。
今後の整備の方針につきましてはやはり今のこういったご時世ですから、リストシャワーの需要というのはやはりあるんだろうなというふうに思っておりますので、一方費用もですね、かかるところでございます。
そういったコスト面というのですとか課題も含めまして、なるべく実施できるような場所にはですね、クールスポットとしての技術者を形成していくといった取り組みを実施していきたいなというふうに考えているところでございます。
以上でございます。",2025/11/07,環境建設
塚田委員,"はい、ありがとうございます。
やはりではね、いいと思うのは、ほとんどお子さんなんか遊んでるのを見ると、空の施設じゃないでしょうけど晴美ふ頭公園とか水が何何て言うんですっけいただきますそれから箱崎、福里、箱崎公園もそうですけど、やっぱりあの松葉は子供さんがだいぶあれで倒れて楽しいのにやっております。
それではお子さんであるとなおさらドライブストアのミストシャワー、非常に楽しんでる感じを見受けますので、やはり公園との親和性がいいのかなという思いで見ておりました。
そういう意味ではこれも10年前の気温等も確実に数度変わってきてしまって、今まではそういう環境においては高温対策の豪雨対策等も全く気にしなかったようなところであっても、今後はもうこれも間違いなく何かしら対策、そういったものへの対策っていうのは、必然になってきている。
そういう意味ではですね、ぜひともこういった考えを一つ重く考えていただいてですね、必ず全ての分野において、高温対策に繋がるのか何かそういったことも気にしていただきながら進めていただければという思いでございます。
これからもどうぞよろしくお願いいたします。
以上でございます。
昨日、質問者のご発言を願います。",2025/11/07,環境建設
上田委員,"はい。
私からは3点お伺いをいたします。
1個目ですね都心臨海地下鉄新線の推進についてです。
人生の開通は本区の長年の悲願であり大会は地域の機運を高める重要な場であると認識をしております。
ただ、その上について一見違和感を覚えました。
今回、何度も国家プロジェクトであるというご発言お話がありながら、それであれば、党派を超えて推進をするべきと思います。
ただ、現実的には地元選出の衆議院議員が全員招待されることはなく、昨年まで行われていた地元通りの挨拶がなくなるなど政治的中立性の観点から疑問が残る構成だと感じています。
今日はこの大会に税を支出し、推進協議会の事務局も務めています。
一方で登壇者を決定した協議会会議参加者の名簿や議事録についてお伺いをしましたが志公会と回答があり、区は意思決定に関与していないとの説明でした。
そこで、伺います。
区は、この推進協議会において具体的にどのような役割を果たしているのか。
また、税金を拠出する立場として運営の公平性透明性そして政治的中立性の確保についてどのような見解をお持ちか教えてください。
2点目、マンションにおける投機的取引の抑制についてです。
この件に関して先日、千代田区さん独自の視察を行いましたのでその結果を踏まえて質問をさせていただきます。
千代田区はご存知の方も多いと思いますが、一般社団法人不動産協会に対して区内の登記目的のマンション取引等に対する行政というものを行いました。
これは実際のところですね。
そんなに華々しい本来効果があるものではないわけですが、アナウンス効果として非常に多くのメディアだったりに取り上げられて、結果的にはですね、やっぱり実受賞への供給を優先するんだという強いメッセージ性を持ったものであると、こういうことをお伺いしました。
翻って本区においては晴海ブラックを始めとしてですね投機目的の購入というのが社会問題としてこれはメディアで取り上げられたわけです。
そこで、お伺いをします。
今回の千代田区の事例等に加えですね、沢自治体の先進事例も参考に区独自でですね、投機的な住宅の取引の抑制に早急に取り組むべきと考えますが、区の見解をお聞かせください。
3点目水と水水辺のですね、賑わいの創出についてお伺いをいたします。
本区はですね、リーディングプロジェクトの一つにも掲げており23葛1の水辺活用の推進を目指していると認識をしております。
現状を見ると、あの整備完了した東日本橋の方とかもですね、ランニングなので静かに利用されている姿っていうのはありますが、賑わっているというのは、まだそこまでないのかなと理解をしています。
日常の落ち着いた利用も重要ですが、更なる魅力の向上のためには、何らかイベント等の仕掛けも必要かなと感じるところです。
そこで、お伺いしますスポーツ課、商工観光課組み立て方様々なところと連携をしてですね、あるいは民間活力も積極的に呼び込むことで、この賑わいを創出していくべきかなと思いますけれども、今後の区の取り組みの考えについてお聞かせください。
吉田副区長水高については、委員をご指摘の通り民間の協議会の方でやらさしていただいておりますが、小型通り、もう既に7回目以上やってきております。
その歴史的な経緯の中で、今回の登壇者や、それから赤挨拶者決まっているわけでございまして、その辺のところ、これまでの歴史的な経過を踏まえて、あの協議会が決定したものでございますので、こんにちの流れの中で、それが適切かあるかどうかについては、これはそれなりに検証されなきゃいけないことだと思いますので、今後のために相続相続をした経緯があったことを含めて今後の運営に注意をしていきたいというふうに思っております。
それから、住宅政策についてでございますが、これ実際なかなか問題があるところでございまして、実態的にはかなり住宅そのものを転売するなよということを行政代が事業者に対して要請すること自体はかなり難しい問題をはらんでいるところでございましてこの部分が今回、実は私どもの区の中ではどちらかというと、事業者の方が販売事業者の方が受水から逆にそういう転売は困るよというふうに言っていただいて踏み込んだ。
処置をとっております。
そういったことが実質的に行われることの方がやはり効果が高いんだろうというふうに思っておりますので、そういう部分が中央署の方から自主的に出るような環境を我々としては作っていくと、そこが大事だろうというふうに思っております。
はい。
委員長。",2025/11/07,環境建設
水野美侑課長,"、水と緑の課長。
はい。
私からは水辺の賑わい創出についてお答えいたします。
水辺のですね活用構想を区の方で作りますが超高層の中でもですね、持続的な活用の仕組みをですね、岩井の中でも作っていくといったところをうたっておりまして三つ目はですね、言うまでもなく地域の貴重な財産でありますので、今ですね公園も同様に、地域の皆様、町会の皆様にですね、対応に使っていただいているという部分もございますから、あの本区のにおける親水公園もございますのでそういったミズベリングでですね、当たり前のように地域の皆様に活用していただきたいなと思っておりますので、まさに委員がおっしゃる通り賑わいの創出というのは大変重要なことかなというふうに考えております。
一方で区の特性といたしまして、晴海ですとかは住宅が後ろにございます。
地域の理解を得られる先ほど静かなというご評価ありましたが、静かな水メモ阿野くんの特色の一つかなというふうに考えておりますので、その場所場所に応じて可能な部分、工夫ウイング等と連携しながらですね。
まちの賑わい作りをしていきたいなと思っております。
現状隅田があのですね石川島公園なんかでも、隅田川マルシェ開催していただきまして、これは地域の皆様が犠牲を出したりとか、連携していただいて活動されてるというのを桜の時期に合わせて、本当に区の一番スポット的ないい時期場所でやられてるという事例もございますので、今後こういった事例が他の場所でですね、展開されていくのかなというのを期待しているところでございます。
以上でございます。",2025/11/07,環境建設
上田委員,"はい。
それぞれありがとうございます。
まず一点目地下鉄推進精神性推進大会についてはいろいろ来年に向けてですねご検討いただければと思います私も決して地下鉄の必要性がないと全く思っておりません。
むしろそれは必要だとその中でやはりこれははっきり申し上げれば、複数の政治筋からの政治力というのは必要なものだろうとであれば、やはり多くの議員や都議をですね、やっぱり招いていってその中でやっぱりみんなで金を作っていくということが重要だと思っております。
どうぞよろしくお願いいたします。
2点目についてはですね、おっしゃる通りちょうど今週ですかね三井不動産さんでしたか。
あのニュースでも流れていたかなと思いますそこに副部長の思いが木浦側から伝わっていたのであれば、なおさらいいのかなという気もしますがやはりや、なんていうんですかね、一つはやっぱり事業者側がいくら規制をかけても回復になればそれは晴海の白タク問題と一緒で、向こう側も手を打ってくると私は思います。
ただ、その中で狙い目の町なのか、狙い目ではなくて結構いろいろ言われちゃう町なのかというのは、やっぱり全然違うんだということをですねすごく都市整備部長さんがおっしゃってたんですね。
だからやっぱり中央区もそういう転売とか実需とあまりにもかけ離れた。
あるものはやっぱりきちっとやらせないようにしていくんだぞとそれこそ事業者と一緒に区もそれを支援なのか、応援なのかわかりませんがやってくんだというメッセージ性はですね。
ご検討いただきたいと思います。
最後3点目ですね賑わいの件についてはですね、非常に前向きなご答弁ありがとうございます。
事例をですねぱり広げていくというのは大事なことだと思いますしまた今月ですね。
第2回の春祭りも行われます祭りは全部自前でやろうとすると非常に皆様方のご負担っていうのも大きいと思う。
ですね。
実際このあと花火もあるとなってくると思うのか、本当にイベントが中央区の役所主導でやると本当に多くなってしまう。
ただ、人口が増えてるからやっぱり参加できる幅も広げていきたいと考えると、様々な主体との協業によるですね、場所の活用って大事だと思います。
実際後にある静かな、いずれもそうですよね。
それはそれでとても大事で、毎日ドンチャン騒ぎすればいいものではないというのもよく理解をしてますので、より一つ機械とか施設とか、それを捉えてですね、この街の魅力をもっと広げていければと思います引き続きどうぞよろしくお願いいたします。
ありがとうございました。",2025/11/07,環境建設
青木委員,"私からは3点区内の公園におけるゴミ箱の設置状況についてそれから10月4日、悲惨な事故がありました。
お得対応する運河での船の衝突事故についてそれから首都高速都心環状線万年橋、亀井橋区間の更新事業、先日説明会がありました。
この3点について簡単に質問してまいります。
もう少しお付き合いいただければと思います。
まず、ゴミ、ゴミ箱の問題ですね。
区内の全ての公園を登ったのは、ちょうど10年前に受動喫煙の政策をやろうと思って、各公園の喫煙所があったとき以来で、ずいぶんやはり変わったなということを感じました。
施策と全部素敵なあの綺麗な公園になっている中でですね、やはりコロナとかオリンピックなどを挟みまして、いろんな流れがあって、現在私の調べが正しければ58ヶ所児童遊園は除きます。
公園です。
58ヶ所のうち27ヶ所にゴミ箱がありました。
これは一つあるところ三つに分けてあるところも全部含めて58ヶ所のうち27ヶ所、ちょうど半分近くということになります。
まずはこの増えたり減ったりゼロになったりということを含めて現在この状況になっていることについて簡単に説明していただければと思います。
はい。
水と緑の課長、水と緑の課長。
はい。
内の公園のゴミ箱の数ということでございます委員ご紹介ありました通りですね。
オリンピックのあたりからですね。
テロ等の警戒位がございましてそのときに児童遊園、公園児童遊園とありますが、児童委員の方のゴミ箱は全て撤去していったといった形になっております。
これは公園の方のゴミ箱ということでございますが区といたしましては公園の中で物販とかそういったものをありませんので基本的には利用者様が持ち込んだゴミを利用者様の方で持ち帰っていただくという原則を基にですね、新設する新しい公園なんかではゴミ箱を置かないような方針で整備しているところでございます。
したがいまして委員が1件1件得られたということでございますが、現状ある次8ヶ所の公園の中で、およそ今30ヶ所程度の大胡公園にゴミ箱が残っているということで今後に関しましても状況を見ながら撤去を含めて検討していくという形になるというふうに考えております。
以上でございます。",2025/11/07,環境建設
青木委員,"ありがとうございます。
プラス私が調べたことに間違いがなければ、中央区では1ヶ月に25日間民間業者が清掃を行っているということで、本当にトイレも含めまして、沢の円形の公園に比べますと、大変綺麗だと思います。
その中でやはり今の時代おっしゃったように、答弁にありましたように、ゴミ箱があった方が汚くなってしまう。
ということは本当に感じました。
施設回っていると、そのお掃除をしている方、あるいは遊んでるから午前中に行くとラジオ体操が終わった高齢の方とかできるだけいろんな方にお話を伺ったんですが、いえ、家庭ゴミを定期的に捨てる方が割といらっしゃるということをいろんな公園で聞きました。
そのゴミが国も、家庭ゴミ、家庭ゴミは捨てないでくださいと見つめたりと怒りの文字があってありました。
これ対応するの大変だと思うんですね。
まずそこを今後どのようにしていくか、多分何か悪気がないというかそんなに大きいゴミではなく、そのコンビニブクロのようなものを釜谷さん。
自分のうちではなく、ゴミ置き場がなくそこに捨てているというような、それがルーティンになっているような感じです。
細かいです。
一つの問題として、この点についてはどう対応していくか。
それからもう一つ、保護者の方々から、ご意見あったんですが、今の子供たちはゴミを捨てない、ゴミ箱があってもちゃんと持って帰るんですよって、何か調べて、それを持って帰るっていうことが何か徹底している。
ということで今日教育委員会いらっしゃいませんので、もう自分で聞いてきました。
昨日教育委員会指導室お聞きしましたところ、やはり教育、環境教育ですね。
低学年でしたら生活科などでしっかり整っているのは、地域の環境を良くするということで、いろんな面で教えてるというか、みんなで学んでいる。
そうです。
これは今回回ってみていい。
意見がいいことをしたなと思う。
ました。
先ほどの家庭の家庭ゴミを含めまして先ほどの答弁を聞いてみますとやはり最終的には、中央区の講演から全てのゴミ箱を撤去していくとそういう方向性であるのか。
委任をしたいと思います。
委員長　椅子と緑の課長、水と緑の課長はい清掃の数もですね、事例いただきまして月25日というところで最大数なんですけども、大きな公園はそういった形で清掃回して、日々ですね、清潔で安全にお子様も含めて皆様が使える公園ということで取り組んでいるところでございます。
ただ、一方でおっしゃられた通りそのゴミの持ち込み持ち込み、私も家庭ゴミを投棄するといったような事例もやはり月に数ヶ月に1件ぐらいですかね。
申告もございましたり、清掃業者日々回っておりますのでそういったところからの申告もありまして、そういう部分に関しましてはゴミ箱をですね、撤去する前に一旦閉じて、様子を見るというような対応せざるを得ないところがあるかなというふうに考えているところでございます。
お子様の事例出していただいて持ち帰るという教育をですね、学校の方でもなさっているのか親御さんの方の教育なのかということで区の公園管理するものといたしましてもそういったゴミを持ち帰っていただくというのは、大変ありがたい良いところかなと思ってますので、環境美化に自らも取り組んでいただけるというところは、引き続き続けていただければなというふうに考えているところでございますが、今後のゴミ箱の対応ということで、全ての箇所のゴミ箱を取ってしまうのかというお答えに関しましては、先ほどの答弁にも申し上げました通り、あの場所ですとか、そういった公園の受ける状況こういった部分をしっかりと注視して行かないといけないと思っておりますが、あの全ての公園からゴミ箱を取っていくということに関しては、なかなか難しいところあるのかなというふうに考えているところが現状でございます。
以上でございます。",2025/11/07,環境建設
青木委員,"はい。
そうですね。
本当に引き継いでの犬ととてもよく似ていて、もう全ての公園から喫煙所を撤去したら大変なことになりますので、その代わり綺麗な副流煙が出ない喫煙所を作って、何ヶ所か作って、それと一緒で綺麗なゴミ箱ゴミ箱べきだと綺麗にしてたくなります。
そういうことかなと。
何か共通点を感じ自分で調べてみて感じました。
ありがとうございます。
例では、ちょっと悲しいニュースではありましたが10月8日の早朝でした豊洲裏で船の2隻の船の衝突事故がありました事故の発生場所は江東区ですが、中国に本社がある会社であるということ、それから通常は月島間に係留している船であるということで、大変なんていうんでしょう。
私もいろいろあっておりますので、ショッキングなニュースではありましたが、ここで重要なのは、死者を出てしまったということで、被害者が来ちゃうんですね。
やはり再発が一番ということで、原因を調べていくということは大変重要だと思います。
そこで、ですね。
その後、海上保安部の調べ何かわかったことがありましたら教えてください。",2025/11/07,環境建設
今日環境土木部参事環境土木部参事,"はい、船舶の衝突事故についてでございます。
具体的にですね、海上保安庁で調査を行っているっていうことは伺ってるんですがその結果等については、区の方にはまだ情報としては入ってきてございません。
事故の要因としましては、ちょっと海上保安庁の方ともお話する中ではやはり見張り不十分であったり、船舶の機能の不良であったりっていうことが多いっていうことは伺ってるんですが、今回の衝突事故に関する結果というものはまだ報告を受けてない状況でございます。
以上でございます。
以上です。
大きい。
わかりました。
江東区選出の都議にも事例がありまして調べて直接調べてもらったんですが、海上保安庁第3管区海上保安部で報道以上の情報については開示できないという答弁だったそうです。
その時は、だから、そのときまだ途中経過なのが、途中経過なので、会議できないのか、あるいは何か出てきたけれども開示できないのか、その点は私にはわからないところなんですが、何度も言いますが、1人亡くなった痛ましい事故だけに、再発防止現場にも行ってみましたがとても水は穏やかで、高速で走る。
船はいないと思う。
普段はなぜ事故が起こったのかというような場所なんですね。
それだけに、その事故の原因というものはしっかりと協議をしていただいて、再発はないように、区の方でもよろしくお願い水漏れについ月島川中央区な管理をしているかは、合計量、あるいは違法建築物については定期的に訪ねてまいりました。
その都度あの数値を出していただきまして例えばですね、区が管理している川の中で、亀島川、こちらが不法係留がゼロになりました。
代替地を設けることでゼロになっていますそれから月事業は、これもゼロになってる。
はい。
月島川なんですがここはもう、うちの目の前ですので毎日通るんですが、だんだん少なくはなっています。
現在です。
一番新しい数字で35席で、意外と多いなと思いました。
というのはとても今綺麗に見えるので35席のあるかなと思ったんですが、よく見ると括弧で26と書いてありまして、これ沈んですね。
なんでしょうね。
だから船が沈んでしまって見えなくなったので、1億景観としてはふ清流がない、あるいは古くなった風情などは見えない。
ですが、やはりここは月島水門の目の前の機種はスイムに繋がっておりまして、今日防災のあれではありませんが、やはり何かあったときには、あの川委員長、区民の皆さんにとって近くの川でカラーで分断ねそして船、安全な船を使えるということが大変な大きな力となっておりますので、そういうことを考えますと、やはり不法係留、それから沈んでしまった船があります。
それが交通違反になってしまいますので、やはり引き続き、もう本当に毎回毎回あの結果も出ておりますし、お願い。
申し訳ないんですけれども、引き続きこの不法係留用建築物については対応をよろしく。
もう一文そこと思いました。
植栽について第50については他のお尋ねになっていましたので、飛びます。
はい。
以上で質問を終わります。
ありがとうございました。
議題環境保全および建設行政の調査については、継続審査ということでよろしいでしょうか？また議題請願第8号日本橋室町1丁目地区市街地再開発事業に係る区道配慮に関する請願の審査につきまして質疑、質問のある方付けをお願いしたいとそれでは質問ございませんので、継続審査ということでよろしいでしょうか？第4回区議会定例会における委員会委員長報告の取り扱いについては、正副委員長一任ということでよろしいでしょうか？",2025/11/07,環境建設
福祉保健部長,"では私から本日の資料1福祉施設の指定管理者の評価結果についてご報告申し上げます。
資料1をご覧ください。
これは指定管理者制度を導入しております福祉施設について、毎年度運営の状況を評価し、今後の施設運営に反映させることにより、サービスの向上を図ることを目的としております。
概要の1にあります通り、評価対象は18施設、13指定事業、指定管理者となりまして、その施設使用者一覧は別紙の通りとなっておりますので後ほどご確認ください。
2の表の方向については、まず、1次評価といたしまして、所管課評価を行っておりますこれは第三者評価や実績報告書等の確認をもって、評価を行い、使用で把握しきれない点につきましては、現地調査や施設へのヒアリングによって補完し、評価を行っております。
また、財務評価といたしまして、公認会計士等が経営母体の財務状況を評価してございます。
次いで2次評価といたしましては、右の表に掲げております評価委員会が1次評価を行いました。
所管課から説明を聴取し、質疑を行った後、適正な委員会の評価をなお評価委員会の構成は、3にあります通り全部で9名で構成をしてございます。
恐れ入ります。
2枚おめくりいただきまして、右側のページをご覧ください。
別紙2となります。
この別紙2は評価項目、評価基準を一覧としたものでございます。
まずまず評価項目ですけれども評価の観点を三つに分類いたしまして、それぞれ右側の評価項目に沿って評価をしております。
分類1サービスの提供では5項目分類の2事業運営が9項目分類の3、利用者の満足では6項目で合計20の評価項目を設定してございます。
評価基準でございますけれども2の括弧1にあります通り、各評価項目ごとに5から1の5段階評価としてございます。
先ほど申し上げました通り、合計20の評価項目がありますので、最大100点の評価点となります。
このページの一番下、括弧2ですけれども、評価ランク、総合評価では、1ページの表の通り、評価点の合計得点に基づきまして、AプラスからCまでの四つのランクで表しております。
ただ、し表の下にご記載があります通り合計得点が90点以上これはプラスに相当しますけども、であっても、Aさんの評価があった場合には、C人以下の評価があった場合については評価ランクをCとしてございます。
次のページ以降の別紙3につきましては、18R各施設の評価表となっておりますのでここでの説明は省略いたします後ほどください。
資料の2ページにお戻りください。
4には、全ての施設の評価結果を一覧で示しておりまして、表の一番右側にあります通り、いずれも適正との評価となってございます。
評価結果の公表活用についてですけれども、評価結果については、区ホームページで公開するとともに、各施設に通知いたしまして、今後の運営に反映するよう求めてまいります。
私からの説明は以上でございます。
子供施策私からは資料2から資料4までご説明申し上げます。
着座にて失礼いたします。
初めに資料に私立認可保育所における不適切保育事案に係る報告書について多くあった。
最後本年6月に発生した私立認可保育所における虐待事案につきまして、これまでの区の対応状況と主な再発防止策を取りまとめましたので、1の事案の概要をご覧ください。
経過でございますが、ほっぺるランド佃の園長から保育士による不適切な保育が行われた旨の通報があったことから、そういたしましては事案の報告を求めつつ、園より提出されたカメラの映像により、不適切な保育の時事実を確認したところでございます。
映像確認していく中でその他の不適切な保育が判明したことから、ヒアリングを行う中で虐待行為を比較2の虐待が行われた背景加害の保育士へのヒアリングや警察の事情聴取から、本人の行動特性や体調不良などにより、虐待行為に及んでおりまして、個人的な要素が大きい状況でございました。
しかし、ながらこの時期は当該園において退職や休職が相次いでおり、園全体に良い業務的な余裕が不足していたことや、特におきましても、改善事項があったものと認識してございます。
それおきまして3の主な再発防止策でございますけれど、両括弧1では、職員間の連携強化や複数の身が関与する保育運営保育室のレイアウト改善、保育記録カメラ活用を推進また両括弧2では延長事業者による職員や亜鉛状況の把握保育士が働きやすい環境作りまた三塁打しましては区の巡回指導の見直し、相談通報窓口の明確化保育記録カメラの設置支援検討などを取りまとめたものでございます。
包括し報告書の総括でございますが、2ページおめくりいただきまして、別紙4の最下段をご覧ください。
今回の事案を個人の問題としてのみ捉えるのではなく、園全体の運営体制や支援のあり方を改めて見直す契機とすることが重要である。
僕は得られた教訓を各園に共有し保育の質安全性をより一層高めるとともに、職員同士が支え合い、安心して働ける環境作りを進めていく。
今後も応援事業者等が一体となって再発防止と信頼回復に努め、全ての子供たちが安心して過ごせる保育環境の構築に便利資料に関する説明は以上でございます。
次に、資料3家庭的保育事業における利用乳幼児の健康診断の省略についてでございます。
児童福祉施設の設備および運営に関する基準等の一部を改正する内閣府令の施行に伴い、一定の場合には家庭的保育事業者における利用乳幼児の健康診断を省略できる旨の規定整備を行うものでございます。
2の改正を要する条例は、家庭的保育事業の設備および運営の基準に関する条例で、施行予定日は公布の日でございます。
次に、資料4、基準府令の一部改正に伴い、関連条例の規定整備についてでございます。
内容でございますが児童福祉法の一部を改正する法律による。
児童福祉法等の一部改正に伴い児童福祉法等の一部を改正する法律の施行に伴うこども家庭庁関係内閣府令の整備等に関する内閣府令が令和7年10月1日から施行され、引用する情報の洪水が生じますので条例の規定整備を行うものでございます。
改正する条例は記載の通りで施行予定日は公布日でございます。
私からの説明は以上でございます。",2025/11/10,福祉保健
保健所長,"資料の5、個人番号を利用する事務の追加および当該事務で利用する特定個人情報の設定についてご報告申し上げます。
内容1の内容です。
東京都事務処理特例に関する条例に基づき、区では、待機要請に係る健康障害者に対する医療費助成の申請受理の事務等を行っております。
令和8年10月から本事業について個人番号を利用した受付をということで、申請に係る書類の提出の省略を可能といたします。
個人番号利用事務に追加する事務といたしましては、大気汚染に係る健康障害者に対する医療費の助成に関する事務を追加する特定個人情報は、国民健康保険給付関係情報であっていく。
規則で定めるものです。
2改正に要する条例ですが、中央区行政手続きにおける特定個人を識別するための番号の利用等に関する法律に基づく。
個人番号の利用および特定個人情報の提供に関する条例です。
こういう整備は公布の日といたします。
説明は以上でございます。
ありがとうございました。
では発言の時間制についてでございます。
発言の持ち時間制につきましては、既にご承知の通りです。
なので、よろしくお願いいた。
ただ、いまの時刻は午後1時40分、自由民主党さん86立憲民主党無所属下の42分、公明党42分都民ファースト310分、参政党30分となります。
なお、持ち時間には、この後の議題である請願審査の時間も含まれます。
それでは、理事者報告に対する質疑に入ります。
発言をお願いします。",2025/11/10,福祉保健
高橋委員,"はい、私からは資料1、資料2について質問させていただきます。
福祉施設の指定管理者の評価結果についてから質問させていただきます。
こちらは毎年指定管理者の評価評価は行っていただいてるわけではございますが、何か評価の方法あるいは基準で昨年度から変わった部分があるのかという点について教えていただければと思います。
また、これも以前お伺いをしているかとは思いますがやはり各項目ごとに統一された基準というのはないというふうには認識をしていますつまりは各園ごとに評価をしていると認識をしております。
その上で評価項目および評価基準、そして得点配分というものが適正であるのか。
つまりはこれは例えば東京都あるいは国が何らかの基準を用いているのではないかとは思っていますがその点についても改めて確認をさせていただければと思います。
委員長。",2025/11/10,福祉保健
福祉保健部参事福祉保健部参事,"はい、指定管理者の評価についてでございます。
今回変わったことといいますと資料別紙2のところの評価項目評価基準の22の評価基準の昨年度からの変更点というところで、基本、昨年度、5の水準を保たれている。
いるものの3年間その変化にに内容に変化がない項目は特定を原則4とするといったところを、にしたところでございますその点については変更はないんですがただし書きのところ、ただしのところなんですが2事業所運営⑥適切な収支を除くというところを、その分3年間その内容に変化がなかったとしても適切な種適切な処置を行ってるっていうところに関しては、このままという最高であれば5のままといったところで、その部分だけ変更しております。
また、項目評価項目等適正かどうかというところは基本あげく全庁的に評価のところの指定表、指定管理者の評価のマニュアル等ございますのでそちらに沿って行っているものでございます。
こちらについては毎年こういった形でその評価の仕方等が適正かどうかも確認しながら行っているところでございます。
以上でございます。",2025/11/10,福祉保健
高橋委員,"はい。
ありがとうございます。
昨年度からの変更点につきましては、英語の水準は保たれているものの3年間、その内容に変化がない項目について特典を原則4とするという部分で変更があるというふうには理解をして理解をいたしました。
この評価基準については、評価項目については、基本的には区が独自で定めているというふうにも理解をいたします。
その上でですね、この評価評価報告書についてですね。
やはりこのもう評価の書き方というものがちょっとわかりにくい部分もあるかなと思っておりましてというのもですね、やはり様々な項目について評価がなされていますが、最終的にどこに課題があったのか、指摘事項というものをまとめた方がわかりやすいのかなと思っていますそれが一番最後の評価委員会結果、適正不適の中で指摘することなのかなとは思いますが例えばこの各項目を全てまとめた上でどこに指摘事項がありその指摘事項が改善されたかどうかというのをやはり翌年度またそこを更新をして、この指摘事項については全て改善がされたというところを明確に書いた方がわかりやすいのではないかとも思います。
こういったPDCAサイクルがどのように回っているのかも含めてわかりやすい書き方というところも考えていただければと思いますがその点についての区のご見解をお願いをいたします。
委員長。",2025/11/10,福祉保健
福祉保健部参事福祉保健部参事,"はい。
まずすいません。
宣言変更点のところの私のちょっと言い方が悪かったんですが、英語の数字に富む。
されているものを3年間その内容に変更がなかったとき4とするのは昨年度の評価から始まっているものでございます。
その後の匡の事業運営、適切な収支を除くといったところが今回ちょっと書いたというところ説明が不足で大変申し訳ございませんでした。
また、その回線の今後のその表見せ方といいますかね評価表の見せ方につきましては、こちらも我々の方も毎年いろいろどうしようかと考えながらやっているところではございますが、やはり最後のところで委員会の評価というところに、について載せているところでございます。
そういったところをその中で指摘があったようなところにつきましては今後きちんとそれを反映させさせて、こういった項目をしているところでございますがもうちょっと記載についてはわかりやすく、いきたいと思っております以上でございます。",2025/11/10,福祉保健
高橋委員,"はい、それぞれありがとうございます昨年度からの変更点につきましては補足ありがとうございます承知をいたしました。
また、今後もどのようにこれもやはり区のホームページに載せれるものであると思いますので、できればこのまま認めてわかった方がいいんですけれどもどういう指摘事項がこの園についてはどういう指摘があったのかっていうのを一覧というかぱっと見でわかるといいなと思いましたのでご検討いただければと思います。
また、その上で、各応援の評価を見た限りだと、やはり今回C項目となっているのがC評価となっている1次評価が33施設でございます。
こちらもそれぞれ見てみると、八丁堀保育園につきましては園児の見失い事故が発生をして、この改善の再発防止策は実施されているが、そういった重大性を鑑みてC評価となっている2の評価がされている。
安全対策になっているかと思います。
また、晴美こども園紗英および春道どうかについてはサイバー攻撃があった個人情報の漏えいの可能性があったという形で認識をしております。
それぞれちょっとですね私も特にサイバー攻撃の部分につきましては初耳でございましたので、一旦このもうC項目に上がった3施設について、どういった内容の事象があり、そして再発防止策につきましては、もう現時点で既に完了しているのか。
要はその体制については改善がもうなされたと評価をしているのかという点について改めて教えていただければと思います。
委員長。",2025/11/10,福祉保健
子供子育て支援課長,,2025/11/10,福祉保健
子供子育て支援課長,"はい。
私からまず八丁堀保育園の事故についてご説明さしていただきます。
この経緯としましては、園外活動として、午前中散歩に出たところなんですけども、その際近隣の公園の方で行って遊んでたというような状況でございましてその公園でですね、たまたま他の次も言いましてかなり混雑してるような状況もありましたので、そのときに普段の集合場所とは違うと違う場所をですね、集合場所案内した子たちに伝えたところなんですけどもそれが遊び終わってその集合するときにですね、1人のその園児がですね、その連れて行くところをちょっとまだ遊びたかったのかちょっと濃すぎる。
そこを突き抜けてって、あの1人でまた違う場所に行ってしまった。
そのときにちょっと気がつかなかったっていう状況がありまして。
それでその後ですねそれにつきましてはそのままちょっと公園の外がちょっと出たとこなんですけども、そこに出たところで、先に園に戻るとしましたスタッフがそこで見つけたっていうところで、あのタイムラグとしては1分少々の時間ちょっとスタッフが見失ったというようなものでございます。
ただ、1分とですねやっぱりエンジンを見失うっていうところがですね、やはりあってはならない。
その見失いがですね、重大事故に繋がる恐れといいますかそういった可能性を波乱でおりますので、そういったところで今回ですね、厳しくといいますかその重大性を鑑みまして、今までのその5点といったところから、3点限定して2点というような評価をさしていただいたところでございます。
ただ、その事故あった後もですね、前におきましては区への報告ですとか、保護者への対応そういったところを速やかに行いまして、対応策としましては、実際にそういった見失った場合にですね、各大項目ごとに設けた時間軸の中でどういう対応をすればいいのか、そういったことを一つポイントを捉えて、行くようなそういった店のときのフローチャートを作ってそれをのですねスタッフにですね、全て情報共有をして、それ以後はですね、適正に対応を適切にですね、対応しているというような状況でございます。
もう一点でございますけれども、仮にこども園できたサイバー攻撃でございますが、こちらサイバー攻撃につきましては、こちらの法人本部の方で、そのサイバー攻撃を受けたというような状況でございます。
実際その落ちた中で、個人情報がですね、調べていく中では閲覧された可能性がある。
今日されたとかっていうことではなく、閲覧された可能性があるというような状況がわかりましたので、そういった中で法人本部の方でそのシステムをですね、改めて見直しまして、改善を図ったというところでございます。
その後ですね特に何かサイバー攻撃になって何か重大な事故が起こったっていうことはありませんけれどもそういった個人情報の漏洩する可能性があったというところで、そういった重大性を鑑みてこちらの方もですね、あの5点から3点、2点と3点減点させていただいたというようなものでございます現在は改めてシステムを構築し直しまして、しかなり強硬なシステムに改善したという報告を受けているところでございます。
以上でございます。",2025/11/10,福祉保健
高橋委員,"はい。
それぞれありがとうございます。
まず園児の見失い事項につきましては様々な対応としてフローチャートを作って情報共有をしたとそれ以後にもついても適切に対応するというふうに理解をいたしました。
また、サイバー攻撃につきましてもこれも仕方ないというか法人本部に対する攻撃ですので、その法人側で対応しているというものに認識をいたしました。
また、ちょっとこの一点ですね、資料に次の質問にも若干繋がってくるんですけれども、今回例えば八丁堀保育園でそういった園児を有しないようしてしまった場合のフローチャートというものを作成したというふうに理解をいたしました。
そういった例えば良い事例例えばツールも含めて、これはもちろん法人ごとに対応が違ってくるのかもわかりませんが、やはりあのこういった見失い事故はどの園でも発生する可能性はあるということで、やはりあの積極的な横展開はするべきではないかなと思っております。
例えばもちろんこの応援が園側が作ったものですのでそのまま渡すというのがそれもエリア法人の判断になるかと思いますが、そういった各園に対してこういう事例が発生しました。
例えば園長会とかでもそうですけれども、なので気をつけてください。
あるいはこういうフローチャートを作りましたので参考にしてくださいといった横展開がされているのかという点について確認させてください。
委員長。",2025/11/10,福祉保健
子供子育て支援課長,,2025/11/10,福祉保健
子供子育て支援課長,"はい、確保絶えず単位でのそういった情報共有することに書いてございます。
公立保育園におきましては毎月園長会行っておりまして、その都度都度ですね、様々面で起きたこともそうですけれども、そういった情報共有する場を設けておりますので、そうした中で、横展開といいますか、9さしていただいてるとこでございます。
以上でございます。",2025/11/10,福祉保健
高橋委員,"はい。
ぜひそういった横展開も含めて区全体としてそういったセキュリティ強化や再発防止策が進めれば進めるような動きを積極的に図っていただければと思います。
続いて、資料に私立認可保育所における不適切保育事案に係る報告書についてについて質問をさせていただきます。
これは一般質問等で何度か取り上げさせていただいた事項ではございますが、しっかりと報告書にしてご報告をいただきありがとうございます。
やはりこういった事例、特にやはり気になるところはやはり再発防止策の部分になるかと思います。
発生してしまった以上はそういったこれもどの園でも発生する可能性もあると思ってます。
この再発防止策についてお伺いをさせていただければと思います。
やはり今回例えば、職員間の連携強化や例えば区の巡回指導の見直し、相談通報窓口の明確化カメラの設置支援検討など様々な対策を真打ち立てていただいたかと思います。
まずはこの再発防止策につきましては、この報告書を今回いただいた時点で、これが全てもう実行されていると考えていいのか。
今回再発防止策を立てました。
何ヶ月あるいは漸減に対してどれぐらいの期間をもって再発防止策が徹底されていることを確認するとか、要はこれが今回の報告書をもちまして基本的にこの再発防止策は全ての園で対応が完了しているのかという点について確認をさせていただければと思います。
また、今回やはりこういったことが発生しますこれはもちろん、国会等で情報共有はされているかと思いますが改めてこの多くの巡回指導というものの何か一斉的に今回の事件を受けた上で、巡回指導を行っていきますというようなご報告だったと思いますが、この巡回指導につきましても、まずはこのこれまでの期間の中で少なくとも1回あるいは何回かもう既に実行がされているのかという点についてお示しいただければと思います。
委員長。",2025/11/10,福祉保健
保育課長,"はい。
今回の報告書について今日初めて皆様にお示ししたところでございまして、今後これをもとに園長会において臨時委員長会を開かせていただいてそして、どういったことが課題だったのかそしてどういったことを今後再発防止策等を勘案して考えていくのかというのは丁寧に説明していきたいと思っております。
それを冬季に様々な海再発防止策それぞれの援助可能な限りやっているところについて事実をしっかり確認していきたいというふうに考えてございます。
もう一点なんですが、巡回指導につきましては、このページの件があるない方まずいるところでございましてこの件があって、より意識したところにつきましては、今までは虐待防止につきましては虐待の防止の研修をしていくかというところだったんですけれどもやはりこの虐待のこの報告書をまとめる中においてもやはり職員間のコミュニケーション不足っていうところもかなりあの課題にあったのかなというところがございまして今まで園長に聞き取るところがすごく多かったんですが、できるだけ個別の先生にも声掛けをいたしまして、少し心配だなと思うところにつきまして要は、遠方への中での風通しの良さです。
そういうところについては、とても大切な視点だというところを改めて認識しましたので、そういったところを確認いたしまして必要に応じて延長やあの事業所に声掛けをしているというところでございます。
以上です。
はい。
それぞれありがとうございますこれから園長会等でその配布再発防止策について、区としても推進をしていただけるということで理解をさせていただきました。
やはりあのこれももう6月発生の大事件ですのでできる限り早期に各園が体制を整えるように推進をしていただければと思いますのでよろしくお願いをいたします。
また、もう一点お伺いをさせていただきます。
やはり今回のやはり今回の再発防止策の中には、なかなか含めることが難しいかとは思いますがやはり個人のを支出に起因するというよりも、やはり円全体での体制あるいは区全体としてやはり保育士不足の現状というところがやはり一番かなり大きくウエイトを占めてくるのではないかと思っております。
これについてはやはり一朝一夕で学校を保育士を増やすというのも難しいですし、おそらく国全体としてあるいは東京都全体として保育士が不足している待遇の点眼という中で、なかなか一朝一夕に解決する課題ではないとは思っておりますが、やはり今回の事件を受けても、やはりその事業者に対するサポートあるいは保育士の環境改善という部分についても、やはりが何らかのテコ入れをするというようなお考えにあるのか。
現状で何か予定をしていることを考えていることがあるかという点について教えてください。",2025/11/10,福祉保健
子供政策推進室長,"、子供施策推進室はい。
この先ほどのお尋ねの件で少し触れさせていただきますけれども、何て言いましょう。
この体系的なといいますかこの報告書といたしましては今般整理をさせていただきまして、皆様方議会の方にお示しをさせていただいてるところでございます。
きちっとした形での総括をさしていただいたところではございますけれど、少し時系列のところでですね、いくつか触れさせていただきますと、例えば7月の15日には子供子育て会議等においてこういった事案が発生した旨を会議体に報告させていただいたりですとか、あるいは7月24日でしょうか区内私立認可および事業者安全安心な保育の実施について通知ですとか、8月21日にも同様な取り組みをしてるとこでございますこうしたようにですね、体系的なものにつきましては今回が報告書という形でお示しさせていただいておりますけれども、当然ですね公立保育所それから私立の認可保育所、こういった事案が発生してしまった人だということで大変これ不適切なことだということは直ちに情報提供をさせていただくとともにですね、まず第一報としてはこういったことは絶対あってはならないんだというようなことをしっかりと工事業者にまずは第一報ということで周知したとこでございます。
ですんで、これから改めてその研修というよりはですねまずは第一報はさせていただきますので速やかに対応している旨でご理解できればと存じます。
以上でございます。",2025/11/10,福祉保健
情報課長保育課長,"はい。
突然の保育士不足につきましては本当に非常に喫緊の課題というふうに考えておりますが、やはり全国的に保育士が不足しているのか。
どうやって保育所を確保するというのはなかなか難しいところがございます。
その中でですね、保育士さんの仕事以外の部分をまとめて保育士の資格を持ってない方も補助として入っている。
それにつきましては補助金を充実させているところでございまして、特にですね、今度そういう人がたくさんいるのか、またそこにもまた人手不足区としてできることとしましては、あのシルバー事業センターやシル川区中央の方に私立園長会の方に来ていただいて、こういった業務だったらできますよということも信号させていただいているところでございます。
令和6年には数件だった件数もですね令和5年にはその2倍か3倍に伸びておりましてそういった事実は、地道な努力を通じながら、福祉部署不足の代わりになるところをしっかりと対応していきたいというふうにはいそれぞれありがとうございますその事件発生以来発生直後から様々な形で園側に対しては情報共有や指導通知をしていただいているということで理解をさせていただきました。
また、やはりこの全国的な保育士の不足の中なかなかできることというのも限られてくるかと思いますがそういったシルバーマーク中央とのマッチングと、様々な働きかけを行っていただいているかと思います。
やはり引き続きこういったいろいろな様々な背景があったかと思いますので様々な側面から区としても対応している。
ですので、よろしくお願いいたします。
以上で質問を終わります。
ありがとうございました。
よろしくお願いします。
私からも私立認可保育園における不適切保育事業に関わる報告書について1点質問させていただきます。
今回のこの再発防止策の中で、区の巡回指導の見直しっていうのがございまして、この案件があった段階で私様々な区でどのようなその巡回指導がされているのか、少し聞き取りをしましたあの本区の中でもいくつかの事業者保育園に伺ったところ、このあの本要はその巡回指導は他の区と比べて非常に多いというのがわかりまして、非常に高い親切に細やかに巡回をしていただいてるっていうのは、確認させていただいております。
その中で、これその巡回をされる。
方は、区の職員なのかっていうことをちょっと一点確認させていただきたいんですけれどもお願いします。
課長。",2025/11/10,福祉保健
保育課長,"はい。
巡回につきましては基本的にこのもっと延長、区立保育園の園長の方の先生中心に回って、いうところでございます。
あと一部客観的な目が入るようにということで民間の委託業者にも回っていただいているところでございます。
です。
一部民間の委託の方がいらっしゃるということが確認できました。
なぜ私がこのようなことを伺ったかといいますと、一部の園の方から、もしくはもしかしたら既にその保育のいろんなご経験をされた方かもしれないんですけれどもお昼寝の呼吸確認についてある鶏舎の保育園の園長さんの方から通常はその1010分に1回ぐらいきちんと息をしてるかどうか確認するようなことを指導を受けているんだけれども、本来はその体に触れてはいけないところが目や耳で実際に呼吸してるのか確認するようにというような指導をその園で流行っていたそうなんですけれども巡回されたような、その方々が実際に触ってくださいという。
ご父兄の方からちょっと誤解を受けるような指導されたということで、それについて意見をしたところ、これはちょっと区に確認しますということでその場できちんとした指導がいただけなかったというところでお伺いしたかったんですけれども、そのいま自宅や保育の経験のある方々が巡回されている中で、区とのその情報とあの巡回をする、その内容ですね、それがきちんと周知されているのかどうか教えてください。",2025/11/10,福祉保健
保育課長,,2025/11/10,福祉保健
保育課長,"、はい。
あの子のお昼寝のところというのは食事とお昼寝が一番死亡事故が高い。
ところでございまして、区は本当に巡回のところそこを中心に見てもらってまいっているところでございます。
呼吸を確認するっていうところもなかなか難しくて、実際に小体に手を当てるっていうか当ててくださいっていうことは区として指導しているところです。
というのは、体に触れて温度を確かめて、それで万が一そこですごく温度が低かったりとか、万が一ものすごく暑かったりとかしたら、すぐに対応しなくてはいけないので必ずそこはちゃんと丁寧にやってくださいそれで呼吸確認してください。
それが死亡事故をし、そういうのを防ぐとなってますのでそこは徹底しておりますし、委託業者に対しても同じような指導をしているので、ただそれが自信を持って答えられなかったことについては、そこは改善の余地があるかなと思っておりますがそういった趣旨でやっておりますので、ご理解いただけるとありがたいです。
以上です。
ぬるい。
丁寧な巡回ありがとうございますそうするとその国の正しい巡回のやり方を書く園長の方々や、また保育士久慈の方々がきちんと認識されていなかったということでありますので、それはあの次回の町会や保育士の指導の中でどのようにするのか徹底をしていただきたいと思います。
続きまして、今度は敬老館について行政評価というか、今回資料のこの一番の中で様々な指定管理者の評価結果がある中で、敬老館については運営されている会社が一つであるということで、三つまとめての評価結果になっているんですね。
ただ、運営業者が委託業者が違う中でも保育園はそれぞれある中でどどどどういった経緯経過でこの敬老館だけは三つまとめて評価になっているのか教えていただきたいと思います。
委員長。",2025/11/10,福祉保健
高齢者福祉課長高齢者福祉課長,"はい。
敬老館につきましては3巻とも同じ悪臭を株式会社というところで指定管理を運営をお願いしているというところであの山間ある程度利用者さんの特徴等で独自の部分もなくはないんですけれども基本的には運営のやり方は統一する。
ように、3巻の館長が毎月館長会議で集まって、あの情報共有をしたりですね、こういう時はどうしたらいいかとか相談したりやって、統一するようにしておりますし、統括官長ということで区長の本部の方の統括の方もいらっしゃるので、基本的には同じやり方を3館ともやれるようにということで、やっているので評価もあの参加を開けるというのがなかなか難しいというふうに考えております。
今一番初めに申し上げた通り、保育園については指定管理者が同じような会社であっても、多分わかれて毛評価をしているかと思います。
なので、今一度これ各経路かによってやはり各館長さんが様々な工夫をされながら、本当に楽しいイベントやいろんなことをされていると思いますのでこれ三つ一緒で本当にいいのかどうか改めて教えていただきたいんですけれども委員長。",2025/11/10,福祉保健
副職部長,"、福祉保健部長例えば他の施設保育園などについて、例えばですけどもベネッセアイケアが八丁堀物件と三富町保育園など複数の事業者を運営しております。
これは結果として同じ業者であって、それぞれ選定する過程では別々で事業者を選定している結果として同じ業者になったというところでございます。
経路につきましては、この3館を一体的に運営するっていう前提で事業者を募集しておりましてその結果この事業者が決定されているというところですので、敬老会については一緒に参加をまとめて全体としての評価をする。
他の施設については結果は同じでしたけれども、別々の選定過程の中で、選ばれたというところですのでそれぞれの運営を評価しているというその違いでございます。
以上でございます。
ルール委員承知いたしました。
しかし、ながら、各敬老会において非常に特色のある、それぞれのエリアによってやはり利用者さんが求めているところも違ったりいたしますので、今後もし何か見直す機会があるようでしたら、この三つまとめてではなくそれぞれの敬老館がどのような形で、どのように利用者様から満足度いろいろいただいているのかと清掃ですとか、いろんなことについて評価をしていただきたいと思います以上です。",2025/11/10,福祉保健
黒原委員,"はい、参政党の黒原ですよろしくお願いいたします私からも資料1と資料についてそれぞれ伺っていきたいと思います。
まず資料1なんですけれども、指定管理者の評価結果ということでですね、どれもいずれも最終的には適正ということで、評点といたしましても80点以上というところになっておりますその中で、私としましては注目したのは、評点の低い個別の項目でございまして、その中でですね、各評価の中で3利用者の満足度、そのうちの③苦情対応というところでいくつか評点が3ですね。
まだ低い点数を取ってる次事業というか、指定管理者があったということです例えばポピンズリペアさんですねリペア者が8番と10番の新川児童館つけた児童館と出してますけれどもそれが山であったり、ライクキッズ者がですね小泉町児童館12のエドはるみごめんなさい9の堀米町児童館12の晴海児童館でその評価だったということです。
こちら内容を見ますとそれぞれアンケートをとられているというところでですね。
特に優れている、優れているといった評価が少なかったので、3評価としましたということでございます。
これはちょっと私の個人的な意見ではありますけれども、こういうアンケートをとったときにですね、答えてくださる方っていうのは比較的この好意的に見て良い評価を出されるパターンか。
何か言いたいことがあって苦情等でですね低い評価になるという傾向が強いのかなというふうに思っているんですけれどもそうした中でですね個別に特に何かあったというわけではなさそうなんですが、評点としては良い評価を受けやすいところがあまり高くなかったということでですね、もちろん適正ではあるということなんでしょうけれども個別には、それぞれの施設のありようがですね、どうなのかというところを確認してもいいのではと感じております。
実際に今回のこの件を通じてですね、こうした点について着目されて何がしか対応なり対話をされているのか、そういった点について教えてください。
お願いいたします。
委員長。",2025/11/10,福祉保健
放課後対策課長,"はい、苦情対応への評価についてでございます。
こちらについては委員おっしゃる通り、アンケート結果の特に優れているですとか、優れているといったところの回答割合を中心に評価をしているところでございます。
また、アンケートの中では設問というものを別に説明とは別に自由記述という欄もございましてこちらには1部会の会員の意見というのはあったんですけれども苦情対応に関する個別の意見ではなくてですね、子供が楽しく使ってるですとか、先生がとても優しくありがたいといった好意的な記載がほとんどといった状況でございます。
今回の結果を踏まえまして、各課の方には我々の方で意見を聞き取っているところでございございますけれどもやはり各課においてかご意見をしっかり受け止めまして誠意をもって対応しているというふうに認識してございますが、なかなかその分析が難しい中で、回答した保護者からしますと、苦情対応にスピード感がないですとかまたはあのな結果にならないことで結果として対応の仕方に不満を持ってしまってるっていったケースも中にはあるんじゃないかというふうに私ども考えているところでございますそうした中で各児童館に対しましては、まず、様々なご意見をいただく中にあっても、きちんと利用者に寄り添った。
対応するように指導するとするということと併せまして、やはり日頃から利用者と積極的にコミュニケーションを図って良好な関係性を構築していくことで、利用者が意見を伝えやすいような環境を整えまして、できる限り駆除苦情といいますか、ご意見の目を小さくするよう指導しているところでございます。
以上でございます。
はい。
ご答弁ありがとうございました。
全体施策としてですねそうした対応を改めてこうした機会でとられているということだと認識しております。
このように評価を数値化することで全体としては適正なかなかそれほど重大事案ってことにならないかと思いますので、こうした個別の細かいところからですね。
どこまで特別対応というか、各施設に対してですね、取り組みを区としてやっていくのかっていうところはもちろん考え方があると思いますので、そうした点はですね改めて見ていただければと思うんですけれども、実際にこういう数字になったというところはやはり着目すべき点だとは思いますので、ぜひですね、個別対応を具体的にするかどうかというところは一旦置いておけば私はちょっとそういったお話をしましたけれども、置いておくにしてもですね、ぜひもう既にそうした見方をされているという認識でおりますが、ぜひそうした着目もですね改めてしていただければなと思いますよろしくお願いいたします。
特に先ほどの企業が違う一緒というお話も全員からありましたけれどもたまたまだとは思いますが企業がですね、同じ企業であるというところもあったりしますので、そうしたところもある種評価にもなるのかなというふうに思っておりますのでよろしくお願いいたします。
はい。
続きまして資料についてですね、伺いたいと思いますこちらにつきましても既に全委員からもお話あり前回の以前のですね本委員会でも質疑があったところですので、そこに連なるところで少し伺いたいのが、今回の反省対策ですね、対策の部分で改めて最初の資料2のページですね再発防止策ということで3点を大きく書いていただいておりますけれども、保育記録カメラ活用の推進というところと、保育職化保育記録カメラの設置支援検討という点がございます。
以前の本委員会でもそうしたところが一つ。
話題になってですね、私ももちろん巡回指導とか本当に大事なことだと思いますし、やるべきだと思ってますけれども最後のこの線といいますか、どうしても1点の確率でこうした事案は起こりうると、どれだけ対策してもですねどうしようもない点はあるのかなというところの中で、ある意味保育士の現場の方をですね守る意味でも、こうした施策というのが、より推進されるべきされるべきなのかなと思っております。
以前のそうした質疑の中でですね、現場の保育士の方にとって、どうしてもストレスになる部分もあるといったようなご発言もあったり記憶しておりますが、やはりこの点はあまり私もその間社会的にはですね、印象が良くないことは承知はしておりますけれどもやはり、最終的には現場をより良い環境に保つことにトータルで繋がるのかなと思っております今回これが再発防止策として実際に書いていただいておりますけれども、そうした点どのようにですね改めて捉えられたのかというところをお聞かせいただければと思います。
お願いいたします。
委員長。",2025/11/10,福祉保健
保育課長,,2025/11/10,福祉保健
保育課長,"はい。
保育のこのカメラにつきましては、やはり監視というところになっていきますとやはり監視っていうのはしきれないところがあると思うんですね。
どうしても死角は発生いたしますのでただ例えば私石井委員おっしゃったようにその保護者から問い合わせがあった際に保育所を守るという。
医師意味でもきちんとした保育をやっていればそちらについて何かあったときにそちらを証明するものですとか、あと日々の保育の振り返りで保育の質を上げるという意味でも、意味はあるかなというふうに認識しているところでございます。
ただ、それを区として強制するのではなく、やはりいろんな事業者によって考え方がございます。
その中でそれをやはりカメラがつくことはネガティブだというふうにお考えになるところについては、あの法人の考えを尊重していきたいなというところはございますが例えば今回のところでもなかなかペアでいろいろ関心できればいいですけれども、例えば超長い間1人になってしまうようなときとかにはカメラがあることをその事務所の方にお伝えしながら、何かあったとき、事務所がそれを見ててねっていうことによって何かトラブルがあったときにすぐ駆けつけられるとか。
そういったメリットも十分考えられるなというところもありましたので、今回このような支援をしていければなというふうに考えてございます以上です。
すいません。
市長ちょっと補足になりますが、どちらかと言いますと、常時監視というのはなかなかこれストレスがかかるものでございまして委員からもご紹介いただきましたようにですね、あくまでもこの保育士の何て言うんでしょう、事件事故があった場合に、自分の業務を守るためのツールとして位置づけるところが大きいのかなというふうに思ってるとこでございます。
そういったことからも何か事務室でですね、ずっと眺めてるんではなくて、事件事故が発生した場合に身を守るためのツールだというところで今後そういったことを十分意識付けしながら各県に対しましてはこういったカメラの促進といったものをお願いそういった進めてまいりたいと思いますそうしたことからもそうしたことも含めて区立保育園におきましても同様の取り組みをするというとこでございますけれども、労使双方がそういったところでの共通理解のもとにやっていければいい保育になるのかなというふうに考えてるとこでございます。
以上でございます。",2025/11/10,福祉保健
黒原委員,"はい。
ご答弁ありがとうございました。
私も企業にいたときにですね総務で監視カメラを見るというようなお墓も見るというようなこともありません。
基本的には有事の際しか見ない。
ですね。
普段はほぼ使ってないような状態は正直ありまして。
そうした中でですねがどう判断されるかもちろん判断だと思いますので私としましてはぜひ行政本区といたしましてはセキュリティにそうした面というものもですね必要だよねというところは、打ち出せるところは打ち出していただきたいなと思っておりますので引き続きどうぞよろしくお願いいたします。
以上で質問を終わります。
では副委員長　質問議題1、福祉および保険の調査についてに入ります。
はい、いたします。
私からは、今回報告させていただいたこの福祉施設の指定管理者とあと各地域包括センターの委託についてお伺いしたいです。
京橋の年寄センターでは、ちょっとちょっとしたことがありまして、その後そういった評価っていうのは、行政評価の中でしか判断できないんですね。
これ区がやっている委託先っていうのは、そもそも論としてこのような指定管理者のような行政評価を設置しないのかどうかを見てほしいです。
委員長　介護保険課長教科書図書類相談センターというところがありましたのでまずはそこについて大丈夫です。
二つ場所という相談センターにつきましては、今委員長1階にが委託をしているという状況でもちろんですね区としてそちらのその委託契約書なり仕様書というところでやっておりますので、その中で不適切なことがあればですね、確認し指導していくというところで、区がしっかりと運営についての支援をする。
いうふうになっております以上です。
福祉保険は聞きたかったな日経終わりそれ委員長　報告の正副委員。",2025/11/10,福祉保健
区民部長,,2025/11/11, 区民文教
区民部長,"はい、私からは資料1および資料2についてご報告をさせていただきます。
着座にて失礼をいたします。
初めに資料1、中央区立中央会館等の指定管理者候補事業者の決定についてでございます。
資料1をお開きください。
令和8年3月31日で指定期間が終了いたします。
区民部所管施設に係る指定管理者候補事業者を指定管理者選定委員会の審査結果を踏まえ、決定するものでございます。
対象施設は1の表にあります通り3施設指定期間は、①中央会館と、③月島運動場は、令和8年4月1日から5年間でございます。
②の総合スポーツセンター、浜町運動場、月島スポーツプラザの指定管理者については、下段の目印にありますように、総合スポーツセンターが大規模改修工事期間中であることに加え、日本橋中学校の体育授業等での利用も予定されていることから、利用者の安全性の確保および交流の施設運営にするため、大規模改修工事と日本橋中学校浜町校舎期間が重なります。
令和8年度および令和9年度の2年間について特命により選定を行いました。
新野候補事業者の選定結果につきましては後ほど御説明をいたします。
3の選定経緯でございます。
本年5月28日に第1回選定委員会を開催し、募集要項、選定基準を決定6月9日から7月25日までの公募期間を経て、8月19日の第2回選定委員会で第1次審査9月22日の第3回選定委員会では、第二次審査を行い、候補事業者を設定したところでございます。
次のページをお願いいたします。
委員会の構成につきまして、選定委員会の構成につきましては、4の表に記載の通りでございます。
次のページをお願いいたします。
別紙になります。
選定結果でございます。
まず中央会館の指定管理者候補事業者には、現事業者である。
松屋グループオーエス共同体を選定いたしました。
審査項目および評価点については、次のページを御覧ください。
応募は1事業者でございました。
そのため、候補事業者として適当であるか総合的に審査を行いました。
まず、上段の表1次審査として、1の運営方針から5の運営経費および収支計画までの各項目について、書類審査を行い、下段の表2次審査では、プレゼンテーションおよび財務状況の確認を行った結果、300点満点中198点となり、最低制限基準点である満点の6割、180点を上回りました。
括弧3の選定理由でございます。
事業者の提案は、維持管理業務における各種チェックシート等の整備リズム経験や資格を有する責任者の適切な配置か、各種状況に応じた危機管理マニュアルの整備など、安定的な施設運営が期待できる内容でした。
プレゼンテーションにおいても、区内在住在勤者に限定した価格の宴会プランなどの具体的な提案があり、集会施設の利用率や利用者満足度の向上に意欲的に取り組む姿勢がうかがえたことから、適切かつ安定的な施設運営が可能と判断し、交付事業者として選定したものでございます。
次のページをお願いいたします。
総合スポーツセンター等の候補事業者には特命選定方式により、現事業者の中央区スポーツ未来創造パートナーズを設定いたしました。
次のページをお願いいたします。
総合スポーツセンターの大規模改修および日本橋中学校中の授業料等の補足主事情を踏まえ、現事業者が候補事業者として適当であるか総合的に審査を行いました。
1次審査として書類審査2次審査としてプレゼンテーション等を行った結果、300点満点中211点となり、最低制限基準点である180点を上回りました。
括弧3選定理由でございます。
事業者の提案は、安心、快適、競争発展をコンセプトにした。
事業や大規模改修および日本橋中学校の利用中においても、施設利用者が安全に活動を行えるよう関係各所との調整に積極的に取り組む姿勢が高く評価されました。
また、プレゼンテーションにおいても、施設利用のきっかけ作りから定着化を目的とした取り組みが具体的に提案されており、スポーツ活動の一層の振興に繋がるものとして高い評価を得たことから、適切かつ安定的な施設運営が可能と判断し、交付事業者として選定したものでございます。
次のページをお願いいたします。
月島運動場の交付事業者には、現事業者であるタフカ株式会社を選定いたしました。
次のページをお願いいたします。
こちらも応募は1事業者でしたので、交付事業者として適当であるか総合的に審査を行いました。
1次審査として書類審査を医事審査としてプレゼンテーション等を行った結果、300点満点中214点となり、最低制限基準点である180点を上回りました。
括弧3選定理由でございます。
事業者の提案は、本社と連携した適切な人員配置や緊急時における危機管理環境や安全に配慮した施設の維持管理など、安定的な施設運営が期待できる内容でした。
また、プレゼンテーションにおいても、区民ニーズを的確に捉えた上での利用率向上への取り組みや、特性のあるグラウンド整備の内容が提案されており、利用者目線に立った。
説明方針が高く評価されたことから、適切かつ安定的な施設運営が可能と判断し、交付事業者として設定したものでございます。
資料1は以上でございます。
次に、資料2印鑑登録、登録印鑑の追加等についてでございます資料2をお開きください。
信頼および旧字のフリガナが住民票に記載されたことに伴い、登録できる印鑑を追加する他、印影部分に係る印鑑登録原票の調整方法の変更等を行うものでございます。
概要でございます3点ございます。
まず括弧1行政手続きにおける特定の個人を識別するための番号の利用等に関する法律等の一部を改正する法律の施行により、氏名および旧字の振り仮名が公証され、公証され住民票に記載されることを踏まえ、当該振り仮名で表した印鑑を登録できる印鑑に追加する。
噛み砕いてご説明させていただきますとふりがなで表した印鑑も印鑑登録しての登録が可能になるということでございます。
次に、括弧2地方公共団体情報システムの標準化に関する法律に基づいて作成された標準化仕様書において、国が印鑑登録原票の調整方法に係る考え方を変更したことに伴い、印鑑登録原票のうち、現在紙媒体で調整している運営部分について、システムで調整できるようにする。
こちらは区側の事務処理の関係に話になりますけども、印鑑の押印の原票につきましてこれまで紙ベースだったものが、システム上での管理が可能になるというものでございます。
次に、括弧3、印鑑の登録申請者が本人であることを保証する保証人に係る要件について全国の区市町村における印鑑登録事務の統一化が進んできたことを踏まえ、東京都の区市町村において既に印鑑の登録を受けているものから区市町村において既に印鑑の登録およびているものに緩和する。
こちらにつきましては印鑑の登録申請者、印鑑登録をする際の申請者が顔写真付きの本人確認書類を持っていないときなどに保証人が必要となりましてこの保証人の印鑑登録証明書などを提出していただくことになりますが、その要件をこれまでは東京都内の区市町村で印鑑登録を受けている者に科限定していましたが、全国の区市町村で印鑑登録を認めるものに広げるものでございます。
2の改正を要する条例は中央区印鑑条例施行予定日は公布の日でございます。
資料に私および私からの報告は以上でございます。
委員長　教育委員会事務局次長、教育委員会事務局次長私からは資料3から6についてご報告させていただきます。
着座にて失礼いたします。
初めに資料3、令和7年度全国学力学習状況調査の結果についてでございます。
こちらは全国的な児童生徒の学力や学習状況を把握分析し、教育施策の成果と課題を検証しその改善を図るとともに、学校における児童生徒への教育指導の充実や学習状況の改善等に役立てるものでございます。
調査内容ですが、実施主体は文部科学省でございます。
実施日、対象学年および調査内容はこちら(3(4に記載の通りでございます。
今年度から中学校第3学年の理科および質問紙調査については、CBT学習用タブレットを用いたオンライン方式で実施しております。
結果につきましては、別紙をごらんください。
別紙2ページ2の教科別平均正答率ですが、小学校では3教科とも国を上回っております。
中学校では国語数学については、都と同等、国を上回る結果となってございます。
理科につきましては今回オンラインにしたことにより、目印に説明があります。
IRTスコアという数値で表しておりますが国を下回る結果となってございます。
恐れ入りますが資料3にお戻りください。
今後の取り組みといたしましては、括弧7にありますように、各学校が自校の傾向や到達状況を把握し、学力体力向上プランに反映するとともに、事業改善に生かしてまいります。
また、児童生徒に対する個別指導の充実を図ってまいります。
資料3については以上でございます。
続きまして資料4、令和7年度学習力サポートテスト実施結果についてでございます。
こちらは児童生徒の基礎的基本的な学習内容の定着状況と問題解決能力等を把握し、児童生徒の学習の動機付けに繋げる子に応じた指導の充実と教員の指導力向上のため、区独自のテストを実施しその活用を図っていくものでございます。
1実施概要ですが実施日、対象学年教科は記載の通りでございます。
に正答率と結果につきましては、別紙をご覧ください。
まず1ページのに、学年教科別平均正答率でございます。
かっこ1小学校では、全教科において全国平均を上回っております。
2ページの括弧2、中学校では第1学年の理科、第2学年の社会、第3学年の社会理科で全国平均を下回っております。
次に、3ページの3、同一集団の経年変化の比較でございます。
小学校では、いずれの教科も区の平均が全国平均を上回っておりますが、算数では、区と全国平均の差が年々開いているのに対し、小学校の社会や理科では、全国平均との差が縮まってきております。
4ページの中学校では社会理科において、区の平均が全国平均より下回っており、社会では全国平均との差が年々広がっております。
次に、5ページの4、質問紙調査についてをご覧ください。
市長質問紙調査は、自己認識社会性学級環境、生活学習習慣の四つの大きいカテゴリーで構成されており、括弧2に一部抜粋した結果を記載してございます。
全体的に良好な結果となっておりますが小4の単位は話し合いが全国平均を下回る結果11のいじめのサイン、中三の先生の支えが全国平均を上回る結果となってございます。
資料4にお戻りください。
3件、テスト結果の活用ですが、各学校において、学力体力向上プランを修正し、今後の授業に反映させるとともに、個々に応じた指導の充実を図ってまいります。
資料4については以上でございます。
続きまして資料5令和7年度区立小中学校児童生徒体力と調査の結果についてでございます。
こちらは中央区の児童生徒の体力の状況等を客観的に把握し、子供たちの健康や体力向上に関する意識を高めるとともに、各学校における今後の体育健康教育の充実を目的とするものでございます。
1調査実施児童生徒数および2調査内容は記載の通りでございます。
3調査結果と分析につきましては、別紙をご覧ください。
まず別紙の3ページ体格についての調査結果になります。
身長につきましては全ての学年で全国と平均を上回っており、6年との比較ではほぼ同程度の数値となってございます。
会場につきましては、全国の平均との差はマイナス0.2キロから2キロの間で推移しており、6年度との比較ではほぼ同程度の数値となってございます。
次に、4ページ、体力についての調査結果と分析でございます。
5ページの総括をご覧ください。
小中学校では全学年50m走で平均以上の結果であり、走力が高いことがわかりました。
また、小学校では反復横跳び立ち幅跳びで全国と平均以上の結果であり、敏捷性や瞬発力が高いことがわかりました。
一方課題としましては、小学校の女子は筋力や筋持久力能力が低く、中学校は男女ともに全身持久力、女子では力が低いことがわかりました。
これらの課題に対し、6ページの体力向上に向けた取り組みにありますように各学校で自校の結果をもとに、学力体力向上プランを修正し、具体的な取り組み内容の見直しを行うとともに、外部講師による担当教員への研修の実施や、体育指導補助員の配置等により指導の充実を図ってまいります。
資料5については以上でございます。
続きまして資料6通勤手当支給限度額の引き上げ等についてでございます。
こちらにつきましては、人材確保が喫緊の課題であり、働きやすい職場環境の整備が求められていることから、国および都において、令和7年4月から職員の通勤手当の支給限度額が引き上げられた他、新幹線等通勤の支給要件が緩和されたため、本区においても同様の改正を行うものでございます。
改正内容は支給限度額が、見直し後は15万円で、限度額の範囲内で新幹線等特別料金を全額支給となります。
新幹線等通勤の支給要件については記載の通りでございます。
改正を要する条例は中央区立幼稚園教育職員の給与に関する条例で、施行予定日は令和8年4月1日でございます。
説明は以上でございます。
でございました次に、発言の時間制についてでございます。
発言の持ち時間制につきましては、既にご承知の通りでございますので、よろしくお願い申し上げます。
ただ、いまの時刻は午後1時49分です。
自由民主党さん、42分かがやき中央さん、31分立憲民主党無所属331組、クラブ331分日本共産党さん31分士魂の会さん10分となります。
なお、持ち時間にはこの後の議題である生活審査の時間も含まれます。
それでは、理事者報告に対する質疑に入ります。
発言を願います。",2025/11/11, 区民文教
高坂委員,"はい。
では、よろしくお願い申し上げます。
過日の行政視察では、大変勉強させていただきました。
それは議題で閉じて取り上げさせていただきますけれども、なかなか見ることがない歴史とか文化とか。
そのあたり、大変本当に勉強させていただき委員長の選択、また議会局の皆様の円滑な運営、かつ楽しいごめん、その辺り本当に感謝申し上げます。
では進めさせていただきます。
ええ。
今回の報告は本当に一番大事な報告がなされております。
学力体力についてでありましてそのあたり、資料3、資料4、資料5をまとめてご質問させていただきます。
まず、本当にもうこの学力体力がちゃんとついてほしいと思うところでありますが、1-1の視点として、学力をうまくつけてもらうためにパイロット校など中央区も持っております。
リースをちゃんとやってもらうということで、例えば城東署作っておりますが、その技術をちゃんとやっているところに関してのこの結果は、やはり括弧とは違って一つ引いたもののような結果がでているのかどうか。
分析を教えてください。
これが一つ目です。
二つ目が、この被質問し調査っていうのが、あります。
ガックシ学習力サポートテストで質問紙調査があります。
これ大変重要なことを聞いていると思います。
中で自分が気になるのは子供たちの、やはり一番大事なものは自己肯定感だと思うんですけれどもこの辺りの結果はどうなっているのかどうか、もしわかれば教えて欲しいというのが一つ。
また、二つ目は、勉強は楽しくやるものであるとは思っております。
子供たちが楽しく学べているかどうかいうふうな辺りも質問票で読み取れているかどうか。
もし読み取れていればそのあたりの結果を教えていただければと思います。
質問指標から見れる子供たちいうことでお願いします。
三つ目が、体力のところでありますが、体重ここは教育委員会の委員の皆様も定例会で御指摘よくされております。
体重が平均であっても、その分布が問題です。
小児科医としても専門の私としても特に女子生徒も高学年女子生徒、中学生の女子生徒児童生徒の痩せや学期になったり、また子供をあまり運動しない子供たちの肥満が気になったりということはあるので痩せと肥満がプラスされれば平均は通常になったりもしまして、見えてこないので、この辺りの痩せや肥満の状況など気になる状況でないかどうか教えていただければと思います。
まずはこの辺り、お願いします。
委員長　室室長紫藤市長3点いただきました順にお答えしたいと思います。
まず学力につきましてパイロット校の結果についてでございます。
ご承知の通りですねこの学力学習状況調査および学習力サポートテストとともにですね、大前提といたしまして、各校のですね、順序をつけたり純烈をつけたりっていうようなことに目的通しておりません逆にそういうことはやはり趣旨に反するということで控えてるっていうようなところがございますので、先ほどご質問に城東小学校というようなお名前も出ましたけれどもこれについていくつだったかとかいうようなお答えについてはこれに反しますので、差し控えていただきたいなというふうに思っております。
ただ、パイロット校としてしっかり頑張っていらっしゃるそういったものの結果については良好であるというようなことで認識をしております。
二つ目でございます質問紙調査における自己肯定感についてでございます。
自己肯定感のことにつきましてもですね把握を押しているところでございます。
例えば、あなたが頑張ったときに友達から頑張ったねすごいねと褒められたことがありますかとかですね。
それから勉強やスポーツ習い事セミナーの自慢できる得意なことがありますかというような質問項目がありまして答えがでているところです。
いずれもですね、よくある時々ある含めて肯定的な紙回答ですねあるとか、自分なりにあると思うということもそうなんですけども9割近いですね、肯定回答率を取っておりまして、自己肯定感につきましてはですね、家族また先生友達のような身の回りの人たちの支えによって、比較的良好な結果であるというふうに認識をしております。
最後に体重のことでございます報告にございますように、いずれもあの体格については特に大きな問題はないというような平均で見ますとそういうことでございますが、極端にですね、肥満であったりとか、逆に痩せ型みたいなことについているというようなことについては、一部そういったところはあろうかなというふうに思いますが全体として大きな問題ということではありませんあの保険の指導をですね通してですねやはりしっかり食べること、また体重が成長期においては増えていくことは健全な発達であるというようなことについては各学校の方で指導をしているところでございます。
なおし、楽しく学べて質問調査に戻りますけれども、楽しく学べているかというようなご質問のところは類似するものとして、国語が好きかとか、算数が好きかというような質問がございます。
これが楽しいと類似するというかどうかっていうのはまた置いといてですね。
いずれもですね教科に変わるので多少の前後はあるんですけども、肯定回答率が6割から8割の間に推移するような結果となっております以上でございます。",2025/11/11, 区民文教
大坂委員,"はい。
それぞれにありがとうございます。
パイロット校というか、個別に見てはいけないし比較してはならないというのは大前提は理解しつつも、せっかくパイロット校があるので我々には明らかにしなくても、そうか。
やはりどういうものなものなのかというのは出せないデータではあるがそのパイロット校統合としてせっかくやっているのだから、その辺の木瀬製菓が出るでしょうしというところの評価は内部ではよろしくお願い申し上げます。
自己肯定感なり、楽しく学べるかというあたりも、全体的なところ、良い結果であるというふうにはそれ捉えることができますので、この辺り良かったと思いますし、またこの質問表でも、この先生の支えがあるというところここは本当に中央区が中三20枚ということもありますので、信頼関係をきちんと持ちながらできているというところもさしていただいております。
引き続き自己肯定感、そして先生方との信頼関係教育の方、よろしくお願い申し上げます。
三つ目のところの体重あたりの評価に関しては、どのような分布かというところは、ちょっと不心配ではありますのでまた引き続き見ていっていただければと思います。
続けて参りますが、体力のところでは筋力、持久力力前は登録だけだったのがちょっとできないとこが増えているかなとも思われるんですけれども、この辺りの課題があるというふうなところであります。
ここで対応として、スクールスポーツの種目や具体的な実施内容の見直しっていうふうな書き方がされているんですけれども、これもう一歩踏み込んで、どのようなことをお考えになられているのか。
教えていただければと思います。
また、対応策として、人員配置人という部分も書かれております。
実際、体育指導補助員を入れている。
また、段数とかブドウとか。
いうところでは、より専門の方も入れていこうというようなことを書かれておりますけれどもこのあたりどのように順調に確保できているのか、また、地域人材とか、もっともっと活用して、行けているかどうかっていうところを教えていただければと思います。
委員長。",2025/11/11, 区民文教
指導室長,,2025/11/11, 区民文教
指導室長,"はい。
続いて、体力についてのご質問についてお答えしたいと思います。
持久力がやはり目に見えてですね課題かなというようなところがございますそこで椅子スクールスポーツでございますけれどもあの格好ですね毎週るスポーツで持久力のを向上に努めているところも挙げてございます。
特にですね誘えば中学校5校ございますけれどもうち参考でスクールスポーツ持久力、アップのための取り組みを行っているようなところがございます。
また、ですね、少し変わったところっていうとあるアルティメットというフリスビーを使ったアメリカフットボールみたいな競技があるんですけれどもこれをスクールにしてですね、結構距離を走る競技であったりもするところからそういったところでただただ走るというよりかは楽しみながら持久力をつけていくというような取り組みをしているところでございます。
また、人員配置につきましては体育指導補助員など小学校の方を中心につけているところでございます。
これの人材につきましては現在ですね、体育大学の学生さんなどが結構入ってきてくださっておりまして将来教職を目指すようなそういった志のある学生がしっかり確保配置されておりましてですね最近小学校の免許も取れるようなこともありまして大変活躍しているという報告を受けております以上でございます。",2025/11/11, 区民文教
高坂委員,"はい、この体力を伸ばしていくというところでは、教育委員会関連、また関連では、PTAさんも入りながら、バスケットボール大会したり、バドミントン大会したり、また区民部かもしれませんけれども羽つき大会したりというようなことで、子供たちが楽しめるそういう場を作り、作ってくださっており、体力の向上に向けて取り組んでくださっているところ、感謝申し上げます。
さらに、このマイスクール、マイスクールMyschoolスポーツの方の派遣の方も期待をいたします。
また、体育指導補助員に関しましては今おっしゃったところでは、そしたら待遇が体育大学の学生さんたちはボランティアでの入り方もあるし、また学習指導補助補助員ののように体育指導補助員のように教職員免許持った方も入るという、そのいろいろな形の補助員の入り方があるあるということで良いのかどうかちょっと念のため確認させてください。
委員長。",2025/11/11, 区民文教
指導室長,,2025/11/11, 区民文教
指導室長,"はい。
体先ほどのお話は基本的には体育指導補助員されているということで現在免許取得中ということで教員の免許を持ってらっしゃる方ばっかりということではございません。
以上でございます。",2025/11/11, 区民文教
小坂委員,"はい。
ぜひ地域の方々がもっともっと入りながら、体育とかはやれると思いますのでその辺りまた入りやすい形などを作っていってもいいんじゃないかなと。
皆さん、みんな何かスポーツ得意なものが持っておられるし、その方々がもっと積極的に入りながら子供たちの体を動かす機会を作っていただければと思います。
この辺りまた更に増え、踏み込んで考えてこのような仕組みですね、考えていければと思うところであります。
ここでの質問はこれで終わります。
次の質問者の発言を願います。
名がいい。
よろしくお願いいたします。
本日の行政視察につきましては、大変勉強になりました。
今後、この得られた学びを十分に生かしていきたいと考えておりますありがとうございました。
私は資料3令和7年度全国学力学習状況調査の結果について、資料4令和7年度学力サポートテストの実施結果について伺ってまいります初めに本区の児童生徒を、生徒の学びを支え続けてくださっている教職員の皆様のご尽力に心から感謝と敬意を称します。
日々の授業改善や子供たちと向き合う姿勢の積み重ねが、本区の学力状況に表れているものと受けとめております。
一方で、学力の状況を把握するに当たっては、区全体の平均正答率という全体像だけ、全体像だけでは子供たち1人1人の学びの様子までは見えにくい部分があるのではないかと考えております。
同じ学年、同じ教科であっても今後の課題の状況によって必要となる支援には差が生じると考えているからです。
そこで、お伺いいたします平均ではなく分散の把握についてですが、本区では教科書別平均正答率に加え、学級内の上位件数や回転数などといったばらつきを示す指標や全体の件数分布についてどの程度把握されているのでしょうか？また把握されている場合は、これらの指標を学校への支援配置や授業改善にどのように活用されているのでしょうかお願いいたします。
委員長。",2025/11/11, 区民文教
指導室長,"、指導室長学力調査における学力の分布の把握についてのご質問についてお答えいたします。
成績のいわゆる学力正答率のですね、分布につきましては各学校のものそれから区全体のものということで把握を教育委員会としてもしております区全体の特徴といたしましてはおおむねいわゆる一峰性の綺麗な形であります高い正答率に小学校の方は高い正答率の分布の山が比較的高右側にあるというか、右側ってのはつまりたくさんと点数が取れてるってことですね。
というところが高い分布にあるというような特徴もありますまた、地中学校については真ん中ぐらいに山が来るんですけれども中学校の数学については階層と上位層の分布に偏りがあるというような傾向がございます。
そういったことからですね、こういった場合は少人数指導が大変有効でございますがこういった実態を踏まえて本区では算数数学英語を中心にですね、区費講師を入れて少人数指導を展開しているという現状でございます。
なおですね各クラスごとまでの分布というところについては出しておりませんで、各学校が9年というところで、各学校に通知教え各学校の学力体力向上プランに反映させるということで指導をしております。
以上です。
委員長。",2025/11/11, 区民文教
永石委員,"ありがとうございます。
ご答弁で示していただきましたように日々の授業改善も少人数指導等にも繋げていただいているとのこと本区の教育の丁寧さが表れていると受け止めましたその上で全体の点数分布がより細やかになることで、必要な支援を必要な場面に届けやすくなると思います今後も分析と今日共有を通して子供たち1人1人に届く学びがより確かなものになることを期待しております平均を揃えることではなく、必要なところに関し必要な支援が届くことがより重要であると考えておりますので引き続きお願いいたします。
続きまして学習サポートテストの実施結果についてお尋ねいたします本テストは1人1人の学習状況を丁寧に可視化し、学びへの動機づけや個別指導に繋げていく大変重要な仕組みであると受け止めております。
そこで、次に個人票の活用状況の把握についてお尋ねいたしますが、本区では学力サポートを受けたサポートテストの個人票を配布した後、その結果をどれだけ支援に結びつけられたかについてですが、例えば個人面談を行うですとか、先ほどもお話がありました少人数授業や追加の支援に繋がるなど、の状況について個人票を配るだけではなく、その後の支援にどのように繋がっているかという点を改めてお聞かせくださいお願いいたします。
委員長　指導室長紫藤市長はい表の活用西方についてでございます。
表の返却の方法につきましては、括弧に任しているところでございますがその多くがですね、個人面談などを通して返却された。
ということで把握しております。
その中でその対象のですね児童生徒の強みであったりとか、逆に弱みであったりというようなところ家庭とともにですね把握をするというところをさせていただいているかと思います。
具体的にはですね宿題も含めた家庭学習に生かしたりとかですね。
各教科の指導の際のいわゆる個別最適なが、指導のところを意識してし、指導に生かしているというところでございます。
以上です。
ない。
ありがとうございます。
子供たち1人1人の課題が伸びている力を適切に確認し次の課題に学びに生かされていくということを確認をいたしました。
子供たちの学びは知識や技能だけではなく意欲や安心感学級での関わりといった環境とも深く結びついていくと思います。
そこで、次に、こうした学習環境や心の状況、状態を確認するための質問紙調査についてお尋ねいたします。
学習は、知識や技能の習得だけではなく、安心して教室にいられること、自分の考えを言葉にできること、先生や仲間を信頼できることといった、学びの土台と不可欠の関係にあると思います資料では、小学校4年生の体は話し合いのスコアが全国値より低いこと中学校1年生のいじめのサイン、中学3年生の先生の支えが高いことで今日先生方と生徒との信頼関係が築かれていることが示されています。
これらは単なるデータではなく、子供たちの学校での居場所感や関係の質を移すものだと受け止めております。
学力は知識や技能だけで決まるものではなく、安心して発信できる友達とSAS話し合えるといった学級の雰囲気や人権関係とも深く関わっていると考えています。
そこで、本区では、学力の結果と質問紙調査の結果をあわせて見たときに、どのような関係性があると分析されているのでしょうか？おわかりになる範囲で構いませんのでご見解をお聞かせください。
委員長　指導室長紫藤市長はい。
質問紙調査と学力の相関の質問についてお答えいたします。
今回ですね資料として抜粋してるお示しした質問シート学力のクロスというものはとってはおりませんが、学力との相関が見られた項目としてはですね例えばクラス全体やグループ、友達同士で話し合いをするときに、積極的に発言ができているかというような質問に対して、肯定的に答えた子供ほど、より高い正答率を保持しているという結果であったりとかですね。
学校やの授業やクラスの役割などで先生や友達から期待されたり頼りにされたりしていると思うかというような質問に対して、肯定的に答えた子ほど、また同じように高い正答率を保持しているというような傾向が見られます。
そういった中でやはり居場所がしっかりしてる子ほど、安心して学力も高まってるのかなというような認識でございます。
一方ですね家庭においてスマホやパソコンのルールを定めているかというような質問に対してはそれほどの相関は大きくは見られなかったというようなことも分析の中に出ております以上でございます。",2025/11/11, 区民文教
永井委員,"ありがとうございます学力の結果と子供たちが教室でどのように感じ、どのように関わっているかという質問紙の結果を合わせて合わせる視点が現場で回されているということを確認をいたしました。
子供たちはわかることと同じぐらい、ここで学んでいいんだと感じられることが、次の学びに向かう力になると思っております。
子供たちが安心して学びに向かえるか、学びに向かえる環境が今後も本区で育まれていくことを願い、理事者報告からの質問は終わります。
ありがとうございました。
次の質問者の発言を願います。
白須伊よろしくお願いいたします。
通勤手当の支給額の引き上げについて伺いたいと思います。
このたびかなり上限が15万円に引き上げられたこの背景と影響についてお聞かせいただけたらと思います。",2025/11/11, 区民文教
委員聴取と主張指導室長,"はい。
今回の通勤手当の引き上げに伴うまず背景でございますけれども、昨今のやはり教員不足というようなところがございます。
やはり遠方にいてですね、働く教員として働きたいというお気持ちはあるもののやはり通勤手当が満額でないというようなことで躊躇されるような方が相手はもったいないというようなことで引き上げをなさしているところでございます。
現在ですねよ。
現在の本区の幼稚園の先生方の中で、この引き上げによって、全額出るようになったというような方は現在おりません。
皆さんご勤務ご自宅から勤務地までの2点については全額出ている状況でありますが今後ですねそういったような方がいらっしゃったようなときにもカバーできるということで、期待をしているところでございます。
以上です。
白須委員ご答弁ありがとうございました。
この大幅な引き上げによる該当者は現在のところいないということで了解いたしました。
また、今後この引き上げにより、かなり新幹線通勤ですとか、あの遠くの方も来てくださったり、あのかなり大きな影響があると思うんですけども国の財政への影響額の見込みなどはありますでしょうか？また本当に大変な実情や幼稚園教諭が足りないという実情があって、引き上げるっていうことでよろしいんでしょうか？また人材確保、離職防止の観点から、今後住宅手当や育児支援などの検討の有無などもありますでしょうか？また、他の職員の方々のこの違いというのはこの大幅な被害による違いについてはどのようにお考えかお聞かせいただけますでしょうか？委員長紫藤市長紫藤市長はい。
現在この非大幅な引き上げに伴いの対象者いないわけですけれども、財政的なものっていうなところについては財政課の方もですね頑張ってくれたのかなということですいません特特段ですねそういった課題感は持ち合わせて現在持ち合わせているところではなりありません。
また、離職防止や幼稚園の先生方の報酬人の増加みたいなお話かなと思いますけども。
現在ですね幼稚園教諭の募集につきましては、結構高い倍率が出ている状況でございまして、特段ですねそれについてというところはないかなというところでございます。
さらに最後に色の違いについてということでございますが、本区のですね職員も同じ改正をしているということでございますので、これに伴うは間違いと言ったところはないのかなというふうに認識しております以上でございます。
白須委員ご答弁ありがとうございました現在高倍率で推移しているということで大丈夫な現状を知りましてありがとうございます。
また、公平性という観点から他の職員の方も改定していることで了解いたしました。
また、この大幅な値上げと新幹線で帰るときで他府県からも通ってくる方も今度いらっしゃる可能性もあるんでしょうか？そうすると子供たち大変等々重要な職業でありますので、子供と園児たちに対して違う課税、都内だけで都会で育った方じゃなくて新しい風というか新しいお話新しい感覚を子供たちに与えられることも期待しております。
ありがとうございます。
また、府内在住や近隣勤務を希望する職員が他の住宅手当や子育て支援など多様な働き方を支えるような総合的な環境整備候補購買率ではありますが、今後も見据えてよろしくお願いいたします。
ありがとうございます。
うん。",2025/11/11, 区民文教
副委員長,"は委員席へお移りください。
奥梨衣何点か質問をいたします。
最初に、報告1の中で総合スポーツセンター現在、指定しているところに、あと2年間、特命により指定するという報告でした。
それで選定理由の中で、事業者の提案は、審査の各項目にわたって良好だということと、安心快適競争発展をコンセプトにした事業や、あと日本橋中学校の利用を中ということもあって、いろいろそういうものについても配慮があるということで、評価されたという。
表記がありますけれども、この総合スポーツセンターの利用のんな件で、以前に裸足ランニングが前はできたのにできなくなったということで何とかできるようにならないのかということで、奥村議員が質問をさせてもらったことがあるんですけれども、そのときには安全性や衛生面から、コナミの方でそれはできないっていうことになってますって男答弁だったんですけども最近そういう要望を寄せていただいた方ができるようになったっていうことで、大変喜んで私達の方にも連絡いただいたんですけれどもこうした裸足ランニングもできるようになったというような内容も加味して、選定したのかという点を御確認をさせていただきたいと思います。
お願いします。",2025/11/11, 区民文教
議長スポーツ課長,"、スポーツ課長総合スポーツセンターの特命選定ということと、裸足ランニングというところでございますけども最初ですね申し訳ございません。
裸足ランニングについてはですね、依然として衛生面ですとか安全面というところでご遠慮いただいているということになっておりまして、現在ですね、実はこの工事の大規模改修の工事のためにそのランニングコース自体がですね、工事ヤードということで、他の出場を潰すよりも工事などというところでですねそちらでちょっと利用させていただいておりますのでランニング自体はちょっとあの10年の3月まで処理できないことになっておりますので、ここでご不便をおかけすることは多い。
お詫びさせていただきたいと存じます。
ですので特命選定につきましては、こちらのですね、先ほど阿野委員のおっしゃったような大規模改修ということで、改修の計画の段階から、この指定管理者は一緒に協議していたというところで、その成立のですね、状況も非常に把握しているというところで、工事における利用工事の安全第一というところの均衡が図れるというところと、あと日本橋中学校が浜町校舎の利用ということで、体育等について総合スポーツセンターですね、出場を利用するというところで、こちらについても施設の状況を把握しているというところで、生徒さんもですね、安全を図りながら、また利用者の方も安全に使っていただいて工事を進めるということにおいて、特命で選定させていただいたということになっております。
以上でございます。
委員長　小栗委員今大規模改修中なのでできないということなのか。
それがあの会社が終われば裸足ランニングをできるようになるということなのか、それはもう前からずっとできなくてこれからもできないのか。
その点を確認をさせていただきたいと思いますが、ぜひできるようにしていただきたいと思いますけれどもご答弁をお願いしたいと思います。
委員長。",2025/11/11, 区民文教
スポーツ課長,"、スポーツ課長申し訳ございませんわかりづらい答弁で申し訳ございません。
また、柱にはですねやはり平成上の理由と安全上の理由から会社側は終了した後もご遠慮いただくということで、恐縮ですがお願いいたしたいと存じます。
以上でございます。
委員長　小栗委員大変残念ですが、できたっていうことで喜びを喜び利用できるようになりましたっていうことで連絡があったんで、よかったなと思ってたんですけどどういう認識の違いって感じなんですけど、ぜひできるようにしていただきたいなということを改めて要求したいと思います。
次に、3の全国学力各種テスト等4の学習力サポートテストの関連でお伺いしたいと思います。
これまでも何度か指摘をさせていただいてますけれどもこの全国学力テストは、2013年に一旦中止されていたのが2013年に復活して今全国で一斉にテストをやるということになっていますけれども全国的な傾向を見るのであれば、しっかり調査ではなくて抽出で十分だという考え方もあって、再開するときからもそういうお話ずっとあったと思うんですけれども、そういう点でどうしてもしっかり当社ではなくちゃいけないんだというふうな思いがあるのかどうか。
教育委員会の見解をお伺いしたいというふうに思います。
テスト自体は単に点数を行い、何点だったかというようなことだけじゃなくていろんな読み解く力とか、そういうものもどれだけ身に付いてるか見る見るんだというようなこととか、事業改善をするための指標になる、そういうものになるのだということも今までのやり取りでもお話ありましたけれども、実際この毎年毎年やってることで、事業の改善に繋がっているというそういう実績が積み上がっているのかという点の評価についてお伺いしたいと思います。
委員長　指導室長紫藤市長はい。
学力テストについてのご質問にお答えいたします。
まず全国学力学習状況調査が再再度しっかりとして行われていることにつきまして、全国的にですね児童生徒の学習状況を把握分析し、その結果を検証してその改善を図るとともに各学校における児童生徒の教育指導の充実、学習状況の改善に役立てるというような趣旨目的で、全国的に行われているものと認識しておりまして中央区としてもこれに倣って、しっかりと子供たちの学力それから各学校の授業力の改善ということで努めているところでございます。
事業改善につきましてはですねやはりこういった学力調査の結果を受けまして非常に成果が上がってきていると認識しております。
例えばですねやはり学齢が上がっていくと、どちらかっていうと今までですね一昔前はあの一方的な講義中心の、あの先生がずっと喋ってるというような事業が多く行われる傾向がございましたけれどもそういったことはほとんどなくてですね、中学校の5学年3年生とか2年生とか受験を控えるような子供たちの事業であってもですね、しっかりと子供たちが自分たちの考えで話し合ってそれも男女入り乱れてですね。
しっかり話し合って自分の考えを発表する。
まずそれに対して応答するというようなそういった事業が行われておりましてそういったところもですねやはり思考力判断力表現力が弱いというようなところの結果を受けての成果かなというふうに考えております。
以上でございます。
委員長奥梨衣この全国一斉著学力テストについては、全国知事会でも都道府県の都道府県別に公表するのにことに意味があるのかというような声も相次いでやめるべきではないかという声も上がってます。
それでそういういろんなテイストのテストのというかその結果をいろいろ評価して、事業の改善に繋げていくということは大切ですけれども、わざわざこの全国学力テストを使って、そして詳細な質問票の調査もやって、子供の内心のことについてもいろいろ問い合わせをする、そういうようなこともやるっていうことは子供にとって大変ストレスではないかということも考えます。
そういうことで都道府県ごとに平均点の競争をを引き起こすような、このやり方っていうのは大変問題ではないかというふうに思います。
その点でそういうことは問題がないのかどうかという点についてもう一度ご答弁をいただきたいというふうに思います。
次に、学力サポートテストは、小学校4年生から中学3年生まで毎年行うということで、それによって1人1人の学習力が学年でどういうふうに積み上がっていったのかということが、わかる、そういうテストなのかという点について、確認をひさしていただき、いただきたいと思うんですけれどもこれまでのご答弁ですと、そういうふうに1人1人状況を積み上げて見ていくそういうふうにはなかなかなっていないという話も過去の答弁でいただいたことあるんですけれども、この学習力サポートテストっていうこと自体も、子供たちの学習力を高めるのに約本当に役立っているのかという点についての評価についてお伺いしたいと思います。",2025/11/11, 区民文教
お願いしま委員長,"指導室長紫藤市長はいまず学力学習状況調査前全国的に行われてる文部科学省主催の所管のものでございますけれども、都道府県別のですね結果を出す有無につきましては、先ほど申し上げたようにその文部科学省の方の実施主体の方で判断していることですのでこれについてちょっと中央区としてというところは、特に差し控えていただけたらなと思いますただあの都道府県別の結果が出ることで、例えば近年ですね秋田県とか、ああいうようなところで大変学力が高いというようなところを見に行ったところで秋田の教育ってどんなことやってるのかとか、どんなところが東京と違う本区と違うのかというようなところを比較して事業改善に繋げるというような取り組みをさせていただいているところでございます。
続いて、学習力サポートテストでございますけれども、委員おっしゃるようにですね、これ小学4年生から中学3年生までを行いますので、特に小学校の中で中学校の中におきまして、2年間3年間の学力の推移というようなものが見やすくなっております。
資料の方では、最高学年の6年生と中学3年生の過去2年間の推移を見せていただきさせて示させていただいておりますけれども、各各々ですね、子供たちの様子についても同じように見ることができますのでここ最近頑張ってきてるねとか、そういったような励ましも含めてですね、子供たちの学力をしっかりサポートをさせていただいているというところでございます。
以上でございます。
委員長奥梨衣この他学習力サポートテストも正答率がこういうふうに変化してますよということで、とかいろいろ資料も停止お示しいただいてますけれども、これは全体の学校ごととか、学年ごととか、そういう中での分析になって、1人1人の状況については、どうなのかっていうのを1人1人細かくなんていうか分析して、一緒にどういうふうにしていこうかっていうことを考える、そういうふうなやり方で活用されているのかという点について回答をちょっと確認をさせていただきたいと思います。
委員長　室長指導室長学習力サポートテストにおける表の活用対推移についてですね、ということで、表の方というようなところについてはもう一度調べてみたいなというふうに思いますが、いずれにしろですね各年度ごとにお渡ししている資料や学校の方にも資料がございますので、そういったものを見比べていくことで、そ1人1人のですね児童生徒の頑張りだったりとかいうようなところが推移として見れるそういったスキームになってございます。
以上でございます。
委員長　億B報告のまとめとしても、例えば小学校4年生の対話話し合いが全国平均より2.1ポイント下回ったということで、話し合い活動の経験が少ないことが考えられるというような評価もありますけれども、これも小学校の4年生のポイントが少なかったということで、どの学年なのかどのクラスなのかとか、そういうことは一つ一つ見て、特徴出してるわけじゃないと思うんですよね。
そういう意味では、何て言うんすかね全体を多かった少なかったっていうことでこういうことが考えられるっていうそういう評価にはなると思いますけれどもそれが実際の子供たちの状況なのかどうかというのがこのテストでわかるのかって言ったら、あの系本当に傾向だけで、そのクラスやその確認がどうなのかっていうことにはなかなかわからない。
そういうものになっているのではないかというふうに考えます。
そういうことでこういうがテストを送り返すことで、逆に点数を競い合ったり、生活態度まで評価されるようなそういうドレスを生むようなやり方っていうのは私は問題があるのではないかと思います。
その点だけ指摘して終わります。
ありがとうございました。",2025/11/11, 区民文教
副委員長,"は席へお戻りください。
議題1、区民生活および教育行政の調査について、質疑のある方は挙手を願います。",2025/11/11, 区民文教
小坂委員,"はい。
では数点お願いします。
まず議員全議員配付ありました1月6日に配布いただきましたが、晴海西小中学校への汚水逆流の事故に関してです。
これねわ私も調査しましたが、これはこんなミスをしていいのかというふうな工事現場側下水道側の二つ水が二つ重なっての学校が何も悪くない学校が迷惑をこうむったという話であります。
そのような文字事故はいつ起こるかもわからないので機器管理体制という観点から質問させていただきます。
まず、事故に関してクマどのように業者から報告を受けているのかどうかということに関して教えてください。
敵単に言葉でこういう事故がありましたとか。
いうのではよろしくなくて、きちんと書面で最終的な報告をいただくような形で形を残していかなければならないと思うので、このような聞き方をしております。
これが一点目です。
二つ目は、私も現場の先生方とお話を伺いしましたけれども、お水が逆流してしまったということで、水曜日はちょっとした事故だったんだけれど、土曜日は多量にお水が逆流してしまったということでトイレや武道場やプールなどが汚染されてしまったというようなことであり、学校の現場の先生方が土日休みもなく対応されたというところでありますが、もちろん区の方も一緒に対応されたというふうにお伺いをしているところでありますが、先生方のご負担が極力ないような対応がその事故の最中でなされたかどうか、また今後の対応においては、もう現場の先生はいいですよと、空間教育委員会がしっかり前面に立って全てやりますというような体制ができているかどうかをできていると思うんだけれども、念のための確認です。
三つ目が、普及に関して、ご報告にも、武道場の方は11月17日に始まるということでありますが、この辺りの復旧に関しての早急にやれる体制がなされているかどうかと費用負担はもちろん全額向こう持ちだというところも、これは念のための確認ということでお願いします。
これ一点目です。
2点目は、これはもう委員会報告があってもしかるべきという素晴らしい取り組みがなされておりますので、ぜひ委員会保守報告が欲しかった話ではありますが、東京湾大華火祭これが港区さんと共催できたということであります。
大変喜ばしい話であります。
今後は、簡単に港区さんと一緒に作っていくということでありますが、その協定書の中には、今後細かいことはまたその下の要綱等で決めていくというような感じでしょうか？ありますが、どのようなポイントに気をつけながらこの港区さんと一緒にうまくやっていくかというあたりの気をつけるポイントなど教えていただければと思います。
また、ここに関しましては、せっかく80分港区さんも一緒に80周年を祝いたいというところでの共催になっています。
同じ誕生日のやっぱり江東区さんも共催という形で湾岸が力を合わせて、開催できるというのが、すごく綺麗な形になりますので、今後やっぱり災害に対しても防災に対しても、またまち作りに対しても、力を合わせてはならないパンがエリアですから江東区との連携、共済っていうのは非常に重要だと思うんですけれども、この辺りの高等部との取り組みの現状を教えていただければと思いこれが2点目です。
3点目は、これは企画総務で大変踏み込んだ対応報告ありました。
カスタマーハラスメント対策ということでありますがこれに関してはやはり学校の先生方もカスタマーハラスメントの部分でご努力されているというのは聞きするところであり、この機にせっかく企画総務で、一方で、区の職員を守るというふうなところの話が出たので、念のために学校の先生方へのカスタマーハラスメント対策が現状がどのようにしていくところにあるのかっていうあたりのことと、またもし、中央区の教職員の皆様がどれぐらい受けているのかというと%企画総務で市の職員は23%でしたっけということでしたが、そのような調査があれば、それもあわせて教えてください。
この3点をお願いします。
委員長。",2025/11/11, 区民文教
か副施設課長,,2025/11/11, 区民文教
学校政策課長,"はい。
私の方から春優美市西小学校中学校の際雨水の逆についてお話させていただきます。
阿野委員からも三つ話受けてたと思うんですけどまず一つ目なんですがどのような形で報告を受けたのかというところでありましてこれ今委員おっしゃってる通り、2人会あったんですね。
ただ、その2回あったごとにこの書面で報告を受けているところです。
やはりルールとしてもあってはならないミスかなと思っているんですけれども、東京都施工業者とともにですね、真摯に向き合っていってもらっております。
今後につきましてはこれ専属これ東京都の方でなんですけれども、専属の作業員がですね24時間体制での監視をしておりますので今後はこのようなミスはこのような事故は薄めと思っております。
二つ目なんですがこの先生方の負担がないようにっていうところなんですけれども、これはまた委員おっしゃった通り土曜日、事故のあった日にはですね、あの先生もいらっしゃいましたし、あと今ですねやはり武道場だとかプールが使えないところで、そのタイプのところでですね例えば授業時間ですとか場所の調整というところでは、副校長先生を初めとして学校の先生には多少負担をいただく負担はもうしてしまってるのかなと考えておりますけれどもこちらにつきましては(漆川が中心となりまして今後の道筋っていうのを立てているところです。
そういったところもありまして三つ目の方に移っていくんですけれども例えば11月17日に同調査結果を目指しておりますし、あのプールの方もですね、これ学校施設課の委託の中でなんですけれども本来年末でやる作業だったものをもっと早めることができないかっていうところでは、かなり学校施設の職員にやってもらっているところでございます。
再開9名では立ちそうではあるんですけども、またその辺は改めてお話できればなと考えているところです。
ですねまた補償というところはですね、まずこれ学校通常の教育活動を普及を目的にやっておりますので保障というところもですねもちろん東京都の方には話をしていく必要があるかと思っておりますし、中央区でですね、直接的なところですか、間接的な負担というのを発生しておりますのでその辺どこまで話し合いができるのかっていうところもですね、私達学校施設課が中心となってやっていきたいと思っております。
私の方からは以上です。",2025/11/11, 区民文教
地域振興課長,"はい。
東京大花火祭毒気港区との共催についてでございます11月5日の日にですね、本部のOK施行80周年記念事業として実施します東京湾大華火祭に、続きまして開催共済に関する協定の締結が計11月5日ですね、することができたところでございます。
これまでKときわ台花火祭につきましては、まず費用でありますとか、海上交通規制というところ様々な課題があるということで、ご説明させていただいたところでございますがそれに当たって、近隣区とのOK協力関係調整というところをですね、もうこれ本当に4年近くずっとですね重ねてきたところを今回そういった中で、港区側も受け、区議会等のお話と調整様々な調整の上でお申し出をいただいたところでございます。
進むにあたってというところ気をつけるといったところでございますけども、まず両区ともに来年度が区制施行80周年記念事業といったところ失礼しました。
済々黌80周年を迎えるタイミングが一緒だということです。
それぞれですね区の中の考えというものがありますので、記念事業として、チェック施行80周年記念事業として一緒に何かセレモニー的な行うかっていったところは別の部分なんですけども一つほどタイミングとしては、きっかけ同じ思いの中で進めていきたいというところでございますそういった中で基本的にはあまり区同士でですね共催的にイベントをするっていうところは非常に稀なケースかなというふうにも思ってございますので、まずお互いの信頼関係をしっかり構築をしてですね同じ目的を持って進めていくといったところ。
また、区中央区だけで決められない部分というのはこれは今後ですね港区とともに決めていくという部分でると思いますので基本的には軽先ほど申し上げました平関係を持った親族にのっとってですねお互い誠実な方進め方をするというのがまず系態度といいますか、気持ちの部分で必要な部分かと思ってございます。
また、実務的な部分につきましては、やはりお互い認識齟齬がないようにですね一つ一つ数字の部分でもそうですけども、気をつけて進めていくといったところが肝要かというふうに思ってございます。
また、江東区との協力といったところでございますけども、経営江東区ともですねK港区と同じように何か協力関係の構築ができないかというところは、これもOKな額ですね協議を重ねているところでございますが、孤独の方はですね基本的な考え方のまず、興味があるのか。
蛍光灯花火大会というK国のOK等のですね花火大会をお持ちだということで、なかなか花火大会を二つチェックとして行うというのは、難しいといったところはこれは以前からお考えのところは表明されているところでございますしかしながら、臨海部東京港を望む慶州変更として、例えば会場の面といったところそういったところでご協力いただけないかというところはこれ実務的に引き続きです今も協議しているところでございますのでどういった形でご参画いただけるかどうかっていうところがまだ答えとしては表明できる段階ではございませんけども、続きですね。
子供含めてケーキに行くとですね調整ということで鼻水をしっかりできるようにですね、調整を進めていただけいく考えでございます。
以上でございます。
いや、委員長。",2025/11/11, 区民文教
庶務課長庶務課長,"はい、学校におけるカスタマーハラスメント対策についてでございます。
今般区の方でも基本方針を定められたというところですけども、こちらの基本方針の対象職員には学校の教職員も含まれておりますので、園側、区立の学校におけるカスタマーハラスメントの防止の対策、対応については、区の基本方針に沿って対応していくものと認識しているところでございます。
また、区の基本方針策定する前に、東京都の方では条例がこの4月に施行されております。
東京都の方ではまた教育委員会におきまして、先般報道でもありましたけども、ガイドラインの骨子案を今策定していて、それを有識者で揉んだ上でですね来年4月以降運用を開始するというようなことで聞いているところでございますので、東京都のそういったガイドラインの中身のですね、注視しながら区の学校現場で必要な対応があるのであれば、それについては対応していきたいというふうに思っているところでございます。
それから区の方のアンケート調査では24%の方が傘が体験があるというようなお話でしたけども遠くの区立の小・中学校の教員に対して直接的に個別にちょっとアンケートとってないですけども、東京都の方でこの4月にですね、都立都内の国公立公立学校ですね。
全教職員8万人に対してアンケート調査した結果が出ておりまして、その中では、過去5年間に行き過ぎた言動や行動といったものを受けたことがあると教師教職員のは割合が23%、8万人調査に対して回答は1万1000人程度でしたけども、その中で23%ということで数字が出てますので、悪の所、教職員勤務されてる所教職員においても、その程度の数値はいるんではないかというふうに考えているところでございます。
以上でございます。",2025/11/11, 区民文教
大坂委員,"はい、それぞれに丁寧なご答弁ありがとうございます晴海西小中学校のところで起きた事故に関しては、木も本当にやってくださっているということでお話を伺いしてきて、そう思っております。
そのことをここでも改めて確認させていただいたまでの質問でした引き続きよろしくお願い申し上げます。
東京は花火祭に関しましては、非常に大きなイベントであり、ぜひ湾岸エリアの連携も進むような取り組み、また何度も私ども行っておりますが、これやはり開かれた運営か形がより必要なんではないかと思いますし、課題が多いと思うんです。
費用分担をどうするか、安全面の管理をどうするのか。
また、中止ということもあるかもしれないそのときにどのように負担していくのか、また、自己評価をどうするのかとか、いろいろ課題もありますのでそのあたりも含めて、詰めていっていただければと思うところであります。
また、カスタマーハラスメントに関しては、この場合、三者関係といいますか、私は気になるんですけれども、親と先生方だけど、子供が置き去りになってんですよね。
ですので、その子供がどうなのかというところの視点も入れながらのカスタマーハラスメント対応をしていただければと思います。
もう時間もわずかなので一つだけお伺いさせていただきます。
視察の成果で、石川県の歴史博物館に行ってですね、すごい冊子をもらいました。
石川県の歴史が手に取るようにわかるというような冊子いただいたんです。
そこからすると、80周年をやる中央区としても、何かこの機にですね、地域の魅力発掘もされているし、それらもあわせたこのような冊子も作っていくというのが良いのではないかと思うんですけれども、この8周に向けて、歴史文化のまとめ的なものをどんなふうに整理されていくかという、何か相手の考え方があれば教えてください。
委員長　教育委員会事務局次長教育委員会事務局次長はい。
80周年のに関してのはですね今企画部ですとか総務部の方で中心となってシティプロモーションの関係でアーカイブ映像ですとか、そういったこと等について今検討というか。
進めているところでございましてその中で教育委員会の方としてもどのような取り組みをしていくかというところを併せて検討しているところでございます。
以上でございます。",2025/11/11, 区民文教
高坂委員,"はい、この学びの中で得たこのような冊子にしていくということも大切と思いますし、うまくシティプロモーションのここにおられないシティプロモーションのところともうまく連携しながら、80周年を盛り上げていっていただければと思います。
また、併せて、中央区の文化歴史図鑑とかいうものの冊子も、あの後、もう一度更新するなどというふうなこともありかなと思いますのでそのあたりも含めてお願い申し上げます。
また、これは質問したかったんですができませんが文化財レスキューということを、石川県で一生懸命取り組まれておりましたので、文化財をどのように災害時に保護するかというような取り組みを学んできたところでありますこのあたりも引き続きよろしくお願い申し上げます質問を終わります。
ただ、いま委員会の途中ではございますがここで暫時休憩をとります。
委員会再開時間を3時10分といたします。
よろしくお願いいたします。
休憩前に引き続き委員会を再開いたします。
質問のある方は挙手を願います。
永井委員引き続きよろしくお願いいたします。
議題からは、まず、理事者報告の資料5、令和7年度区立小中学校児童生徒体力等調査の結果を区民スポーツの日の実施結果と関連させて質問し、その後東京湾大華火祭について伺ってまいります。
資料を拝見をすると、校区の児童生徒の体力状況については、小学校中学校とともに、50m走などの走力は全国や東京都と比較しても概ね高い結果となっております。
一方で、持久走については、小学校の段階でも課題が見られ、中学校では男女ともに持久力の低下がより顕著であることが示されています。
こうした調査結果は、子供たちが走ることと日々どのように向き合っているのかを考える上で、区民スポーツの日でのマラソン大会の所属と重ねて捉えていきたいと思います。
区民スポーツの日は記録を競う場であるだけではなく年齢や体力に応じて自分のペースで最後までやりきる。
経験に出会える貴重な機会です。
まさに持久走の学びが学校側から地域の方へと繋がる瞬間であると思う。
そこで、お伺いいたします。
まず本区として、この小学校から中学校へ磁力持久力の変化についてどのように分析されているのかお聞かせください。
先日ご報告いただきました第37回区民スポーツの日におけるマラソン大会について、特に小学生と中学生で参加の傾向に違いが見られるのでしょうか？それぞれの参加者数や参加の傾向を把握されている範囲で構いませんので、お聞かせください。
お願いいたします。
委員長。",2025/11/11, 区民文教
指導室長指導室長,"まず小学生から中学生に移行する際のですね持久力の犬についてでございます。
一般的なものとしてですね小学生から中学生に成長するについてやはり運動機会の二極化というものが進む。
参りますこれは全国的な傾向でありまた子供の発達段階からしても、いわゆる健全な傾向というふうにも捉えられるところがございます。
そういった中でですねやはり持久力につきましても外で遊ぶ機会がを好むような生徒がスクール数が少なくなっていったりとかですね。
中学生でありますと部活動を選ぶときにそういった持久力がつくような運動部活動を選ぶ子もいれば、一方でやはり文化部というか読書だったりとか、音楽だったりとかっていうようなところ、あの好む生徒もおりますのでそういった意味で、持久力をも含めた体力ということにつきましては二極化することにより、やはり小学生よりも中学生の体力が若干落ち気味になるというようなところはございますそのような認識でございます。
私からは以上です。
委員長。",2025/11/11, 区民文教
スポーツ課長スポーツ課長,"私からは区民スポーツの日のマラソン大会における小中学校のあの児童生徒さんのですね、参加状況それから傾向のようなものがあるかというようなご質問でございます。
明スポーツの日のマラソン大会につきましては大人と小・中学生ファミリーの部というようなところで、12種目ございますけども、その中で小学生につきましては1年生の男女34年生の男女56年生の男女ということで、永続種目ということになっております。
こちらは事前にですね学校さんにお願いしまして、募集要項を配布させていただいて、個別にインターネットで申し込んでいただくということになっておりまして、参加の状況でございますけども、いずれも200人、各種目ともですね、定員のところ、小1年生については204名ということでお申し込みがございました。
こちらほぼ倍ということですね。
抽選を経まして、当日160名の方が参加していただいたという形になっております。
それから三、四年生については200名定員のところ315名というところで1.58倍というところで、当日184名という方が参加していただいてるということです。
それから五、六年生につきましても200名のところ、こちら定員が割れまして171名約0.85倍というところで、当時134名の方が参加していただいてるととなっておりまして、この傾向はコロナ以降、4回に渡ってですね私ちょっと見てみましたけども同じような傾向になっておりまして、高学年になっていくとやはり学業等で忙しいのかなというような詳細な分析をしておりませんので、試験のような形で恐縮ですが、そのようなことが見てとれるかなと存じますそれから中学生に関しましては、こちら中学生以上5キロノブという形で大人の方もですね一緒に走られるということで、2609名の申し込みのうち.200名こちらね、参加が申し込みが22名ということで当日参加16名ということで申し込みでいうと269の分の22ということで8.2%ということでちょっと少なくなっているというところですけども、こちらの参加してる方はちょっと個別に様子見させていただくと、小学校のときにですねやっぱり上位入賞等を果たしていらっしゃった方ということで腕に覚えありという主生徒さんが引き続き参加しているのかなというところが見てとれます以上で私からは以上でございます。
ながいい。
それぞれ成長団体による健全な変化の中で運動機会の差が影響していることまた、参加の傾向を確認をいたしました。
持久走は速さだけではなく、自分のペースをつかみ、苦しさと向き合いながら続けてみるという。
学びとしての手応えが育まれる場でもあると考えています。
そしてその手応えは学校の授業だけではなく地域の実業である区民スポーツの日のマラソン大会のような教室の外での経験によってより確かなものになっていくと感じていますそこでお伺いいたします。
持久走は苦手と感じる子供が自分なりのペースで続けてみようと思えるような少しずつの達成感を積み重ねる指導や走り方に寄り添う支援について、本区ではどのようにお取り組みされているのでしょうか？小学校から中学校へと続く体力作りの連続性や走ることを嫌いにしないための工夫についてもお聞かせください。
お願いいたします。
委員長　指導室長紫藤市長はい自給する力を高める持久走の取り組みについてお答えいたします。
やはりあの持久走は自分の記録と向き合ったりとか、あとは過去の自分を超えるというようなことで、1人1人の目当てを達成していくことを励みとして行っているところが多くございます。
例えばですね、マラソン週間など2週間ぐらいですね各学校で定めて体育の授業以外にですね、休み時間などを通して自分が走った工程の周回数をカードに塗っていきそれが去年よりも上回ったとか。
また、そう。
黄色ナンバーkmぐらい走ったことになるとかいうようなことをもって20キロ行ってみようとかっていうような40キロ行ってみようとかいうような目当てを持って挑戦していくっていうようなことで、自分のあのペースでまた自分の目当てを達成していく喜びを育んでいくような教育活動を行っております。
こういったことは主に小学校でよく行われていることでございますけれども、中学校に行ってもですね、スクールスポーツで持久走を行っている学校もございますしまたUltimateを取り入れている学校が1個ございまして、このUltimateにつきましてはUltimateクリスマスカップというですね、生徒会主催のイベントを発足発案しておりまして、楽しみながら持久力を体力を向上するというような取り組みも行っている学校もございます以上でございます。
だがいい。
いたしました。
ありがとうございます。
持久走は結果としてのタイムよりも苦しいけれどもう一歩だけ続けてみる。
今日のジム今日は自分のリズムが少しつかめたといった小さな実感の積み重ねが育つ場だと受け止めております。
その小さな手応えは学習にも、友達との関わり合いにも、次の挑戦に向かう気持ちにも繋がっていくものであると思っております。
先ほどのご答弁の中で、学校内でもマラソン習慣として持久走を積極的に行う期間を設けていただいているとのことですが、学校の外でも地域と一緒に体を動かす機会の区民スポーツの日のマラソン大会のようなこういった機会を続けてみる経験をより豊かなものに私こうした機会はこうした国益失礼いたしました。
学校の外でも、先ほどの区民スポーツの日のマラソン大会のように地域と一緒に体を動かす機会は持久走の続けて見る経験をより豊かにするものと感じております今後も学校と地域が連続した環境として走ることが嫌いにしない取り組みが丁寧に取り組まれていくことを期待をしております次に東京湾大華火祭についてお尋ねいたします。
11月5日に港区さんと共催での開催に向けて協定が締結されたことが背景いたしました。
まずはこの準備に当たってご尽力をいただいている関係部署の皆様に改めて感謝を申し上げます。
今回の協定は共催に向けた基本的な枠組みを定めるものであり、力が連携し、魅力をひ魅力を広く発信していくことを目的としつつ、具体的な役割分担や費用分担の詳細については今後協議していくものとされております。
全委員からも質問がありましたので、私からは1点だけお伺いいたします。
本区として費用負担や運営面での役割分担を検討していく際の基本的な考え方について現時点でお示しいただける範囲で構いませんので、お聞かせください。
お願いいたします。",2025/11/11, 区民文教
町地域振興課長,,2025/11/11, 区民文教
地域振興課長,"。
はい。
東京大華火祭におけます港区との共催を進めていくにあたっての基本的な考え方の部分でございます。
特に役割分担でございますが、協定書にもですね経営明示させていただきました。
まず徳大花火祭につきましては27回以下数える大会として、中央区で19歳でございますけども主催していただけた尾西でございますそうしたことから基本的に運営のノウハウ、影響力、有しております経営本部の方で業務全般といったところのすすめを経営していく考えでございます。
そういった中で経営今般ですね経営協定を結んだことにより、港区へのその業務を進める上での結果と言えば、地元のですね、ご協力を得る際にそういったところとの連携、そういった部分細かい部分のですね、ご協力を仰ぐというところが、まず役割分担の大きなところでございますもう一点の経費の負担に関する事項でございますけども、委員からお話ありました通り、これについてはですね経営今後の協議の上部分でございます。
協議に当たってはまず大きな部分これのですね今現在進めているのが会場計画でありますとか、警備計画の策定それに付随します系交通規制周りのですね関係機関との協議を今進めているところでございます。
そうしたところが減量していきますと、代替資産としての開催経費のところが大きく見えてまいりますので、そうした中で経費の負担というところのOK協議を進めていきたいというふうに考えてございます。
大きな考え方の部分でまだ詳細に決まっていない部分ございますけども、まず一つの考え方としましては、共済という主催のですね、ともに進める関係性でありますので、費用の負担というわけそういったところを念頭に置きながら協議を進めていきたいというふうに考えてございます。
以上でございます。",2025/11/11, 区民文教
永井委員,"ありがとうございます。
費用は役割分担今後の協議を踏まえて整理が進んでいくことを理解いたしました。
本区としても、地域地域の皆様の生活動線や安全な受け入れ体制が十分に確保されることが大会の成功にとっても最も欠かせない視点であると考えております今後も今後も検討状況を共有いただきながら、地域の皆様にとっても安心して参加できる大会となるよう、引き続きお取り組みを進めていただければと思います。
このことに関しましては、今後も注視してまいりたいと思いますのでよろしくお願いいたします私からの質問は以上です。
ありがとうございました。
次の質問者の発言を願います。",2025/11/11, 区民文教
山本委員,"はい、よろしくお願いいたします。
私からは区立学校におけるデフリンピック観戦についてと、あと中学校連合陸上大会について少しお伺いして参りたいと思います。
まず区立学校におけるデフリンピック観戦についてです。
11月の15日土曜日から26日水曜日まで東京2025デフリンピックが開催されます。
東京で初めての開催であり、100周年の記念すべき大会とのことです。
耳の聞こえない、あるいは聞こえにくいアスリートのためのスポーツの祭典です。
全21回21競技、そして19回所で行われます。
11月1日の区のお知らせ、中央においても特集がなされておりました。
卓球の日本代表選手として出場する中央区出身の名田美智選手を紹介し、応援しております。
このデフリンピックは事前申し込みをすることなく、誰でも無料で観戦することができます。
開会式や閉会式を除いてということなんですけれども競技の観戦は無料で自由に観戦することができるということです。
区立学校の中には校外学習、校外授業として観戦に行く学校もあると聞いております。
そこで、教育委員会は、今現在中央区立学校、小学校中学校のデフリンピック感染について何個ぐらいが観戦に行くのかなど把握しているのかどうか把握しているのであれば教えていただければと思います。
また、各学校の方針や校長の考え方に委ねられることなんですけれども、教育委員会として、どのように捉え、デフリンピック感染をですねどのように捉え評価しているのかについてもお聞かせください。
併せて、中学校連合陸上大会についてもお聞きしてまいりたいと思います。
教育委員会の広報紙輝きな192号ですねNo.192号にも特集が組まれておりましたが76回目となる連合陸上大会が開催されたとのことです。
9月の12日金曜日に江戸川区の陸上競技場で開催されております。
翌日9月13日の土曜日から世界陸上が開催されるため、昨年のように国立競技場での実施はできなかったとのことです。
今後のこの開催場所についてのお考えなんですけれども従来通り江戸川区の陸上競技場で行っていくのか、それとも国立競技場で行っていくのか、その辺についてちょっと確認をさせてください。
また、この9月12日の前日ですね9月11日の木曜日は、間南部を中心に、ものすごい激しい雷雨がございました記録的な大雨だったと記憶しております。
当日もお天気が不安定だったと思いますけれども、大会当日の状況、また生徒たちの状況などについてもお聞かせいただければと思います。
委員長。",2025/11/11, 区民文教
指導室長,,2025/11/11, 区民文教
指導部長,"はい。
私からはですねデフリンピックについてお答えさせていただきたいと思います。
デフリンピックへの感染、参加校でございますが小学校が45中学校が1校計6校がですね、本区の公立学校としても参加をしております。
種目はSE卓球バスケットボール陸上バレーボール、マラソンなどなど多岐にわたっておりまして、会場もそれぞれでございます。
こちらの区の捉え方評価考え方でございますけれどもやはりこういった大変貴重な教育資源の機会を捉えて、子供たちに直接的な体験を行うというのは非常に価値があることだというふうに考えております。
また、こういった教育機会をですね、その場限りにの指定はするだけではなくてですね。
やはりその教育課程の中にきちんと位置づけて行っていくことがやはり子供たちの資質能力を伸ばすことに繋がるんじゃないかなというふうに考えるところでございます。
具体的にはですね総合的な学習の時間の探求課題福祉などをうまく活用していきながら、探究的な学習の流れの中で、こういった貴重な体験を行って行っていくということがより好ましいかなというふうに考えております。
そういった中ではですね例えばデフリンピックのマラソンランナーを事前にお招きしてお話を伺った上で応援に行くというような学校があったりとかですね。
また、あえて耳が聞こえないようにしてですね、バレーボールを経験してみてから、このデフリンピックのバレーボールを観戦するといったようなそういった学習を行っているというようなところが、あの事例として挙がっているところでございます私からは以上でございます。",2025/11/11, 区民文教
学務課長学務課長,"はい。
私からは中学校の連合陸上競技大会についてお答えをいたします。
まず会場に関してでございます令和6年度はご紹介いただきましたように、東京2020大会の会場として選手たちが活躍した場所ということで、国立競技場での開催をいたしました。
今年度は時期的なところでなかなかよく難しかったというところもございまして、あの例年通りの移動が区のあの競技場で実施しました。
会場規模、国立よりも小規模ではありますがただ本格的な陸上競技場での開催というところで、やはり生徒たちが日頃の練習の成果を出そうということで、頑張って取り組んでる姿また応援も盛り上がるというところで良い大会であったというところでございます。
やはり令和6年度のその国立競技場での実施というところはやはり非常に貴重な、あの経験に繋がったというところございますそうした会場でたくさんの選手たちが活躍した会場での競技を行うということは本当に貴重な機会となって大変好評であったというふうに認識しておりますので、そういったところも踏まえまして学校とも意見交換しながら会場検討してまいりたいと考えているところでございます。
続きまして、今年度の競技大会の状況でございます。
前日の雨というところと、当日も朝から曇り空というところで、お昼ぐらいにはちょっと雨が強まってしまったというところがございます。
こちらは状況を見ながら、適時協議を継続するかどうかとかそういった判断を随時上を超えないながら運営をして結果として全種目実施することができて、工程としてもちょっと5分ぐらい遅れてしまったんですが、そういったところの中で実施したというところになります。
雷警報などもしっかりチェックをしながらですけれども結果としてあの雷もならずに途中の雨もちょっとやり過ごして、運転による怪我とか体調不良とかもなく。
本当に最後まで最後1000点で協議を終えることができたというところで、やはりそうですねしっかりと天気の状況などを大会の運営委員と、あと学校長などで随時共有しながら安全に運営できるように取り組んだというところでございます。
最初に申し申し上げましたように、今回も日頃の練習の成果というところをしっかりと出すことが子供たちが出すことができたあの大会になったというふうに考えております。
以上でございます。",2025/11/11, 区民文教
山本委員,"はい、それぞれご答弁ありがとうございます。
まずデフリンピック感染についてです。
まず小学校17校のうち5校中学校は5校のうち1校小中学校合わせて全部で6校がデフリンピックの観戦に行かれたということではい承知いたしました。
本当にこの貴重なあの経験ができる土地であったのではないかなと感じております。
あの決算特別委員会でも、子供たちのスポーツ活動の機会の充実や、またスポーツ観戦機会の創出について質問をさせていただいているんですけれどもこのスポーツが子供たちの心身に与える効果勉強というのは非常に大きいなと感じております。
特にデフリンピックに関しては東京オリンピックパラリンピックとかあとまたちょっと違って障害への理解であったり、また多様性を認める心であったり努力の弟さなどあの本当に心を育てる、あの大切な学びの場であったのではないかなと感じております。
今後も引き続きですね、探究的な学習を通じて丹今その場限りで終わらせず今後も続けていただきたいと思います。
そして中学校の連合陸上大会についてです。
今後の開催場所については学校との意見交換しながら検討していくということで、まだ決まってないということで承知いたしました。
陸上大会当日においても安全に競技を得ることができたということで理解いたしました。
あの先ほど来、他医院からも、あの資料5小中学校の児童生徒の体力調査結果について質疑がなされております。
中学校においては男女や、また学年を問わず、持久走やシャトルランが全国および東京都平均値を下回る結果が出ております。
これは小学校から中学校に上がる過程成長の過程で、二極化する持久力に関しては二極化するということで理解いたしました。
6ページに持久力の向上として、今後の取り組みとして、授業以外の活動を日常的に体を動かす取り組みを取り入れるって書いてあるんですけれども、これは区民スポーツの日であったり、Myschoolスポーツであったり、またある低迷とですかねこういうを指すのかこの辺についても確認をさせてください。
また、この陸上大会は各学校100名ずつが今参加しているかと思うんですけれどもこの参加の希望状況について確認をさせてください。
100名ずつというのは、100名ずつなんですけれども、参加希望が少ない状況なのかそれとも多くて、もっと本当は走り競技に参加したい子が多いのか。
その辺について現状を確認をさせてください。",2025/11/11, 区民文教
委員聴取と市町指導室長,"はい、では体力調査における体力向上の取り組みにおいて対口事業以外のお取り組みについて取り入れていくということにつきましてお答えさせていただきたいと思います。
これは休み時間とかですね、放課後の遊びの時間などに、子供たちが主体的に運動体を使って運動するようなそういった機会を設けたいということで、先ほども少しご説明いたしましたが、例えばマラソン週間を使ってみたりとかですねあとは自動化などを使ってドッジボール大会みたいなものを主催してみたりとかですねそういったものを指しておりますまた、本区においてはボルダリングの壁壁っていうんすかね器具を設置している学校も多くてですねそれを休み時間にですね子供たちが遊ぶことで握力を高めたりというようなそういった効果もございます。
基本的に学校の中での取り組みを指しているという認識でございます私からは以上です。
議長は文化庁医学部課長連合陸上競技大会の参加の状況についてでございます。
各校でのそのままの希望状況というところに関しましてはすいませんしっかりした形で発表はしていないんですが、ただ学校によって、代表といいますか参加者の選び方というのが異なるというふうには聞いておりまして、例えば希望制でやってるところもあれば、あと予選会のような形で選出をしているというところで、各校がそれぞれの状況ですとか、この大会の狙いというところに応じて対応対応しているというふうに認識しているところでございます。
以上でございます。",2025/11/11, 区民文教
山本委員,"はい、それぞれご答弁ありがとうございます。
この前陸上大会の参加希望についてお聞きしたというのは、参加希望者が少ないのであればそれはそれでまたあの検討しなければいけないと思いますし、多ければ多いでより充実させていくことも検討できるのかなと考えております。
そうですね私としてはより多くの生徒が参加できるような充実をと考えているんですけれども、またあの大会というこの目的があることによって、積極的に運動に取り組めるのではないかと考えております。
陸上競技を通じ、中学生の体力向上運動能力の向上の他、健康の増進であったり、達成感や自信、協調性であったり、一体感など精神的、また肉体的社会的な効果が高いと考えておりますので、今後もですね、より多くの子供が参加したいと思えるようなあの競技大会にしていただきたいと思います。
以上で終わります。
次の質問者の発言を願います。",2025/11/11, 区民文教
白須委員,"はい、よろしくお願いいたします。
令和7年度全国学力学習状況調査ですが、本区の中学校3年生の理科のCBTで実施されたCBTの結果なんですけどもCDとかやったらいいかの結果なんですけども本区はとうとう比べて若干下回ったということで若干下回っただけで気にしなくていいと思うんですけれども、今後来年に向けては分析をしっかり行っていただきたいと考えております。
そこで、お伺いしたいのは、あのテストの内容ではなくて、タブレットの操作やICTへの習熟度が結果に影響した可能性はあるかどうか考えてお考えを伺いたいと思います。
また、児童生徒、本区の児童生徒について、タブレットの使い方についてただ理解ができていないって後れを取っているなと感じている児童生徒は、要りますでしょうか？またサポート体制はどのようになっているかお聞かせいただけたらと思います。
委員長　指導室長紫藤市長はい。
中学3年生に関しビーカーになって初めての試験とテストということで、こちらにつきましてはですね各学校のICT支援員がその時間、中学校の当該のところに詰めたりとかね、あの本区指導主事やDX係長なども各学校に行きまして様子を見させていただきました結果ですね。
タブレットの結果あまりこういう学習が振るわなかったというようなあの制度は見受けられていないということで把握しております。
また、タブレットの習熟に関して苦手を感じているような児童生徒ということでございますけれども、こちらは本区で一つデジタルシチズンシップをですね、積極的に推進しているというような中で、もう本当子供たちICTタブレットの習熟は本当にもう目を見張るなんばかりの習熟が図られているところでございますそういった中でも苦手意識を持つような児童生徒がいないようにということで、ICT支援員をですねあの格好にITしてですね日頃の困り感であるとかそういったものに対応しているという状態でございます。
以上でございます。
しやすいはい答弁ありがとうございました初めてのCBTによる理解の結果はタブレットの影響はなかったと認識ということで理解いたしましてありがとうございます。
また、タブレットの使い方本区におきましては児童生徒の皆さんが遅れをとってたり、苦手意識はあるか方もいらっしゃるかもしれませんがそれほど重大な課題を持っている方などは見られないということで理解いたしました。
また、苦手意識は必ず持ってる方いらっしゃると思いますし、遅れてる方も中にはいらっしゃってそういう過程でお話してサポートするのもかなり大切だと思っております我が子もあのコンピュータとかタブレットがすごく苦手で、もう大っ嫌いとか本当に全く一番できないとかって騒いでた時期があったのでクリエイトって苦しんでる子がいたらかわいいかなと考えてあの質問させていただきました。
あのそういう方がもし見分けられたらしっかりとお声掛けいただけたらと思いますよろしくお願いいたします。
また、試験の方式は今年度から理科がCBTになったということで、今後コンピュータ試験ですとかCBTも小学生だとか。
試験方式大学受験に対しても試験の会議方式っていうのは必ず変化していくものと考えております。
あの子供たちの成長に対して途中大切なのは柔軟性だと考えております。
柔軟性を持つ子供たちが様々な時代の変化に対応して、はい苦しまずに頑張って、自分の未来を見据えて柔軟性を持って成長していくことを今後も見守ってまいりたいと思いますので、今後もどうぞよろしくお願いいたします。
ありがとうございました。",2025/11/11, 区民文教
副委員長,"は、委員席へお移りください。
委員長奥梨衣それでは、議題について2点お伺いしたいと思います。
第1点目は、子供版防衛白書成果政府式には丸わかり。
日本の防衛初めての防衛白書というのが、全国で2400の小学校に6100冊つ配られたというような報道がありますけれども、中央区の学校には配布されているのか、それを確認させていただきたいと思います。
2点目は、築地市場跡地の米東部埋蔵文化財の調査についてです。
9月の委員会でこの問題で質疑した際に、今後は東京都教育委員会と都の埋蔵文化センターが中心になって本苦痛調査を行うという方向だというお話がありました。
もう本物調査は7月から始まってると思うんですけれども、必要に応じて、立会いも行うということだと思い、思いますけれども、現状はどうどう進めているのか。
区は、この教育委員会としてはどのように関わって進めているのか。
お伺いしたいと思います。
委員長太町紫藤市長まず子供は防衛白書についての配布についてでございます現在区内の小・中学校にこの文章を冊子については配布されていないということで認識をしております。
教育委員会を通して配布されるものについてはこちらの方で必ず目を通せるんですけれども直接配布された場合は各学校の判断となりますが、反対に困るようなものは指導室に問い合わせがありますので、文部科学省ですね、あの頭てないということも考慮して適切に指導していきたいというふうに思っております。
私からは以上です。
事務局次長、教育委員会事務局次長役割について築地市場跡の埋蔵文化財調査につきましては。",2025/11/11, 区民文教
今委員,"おっしゃいましたように、現在はどの教育委員会や埋蔵文化財センターが関与しておりまして、基本的に区の指導や関与はないというふうになっております。
必要があれば、立会い等に呼ばれるというふうに聞いておりますけれども、現在のところそのようなことはございません。
以上でございます。
委員長　送り委員子供版防衛白書については現在のところ確認していないということですがこれはこの防衛省が直接県の教育委員会、東京都だったら東京都だと思うんですけども、教育委員会に面談や通知を行って、小学校にいい。
冊子を配布したりしてましょう図書館で活用してくださいとか、福島では1個につき1冊ずつ。
配っていると長崎っては1本月10冊を直接送付したということが報道されています。
この内容を私も見ましたけれども、ウクライナがロシアに攻め込まれた理由は、防衛力が足りなかったっていうことを書いてあって抑止力が大切ですということが明記されていたり中国やロシアや北朝鮮の軍事活動に身に付いて記してあって日本が位置する地域は安全とは言えませんというようなことで脅威を持っているようなそういう内容になってます。
配られた現場では、こういういろんな国籍の子供たちもいる中で、こういう内容のものが子供たちを傷つけることになるんじゃないかというようなことで、活用をやめたり書いたりっていうことも実際に起きているというふうに聞いてます。
今のご答弁ですと学校の判断で配られているかもしれないということだったのでどういう事実長としてどうなっているのかということをぜひ把握していただいて、こういう内容のも問題のある内容のものは活用をしないという方向でぜひ指導していただきたいというふうに思いますけれどもご答弁をお願いしたいと思います。
委員長。",2025/11/11, 区民文教
指導室長,,2025/11/11, 区民文教
指導室長,"はい、ええ。
輸送物については各学校に直接配布されているものでございますのでなかなかこちらで把握するっていうことは正直難しいところがございます。
各学校のですね判断にはなるんですが、繰り返しになりますが判断に困るものについては副校長などからですね、指導室の方に連絡が狂うことが通例でございますので、そういった機会を捉えてですね、この辺についてしっかりと把握をしていきたいというふうに思っております。
以上でございます。
委員長　小栗委員ぜひ白書を活用してそういう防衛省の言う直接のそういう防衛が必要だというような市長ばかりが流布されるようなことがないようにぜひご指導をお願いしたいというふうに次に世耕園の御関係の埋蔵文化財の調査ですけれども、現在は東京都教育委員会と都の埋蔵文化財センターが中心になっているということなんですけれどもこれまでのお仕事調査については私は報告書が東京都のホームページに載ってたので、東京都がやったのかなと思ったんですけど、これはあの中央区が指導して、この辺をほったらかほほる必要があるんじゃないかとかそういう指導もしながらやった試掘調査というふうに聞きました。
それでこれまでの中央区の指導のもとに進めてきた。
この試掘調査の中でいろいろなひずみとかが発見できたりとかしてるんですけれども。
この、この評価、これは大変重要なものだなというような評価については、どのように評価して今全体のポンコツの調査になっているのかという点で中国としてのこの旅行円のお米と物の評価をどのように考えているのか。
お示しいただきたいと思います。
委員長　教育委員会事務局次長、教育委員会事務局議長ですね基本的に役割につきましては東京都の指定文化財9隻に指定されておりますので、基本的に試掘の際には技術的な意見等を述べるということで中央区の教育委員会の方で調査に立会い指導等は行いましたけれども基本的にその試掘ですとかの調査の結果を踏まえて今後東京都が捕獲調査を行いましてその取り扱いについては東京都が検討対応すべきものというふうに考えてございます。
以上でございます。
委員長奥梨衣あの文化財保護法によると文化庁文化庁長官が、僕発掘を直接やるまでを除いて地方公共団体がやるというのが基本だということで、東京都の場合は、東京都の文化財保護条例というのがあり、これで都の指定の史跡9隻名勝天然記念物の現状変更またはその歩道に影響を及ぼす行為の許可によるものは地方、各区市町村がやるというふうに私は条例を見ると読めるんですけどもそういう組み立てになっていないのか、その点について確認をさせていただきたいと思います。
委員長　教育委員会事務局次長、教育委員会事務局次長基本的に調査の実施主体は土地所有者であります東京都でございまして、基本的に東京都の指定の文化財ですので、日中央区教育委員会について教育委員会に特にそうですね試掘の際には調査に関する技術的な意見等を述べる立場にはありましたけれども今後の調査については特にこちらがいうような立場にはないというふうに聞いてございます。
以上でございます。
委員長　小栗委員港区の高輪築堤は一部保存ということで今度公開されるということになってますけれども、それもあの土地の所有者はJRでJRが工事進めてるうちにそれが出てきて、どうしましょうということになって、ちょ港区にこういうものが出てきましたっていうことを報告して、文化財の調査をして重要なものだということになって国の指定も文化財の指定も取れて、保存の法人保存を行うことになったというふうに聞いてるんですけれども、この築地の場合は、土地を持ってるのは東京都ですけれどもそれで言うともう立場で言えば、JR高輪でいうJRと同じなので、本来きちんとやるのは中国の文化財中国の教育委員会ではないかというふうに考えるんですけれども中央区の築地の場合は東京都がやるということで、もう何て言うか、決まっているっていうことで、なっているのか再度確認をさせていただきたいということと、港区の場合は、審議会のようなものを作ってそこでどういうふうに保存すべきかとかそういうことを審議して決めたというふうに聞いてるんですけれども、そういう場は全然持たれないのかという点について再度確認をさせていただきたいと思います。
お願いします。
委員長　教育委員会事務局次長、教育委員会事務局次長はい繰り返しになりますけれども基本的には東京都が検討すべきものでございまして区がそういったことに加わる立場ではないというふうに聞いてございます。
ただ、月Gのまち作りのですね区として事業予定者に対しては歴史的な経緯や特色ある地域資源を有する築地においては、地元に配慮しながら事業を進めていくことを要望ということはしておりますけれども基本的には今後東京都が検討する中で、中国の方に何か例えば関与をお願いするというような必要があれば呼ばれるということはあると思いますけれども今のところそのような話は聞いてございません。
以上でございます。
委員長奥梨衣を、文化財保護法の枠組みでいうと、やはり現場のある自治体が責任を持って、そういう調査も指導していくというふうになっていると私は理解しておりますのでぜひそういった立場でこの問題にも中央区としても、ぜひ関わっていっていただきたいというふうに思います。
以前もこの問題で今、試掘調査なんかやっても何層にもね、なっていってなかなかどういうものがあるのかっていうのを調査するので大変だったっていう話伺ったことありますけれども、そういう調査を進めながら今確認をしている段階だと思いますけれども、そういうものをあの全体が明らかになるような公開も指定いただく方向でぜひ取り組んでいただきたいということを要望して終わります。
ありがとうございました。
副委員長は失礼しました。
小栗委員は副議長席へお戻りください。
議題1区民生活および教育行政の調査については、継続審査ということでよろしいでしょうか？続きまして議題2請願第6号入船湯存続を求める請願の審査について質疑のある方はございますでしょうか？継続審査ということでよろしいでしょうか？第4回区議会定例会における委員長　報告の取り扱いについて正副委員長一任ということでよろしいでしょうか？はい。
さよう取り扱わさせていただきます以上をもちまして区民文教委員会を閉会といたします。
お疲れ様でした。
そっかあさん。",2025/11/11, 区民文教
都市整備部長,"まちづくり協議会の報告についてです。
前回の当委員会報告以降のまち作り協議会についてご報告をするものでございます。
8月の29日、銀座地区築地地区それから勝どきおよび地区まちづくり協議会、勝どき56丁目および分解それから晴海地区まちづくり協議会の合同まちづくり協議会を開催いたしました。
議題は記載の通りでうち築地地区まちづくり事業については、事業者の方から8月22日に公表した基本計画を説明し、質疑を行いました。
区の方からは、公表された基本計画を踏まえつつ。",2025/11/12,築地等都市基盤
区長議長,"、連名のもと、要望した。
歩行者動線など地域にとってよりわかりやすいイメージが持てるよう、この次の次回のまちづくり協議会でお示しする。
として会議の方を終えました。
そして9月の24日には同様に、銀座築地地区また30日には、かちどきと呼び晴海地区のそれぞれ合同まちづくり協議会を開催し、歩行者動線、車道動線のイメージとともに、3枚の具体的なイメージパースをお示ししご意見等をいただいたところでございます。
表の下段に記載の通り、当日の資料、議事要旨につきましては既に送付をさせていただいてございます。
資料の説明および私からの報告は以上です。
発言の時間制についてですが、発言の持ち時間制につきましては既にご承知の通りですのでよろしくお願いいたします。
ただ、いまの時刻は1時33分です。
自民党56分かがやき中央32分立憲民主党無所属30人、公明党32分日本共産党30人。
参政党10分となります。
それでは質疑に入ります。
発言の願います。",2025/11/12,築地等都市基盤
竹内委員,"はい、私からは1点だけ、地下鉄新線の推進大会この間行われました現在区内各地でパネル展も開催を指定いただいておりまして、これが期間が来年の確か2月までという。
長期間当初、パネル展を始めた頃から、いろいろな報告事案等も含めて各地で開催をしていただいてる。
昨年からは春未来もパネル展の会場として展示をしていただいているところと思います。
今回、本当に今年の1月に一般質問で、あの子供たちの絵をという要望させていただきましてそれも今回ね子供たちの園側終わってパネル展を行っていただいた要望お聞きいただいて本当に感謝をしております。
先月ちょうど大会の福島第2児童公園でパネル展が行われておりまして、そこのスタッフさんに今回、いらっしゃる方、どんな感じですかってお伺いすると、やはりちょうど晴海西小学校と、杉島第2小学校の子供たちのということで、保護者の方も見にいらっしゃってますというようなお声をいただきました。
やはり何でしょう大人が集まるだけではなくて、そうした子供の夢も併せてこうしたところで啓発を行っていくことって、すごくいいなと夢ができないと思いました。
できれば、今後更なる広がりを持ってそういう機会を捉えて、区内各地で学校って書いていただいたものを、例えばそれぞれの地域の特別出張所でも少し本当の絵を展示していただくとかそういったことも行っていただけたらなと思っておりますが、気運醸成、そういった視点で、ご見解お考えがあればお聞かせください。
委員長。",2025/11/12,築地等都市基盤
交通課長交通課長,"はい。
地下鉄申請についてでございます委員からご案内ありました通り今回ですね、近く申請の推進大会を開催して、さらにはですね、パネル展も各地で開催したとそういった中では子供たちの絵画を募集して、そういったものも展示したというとこでございます。
まずその地下鉄申請の推進大会なんですけども、この元々平成30年から開催してきたところ、今年で8回目を迎えます。
今年の開催はですね、多くの方、お越しいただきまして約500名程度の方にお越しいただいたといったような状況でございます。
また、ですね大会自体も年々ですね、参加いただく地域の方々を拡大したり、さらには昨年からはですね、高等部の副区長さんにもお越しいただいて、さらにはですね、つくばエクスプレスの沿線の自治体の方々も毎年来ていただいてるといった状況でございます。
今年につきましてはさらにそういった地域の輪を拡大して、豊洲市場協会の会長さんにもお越しいただいたというところでございます。
さらにはですね、パネル展につきましても、昨年は大体8ヶ所で開催したというところを今年は10ヶ所に拡大したというところで、そういった推進大会であったりパネル展、これをですね、年々さらにですね拡大してきたというところでございます。
また、ですね先ほど阿野委員の方からご案内ありました通り、今年からはですね、沿線の地域の小学生にも関心を持っていただきたいとこれはですね、やはり地下鉄申請については、未来を担う子供たちもしっかりして知っていただいて、やはりですね、多世代の方々に広く知っていただくと、そういった狙いを持って、今年から絵画を描いてもらったというところでございます。
こちらはですね、先ほどご案内ありました通り、晴美小学校と月島外務省がこちらの2項に書いていただいております。
こういったですね、取り組みについては、来年度以降も引き続き開催したいというふうに考えておりまして。
その際はですね、やはり沿線の小学校を対象としてそういった募集を毎年ですねかけていきたいというふうに考えてございます。
そういった取り組みを通じて地下鉄新線の機運醸成、こういったものをしっかりと図っていきたいというふうに考えてございます。
以上でございます。",2025/11/12,築地等都市基盤
竹内委員,"はい。
ありがとうございます。
大会もそう今年で8回目。
私も1回目のときからずっと大会の状況も見ておりまして、それぞれ状況に応じて区の調査結果基調講演も含めて、経過を診てまいりました。
本当に子供たちの以前第2児童公園で開催した大会私はあれはあれですごく目立つ大会をした方がいい。
はい。
機運醸成、周知の意味も含めてという部分で、非常に反響のあるところで、あれを毎年やってくれという要望はなかなか大変だなと思いましたけれどもただこうしてやはり子供とそれに付随して親がそういうものがあるということを1人でも多くの方に知っていただいて、さらには、沿線にも広げていく、こうしたものが非常に大切であろうと思います。
やはり、作っていく過程の中にはもちろん、ちゃんとした計画収支採算性、様々、資金がどうなる現地の問題、様々あると思いますが、皆さんが期待を抱いて、これを待ち望んでいるという。
心も小さいせいだと思いますので、ここの部分でも引き続きはいどうもお世話になりますはいきちっと取り組みを進めていただきたいと思います。
③1人会派が非常に変わってちゃったの番号が参戦してはぱっと出てこないんですけどはいそれではよろしく。
お願い申し上げます。
大変重要な議案議題報告事項がなされております。
その築地市場跡地のまちづくりに関してまずは入っていきたいと思います。
まず、区は、築地市場跡地開発に関連する要望書の具体的イメージを他の出して、それを町の方々に通ったのが、そのまち作り協議会でありました。
本当に大事なのは、これを事業者や東京都か、どのように受けとめているのか。
この修正案でいきましょうよというふうにご判断いただいているのかこれでいかなければ5万人の歩行者ネットワークが歩行者を処理しきれませんからこれしかないとは思うんですが、この受け止め方ですね。
どのような反応があり、これにどうやって修正をかけていくのか。
8月20日の基本計画でしたっけそこからどのようにこの中中央区の修正案要望書に損失即した修正案に修正していくのか、この辺りの今の計画9月からだいぶ時間も経ちましたので、この経過を教えてください。",2025/11/12,築地等都市基盤
都市再生推進課長,,2025/11/12,築地等都市基盤
都心再生推進課長,"。
はい。
築地の市場跡地開発に関するところでございます。
8月の後半にですね、事業者の方が基本計画を出しましてその中で交通ネットワークといったところも触れられているといった状況でございます具体的にはしばし通りに3本の起こしデッキを整備するといったところが記載されているといった状況ですそういう中でですね区の方ではですね先ほど委員からお話あった通り、5万人規模のマルチスタジアムができるとその交通処理歩行者の交通処理をしっかりやっていかなきゃいけないといったことで、要望書の中でもですね記載しておりましたがそれを具体的にイメージとしてこういったものがないと、その歩行者のネットワークをしっかり構築できないといったところを示したところでございます。
そういう中でですね当日、まち作り協議会の中でもですね東京都や事業者の方も来ていただいてですねその状況等を見ていただいたといったところでございます。
今現在ですね、こういった歩行者動線のネットワークを構築していく。
必要性があるといったところではお互い間違っていない部分ではあると思っております。
しかし、ながらですねまだ見えていない例えば晴海線の話であったりとか。
そういったところを具体的にどういうふうに整理をしていくことができるのかこういったところは事業者だけではできない。
東京都であったりまた関係者いますのでそういったところとしっかり調整をしながらですね、整備、どういう段階でやっていかれるのか。
どういうふうに構築していくことができるのかといったところをしっかり詰めていかなければいけないというふうに考えております。
なかなかですねすぐにですね、これができますとか、いつ頃ですというのはですね、いろんな基盤整備がありますので、そういったところの調整を行いながらですね、しっかりと歩行者の動線をですね、安全安心にですね、通行できるような環境こういったところを構築できるようですね、引き続き協議長調整を進めていきたいというふうに考えております。
以上でございます。",2025/11/12,築地等都市基盤
星原委員,"はい。
今調整中であるというこの動き大変感謝申し上げます。
この5枚に、とても大変な話でありますので、このようなこのデッキが必要であるとは考えるところです。
区の考え方としては、ですので2032年、スタジアムができる。
そのときに同時にこのデッキも整備されているという考え方でよいかどうか、これは念のための確認です。
委員長。",2025/11/12,築地等都市基盤
都市再生推進課長都心再生推進課長,"はい。
歩行者デッキの保護者ネットワークのですね、整備年次といったところでございます。
やはり先ほどからお話ししてる通りですね、5万人規模のマルチスタジアムこれが出来上がる。
そうすると多くの方がご診断といったところでございます。
そういう意味ではですね、しっかりと歩行者を安全安心に通していくといったところではですね、こういったものをしっかり整備していただかないとなかなかそういった安全安心にですね、通行できる環境というのは整備できないと考えておりますので、そこはしっかりとですね、協議調整を進めていきたいと考えております。
小坂委員年の年は2032年というふうにその文脈から取れるわけでございます。
それで、このようなスタジアムから歩行者デッキを作り、新大橋通りを渡り、築地市場の築地社協の上を押した木崎社長木崎屋の上を通しで最終的に服が生かされる築地川区間首都高の靴ええ。
築地川区間の区外海に繋げていくというところで、そして不具合から区間は今度はずっと万年橋吉田Cというところを副題かそれも計画が進んでおりますのでそっちに繋げていき歩行者も一部そっちに流れていくであろうというような考え方であろうかと思いますそこで心配になるのが、1個の不具合か。
これの時期、整備の時期は2035年というふうに言っているわけであっていくらスタジアムの方々、事業者が作る事業者が区と一緒にデッキを作ったとしても、築地川区間の首都高の不具合かの完成時期は2035年だから、そこ以降がうまく整理できないという時期のずれがもう既に存在しています。
そのあたりの2032年に歩行者デッキを作ろうというくんと2035年にそこに繋げていかねばならないけれども、覆蓋化は2035年だというこの時期のずれはどのように解消していきましょうか？",2025/11/12,築地等都市基盤
今日土木部参事環境土木部参事,"はい。
スケジュールの大規模工事につきましては、今委員の通りですね2035年を目標としているというところで伺っているところです。
様々な事業が関連しているというところもございまして先ほど答弁あった通りですね各関係機関と調整しながら、工期のずれも含めてですね、認識はしてますので、その辺のずれもですね、認識しながら今後どのように実現していくかっていうことは、各それぞれのですね、判断する材料がまだ整ってないところもございますので、今後しっかりとですね、調整を図っていきたいというふうに考えてございます。
以上でございます。",2025/11/12,築地等都市基盤
小坂委員,"はい、調整を図る。
ということは、これをいかに実行に移していくかということが、非常に難しく、また重要であると考えます時期のずれ2032年のスタジアム、2035年の歩行者デッキが繋がるところの首都高の久貝家の1035年でまた地下鉄新線の2040年というところの、それぞれの時期が違うというところに関して、いかに調整し、時期を一つにしていくのかっていうところを調整をするということをいかに実効性の持つ調整ができるかっていうことに関して、何かもう少し我々が安心できるような、その根拠、それができるという根拠はございますでしょうか？議長環境土木部参事吉田副長そこ率直に申して今の時点で安心できる根拠などはありません。
現実問題として、晴海線がどういうふうに取り付き、首都高環状線にどういうふうに取り次ぎ、首都高の方がそれやとあわせて、どういう改修を行うかとそこの設計がきちんと決まらないと、その先採用を進めないところがある。
その部分を早くしてくれという調整を今の段階で行っている。
今の時点でその図部分を明確にしたいとこれから先は進めないという状況にございますので、その部分を今調整中であるということをご理解いただき。",2025/11/12,築地等都市基盤
小坂委員,"まずは晴海線の調整をしているというところでありますそれは、ですので、区の府土木環境土木部の副参事が首都高の係の方と話をしているというふうな調整の仕方なのか。
副区長が首都高の社長と時期を詰めていって都の職員も一緒にいて、詰めているのか、どんな会議体のレベルで調整が進んでますでしょうか？吉田副市長現実にその部分全部一連の作業なんですよ。
晴海線が取得をご都心環状線と連結します。
そうすると、それに関連して、高速道路の出入口について、ある意味で改修も行われる。
それから連結部分の都心環状線の線形も、当然に変わる。
そういったものを全体的に総合的に調整するわけです。
ですから、この部分、この部分ていうのをそれぞれ突き合わせて調整してるわけではなくて、今、工作の選定のあり方ある店の整備の仕方、全部総合的にちょっと調整をしているということでございます。
ですから、ベッドにそれぞれやっているというわけじゃない。
それらについて総合的にちゃんと絵を描いてくれということを今、とうとう首都高との間で我々調整している。
保坂委員今の副区長が述べられたことを頭に描いてみると、それは首都高と東京都と中央区が一つの会議体を持って調整しているというふうに考えてよろしいでしょうか？吉田副長1校と東京都は協議体を持っている。
それは、国も入って、委員長高速道路のありようとして検討している。
それに対して私どもの区が地元の要望を含めて、それぞれの事業体と協議体を持っている。
そういう状況小坂委員区は、それぞれの相手と首都高さんと協議体を持つ。
また、事業者さんと協議体を持つ等々協議体を持つというふうに理解するところであり一方、都の方は、事業者の取得をと、このような会議体を持って調整をしているというようなイメージでしょうか？吉田部長わかりました。
そのようにした中で、やはりここ今は私達中央区が先頭に立って、今持っていない。
会議体すなわち、東京都取得事業者中央区、学識経験者、それらを入れた築地のまち作りを一体的にどのように整備するかというのを我々中央区が主体的にリーダーシップを持って作って作っていき、きちんと次期の時間の調整をして、実際に置くどれそれぞれ遅れることなく、詰めていくというふうなリーダーシップを決算特別委員会のときでも主体的にあるのは中央区だというふうに区の方もおっしゃってたわけであり、であれば、このような会議体を区が率先して持つべきではないでしょうか？昼食長我々9月の段階であれだけ明確に我々のイメージはこうだ。
こういう形で作ってくれないと困るんだ。
それに合わせ、そそれを作っていくためには首都高の晴海線を、晴海線とし、都市化調整の継ぎ手の部分を明確にしてほしいということは、あれだけはっきり言ってそれ自体が主催する。
その部分で我々は首都高速道路と道路公団と、それから国と東京都の間で、予算上の整理も含めて計画を進めている計画を進めているんですが、そこが遅れている部分について、それぞれに早くしてくれというふうに調整をしていることでございます。
これは何度も申し上げておりますけども、首都高速道路というのが、高速道路として、いわゆる元々の建設の資金を回収した上では、都道府県等になるという制約の中で、それぞれ事業建設の被災者が決まっているという。
そういう制約の中で、我々は働きかけをしている。
お答えくださいますので、それは個別にやらせていただいてますが、当然主体性を我々持っているからああいう絵を書いて地元としてしたいときに働きかけをしているというふうにご理解いただきたい。
小坂委員非常に難しいところであり、さらに主体性を発揮するのであれば、私は区が主導して会議対応少なくとも構成員として東京都事業者人と地下鉄を入れるのは地下鉄国それらを入れた全体の朽木の絵を書く会議体調整会議を借りたよう区が率先してつくるべきであると思いますし、そのことは強く要望させていただきます。
その根拠としては、私は渋谷区を視察してまいりました。
渋谷区の駅の駅前のスクランブルのあるその整備を今押し進めているところでありますけれども、渋谷区さんがどのようにあの難しい。
3社の鉄道会社が入り、五つの開発事業者があり、国道が通りというところをそれぞれの利害関係をいかに調整できたのかという現場を見てまいりました。
これは、ある議員の発案によって、私もさせていただいたわけであって、その議員に感謝申し上げるところであるし、丁寧に説明をしてくださった渋谷区の職員の皆様には、言葉を変えても、お礼申し上げたいところであります。
その、いかにうまくやれたかという、その私の聞きそれが非常に難しいプロジェクトXでは鉄道のこの路線を変えるというだけでも、NHKで話題になってますが、どうやって難しい筋が入り外交関係を調整できたのか。
それは一つには、やはり調整会議のある会議体を作ってるんです。
渋谷駅中心地区まちづくり調整会議というものを作り、そこで学識経験者が座長、副座長2名、学識経験者がそれを仕切り、そして国土交通省東京都渋谷区事業者が入った調整会議を持ち、そこで部会も持って、それぞれを進めている。
で、地元の意見はどうするかというと、それと連携をする渋谷駅周辺地域の整備に関する調整協議体協議会を作り、その協議会は地元の意見を連携して半径反映されるために、都市整備部長が座長になり、関連する部長が副座長に名つき、そして地元代表、町会商店会、まち作り団体、渋谷駅前エリアマネジメント協議会、そして事業者を入れた、そういう協議会を作り、調整しながら、やっていったというところが非何とか調整できた。
あの難しい2000年から始まって、ようやくいろいろとできている。
渋谷駅前のまち作りなんです。
だから、区もこの難しいまち作りを進めるに当たっては、調整会議のあるものを区が率先して作るべきであると、私はこれを根拠として述べさせていただきます。
このポイントは、学識経験者もやはり入れなくちゃならないとは思いますのでもし今日このような調整会議を作る場合は、そこは必ず忘れないようにしてきていただきたいと思いますし、ちゃんと国とと公文入り、広く関係者を入れていくというところもやっております。
それが、進んだ一つであると思いますし、もう一つ大事だなと思ったのは区も一部されておりますけれども、やはりガイドライン内のものも作り、進めてこられていったということであります。
渋谷駅中心地区まちづくり指針というものを作り、そのガイドラインにのっとって進めていったということでありますので、そのあたりのことを、もちろんこれが区が出したものも一つのガイドラインのようなものでありますけれども、一体的に考えなくちゃならないと思いますのでKK線との接続とか、KK線の歩行者とのネットワークをどうするかとか、日本橋の地下との一連の流れの中で進めるということも含めれば、ガイドライン、ガイドラインを作っていくということもまた大事かと考えます。
このようなことで、ガイドラインをきちんと整備しながら、そして調整会議もきちんと行いながら進めていかないでは時期のずれっていうのは直せないというふうに考えますがこのあたりに関してはいかがですか。
吉田副部長何か勘違いなさっているようで今の渋谷区の状況は都市計画決定されて、事業が具体的に動いている状況の中で、いわゆるエリアマネジメントを含めた全体の協議が動いているわけです。
今私どもの築地問題については、都市計画決定以前の計画の調整の段階でございます。
その部分について、大変申し訳ありませんが、私どもは地元も含めて、議会も含めて、早い段階からこういう問題がありますよということで、私どもは2年前にそういう議会と議長と区長が連名で要望書を出していったときの要望書の内容も含めてあらかじめご相談をしながら、協議をしながら出していったんじゃないですか。
そこに何か過不足ございましたら、むしろそこの中にこういうものもということはあるでしょうけど今そういうふうな段階を、そういう要望を突きつけて、事業者と対峙東京都太一高速と対峙しながら、今計画の調整を計画を作るという作業の部分について、お互いに調整をし合っているわけではない。
渋谷の段階とは全く違いますので、今その要望を含めて、どういう計画をつくるか。
というところを必死にやっているわけでございますのでその点をご理解いただきたい。
坂委員副区長がおっしゃいましたが、私は述べたのは、渋谷区も2000年から計画をつくる都市計画を作る前からこのような体制を持ちつつ進めていたということであって、都市計画決定後、というわけではありません。
この先ほど述べた一番の上位になるまち作りを指針それを2000年の最初に設けて、それを何度も改定していったわけであって、このような都市計画決定をしているから、渋谷区さんができたんでしょという。
副部長のおっしゃる方ではなく、渋谷区もまた、都市計画を作る前から住民の声を聞きながら、進めていっているわけであって、このような会議体をきちんと作り、そして進めていく必要があるとぜひ渋谷区さんのやられているまち作りの報告文参考になるところも多々あるかと思いますので常に見られてるかもしれませんが都市計画決定後の渋谷区ではなくて、都市計画決定の前からこのように取り組んできているわけであって、それを見ながら進めていただければと思います。
その時間軸を含んであれば、2000年から始めた渋谷区の渋谷駅の開発というようなことをやってようやく2025年でできつつあるとこの築地のことも、都市計画決定前ですよこのようなそれぞれの迫ってるとかいうふうなことを言っていれば、我々の区の再開発も2032年じゃなくてずっとずっと先送りになっちゃうかもしれません。
復調ちょっと適用が違うといった部分に関しては、お言葉をお返しさせていただきます。
また、渋谷区の姿勢としては、間が区民、連携のもとを進めており、丁寧に住民の声の方も聞き進められております。
先ほど、地下鉄新線で子供たちの絵というふうな形で、地下鉄新線においては作り方まち作りの作り方においても、子供の子声や考え方ビジョン、それらも入れながらという進め方は、私も同意をするところでありますけれども、渋谷のそのまち作りにおいても丁寧に街の声を聞いている。
まち作り協議会においては、条例で指定してまち作り協議会も作っております。
また、都市都市の住民への説明においても、都市計画原案、都市計画案だけの住民説明会じゃなくて、都市計画の素案の段階から住民説明会をするというふうなことをしております。
その前のまち作りの意見交換会ももちろん住民に開かれる形で、その前から住民に開かれた形でやってきておるわけであり、より住民に開かれているのではないかと私はさらに工夫をする部分は中央区にもあるんではないかとは考えるところであります。
少し先に進めさせていただきますが、エリアマネジメントに関しましても、渋谷区の方は、でき、完成してからエリアマネジメントの組織を動かすんではなくて、エリア維持マネジメントを完成前から動かすというふうにして、渋谷駅のところは進めているところであり、みそみそにその段階を作って進められております。
渋谷駅前エリアマネジメント協議会というものを上に上位に置いて、そこでは正会員として、まち作り事業者のご5事業者と区画整理事業者あと行政会員として、東京のここ東京都渋谷区。
それらが入って、渋谷駅前エリアマネジメント協議会というのを作って作られ、そしてその下部組織に実行部隊として、一般社団法人渋谷駅前エリアマネジメントを作って、その下部組織は、都市再生推進法人を指定を受けるというような2段階で構えてエリアマネジメントしているということであります。
事業者さんは、順次準備段階からエリアマネジメントを進めていくというふうにはおっしゃってますが渋谷区のようにですよ。
事業者がエリアマネジメントを作るのを待つのではなくて、一緒にエリアマネジメント協議会を一緒に入って作るべきと思いますけれどもそのあたりの築地地区のエリアマネジメントの組織化は進んでますでしょうか？吉田副部長渋谷区のやり方は渋谷のやり方今現実に内野くんがこれまで要望書を含めて東京都対し事業者と対峙してきてくる中で、どれだけ地元の意見を吸い上げて、具体的にぶつけてきたか。
その部分について過不足があるんであれば、進め方について面白く面白いという意見もあるでしょう。
今直接的に今のやり方、まち協中心に何度も何度も会議を重ねながら、地元と話し合いをしてきている。
その流れの中に過不足する部分があるんであれば、ご提案をいただきたいと思います。
ただ、し、学識経験者とか何かという方々を突然入れていただいてもご案内の通りこれまで築地市場の移転の何か様々なそのときにいろんな専門家の方が入ってきて、手書き定期で手は綺麗してきたじゃないですか。
今現実に我々が今、地元地元区として、事業者や東京都と話をし、具体的に区民の皆さんの前で待ちをしながら議論を重ねている中身について何か不足があるなら具体的にどの部分が不足だからと言っていただきたい。
それから、もう一つは、エリアマネジメントのお話でございますが、何度も申し上げてるこの部分については、基本的には計画がある種、お互いに確認できるということも含めて計画をお互いに確認できるすそして、これから施工に入ってくるという状況を提供。
セイコー自体も計画をしなきゃなんないと、工事のやり方も計画をしなきゃなんないという時期には、当然、エリアマネジメントが必要でございます。
工事自体を計画する化するときに、エリアマネジメントが必要でございますから、そういう部分は我々も計画し、前に進めてまいります。
十分それは承知しております。
小坂委員最終最後により区長がおっしゃった部分はエリアマネジメント区も入るということでいいですか。
実際的にはもう、例えば晴海についてもどこでも何か大きな需要があるときには、工事連絡会みたいな形でスタートをさせながら、エリアマネジメントやってきてるわけでございまして、そういう部分については、早い時期から区としても準備をさせていただきます。
大坂委員エリアマネジメントの部分に関しましては、事業者が作ろうとしているエリアマネジメントの組織をきちんと主導していく。
僕も入った後も入ったエリアマネジメント上部団体としておくべきであると私は思います。
また、副区長がおっしゃったように区が丁寧に住民の皆様の声を聞いて、このまち作りに関して計画を作ってきたところは、私はそれはそうされてきたというふうに、その部分は私も同感です。
私が言いたいのは、せっかくいただいた区のみ区民の皆様のその意見をいかに実現にも生かすも、実験実験に持っていくかという中で、首都高の計画がまだ出ないから待ってますとかいうよりもう一歩進める必要があるんじゃないかと指導権を持って逃げるんではべきではないかというふうに思っているわけであって、この議論を来年もしたくないんですよ。
来年7個のような線がまだでていないというふうにして逃げられないように血戦はいつ。
そうですか。
吉田副長それを早い段階で出せるように、いろんな形で調整をしていると現段階でございます。
小坂委員それが出るのを単に待つのではなくて、調整会議などを作り区が主催して作り、4社が揃った中で、いついつというふうな約束をいただく。
できないのではできないという理由をその会議で聞く。
その辺は調整会議を個別で聞いてるんではなくて、東京都と一緒に首都高の人に聞けばいいじゃないすか。
その調整会議の設立を私は強く申し述べているのであって今区が入ってないとか作ってる調整会議があるんであればそこに組み入れていただくか、どちらかして会議体の中で議論を進めていただくことを強く要望し、質問を終わります。
次の次お願いします。
田中委員それでは、質問させていただきます。
少しお聞き苦しい点もあるかもしれませんが、ご容赦いただければと思います。
今回ご報告ということで、まち作り協議会内容伺いました。
本当にこの8月末、9月末と男短い期間で、この大事なタイミングの中で、地域の方のご意見を伺って取り組んできたってことは本当に大事なことだなと思っております。
私もあの議事録を拝見しながら少し思い出したんですけれども、議会に押し上げていただいて、最初築地の断固反対する会があって、その回も本当に地域のいろんな民間の方が入って、座長が民間の方がついて、本当に何度も何度もいろんな議論して大変な思いをして、そして今のこの築地の現状があるかと思います。
そうした背景を考えてきたときに本当に区はいろんな関係者との調整を図りながら、積み上げてきたんだなっていうことを、今回議事録を拝見しながら感じました。
その中で、改めてなんですけれども各地域でまち今日行われましたが、このまち協で行われた内容の特に、主だった意見ですねといったところがポイントだったのか意見だったのか。
他の所管も含めてお聞かせいただければと思います。
さらにこの築地市場を跡地開発のスケジュール、今までの議論でいきますと、2028年が着工という大体のスケジュールを示されております。
これまでもずっと議論がある通り、都市計画がなされて、その後着工となるんですが、当然設計も行われているわけでありますが、ただの決算の質疑の中でも、なかなかあの高速晴海線の位置が決まらないと、杭が打てないだろうという。
いわゆる設計はしづらいだろうというお話もありました本当おっしゃる通りだなと思っております。
民間事業者さんの仕事ではありますけれども、いわゆるこの設計作業っていうのは、どのあたりでもう大体こう進んで決着していくものなのかいわゆる28年着工と考えたときに、当然その前にできてる実施設計ができてるわけなんですけれどもその辺のこのこれからの2年間のスケジュール感をどう見ていらっしゃるのか、この点もお願いいたします。
委員長。",2025/11/12,築地等都市基盤
と新体制推進課長と新体制推進課長,"はい、築地園側まち作りについてでございます。
8月29日にですね、事業者の方からですね、基本計画が出された内容についてですね、まち作り協議会を開催させていただきました。
その中ではですね、スタジアムと区有施設をどのように繋げていくのかとか。
それは最終的なまちの形って一体どういうふうになるのか早めに出して欲しいとか。
そういったご意見などをいただきました。
また、夜の方ではですね、勝どきと呼び、晴海の合同のですねまち作り協議会を開催しております。
そういった中では、大江戸線の混雑の対策であったりとか、レジデンスとどうなるのかとこういったようなお話などをいただいたとこでございます。
また、基本計画を踏まえまして区の方でですね、要望書に対する具体的なイメージといったところを示させていただきました。
その後9月29日に24日にですね、月銀座築地のですね、行動のまちづくり協議会を開催いたしたところでございます。
その中ではですねやはり先ほどからお話させていただいてる通りですね高速晴海線のですね。
出入口こういったところの必要性、この街にとってどういったところに必要性があるのかといったところをしっかり示してほしいといったようなお話であったり、歩行者の動線ということで今回ネットワークへ示させていただきましたがそういったところの動線デッキも含めてですね、確認をしていただきたいといったようなこと、また、新大橋通りこういったところ先をどういうふうに繋げていくのか。
また、晴海通りにどういうふうに繋げていくのかこういったようなお話などをいただいたとこでございます。
やはり概ね歩行者に対するですね、安全安心に通行できる環境こういったところをですね、しっかり事業者もとも区もですね、しっかり入ってですね、検討を進めて、実現していくこういったところが必要であろうといったところをいただいたのかなというふうに感じております。
こういったところはですねやはり要望書でも書いておりますが、しっかりと実現してですね、多くの人がですね、この築地に訪れる。
こういった場となるようですね、引き続き協議調整を進めてまいりたいというふうに感じたところでございます。
また、スケジュールについてでございます。
今現在ですね、現場見ていただきますと多くの重機が入っております。
今何をやってるかと言いますと、まさに埋蔵文化財、これの本調査を行っております。
また、文化財の調査を行う上ではですね、どうしても地下躯体がまだ一部残ってるということなんでそれを壊しながら、丁寧にですね、文化財の調査を行っているといったところを聞いているところでございます。
2032年には大規模工事が完了するといったとこです。
そういう意味ではですね、事業者の方も今回基本計画出して、9棟の建物等が示されたところでございますが、早い段階でですね工事にかかっていく必要があるというふうなところは聞いているところでございます。
今後増えますとやはり都市計画の決定、こういったところがあって、事業が進んでいくといったところがございますのでそこに向けて事業者の方は設計等を進めているとまた区といたしましてはそれまでにですね、要望書、これを合意する必要があるというふうに考えておりますので、そういったところを引き続きですね、協議調整進めてまいりたいというふうに考えております。
以上でございます。
委員長。",2025/11/12,築地等都市基盤
田中委員,"はい。
ありがとうございました。
私も全部の地方には行けませんでしたけれども、伺ったときに、本当に地域の方がですね質問するんですが、またそれらかというと東京都にも言いたいなっていうこういう趣旨で質問が常にあります。
そこいつも区のご関係の皆さんがですね、まるで何て言うんでしょう、上部団体の方々になり変わるぐらいだ。
気持ちを持ってですね。
受け止めながら、しっかり伝えていきます。
また、取り組んでいきますというお話があって、本当にこの地元区としてこのなかなか事業主体でない中でですね、そこまで本当に一生懸命取り組んで、真摯に意見を聞いている。
やり取りしていること自体が本当に大事なまち作りなんだなって形にはまだ見えませんけれども着実に進んでいることなんだなっていうふうに感じております。
それで今ご報告いただいた中で、いろいろ皆さんの懸念点はあるんですけどもその中の仮に一つ取り上げさせていただきますと、やはり一番の問題は、高速晴海線の1、そして出入口の場所になります。
これだけ地域の方がもう作る意義からまた球場内と場外のこの分断を生まないようにってすごく心配して強く訴えておられるわけでありますそれを区も理解し、ちゃんと届けていただいて、またこれまでの要望書の提出においても特に晴美専務に限っても、令和5年にしっかりと要望書、あるいは考え方そして先般の区の令和6年のときの要望書、議会と区が一体になって出した中にも、その出入口のことについてもしっかり明示しているわけであります。
これは考えるのは、首都高さんであり、また東京都が形を作っていくわけなんでしょうけれども早くしていただきたいということと同時にですね、やっぱり土地開発と場外が分担されないように、この出入口の位置づけを決めなければいけない。
確かに早く決めていただきたいですし早く出て、こちらみたいですけれども、逆に早く出てきた形がそうならないようにしなくちゃいけないわけですよね。
ですので、その点をどうやって持っていけばいいのか。
そこで、一つ思ったのは、あの段階を追って今要望書を出しておりますけれども、もうはっきりと場外市場を大賑わいを継承を守っていくためには、この出入口、その分断しないようにちゃんと考えてくださいってもう作ってくださいとはっきりと明示した要望書も出さなくちゃいけないのかなという、もう一歩踏み込んだ具体論が必要なのかなというふうに思います。
この点について、ご見解いただければありがたいと思います。
よろしくお願いします。
吉田副区長補足もんだ築地跡地問題現実にはちょっと困ったことなのは、事業者とそれから東京都の部局の問題もあるんでしょうけど式跡地の問題は土地の問題で片付けて、高速道路の問題は高速ルート道路、普通の行動のところで何とか格好つけようとしているわけでございまして、あれだけ密接にほとんど繋がっちゃっている部分を高速道路単独等それから道路部分だけで処理したり、何かするのはちょっと無理があると思っておりまして、区側としては、あえて積極的に東京都に対しても取得に対しても、それから事業者に対しても、その敷地と高速道路のありよう出入口とありようというのは一体的に考えるべきじゃないかとあくまで高速道路だから高速道路の出入口は一般公道じゃなきゃいかんということはないだろうと逆に言うと、敷地の中にある見ててうちがあったところで、それで全体的にバックはい配置ができるならそれでいいじゃないかという部分を区としてはあえて言っております。
その部分を総合的にやらないと、今の県庁の晴海通りとそれから新大橋通りとそれからかわいそうなことに、妙義山の周りの土地なんかで負担がかかってしまったという話になりません。
これはやっぱり一体的に総合的に作るべきだというふうに思います。
この辺なんですが実は東京都のていうか8月に事業者が出した。
もうK基本計画ってやつも気の毒といえば気の毒なんです。
彼らは事業者ですから、自分の敷地の中だけで描いてくるわけです。
実は、実は人の流れについてはもうちょっと別に出さないといけないんですけどねっていうのは基本計画にも円形では書いてありますけど、人様の土地んとこ触りますから彼は事業者としては書けないわけでしょ具体的にそういうところがありますので、この高速道路の問題についても同じような高速道路と敷地内通路との関連も含めて、これを一体的にやるっていうのも、区側だから言える。
言える。
車だから周りの事業者にも東京都にも言える。
そういう部分をきちっと言っていきたいと思っております。
そういう形の働きかけをしております。
今後もそういうふうに働きかけをしていきますし、これはいいのは、委員ご指摘ありましたよ。
最終的には組合ではもうちょっときちっとした要望書を出すということもあり得ると思っておりますからその辺は調整をさせていただきたいと思います。
以上、会員はい。
ありがとうございます。
本当にいろんなところのチャンネルで調整協議、また検討していただいているんだなっていう、今ご答弁を伺いながら感じた次第でございます。
ただ、今までの経験の中で、逆に早く出して欲しいって望むと、今度は当然先方さんのお考えがありますので先方さんにとって、あの広域的な東京都全体を見た上での結論を持ってくるわけですね。
こちらがどうしてももう少し身近な上で見るわけですが、今言った通り、仮に本当出入口がですね、あたかも分担されるような形に本当ならないように、もう本当にまち協で聞いてても皆さん心本当心配なんだなっていう。
それを直接東京都に行って東京都からの同じ認識に立ってる姿を見せてもらいたいんだろうなというふうに感じております。
従ってこれまでも東京都の方にしっかりと王さんこういう会議に参加してもらいたいと申し上げておりますが、ぜひ地域の方が安心できるように体制を整えて、今ご答弁あった通りですね、しっかり取り組んで前に進めていただきたいと存じます。
それからですね。
場内、交通結節点なっていくという形になっております当然基本計画にも描かれているわけでありますし、元々区が声を出してきた一つの取り組みだと思います。
この今の晴海線が当然しっかり決まっていかなければ、交通結節点等の交通結節機能自体も描けない。
段階ではあるんですけれどもこれまでのいろんなやり取りを見ててやっぱり心配なのは本当にさすが日本代表する築地の街の交通結節点だなって感じるようなですね。
結節点にしていただきたいなと思います。
それが築地の街の発展に繋がっていくだろうなと思います。
そこで、この交通結節点としてイメージしている交通ですね、いわゆる例えば地下鉄新線ですとか、今日、車の問題もあるでしょうけれども、特にこの人の流れという視点から考えたときの交通これはどういったものを想定した結節点を考えて、今、区としてイメージしているのか。
お考えを教えていただければと思います。
委員長。",2025/11/12,築地等都市基盤
と新再生推進課長,,2025/11/12,築地等都市基盤
水再生推進課長,"。
はい。
築地の開発内の交通結節点についてでございます。
8月に出されました基本計画の中でもですね、高速交通結節点について触れられているといった状況でございます。
その中ではですね陸海空といったことで具体的には陸上といったところでは、バスであったりタクシーであったり、一般車であったりと、また地下の部分ではですね地下鉄新線が新たに駅が作られていく。
さらには海側を見てみますと、やはり隅田川を活用した収入こういった場所が出来上がる。
また、空を見てみますとヘリポートであったりそのとき、車とこれは実際今後ですね、どういった技術革新の中でですね、進んでいくものというふうに考えておりますこういったものがですね、この場所で集結様々な交通を活用してこの場所に訪れることができるといった環境が整えられていくのかなというふうに考えております。
やはり交通考えますと、一つ一つの交通がバラバラに設置されるのではなくて、やはり1ヶ所にですね、ある程度まとまって様々なものに利便性を高めながらですね、利活用できるといった環境といったものが重要であるというふうに考えております。
そういう中ではですね今お話させていただいた交通がですね、この場所でしっかりと結集しですね、多くの方々が訪れることができるわかりやすい場所。
そういったサイン等も活用しながらですね、そういう場所になっていくこういったことが必要であるというふうに考えております。
事業者の方もですね現在この場所についてですね、具体的にどのように進めていくのか、計画していくのか、そういったところをですね、考えながらですね、設計の方を進めていると聞いております具体的なところを進みながらですね、またまち作り協議会などの場を通しながらですね、皆さんにお伝えしていきたいというふうに考えております。
以上でございます。",2025/11/12,築地等都市基盤
ちょっと整備部長,"、都市整備部長若干補足をさせていただきますと人の流れというところで、今先生課長の方からは、乗り物からの人の流れの方のご説明さしていただきましたけれども、人流という意味では、ここではドーム5万人のスタジアムができるということでございますのでこの人をどう流すのか、これがあの一番の課題だというふうに認識をしてございます。
一時の第1期の工事が32年に竣工するときに、先ほど多くの方からお示ししているデッキができていないと人が滞留してしまうのではないか。
これは区としても非常に切実な課題だという。
認識してございますので、そういう意味ではこのデッキが32年には必ず必要だという認識のもと取り組んでいるところでございます。
また、大津その後になりますけれども地下鉄の駅舎が駅ができたときの人流の流れそれから築地の場外からの人の流れ、また場外から場外への人の流れ、こういったものも非常に重要な視点だと思ってございますので、そのステージごとの人の流れというものを捉えながら、時々の人が滞留しないように、そういったところを視点を持ちながら事業者あるいは東京都とも調整をししながら進めていく必要があると思ってございます。
委員長。",2025/11/12,築地等都市基盤
田中委員,"はい。
大変ご丁寧にご答弁いただきましてありがとうございます。
おっしゃる通りで、やっぱりいいドームができるスタジアムができるというのが一番大きな課題だと思っております。
決算のやあの議論の中でもおっしゃっておられたのは、始まる時間帯が仮に6時と設定して、その6時にはビザぱっと集まるでしょうけれども終了した後っていうのは、同じような人の動きはなかなかしないだろうという。
お話がありました。
それが、あの場外であったり、また近隣の銀座等に地域の活性化に繋がるということも大事ですし、また治安等を問題ないようなスムーズな流れも大切かと思っております。
その今までもずっとそういった議論してきたんですが改めて思ったのがですね、やっぱりこの城内の跡地の交通結節機能が本当にしっかりしてることが、その中がまずしっかりしてることが大事なんだなと思った次第であります。
実は先日、行政視察の会議広島市に訪れてまいりました。
広島市では路面電車が駅の再開発でビルド再開発したビルの中に入っていくような、そういった新しい取り組みを押されているということでぜひ見たいなと思って行ってきた次第でございます。
そのとき思ったのが、新幹線の方から降りて歩いてたときにですね、本当に広いオープンスペースのもその先に路面電車がもうあるような状態の作りとなってまして、でもすぐ上には右に行けばJRもJRの改札も本当広くて、もうすごい利用し安そうな空間なってました。
とにかくそのオープンスペースなんですね。
路面電車に乗る前のオープンスペースもそうですし、JR乗る前のオープンスペースもあります。
人が混雑するだろうその辺りも本当に広く場所をとっておりました。
この築地飯野跡地は確かにいい全体環状2号線入れて23ヘクタール大きくは見えますけれども、いろいろ杭を打ったりいろいろしていくとなかなか制約が出てくるのかなと思うんですがそれでもですね、今ある大江戸線で今後の地下鉄新線、またあのBRTの伝説バスは厳しいかもしれませんけど通常のバスであればですね。
この接続してもしかしたら江戸バスも接続するのかもしれませんし、指定いただくんだと思いますけれどもその他にもタクシーとかって例えばすってのはあり得るのかもしれませんが、まさにその接続がですね、一つのこの不上下移動することなく、可能な限りワンフロアでできるっていうのはですね、これはすごい魅力的なんだなっていうことを本当に肌で実感してきた次第であります。
もちろん環境は全く広島市さんとは異なりますけれども、しかしながらこれだけ注目されたという値の私開発でありますし、やはり日本代表する開発の一つになっていると考えますので、ぜひ今までずっと議論してきた。
その大混雑だったり問題が出る前のその状態の中での交通結節機能をここ改めて事業者さんとこれまで以上にしっかり取り組んでいただきたいと思いますけれどもこの点のご見解いかがでしょうか？",2025/11/12,築地等都市基盤
推進室長年河清プロジェクト推進室長,"はい、構成交通結節点でございます非常にただいまの答弁申した通り、非常にこれだけの大きな開発というところでは、本当に重要な施設だと考えております。
また、積田側のところには主船着場も作りできますので、そういった意味でも隅田川から築地東銀座へと抜けるというところでも非常にあの交通結節点重要な位置づけとなってございますこの人流また交通というところで、あのスムーズにまた地域に影響がないような形で運ぶためにも非常に重要でございますので、これからの計画の中を事業者と打ち合わせの中ではそういう視点を持ってしっかりと進めてまいりたいと考えております。
以上です。
委員長。",2025/11/12,築地等都市基盤
中委員,"はい。
ありがとうございます。
本当にいろんな課題がたくさんありますけれども、力を合わせながら進んでいきたいなと私も改めて決意をしているところでございます。
引き続き、更なる取り組みをお願いいたしまして、質問を終わります。
ありがとうございました。
次の発言を願います。
委員長　小栗委員それでは質問をいたします。
まず築地市場跡地開発に関連してですけれども今各地で行われてる開発事業を見ても、どこもし資機材が高騰しているというようなことや、人手不足などもあって、事業計画がね、いろいろ見直しも必要になってきてると開発計画そのものが立ち行かなくなってきているというところも見られるような中で、この築地の計画についてですけれども、わんパークはタウンということで事業者の方方で出しているこの今のところの計画でいきますと事業費は9000億円というふうに言われておりますけれども、この事業費の中で、これはこの築地再開発の会社が請け負うこの地の中での事業費ということで、例えば高速道路とか、月積む都市の中での缶館長環状道路からのつつけた後のところ、道路中を走る道路そういうものの事業費などは、この9000億円の中には入っているけれども、高速とか地下鉄とかデッキとか、あの中央区が要望しているデッキとか。
そういうものは全然入ってないと、そういう理解でいいのかということを確認したいということと、この9000億円の中には、地下鉄とかは地下鉄が+高速道路は高速道路が出すということで、例えば国都の補助金とか、中国が財政の支援をするとか、そういうことは全然考えていないということでいいのかまず確認をさせていただきたいと思います。",2025/11/12,築地等都市基盤
都心再生推進課長,"はい、築地市場跡地開発の総事業費といったところでございます。
今現在基本計画出されてまして、そう事業費として約9000億だというところで事業者の方から示されている状況でございます。
そういう中においてですねどういったところが含まれるかといったところでございますが、再開発、今回の築地市場跡地開発これに関する費用が含まれているということで、今お話あった通りあの中のですね地区内の通路であったりとか、建物であったり、また今回人類をしっかり歩行者を流していくということで歩行者の動線となります昭和書通りをまたぐようなこういったようなデッキ、こういったところは事業費の中に含まれているというふうに考えておりますそういう中でお話ありました通り晴海線であったり、地下鉄新線といったところまだこちらについてはですね、事業者も決定していないといった状況でこちらの費用についてはですね、次事業者となるところが、しっかり負担していくところになってくるのかなと。
また、地下鉄についてはですね、整備する手法によってですね、その費用の価格との負担というのが変わってきておりまして例えば国であったり事業者なども負担の対象になってきますのでそういった中でですね今後どういった手法で整備されていくのか。
そういう中で費用の負担割合というのが決まっていくものと考えております。
以上でございます。
委員長　小栗委員使用橋通りをまたぐデッキはもう中で含まれていると、事業者がたってもう決まってるんですか、9000億円入ってるっていう。
今ご説明だったように、思えたんですけど、それの確認をさせていただきたいと思います。
そしてまだ計画がまだこれから具体化する段階なので、本当にこの9000億円で収まるとは到底思えませんけどどうなるかってことありますけれども、絶対ほっとくれ上がると思うんですよね。
今の計画だって膨れ上がるし、これでいろんな要素がもっと付け加えていけば、繰り上がるということになると思いますが例えば今、実際行われている。
土壌汚染対策、そして埋蔵物の調査それについても東京都がやるってことになってますんで、委員長　200億円予算を市長会計からこちらこの人だったっていうことなんですけども、今その土壌汚染と埋蔵物調査の金額、予算が1450億円になってると7倍になってるということが計画の中で示されています。
本当に莫大な費用がかかっていくということになると思うんですけれども、この辺の、何て言うんすかね、費用の面での懸念といいますかねそういうものについては、どのようにいい考えているのか。
お示しいただきたいというふうに思います。
吉田部長作るところが9000億円ですよというお話でございました。
実態的にそこ高速道路や何かっていうのはもちろん高速道路や地下鉄というのもね、ついては、事業体が出すということでございまして、この開発事業の90億に含まれるわけではありません。
それから、あのそういう意味で言うと意見は一致しますけど、金額は相当膨れるだろうしかつ、これは我々がはっきり申し上げますが、今、Cを足の上に別居をかけると言っている。
かけなきゃいかんと私どもは言ってそうじゃないと交通処理ができないというと、その部分については9000億円入ってないと思いますから事業者がちゃんと作れよっていう話でございます。
我々としてはそう考えてですから、そういうものを付随したもの、これから改善をしていくものというものを加えていきますと、相当なところ、金額は増えていくだろうなというふうに思っております。
委員長　小栗委員財政的にも大変規模が大きくなって大変だということもありますしそういう財政の面から見ても、私は今のこの計画自体をもっとコンパクトにっていうか、費用負担がそんなに重ならないような、何か超高層オフィスはやめるとか、そういうことも含めて考えていくことがやはり必要ではないかというふうに考えております。
先ほど質疑の中で、皆さんからの提案で過不足があれば、ぜひご提案お話あったんですけども、新しいたちはいえ、あの前から言ってますけれども、この計画全体をもっとコンパクトなものにそして緑や公園を中心としたものにもっと大胆に見直しをして、前から言ってますけど楊公園のせっかくの史跡を生かすそういうものを復元することも含めて、そういう計画に大胆に変更見直しをすることがいっぱい必要ではないかということを改めて提案。
あの要望があればっていうことだったんで、お伝えいたしますけれども、そういうことを含めてちょっと考えていかなくてはいけない。
もう勝ちとしたこの超高層ビルを中心とした5万人もの規模の人をどうやってサッカーっていうのが本当に大変な事態になりそうな中で、お金もどんどん上がりそうな、そういう計画になっている。
そのこの事態をやっぱりちゃんと地に足をつけたものに見直していくことが必要ではないかということを強く申し述べたいというふうに思います。
次に、日本橋室町1丁目地区の件で質問をしたいと思います。
これはもう既に区道廃止の手続きが議会でも議決されて、今、解体工事も着手されようとしているような状況にありますけれども、この問題について2月のこの築地のこの委員会で、私があの区道の廃止について、周辺の住民に対して、これまで説明会が開かれていたのかという点を質問した際に、まち作り基本条例というそういう条例の中で、計画の概要が固まってきた中で、地域の方や代表者の方に対して、計画の説明会を行っていると後年、再生特別地区の中でトップの説明会ということでもやっているとその主を都市計画の手続きの中で、縦覧などを行いながら説明会をやってるということで、説明会はやってるんだというご答弁でした。
ですが、実際に地域の住民の方や、市周辺の方も含めて、そういうきちんとした区道廃止の説明会行われてないんじゃないかというようなあの声もずっとあって、審査請求もされてる方もいらっしゃるんですけれども、その中で、区道廃止について説明会はやっていなかったということを多くも認めたというふうに聞いてます。
これについても私も質問したときに説明会やってるっていうお話だったんですけども区道廃止についての説明会はやってないということに大町区も認めたということなので、この点はどうなっているのか。
まず説明をいただきたいというふうに思います。
委員長。",2025/11/12,築地等都市基盤
街作り事業担当課長,,2025/11/12,築地等都市基盤
街作り事業担当課長,"。
はい、室町1丁目の再開発のあの区道廃止に関するご説明というところでございます。
審査請求のことに関しましてはこの場でお答えを差し控えたいと思いますけれども委員が今お話された区道廃止の説明会いわゆるこの名前の通りの説明会というものは確かに区としてはやっておりませんけれども、先ほど委員もご説明いただいたようにですね、区としましては、これまで工藤方で手続きをしているまち作り基本条例の例えば区と区民の協議、また都市計画手続きの中でのご説明こうした中ではきちんと計画概要さらには都市計画の図書これも再開発事業の方の図書の中でも道路の部分に関する記載がありまして、そうした当初のご説明をする中でも、いわゆるこの斎川座街区再編を伴っての再開発であって、こういうふうに道路の改変がされるんですよみたいな、そういったものをですねきちんとご説明をしているというところで私どもはこれまで区道廃止に関しましては、これはどの地区も共通指定でございますけれどもきちんと区としては説明をしてきたというところでございます。
また、併せまして民間の事業者は区民事業者の方もですね、当然トップ提案の例えば説明会さらには都市計画決定以降の組合設立以降ですね、その中では十分権利者の方関係者の方にも都度ですねご説明をしているというふうに伺っておりまして区の方も丁寧に説明するよう指導しているところでございますのでなおこちらにつきましてはきちんと説明してきたという状況でございます以上です。
委員長　小栗委員説明会の資料も見ますと、貫通道路になりますみたいなねそういう表記があったりしてこれ道路が付変わるのかなっていうそういう説明にはなってますけれども、工藤派は廃止されるんですっていうそういうはっきりした説明ふうに私もこれではわからないだろうなというふうに思ったんですけれども、区道そのものの廃止についての説明会っていうのは、区はやらないということになっているんでしょうかその度に都市計画のかかった地域の説明会としてはこういうふうになりますっていうのはわかりますけれども、それに伴って、この、この大切な区の道路は廃止されるんですよっていうそういう説明を区がきちんと行うということは、分けてちゃんとやってるのかという点をもう一度確認させていただきたいと思います。
委員長。",2025/11/12,築地等都市基盤
町作り事業担当課長,、。,2025/11/12,築地等都市基盤
まち作り事業担当課長,"。
はい。
宮藤廃止に関するよる単独のご説明というご趣旨だと理解しておりますけれども、黒羽医師の説明会をしなければならないといったような規定というのはそもそもございません。
あの区といたしましてはむしろ区道廃止そのものだけのご説明では、やはりなかなか理解しづらい部分だと思ってございます。
私ども区としてですね全てにおいて同配信認めていきますということでスタートしてるわけではなくて、きちんとやはり再開発の必要性またそこで実現するべきものそういったものを置きしやっていくために街区再編76度を廃止をしながら街区再編してこういう再開発をしていきますこういう施設機能を新しくきちっと作って街を更新していきますということを一緒にご説明をしないと、やはりこれはなかなか理解がしづらい部分だろうというふうに認識してございますので今のご質問の部分でいきますと工藤羽石嶽の部分での説明会っていうのはする予定はございません。
以上です。
委員長　藤委員それだけ単独でやっても逆にわかりつらいつらいっていうこともあるかもしれませんけれども、ちゃんとくんの責任でその再開発のあの事業、事業者が説明するだけではなくて区が関わるその区の管理する道路を廃止することになるんですっていうことをきちんと説明をし、理解も得られるように皆さんのちゃんと説明会の場もきちっと持つということが私は必要だというふうに思いますし、他の区ではちゃんとやっているというふうに聞いているのでぜひその辺はあの改善をしていただきたいというふうに思います。
この保険に関連して区道の廃止の執行を停止して欲しいっていうそういう要求に対しては、既に通行の通行の用に供しているから、執行停止はしないと、そういう回答だったということです。
つまり駆動を廃止して通れなくなるようなことをやめて欲しいっていう。
要望に対して、まだちゃんと通行の多い通行できるようになってるから、その御要望は認められませんよと、そういうことだというふうに思うんですけれどもそういう理解でいいのか。
通行の用に供しているなら廃道にする条件一般に供する必要がなくなったというそういう条件に逆に当てはまらないということになるのではないかと思いますけれども、この辺についての見解をお伺いしたいと思います。",2025/11/12,築地等都市基盤
議長環境部参事官共同副参事,"。
はい。
道路の移動の手続き等についてですけども、道路管理者として道路を管理する必要性がなくなってるっていうところで言うと、一般のように、競争力その後ですね、今回の場合で言いますと、異動後事業者の方の元管理がそのままなされ、いずれ事業の中でですね通行止めとして一時期通行止めになるということもあるとは思いますけども、肺臓した後ですね、約2ヶ月間は区の方の管理のもと占用物件の整理だとか、そういうものを行った上で、2ヶ月後、そういった間でですね、あの事業者に引き継いでいくということで、そのまま今現在は利用者の方の管理のもと、存在してるというところでございます。
以上でございます。
委員長　森委員今はまだ通れますけれども、12月1日から封鎖されますというそういうお知らせが出て通れなくなるということになっているようです。
この問題でお伺いしたときに、工事中も人が通れるくらいの通路はできますよって私聞いたような気がするんですけども、もう全部この町工場のあの部分を閉鎖してしまって、使うと業者の方が使うということに成っていて、とても不便だし、そんな話聞いてないという不安の声もね、広がってます。
なのでこの点でも問題があるのではないかというふうに思いますけれども工事中もう人があそこはあの広い広いというか。
室町工事っていうね重要なこの名前もついてるような道路なので、きちんと工事中も票が取れるようにしてしかるべきではないかというふうに思いますけれども、今の計画で言えば、な、何年間で何年間と、あの通行ができないのかということも併せてご答弁いただきたいというふうに思います。
委員長　街作り事業担当課長街作り事業担当課長はい。
12月から封鎖されるというところのお話ですけれどもちょっと最新のですねこちらの組合の方でどのように今その工事考えてその封鎖してっていうのはその考え状況につきましては確認をさしていただきたいと思っております。
しかし、区といたしましてはどの地区も共通して、やはりあの工事っていうのは周辺の方々にやはり影響が及ぼすものでございますのでそこはまず安全性も含めてですけれども、丁寧に例えば海がどうなってですとか、どういう時間帯でどういう車両がどういう影響があるかっていうところについては、丁寧に皆さんにご説明するように指導してきているところでございまして、こちらの月につきましても状況をちょっと確認させていただきながら、こちらの部分については指導を押していきたいというふうに思ってございます。
以上です。
委員長　小栗委員マクドの廃止を含む、そういう再開発の計画中国では各所で行われていますけれども、御説明会きちんとした説明会はもとより、区民の意見や周辺の人たちへの多い意見の聴取などもきちんと行う民主的な方法でそういう計画、まち作りを段取りをちゃんと踏んでやっていただくというのが当然だと思いますので、その辺できちんとした方法でやっていっていただけるように強く要望したいというふうに思います。
そういうそこの道路が使えないということも含めて、そういう、どういう工事になるかという説明会はやられているという。
ことでいいのか。
としてどのように認識されているのか、その点だけ再度お答えいただければと思います。
委員長。",2025/11/12,築地等都市基盤
街作り事業担当課長,,2025/11/12,築地等都市基盤
街作り事業担当課長,"。
はい。
先ほどもご答弁させていただきましたけれども最新のですねの状況につきましては、後ほど確認利用させていただきたいと思いますけれども、しかるべきタイミングできちんと組合の方には関係者の方々に丁寧にご説明するようこれまでも指導してきているところでございますので、引き続きそのように対応していきたいと思ってございます以上でございます。
小栗委員今までもどの再開発の同区道廃止でもその問題に限っての説明会は中国ではやってこなかったということでいいのかその点だけもう一度確認をさせていただいて他の区ではきちんとやっているということを聞いてますので、ぜひその辺は改善いただきたいと思うんですけれども、今までも全然その区道廃止を伴う計画について、区、それに特化した。
ていう角度の廃止をきちんと説明するための説明会は開かれていなかったのかという点についてお願いしたいと思います。
委員長。",2025/11/12,築地等都市基盤
街作り事業担当課長吉藤事業担当課長,"はい。
工藤羽石のご説明というところでございますけれども、繰り返しで恐縮でございますが、やはり自治体によってですね先ほど王委員がおっしゃった区道の廃止の名前の通りのその単独の説明会を開くのか。
私ども中央区としては先ほどご答弁しましたように、やはりわかりづらさもありますしそこは丁寧にという観点でですね、再開発そういう計画も含めて、総合的にご説明をさしていただくそれは自治体の判断だと思ってございます。
中央区といたしましては、これまでの再開発もそうですけれども、ぜひ区道を単独での区道廃止に関する単独のご説明というよりかは、これまで通りですねしかるべきその手続きの中できちんとその丁寧に計画概要を含めて総合的にお伝えをしていくそれであの理解を求めていく、このような形で進めていくものでございます以上です。
委員長　小栗委員丁寧にやってきたというお話ですけれども、やはりあちこちの開発の中でも、なかなかどういう開発が行われるのかっていうのがもう、計画が決まってからでないときちんとそうした説明会も開かれないというようなことで、いろいろ地域の中での問題ななども引き起こすような事態も各地で起きていますし、きちんとした説明とかもちろんなんですけども、そういうまち作りの進め方についても、きちんと丁寧にやっていていただくように求めて質問は終わりたいと思います。
ありがとうございます。
次の次お願いします。",2025/11/12,築地等都市基盤
葛原委員,"はい。
参政党の黒原ですよろしくお願いいたします私からは2点都心臨海地下鉄申請線についてとあと駐輪場について伺いたいと思いますまず新鮮でございますが先日の大会が開かれまして改めて一致結束して、皆で盛り上げていこうということで良いか良い大会だったのかなと思っております。
また、一層より関係者が集まるようになればいいのかなと思いますが会の中でも毎回あるんだと認識しておりますけれども、あの早期実現を目指そうということでですね、2030年を目指してやれば、実行としては目標の2040年というところに達するのではないかというご発言もありましたですね先ほど全員からも築地再開発の方でお話がありましたけれどもやはり現実的には資材高騰であったりとかですね人材人手不足というようなところも含めて区自体もですね再開発計画見直しが要るんじゃないかというようなご発言もある中でですね、この非常に大きな話がですねどれほど実際に目標に向かってやっていけるのかというところの現在の所感をですねぜひお聞かせいただければなと思っております。
国家プロジェクトということに相当すればですねもちろんその方向になるかと思いますがあの資金面については逆に、むしろは国がかなり支援そういう方向になればですね、支援していただけるのかなという淡い期待はありますけれども、やはり実際の工事ですね。
このこれだけの大規模なものをですね、私としてはやはりその晴美のことを考えます本当に早期にやらなければいけない案件なんだろうなということは大変大きな期待をしておりますけれども、現状の区としてのですね、直近のこの環境変化におけるですねしか申請の今後の行く末といいますかちょっと言い方悪いですけれどもぜひお考えを聞きたいと思いますお願いいたします。
委員長。",2025/11/12,築地等都市基盤
交通課長,,2025/11/12,築地等都市基盤
交通課長,"はい。
地下鉄審査についてでございます。
地下鉄審査につきましては、やはりですね晴海であったりかちどきそういった臨海部方面の人口が増加する中で、今、例えば晴海通りを通っているとバス、そういったものが大変混雑しているとそういった状況をやはり改善するには、根本的にはやはり地下鉄申請のような大量輸送機関、これが早期に開通させる、それが急務であるというふうに認識してございますそういった中で、先日のその推進大会の中でも、やはり2030年代を目指していくそういった強い言葉は区長の方からもあったというところでございます。
そういう中でですね、やはり委員の方から今お話あった通り、地下鉄申請については元々令和6年に出している東京都の失礼しました。
東京都の事業計画案、この中でも、5000億以上の資金がかかるというような事業計画案こちらも出されてございます。
それをですね、やはりその金額をですね、今後東京都の方でしっかり精査をされるというふうに思っておりますけども、やはり近年の資材高騰の中で、その金額というのも上がってくるものかというふうに認識しておりますそういった中で、どういうふうにその地下鉄新線の事業スキームをしっかりと組み立てていくのか。
そのあたりは、現在東京都の方でも検討しているというふうに聞いてございますので、そういったところをしっかり注視しながら、着実にですね地下鉄申請ができるように、引き続き東京都の方に働きかけていきたいというふうに考えてございます。
以上でございます。",2025/11/12,築地等都市基盤
倉原委員,"はい、ご答弁ありがとうございました。
あのとの方のですね働きかけも、より一層していただくということで、ぱもちろん、染前明言できる話ではないと重々承知してはおりますので、なかなか難しいとは思いますがやはり現実的にどこまでやれるんだというところがですね、今後の晴美のありようにも大きく関わってくるのかなという思いはございますので改めてですね、多くの方を巻き込みつつですね特に国については早々に動いていただくという流れをもちろん、常日頃されているという認識ではございますけれども、改めてお願いをしたいと思っておりますよろしくお願い申し上げます。
ちょっと蛇足的な話ですけれども、私から見ますあくまで私から見ますとですね今ご答弁にもありましたようにですねやっぱり春木の地域って私は結構交通的には本当に不足しているというかいわゆる区民の方が生活圏内としてですね、出勤についてはBRTが使えるという要素があっていいのかなと思ってるんですけれども。
日々の生き甲斐であったり街そのものがですね単独でまだまだ成立する生活用品ですとかそういったところの調達も含めてですね、晴海よりはやはりちょっと外に出ていくというところがですね必要なのかなと感じております。
そうしたところはですね電車ができるできないっていうところがですね本当に大きな影響になるというふうに多くの方がさらに望んでおられるようになるという環境作りにすると、もちろん皆様、ご認識の通りだと思いますけれどもぜひそうした環境がですね早期実現するように改めてお願い申し上げたいと思います。
失礼いたしましたそれからですね駐輪場についてでございます。
こちらの報告事項にはありませんでしたけれどもさっきの11月7日の環境建設委員会で八重洲の方でですね、整備課されるということをご報告いただいて、久世でこちらにつきましては、区立ということでですね建てるということで、この自転車の利用というものが私もよく使って、日々使っておりますのでやはり区の活性化の一つにするのかなと思いますけれども今後予定しているこの駐輪場の整備ですね、かなりもうちょっと所管から外れるかもしれませんが自転車活用推進計画等を見ますとかなりポイントポイントには既に整備されているのかなと思いますけれども今後のですね、動きといいますか、予定されている場所ですとか、そういったところがあればですね改めてお知らせいただきたいと思いますお願いいたします。
委員長。",2025/11/12,築地等都市基盤
交通課長交通課長,"はい。
駐輪場についてでございます。
先般行われました環境建設委員会の中でもご報告させていただいただいているんですけども八重洲1丁目の方でですね、開発事業と合わせて、八重洲1丁目地下駐輪場というものを整備してございます。
こちらについては令和8年の4月の供用開始を目指して、今調整をしているところでございます。
一方でですね今後他のところで駐輪場の整備というところなんですけども周辺のですね再開発事業に合わせて、そういう開発事業事業の中で、公共的駐輪場ということで、あくまで民設民営の駐輪場ではあるんですけども、区の働きかけのもと、各駐輪場を作っていただいているというようなところがございます。
例えばですね、ずっ先ほどの八重洲の周辺ですと安い。
八重洲2丁目中地区という開発事業が行われているんですけども、この中でも公共的駐輪場というものを、今、250台ほどですね、確保すべく、協議調整の方しているところでございます。
以上でございます。",2025/11/12,築地等都市基盤
倉原委員,"はい、ご答弁ありがとうございました。
民設民営の方もですね進めていくというか要請していくということで私日々自転車使っていますとですね一時利用の駐輪場っていうのがもっとあるといいなというのが率直なところでして特にですね来年度4月からまた自転車の違反といいますか、法令の方もですね罰則も厳しくなるという環境もある中でですね、彼、正面から見ますと、自転車持っていくのは本当にできるのかなと心配になるぐらいですね。
簡単に切られ安そうだなという印象があります。
駐輪場自体はですねそれそのものというよりかはあくまで違法駐輪ということで撤去される可能性があるということであるんですけれども、中央区の中でこの自転車活用というものを進めていく中でですね、やっぱり単純に止めれる場所が明確にあるというところが特に地上においてですね、整備されているとよりいいのかなと思っております地下は土地ですと単純に入口がなかなか区民の方に伝わってないみたいな話もあるようで、利用率を見ると、そ、そこがやっぱり使われてないという話は過去のご指摘というか質疑の中でもあったように記憶しておりますので、ぜひそうした充実をですね、改めてお願いしたいと思いますし、でき、七條ということは私からも申し述べさせていただきます。
以上で質問を終わります。
副委員長の発言議題とし再生のまちづくりおよび基盤整備等に関すること並びに築地市場跡地における月井地区まちづくり事業に関することについては、継続審査ということでよろしいでしょうか？第4回区議会定例会における委員長報告の取り扱いについては、正副委員長一任ということでよろしいでしょうか？はい。
はい。
これをもちまして、築地等都市基盤対策特別委員会を閉会とさせていただきます。
ありがとうございました。",2025/11/12,築地等都市基盤
防災危機管理室長,,2025/11/14,防災等安全対策
防災危機管理室長,"はい。
私からは資料1、中央安全安心メールによる防犯情報の配信状況等についてをご説明いたします。
失礼いたします。
防犯、地震や気象に関する情報を区民等へ配信しております。
中央安全安心メールの登録登録者数や配信状況等を報告するものでございます。
まず1の登録者数でございます。
令和6年度末における登録者数は7000人となっており、前年度末に比べて555人の増となっております。
情報種別登録者数につきましては、最も多くの方が登録しているのが、地震情報で81.0%次いで防犯情報が76.8%気象警報注意報が69.5%、以下、表に記載しております順となっております。
また、言語登録者数につきましては61人で銀行別の登録者の内訳は記載の通りでございます。
次に、2の防犯情報の配信状況でございます。
令和6年度の配信件数は117件で、前年度と比較すると21件の減となっており、振り込め詐欺の減が主な要因でございます。
配信内容は、還付金詐欺などの振り込め詐欺が82件で最も多く、次いで不審者情報の25件となっております。
今後とも、区民の安全安心に向けて積極的な配信に努めてまいります。
私からの説明は以上でございます。",2025/11/14,防災等安全対策
都市整備部長,"私からは資料の2、中央区耐震改修促進計画の改定についてをご報告させていただきます。
座ってさしていただきます。
恐れ入ります適宜拡大されてご覧をいただければと思います。
1の改定の経緯ですが、区では、国や都の動向を踏まえ、5年ごとに計画の改定を行っており、令和3年3月の改定から5年が経過することから、今年度末の改定を行うものでございます。
2の改定の概要ですが、大きく3点ありまして、一つ目が令和12年までの5ヶ年計画とし、建築物の種類ごとに耐震化の目標を再設定いたします。
二つ目が、近年の地震による被害を踏まえ、2000年基準の施行以前に建てられた住宅も含めた耐震化の目標や、特定緊急輸送道路沿道建築物の耐震化の目標を新たに設定いたします。
3点目が、2000年基準の施行以前に建てられた木造住宅および木造建築物に対する支援を新たに追加するとともに、新耐震基準の施行以前に建てられた住宅や緊急輸送道路等に係る建築物に対する支援を拡充してまいります。
3の耐震化率の現状と目標の変化ですが、一番左側の令和2年の策定時期と比べ、中ほど、令和7年時点では、耐震化率はいずれの項目も上がっていることがうかがえます。
また、その右側、今回の改定目標ですが、もう一つ右側の東京都の目標設定を踏まえつつ、本区のこれまでの進捗勘案して定めてございます。
恐れ入ります。
1ページ、2ページ目を御覧ください。
4の耐震化に対する支援ですが、記載の4点について、今回の計画に盛り込み、来年度からの予算化を検討してまいります。
5の耐震化を促進するための環境整備ですが、耐震促進協議会の運営による普及啓発を初め、アドバイザー派遣、パンフレットなど様々なツールを活用しての普及啓発都費の活用など多角的に取り組みを進めてまいります。
6の今後のスケジュールですが、パブリックコメントをこの後実施の上、今年度末に計画の改定を予定してございます。
その次のページ、参考ですが、中央区内の耐震化の現状として、現行計画に対する達成率等をお示ししてございます。
また、その次のページには、別紙1として今回の耐震改修促進計画の素案をさらにページ進みまして30ページ目には、別紙2として、中国住宅耐震化緊急促進アクションプログラムの素案を掲載してございます。
後ほどご覧いただければと思います。
資料2の説明および私からの報告は以上です。
ありがとうございます。
それでは、発言の持ち時間制につきましては既にご承知の通りですので、よろしくお願いします。
ただ、いまの時刻は午後1時36分です。
自由民主党71分かがやき中央37分立憲民主党無所属37人、公明党37無所属無会派は10分となります。
それでは質疑に入ります。
発言を願います。
青木委員それではいくつかお尋ねしてまいりますよろしくお願いいたしますまずは、技術報告にありました中央区耐震改修促進計画の改定についてということで、確かに読むの大変だったんです。
ですけれども読んでみまして、やはり一番大事なのは、最初に出てくる資料2のページだと思いました。
ここでですね、現行の耐震率改定案が出ているわけですが、その中で、住宅住宅についてはほぼ95%前後ありますので、安心できる数字かなとは思っておりますが、民間特定建築物こちらが大勢の方が民間特定建築物ですね多数の方が利用する建築物学校や病院などとありました。
こちらがまだあの数値が令和2年の時点で87.7%でこのときの目標が令和7年までに95%でした。
先ほどのご説明の中で上がっていると、数値は上がっているとは。
味をご説明ありましたが、87.7%から88.4%、令和7年で88.4%ですので、それほど上がってはいないのではないか。
要は、この目標である95%、令和7年、今年までの目標であった95%これが新たに令和12年改訂案として、令和12年に95%ということですので、平たく言えば、この目標95%を5年間先延ばしにする。
のかなというふうに捉えたんですがその点はいかがでしょう。
そして今の時期ってね人件費の問題ですとか大変なことは理解はしておりますが、このあまり民間特定建築物において、体験率上がらなかった理由などを教えていただければと思います。
委員長。",2025/11/14,防災等安全対策
建築課長建築課長,"はい。
民間特定建築物の耐震化についてのご質問ですそのご説明の通りご案内の通りですね民間特定建築物については多数の方が利用する建物のうちですね。
あの規模が大きいものを延べ床面積で1000平米超えたり改正等についてはその建物用途ごとに定められているところでございます。
こちらの方はまさにご案内の通りですね伸びについては、令和2年のときから令和7年にかけて0.7%というような0.7ポイントの伸びというようなところに今住宅に比べれば少しまとまっているかなというところがございます。
まず目標設定の考え方についてです95%現行の計画でも95%としておりますし今まさに素案を超えて報告させていただいているものについても95%としております。
まず一つはですね東京都との整合を図っているというのが一つございます。
東京都の方も現行の計画の中で95%というものを目標として定めていると区としても全体でそれを目指すのであれば、その人も区としてもですね95%という目標を掲げながらその達成に向けて取り組んでいくべきかなというところでこの数字の方でしたというところでございます。
この目標についてもですね達成できる目標という形で設定しているというよりは、やはり目指すべき目標として設定しているというところがございます。
ですので例えば伸びが0.7ポイントしか伸びてなかったから5年後は、例えば88.4%に0.7ポイント、おおたした数値っていうのが例えば現実的といえば元気かもしれないんですが、やはり目指すべきは島全体でやろうとしているそれに対して区としてもしっかりその一翼を担うような取り組みをしていこうというところで、95%という目標を立てているところでございます。
もう一つ伸び悩んだ理由というところでございます。
区の方では様々ですね耐震化についての御支援策の方を用意しているところです。
やはりこの支援策もですね一般的な住宅人がお住まいになるところと、あとはそれ以外の非住宅というところでですね、同じ女性というよりはですねやはりまず住宅の方、人が住み暮らしているそこにしっかり言い当てていくというところで少し支援の程度が異なっているという具体的に言いますと、耐震助成についてはこちらの方でしっかり女性の方させて非住宅についてはさせていただいてるところなんですがその改修工事につきましては、まずは住宅の方はしっかりやっていくというところで住宅については、工事に対する助成を行っている。
それがまだこの非住宅に対して工事費まで助成するというところには至ってないというところでございます。
一方で当然耐震化を図っていくことは大変重要ですので、様々な機会を捉えて中でですね耐震化についての啓発だとかあと働きかけというものを民間特定品地区別についても行っているところとなってございます。
以上です。",2025/11/14,防災等安全対策
青木委員,"おっしゃる通り、住宅が重要である。
区民の方住んでいらっしゃいますのでなのでこの住宅についてはほぼ95%を超えている。
この点については私も素晴らしいと思います東京都の目標が民間特定建築物ですね。
東京都の目標が95%ですので、同じに設定したというご説明もわかりますが、住宅の方まで、住宅の方でこれだけ耐性率を上げることができるというノウハウが中国にはあるということですので、今度、次はですね、民間特定建築物の方もしっかりと数値を伸ばして5年間でいただきたい。
ちょっと気になる表現がありまして目標目標であり、達成しなくてもいいとおっしゃいませんって言ったら、目標っていうのは達成すべきものだと私は思っています。
毎年、あの皆さん、年の初めに目標を立てて、それを達成するために区も皆さんも頑張っていることと思いますので、ぜひ5年後には達成をして、いただきたいとエールを送りたいと続きまして、所属昨日Fインフルエンザについて、なフットが警報基準を超えたとして、13日昨日流行警報を発表しましたこの流行警報というのは、出るものなんですが、これが11月に出るのは2009年以来16年ぶりということで、やはりあのニュースなどでも度々言われていましたが、インフルエンザにかかる。
方、あるいは波というのが早くやってきたということは言われておりましたらこうして現実的に数値として11月に警報が出るのは16年ぶりということで、私達もできることは注意を個人的にもしなければいけませんし、区民の皆さんに訴えていくところは訴えていく広報に力を入れていくなど様々な対策がまた重要になってくると思います。
そこで、現在の中央区内のインフルエンザ罹患率、それから学校ですね。
これでもどれくらいの子供たち保護者の方から学校が休校になったっていうようなことは、クラス単位です。
耳にすることはありますが、数値として教えていただければと思います。
保健所長今お話がございました通り東京都では45週11月3日から9日の発生動向調査において、警報基準を超えたということでさく事実、プレス発表があったかと存じます。
中央区の方では、現在、定点あたり16程度の報告数で東京都全体から見ますと、比較的少ない方のほ報告件数となっております。
実績この警報なんですけれども、インフルエンザの警報は定点当たり30人以上で1週間で報告があった。
という場所がその基準を超えた保健所の管内人口の合計が東京都の人口全体の30%を超えたときに発令されるというルールになっておりますので、中国はまだその基準に達していないという状況でございます。
集団感染の方ですけれども、4月1日以降11月上旬までで、インフルエンザは小学校では18件18施設ですね。
保育園では8施設幼稚園では3施設、中学校では2施設で、集団発生、また学級閉鎖等が報告されている状況でございます。
青木ありがとうございます。
保健所から数値を公表されておりまして、以前は週をまたいで週末をまたいで翌週に出されていた数値がその週のものが金曜日に出るようになります。
土日の休日診療に役立てることができる、あるいは各家庭でもそれをもとに対策をとることができできるということで、金曜日につまり今日ですね、その結果について出していただけるようになったことは発生動向調査週報ですね。
正確には中央区感染症発生動向調査週報、これが10月27日から11月2日の分が今日既に出ているということでこれは私達の会派としてもお願いをしてきたことですので、大変有難うございます。
その中身ですが、今城をご答弁を聞いた感じではちょっとあの期間があまり感じられなかったいつもそういう状況にもっとすごい状況も経験していらっしゃるのでそうなるのかもしれませんが、やはりですね、普通に都が警報を出したと。
11月に警報が出るのは2009年以来16年ぶりとなるとかなりやはり普通の人は危機感を感じるものですので、その点はしっかりと皆さんに危機感を煽ることだけが重要ではありませんが、そのために予防をしっかりとやっていきましょう。
というようなことをまた改めて保健所の方からも呼びかけていただきたいと思います。
確かに、この表を見ますとこの山ですねピークになる山が2ヶ月早い。
インフルエンザですが、2ヶ月早いということがわかります。
これ私が見てもわかるようなグラフになっていますので、ぜひこれ発表されていますので、皆さんにもおすすめしたいあの議員の皆さんにも確認したいと思います。
出してくださいありがとうございます。
それではインフルエンザですね。
防災拠点のことについていくつかお聞きしてまいります。
委員長　特別委員会は今年は今日が最後ということですので、ちょっと今年をまとめてということで年度末にもまたまとめはあるかと思いますが防災拠点運営委員会ですね、区内に24ヶ所ありまして、運営委員会を開く。
回数ですとかあとは訓練、この時期なども、それぞれの24ヶ所それぞれの防災拠点で違うようです。
いずれにしましても、防災、訓練は終わっているようですので、ちょっと1年を振り返りまして、何か気になることあるいは今後の課題などありましたらお伝えいただければと思います。
委員長。",2025/11/14,防災等安全対策
3次総務部参事,"はい、防災拠点運営委員会の活動についてでございます。
今ちょっと一点まず前提として、24委員会ではなく24施設、22委員会でございます。
今ご案内の通り、各委員会とももう本当に訓練真っ盛りということで実は212月の7日が最終の訓練日になってるのでまだ道半ばというところでございますが多くの拠点訓練は実はもう半分過ぎてるというところでございます。
今ちょっとですねいろいろいくつか課題感を持ってるのは当然我々今年よりも来年というところの部分の視点を持って振り返り等してございますが、まず一つはですね、今、委員の皆様方の意識がやはり相当相対的な上がっている。
それに応じてですね防災拠点運営委員会では住民参加の訓練と委員訓練を分けてやりたい。
いいはいいんでそれぞれきちんと自分の持ち場だったり自分の役割を委員訓練の中で特に拠点の開設から始まって、拠点本部の立ち上げ、そして学校長での施設管理者である学校長副校長先生との連携というところを、実訓練場の中に反映して、やっぱ土木んだということを確認したいというところが、広がりとして見てミシミシということであります。
我々そこは当然のことながら質一体となってですね、支援している中で、やはり我々が持っている知見といいますか見方行政としての見方であったりあった方がいいというところもやっぱり職員共々ですね、委員訓練に良い方策服着てですね、参画しながらっていうところの話を実はしてます。
なのでそこのまず消防の動きというところが少しちょっと一段ギアが上がってるといいますかちょっとそこがこれからちょっと毎年そういうふうな形の訓練を重ねることによって、習熟度の高まり、皆様々な役割がある種広がりとして出てくるところを期待しているというところでございます。
それから一方でですねここも従来からご案内している通り、防災拠点のメーカーの委員皆様方がある種固定化してきたり、高齢化しているというところ今委員訓練の話しましたけど、実は委員の中の皆様方にも必ずしも自分が本当にさっさと走ってまでは言いませんけどすぐさま拠点に駆けつけられるかわからない。
なぜ高齢だからさっていうところの話は実は聞こえてきます。
それとやっぱり自分のご自身のマンションマンションという以前に55地震それからご家族の確認とともにマンションの点検確認をしながら拠点に向かうというところのオペレーションはやっぱ実際上イメージされておりますので実はやっぱり委員の数そのものをやっぱり少し拡充していきたいという動きも実は出ております。
やっぱ委員はなるべくそこは共通理解として町の防災の担い手として、数多い方がいいというところも含めましてというところで、実はそこの部分も我々聖域管理課として何か手伝えることっていうところの支援を考えているところでございます。
最後はやはりちょっとどうしてもそこはやっぱり我々気になるのは、いかにその少ない人数で最大限の効果的な消防対応できるというのは皆様方の共通の話でございますので、これはマニュアルというところと、例えばアクションカードみたいなコード支所みたいなところをやっぱきちんと配備しながらというところですね。
皆様方とお話し合いというところの話を今現状しているところでございます。
いずれにしましてもこの各拠点のそれぞれの地域性さらには委員の考え方、あるいは委員長からみたいなものもございまして、我々そそこはもう本当に各拠点のご意見にきちっと耳を傾けながら寄り添ってですね、やっぱ本当に伴走して我々地域防災力の強化を日々職員証なってですね、図っているとを図っていきたいというふうに考えてるとこでございます。
以上です。
青木委員どうもありがとうございました。
大変勉強になります最初におっしゃった。
委員を増やしていこうというのは、実は私自身も感じたことで、以前は単に区民、そしてそれぞれの防災拠点の訓練に出しております。
今回初めて防災拠点委員として参加したんですが、やはりやるべきことが違うので、まず重要なのは、やるべきことが頭に頭の中に入っている。
その順番も入っている。
全員がリーダーとなってやっていく必要があるということを大変感じました。
で、今回は訓練で皆さん、その前々から日程もわかって準備しておりますので全員参加することができましたが、実際はそんなことはあり得ないわけでそう考えると、やはりこの実際に責任を持って動かす順番を決めるといった決定権のある方ですね、この委員を増やして、いただきたいなというのは本当に私も感じておりましたので、よろしくお願いいたします。
高齢化については、やはりあると思いますが皆さん、そうこういう使命を持っていらっしゃるだけに、大変元気なんですね大変元気でいらっしゃる。
ですが、やはりそこはその方々プラス若い方にも入って、例えば息子世代、お嬢さん世代の方に入っていただいて繋いでいく。
ということは大事だと思いました。
ずっと高齢者ばかりになっているとその方がいなくなったときにそのノウハウが意外と受け継がれていない。
そこが問題なんですね。
普段から若い方を育てていくべきだと思います。
そしてその上の高齢者の方が安心して止められるような体制作りは重要だと思いました。
それでは、そのままですね防災協定についてお尋ねしますが、防災訓練には、医療救護所としての役割もありますので、ドクターは1人ずつもう決まっているんだ。
ドクターが効率よく働くためにも、看護師、あるいは何かどちらかというと薬剤師が重要であると薬をすぐ出せるようにという意見がありました。
それからあの防災士も始まり区がお金を出して要請をするという、防災士の応募が始まっておりますが、最終的にはこの防災士も一つの拠点ごとに1人か2人は配置できるようになればいいなと思っておりますが今日は防災士については今どれくらい応募が来ているがこれ前回もお聞きしました。
思ったより集まっていた。
記憶があるんですが、総合冊子の実人数ですねそれから看護師、薬剤師救護所における看護師、薬剤師について、ちょっと考えをお聞かせください。
この3次総務部参事まず私の方からは防災士でございます。
当初ご案内の通り定員30名としながら30名とさせていただいて、先着順というところで、そこの要件がご案内の通り、優良マンションであったり、防災拠点運営委員会さらには防災区民組織等からの推薦、いうところの話の枠組みでスタートしたところで現状今30名を超えて33名をもって最終締め切りとさせていただいたので、今年度は33人の防災士というところの部分でございます。
まず後半の方の申し込みの部分については、この11月とか、あるいは来月の12月講習研修を受けるというところの予定を聞いてございまして、まずその結果はこれからでございますけれども、その方々がいざ地域のやっぱりリーダーとなって、拠点だったり、それぞれのマンションでご活躍するっていうところを、我々きちっと大切にしていきたい。
そのように考えてるとこでございます。
私からは以上です。
副部長すいません。
看護師等については今日ちょっと担当課長おりませんので、私の方からお答えをさせていただきたいと思いますが医療救護所につきましては、まず医師のお話がありましたが、医師も特別1人ということではなくてですね。
当然防災拠点の規模、規模によって違いますんで、そこは間医師と看護師、セットで医師会の方にそれぞれお願いをしているところでございます。
その中で基本的には派遣をしていただく、それから薬剤師につきましては薬剤師会と調整をしてございまして、各薬剤師会の方で各防災拠点への派遣する薬剤師ですとか、それから薬に関しては、当然そこに備蓄してるもの足りない場合もございますそれを薬剤師会としてバックアップする体制、これも薬剤師会に基づきいただいてるというとこでございます。
また、看護師等につきましては、医師会に頼んでる部分はあるんですけれども、実際発生する時間帯ですとか、によっては集合し、できない場合もございますので、そういった場合のために区内の病院に勤めていないよう枠外に勤めてらっしゃるお医者さん、あるいは看護師さんこれを別枠で区の方で募集をかけてございまして申し訳ございません人数は手持ちでないんであれなんすけどもそういった方々にもお手伝いいただけるような、要は夜間で区内の医療機関にお医者さんや看護師がいなかった場合には、逆に屋外の病院に勤めている区内にお住まいのお医者さん、看護師さんにお手伝いいただく、こういった体制をとっているところでございます。",2025/11/14,防災等安全対策
青木委員,"まずは、防災士33名からスタート組研修がスタートということで、目標の30名を超えたということで素晴らしいと思います。
ぜひ続けていっていただきたい33名のまずは防災士が誕生すれば、多分それは続いていくということですので、応援したいと思います。
それからすいません。
私の認識不足で、そこはきちんとドクターと看護師さんセットで1週間にはお願いして、薬剤師の方も薬剤師会にお願いをしてある。
ということで安心をいたしました。
ありがとうございます。
続きましてもうマンション防災について二つ目三つお尋ねしたいと思います防災キャビネットと関心ブローカーと書籍このところやはりその防災に関する備品なり必要なものがちゃんと申し込めば無料でもらえると、無料で配布されるという。
これは素晴らしいことだと思います。
例えばですね、マンションの防災キャビネット、これは申し込み期間が令和6年昨年9月から7年12月ですのでまだ間に合う。
ということですね。
それから、関心ブレーカーの方は7月1日、令和6年の7月1日から12月27日金曜日ですので、こちらはもう終わったのでしょうかあるいはまたさらにこれが延長された。
でしょうか？お聞きしたいのはこうした必要なものをきちんと情報を捉えている。
毎回区のお知らせを読んでいるような方でしたら、あとマンションの管理理事会の方々がしっかり情報を把握しておけば、本当に中央区は重要なものを無料でちゃんと配布しているということがある。
ただ、しこれは伝わらないともったいない。
あるいは、私も去年はい。
失敗したんですが、申し込み期間が終わって思い出してしまったんです。
ね、そういうこともありますので例えばこの防災キャビネットと感震ブレーカーについてどれくらいのお申し込みがあってそしてそれが既に配布し終わっているかなど、あるいはご覧になっていて、改善できそうなこと、あるいは良かったことなどありましたら全体的にご意見をご感想をいただければと思います。
委員長　防災危機管理室長尾崎寛力著防災危機管理室長はい。
今エレベーターキャビネットまた関心ブレーカーの件でご質問いただきまして、エレベーターキャビネットにつきましてはご案内の通り昨年の9月から今年の12月の26日までということで、現在も配分をしているところでございまして、正確な数字としては7月末現在のものしか持ち合わせていないんですけれども数としてはキャビネ、その台数で770ということで、毎月その後ですね、大体50台ぐらいずつ教養と報じておりますので、これよりも数は増えていて、さらに最後の駆け込みじゃないですけれども、12月の1日号の区のお知らせの方に12月の26日での申し込みを締め切りますのでぜひこの機会にお申し込みくださいっていうご案内の方させていただくところでございます。
あの防災拠点運営委員会とか様々な機会でも周知の方させていただいておりまして、少し反応の方はきておりますので、最後の追い込みといったところでしっかりと成果の方出していきたいなというふうに思ってございます。
はい、関心ブレーカーの方でございますがこちら令和6年の6月から7年の1月までということで、取り組みの方させていただいておりまして、トータルで615ですかね簡易型が615そしてコンセント型が136ですから、合計751という形で配布の方させていただいております。
こちらそれ以降もですねカタログギフトの方でもそうしたものがございましたので、そこでの実績も少し出ておりますので、そういったところの配布をいたしまして、効果というかその実際に地震が来てこのブレーカーが止まったわけじゃありませんのでそうした目に見えた効果というのは、これからでございますが、安心感という意味で4時の際にそのコンセントの電気を止めるといったところでも非常に効果が出ているといったところでございます。
以上でございます。",2025/11/14,防災等安全対策
青木委員,"ありがとうございました。
そうですね。
駆け込み意外と多いですね。
なので12月1日以降でまたお知らせが出るということがとてもいいアイディアだと思います防災キャビネットと感震ブレーカーについては、本当に今、770という数字もありましたが引き続き重要なものは時期を見ながら続けていっていただければと思います。
時給見ながら続けていっていただきたい。
あの、身近なものであの衝撃があります。
この小瀧は、何でしょう。
ちょっと今出した防災キャビネットと関心ブレーカーとは性格が違うといいますか。
こちらは40%と福田もちょっと40%オフになるということの確認と、あと調べたんですけれども例は、5年6年1年と、例えば今年ですね令和7年度ですと、申し込み期間が令和7年9月1日から11月30日と入れず短い。
ですが、ただしこれって、あの、毎年やっているんでしょうか？毎年見てみると全く同じ重なってはいないんですが、大体毎年やっているのかなという質問です。
以上総務部参事総務部参事消火器設置の促進事業という形である開始しましたのは事業会社としては令和5年度から、でございます。
それぞれの強化液の購入のみとか、あるいは回収というところの話の部分については、実態的に今ご紹介した令和5年度の実績総本数としては、261本令和6年度につきましては447本をというところの実績でございます。
一旦着実に上がってるんですけど、この部分はですね、先ほども話題に出ました各拠点での防災拠点訓練、そこでやはり消防署の御協力を得まして、初期消火訓練そこでのやっぱり初期消火の重要性というところをやっぱり消防署の今日連携協力を得ましてというところの話もやっぱり効果として、実情ございます。
そうするとやっぱり何よりいい覚悟ご家庭に1本あることでそれを本当に有事の際に使えるというところも備えが大事でいうところの普及啓発も我々日々しているところでございますので、その部分も含めましてきちんとですね、初期消火の重要性をフォロー、普及啓発を今後とも継続して行っていきたい。
そのように考えてるとこでございます。
以上です。
委員長はい、青木委員毎年やっているかどうかという点ね。
委員長。",2025/11/14,防災等安全対策
防災危機管理室長,,2025/11/14,防災等安全対策
防災関連機器室長,"、はい。
あの子の消火器のはい割引販売等につきましては以前はですね地域防災フェアという形で、5年に1回この防災拠点を知っていただくとそして、その場所で1000円とか2000円とかあるから古い消火器との交換みたいな事業を5年ごとに行っていたんですが、その事業自体の効果といいますかやり方たくさんお越しいただく拠点もあればあまり来ないというような中で、その事業自体はやり方を変えて、令和5年度からこういう形の事業としたものでございまして必要に応じてその時期その時期に実施しますし、また斡旋という形で割引で安くご購入いただけるものというのは常にメニューとしても提供してございますので、そうしたものを組み合わせながら、あの消化器を求めいただきたいなというふうに考えてございますが、今、今年実施しているのは、改修も含めて非常に安価で消火器を求めいただける消火器設置促進事業というものを行ってますので、ぜひご利用いただきたいと存じます。
以上でございます。",2025/11/14,防災等安全対策
青木委員,"はい、ありがとうございます確かに令和7年度今年度は中央区消化器設置促進事業ということで40%割引ということですね。
あのマンションで申し込みますと、フレームの持ってってくださるということで、そこも便利ね。
この消化器促進事業についても、衝撃は防災訓練のときに必ずあの水が入っているものあるいは粉が入っているものを使って、練習をやって子供たちも喜んでやってくださるんですが、意外とその消化器があるない。
ところもあるということを聞きましてこれ身近な県であの身近なところで、消火器は大変重要だなということを最近認識いたしましたので、お尋ねいたしました。
基本的に毎年行っているということで待っていれば次の年にその時期がやってくるということでよろしいですね。
はい。
では毎年、時期は2ヶ月くらいですが、そこを捉えて、しっかりと申し込むって古いものを引き取っていただくということで私も発信していきたいと思います。
どうもありがとうございました。
以上です。
次の質問いたします。
永井委員よろしくお願いいたします私はまず、中央安全安心メールによる犯罪情報の配信状況についてお伺いいたします。
このメールは、特殊詐欺や行方不明者情報、防災関連など区民の皆様の安心に直結する情報を迅速に届ける重要なツールであり、本区の防災防犯情報の要となるものであると思っております。
一方で、登録者数の伸び悩みや情報の多さによるアラート疲れなどの課題もあるのではないかと感じており、今後はどれだけ多くの方に必要な情報を確実に届けるのかという観点がますます重要になってくると考えております。
そうした中で、令和6年度11月から開始されました。
亡父防災防災ギフト方や防災カタログギフト事業は単なる防災用品の提供にとどまらず、区民の方の防災意識を高め、情報発信との接点を広げるという意味で、非常に意義深い取り組みであり、最終の申し込み率が66.9%との結果のご報告をいただいております。
特に新しく本区に転入された世帯や子育て世帯など、防災への参加ハードルが比較的高い層にリーチできる貴重な機会であり、町会自治会や防災拠点組織では繋がりにくかった層にも防災意識を浸透させるチャンスであったと捉えております。
この冊子の中では、中央安全安心メールへの登録案内も行われており、この事業を通じて防災防災、防災、防犯情報の受信環境を整える動きが広がっていることは期待をしております。
そこで、お伺いいたします。
才木防災カタログギフト事業の開始以降、中央安全安心メールの登録者数にはどのような変化や傾向が見られるのでしょうか？確定数値の集計が年度末であるとのことは承知しておりますが、現時点での途中経過として把握されている範囲で構いませんのでお聞かせください。
また、本事業における中央安全安心メール登録促進への効果についてはどのようにお考えでしょうか？まずはこの2点お願いいたします。
委員長。",2025/11/14,防災等安全対策
総務参事総務部参事,"はい、まず、安全安心メールの部分につきましても、登録者数カタログギフトの開始以降に伴っての話ですが、今委員のご紹介いただいた通りこのカタログギフト事業そのものがまず令和6年11月から今年の6月末というちょっと年度またぎいというところの話になってございますので今ご報告した登録者数の推移でいうと、令和5年5年度末が64456年度末が7000円という数字です。
なのでちょっとなかなかそこの効果があったというところの分析はなかなか把握しづらいというのが正直なところなんですが直近でいうとですね令和7年この10月末現在での速報値で、7125の登録者数がございました。
なので直接このカタログギフトを見て自分もきちんとこの正確な情報を気象情報等をという話がなかなか実はなかなか分析は無効なんですけども、一定の効果があったというふうな部分では私どもそういうふうに捉えているところでございます。
また、2番目の話のこの安全安心メール登録促進への効果というところでございます。
これ大きく分けて気象情報等防犯情報のを2本立てになってございます。
特にここはいうまでもございませんけれど気象情報の部分については、緊急地震速報の他、大雨出水期は通り過ぎたところでございますけど大雨等の情報とりわけ今年の9月からは記録的短時間大雨情報というものの情報キャッチも加えましてですね。
その運用を図っているというところの気象情報そういうことからすると、やはりいざ有事のときにどこで何が起きるというところの部分を含めましてはわかりませんので、自分の携帯に登録していただくと直ちにというところの気象情報のキャッチができるというところで、きちんとその有用性があるだろうという。
思いでございます。
一方でですねこの防犯情報というところの登録促進の部分につきましても、やはりこれは日ごろからの部分の備え構えというところの話がございますので、そういったところの話そしてちょっとここはご容赦願いたいというところなんですけど、不審者情報は少し上タイムラグがどうしても生じてしまうので直ちにということにはなりませんけれども、やはり地域で実際に日本橋に住んでる方は福島に住んでる方、それぞれその地域で今どういうことが起きたんだっていうところをやはりそこも情報として、自分の身は自分で守るというところの観点からもですね、その効果を私どもきちんとそこの安全安心メールという発信を持ってですね、情報をキャッチしていただきたいそのように考えているところでございます。
以上です。
はい。",2025/11/14,防災等安全対策
永井委員,"ありがとうございます一定の効果が見られたこと、これまでなかなかリーチできない、できていなかった層にも情報を届けられたのを届けられたということを確認いたしました。
ここまで登録させ、登録者数という量について伺いました。
本当に区民の区民の皆様の安全安心を守るためにはどれだけの人に届けたかだけではなく、どれだけ効果的に届けられたのか。
つまり情報の質の部分についてもお聞きしたいと思います先ほどのご答弁で少し触れられておりましたが、まず配信の質を図る観点としてお尋ねいたしますこれまで中央安全安心メールでは受信や気象情報、特殊詐欺や子供への声かけ事案を全社情報など、区民の皆様の安心安全に関わる情報をタイムリーに発信されてきました一部先ほどの不審者情報はタイムリーではないとのお話もございましたが、防犯、防犯防災の観点からお聞きいたします。
ほのメールこの情報配信によって、情報を事前に把握することで、心構えをすることができたなどのことでどれだけ事件や被害を未然に防止できたと分析されているのでしょうか？本区としてどのように効果を把握しているのかについてもお聞かせください。
お願いいたします。
委員長　それでも3時間03時なかなかそこもお答えにくいといいますかこの件数配信によって確かな手応えというのはなかなか言いづらいというところではございます。
ただ、一方でですね、ご自身のお子様が、例えば小学校低学年高学年に関わらずのお子様が町を塾帰りで歩いていって、そうした不審者にあって、近くの交番、あるいは警察署にそういった届け出を声を届けて、それがきちんと安全安心メールで届けられた。
それはやっぱり実は感謝の言葉とかが実際に月に年に数件寄せられているというのも、私どもに入ってございます。
やっぱりそういったところの地域のネットワークだったりというところの話の部分については一定程度やっぱり寄与しているというところの思いがございます。
それから、やはりもう一つ大事な話はやっぱ特殊詐欺これは本当に一向になかなか減らない。
今はトクリュウというような形で新たなというところの犯罪以降が本当に周囲になってございますけれども、そういったところの、まさに心構え、自分は大丈夫だということを思わずにというところの部分では、やっぱりこのメッセージが空職員が語るような形での還付をすることは一切ございませんとか。
あるいは警察から末尾が0110というような電話があっても出ないでくださいみたいな話を今警察庁サイドは本当に強く言葉としての情報として発信してございます。
そういったところの話を含めましてもやっぱりきちんとしたですね、今委員ご小会というかございました。
本当に配信をしつつ、どういった情報をどれだけ効果的にというところの間では本当に非常に重要だなというふうに思ってございます。
それと、ちょっと質問にはない部分でよ。
余計なことかもしれませんけど、実際災害時に起きたときに、この安全安心メールはやっぱプッシュ型というところの特徴を持ってございますので、やはりこれは全庁あらゆる部署を持っての区民へ届け出る文化にならない重要な情報区民というのもひとくくりに高齢者もいれば、働き世代の方もいらっしゃる。
それが本当に小さな保育園に通ってる世代の方小中学校の保護者、それぞれの層に対して今、このG時刻帯この時間帯によってその方々に届けるビジョンは何だったというところは私どもも日々副区長をトップとしながらの会議体で意見議論を深めながら、やっぱそこの情報の質というところを求めていくべきだろうという議論をしているところでございます。
いずれにしましても、そのツールまだまだ今ボトボトございました通りの数というところからの部分の課題化は本当に大いに職場として思ってございますけれども、いずれにしてもそういった質ともに上げられるようなですね、部分を点検改善をかけていきたい。
そのように思ってるとこでございます。
以上です。
永井委員ご丁寧にありがとうございます確かにおっしゃる通りも情報の配信によって何件はどれだけ被害をしてきたかというのを数字で示すのは難しい部分もあると思います。
そして先ほどのご答弁を伺っておりましてプッシュ型ということで確実に相手に届いているかどうか、おそらくこれも判断することは難しいと思うんですけど今後開封率がどれくらいなのかそこもおそらく観点にはなってくるのかなと、他のご答弁を聞いていて思いました区民の皆様がこのメールのおかげで気をつけようと思えた。
助かったと感じられるように引き続きご尽力をいただきたいと思いますさらに、この情報が誰にどのくらい届いているのかという視点についてです。
本区では、多くの外国人住民の方が生活されておりますが、防災防犯情報に十分アクセスできないまま、災害時や犯罪被害のリスクに直面する可能性も考えられます次にそのような情報が届きにくいそう特に外国人住民への情報伝達と登録促進について伺ってまいります。
中央安全安心メールでは、多言語配信にも対応しておりますが、資料を拝見いたしますと、外国語での登録者数はわずか61人にとどまっており、本区全体の外国人住民数から見ても、ごく一部に過ぎません。
まず、この状況をどのように分析されているのでしょうか？特に外国人住民への周知や登録促進の課題については、どのようにご認識されているのでしょうかお願いいたします。
議長総務参事総務参事この多言語登録者数、本当に今ご紹介いただいた通り、大変少ない数だというふうに受け止めてございます。
19万人を突破した香港にあってですね、この7000人というところも、やっぱ割り返しというところの割り返しは当然小学生とか中学生の世代がいると言いながらも単純な計算でいうと4%弱という数字外国人はっていうところに目を向けますと、これ今直近の数字で言うと、11月いっぴ現在で1万3500人ちょうどというところを把握してございますけどもその4%を掛けると、もう500人ぐらいはいてもいいんじゃないかというところの話は我々も当然認識しているところでございます。
そこの部分の話の部分についてはやはりいろんな左肩アプローチかけながらというところも先日の総務委員会でお話ししましたけれども、やっぱり人と人との繋がりを持って外国人居住者と日本人居住者というところの話の訳をするのではなく、皆さんに等しくこの安全安心に暮らしができる一つのツールとしてですね、やっぱご活用いただきたいというところが、我々の着目点でございます。
そういう意味では防災拠点訓練の外国人への居住者への呼びかけというところの工夫もこれからしていこうという動きをしてございますし、それと、例えば、具体的には晴海のマンションでは実はマンション訓練をやってて、うちのマンションでは実は中国人がもう理事やってるよというところも、声として聞かれます。
そこは本当に言語は普通に日本語が普通にペラペラペラペラと言われたら普通に流暢に喋れるし中国人理事の担当とは良好なコミュニケーションをとって、いざ有事のときのマンション訓練はその役員に例えば外国人を束ねてもらうとか、中国国籍を持ってる人に尋ねてもらうというところの役割も見てもらってるんだという話を直接伺ったりもしてます。
やっぱそういったところのマンションごとの特性といいますか、居住形態も実際上はやっぱマンションが直接把握しているマンションも多いように思ってございますので、我々マンション防災対策の支援をしていく中でですね、今お話あった外国人住民へのこの情報の取得の仕方であったり、あるいはその、何て言うんすかね。
いざ実災害における動きの話であったりというところのやっぱりコミュニティを高める方策もやっぱ大変重要なんじゃないかというふうに思ってございますので、そういった取り組みをちょっと同時並行的にしながらというところをやっぱり促進していきたいそのように考えているところでございます。
以上です。
永井委員ご丁寧にありがとうございます私は登録が伸びていない背景には、言葉の壁だけではなく、登録までの導線が生活の中に埋め込まれていないという構造的な課題もあるのではないかと感じています。
例えば転入手続きの際に多言語のQRコードを掲示して、その場で登録できるようにすること。
留学生や外国人住民が集まる地域イベントでスタッフが登録のサポートをすることさらに、外国人住民の方に配布される紙媒体いくつかあると思うんですが、その中でも登録の必要性を絵やピクトグラムで直感的に理解できるようにする。
も有効だと考えております。
外国人住民の方が自分事として登録できる生活失礼しました自分事として登録できる動線設計を進めていただきたいと思います。
さらにもう一歩進んで、災害時に実際にその情報ができるかどうかという視点に移りたいと思います先ほどもご答弁にもありましたが、今まさに各地で防災拠点訓練が行われている時期であると思います。
最近では、防災拠点訓練で外国人住民の方の参加が見られるようになり、地域と繋がりながら備える動きが広がりつつあると伺っております。
これはとても大きな前進であり、本区の取り組みの成果だと感じておりますその上で、訓練に参加していただいた外国人住民の方々がどのような点に不安や難しさを感じたのか、あるいは何が役に立ったと感じたのか、実際の声をどのように把握し、次の改善に繋げているか。
を確認したいと考えております。
そこで、お伺いいたします防災拠点訓練に参加された外国人住民の方々からどのような点に困難を感じたか、何が役に立ったかなど、参加者の声を収集し、改善に反映される。
仕組みについてはいかがでしょうか？一方ほい。
一方向の啓発だけではなく双方向の改善サイクルを重ねることで、より実践的な訓練に繋がると考えておりますが、本区のお考えをお聞かせください。
議長総務参事総務部参事こちらは実際上階外国人居住者というところにある種着目したご質問等ございますけれども、従来から拠点訓練をやったときの区民の参加の方々への声をどのようにするかというところは、それぞれの課題としてございまして、例えば拠点によっては簡易的な付箋と鉛筆を用意しまして今後防災拠点訓練に期待すること、あるいは今日参加して改善すべきことというところの部分を実際直接お聞きする場面を作ったり、あるいは拠点によっては、拠点訓練後直ちに今回の訓練の振り返りをしようというところの役員そのものが区民から得た。
その声を拠点以下の中ですぐさに委員がプラス9というところの部分を含めた共有の場を図っている。
というところが委員長ございます。
今委員ご紹介いただいたところ本当に外国人もこれから大いにやっぱ生活というところの部分のみならず、実は災害時というところもきちんと何て言うんすかね包含するような生活というところの話防災というところの部分を意識しながらというところの話は重要な重要な取り組みだと思ってございますので、そういった声の拾い方というところの話含めましてはですね、引き続き今お話ご紹介した取り組みに加えて、何か一つ、二つ公開なんていうか、工夫策があるかどうかということを、地域の拠点員の皆様方と例えば並行しながら変更というか継続しながら話し合っていきたい。
検討を深めていきたいというふうに考えているところでございます。
以上です。",2025/11/14,防災等安全対策
永井委員,"ありがとうございます参加者の実感ベースのお声を反映して、振り返りをされているとのこと大変心強く感じました参加者の声が次の失礼しました。
防災訓練はその場だけでの体験で終わるのではなく、参加者の声が次の訓練を変える改善サイクルによってこそ、実感性が高まると思っております。
外国人住民の皆様から皆様の参加から得られる学びは本部全体の防災力を底上げする重要な視点になると思います。
外国人住民が住民の方が訓練に参加してくださるこの貴重な機会をぜひ改善に生かす仕組みとして定着させていただいた定着させて、いただければと思います外国人住民の防犯関連は地域防災支援施策と外国人住民向け施策支援施策のどちらにも深く関わってきて、深く関わっているように感じて今後もそれぞれの部分での連携を深めていただきたいと思います。
今後とも本区と地域、本区と地域が一体となり、誰1人取り残さない防犯防災防犯体制が築かれていくことを要望し質問を終わります。
ありがとうございました。
じゃ、次の質問いたします。
堀田委員よろしくお願いいたします私からは先ほど全員からもございましたが、防災士資格取得費用助成事業のことでお尋ねさせていただきたいと思います。
こちらは私も含め何人かの議員が以前から業務をしていた事業であったと思います。
この防災士とたんにその防災士を取りたいとか、あの興味があるとかいう方を対象とするのではなく、実際に防災拠点実運営委員会などの防災活動に既に積極的に参加している方またその委員長から推薦を受けた方ということでその対象を、あの明確にといいますか、あのされているということが非常に多くの特徴かなと思っておりましてこれはまさに地域防災力アップに資する素晴らしいいい事業であるというふうに評価しております。
そういう中で今回ホームページでも10月7日付けで終了いたし受付終了いたしましたというふうに書いておられまして、先ほども御答弁で、実際30名に対して33名ちょっとこの33名でこういったでしょう。
少ないよねでもとっても体大変だと言ったら変ですけど、人数だと思っております。
予算、今年度の新規事業として予算のときにいろいろ事業の内容お伺いしておりましたけれども、本当に参加対象者の大切な絞ってというか地域防災力既に参加されている方というふうに絞ることで、本当に何人の方々の応募があるのかなというふうに内心ちょっと心配と言ったら変ですけれどもそのような思いを抱いておりましたけれどもこの33名私はすごい数字だというふうに思う。
しております。
もうおそらく区といたしましては周知、こういう事業をやりますよって応募してくださいねというふうに周知してそして実際に明日でしょう。
後押しするといいますか、そのようなことをなさったから、このような人数オープンされたのではないかというふうにも思っておりまして、そのあたり多くとしてどのように取り組んでこられたのか。
その後、区にされた点などございましたらお知らせいただきたいと思います。
お願いします。
委員長　3次総務部参事今委員からご説明あったところで、特にやっぱり事実上私ども本当に大事にしていきたいなというのは実際に日ごろからこの防災活動に携われている方汗をかいている方、その方々がやっぱりより幅広い知識見識をっていうところの話だったり、実はどう動く方がというところの話がやっぱ防災士のやっぱ共助の本当に降格となる人材の育成の場だというところの話を含めましての部分なのでそこは今ごご質問にあった、どのような周知というところの話とちょっと直接結びつくかどうかなんですけどやっぱり防災拠点というのは、やはり各町会自治会、そして防災区民組織がベースになっている。
構成員そのものの話でいわば本当に地域の本当に防災力の方々そのものの方々にまずご紹介したというところが、本当にネットワークとして幅広く受け止めていただいた。
そこは本当に一番の私どもはやっぱり思いというか実感でございます。
当然ホームページ見て、ちょっとうちの優良マンションからということも、実は上ございました。
ただ、もう大変多くの方は今ご紹介したというところの、実際上をもっとより勉強したりとかよりちょっとここを本当に興味あって、この防災士の取得チャレンジするというところを、生き生きその場でおっしゃられた緑字のお母さんだったり、お父さんだったりというところのお話は本当に心強く感じたところでございます。
いずれにしましてもその方々がやっぱりこれから本当にご活躍する場面をちょっと私ども区の協働とか、あるいは本当に共助の中心メンバーとしてというところの話をもとに記載してございますので、大戸さんは引き続き協働していきたいそのように考えてるとこでございます。",2025/11/14,防災等安全対策
堀田委員,"はい、ありがとうございます。
防災拠点のネットワークで広がっていったホームページでご覧なった。
形もあるけれども、そういうネットワークで広がったということで大変納得がいきました。
今、そのネットワークということでまさに今回、今年度としては33名除外自治会はまたそういう団体だったかと思うんですけれども実際対象となる町会自治会は後でも宅地10070ほどございますし、またそういうマンションとかなりますと、もう大変数も多いですし、今年度、とりあえず募集としては終わりましたけれども、また今後も継続していただきたい事業であるかというふうに思います。
ので、ぜひともお願いします。
あと、実際取得取得資格を取得するに際しては講習会を受けてやって受けるということになるかと思います。
本当にご本人で、しかないんですけれども、あの区として何かサポートできることがあるならば、しっかりしていただきつつ全員が申し込んだ定員が取得できるようにお願いしたいと思います。
よろしくお願いします以上で終わります。
次の質問上田委員はい私からは3点お伺いをいたします。
一つ目、報告の資料に、中央区中央区耐震改修促進計画の7ですね資料7の被害想定についてです。
この表を見る限り、次首都直下地震における死者の想定は93人とも見積もられています。
ただ、これはですね、当然想定でありまして、ぶれが出るということは当然にあり得ると思います。
この仮の想定としてやっぱり行政としてはリスクを最大限見積もってそれよりは低くてよかったねという方がよろしいかと思うので、この予測を超えた数字、例えば仮に1.2倍ないしは1.5倍等でのストレステストを与えたときの想定等は示されているのかお示しください。
2点目にですね災害時における遺体収容所の拠点確保についてです。
第1希望災害が発生して、対多数のですね、ご遺体が出るという場合、区内における設置場所は総合スポーツセンターのみでございます。
ただ、中央区はもう言うまでもなく、日本橋京橋として月島晴海まで非常に広いわけであります。
仮に湾岸地域で多数の犠牲者が発生してしまった場合、区の北部への長距離搬送は現実的ではないと考えます。
地域バランスを考慮した遺体収容所の確保計画について、中央区の見解をお示しください。
3点目に賃貸物件の居住者特性を踏まえた防災対策についてお伺いします。
令和5年のですね比較的新しい住宅土地統計調査と、こういうものを拾ってきましたその結果本区の住宅総数はその時点で9万3090戸、うち賃貸は4万9790戸でありまして、賃貸居住者がおよそ6割を占めております。
そしてその多くは単身世帯でありこの世帯は、令和7年7月25日の企画総務委員会での報告にありました。
中央防災カタログギフトの申込数の低さを見ても明らかに防災の関心度が低いということが示されています。
そこで、お伺いしますすぐにですね、単身者の方がですねまして賃貸の方が意識啓発をしようという時間がかかるという中において、この単身者数賃貸が多いという現実に即した、ある種特化した支援というものも検討すべきかと思います。
ご意見をお伺いできればと思います。
委員長。",2025/11/14,防災等安全対策
総務参事総務部参事,"まず最初のご質問でございます。
首都直下地震の被害者想定、これ人的物的、ご案内の通りかと思いますけれども死者数の部分について、ある種の振れ幅として持っているかということに関しては区として持ってございません。
といいますのは被害者想定というのはあくまで東京都があったと都内全域これは当初含めての被害者想定を出す中での一部の部分で、具体的には各転倒防止がどれくらい図られてるかとか、あるいは主要なところでいうと耐震化率がどれぐらいあるかというところの部分の当て込みをしながら、ある種支社あくまで想定で今委員ご紹介いただいた実災害時はこの通りになると我々は思ってございません。
この者が1人でもいる減るような形というところの取り組みをやっぱり日々本当に皆様方とともに、この防災対策を進めることが重要だと思ってございますので、被災者の質問については、この振れ幅的なものは想定してはございません。
それから2点目の遺体使用上の確保というところです。
ここの部分も実際今、ご案内の通り浜町スポーツセンターが一体収容所になってございます。
現実的現実的じゃないというところの話とこれ実際上ですね。
本当に1人でも違うっていうところのお話をしては、一旦一つですね、いざ本当に安全な区民の方々の創作ですとか、それから収容する。
そして今おっしゃった運搬分散を搬送するというところの部分については、一旦一義的には区が行います。
そのときに、今、委員ご紹介あった。
月島だったらあれだっていうところを大浜町スポーツセンターで受けるのに長距離という話がございましたけれども、そこはきちんと警察のお力をお借り。
そして関係機関、具体的には協定事業者等の車両の確保等を含めまして、区が本当に責任持って具体の搬送を行うということが原則でございますので、今直ちに遺体収容場を他に手当をというところは実態的には今私どもは想定してないといいますか、考えていないというところでございます。
それから3点目の賃貸物件の割合もご紹介いただきましたけれども、そこの部分については、やはり区として、やっぱり僕よりきめ細かかつその本当に幅広にというところの着目点を絶えずこの防災対策をいろんな着目点着着眼点から進めるべきということは当然のことでございますので、そこの賃貸入居者というところの話の部分の着目点も、やっぱりきちっとやっぱりどういった形での話があるんだというところはやっぱり今回前向きに考えていかなきゃいけないというふうに思ってございます。
と言いながらですねちょっと一方でこれ直近の世論調査で考えますと、居住年数という。
賃貸者がその狭間でどれぐらいの年数っていうところは賃貸分譲に関わるっていうところがございますけど実は居住年数3年未満の方がセヨン調査上15.1%3から6年未満は11.5%ということで、おおよそ4分の1の方々が実は6年未満で動いているというところも次、居住実態としてやっぱ動きとしてございます。
そういったことの動きもやっぱりきちんと捉えてですね、やっぱり幅広い世代それから今の居住形態みたいなところを、やはりいざ有事のときというのは、それはもう賃貸分譲一戸建て関係なく当然オペレーションをすべき話でございますのでやっぱりそういったところの居住形態を含めましたあらゆる立場の方々がやっぱり防災対策自助共助の取り組みとして重要性をやっぱり認識意識向上を図っていくべきだと思ってございますので、引き続きそういったところ普及啓発をかけていきたいそのように考えているところでございます。
以上です。",2025/11/14,防災等安全対策
上田委員,"はい、それぞれありがとうございます。
まず一つ目ですね。
この一番2番で私があえてこのご遺体の話をしているというのはですね、どうしてもこういう防災の話になると1人でも多く生存させると1人でも多く助けるとあるいは混乱を防ぐというのが議論の種になりがちです。
ただ、実際には1人もご意見が出ないとありえないですねとその方々をどうやってはっきり申し上げればその刺繍も出ていくそして夏であれば腐敗もするという中において、適切に扱うかっていうのは僕は非常に大事な人の尊厳にも関わるような話だと思ってあえて今日はお伺いをしました。
あの支社の想定も冷静に考えてあの銀座とかですねあんまり言っちゃいけませんがちょっと古いビルがありますよね古いビルが1棟崩れて例えば夜に崩れた多分それだけで本当に数十人が多分なくなると思います夜とかであれば、やっぱりそういうことも踏まえてですねやっぱりストレステストというのは少し今後とは考えはあると思いますがご検討いただきたいなということは要望をいたします。
2点目遺体収容についてもですね私もオペレーションマニュアルを拝見しました。
現実的にこれ区の職員が本当にご遺体、あるいはもっと言えば総会しているご遺体を運ぶということを、普段やっていない職員が現実的にできるのかということは僕ある読みながら思ったんですね。
やはりその場合、晴海だったり勝どきだったり住人が多いエリアの方が一般的には必要性が出てくるのかなと思うのでこの件については直ちにということではないというのも理解はしますが、少し検討は進めていただきたいなと思っております。
最後に賃貸の話ですねこれは前向きに考えていかないといけないとおっしゃっていただいてありがとうございます。
今日まさにメールの話が出ましたけど、若者もメール見ませんねとやっぱりチャットツールの時代になってます。
そして今日は委員会防災拠点委員会の話も出ましたがやっぱり防災拠点の場所すら知らない。
避難所さ知らないという人は多分1年2年の人だったらたくさん現実いると思います。
ですからあなたの5次あなたの避難場所はここですよって例えばですよ。
DMを送ってあげるだけでも、そしてその裏側にはですねこういうメールもあるんですよみたいな少し啓蒙も合わせたような政策というのは、今後ぜひご検討をいただきたいなと思っております。
中央区人1人でも多く救うと、そして何かあったときにですね私達含めて迅速に対応できる体制は必要だと思っております。
これからもどうぞよろしくお願いいたします以上で質問を終わります。
はい。",2025/11/14,防災等安全対策
副委員長,"は先生質疑が終了いたしました。
議題防災防犯、交通問題と児童生徒および区民生活の安全に関すること並びにコロナウイルス感染症等の対策に関することについては継続審査ということでよろしいでしょうか？第4回区議会定例会における委員長報告の取り扱いについて、。",2025/11/14,防災等安全対策
正副委員長,一任ということでよろしいでしょうか？はい。,2025/11/14,防災等安全対策
一生懸命福祉保健部長,"私の方からまず資料1についてご説明申し上げ資料1を御覧ください。
これは指定管理者制度を導入しております福祉施設について、毎年度運営の状況を評価いたしまして、今後の施設運営説明に反映させることによりサービスの向上を図るものでございます。
一番にあります通り、評価対象は18施設中3指定管理者で、施設事業者一覧は別紙1の通りとなっております。
後ほどご確認いただければと存じます。
2の評価方法についてです。
まず1次評価では、所管課評価といたしまして、第三者評価や実績報告書等の確認をもって評価を行い、資料で把握しきれない点については現地調査や施設へのヒアリングによって保管しております。
また、財務評価といたしまして公認会計士等が経営母体の財務状況を評価してございます。
水冷2次評価では、右の表に掲げます評価委員会が1次評価を行った所管課から説明を聴取し、質疑後、指定管理者として適正か否かの評価を行ったところでございます。
なお評価委員会の構成は3の表に記載の通りで9名で構成をしております。
資料データを2枚おめくりいただきまして右側の別紙2をご覧ください。
こちらは評価項目評価基準について記載をしてございます。
まず評価項目ですけれども、評価の観点を三つに分類いたしまして、それぞれ右側の評価項目に沿って評価を行いました。
具体的には、分類1サービスの提供では5項目分類に事業運営では9項目分類3、利用者の満足度は6項目、合計20の評価項目を設定しております。
2の評価基準ですけれども、括弧1に記載の通り、各評価項目ごとに5から1の5段階評価を行っております。
合計20の評価項目がありますので、最大100点の評価点となります。
このページの一番下をご覧ください。
括弧に評価ランク総合評価では次のページの表にあります通り、評価点の合計得点に基づき、AプラスからCまでの四つのランクで表しております。
ただ、し表の下に記載がありますけれども、合計得点が90分以上、これはプラスに相当いたしますけれども、こうした点数であっても、3の評価があった場合は、一つ下の家といたしまして、また、認可の評価があった場合は、評価ランクをCとしてございます。
次のページ以降は別紙3となっておりまして、これは18ある各施設の評価表となっておりますので、所属を確認いただければと存じます。
資料の2ページにお戻りください。
4には、全ての施設の評価結果を一覧で示しております。
表の一番右側に評価の欄にあります通り、いずれも指定管理者として適正との評価となっております。
これらの評価結果につきましては、区のホームページで公開するとともに、各施設に通知いたしまして、今後の運営に反映するよう求めてまいります。
私からの説明は以上でございます。",2025/11/17,子ども子育て高齢者
子供施策推進室長,"はい。
私からは資料2から資料4までご説明をさせていただきます。
着座にて失礼いたします。
それでは資料2をご覧ください。
私立認可保育所における不適切保育事案に係る報告書についてでございます。
本年6月に発生した私立認可保育所における虐待事案につきまして、これまでの区の対応状況と主な再発防止策を当面ましたのでご報告するものでございます。
1の事案の概要をご覧ください。
経過でございますが、ほっぺるランド佃の延長から保育士による不適切な保育が行われた旨の通報があったことから、区といたしましては事案の報告を求めつつ、園より提出されたカメラの映像により、不適切な保育の事実を確認したところでございます。
映像が確認していく中でその他の不適切な保育が判明したことから、ヒアリングを行う中で虐待行為を確認したものでございます。
2の虐待が行われた背景でございます。
課題の保育士へのヒアリングや警察の事情聴取から、本人の行動特性や体調不良などにより虐待行為に及んでおりまして、個人的な要素が大きい状況でございました。
しかし、ながらこの時期は当該園において退職や休職が相次いでおり、園全体に業務的な余裕が不足していたことや、遠藤区におきましても、改善事項があったものと認識しているところでございます。
それを受けまして、3の主な再発防止策でございますが、1では職員間の連携強化や複数の目が関与する保育運営保育室のレイアウト改善保育記録カメラ活用推進2では延長事業者による職員やら状況の把握保育士が働きやすい環境作り3といたしましては区の巡回指導の見直し相談通報窓口の明確化保育記録カメラの設置支援検討などを取りまとめたところでございます。
報告書の総括でございます。
2ページおめくりいただきまして別紙4ページの最下段をご覧ください。
今回の事案を個人の問題として捉える上ではなく、園全体の運営体制や支援のあり方を改めて見直す契機とすることが重要である。
加えられた教訓を各園に共有し、保育の質と安全性をより一層高めるとともに、職員同士が支え合い、安心して働ける環境作りを進めていく。
今後も事業者、区が一体となって再発防止と信頼回復に努め、全ての子供たちが安心して過ごせる保育環境の構築に全力で取り組む所存である旨を総括をさせていただいてござございます。
次に、資料3家庭的保育事業における利用乳幼児の健康診断の省略についてでございます。
児童福祉施設の設備および運営に関する基準等の一部を改正する内閣府令の施行に伴い、一定の場合には、家庭的保育事業者における利用乳幼児の健康診断を省略できる旨の規定整備を行うものでございます。
2の改正を要する条例は家庭的保育事業の設備および運営の基準に関する条例で、施行予定日は公布の日でございます。
次に、資料4、基準府令の一部改正に伴い、関連条例の規定整備についてでございます。
内容でございますが、児童福祉法の一部を改正する法律による児童福祉法等の一部改正に伴い、児童福祉法等の一部を改正する法律の施行に伴うこども家庭庁関係内閣府令の整備等に関する内閣府令が令和7年10月1日から施行され、引用する条項の項ずれが生じますので条例の規定整備を行うものでございます。
改正する条例は記載の通りで、施行予定日は公布の日でございます。
私からの説明は以上でございます。
発言の持ち時間制につきましては、既にご承知の通りですので、よろしくお願いします。
ただ、いまの時刻は午後1時39分です。
自由民主党さん、46分、かがやき中央さん、33分公明党さん、33分、府民クラブ33分日本共産党さん33分、士魂の会さん10分となります。
なお、室内の温度が上がっておりますので、ご自由に上着を着脱ください。
それでは質疑に入ります。
発言を願います。
はい、神谷委員うん。
やる。
それでは私から議題の方で終了したいと思います。
報告事項の方で福祉施設の指定管理者の評価結果ですとか、私立認可保育所における不適切保育事案に係る報告等もいただいておりますけれども、議会の方で今日はですね、保育園というかことに関連をして、質問をしていきたいと思います。
保育園の定数中心に少しずつお話をさせてもらえればと思っております。
当初予算の資料を拝見をいたしますと、令和7年度2025年度の保育の定数定員はですね、7043年見込みという記載でございました少し前の資料を拝見いたしますと、令和2年度では5750名令和3年度は6216名と、5年で2割ほど増加しているのかなと認識は知っております。
こうした中で令和8年度新年度定数どのように見込んでいるのか。
エリアごとのニーズや充足感、この辺り違いもあるかと思いますので、そのあたりも含めまして、新年度の提出、あるいは充足の考え方このところについてまずご見解をお聞かせいただければと思います。
お願いいたします。
委員長。",2025/11/17,子ども子育て高齢者
保育課長,"はい、課長はいええ。
今現在11月の4日から令和8年度の認可保育所の入所申し込みが今始まっているところでございますけれども、そちらの中の定数についてちょっと説明させていただきます。
ファンクラブ際の空きが多い表橋とか日本橋地域ではですね、令和6年より令和7年令和ごめんなさい7年から令和8年に向けて定員を減らすことで、スペース的に余裕がを持たせる保育とか、あの保育所の情報を出して、人手が必要な変異地域再人保育士を回せるような配慮をしているところでございまして一部地域では3から5歳の部分地域の人数の定数の削減をしているところでございます。
一方で、0歳児につきましては、ニーズが高まりを受けまして、京橋にあるにつきましては、ちょっと秋の余裕が出て1歳2歳児の賃金を下げて、そこに調乳室を作ったりし、0歳児定員を増やすご協力をいただいているというところでございます。
こうしたことから令和8年から令和7年から令和8年度入園の案内におきましては、全体的に0歳児が7人1歳児が14人2歳児で3人で、0から2歳で24人、映像になっておりまして、その中でもあの晴海を含む月島地域に限定すると1歳児につきましては19人被災地につきましては22人、計41人増となっているところでございます。
3から補正につきましては先ほどの話もありました中で、全体として3歳児で22年、4歳児で26人5歳児で39人という形になっておりますけれどもまた晴海地域を含む月島全体で見ますと、3歳以上45人9歳児ごめんなさい4歳児は48人5歳以上は71人の増とさせていただいております。
こちらの定員を晴海地域の中心に多く3から5歳児定員をとってございますので、3歳3から5歳児で空きが入所入所の調整の中で空きが生じる場合は、引き続き今までのような期間限定保育など総合的に対応しながら、ニーズの高い1から2歳児の定員を増やすなどして、4、4月の保育園の待機児童解消に向けて保育ニーズに対応する総合的な対応をとってまいりたいというふうに考えてございます。
以上です。
はい。",2025/11/17,子ども子育て高齢者
神谷委員,"ありがとうございます。
再1エリアごとにニーズを見極めながら、定数のを増減というものをしていただいたということをベンダーと認識をしました。
ちょっと細かい数字聞き取れていないところもありますけれども湾岸エリア、月島エリアということで言うと、一斉3位2歳で合計41人増ということでよろしいですかねということで、まず増やしていただいた。
あと最後ご答弁の最後の方では、それでもし足りなかったときには3歳5歳の方で少し枠があればこれまで通りというご答弁もあったかと思いますけれども足りなければ、さらにその催事で相手のところ期間限定に振り分けてやっていくというお考えということかと思いますけれども現状おそらく様々な数値ですとか、計画見ながらですね人数どうなんだ。
多分おそらくそういうのも踏まえた上で今のようなご趣旨のご答弁いただいたと思いますけれども、今後の保育ニーズをしたところを含めて、今の考え方少しなぞりましたけれども、その足りなくなる恐れがある、あるいはそういう可能性があるところおそらくそれも含めて、今のご答弁なんだと思いますけれども今のところは改めてこの考え方をお聞かせいただければと思います。
お願いいたします。
委員長。",2025/11/17,子ども子育て高齢者
保育課長,"はい。
はい。
やはり保育ニーズつきましては、0から5歳のうちの特に0から2歳が不足しがちになっており、当時3から5歳がどうしても飽きがちになっているところがございます。
それに輪をかけて第一種の消火も始まりまして、特にやっぱり0から2歳の方は、なかなか厳しい状況がございますけれども本当に例えば先ほど定数のお話させていただきましたが、令和7年におきましては定数とは別の期間限定保育、先ほど申し上げましたがそれを晴美地域で36名確保したところでございます。
また、0歳から使える居宅訪問型保育も晴海フラッグができたときに合わせて動くと20人のところ30人増やすなどして、ニーズの高いゼロから2歳児についてはしっかりとありまして、引き続き今後も、例えば解消をするような場合とかにつきましても、0人を手厚くできるような考えで進めていければというふうに考えております。
以上でございます。",2025/11/17,子ども子育て高齢者
上村委員,"ありがとうございます。
今ご答弁いただいて、打った内容で、できる限りまず今枠をニーズを見ながら増やしていく。
その上で、足りなければ期間限定型を始め、可能な対応というものを追加でプラスアルファでも、これまでもやってきて今後もやる、それの枠も増やせるような努力を今されているということだと思いますので、そのご趣旨での取り組みの推進、ぜひお願いをしたいと思いますし、すぐ隣ですとか、すぐ近くというのはなかなか難しいのかもしれませんけれどもいろんな可能性、いろんな方策というものは他にもあるのかもしれませんね。
それは一番声聞いていただいている職員の皆さんの方がお詳しいかと思いますので、ぜひそうした声を聞いていただきながら、あらゆる角度から対策の充実これからもご検討をお願いしたいと思います。
質問はここまでで少しちょっと要望なんですけれども、今の定数の話は対策進めていただきたいというお話でありまして、あと保育の質の方、あるいはですね関連のサービスのところ、今の福祉施設に関連して、いろんなニュース報道もあるのかなと思っておりまして、そういうのをいろんなニュースを見るにつけてですね、公益性公平性こうしたものをですね、日頃気をつけてるつもりなんですけれども改めて大事なんだなっていうことを思います。
個人的な意見なんですけれども産業政策とか商工観光とかそういうところっていうのをは割とその効率だったり条例規則っていうのが緩くても、ある意味前向きな取り組みというか根拠条例ってそんなに濃いびちびちに決まってるものではないのかなという認識を持っているんですけれども、特に厚生労働省今ですとこども家庭庁かと思いますけれども、一部内閣府含めて福祉行政の分野というのは本当に法律による行政の法律による行政の原理が徹底されている分野なのかなと思いますのでこういったところで、あの保育園だけではなくて今、今日この委員会では、保育所さん保健所さんもいらっしゃってます市教育委員会さんもいらっしゃいますけれども、子育て関連福祉もそうだと思いますけれども特に子育て関連様々なサポートする政策区の直営もあれば、委託もあれば指定管理もあって補助もあると思いますけれども各分野において、この広域性公平性大切にしていただきながら、これからも指導監督許認可、適切に行っていただけるとありがたいなと思いますこのことを要望して質問を終わります。
ありがとうございます。
次に、質問のある方はいよろしくお願いいたします。
私からまず資料2について伺います。
先日の福祉保健委員会においてこちらの件について、今後の対応として園長会での共有ですとか、巡回指導など再発防止等の対応と山を示しいただいたところです私からは区民の方々への周知の部分で確認をさせてください。
今回の件は区ももちろんのこと当該事業者からの情報発信ですとか、マスコミなどニュースからいっても取り上げられたというところから、多くの区民の方も把握している件でありましてこれらの不安の払拭という点も今後の課題として考えております。
この点から、今回の報告書できる限り見られる場所に掲載しておくことということがまずは大事かと思います。
委員会資料としては既に本報告書が議会のウェブサイトでは掲載されておりますけれども、少なくとも現時点においてはウェブサイトとしては掲載されてないかと思います。
これまでに第一歩を第2報として報告いただいているところで、こちらのページなどにも掲載されるべきとは考えますがこの周知というところについて、対応方法ですとか、時期の目安などもしわかれば教えてくださいお願いします。
委員長。",2025/11/17,子ども子育て高齢者
保育保育課長部長,"はい。
第1項第2号につきましては進捗の方で載せさせていただき、いただいたところでございまして、この報告書につきましてもできるだけ早いうち今週中にはですね、あの進捗を通じて、皆様のご不安なられてると思いますので区としてこういった報告をまとめたことを周知していきたいというふうに考えてございます。
以上でございます。
はい、来週ということではい。
ありがとうございます。
そうですね先ほど申し上げた通りなんですけども、不安の払拭というところが大事でして、前にこちら隠すということではなくて、正式な正確な情報を積極的に公開していくということが大事かなと思っております。
直接的な対応の部分はもちろんのことですねこれが生じたことによる不安の解消という点についてもぜひお願いいたします。
次に、議題としまして、認可保育園の申し込み状況についてお伺いをします。
これで今年の10月にぱっと入学のタワー等の入居が始まったこともありまして区内の人口は19万人を超えて保育園のニーズもこれまで以上に高まっているところだと思います。
どの程度の方が希望する園を利用できるのか、また待機児童が出るとかそういった点についても気になるところではありますけども、今回現在申し込み手続きの状況ということで、こちらが滞りなく進んでるかというところについてまず確認ができればと思います。
おいては全員も言及がありましたけれども、今回の申し込みにあたっての定員というところをですね、私の方でも全員が若干3から5歳児中心に減ってるなというところは認識があったところでして、細かなところについては先ほど答弁で明らかになったところなんですけども、全体のその店員という意味でいうと、真意も解説ところがありますのでトータルの枠としてはその0から5歳児の中の悪としては増えているのかなという印象を持ったんですけどもそこについてもあわせて確認ができればと思います。
お願いします。
委員長。",2025/11/17,子ども子育て高齢者
保育課長,"はい。
まずは申し込み状況についてでございます。
先ほども答弁させていただきました通り令和8年のち令和8年度4月の申し込みが11月4日から開始されたところでございまして、例年最初の一、二週間は窓口人が比較的穏やかな傾向にはございまして今週あたりから徐々に移行込み始めていくかなというところなんですけれども今年度はですね、ぴったりサービス、国のぴったりサービスから使い勝手の良い5Home0の申し込みをシフトしたこともございまして窓口は例年以上に落ち着きを見せているというふうな本当に最初の一、二週間様子なんですけれどもそういった印象を感じているところでございます。
その後2週間でもしかしたら例年以上に集中する可能性もあるかもしれませんけれども現状のような状況でございます。
そしてもし定員の総合的に増えてるのは減ってるのというところでございますが、先ほど申し上げたように、一部減らしてるところもありましたが、増やしてるところもございまして、トータルとしては昨年度と比べて、100111名の増員となってございます。
はい、ありがとうございますまだ募集の途中というところで、まず前半、今半ばぐらいだと思いますけどもところで状況確認をさせていただきました。
まずは現状としては緩やかというところと、あとLoGoフォームですかね。
あちらの方で利用していただくっていうところで、ある程度落ち着いてるということで、さしていただきました。
はい、若い世代はもちろん利用される方が多いところだと思いますので、こういった電子申請紙の申請から電子申請のシフトというところについてはこれ以上今後も進んでいくところが思いますので、かつお互いおそらく今後の定員の調整ですとか、割り振りに関してはお互いメリットがあるところかなというふうに思いますので、そちらについてはぜひ積極的に周知というところをお願いできればと思います。
あと定員についてはこちらもありがとうございますトータルでは111名増加というところかとこちらはまさにその0から2歳児ですとか、阿蘇山から5歳児ですとかそういったところの年齢の部分で、当然ニーズっていうのは変わってくるところかと思いますので結果的にどうなるかというところはまさにこれからのところだと思いますけども、順次増やしていただいてるというところについてまず感謝いたします。
はい、1階の話はこちらまででして次に学童クラブに関してお伺いをいたします。
こちらについては先日の一般質問において学童クラブとプレディの適切な周知という点について問題提起をいたしました。
定員が限られる中で、個々の個性を踏まえた上で、選択側のされるべきですそのためには各々の学童クラブプレディについて適切な周知がなされるべきことを申し上げました。
こちらに対して、次年度の公募においては、この二つの事業を合わせた冊子を作成しても案内をする旨の御答弁をいただいたところと思っております。
この点について今回その募集の時期という点について確認ができればと思います。
例年ですと大体12月頃に学童クラブの募集があって、その終わった後ぐらい1月頃にプレディの募集の案内が来ていたような認識です。
今回お知らせを一体化するというところで、この募集の時期がどうなるかというところについて、現状の見込みというところでお伺いができればと思っております。
お願いします。",2025/11/17,子ども子育て高齢者
放課後対策課長,,2025/11/17,子ども子育て高齢者
川勝課長,"はい、次年度の学童クラブとプレディのあの募集時期についてでございます。
こちらにつきましては例年ですね、入会審査の実施有無といった違いですとか学童クラブとプレディの重複申し込みを防ぐという観点から、あの金は委員御案内の通り12月から学童クラブの利用申し込みをプレディ先行して、行う受け付けているところでございましてプレゼンについては、登録いただければ50に使えるお使いいただけるというような運用もしていることから2月から登録の申し込みをしているところでございます。
こちらにつきましては来年度についても同様ですね、学童クラブの申し込みをフェリーで先行して行っていく予定でございます以上でございます。
ありがとうございます募集時期というところに関しては同じということで理解をいたしました。
そうするとすみません細かいところであるんですけども同じその書類冊子としては同じだけれども学童クラブは例えば12月末ですとかそういう1月の3日4日ですとかっていう記述があって、同じ書類の中にプレディだとこの2月ですか。
別の申し込みの締め切り期間というのが設定されるっていうことで、委員長そこで合ってるかっていうところを確認させてください。
お願いします。
委員長。",2025/11/17,子ども子育て高齢者
他5対策課長,"はい、あの、議員ご案内の通り学童クラブにつきましては中例年12月から1月上旬という期限で締め切りございます受付期間してございますので、学童クラブ中ではその期間で受付をさせていただく。
受付いただく予定で進めております。
また、プレディに関しましては人が人が例年ですと2月以降というところで春休みの利用については受付をしてるところでございますので、その旨主募集時期につきましてはその冊子の中できちんと記載をすることで皆さんの方にご理解いただきたいというふうに思ってございます。
以上でございます。
はい、ありがとうございます。
はい、後藤にも申し上げた通りなんですけども、私自身が学童クラブの利用者でして、保護者の方々と接点を持つ中で、またいろいろ相談を受けて中でもですね、やはり学童クラブとプレディのの特徴ですとか、どういったものかっていう中利用をされない状況で、申し込んでる方って相当いらっしゃるというふうに認識をしているところです。
今回の冊子が同じになるっていうところでですね、一つまず、それぞれの制度があるんだってことを理解できるというところはありますし、ぜひその利用者がわかるような形で周知いただけたらというふうに思っておりますので、こちらについて引き続きよろしくお願いします。
次に、学区こども計画に関連して子供の意見聴取の取り組みについてお伺いをします。
この週末に全国有数カウンシルサミットというものに参加してまいりました。
これ子供若者が中心になって、行政に関する課題などをついて課題などについて提言をするような活動を行っている各地の団体の事例を共有する場でございます。
様々な事例報告がありましたが、特に愛知県新城市において、10年近くの実績がある。
若者協議会というものがございました。
こちらの職員やメンターOBの方々が助けは借りつつも、子供若者当事者の方が半年以上議論をした上で、市長に対して答申を出して、その内容によっては予算が作られる予算案が作られるそして実際におおよそ毎年1000万円程度の予算がついて自生活動を行うというようなプロセスを確立されているという話を伺って本区において本年4月にこども計画を策定して、こども基本法やこども大綱に沿った施策をまさにこれから展開していこうという段階かと考えております。
また、開催は残念ながらされておりませんけれども、子供子育て会議には若者委員も選定されこれらの議論が良いが積極的に関わっていただくことは期待されているところかと思っております。
具体的な施策については予算を伴うようなものもありますのですぐにというわけにはいかずこれは次年度に期待するところではありますけども本年として、これらの意見聴取というところに関して現状どのような形で今年度、動かれるのかっていうところについて確認ができればと思っております。
よろしくお願いします。
委員長　子供子育て支援課長子供子育て支援課長子供子育て取材ました子供若者のですね、意見徴収の件でございますけども、ご案内の通りですね、昨年度末に子供計画策定されまして、もしそういった中で子供たちがわからない意見聴取区政への参画といったところのそういったところをお示し目標として挙げてるとこでございますけども、今年度につきましては、まず子供子育て会議こちらの方に若者委員が2名入っていくっていうことで今後ですね12月以降になりますけどそこしたら会議の方に参加していただいて、様々ご意見いただければなというふうに思ってるところでところでございます。
また、ですね、子供の権利のリーフレットをですね今年度作成する予定でございまして、そちらの方につきましてはこの10月11月ですね計2回でございますけれどもそういったワークショップを開催ししておりまして今月もあと最後1回行うことでございますけれども、そういった中で、お申し込みとしましては小学生の低学年から中学生までということで、当初申し込みはですね50名以上の申し込みがございました。
10月に行って1回目のワークショップでは、全員参加というわけではございませんでしたけども、30名近いような子供たちがですね参加していただいて、様々なゲームをやりながら、そういったいろんな子供の権利に関する意見交換なんかをしていただいたところでございまして今月のそのワークショップにおいて、リーフレットの案を皆さんに出し合っていただくという流れになっているところでございます。
それ以外のですね区におきましては、例えば勤務の方で行ってます20歳の集いの実行委員会ですとか、環境の部分が起こってます。
ゼロカーボンそういったところの取り組みを持って行っておりますのでそういった中で区といたしましても、今後ですね、そういった行動も若者の意見を聴取していくこれ全庁的な取り組みだと思っておりますので、今後そういったところをしっかり捉えてツアー施策に反映させていきたいというふうに考えているところでございます。
以上でございます。
はい、ありがとうございます。
こちらの直接の関わりとしましてはその下子供子育て会議、若者委員が入っていただいてそこで意見をいただくというところとリーフレットの作成というところで伺いましたこちらに関しては50名程度応募があったということで非常になんか盛り上がりを感じるなというふうに思ったところです。
他にも先ほどご紹介いただいた通り20歳の集いですとか、チーム感もゼロですとか、様々に今回他部署で対応いただいているところかと思いますけれども、こういった盛り上がりをさらに広げていくことができればと思っておりますので、ぜひ次年度にも期待しておるところですので、引き続きよろしくお願いいたします。
はい、次にですね介護現場のカスハラ防止というところについてお伺いをいたします。
先日本部においてカスタマーハラスメント防止基本方針が指名さん策定されました。
これは職員等への方ハラスメントの防止のための考え方を示すものでその背景には一定程度の割合でこの程度笠原への経験があるという実態がございます。
介護の現場においても同様の調査があるようでして、という前線などによる調査によれば、介護職の関係回答者の47.6%が何らかの迷惑行為を受けてるというような調査がありましたまた日本介護支援専門員協会4月に公表した結果によれば、ケアマネの37.7%がカスハラを受けたと冬に回答されると言っていると思うことです。
本部の調査で同様の回答は24%ということで、あくまで全国の数字ではありますがかなり高い水準にあるように思います。
業界として慢性的な人不足が指摘される中でこれらのハラスメントが起こりうるということは、まさにこの傾向を加速化しかねないものということで対策は企業と考えております。
介護現場におけるカスハラに関しては東京都によって相談そう総合相談窓口が設置されてることを把握しておりますけども、こちらのような個々の現場でのこれらの事態が発生した場合の相談体制や、その中での本部の役割、またその相談の状況などが把握されていればお示しいただけたらと思います。
お願いします。
委員長　介護保険課長介護保険介護現場でのカスタマーハラスメントについてですけども、ケアマネージャーであったり、介護職員については利用者の方に直接サービスを提供。
直接触れて提供する上であったりとか自宅でサービスを提供することが多いとか。
あの生活と健康のためにはなかなかサービスを中止することができないといったような状況から、カスタマーハラスメントを一般的に起きやすいというような認識もありございます。
その中で今は委員ご紹介いただいたように、東京都もカスタマーハラスメント防止条例を4月に施行しまして早速ですね、介護カスタマーハラスメントの窓口も設置をしたということです区としましても以前からですね区またはお年寄り相談センターがあの会合のケアマネであったり、事業者支援という立場からですね、相談というのは受けてきたところです。
この4月以降でというか近年ですねそういったことがすごく増えているかというような状況にはなくてですね、なかなかですね、カスタマーハラスメントというものとその支援の難しいケースですねいろいろ生活が難しい中でどういったサービスを組み合わせるプラン立てばいいけばいいかというそういう困難ケースっていうのを線引きするのは難しい。
非常に難しいところではありますけどもそういった相談がポスト特別に増えているというところではないことから、考えますとこれまでも対応してきたところですけども、例えば法人での対応ということでこういったカスハラに対する対応の方針であったりマニュアルの作成またですね契約書であったり重要事項説明書等にきこういったことが起こった場合は契約を解除することも辞さないよというようなところを一部入れるといった様々な対応をこれまでもしてまいりましたので、一定程度ですねそういった対応がなされているというふうにあの子としても捉えております。
区としてもですねただ昨今ですねカスハラ問題非常にやはり重大な問題と考えておりますので、事業者、職員向けにですね、研修等も行ったところです。
区としてもですね今後の東京都とも連携を図りながら、介護職員がですね、働きやすい環境もいうふうな、あの環境作りに繋がるようにですね、引き続きの支援依頼や対策をしていきたいと考えております。
以上です。
ありがとうございますまず元々とも相談窓口があるっていうところとかお年寄り相談センターですとか、適宜相談いただいてるというところ。
あとこの他研修等々様々に御対応いただいているというところではい理解をいたしました。
実態としてはそれほど増えてるというところではないということで、それは良かったかなというふうに思っておるところです。
本区としましてもこちらの方針の直近でできたばかりという状況ですので、いろんなところでポスターを貼ってそもそもこういうものがあるんだっていうところも認知ってところがまずあるかと思いますのでそれに合致するような形でそういった問い合わせ等もまたこれから増えてくるところだとは思っておりますのでそこについてはまた適宜対応いただければと思っております。
一点区のホームページにもとも相談窓口Gについての連絡先ですかねものについてなんか自治体によっては結構こちらのページそのもとでこういう相談窓口がありますみたいなことが書いてあるところもあれば、本区においておそらくなかったんじゃないかなと思いますけどもそちらについてももしな内容であれば掲載というところもぜひご検討いただけたらと思っております。
最後に育児支援ヘルパーの事業に関してお伺いをいたします。
本事業は妊娠中や、または出産後で育児や家事の支援を必要とする家庭に対してヘルパーを派遣することで家庭の負担を軽減するような事業であります。
これ核家族で近隣に祖父母など助けもないような家庭にとっては非常にありがたい事業だとは思いますけれども問題はその費用負担の部分です。
世帯所得が636万4001円以上の場合には2時間5000円という最も高い水準の利用者負担となっております。
一方で本区における世帯収入について子供計画策定に際してのニーズ調査によれば就学前児童のいる家庭で年収600万円以上の家庭は9割以上と成っております。
これらを踏まえますと本事業を利用されてるそうな相当数はこの上限の金額を支払っているのではないかというふうに思います。
また、その費用負担によってによって、本来は必要な方も十分利用できてないような側面も考えられるところです。
こちらについては昨年の時点で若干の見直しを行っていただいたというところは確認しておりますけども、依然として例えば千代田区で1時間当たり1000円港区で2時間当たり2500円江東区で1時間500円などの近隣区の状況を見ますと依然として相対的に高い位置にあるのかなと思います。
所得階層を分けてオープンに負担をという理念は理解するところですけども、先に挙げた通り、薪割近くを占める世帯が該当するような状況を踏まえますと、これらの理由さんによって利用控えるということも考えられ、本来の施策の意図というところについても十分に果たせないんじゃないかというふうなところもちょっと危惧するところです。
これらを踏まえまして確認させていただきたいのはこちらの所得の段階でのその利用の割合というところと、あとはこのTACとの比較というところを踏まえた今の価格設定の妥当性というところをに関して確認できればと思います。
お願いします。",2025/11/17,子ども子育て高齢者
子供家庭支援センター所長,"はい、ではまず育児支援ヘルパー事業を使っています利用者の所得の階層の割合というところからお答えさせていただきます。
本事業の区分ごとの実績、今年度ですね4月から10月までの実績は10117家庭が利用しておりまして403万9000円以下の1階層の方がおよそ30%で403万9000円から646万4000円までの間に階層の方がおよそ7割、全て7%そして636万4000円以上の3階層の方が63%となっているところでございます。
令和6年度、本事業見直しておりますけれどもそれ以降昨年の7月から3月までの実績においてもおおむね同じような割合になっているところでございます。
0-5年度制度化へと見直す前でございますね。
令和5年度料令和4年度につきましても、おおむね同じような割合で推移しているところでございます。
そして料金の設定といいますか他区との比較というところでございますけれども、本事業の場所とか基準額につきましては、あの.のホームヘルプサービスのあの所得基準額というのを参考にして、区で利用者負担額を定めるなど制度設計をして運用しているところでございます。
昨年の6月に本事業を含めた既存の子育て支援サービスを子育て家庭の多様な一時保育事業、特に臨時緊急的な事情のときに、活用していただきやすいようにということで、6階層あった所得区分を3階層に簡素化しまして、全ての階層の方の本人負担額を減らしたところでございます。
今委員ご紹介ありました通り、筋肉におかれましては、一律1000円。
ただ、利用者負担額が定額であったり、なおかつ定額かつ減免制度を設けていたり、金額ですとか条件の方様々あるかと思うんですけれども本区におきましては403万9000円以下は保護者負担をいただいておりませんで、この辺り近隣区と比較しましても所得の低い層といいますか、の配慮といいますか経済的な負担の軽減は図れているのかなというふうに考えているところでございます。
こちらの事業につきましては昨年負担額の見直しを行っていこう。
利用者の方は増加傾向でございまして、保護者の方からも一定程度ご理解いただいているのかなというふうに思っているところでございます。
産前産後に家事育児支援を必要とするご家庭が過重な金銭負担をことなく、安心して子育てが行えるように引き続き、区民目線に立って事業運営の見直しですとか、工夫の方を行っていきたいと思っております。
以上でございます。
はい、階層別の割合のところについてお示しいただきましてありがとうございます。
やはりもちろん1位の快走403万9000円以下の階層の方がある一定程度いらっしゃるというところは、あったと思うんですけども、やはり3階層634万9001円以上のところが6割以上ということで、やはりこの辺の世代割合の所得、階層の方が多いというところは、実態としてあるのかなというふうに思ったところです。
はい、あとはご指摘いただいた通り、その400万円以下の設定の部分が無料になっているというところ確かにお宅の場合ですと、例えばその所得制限特になしっていうふうな形で記載されてるものもありますので、それはイコール所得が低い方についても一定程度支払っていただくっていうところではあるのでそこに関してはもちろんその価値がある部分なのかなというふうに思いますけれども、先ほどご説明の中でもおっしゃっていただいた通り、その金額を当然昨年2024年ですかね。
2番下げられたことによって若干増加傾向という話もあったかと思います。
その辺でやはりその金額の部分がネックになって使われていないというところが実態としておそらくある部分もあるからこそ、金額を減らすと、増加傾向にあるというところになってるのかなというふうに思っておるところです。
ですのでお宅の状況等も踏まえあと全体の財政状況等もいわゆる話にはなるかと思いますけどもこちらももちろん意義というところについては重々ご理解いただいてるとこだと思いますのでその辺の費用負担の部分も踏まえて、今後の改善というところにぜひ期待したいしたいと思っておりますので、引き続きよろしくお願いいたします。
私からは以上です。
ありがとうございます。
はい。
私の方から理事者報告資料にまた議題いいから質問を進めていきます。
まず資料に私立認可保育所における不適切保育保育事案に関わる報告書についてでございます。
再発防止にとり本区としても取り組んでいくということが、経過など背景などが示されております。
また、特に大切なところでいいますと、主な再発防止策が大切なところかなというふうに私も思っております1点目に、職員間の連携強化、や複数の目が関与する保育運営保育室のレイアウト改善、保育記録カメラ活用の推進2点目が、延長事業者による職員や園児状況の把握、保育士が働きやすい環境作り3点目に、区が巡回指導の見直し相談通報窓口の明確化保育記録カメラの設置支援、検討等がございます。
この再発防止をする中で、次に同じことはさせないというこの区のその考えが私も伝わってきます。
再発防止の中で、まずこの今回は私立認可保育所ということで書いてございますが、この全ての保育所に例えば保育記録カメラの設置の支援などがされるのかそのまずお聞きしたいと思います。
委員長。",2025/11/17,子ども子育て高齢者
保育課長福課長,"はい。
このほど保育カメラにつきましては基本的にまず私立の方は市営し私立の方につきましては、あの設置を希望する園につきまして、あの補助検討しているところでございまして、効率もあわせて設置のところを検討している状況であります。
以上でございます。
委員長ありがとうございます。
はい。
希望されるところに設置を支援をしていくということでございます。
また、保育室のレイアウトの改善とかですね、例えば見やすいとか、そういったことを考えられるとは思います。
本区としては巡回指導にすごく力を入れてきたということで各からも様々なご報告いただいているところだと思いますがこのレイアウトの改善と、指導の見直し、端的に教えていただきたいと思います。",2025/11/17,子ども子育て高齢者
保育課長,"はい。
はい。
今まではやはり園の各園の構造に合わせてそれこそ園が運営しやすいように保育しやすいようにというところで、ついては、特にそんなにそれこそ物が落ちやすいとかそういったことで子供に危険がない限りはそこまで行っては来なかったんですが今回の件を受けましてやはり全体的に視覚視野が広く広く、他の先生とか他の園児の様子が見れるような空間作りが必要だねというところございましてその辺のところにつきましては今まで以上にこの状況だと資格が多いんじゃないかなどなど、そういった視点でもしっかり見ていきたいなと思っております。
それで巡回のところにつきましても、今までも園長に限らず、いろんな先生にお声かけてきたところではございますけれども、今まではどちらかというと何かあったときに先生指導の仕方大丈夫、これ大丈夫っていうような何かを発見したときに声をかけるというところだったんですが、やはりそれだけではなくて、その園の健康状態がどういう状況かっていうのは、黙ってて、淡々と保育をしている人方が他にも何か思うところがあるかもしれないというそういう視点を持ってできるだけ声をかけていく。
あの声をかけながらいろんな話を聞いてて、区もあなたたちの味方だから何かあったら教えてね状況によってはこのほの方から事業所に協力依頼をするよというような、もっと入り込んだ視点でですね巡回をしていきたいなというふうに考えておりましてもう早速その辺はしっかりと取り組んでいるところでございます以上です。
委員長ありがとうございます。
やはり人間が何て言うんですかねお子さんを接していくということで、保育士さんの方も人間だと思います。
そういった意味で、この区の巡回指導を見直し、更なるこの取り組みをされるということで安心しましたまた、希望される園に保育園保育所に対して、この保育記録カメラの設置支援というのをしっかりとやっていただいて、またあの設置場所の選定とかまたプライバシーとか配慮とか運用ルールの策定などなど様々そういったことも含まれてくると思いますので区としてもしっかりと支援をしていっていただきたいというふうに思いました。
ありがとうございます。
続きまして議題Eの中で2点お話さしていただきたいと思います。
認知症施策の中から、高齢者補聴器購入助成物忘れ予防検診について質問をしていきたいと思います。
まず一点目が、高齢者の補聴器購入費助成でございます本区では高齢者補聴器購入費助成は、諸聴力の低下による、ヒアリングフレイル聞こえの衰えが原因で社会的孤立や認知機能低下に繋がる状態の予防に有効に働く可能性があります。
この補聴器の導入を経済的に後押しすることで、聞こえ、聞こえの改善や社会参加認知症予防に繋がると考えておりますここで質問でございます高齢者補聴器購入費助成制度がこの8月1日からリニューアルされ、助成金額も増やされたと認識しておりますまた、過去に過去にこの1回受けた5年、過去5年間、交付金の交付を受けてない方も再交付の申請が可能になったそのようなことが記載されております。
しかし、まだスタートがもない良いところでございますが、この助成金について区民の声や所感などございましたらお聞かせいただきたいと思います。",2025/11/17,子ども子育て高齢者
超高齢者福祉課長,、高齢者福祉本区では従来から65歳以上の区民の方に補聴器の購入費用助成しておりました。,2025/11/17,子ども子育て高齢者
ごろ委員,"おっしゃいましたように、近年は補聴器の使用による認知機能抑制効果が注目されていましたりまた物価高騰により補聴器の価格が上昇しているということから、その助成額や対象者を本年8月から拡大しております。
こちらもちょっと重複してしまうかもしれないですけれども具体的にはあの助成額を今まで一律3万5000円だったところを、住民税非課税の方は7万2000円に引き上げましてまた住民税課税の方については所得制限を撤廃しました。
で5年以上経っていれば再交付申請もできるように対象者を拡大したところです。
このように事業のない内容を変更しましたところ、とですね昨年度の助成件数が109件、合計でございましたけれども今年度はやはり8月以降の申請が多くなっていて本年4月から10月末までで、128件の助成をしておりまして既に昨年度の1年間分を超えているという状況になっております。
この授業につきましては、特に利用者さんはからお声が区に寄せられるっていうことはないんですけれどもこういうふうに以前より多くの方にご利用していただいているということは、今回の事業内容の変更が、高齢者の生活の負担を軽減しているということですとか補聴器を継続装用していただくことで、会話が聞き取りやすくなって、円滑なコミュニケーションに役立っていると考えておりますので、今後も、認知症施策の一つとして実施してまいりたいと存じます。
です。
委員長　ありがとうございます。
今昨年度よりも、現在4月から10日10月まで、4月から10月までで128件ということで、反響があるそういうお話でございます。
心配なのは予算の方なんですけども、その点については、大丈夫なのか教えていただきたいと思います。
委員長。",2025/11/17,子ども子育て高齢者
高齢者福祉課長,,2025/11/17,子ども子育て高齢者
高齢者福祉課長,"はい。
予算につきましては、やはり8月以降は課税の方が特に今まで所得の関係があって申請できなかったということもあったので、増えるだろうということで、ある程度多く予算を要求しているところですので、こちらにつきましては今のところはこちらあの後は定額ですので7万2000円か3万5000円というところで、大体課税の方も非課税の方も同じぐらいの割合で申請されてきてるというところは今までと変わっておりませんので今のところは予算の中でできると思っております以上です。
委員長　ありがとうございます。
予算がまだ底ついてないということでまたこのやはりリニューアルされたやはり皆さんにPRしていくっていうことも意外とそういった難聴の方がそれだったら私も購入してみようかなっていう背中を押すそういったことにも繋がると思います。
また、この補聴器の購入助成は、単なる経済支援にとどまらなくて、高齢者の聞こえ、聞こえを守り、またあの社会参加を維持することによって、ヒアリングフレイル予防に直結する制度です。
聴力低下を放置せず、補聴器を導入することが健康寿命の延伸にも繋がるというふうに私は感じました。
続いて、でございますが、物忘れ予防検診についてでございます。
本区では認知症の疑いを早期に発見する物忘れ予防検診を実施しています。
認知症は誰にも起こりうる脳の病気で、対応が早いほどお天気適切なケアや治療の開始により、進行を緩やかにすることが可能と言われており、今後の生活の阻害をすることができます。
忘れ予防検診は受診費用費用を無料で、65歳、70歳、75歳を対象に、受診の案内がされております。
そこで、ちょっとお伺いいたします。
ここも8月1日よりということですが、スタートもないですが区民の皆様、また区の御所感などをございましたら教えていただきたいと思います。
委員長。",2025/11/17,子ども子育て高齢者
介護保険課長,"はい。
はい。
本年8月から開始しました本町の予防検診事業についてであります。
今は3ヶ月、8月9月10月と3ヶ月の実績を申し上げますと、受診者がですね、合計で121人受診されております。
事業開始時の事業者の対象者がですね、高齢者の方が3741人と、いうことで、約3%ぐらいですね。
この方がまだ受診今受診されてるということです。
その内、有所見者という形で、精密検査というか詳しい所、検査が必要なんじゃないかという。
いうふうに繋がった方が3人いらっしゃいます。
その方につきましてはお年寄り相談センター、あの等に引き継いだりですね、また適切な医療に繋げたりということで、サービスに繋げることができるというのを確認しております。
また、この認知症の疑いがあるかないかというだけではなくてですねそういった形で生活にお困りの方、もう一緒にこうやって発見するというかですね、話を聞く機会になりますのでそういった意味では、適切なサービスに繋がるかなというふうに思っております。
やはり区としては、もちろんその早期発見というところもそうですし、この事業をきっかけに認知症ということを今一度考えて自分事として考えていただきたいというとこもありますので、そういった普及啓発に繋がる。
ありがたいなと思っておりまして、まだまだ先ほど紹介したように受診率高いとは言えない状態ですので、今月ですね11月中にまたまだ未受診者の方に対して勧奨のはがきをお送りしまして、引き続き更なる受診率の向上というところに努めていきたいというふうに考えております。
以上です。
委員長　角屋委員ご答弁ありがとうございます私も物忘れ予防検診がスタートするという中で、地域の方ともお話したりとかしました。
最近物忘れが多いとかそういったお話って日常でてくる。
ことだと思いますそういった中で中国としても、この物忘れ予防検診を進めていくっていうお話をすると、それであれば私も受けてみたいなっていうような、そういったお声なんかもいただきました。
そこで、ちょっと要望なんですけども今回受診費用を飲む量が65歳70歳75歳という対象者ということで、まして、このそれ以外の方への拡大っていうのができると何かもう少し広がりもあるのではないかなというふうに思っておりましてお話を伺った中で、そういった何て言うんですかね65歳70歳75歳っていうことで私は対象じゃないわっていうふうにお話もあったんですけどもその点について本区としてどのようにお考えなのかご答弁をお願いいたします。
委員長　介護保険課長介護保険本事業の対象者のあの年齢についてでございます。
今、委員ご紹介あったように65歳70歳75歳ということで、この事業はですね認知症を考えるきっかけになってもらいたいということで今回節目もう年そして年齢を設定した65歳認知症がですねちょっと気になるとか発症が増えてくるといった65歳から節目の年という形で解消したところです。
あの本事業がですねまだ今年度始まったばかりというところもございます。
もちろんですね皆、区民からのご意見の中で、対象外私も受けたんだけど対象外だろうというご意見も確かにこの方には届いております。
その際にはですね、区としてはちょっと対象外ですけども今自分でできる認知症のセルフチェックのリストというものをございますので、こちらをですね定期的に自分でチェックしていただくことで、もし少しでもそれが、あの数値がちょっと低下してきたということであれば医療機関にご相談くださいというふうにご案内をしております。
いずれにしましても、こういったご意見であったり、協力いただいている医療機関である医師会等にもご意見を頂戴しながら、ちょいただきながらですね、今後その対象者については引き続き検討してまいりたいと考えております。
以上です。
委員長受信率向上、また先ほどのこの年齢ですね、ご検討いただければなというふうに思います。
きっかけということで、やはり私も何人かの方が認知症になったというか、その前から付き合って付き合ってる方っていう形でね、知ってる方ですけども最初なんか話がなんかなんか変だなっていうか、ちょっと気がついたんですけども認知症なのかっていうところまでは私は行かなかったんですけども物忘れ予防検診これからもしっかりと力入れていっていただいて、受診率向上を、今、先ほど勧奨手紙三つですかね、出していただくっていうことですけども、しっかりと物忘れ予防検診、またこの事業をですね、しっかりと進めていただきたいなというふうに思いまして、私の質問を終了いたします。
ありがとうございます。
はい。
よろしくお願いいたします。
子育て支援として、子供食堂についていくつか確認させていただきたいと思います。
子供食堂は全国的に増えている状況だと思います。
それはあの地域の方々の善意と情熱によって支えられており、子供たちにとって大切な居場所の一つにもなっていると考えております。
その中で、あの、栄養面や衛生面についてどのようになっているか、区としては民間のところですがどのように関わってどのようにその観点を見ているかお聞かせいただけたらと思います。
保健部参事福祉保健部単位子供食堂についてでございます。
本件につきましては、みんなの食堂といったところで、子供の孤食やは高齢者の孤食そういったところをも含めた形でのみんなの食堂というのを行っているところでございます。
こちらにつきまして衛生面というところでは、委員長保健所の方に届け出てといったところを社会福祉協議会の方でそういった相互相談があるとそういったところをお話させていただいているところでございます。
栄養面につきましては月に1回程度今やってるような食堂が多いところもございまして特にす。
そこをすごい栄養価を気にしてといったところまでやっているところがあるかどうかちょっとこちらも把握はしてないんですが時々行くところにあれば、行くところを見ますとやはりあの子、子供たちとか高齢者が喜びそうなものを作って野菜もある程度っていったところである程度栄養も考えてはいると思うんですが、特に栄養士さんが入ってそこも計算してというそういったところまではやっていない状況だというところでございます区の支援としましては社会福祉協議会を通じまして、そういったところに支援を助成金を出しているようなところでございます。
以上でございます。
はい。
ご答弁ありがとうございました。
本区におきましては、みんなの食堂ということで、子供なら済み高齢者の皆様にもご提供していて、いる状況ということを考えました。
また、社会福祉協議会を通じて支援を行っているということで、できましたら大変いいことをやってる皆さんだと思いますが、衛生面も栄養面も今後量量の拡大だけではなくて質の確保も見ていっていただけたらと思いますので、引き続き地域と区も連携していただきたいと思いますので、今後もどうぞよろしくお願いいたします。
次に、もう一つご報告いただきました市立保育認可保育園による不適切保育事業事案なんですけども保育の虐待についてなんですが、個人情報っていうのが今厳しくなっていてなかなか情報共有も虐待した方の保育士等外保育士の方の情報も共有はされない。
状況ということで確認だのかどうか、正確に確認させていただきたいと言うなど、保護者の方々が不安になるのはあまりよくないと思うんですけども、噂はどうしても流れてしまうと思うんですねこういう方が来てるらしいとか。
どういう先生だったのかしらってご父兄の方は、大事な子供を預かってるお預けしてるわけですから気になるわけですがあの情報共有、重大な過失の場合は免許の取り消しなど国でやってると思うんですがまた他のところに移ってしまえば、法人としては共有しているかも可能性もありますが情報共有は地域によって和解供与されないということで、その予定について、今後繰入またの情報共有もしていくべきと私は考えておりますが、国に提言するとかその点の情報共有について不安がすごく受けの方が不安を持たれるような今後の対策についてお聞かせいただけたらと思います。
委員長。",2025/11/17,子ども子育て高齢者
保育課長,"はい。
今回虐待をしたという保育士につきましてのその個人情報どこまで伝えるべきかっていうところは本当に事業者ともお話をするところもありましたけれども、やはり個人情報というところがございまして、起訴されたりとかそういった警察とかも入ってくる中でなかなかそこのところについてお伝え皆様にできなかったところではございますけれども、やはりはっきりとはわからないはっきりとはお名前を伝えられない中でも、もうそのことがわかった時点で次の日からもうその保育に就かせていないというところから皆さんは薄々メーカーそういうのがわかるところではございまして、ただ、詳細についてまだ審議の段階でなかなかそれをこの人がこういうふうにやりましたっていうとこをお伝えはできないところがございました。
はい。
そういったご不安はあるところではございますかそういうのを引き続き事業者との共有しながら対応していきたいと思っております以上です。
はい。
ご答弁ありがとうございました。
問題があった問題を起こしたところではお勤めできないということでまた他に移ってしまえば継続した資格が剥奪されない限りは、食薬処の職に就けてしまうということが重要ではないかなと思ってますし、噂でいろいろ憶測で、父兄の皆様があの心配になっていろいろつつ、か噂する方が良くないと考えておりまして情報共有は一定のところで情報共有をして、雇うかやらないかって今後そういうふうに国がやっていくべきだと私は考えております。
また、本区におきましてはしっかりと今後の対応もあの店に防げなかったか法人としてしっかりと経済的にミックとしても検査を行ってないかと今後しっかり把握していただき、また全国的に虐待っていうのは今後も増えていきますたくさん起きてるわけですから防ぎようがないっていう部分もあるかもしれませんが、しっかりとあのカメラの設置も今後拡大していただいて、一番大切なお子様をお預けしてるわけですから、あの虐待との悲しい事案が今後起こらないようにできる限り力を尽くしていただけますよく思うよろしくお願いいたします。
ありがとうございました。
それでは初めに報告事項1の福祉施設の指定管理者の評価結果について伺います。
指定管理者制度というものを、自体にはずっと反対をしている立場ではありますけれどもこういった事業者が適切に選ばれるようにということで、この方でも評価の方法などの見直しも指定いただいているということをです。
資料でも、昨年度からの変更点として、5の水準が保たれているものの3年間、その内容に変化がない項目については得点を原則4にする。
とかそういった仕組みに変えています。
これまで通りの努力をしていれば5という評価が受けられると、得られるというわけではなくて、毎年さらに努力改善もしていかないと、応募が維持できないと、そういうことをです。
90点合計得点が90点以上という場合に総合評価は本来はプラスで非常に優れているとなっているものでも、項目で3があった場合には総合評価をとして、それでも優れているわけですけれども、指定価格下げするとか、項目で2以下の評価があった場合には総合評価をし改善が必要である。
格下げするとか、何か一つでも大問題が大きくあれば、その他の点数が良くても、総合評価に厳しく反映されるとそういう仕組みになっていると思います。
こういった評価方法でいろいろ工夫されているというのは大変大事なことだと思うんですが資料報告されている事業者の評価の結果、いろいろ見てみますと、3年間、新たな取り組みがなしということで、評価基準が5から4に下がったというところもかなり多くあるなという印象をです。
4が悪いというわけではないんですけれども、新たな取り組みがずっと4と、ただ4から3に下がるということはないということなのでずっと新たな取り組みがなくても4だけはずっと維持できるという。
仕組みになっていると思うんですけれどもこういうことで新たな取り組み、努力をしようというモチベーションに繋がっていくのかどうかという、その考え方についてお示しいただきたいと思います。
もし、ずっと3年間、新たな取り組みもなく4をずっと維持していたとしても4でも悪いわけではないし、仮に全ての評価が全部読んでも合計すれば80点にはなるので総合評価としては、優れているということを維持できるということになるんですけれどもそういう中でも、努力を毎回し続けるということもなかなか大変かなと思うところもあります。
元々いろいろ努力をしている。
ところであればもう伸びしろがなかなかなくなっていくのかなと新たな取り組みが月でしまうということがあると、どこも4止まりということになってはしまわないのかというふうに思うんですがその点についての考え方をお示しいただきたいと思い言います。
委員長。",2025/11/17,子ども子育て高齢者
福祉保健部参事福祉保健部長,"はい。
この新たな取り組みにつきましては昨年度からの変更点というところで、別紙についてちょっと書き方が大変申し訳なかったんですがさもう令和6年度の評価のときから英語の水準を保たれているものを3年間その内容に変化がない項目がとっても原則4とするというのは0昨年度からやっているところですその横の忠の下線の部分をちょっと適切切な収支というところに関しては、なかなか新たな取り組みもなかなか難しいだろうということで、こちらの部分は外させていただいたところです。
今員がおっしゃった通り、新たな取り組みを3年間しなかったから4というところなんですがこちらに関しましてはこの水準を保たれているというところが気になっておりまして、この部分をきちんと保っていただいていれば4というところではございます。
ただ、やはり、5から4っていうところは新たな工夫がないからだというところをきちんと示した上で、もっとどんなどうにかもっとプラスにできないかというところは、今後事業者とは区と協議しながら進めていくものかなというふうに思っております。
でも、元々こちらはやはり評価委員会の方でずっと高止まりしててそれで単にこのまんまでいいのか高いまんまでいいのかといったご意見もあった中での評価の方法を書いたものでございます。
今後の伸びしろがなくなるかどうかというところで本当にみんな100点満点に行くのかどうかというところもございますが100点満点に行けばいけいっぱいでそれは本当に素晴らしいせ日運営だと思いますので、そこを目指して我々も協力しながら施設運営をやっていただければいいなと思っているところでございます。
以上でございます。
はい、これまでもいろいろこういった評価の中でこれで正しい肥育評価されると言えるかどうかということでは議員の方方からもいろいろ指摘や疑問もされてきたというところがあるというふうに思いますて高止まりしているという状況を高いしていくために新たな方法取り組まれているということ自体は大事なことなのかなというふうに思います。
この中で評価が低う、部分で適切な人員配置特に堀米町児童館などで有給休暇の取得率も35%と低いとか、そういうたことも思うあったり、なかなか職員の不足というものもあるのかなと思うんですけれども、児童館の職員の不足と保育所の保育士の不足、職員の不足等を言うものでは募集をかけた際の応募の状況であったりの厳しさというのは、児童館の方がより厳しいとかそういう状況があるのかどうかという点についても、お示しいただきたいというふうに思います。
評価見ていると保育園の方は国の基準以上の職員体制維持しているとか、高齢者施設などもそうですけれど、きちんと認可基準を満たす適正な人員配置となっていますという評価があるんですけれど自動カーの方はその法令手と手足を合わせてどうなのかという表記があまり見られないんですけれどもこの辺りへの配置の状況というのは、保育園等比較した際どうなっているのかという点についてもお示しいただきたいと思います。
委員長。",2025/11/17,子ども子育て高齢者
放課後対策課長,"はい、児童館についての人員の配置についてでございますこちらにつきましては先ほど委員ご案内のあった大泉町児童館に関しましては、なかなか年度途中に正規の職員の退職がまたですね正規の職員が育児休業に入ってしまったりというところでなかなかその正規職員による欠員補充というのは難しい部分があったんですがその中でもあのた短時間勤務職員をしっかり配置配置することで、何とかあの館の運営には支障がないように取り組みを進めているところでございまして取り組み進めているところでございます。
また、児童館職員保育園の職員とつまりやりにくさというところに関してですけれども、我々も当然事業者の方には人員の配置が話をする際には、その点確認をしているところでございまして、事業者の方もなかなかですね保育園の方につきましては公定価格があってというようなところがあるんですけれども自動化においてはそういう国の基準がないということで、どうしても人件費の単価という部分については児童館の方がやや低くなってしまうというような事情もありましてなかなか保育園と比べると人員配置が厳しいということはわかっているところでございますが事業者側もその点問題意識を持ってございまして、やはり児童館の職員しっかり配置しなければいけないということで人件費については、待遇の引き上げも含めて要望を受けているところでございますので、その点については我々もす予算の中できちんと反映させながら、待遇の改善に努めているというようなところでございます。
また、配置基準につきましてはこちら指定管理の協定書に基づいて、各事業者と区の方で基準を定めているところでございまして、それに基づいて運営をしているといったところでございます。
以上でございます。
点ちょっと補足をさせていただきますと、児童館には閉保育園は、国で認可だの例えば児童子供1人に子供なりに対して何人っていう配置基準ございますが、児童館っていうものに関しての人員の配置基準はございません。
あるのは、学童クラブの運営に関しては子供の数に対して何人の職員配置というのがございますけども、児童館運営全体に関してはございません。
今担当課長の方からご説明させていただいた部分は区立区立の児童館を運営するのに区で持っている職員配置基準等以上の配置をしなさいいう形になってございます。
一番大きなところは、区立は保育士の人員配置で行ってございます。
私立に関しては、中高生対応を中心に中心といいますか中充実するという視点もございますまず、開館時間が長かったり、ですとか中高生を対象とするということから、保育士以外の例えば社会教育主事ですとか、中学校の教員免許持ってるものをですとかこういったものの配置も求めているところでございましてそういった中で、間の運営と全体とそれから区の持ってる配置基準そういったものを見比べながら指定管理事業者の方で配置をしていくというところでございます。
そういった意味で職種が広い部分と、なかなか事業の内容が難しいといったところから採用の方が難しい時期があるというとこだというふうにご理解いただければといろいろ今保育園と児童館の違いもお示しいただいたんですが、やはり区立であれ私立であれ、同じようなきちんと保育が受けられる居場所としての役割を果たせるようにしていくということ大事だと思うので区立はこの職員の配置と同じように保育園と同じ仕組みでやってるということなんですが、私立の方でも引き上げていけるようにその点は区としても援助をしっかり指定いただきたいというふうに思います。
児童館についてその職員の配置とかいうそういう基準というのは大体そしてこれは保育園に準ずるような形できちんと定めていくとかそういうことも協定書の中で進んでいくということできると思うので、その努力というものはぜひ指定いただきたいというふうに思います。
児童館だけでなく保育園もどこでも福祉施設でも職員を集めるということが大変だということですが、保育園、先ほどもお話あった工程価格ですけれども、この委託費算定するために用いられる価格これに含まれる常勤の保育士や調理員の賃金の単価というのは国家公務員の給与を参照にしているということなんですが非常勤の保育士にはこの人事院勧告が適応されてこなかったということで、保育所で働く非常勤の職員の賃金の原資になる国からの補助金が最低賃金を下回っているということが、ここ10年以上続いているということです。
保育所の非常勤職員の賃金の原資として国が定める。
1人当たりの賃金単価が今年度は1日あたり保育士が6150円で調理員等が5000円550円ということなので1日8時間労働として時給に置き換えると保育士が時給768円商品が693円ということで最低賃金の全国平均の1121円と比べても400円も低いと、そういう状況があるということです。
非常勤に対して処遇改善加算ですとか月9000円の処遇改善というのも賃金に加わるということを考えると差はもう少し小さくなるけれどもそれでも最低賃金を切るということで、こういった問題解消していくために非常勤の職員の賃金単価の引き上げということも国の方できちんと進めるべきだと思うんですが、この非常勤の賃金について引き上げの必要性、また国に対しての働きかけというものも求めたいと思いますがご見解をお示しください。
委員長　課長。
はい、課長はい。
委員おっしゃる通り非常勤人の処遇は常勤職員によるよりもどうしても下がってしまうそういったことは実際にあると思っておりますけれども結局今全体的に保育士不足でございましてそういったところでしっかりといろんな候補加算とかの補助とかをしっかりとその職員にちゃんと提供していない事業者に対しては、必然的にあの保育士が集まらなくなるという自助、自浄作用作業作業が起き、起きますので、そういったところでやはりきちんと賃金を払っていく。
それが今本当に厳しい人不足の中で、人をきちんと確保できるというところになっていきますので、もちろん国いう必要なときに訴えかけるというところは必要だと思いますが、まずはそこは事業者として、自助努力で頑張っていただきたいところだと思っております以上です。
私としては国にもしっかり求めてもらいたいという思いはありますが、まず区としてできることとして事業所にしっかりとその非常勤の方にも適正な賃金が支払う。
賃金を支払うようにということも強く指導もしていただきたいというふうに思います。
不適切保育の事故の報告というものもありましたが、これもやはり十分に保育所がいるという状況があれば、防げた問題であったかもしれないとも思います。
あの保育士本人の行動の特性ですとか体調不良ということも書いてありますけれども、やはり保育士十分に配置するということが大事だということを事故の報告書を見ても感じました。
ね報告書の中で、巡回指導も1園当たり平均9回行っているということ、年間で9回ということをですが回数をもっと増やしていくということも必要だと思います。
そのためには巡回する。
職員の方はもっと延長経験者ですとかそういう方もさらに組織していく必要があると思うんですがこの拡充についてどう考えているかという点もお示しいただきたいと思います。
それと東京都の方でも巡回指導を行うことになっていると思いますが東京都の方も人手不足でなかなか巡回の回数増やせないと、こういう問題以前も指摘したことあるんですが、本来毎年行かなければならないものを34年に一度とか、そういう頻度でしか回れない面もあるということだったんですが、東京都の巡回指導というものは今どのように改善されていっているのかという点もお示しいただきたいと思います。
まず先ほどの質疑の中でこの巡回指導などを通じて保育士の方が事業所に対して言いづらいようなことも聞き出して、事業者に伝えていくとか改善を求めるという方法もとっているということで大変重要なことだというふうに思います。
保育士の方も、事業者に対してなかなか物が言いづらいとか弱い立場にあるということもあると思うので必要だと思うんですがもしぐた例として、その保育士の方から聞き取ったことを事業所に伝えて改善されたとか。
そういう例があればそれもお示しいただきたいと思います。
町保育課長巡回資料があの回数についてですが、こちら年に平均9回というふうにさせていただいておるんですが全ての園が平均9平均ですので、順調に回っているなっていうところについては回数も少なく、またちょっとよくしっかり見といた方がいいなこの間ちょっとバスが多かったかなっていうところについては、寒暖差を設けて、しっかりと回っているところでございます。
また、民間の方もお願いしながらできるだけ回数を区の方では巡回するようにいたしている反面、やはりしつこくしつこく行くんではなくて1回指導したら、まずある程度自分たちの中で、しっかりそこを改善していただく必要があるというところは考えておりまして今やっているのが巡回指導で指摘したところ、その場で言うのっていうのははいわかりましたって言いがちなんですが、結構その後に次行った同じ場所が罰だったりすることが何回かあったので必ず行った後に、あのちょっと2週間ぐらい、先生どうですか、そこの部分をこの間指摘したけれどもってますかっていうことを1回一歩入れたりとかしていかなくても、あのその指摘されたところがちゃんと直ってるかどうかの確認っていうのを丁寧にさせていただいているところでございます。
はい。
東京都の巡回指導のあのぐ状況なんですけれども、やはり委員ご指摘の通り、なかなかたくさん多く、あの回数が増えているっていうところは残念ながら確認できていないかなというところではございますが巡回指導しているときには、区の方も一緒に合わせて、あの行かせていただいているというところでございます。
あとは直接お話を聞いて、どういったところが改善されましたかというご質問なんですが、例えばですね。
頭数を保育士の頭数は揃っているんだけれども保育士の回転がとても速いっていうような事業所がございました。
そしたら、頭数は揃っていても、結局安定した保育に繋がらないでしょうというところで、もちろん英語を見ながらこう回っていくんですが、あれまた変わったんですかそうなんです事業所の都合で変わっていることがありますというようなことがありましたら、私の方から事業所に直接電話してやはり安定的な運営にはある程度保育士さんが長く同じ園に行っていただいた方がいいので、そういうところはできるだけ改善案長くいただく行っていただくように事業としても事業者としても配慮してくださいというようなことをこないださせていただいたところでございます。
以上です。
いろいろ改善のために区の方でも努力をしていただいてるということを確認させていただきました東京都の巡回指導は、未だにそのなかなか回数が増えていないということだと、それはやはり問題だと思うので区としてどういう働きかけができるのか増やすようにそういうことも区として要請はぜひ知っていただきたいというふうに思います。
保育所の方がやはり長く働けるということは安定した保育にも欠かせない。
必須条件だと思いますので、その点もぜひ巡回指導もさらに力を入れていただきながら、よりよい保育環境を作っていくためにぜひ頑張っていただきたいということを強く要望させていただきます。
次に、熱中症対策という問題について伺います。
今年の夏品川区が熱中症対策として75歳以上の後期高齢者がいる全世帯に対して、民間事業者による飲料水の配送と高齢者の見守りを実施したということで、飲料水の配送と見守りをセットで行ったのは全国初ということです。
7月下旬から9月上旬まで2回に分けて1世帯当たり500mLのペットボトル24本を配送したということで、飲料水とスポーツドリンクを半分ずつということです。
エアコン、その際委託事業者が配送の際に、エアコンの使用状況ですとか高齢者の体調などを確認した後、タブレット端末に情報を入力すると、本庁舎に届くというそういう仕組みも検討しているということです区と品川区としてはリアルタイムで高齢者の状況把握できるようにして必要な支援に繋げていくということです。
ぜひ中国でもこういった取り組み検討していただきたいというふうに思いますがこの点についてのご見解をお示しいただきたいと思います。
それと事業所も熱中症の高齢者の事業所も熱中症対策で大変だということで新聞の記事で読んだんですが、ヘルパーさん、居宅介護事業所のヘルパーさん。
なども利用者のご自宅を訪問する際に、あまりの猛暑で熱中症の症状が出るとそういう方がとても多いということです。
11月の13日に介護関係者でつくるケア社会をつくる会という会が厚労省内で記者会見したということで、利用者宅への移動を繰り返すホームヘルパー今年の夏で8割近くが勤務中に熱中症のような症状になってそのうち3割が退職も考えたと、そういうことがアンケートでわかったということです。
こうしてもしヘルパーの方が体調悪くなったりその先、退職するということになれば、利用している区民の方にとっても大きな影響あると思うので、こういった事業者ヘルパーへの熱中症対策の支援ファン付きのペーストや冷却グッズの支給やまた手当なども含め、検討いただきたいと思いますがこの点についてもご見解をお示しください。
委員長。",2025/11/17,子ども子育て高齢者
高齢者福祉課長,"はい、いいえ。
高齢者の方に対する熱中症対策ということですけれども、本区でも熱中症のリスクが高齢者が高くなるということはじゅじゅ認識しておりますので、従来より様々な熱中症対策を実施しているところです。
そうですね例えば一人暮らしの高齢者の方に対しては民生委員さんの力を借りて調査をしているというところですとか、またクーリングシェルターということで、敬老館においてできるだけ長い時間進んでいただくということで、下記開館時間延長もより利用していただくということを目的に、あの園側鑑賞会ですとか、何かしらイベントを行うことで少しでも涼しく過ごしていただくというようなことをやっております。
また、熱気熱中症対策アンバサダー講座という環境省などが推奨しているというか講演している。
講座を敬老館の職員が受講して、館内だけじゃなくて、おうちでのエアコンの適切な利用など適切な過ごし方についても利用者にお伝えしている。
また、お年寄り相談センターの職員も在宅高齢者訪問する際に、特に心配と思われる方に対しては、今回熱中症リスクを検知する手首装着型の機器を配布したというようなことを行っております。
様々な自治体によって熱中症対策やってるところですけども、多くとしましてもこのような形で熱中症対策を進めているところでございます。
以上です。
委員長　介護保険課長介護保険課長あの事業者における熱中症対策でございますが本当に年々暑さが増して酷暑ということで、やはり介護事業者だけじゃないですけど、本当に外で日中外で働かなきゃいけないというような方は本当に大変だな、大変というところで、頭が下がる思いです。
その中であと事業者に入る前にうちの介護認定の職員なんかもですね、本当に高齢者の自宅に訪問して調査をするということで高齢者や、やはりなかなかですね暑さを感じにくいというとこありますので、エアコンでつけまつけましょうかっていうと大丈夫大丈夫っていう感じですね。
暑い中で一緒に調査をするということで、非常に実際もう本当にクラブで帰ってくるというようなことも実際目の当たりにしておるところです。
そういった中でそれは区としてですね、介護保険課として職員を守るためにどういう対応ができるかということはやっておりますけども、事業者においてもですね、もちろん中央区だけの事業支援事業所というとこでもないんですけども東京都がですね、そういった熱中症対策等の物品購入等の補助等も行っておりますので区としても、まず熱中症という、そのリスクっていうのはやっぱり皆さん利用者も含めて知っていただくっていうところとあわせてそういったしっかり補助してるんですよというようなところもですね、事業者に周知をしていくというようなところで、あの対策を強化していきたいと考えております。
以上です。
委員長。",2025/11/17,子ども子育て高齢者
高齢者施策推進室長高齢者委員長,"。
すいません一点目の品川区の例を挙げていただいたお尋ねに対してちょっとお答えがなく、答えがなかったかなと思いますけれども、これ本区の方でもというようなお尋ねのご要望ではございますけども当然財源もですね必要とすることでございますしまた先ほどですね担当の課長の方からも本区の取り組みというものはお知らせをさせていただいたところでございますけれども、特に品川のですね取り組みにつきましてはしばらくの方のですねもしいいのですねその効果というんでしょうかそうしたこととかも聞き取りといいますか、調査といいますかその辺もですねさせていただきながらその上でですね現在本区が行っているまた本区がこれから行うですね。
熱中症対策とあわせてどういうふうにしていくべきかということはですね総合的に検討させていただきたいと存じます。
以上でございます。
はい。
熱中症対策については中国の方でも敬老館などで様々な取り組みをされていたり、ご努力はされているということは重々わかってはおるんですけれどもなかなかその敬老会に足を運ばないとかそういう高齢者のお方もいらっしゃると思うので品川のその状況なども今後、見ながら、ぜひ中国でも前向きに検討していただきたいということを要望させていただきます。
事業者の方また職員の方の熱中症対策ということでは、本当に高齢者の方うち訪問するとエアコンつけてない方っていうのは本当に多いということが、この厚労省内での記者会見でも、関係者の方から述べられて、いました。
エアコンをきちんと設置にして、エアコンの御利用を促すっていうことと、併せて物品の補助も東京都でしているということですが、この物品の補助で足りない部分については区としてもぜひ支援もしていただきたいですし、ヘルパーさんが熱中症のために仕事を辞めるということにならないようぜひ支援していただきたいと思います。
終わります。",2025/11/17,子ども子育て高齢者
副委員長,"は関では議題、子育て環境の整備および高齢者対策に関することについては、継続審査ということでよろしいでしょうか？第4回区議会定例会における委員長報告の取り扱いについて、正副委員長一任ということでよろしいでしょうか？どうぞ。
ありがとうございます。
これで高齢子供子育て高齢者対策特別委員会を閉会いたします。
ありがとうございました。",2025/11/17,子ども子育て高齢者
穂積委員,"はい、よろしくお願いいたします私は2点質問ございます。
まず豊海公民館の改築に関して伺います。
本件は用地地区第一種市街地再開発事業に関連するものです令和7年度から8年度にかけて内装工事そして9年令和9年度に開設予定とあります。
この件に関連する話として9月の区民文教委員会において報告いただいた富公民館の管理施設への移転についてという記載がありました。
こちらによれば、令和8年6月に仮施設に移転をして、令和9年3月末まで利用する旨の説明がありました。
これを踏まえて確認をさしていただきたいのが今回の予算の使い道というところです。
改築のみに対する予算であるのかそれともこの管理施設の設置やそこへの移転の費用ですとかそういったものを含めての予算であるのかというところです。
それについてちょっとわからなかったので確認させていただけたらと思います。
お願いします。",2025/11/26,企画総務補正予算
地域振興課長,,2025/11/26,企画総務補正予算
地域振興課長,"。
はい。
今般掲載負担行為でですね計上しております鳥海区民館の改修工事でございますが、こちらの改築工事につきましてはいわゆる内装のですね、工事費のみでございまして、管理施設でございますとか、そこの移転に伴う計引っ越しにかかる移転費用等については再発事務組合の方の負担ということでございます以上でございます。",2025/11/26,企画総務補正予算
穂積委員,"はい、ありがとうございます今回は内装工事のみということで、別途管理施設に関しては、その事業者の方での負担ということではい理解をいたしました。
今回のスケジュールを見ますと、利用者ニーズに合わせてかなり決まる切れ目なく、利用できるようにということで配慮があったものというふうに考えております。
今後の内装工事に関してところですけども、調達手続きに関しても滞りなく進んで予定通りの開設となることを願っております。
もう一点築地川公園多目的広場の改修に関してお伺いをいたします。
本件は元々今年度に改修を行う予定であったものの11月3日本会本委員会に本委員会で企画総務委員会にて報告いただいた。
仮称入船トンネルの利活用検討に伴い、計画を変更して、今年度次年度に予算を振り分けるということになっているというふうに理解をしております。
予算額としましても今年度予算の一部を次年度に債務負担行為として繰り越して、総額としては変わらないような形となっていることを確認しております。
こちらについて確認をしたいのが、今回追加される可能性のあるこの箇所を入船トンネルの利活用検討の改修部分の位置づけという点についてです。
この部分は当然当初の計画には含まれなかったもの含まれていなかったものでして、今後何かしらが整備されるということになればこの予算の枠から支出されるのではなくて、別途次年度に向けて何らかの予算要求が行われるということでよいのかというところについて確認ができればと思います。
また、今回の説明の中では、変更後の竣工時期として、令和8年9月とありました。
臨時の利活用検討に伴い今回の変更延期があったのだとするとこの期間までに全体の計画の竣工も終わらせるという見込みなのかという点についてもあわせて確認ができればと思います。
お願いします。
委員長　水と緑の課長、水と緑の課長。
はい。
築地川公園多目的広場の改修でございます。
あの内容に関しましては今、委員ご紹介の通りでございまして、当初予算のですね、1億5000185万6000円というものを今年度のですね、失礼しました債務負担行為で9100万円を次年度に持ち越す。
それから繰越明許費を開けてを入れまして、予算の振り分けを行ったとことでございます。
今年度分の計上の6000万円ほどはですね、工事の前払い金になっているところでございます。
それから入船バシーのですね利活用の件でございますが、これもご紹介しました通り、さっきの企画総務委員会で活用の内容に関しての現状の報告があったかと思います。
あの氷関しましては子供の遊び場ですとか、スポーツの活用といった部分で、今後その検討の深度を図っていくと言った方エンジンなりますのでその部分に関しては今回のこの補正を含む築地川公園とか広場の整備の中の工事費には含まれておりません。
その解釈で間違っておりません。
ということでございます。
全体としましての計画ということでございますが、およそ10ヶ月の工事を予定しておりましたので、今年度ここで今回の議会で議決いただきまして工事スタートしていくとおよそ10ヶ月間でこの9月の竣工を迎えるということでございますが、その中でですね工事に関しましては今後入船橋のトンネルの検討というのが入っていくというふうに予想されますので、影響範囲に関してはカリーの部分の仕上げにするとかですね、それと配慮をして、全体計画の方に影響がないように工事の方を進めていくといった形の計画になってございます。
以上でございます。",2025/11/26,企画総務補正予算
穂積委員,"ありがとうございます。
金額についてはまず当初認識通りというところと入船課長入船トンネルの部分での検討に関しては含まれないということで理解をいたしました。
また、この時期の設定に関しては元々のスケジュールとして10ヶ月まで期間を見込んでいてそれを想定したものということで、はい。
一旦理解いたしました。
こちらのスペース新たなスペースも含めてですけれども非常に狭い区内としましては貴重なスペースだと考えております。
当初の整備内容として掲げられていたキャッチボール場などの目的についても期待するところですけども、新たなスペースも含めてより魅力的な場所であることと期待をしております。
私からは以上です。
ありがとうございます。
続いて、の発言を願います。",2025/11/26,企画総務補正予算
奥村委員,"はい。
それでは初めに、豊海区民館の改築について質問します。
この豊海地域では地上56階建て、地下1階高さ189mのタワーマンションがニート大達約2150戸で3600人が居住する見込みとなっているというふうに以前確認をしていますが、今回は元々の区民館の敷地を権利変換でマンション内の許可を取得して区民館を整備するということなので、区の負担は、今回の内装費用の負担のみ、建築費などは発生しないということでよいのかという点を、まず、確認をさせていただきたいと思いますのでご答弁お願いします。
それで内装工事の事業者というのは既に決定しているのか、どういう事業者なのかということも併せてお示しください。",2025/11/26,企画総務補正予算
地域振興課長,,2025/11/26,企画総務補正予算
地域振興課長,"、はい区民課にあって改築にあたってでございますけども、委員からお話いただきました通り、こちらの元々佐久有地等についてはK権利変換を行ってございますので、取得遊んでいる。
ことからこちらの本会計、改築の県内総工費に係る部分の経費の計上でございます。
また、計建設内装の設計等につきましても本体工事を行っております。
県事業者の方に行け今はですね、工事予定者として経営依頼する予定のところでございます。
以上でございます。
はい。
今、業者名をお伝えできればという話の部分があったと思うんですけど、その部分に関しては今の場見解だと思いますので、観点を変えて質問を作ってください。
奥村委員内装工事について費用が3億2100万円ということなんですけれどもこういった内装工事の費用というのも物価高騰の影響を相当受けているというものなのかということをお示しいただきたいのといや、予算費用を抑えるために、ちょっと安めの最新材質にしていくとか、そういうことが行われるものなのかという点、そして、もしそういうふうに材質などを変えた場合には例えば劣化が早いとか、メンテナンスの後、費用がかかってくるとかそういうトータルで考えたときのコスト等がかかるということもあると思うんですけれどもこの事業者というのは、そのあたりどういうふうに見ながら工事を請け負っているのか、そして区の方もそういう点をどういうふうに評価しているのかという点についてお示しいただきたいと思います。
委員長。",2025/11/26,企画総務補正予算
地域振興課長地域振興課長,"はい、改築に係るですね物価高騰の影響というところ、またそれはですね経費の圧縮というところでございますけども基本的に今回の見積もりの徴収が数年前に行ったものと比較ができませんので物価の高騰何%受けているかというところまでは把握はしにくいところですけども。
ただ、例えば他に区民館の改修を受け、八丁堀ですとか、進めている中では、やはり物価の高騰というのはあろうかと思いますというのも、事業者と話していく中でもなかなか建築資材のOK、例えば数年後の価格といったところが読みにくいといったところもお話としてありますので、やはり部下の今日あるだろうというところは認識してございます。
また、それに伴ってですね内装の夜景例えば資材をどういったものを使うかという観点でございますけどもこちらもやはり今お話ありました通り、例えばメンテナンスでありますとか、どれぐらい耐久性があるかっていうことの傾向は見合いだ。
部分かなというふうに思ってます。
こちらも先ほど申し上げました八丁堀の今大規模改修を行っておりますので、それと同じような考えでございますけども基本的に高いものを全て優先して使われていくということではなくて経営メンテナンスですねしやすい維持管理がしやすいことと耐久性があることそれが価格面で優れていくっていうところを、選択していくというのが基本的な考え方として持ってございますのでその中でこの取り組み期間の設計に当たってもOK同様ですまた、全部門等多く所管の部門とも調整例えば相談に乗ってをしていますのでその中で決定していく部分でございます。
以上でございます。
奥村委員本当に維持管理のや耐久性という部分の観点から、見るというのが第1だと思うんですけれども、この中にはそういった視点でこういった材質などをきちんとな確認できるそういう方もいるということで良いのかその点を教えていただきたいと思います。
この土曜日のマンション開発はコンクリートの共同不足で途中で工事が止まって工事し直したという建物だと思いますがその中に区民館が入るということですが、共同安全性という部分について見城区はどういうふうに評価指定いるのかという点についてもお示しいただきたいと思います。
都市整備部長答えられる範囲でお願いします。",2025/11/26,企画総務補正予算
都市整備部長,まず工事の私の方から工事のその安全性についてでございます。,2025/11/26,企画総務補正予算
先般今委員,"おっしゃられたように工事の強度の施工の中でそういった課題があるということが公表されたところでございます。
その後、事業者の方でそういった部分についての検査を行い、また国の方の機関でもちゃんとその辺の安全性を確認して、施工の方が進んでいるというところでこういった情報についても既に公表された上で、工事を進めているところでございます。
また、区の方にもそういった報告をいただいておりましていずれにしても安全性の確認をした上で、今工事が進んでいるというところでございます。",2025/11/26,企画総務補正予算
施設整備課長,,2025/11/26,企画総務補正予算
施設整備課長,"はい、区民館の中の内外装等に関する技術的な確認の観点というところでございますが先ほど地域振興課長からもあの答弁ありました通り、我々施設整備課の方でですね、技術支援として、その内装の仕様ですね。
そういったところを一つ一つ確認しながら、区民館の我々の直接作ってる久美館との比較などもしながら、あの、できるところに限りはありますが、なるべくあまり変わらない形で仕様になるようにコントロールしながら、組合の方と協議しているというところでございます。
以上です。",2025/11/26,企画総務補正予算
奥村委員,"はい。
いずれにしてもぜひしっかりいいとした。
区民館をしていただきたいと思います。
開発の中では3600人が居住する見込みということで、区民カーンが利用者が増えて手狭になるとか。
さらに拡張応じていく余地がこの開発の中であるのかとか、そういったあたりがもしこの議題と関連して、ご答弁できるようであればお願いしたいと思います。
続けて日本橋船着場の移転整備についても質問をします。
資料見ますと、この補正予算の計上は910万円で、債務負担行為限度額が3473万1000円ということになっていますが、これを金額はそれぞれどう使われるのか、何に使われるのかということをお示しいただきたいと思います。
それと中央区の首都高速道路地下化等都市基盤整備基金の投入はこの整備にはされないのかという点についても、お示しください。
また、この日本橋船着場の移転整備について取得の負担分と、三井不動産など事業者の負担分と多くの負担というのがそれぞれどのようになっているのか。
負担のお考え方についてもお示しいただきたいと思います。
お願いします。
委員長　地域振興課長すいません、ご答弁の前に、今の質問で一番最初の部分はちょっと広がり過ぎている部分があるんで、お答えする必要はないと思います。
その次、二つ、三つあったと思いますけれども答えられる範囲で、この今回も構成に関してですね、交代できる部分に沿って答弁も補正予算のこの予算書の説明に沿ってしていただけると幸いであります。
お願いいたします地域振興課長健康課長手当もらってただ、船着場の子委員長。",2025/11/26,企画総務補正予算
交通課長交通課長,"はい、それでは私の方から日本橋船着場についてお答えいたします。
今回ですね、今回そもそもこの補正予算に至った経緯から簡単に説明いたしますと、今回日本橋船着場地震自体の船着場の桟橋の杭がですね、首都高工事のトンネル工事の一部を干渉してしまうとそのためですね船着場の移転が必要になったというところがございますそういった中で今回、まず首都高速道路の負担としては、そういった船着場を移設するためのそもそもの費用また、元々日本橋の橋爪にあった広場空間のそういった部分と同等の機能を移転した土橋委員の御橋爪広場でも、同等の機能については首都高の方で負担していただくというところがまず大前提としてございます。
一方で先ほど委員の方からご質問の開発の負担はあるのかというお話なんですけども、特段ですねこの移転に伴う整備の中で、開発事業者の負担というものは特にございません。
また、ですねその910万円と3473万1000円、これの内訳というところなんですけども、まず初めにですね、土橋の橋爪広場整備、これに関しては首都高整備の首都高速道路の工事の中で合わせてやっていただくと具体的にどういったことをやってもらうかというと、元々ある日本橋の橋爪広場の機能以上のもの具体的に申し上げますと、デジタルサイネージ、これで週の情報の発信をしていきたいとまた合わせて、船に乗るまで快適に利用者の方にお待ちいただくために日よけであったりベンチ、こういったものを新たに整備するとこういったものに関しては区の方で負担いたします。
これが2273万円の負担を区の方から首都高の方にお支払いいたします。
また、あわせて日本橋の橋爪においても新たにデジタルサイネージを整備して、このデジタルサイネージ江戸バスに船着場移ったという案内があったり、また周辺の観光情報の案内、さらには周囲の情報の案内、こういったものをデジタルサイネージの方でやっていきたいというふうに考えております。
こちらの費用が2110万円ほどかかります。
その内、令和7年度に関しては、工事に着工する際の前払い金として800万円それとあわせて電気設備の工事が必要ですので、それを110万円ほど計上しております。
私からは以上でございます。
委員長。",2025/11/26,企画総務補正予算
財政課長,,2025/11/26,企画総務補正予算
財政課長,"はい、今回の1項基金を活用しない理由でございます。
こちら1項基金の趣旨といたしましては、これは首都高速道路日本橋区間の地下化やですね、1個築地川区間を活用したアビリティ整備などその周辺まちづくりに関連する都市基盤の整備等に影響する資金を積み立て、活用を図っているところでございます。
今回補正で挙げさせていただいております日本橋船着場につきましては、既に設置されている船着場を土橋橋爪に移転する内容とされておりますので、本区の担当須磨移転をする内容でですね、げんき堂の移転経費につきましては先ほど交通課長からもご答弁申し上げました通りですね原因者である1校を株式会社の方で負担することとされてございます。
本区の多い負担といたしましては、デジタルサイネージなどを今回新たに追加する設備の整備にとどまるということからですね。
今回基金の活用を行っていないというところでございます以上です。
奥村委員費用負担の考え方というものを確認をさせていただきました。
元々首都高速の地下化は必要ないという立場ですし、この周辺の市街地再開発、首都高の地下化をテコとした開発というものに反対している立場ではありますけれどもこういった船着場自体は必要な整備だというふうに考えています。
続けて築地川公園多目的広場の大改修について質問します。
これまで度々廃業した入船湯に変わる公衆浴場を整備してほしいという話もしてきましたその中でこの築地川公園も使えないだろうかという提案もさせていただいています。
一般質問でも、小栗委員がこの問題を取り上げましたが、区の答弁としては、入船トンネルと築地川多目的広場は道路区域に位置しており、道路法に基づく規制を受けるので公衆浴場設置は難しいということでしたが、この道路法の規制から除外させるということが、できればこの築地川多目的広場の中に公衆浴場の整備ということはできるのではと思うのですがその点についてのご見解をお示しいただきたいと思います。
はい。
屋外お立場とかお気持ちは大変重々よくわかるんですけれども、今回のこの補正予算の3秒当日に委員会にあたりましては、ちょっと若干ずれてるかなと感じますので、ちょっと方向性をですね、変えていただいて、この今回の補正予算に対するところのご質問に切り替えていただければと存じます。
岡村委員なかなか難しいんですけれど、松木千賀は公園の多目的広場の工事計画を変更するとそれには入船トンネル網を利活用していくことで、工期も遅れるとそういうことなんですけれども、その整備内容としてこの資料でもキャッチボール場ですとかは広場バスケットコードなどとなっているのでなどともありますし、こういった中で、この整備の中で公衆浴場ということも考えられないだろうかという角度で質問してるんですけれどもちょっとまだすいません。
ちょっとずれてます。
多分それじゃ答弁はできないと思います。
それは多分ご自身たちの会派の一般質問等でもされておりますけれども、あくまでも今一度ちょっと頭を整理していただいて、ご質問をしていただければと思います。
委員長はい。",2025/11/26,企画総務補正予算
奥村委員,"私達としては何とかここで整備をしてもらいたいということです。
入船トンネルの中にキャッチボール場やバスケットコートなどとなってますけれどもこういった施設を入れていくことが一部できれば、照明の問題等々もあるんでしょうけれどもそうすると、この築地川公園の多目的広場の余裕ができたスペースの中で、公衆浴場ということもあり得るのではないかというふうに思いますので、ぜひ検討していただきたいということを述べて質問を終わります。
はい。",2025/11/26,企画総務補正予算
副委員長,"は委員で大きくはいそれでは質疑を終了いたしましたので、これより採決に入ります。
議案第91号令和7年度中央区一般会計補正予算について、起立により採決いたします。
本案を可決することに賛成の皆さんは、ご起立を願います。
全員起立と認めます。
ご着席願います。
よって、本案は原案の通り可決すべきものと決定いたしました。
副委員長は元席にお戻りください。
本会議における委員長報告の取り扱いについて、正副委員長に一任ということでよろしいでしょうか？さよう取り扱わせていただきます。
それでは企画総務委員会を閉会いたします。
お疲れ様でした。
お疲れ様でした。",2025/11/26,企画総務補正予算
企画部長企画部長,"はい、私から冒頭本日の付託議案件名一覧の訂正についてご報告をさせていただきます。
特別養護老人ホームマイホーム晴海等複合施設照明設備改修工事請負契約こちらにつきまして議案番号が第101号となっておりますが、102号に訂正させていただきます。
失礼いたしました。
こういう報告した。
させていただきます。
総務部長総務部長それでは私からは、本委員会に付託されました各議案について順次ご説明申し上げます。
失礼します。
本日は資料として条例改正に係る新旧対照表をお付けしましたので、適宜参考としていただければと存じます。
初めに、議案第93号中央区職員の給与に関する条例の一部を改正する条例は、通勤手当の支給限度額を、新幹線等特別料金も含め、月額15万円に引き上げ新規採用時において、新幹線鉄道等にかかる通勤手当を支給できるよう、支給要件を緩和するとともに、特別区人事委員会規則で定めていた通勤手当に関する必要事項新たに区規則で定める他、所要の規定整備を行うもので、令和8年4月1日から施行いたします。
次に、議案第101号および議案第102号の2件の工事請負契約であります。
これらの契約につきましては、いずれも、去る10月27日、厳正に入会札を執行したところであります。
その結果、議案第101号の中央区役所本庁舎照明設備改修工事につきましては、ダイエー電機株式会社議案第102号の特別養護老人ホーム、マイホーム晴海等複合施設照明設備改修工事請負契約につきましては、浅見電気株式会社東京本店がそれぞれの落札し、仮契約を締結したところであります。
これらの本契約に当たりましては、いずれも予定価格が1億8000万円以上の工事でありますので、議会の議決に付すべき契約および財産の取得または処分に関する条例第2条の規定により、議会の議決を必要とするものであります。
最後に、議案第106号中央区職員の給与に関する条例等の一部を改正する条例でございます。
本案は、特別区人事委員会による職員の給与等に関する報告および勧告等を考慮いたしまして、中央区職員の給与に関する条例、中央区会計年度任用職員の給与および費用弁償に関する条例および中央区立幼稚園教育職員の給与に関する条例を改正するものです。
改正の内容といたしましては、まず一点目、本区職員の給料表の給料月額を改定し、本年4月1日にさかのぼって適用することといたします。
2点目は、期末手当および勤勉手当の支給月数について、いずれも年間支給月数を0.025月分引き上げます。
この引き上げ分につきましては、今年度は12月に一括して支給し、令和8年度以降は6月と12月に分けて支給することといたします。
この改正につきましては、今年度支給分を公布の日から来年度以降の支給分につきましては、令和8年4月1日から施行いたします。
3点目は、医師および歯科医師に係る初任給調整手当の限度額を32万6900円に引き上げるもので、本年4月1日にさかのぼって適用することといたします。
4点目は、公立の義務教育諸学校等の教育職員の給与等に関する特別措置法等の一部を改正する法律の施行に伴い、義務教育等教員特別手当の月額を定める場合に、教育委員会規則で定める。
コームの種類を考慮することとするもので、令和8年1月1日から施行いたします。
5点目は、同じ改正法の施行に伴うものですが、引用する関係法律の条項に項ずれが生じるため、規定を整備するもので、令和8年4月1日から施行いたします。
説明は以上でございます。
以上でございます。
発言の時間制についてであります。
発言の時間制につきましては、通常の各委員会の例によりますが、採決に係る時間10分を考慮し、各会派の持ち時間を算出することといたします。
ただ、いまの時刻は午後1時35分です。
自由民主党さん、44分、かがやき中央さん、28分立憲民主党無所属3、28分、公明党さん、28分、区民クラブさん、28分、日本共産党さん、28分となります。
それでは、理事者の説明に対する質疑を行います。
発言を願います。",2025/11/27,企画総務付託
小津明委員,"はい、よろしくお願いいたします私からまず議案第93号についてお伺いをいたします。
こちらの中央区職員の給与に関する条例に関してでして、本件は通勤手当に関する改正で、主に支給限度額の引き上げと新幹線通勤の支給要件の緩和という理解です。
国や都道府県においても同様の改正が行われているもの本区に適用するものでして、またこの委員会資料でも記載されている通り、働きやすい職場環境の整備という点から進めていくべきものと考えております。
本件について確認させていただきたいのが今回の支給限度額の引き上げに該当する方の有無です。
細かい数字でなくて結構ですが、そもそも該当する方がいるのかいうのであれば、大まかに数人レベルでお示しいただければと思います。
また、先ほどの説明にもありましたけれども今回特別委員会という記載が空気束というのは表現に改められております。
今後変更にあたってですけれども、これは特別委員会が弟、いろいろ決めてそれに従うような形になってたっていうのがこれまでの話だと思うんですけども今回これが空気束となったことによって、特別委員会として横並びではなくて区として独自に何かしら今回の通勤手当に関して、割り箸であるとかそういったことも可能なのかというところについて確認ができればと思いますお願いします。
委員長。",2025/11/27,企画総務付託
職員課長,,2025/11/27,企画総務付託
職員課長,"。
はい。
まず一点目のご質問でございますけども、今回の通勤手当が15万円というふうに至急検討価格大幅に増額とさせていただいた対象になる職員がいるかどうかというところですけども、厳密にですね、通勤のその電車の運賃のみで、1ヶ月当たり今の現行の5万5000円を超えている職員がまずいない状況でございます。
ですので見直した後に15万円になったとしてもですね、それで恩恵を受けるといいますか、あの影響を受ける職員は現在いないような状況でございます。
続きまして2点目のご質問で特に特別の人事委員会の規則をですねに委任をして見ていたところ国の規則を今回制定をさせていただいてこの規則によって今後運用していくという形になっているところの状況ということでございますが、まずちょっと経緯としましては、まず通勤手当の制度につきましては、かなり古い話ではございますけど平成17年からですね、通勤手当制度自体が各区事項ということで区の方で各区の状況、職員が置かれてる状況ですとか、地域からとか、そういったところも含めてですね、価格で判断をしていくものというふうになってございます。
ただ、ですねその前までについては特別区人事委員会全区で同様の取り扱いをしていたということがありまして、その名残から、この中央区の朝礼がずっと人事委員会が定める規則を引用してその規則を見に行って運用していたというような経緯がございます。
今回の各事項になっているというところもありますし、国や東京都とか、先ほど委員の方も申し上げていただいた上限額を上げたり、新幹線通勤対象にすると、しやすくするというようなところをですね、中国の方も今回はその状況に追随をして改正をしたいということんなりましたので、特別区の人事委員会の規則を見に行くことなく、これからは区規則でしっかりと定めて、区の規則に基づいてこの運用していくということになりましたのでこうした表現になっているという状況でございます。
各事項ということではございますが、あまり高校特別区内で大きな差があるような、というのはなかなか難しいとは思いますが各事項というところですのでこれから職員の対応についても考えていきたいなというふうに思ってます。
以上でございます。",2025/11/27,企画総務付託
穂積委員,"はい、ありがとうございますまず該当者についてはいないということで理解いたしました。
こちらについては確認させていただいたのは次年度からの予選予算になるかと思いますけども、それにどの程度影響があるかという点について把握をしておきたかったというところです。
特別委員会という記載が甘く規則に変わった経緯についてもお示しいただきましてありがとうございます。
自主的に検討ができるようになったということで、極端なことはできないという話ではあったかと思うんですけども、今後も職員の方からのニーズや実態に合わせて、より働きやすいような職場環境となるようぜひ今後とも取り組みをお願いできればと思っております。
こちらの質問ではないんですけども要望です今回この通勤費の支給限度額の引き上げということについてはやはりより国そのことへのインセンティブを高めるということになろうかと思います。
ただ、防災の観点や区民ニーズの把握等いう点ではですね、区内に住んでいただいただきたいというような思いもあろうかと思います。
今回提言と合わせて、例えば区内在住の場合の家賃補助などによって区内住むことに対してのインセンティブ設計についてもぜひあわせてご検討いただけたらと思っております。
次に、議案101号102号の工事請負契約に関して伺います。
こちら入札結果を確認しますと、どちらも1社での応札ということになっております。
入札に関してはまず入札の申し込みがあってそこでその仕様書を提示いいし、その後に実際の入札があるという流れという理解でおります本件について結果として入札1社応札ということになったのは確認しておりますけれども、これらその申し込みの段階でどうだったかというところについて確認ができればと思います。
また、本件の調達においては、どちらも区内の事業者での応札となっておりますが、今回の調達においていわゆる地域要件が設定されていたのかどうかというところについても確認をさせてください。
お願いします。
委員長。",2025/11/27,企画総務付託
経営課長経理課長,"はい、工事案件でございます。
今回委員今ご指摘の通りですね1社のそれぞれですね申し込みまたは一切1社の応札という形で決定をしたものでございます。
申し込みの段階ということでございますけれども実はですねこれこれまでですね9月以降ということになりますけれども、2社申し込みがないと入札が成立しないっていう形で取り扱ってきましたけれども、やはり現状ですねなかなか工事業者が手を挙げる方も少ないという状況の中でですね1社の申し込みであっても入札が成立する応札までしていただければまたその結果を得てですね、予定価格範囲内であれば、これは落札して決定するという。
そういう取り扱いに変えさせていただいております。
これ要綱に基づきましてですね、従来1社というのが前提となってございまして、2社の場合には中小できるという。
それでできる規定になっておりましたので、1社ということで取り扱いを変えさせていただいたところでございます。
今回はですね申し込みの段階から1社ということでございましたので、それぞれそのまま5冊落札者という。
そういう経緯となっているとこでございます。
また、地域保健ということでございますけれどもこれはなかなかですね区内の事業者だけでは競争がニュース成立しないという状況もありますけれども本当ににおきましてはできるだけですね、やはり区内の事業者に落札者として受注していただきたいというところがございますので、今回もですね、それぞれ暗い事業者、本店あるいは営業所をですね、構えている事業者ということで要件を資格要件を決めさせていただいたところでございます。
以上でございます。",2025/11/27,企画総務付託
穂積委員,"はい、ありがとうございます。
入札申し込みの段階で1社であったことと、あとはその地域要件というところについても、あったということで理解をいたしました。
先ほどご説明にもあった。
いうところですけど元々のルールとして2社はいないといけないというような取り扱いがあったという話もお示しいただきましたけれども、こちらの点を踏まえてお伺いしたいのは、こちらもやはり入札結果の妥当性というところでございます。
一般的には1者応札であることがあらかじめわかっているような場合には、予定価格が着予定価格ギリギリで入札するのが合理的な選択かと思います。
また、こちらの件に関しては、既に予定価格を既に結構買いをしているような類の調達になるかと思います。
これはいわゆるその会議室などに集まっていただいている慰霊をするような場合にはその場に他の応札事業者がいるかどうかというところは一目瞭然ですのでそういったことが可能なのかと思っております。
また、放送近年の電子入札の場合には、あくまで筆札入れはWeb上で行うことから、複数社参加しているのか自分とこの事業者だけなのかというところはわからないことから、結果として1者応札であったとしてもある程度は妥当な金額で入札されることが期待されるかと思います。
本件は入札としては電子入札の形式で行われたのかという点と、今回その金額の妥当性というところについてご見解をお示しいただけたらと思います。
お願いします。",2025/11/27,企画総務付託
経営課長,,2025/11/27,企画総務付託
経理課長,"はい。
入札のですね、金額の妥当性というところでございます。
委員からもですね今お話あったように、今現在ですね、電子調達これは都内の先生に粛々市町村、共同で運営をしているですね、電子自治体の入札サービスでございます。
こちらでやっておりますので、入札に参加する方がですね、これパソコン上で参加の申し込みから応札、また結果の注意っていうところまでですね、できるようなことになってございます。
一方でやはり今お話あったようにですね、それぞれ何社がですね、申し込みをしてるか、参加してるかっていうことが、結果が出るまではわからないっていうですね、そういう仕組みになってございます。
ですので金額を1社申し込みで入れましても、やはりその金額というのはですね、やはり受注意欲に応じてですね、それぞれの事業者が決めた金額を入れているという状況になってございます。
今回両方ですね98.88%と998.6%90.4%ぐらいの落札比率となってございます。
この妥当性、なかなか難しいとこでございますが、やはり今ですね、予定価格に1回対しまして、非常にやはり高めのですね、落札になっているこれはやはりあの人件費の高騰であるとか資材の高止まりという状況がございましてやはり予定金額以内のですね範囲の中で決定した金額ということで、やはり妥当性のあるですね金額ということで受け受け止めているところでございます。
以上でございます。",2025/11/27,企画総務付託
穂積委員,"はい、ありがとうございますまず電子入札であるというところと、近年の諸々含めると一定程度妥当性を把握確保できているという点だろうかと思います。
近年他区も含めていろいろ調達の案件で不調等発生してるというところも御理解しますのでそこの予定価格、等の割合に対してはかなり高くならざるを得ないというところについては一定程度こちらとしても理解をしておるところです。
そこの点も含めて先ほど確認させていただいた地域要件つまり中央会の事業者に限るという要件に関しては、なにせ狭いくないということもありまして、それによって競争性がどこまで担保できるのか阻害されるのかという点については検討の余地があるのではないかと思っております先ほど工程についても言及いただいたかと思います。
これはまたこちらの方も引き続いて引き続き調査してまた与えていきたいと思っておりますのでこの点についてはまた今後別の場所で議論ができればと思っております。
私からは以上ですありがとうございます。
続いて、の発言を願います。
奥村委員それでは初めに議案第93号中央区職員の給与に関する条例の一部を改正する条例について質問をします。
この改正の対象となる職員は現在はいないとそういうご答弁でしたが今後そのいく時に、この資料にもありますが、育児にかかるやむを得ない事情ですとか、職員本人または配偶者等の父母の介護のための転居また配偶者等の移動に伴って、配偶者と生活するために転居をするなど、そういったことは今後考えられると思うんですけれども、こういった場合、この通勤手当、月の費用を落として、運賃として申告された金額というのが、それが正しいいいものなのかどうかとか、そういうことはどのように判断をしていくのか。
現状でも、通勤手当、多くの職員の方が受給されてると思いますけれどもその申告についての正しいものなのかという判断どのように行っているのかという点について伺いたいと思います。
委員長。",2025/11/27,企画総務付託
職員課長,,2025/11/27,企画総務付託
職員課長,"はい、通勤手当の申告職員からの申告に対してどのように判断しているのかというところでございますけども、実際のところでいきますと、例えば職員の通り、外から通勤してるのかどうかというところについては、例えばSuicaとかそういったものを随時確認したりだとかそういったところはしておりませんで、通勤届というものを出していただく際にですね、通勤の経路を書いていただいたり、ご自宅から駅までの経路簡単なものでありますけども、簡単な通信をしていただいて、こういうふうにつきをしているんだというところを細かく記入をしていただいてご提出をしていただくという形になっております。
それをもって職員課の職員が実際月経路運賃、そういったものをお調べをさせていただいて、正しいかどうか判断をし、より経済的な通勤経路があれば、そちらの方にしていくというような運用でやっております。
また、大きいね他の自治体でも、通勤手当が普及、不正受給をしているとかそういったような事象も見られるというようなところもありますので中央区としては職員に対して、そうした通勤の手当の不正不正受給というか、しっかりと正しく行っていくべきだというところですね職員には周知をして、徹底を図っているというところでございます。
以上でございます。",2025/11/27,企画総務付託
奥村委員,"はい。
今不正需給の話も出たんですけれども、あのほど寝ても近年最近ですと八王子市で正規職員の約2700人いるうち、公共交通機関を利用する職員が1111人いてそのうちの97人が通勤手当オフ不正に受給していたということで、9月30日に発表もされていますその職員の中には部長級が1人で課長級も3人いたということで不正行われた生きた期間も最大で5年半に及ぶ職員もいたということですとか、昨年9月に豊島区でも通勤手当の不正受給などが発覚しているなど、近年、こういった問題が続いているので、そういう中で中央区としても、この今回の改正もケーキ等をしながら、不正受給というものが行われないようにきちんと見ていく必要があるというふうに思います八王子市などは再発防止策として、年度初めに所属長と職員の面談時に、定期券とかICカードの履歴などの現物の確認を義務付ける、そういう考えもあるなどあるそうなので、職員の方を信用しないわけではないんですけれどもやはりその不正というのはいけないと思いますし、正していかなくてはいけないと思いますのでそういうことがないように指定いただきたいということを強く要望をします。
こういった問題はもう一つの議案の106号の方にも繋がってくると思うんですけれども、こういった不正な受給などを行うななくても、ようにきちんとした94納得のいく。
給与が支払われるということも大事だと思いますし、それとあわせて職員のモラルの徹底ということも大変大事だというふうに思います議案第106号の職員の給与に関する条例の方ですが、月例給等特別給ともに、4年連続で引き上げられたということで、それ組合とも妥結したということなのでその点は良かったかなというふうに思っていますが、一方で課題として、されている所属級の最高号給を超えて月額給料を支給する差額支給は今年度末で廃止して、激変緩和措置として今年度に限り、差額支給書を含む最高号給適用者に特例主任職昇任昇進選考と特例係長職昇任能力実証を実施するということなんですけれどもこういった対応等なった経緯と今後の対応についてご説明いただきたいと思います。
そして、差額支給の対象となっていいた職員というのは、どの程度いるものなのかという点についても、ご答弁いただきたいと思います。
委員長。",2025/11/27,企画総務付託
職員課長,,2025/11/27,企画総務付託
職員課長,"。
はい。
差額支給の廃止についての簡単に経緯とかそういったところもご説明をさせていただければと思います。
そもそも差額支給っていうところなんですけども、平成30年の行政系の人事制度の改革が大きな経緯等ありまして、例えば当時主任職の職員だった者が新しい新制度ですと、主任職とすれば係長前提の職という形になるというところがありましてそうしたところを望まない。
方が主任職から1級職という一番9が低い職に降格というか、ご自分で望んで降りるという方が結構多かったというところでございます。
まず、とはいえですねその制度の改正によってお給料面で交付大きな不利益がちょっとあると難しいというところもありまして、その就任でいた元々の給料を保証するという制度がそのときにありましてその元々の実際は9を降りたけども、元々の給料との差額を支給するし続ける保証するということで、差額支給者という職員が中国にも何人かいるというような状況で続いてございます。
人事委員会が行っているですね、民間の給与調査におきまして、この差額支給者っていうのをですね特例的に比較の対象該当をしているという。
取り扱いがございましてそれを今回ですね人事委員会の方がその差額支給者も定年退職とかそういったものをしていく中で、特別区内でもう5万人いる所、特別区の職員の中では1%が500人程度になってきたというところもありそういった特例の扱いを、もう行っていかないというようなことを研究されたというところでございます。
そしてその対象外となってくるとなるとですねその差額支給者が1%とはいえ、来年度以降は公民格差の比較の対象の中に入ってくるということになりますのでそうするといわゆる特別区の職員の給与的にその比較するときに不利になるといいますか。
という状況がございますので、そうした状況を受けて区長会としましては、元々その差額支給者というのはすごく主任として経験がある方とかかなり年齢がいって職務歴もある方々ということで通常員の職でしっかりと活躍していただきたいという期待を持っていたりですとか、それが職務にそぐう給与を支給するという職務給の原則というのがあるんですけどもその原則の徹底にも繋がるということで、もうこの差額支給という制度を今年度をして今年度で廃止をしたいというふうなところを組合側にも提案をしたというような経緯でございます。
今後というところでございますけども先ほど委員がおっしゃっていただいた通り、組合側の方も激変緩和を何とかお願いしたいという強い要望がありましてそれに向けてご紹介会議側としましてもそれを重く受け止めて先ほど申し上げていただいた特例の主任職の昇任選考ですとか、特例の係長職の能力実証制度を今年度に限って行い、差額支給者であっても、主任とか係長になることで、お給料の金額は減らすという上がってしっかりとご自分の能力に合った仕事をしていただいて職務給のを原則に急ぐような形にしていくというようなそういった制度になったというところでございます。
なので今後今年度中にそして明日承認施工を行って、できる限り差額支給者の方々の不利益というかそういったものがないようにしていくというようなところでございます。
以上でございます。
すいません失礼いたしました。
差額支給者の年齢や差額支給者の人数はい。
ちょっとお待ちください。
すいません大変お待たせしました。
特別区全体としてですね、先ほど申し上げた5万566人ということでうち補償額適用者が484人ということになっているというところです。
中国ところなんですけどもちょっと申し訳ありません資料お手元にある、おそらく20人弱ぐらいだったかなというところでございまして申し訳ございません。
お願いします。
正確な数字を伝えてください奥村委員すいません私の方も細かい数字事前に確認しておけばよかったかなというふうに思っています。
後ほど教えていただければというふうに思います。
この制度が、給与改定が行われる中で係長や主任にいいだろうという方が増えていけば本当にいいと思うんですけれどもそれでもなかなかなりたくないという方もいると思うので、その背景もどういうふうに改善していったらいいのか、なかなか難しいなというふうに思いますが徐々にいても解消していけばいいなというふうに思います職員の方の負担ができるだけ減るように職員の人数増やしていくとか。
やりがいの問題ですとか、風通しの良い職場環境を作っていくとか様々あると思うんですが、これからもしっかり仕事をしていただく職員が増えていくように頑張っていただきたいと思ういうことを願って、今瀬、今回資料でもある特別区人事委員会等の韓国海洋大の中でも、示されていますが、官民給与の比較方法の見直しとして、比較対象企業の規模を50人以上から100人以上に引き上げたとそういう記述もあります。
そもそも以前、1965年に企業規模を50人以上から100人以上に引き上げたものを2006年に100人以上から50人以上に引き下げて、そして今回また50人から100人に戻す。
両経緯をたどっていると思うんですけれども、私としてはやはり中国の職員の数というのも数千人いるわけですし50人よりも遥かに多いということを考えると、企業の規模も大きい方が、対象企業の規模は大きい方が当然考えるんですけれども、なぜ今回こういう見直しになったのかこれまでの経緯も含めてご説明いただきたいと思います。
それとあわせて再任用の方の処遇改善ということもずっとこの間課題になっていたと思います。
今後の改善の方向性について区のご見解をお示しいただきたいと思います。
委員長。",2025/11/27,企画総務付託
職員課長,,2025/11/27,企画総務付託
職員課長,"はい、民間給与実態調査人事委員会が行っている調査の比較企業の規模のお話というところでございますけども、委員おっしゃっていただいた通り、今回から50人以上の企業から100人以上の企業ということで、比較的大きい企業を比較対象としていくというような形となってございます。
委員おっしゃっていただいた通りこれまでの経緯としましては元々は100人以上の大企業を対象にしていたというところでございますが、金正基に平成18年に人事委員会において、国民の理解を得つつ、公務員の適正な給与水準を確保していくまたねというような理由を多くして、有識者等の意見も踏まえて設定をしたと。
50人未満の50人以上の事業者に設定するというような形になり、それを受けて特別区としてもそうした比較対象というふうにしていったというふうに認識をしてございます。
今回50人以上というところからまた100人以上に変えたところでございますけども、人事委員会のその勧告のお言葉を借りつつでございますが、厳しい作業環境というところを踏まえまして、より優位な優秀な人材を確保していくためというところでまず100人以上の規模を企業と比較することで、適正な給与額になっていくんじゃないかというところ。
他の公務の職務職責を重視し、大都市にふさわしい。
より規模の大きな企業と比較する必要がやはりあるというところで、今おっしゃっていただいた通り大きければそれだけ給与額もそうですし、給与制度とかあの職員の人事制度とかそうしたものも、より特別区に近いような制度のところと比べることができるということで、より比較対象として適正があるというふうに判断をしたというふうに認識をしてございます。
続きまして再任用の方々の処遇改善ということでございますが、今回の給与改定の中では、再任用の方々の給料もそれだけ上がっているというところと、あと一時金特別区というところでございますけれども、さっき期末手当と勤勉手当も常勤の職員と同じように上げているというようなところでございますので、一定程度そういったところで人事委員会の勧告に基づきながら、専用の処分もしっかりと改善しているというふうな認識でございます。
今後も再任用の給与改善というところは、元々国とか他の地方だ公共団体との均衡を図っていくという均衡の原則というのがありますのであのあまり極端なところというのは特別会計中央区だけでというのはなかなか難しいところでございますが、人事委員会の方の韓国等ですねこれからも踏まえて対応していくべきものというふうに考えてございます。
はい。
先ほど申し上げましたご答弁できなかった差額支給者の人数でございますが現在本部で12人いるというところでございました。
大変失礼いたしました。
よろしくお願いいたします。",2025/11/27,企画総務付託
奥村委員,"はい、比較する企業の規模については、そもそも50人に引き下げたということが、おかしいのではないかというふうに思います。
やはり特別区であればその大きな企業もあったり人も集中していて所得も高い方なども多いわけなので全体としてやはり人数の大きい企業を比較していく方が、区の職員の給与のアップに当然繋がると思うので、これが維持されるということを願っています。
再任用の職員については前回も述べていますけれども、新潟市などの人事委員会は、独自に再任用職員の処遇改善も韓国するなど、そういうことも行っていてそれに続いて他の自治体でもこういった独自の策をとるということも増えているというふうに聞いています。
人事院勧告には法的な拘束力はありませんので、勧告はあくまでも尊重事項ということなので、ぜひ中国独自の処遇改善、また、特別区人事委員会の方にも働きかけて、特別区全体でもっと引き上げていくようなそういう協議を進めていただきたいと思いますがその点についてご見解をお示しください。",2025/11/27,企画総務付託
議長職員課長,,2025/11/27,企画総務付託
職員課長,"。
はい。
おっしゃっていただいた通り、特別区人事委員会の勧告というのは必ずしも法的な拘束力というところはなく、必ず候補者がなければいけないというところではないというのはおっしゃっていただいてる通りというところではございますが、特別区23区全体として統一的な人事制度、給与制度をそうしたところを図ってやってきているというところがございますのであの法的な拘束力はないと言いながらも、やはりこの人事委員会の23区統一でというところはやはり守っていくべきものというふうに考えておりますので、区としてどういう判断するかというところはまた検討しながら、必要に応じて特別区の方に協議をしていったりして、検討を図っていくものというふうに思っております。
以上でございます。
奥村委員優秀な人材確保をしていくためにもこういった給与引き上げていくというのは大変重要だというふうに思いますので、前向きに検討していただきたいということを強く要望して質問を終わります。
副委員長は良い席へお移りください。
質疑を終了いたしましたので、この後、採決に入りますが、上田議員より、委員外議員として発言したい旨の申し出がありましたので、区議会会議規則第89条第2項に基づき、お諮りいたします。
委員外議員発言を許可することについて、ご異議ありませんか？ご異議なしと認めます。
よって、上田議員からの委員外議員発言を許可します。
発言については5分以内で簡潔に願います。
上田議員無会派の上田和樹です。
私は議案第101号、中央区役所本庁舎照明設備改修工事請負契約に対し、反対の立場から討論を行います。
本議案は、水銀燈の生産終了に伴い、本庁舎の全照明設備を一斉にLED化するものであり、現場管理の立場として維持管理に腐心されていることには一定の理解をいたします。
しかし、本件は単なる設備更新の問題にとどまらず本区の重大判断に対する先送りを象徴する事件であり、以下の3点の理由から看過できません。
第1に、本庁舎の建て替えに関する政治決断が欠落したまま行われる、なし崩し的な投資である点です。
かつて、本庁舎の建て替え検討は、晴海地域を初め、不足する小・中学校の整備や区民施設の改築を最優先に行うという理由で、事実上の凍結先送りとされました。
しかし、先般にもあった通り晴海地域の開発は一服しており、先送りの大義名分は既に失われています。
今こそ、本庁舎整備の優先度を上げ真正面から議論を再開すべき局面です。
これは1課長の判断で済む設備更新の話ではなく、区の未来を左右する高度な系政治案件ですから、議会を置き去りにしたままなし崩し的に巨額の修繕を重ねるのではなく、早急に議会を交えた議論の場を設けるべきです。
第2に、投資対効果ROIと将来リスクへの認識不足です。
2027年の水銀燈生産終了への対応は必要ですが、解体建て替えの可能性が残る建物に対し、4億6000万円もの巨額を投じ、かつ工期を1年半近くかけて一括交換を行うということが果たして最適解でしょうか？部分的な改修や汎用品による低コスト化など、建物の残存期間に応じた必要最小限度の投資こそが最も投資対効果を高める手法であると考えます。
第3に、災害対策拠点としての機能維持と執務環境に対する危機感です。
本庁舎は築55年を超え、構造的な老朽化は否めません。
適切に管理すれば70年はもつという答弁もありましたが、それは仮定の話です。
首都直下地震等の災害時、区民の命を守る司令塔となるべき本庁舎がつぎはぎの改修を繰り返している現状は、リスク管理の観点から適切とは言えません。
また、照明を変えたところで、建物の防災機能や職員から悲痛な声が上がる空調不調などの執務環境が本質的に改善されるわけではありません。
限られた財源をLED化に一括投入するのではなく、働く人の失礼しました、働く環境の質的改善を始め、より緊急性の高い分野へ配分すべきです以上の理由から、私は本庁舎の今後のあり方について期限を区切った明確なロードマップを政治決断として早期に示すことを強く求めます。
その全体像なきまま現場の対処療法に巨額の税金を投じる本工事に対しては、経営的視点および将来への責任という観点から反対いたします。
以上で私の反対討論を終わります。
それではこれより採決に入ります。
まず、議案第93号を中央区、職員の給与に関する条例の一部を改正する条例について、起立により採決いたします。
本案を可決することに賛成の皆さんは、ご起立を願います。
全員起立と認めます。
ご着席願います。
よって本案は原案の通り可決すべきものと決定いたしました。
次に、議案第101号中央区役所本庁舎照明設備改修工事請負契約について起立により採決いたします。
本案を可決することに賛成の皆さんは、ご起立を願います。
全員起立と認めます。
ご着席願います。
よって、本案は原案の通り可決すべきものと決定いたしました。
次に、議案第102号特別養護老人ホームマイホーム晴海等複合施設照明設備改修工事請負契約について起立により採決いたします。
豊和を可決することに賛成の皆さんは、ご起立を願います。
全員起立と認めます。
ご着席願います。
よって、本案は原案の通り可決すべきものと決定いたしました。
次に、議案第106号中央区職員の給与に関する条例等の一部を改正する条例について、起立により採決いたします。
本案を可決することに賛成の皆さんは、ご起立を願います。
全員起立と認めます。
ご着席願います。
よって、本案は原案の通り可決すべきものと決定いたしました。
副委員長は、元の責任お戻りください。
本会議における委員長報告の取り扱いについて、正副委員長に一任ということでよろしいでしょうか？さよう取り扱わせていただきます。
これにて企画総務委員会を閉会いたします。
長時間お疲れ様でございました。",2025/11/27,企画総務付託
企画部長,,2025/12/05,企画総務
企画部長,"、はい。
現状総合経済対策ということで、後々あとはそれを実施していくための補正予算というところで閣議決定がされたということで、今後国会の方でご審議されていくのかなというふうに思っております。
ただ、このメニューの中で委員おっしゃられたように、特に物価高騰の影響を非常に大きく受ける子育て世代への対応というのは急がなければならないのかなというふうに行くとしても考えておりましてこちらに関しましては準備を早急に整えまして、臨時会の開催ということで、庁内連携して、取り組んでまいりたいというふうに考えておりますので、準備でき次第またご案内させていただきたいというふうに考えております。
もう一つですねおこめ券などに代表される物価高騰対策の部分に関しましては、ちょっと国会の議論みないとわかんない部分ですとか、細かいあの事務でまだ出てきてないところもありまして私どもとしても当然のことながら急ぎ対応すべきであろうというふうには考えておるんですけれども区の中の現状ですとか、特徴特性などもあろうかと思いますので、区の施策なども含めまして、こちらもちょっとお時間をいただいて検討して、年が明けてですね、年度内に何とか準備をしてですねまたこちらもご案内させていただいた上で早急に対策を考えていきたいというふうに考えているところでございます。
以上です。
田中副区長今の企画部長の方から臨時会の開催のお話がありましたが、国が言ってる年内支給になると、補正予算を組んでやらなきゃならない。
そうすると、臨時会を開催させるを得ないというとこでございます。
今我々の方で状況それから方法等を整理をしておりますので、その中で12月2に改めて補正を組んで、やることが対応が可能であるというような状況であればそれに関しては改めて理事会の開催について、議会の皆さんの方にお願いにあがりたいと思ってございますんでそのときはよろしくお願い竹内委員はい。
は前向きなご答弁をいただいたと思っております。
やはりこういう部分で経済対策という部分は速やかなる速やかに執行されることが大切であろうと思っております。
事務手続き上、様々な検討がされているのかなと思っております。
本区ですと、いろんなところでポイント事業であったり、何かおこめ券であったり、そういうようなお話もありますけれども、パリ本区では共通買い物券というシステムも既に構築されているものがあるかと思いますのでそのような部分も加味してかみしていただきながら、速やかなど、補正予算で区民の全区民に支給されるようなことを検討していただきたいと思います要望して、ごめんなさいねさらにすいません失礼しました。
本区としても、この安全にさらに上乗せをして、独自の上乗せをすることで、やはり経済対策、更なる効果の高いものとなっておりますなることと思います。
この部分でも、速やかな国に対する経済対策として、検討していただきたいと思います。
保険会議お伺いいたします。
委員長　企画部長企画部長各自治体の方での対応、ある程度自由度があるかと考えておりますし、私どもとしましても区民への給付というところで、上乗せをするというところも含めまして、今後考えていきたいと思っております介護の実験に関してそちらを使うことによって、大きな経済対策としての効果もあるかと考えておりますのでこちらのことも含めまして、しっかり検討して取り組みたいと考えております以上です。",2025/12/05,企画総務
竹内委員,"はい、ありがとうございます。
こういう非常にいろいろ経済対策というところでは注目をされる。
部分もあると思いますので期待をしておりますので、どうぞよろしくお願いいたします。
以上で終わります。
続いて、の発言を願います。",2025/12/05,企画総務
小津実委員,"はい、よろしくお願いいたします。
私からまず中央区公式ウェブサイトにおける多言語対応に関して伺います。
11月の本委員会において、中央安全安心メールの多言語登録者数の方の報告をいただいて、この数字が1年間で33名しか増えてなかったという報告がございました。
こういった課題がどこにあるのかという点をいろいろと考えた中で、またこのウェブサイト等も拝見しての提案でございます。
現状の公式のトップ画面上部の閲覧支援サポートというボタンがありそこからマルチリンガルというボタンを選択すると、多言語コンテンツへのリンクのあるページが表示されるという認識です。
なかなかちょっとこの言葉で説明しづらい部分なんですけれどもここにも大きく二つ鋼鉄がありまして、職員の方がおそらく外国人の方向けに厳選した情報を翻訳した情報と、あとはそのサイト全体を機械翻訳するサービスへのリンクの大きく二つがあるあります。
この前者の部分に関しては、ある程度その厳選されているということで一定のわかりやすさはあるのかと思いますけども一方で情報の更新の頻度をですとか、量の不足という点は課題であるかというふうに感じているところです。
いくつか開いてみますと更新3日2023年で止まっているようなものも複数あることを確認をしております。
また、先に挙げた安全安心メールへのリンクというのはこちらにはないかと思ってます。
一方で後者の機械翻訳をするサービスに関しては、言語を指定すると現状の日本語でのコンテンツをほぼ同じレイアウトで全て翻訳しているようなものが入っております。
翻訳の精度というところについては評価できておりませんけども、同様のサービスが23区全てに導入しているされていることを確認しておりまして、一定の評価はあるものという認識です。
これらを踏まえてお伺いしたいのはまずあの本区として、あの街次の方へのコンテンツへの提供方針という部分です。
前者の大物ということであれば、よりその更新頻度ですとか、あの量を増やしていくということが必要というふうに考えております。
後者の機械翻訳の方だとするとですねよりこちらの方を目立たせるということが必要かとは思っております。
現状でいうとこちらの機関翻訳の情報が下の方に来ているというところもありましてこれはおそらくアクセスとかを見てもですねこちらの方が少なくなっているのではないのではないかというふうに思っております。
あわせての全体的なその考え方として、本区としてその外国人の方へのコンテンツをどういうふうに考えているかというところについてお示しいただけたらと思っております。
お願いします。",2025/12/05,企画総務
議長広報課長広報課長,"はい、外国勢のコンテンツの提供ということでホームページにおけるコンテンツということでお答えさせていただきます。
今委員がご紹介されたホームページのトップページから閲覧支援サポートはいマルチリンガルという項目とWebケースPagetranslationという機械翻訳の項目があるとこの二つを設けているまず一歩なんですけども委員がおっしゃったようにWebPagetranslationというのは、基本的には通常の日本語のホームページに載ってる情報が基幹翻訳されて他言語で提供されるものということになっております。
それに対してですねマルチリンガルの方は、やさしい日本語というタイトルで出さしていただいてる部分ありますけどもあくまでこれはですね日常生活において非常に必要になるまずは必要になる情報、例えばゴミであるゴミの出し方であるとか、子育てこういう基本的な行政情報、当然災害時における行動、こういったものをまずはどういったもの情報が必要かを考えたときに、こういう基本的な情報をお示ししようといういうことで、やさしい日本語という中で、全ての情報から抜き出した形でご提供させてさせていただいている。
このある意味2段階で提供されているという考え方でございます。
まずはやさしい日本語で入りやすい中で、情報をある程度基本的に知っていただいて、さらに詳しい情報を網羅的に知りたいというふうになったら、今度は機械翻訳のWebPagetranslationで確認していただくという考え方のもとでやっております。
ただ、ですねアクセス数のお話もございましたけども、WebPagetranslationの方は年間1年間で約今んとこ500ぐらいのアクセスそれに対してやさしい日本語をこちらの方についてはやさしい日本語のページで言えば約3000円マルチリンガル全体でいきますと、このページにアクセスが約4600ぐらいということで、やはりまず基本的な情報の方を皆さんご覧いただいてるっていうことかなと思ってます。
そうした中で、そういう情報提供の考え方の中でやっておりますけども、やはり外国人もすごく増えている中で、いかにですねわかりやすく、さらに伝わる広報ということを我々進めてる中で、広報力向上という取り組みの中でも、よりわかりやすい情報提供のあり方一般の区民区民の皆さんも含めて当然そうですけれども、ご意見いただいたそういう項目のお示しの仕方、そういう順番もお話もございましたけどもそういう点も踏まえてですね、よりわかりやすい情報発信、情報提供に引き続き取り組んでいきたいとそのように考えております。
以上です。",2025/12/05,企画総務
穂積委員,"ありがとうございます。
まずそれぞれのページによって役割をあるということで理解をいたしました。
また、アクセス数の部分ですね、こちらについては現状の優しいその厳選したコンテンツの方に関しては3000円程度機械翻訳のところは500程度ということで、やはりその上のコンテンツの方が見られているというところはあるのかなというふうに思っております。
その位置づけとしてそれぞれ必要だということでご認識ではあろうかと思いますけども先ほども申し上げた通り、やはりそのコンテンツの量という観点からいうとかなり少なくなってるっていうところと、おっしゃっていただいたように日常生活を過ごされる外国人の方がかなり増えてるってことを踏まえますと、できる限りこちらの機械翻訳というところに関しても、より目立つような形でアクセスしていただくような形で補正をしていく必要があるのかなというふうに思っているところです。
はい、それと加えての部分ですけども、インターフェースの部分に関してはなかなか閲覧支援サポートという技術ですね。
これに関してメディアの中にその言語の切り替えのボタンがあるというところもやや直感的にはわかりにくいような気もいたしますのでその辺の考慮というのもぜひ検討いただけたらと思います。
これは他の自治体等を見ていただければとは思うんですけれども、多くはLanguageみたいな形で表現が多いようでして、これもぜひ見直しというところをぜひ検討いただけたらというふうに思っております。
その辺の見直し案もぜひ今後も期待しているところでございますので。
はい。
します。
もう一つ男女共同参画事業の中で行われておりますSNS相談について伺います。
本事業は予算決算委員会での資料要求としてこれまでの実績を情報提供いただいておるところです。
こちらを拝見しますとおおよそ月あたりで月少ない月ありますけれども大体50件から100件程度の相談がしているようです。
この中で着目すべきは10代の割合が極端に多いということで、概ね4割の会利用者は10代となっております。
この世代はなかなか役所などの窓口くるような相当のものを入れず、これまでの形では少なかったニーズを広くことができるものとして、非常に素晴らしいものだと思っているところです。
また、そこで気になる点としましては、これらも寄せられる声をどのように既存の事業そして既存の事業の改善というところに繋げていくかというところです。
現状での例えば悩みを吐き出しですとか、気持ちの寄り添い、といった点での対応は十分行われているかと思いますけども何らかの支援が必要な場合には既存の行政サービスに繋げていく。
もしくは既存のサービスで足りない部分があるのであれば、関連部署にその課題について共有して、改善ですとか、新たなサービスの検討ですとか、そういったところの営みが不可欠だと思っております。
このような取り組みの部分に関して、支店長ともに対応されているかというところについてお伺いできればと思います。
お願いします。
委員長。",2025/12/05,企画総務
総務課長総務課長,"はい、既存のですね事業へのというところでございますけれども我々の方としても、こちらあくまでもですねきっかけ作り、やっぱりハードルを低くしてですね、10代20代のそういう若年層それからまたLGBTQの方ですとか、そういった方々にですね、やはり利用していただきたいというのが狙いでございました。
そうした今るる委員からもご紹介あったようにターゲットにですねアプローチできてるといったところでございまして、の課題としては、そうしたどうやって既存のところに伝えていくかって確かにですね、いろんな事業者のやっていただいてる事業者の方と話をしていてもですね。
やはり非常にハードルが低くて若年層が日頃使い慣れたツールでチャットでLINEでっていうことでいただいてはいるんですけれども、やはり課題としては文字による情報のみであるために、やはりなかなか表情ですとか、声のトーンが読み取れないですとかあとは特命であるからこそ本当にいろんな方が相談していただいているというところではございますけれどもそうした方々必要な情報が得られない場合があることですとか、フォローに繋げたいときにですね途中退出した場合に、やはりあの一方的に終了してしまうというような場合もあるというふうに聞いてございます。
こちらの方は事業者と話してる中では、やはり丁寧な案内ですね。
やはりまず専門相談機関など召喚する際にもですね、あの名称ですとか連絡先だけではなくって、そしてあの汐奈支援の内容ですとかあとは相談後の流れまでをやはり丁寧に説明をして、やはり若い相談者そういったところになかなか迎えにくいところがありますので、あの不安の軽減に努めていると。
また、1000相談員の専門性ですとかそういったところのスキルの向上、そういったものも図るためにですね、あの研修を毎月実施。
やはりあの困難事例については、あの画面を共有して、チームで検討しながら対応しているといったようなところでございます。
今後もですね国の関係機関専門機関と連携については力を入れてやっていきたいと思っておりまして相談実務者連絡会議ですとか、あとはTVネットワークの永田圭田り連携会議で今年から機能を整備しました。
DVセンターの機能そういったところも図りながら関係機関と連携専門機関の連携は今後も引き続き充実してまいりたいというふうに考えてございます。
以上でございます。",2025/12/05,企画総務
穂積委員,"はい、ありがとうございますきっかけ作りというのは言葉をいただきました。
はい、若年層も含め、そうですね性的マイノリティですとかそういった方も含めて利用してほしいということでした。
おっしゃるようにチャットという形で非常にハードルが低いということもありますのでその役割というところは今季現状の利用状況を見てもある程度果たされてるのかなというふうに思っております。
ただ、の部署が連携というところで、としては、ぜひ力を入れてやっていくということでお話いただいたところだと思っておりますので、ぜひその部分に対しております。
貴重な10代をの声を聞く場所というところについてはかなり貴重なところだと思っておりますので、ぜひ福祉ですとか教育ですとかそういった場面にですね、繋げていただくような取り組みを今後も続けていただけたらというふうに思っておりますし、またその相手方のキャパシティというところもありますけどもサービス時間の利用の延長ですとか、そういった規模の拡大というところについてはぜひ今後ご検討いただけたらというふうに思っております。
私からは以上です。
ありがとうございます。
続いて、の発言を願います。",2025/12/05,企画総務
奥村委員,"はい、それでは防災対策について質問します第3回定例会の際に、災害時のDXの大勝様ということを、質問もし、要望もしました。
江戸川区のお礼で250ヶ所の小・中学校の屋上に防災カメラを設置し、被害状況把握。
それでも死角になる部分については江戸川区と協定を締結した4社がドローンで確認するなどというものです。
中央区では、総合防災システムの構築も進めているということで、年明けからテスト運用も開始いいしていく。
また、AIカメラについても他自治体の動向も注視して、研究していくということでした。
その後、江戸川区はさらにドローンの本格的な導入決定して、今年度から3年の間に江戸川区711ある避難所のうち、297台等を設置配備すると配備に向けて約200人の職員がドローンの操縦資格を取るということで計画が進んでいるということです。
一般質問でこのドローンの活用というものについての答弁なかったんですけれども中国ではどのように検討を進めているのかあるいは検討ないのかということも併せてご見解をお示しください。
委員長。",2025/12/05,企画総務
総務参事総務部参事,"はい、ドローンの活用についてでございます。
ドローンというのはもちろん今言いたくの取り組みの状況をご紹介いただきながらというところで、もうご承知かと思いますけれども、当然のことながらその人が入れないあるいは高度ななんつうか高さからの講師申請というところを含めましての被害確認さらには資格になったというところのある種、操作性をもっての確認というところの話がいち早くというところの利点を持っているというところは我々当然のことながら把握、承知してございます。
一方でですね、このドローン本当に安全性が必ず担保されるのかというところところは、まだまだ私どもやっぱり検証が必要だというところこれ例えばの話ですけどうちの中央区の地形で大川つまり隅田川沿いに特化する形でも、そこはやっぱ例えば物資輸送であったりドローンの活用による物資輸送であったりということもある種一躍カレンダーが愛着になるんじゃないかというところの視点は、我々区内でやった実証実験含めての取り組みで、確認はしてございます。
一方クール職員によるその操縦士の資格取得というところもまだまだは私どもそういったところの人材育成とか人材確保の部分については、やっぱり一定のジョブローテーションといいますか、移動のスパンも含めましてのの側面もやっぱりきちんと研究していかなきゃいけないというところの課題意識を持ってございます。
いずれにしましても、このドローンの活用とかより安全安心な飛行というところのいわゆる技術進歩というところもやっぱり今今一度注視していきたいという思いが私ども防災部局の考えでございます。
以上でございます。
奥村委員安全性のを担保ということは本当に大事だと思いますし中央区のその土地の形状に合っているかどうかという検討も必要だというふうに思います。
どんどんスピード感上げて根入りして欲しいとかそういう要望ではないんですけれどもやはりこのビルが1億の中で活用できる可能性というものは、あるのではないかというふうに思います。
ドローンも空撮用のものであれば一般的に数百gということなんですけれども産業用ですとか運搬用ってなると、100キロを超えるようなうん。
坂も可能なものなど様々あるようですので、連携事業者どう扱う事業者の連携協定とか、また区独自に購入をして配布していくとか様々な角度をから今後検討もいただきたいということを述べて、質問を終わります。
田中委員それでは私からは、物価高騰対策について質問させていただきます。
今、国の方で閣議決定が政府の方でされて、それから実質的な審議がもっと深まっていくだろうと考えております。
先ほども質疑がありました通り、まず一つ目の子育て応援手当につきましては、保全委員さんおっしゃった通り、スピード感ある対応をぜひ全庁的にご検討いただければと存じます。
私の方からも要望させていただきます。
また、重点支援地方交付金でございますけれども、先ほどもご答弁にありましたが、現状、今いただいている情報の中でですね、どのような検討されていらっしゃるのかお考えを少し教えていただければありがたいと思います。
当然中身が区民の皆様にとってどういった形になるのか一番大事だと思いますけれども、その点のご検討を伺いたいと思います。
また、これまでも例えば決算委員会の審議でも、令和6年度は100億円を超える物価高騰対策に取り組んできたというお話がありました。
その中でこの交付金の活用があったわけでありますけれども、現場の皆さんの、きっといろんな努力があってのお取り組みだと思いますが、これまでもそうした交付金の活用の中で、何か工夫していきたいなという考えている点等ありましたら教えていただければと思います。
また、交付金の総額が2兆円と言われているところでありますけれども、それが実際中国としてどのくらいの額になっているのか。
また、時期をどのようにスケジュール感を持っていらっしゃるのかも教えていただければと思う。
よろしくお願いいたします。
委員長。",2025/12/05,企画総務
企画部長企画部長,"はい。
私からは現状の重点支援交付金のメニュー等に含め他の部分だったらちょっとお答えさせていただきます。
今国の方からメニュー出てきてちょっとまだ細かく決まってないところがありまして、私どもとしてはまだ決定押しておらないんですけれども、やはり区民の皆さんに支援のための買物券であったり、現金であったりどういった形かわかりませんけれども、届けるっていうこと自体の事務負担はやはりかなりあるんだろうなというふうに思ってましてそこを速さと、事務的な経費の部分ですとか、こういったところを見ながら、どういう形をとることが最も効率よく区民の皆さんの支援に繋がり、なおかつ例えば買物券であれば、事業者支援にも繋がっていくというところがあると思いますので、本区が通常行っている支援策含めてですね、うまくマッチングさせることによって、より大きな効果が生まれるような形が取れないだろうかということを今現在検討しているところでございます。
以上です。
以上山下部長支給時期含めてなんですけども、今新聞やテレビで言われてるように、ようにおこめ券というのが非常に引っかかっておりましてあれがどのぐらいの拘束があるものなのかまた、つい最近示された報道の中で、実際に自治体向けの説明会で国が説明ですけども、使用期限を設けるっていう話をしている。
状況がございます。
要は現在発行されてるお米券に使用期限がないんで、これを配ってしまうとです。
そういった意味では至急早急の経済対策にならないんじゃないかっていう意見がスケールアップですが実際のところ国は支給期限を要するに化し使用期限を設けるという説明をしたというところまだ我々の情報ももらってないんですけどもっていう説明もしてございます。
そういった状況にあります。
それから各金額もまだ示されておりませんっていうのは、重点交付金自体が2兆円って言われてます。
があれ都道府県単位で来ますんでそっから東京都で東京都の補正予算を見ると、370億ちょっとっていうのが、特別区への支給額だというふうに出てはおりますが、こっから国いくら来るんだっていう部分がそういった意味ではまだ見えていないんで、現状においてそういったものを今、我々とすると、ある情報の中でいろいろ整理をしておりまして、今企画部長が申しましたように、いろんな想定のもとでいけば、我々とするとっていうところでは、共通化要件も一つの選択肢としてあるだろうというところでございます。
ただ、他の区の状況を見ますともうとてもじゃないけど時期的に間に合わない。
それから手間の手数といいますか、事務的な事務作業の部分もあって、もうやむを得ず現金に振り分けるっていう方ところの検討してるという区もあるというふうに伺ってございます。
やはり、中央区とすると、これまでも、先ほど阿野委員からありました重点交付金をどう使うんだってこれは様々なまち作りからご要望があります。
区民からのご要望があれば、事業者、あるいは医療機関そういったところから重点交付金のメニュー中に入っておりますんで、活用させていただきたい。
使ってぜひっていうお声いただいておりますが、それに対してこれまで苦労するとやはりまずは第1に区民というところを念頭に置きながら対応してきてございますんで、今回につきましても額が示されて、メニューの詳細、要は必要条件、交付条件が明確になった時点で、そういうものを受けた上で、今申しましたように、区民にとって区民生活にとって何が一番今必要なんだというところを第1に考えまして、その上に行って、改めて事業者支援もどこまでできるのか含めて検討させていただいてご提示できればと思ってございますんでちょっと国が言っております年内の補正予算については先ほどの子供が言ってた別で、なかなかちょっと難しいのかなというふうには思ってございますができる限り可能な段階で検討させていただいて、決まり次第、またごご説明させていただこうと思ってますんでよろしくお願いいたします。
委員長。",2025/12/05,企画総務
田中委員,"はい。
大変に限られた情報の中で、あといろいろと区民の皆様のため、また事業者の皆さん物価高騰への対策になるように真剣に考えていただいていることが伝わってくるご答弁でありました。
大変期待をしております。
今のご答弁の中にも当然あったんですが、もちろん事務的な経費もかかる、またスピードもあるそういった中で、できれば広く区民、全区民に行くあの事業に指定いただきたいと先ほども全委員さんからも広く国のお方という趣旨のお話がありました。
この点は本当に子供のなんていうんでしょう、限られた環境ではなくてですね、ぜひ全区民の皆様に行き当たりの取り組みを私からもご検討をお願いするよう要望させていただきます。
最後に企画総務という委員会でございますので、当然今重点支援地方交付金の話をさせていただいたところでありますが、まだ時期も明確ではないところではありますけれども例えば今、国が既に進めているのが、この年末調整と来年の確定申告で納税者のほとんどの方々が2万円から4万円の所得税の減税という取り組みがあります。
そして今のこの重点支援地方交付金があります。
女性来年になっていきますと中国では新年度予算の取り組みが進んでいくわけであります。
先ほどご答弁の中でも共通買い物食事券のお話がありました。
新年度予算の検討の中でも当然していくわけでありますが、この今からこの次の年に向けて、今後1年間ですね、一つのスケジュール感を持った物価高騰対策、こういう流れをとっていただきたいなと思いますけれどもその点の構想はどのようにお考えでございますでしょうか？よろしくお願いします。
委員長。",2025/12/05,企画総務
財政課長財政課長,"はい、今委員御紹介ございました通りですね、令和7年度国の方でですね補正予算組んでいるということでそういったものへのですね、対応といったものも図りつつですね。
それと同時並行でですね新年度予算に向けて予算編成を行っているところでございます。
また、ですねちょっと先ほど副区長からもご答弁申し上げましたけれども、やはり国からですね風格含めてですねまだ詳細のところが示されてないこととか、あとまた事業スキームをどうやって速やかに、またどういった対象であの配布その物価高騰対策を行っていくかというような庁内で今引き続き検討しているところでございます。
その上でですね新年度予算についてもですね、なるべく切れ目のないような形でですね、そこら辺の調整というものは図っていく必要があるのかなというふうに考えておりますので引き続きですね、物価高騰対策について、国の方針がある程度詳細が示された時点でですね。
庁内検討で大勢必要な対策については検討していきたいとそういうふうに考えてございます。
以上でございます。
委員長。",2025/12/05,企画総務
田中委員,"はい。
ありがとうございます。
本当に大事な取り組みでございます。
今日2回目の食事券、ご答弁をいただいておりますけれども本当日頃、私も買い物行って、特にスーパーのようなお店行くと、本当に多くの方が共通買い物食事券を最初から準備して待ってて、とにかく会計はスピードが求められるもんですからすごく多くの方が利用しているなということを日々実感をしております。
中央区独自の素晴らしい事業だと思いますのでぜひこうした取り組みを生かしていただきながらまたあの中国の財源もですね、さらに充実していただきながら、多くの方が物価高騰対策をしっかりと行き届くような取り組みをお願いをいたしまして、質問を終わります。
ありがとうございました。",2025/12/05,企画総務
副委員長,"は副委員長　席にお戻りくださいはい議題1企画総務および財政の調査については、質疑を終了しましたなので継続審査ということでよろしいでしょうか？さよう取り扱わせていただきます。
続いて、議題第2請願第7号選択的夫婦別姓制度を直ちに導入するための国会審議を求める意見書の提出についての請願の審査について質疑ございますか。
継続審査ということでよろしいでしょうか？はいさよう取り扱わせいただきます。
続いて、議題3、請願第9号日本政府に核兵器禁止条約の参加調印批准を求める意見書採択を求める請願の審査について質疑はございますか。
はい。
こちらも継続審査ということでよろしいでしょうか？はい。
さよう取り扱わせていただきます。
これにて企画総務委員会を閉会いたします。
よろしくお疲れ様でした。
なんかあの時この質問がちょっと変わってきたのを感じました。
まだ感じてない。
時期的なものっていうイメージって聞いたかもしれないけど、うん。
前はこんなの国の、うん。
予算とか、あんまりやらなかったじゃないですよ。
出た後で事務費がかかりすぎるとか。
これだけ全体の予算がつくから、たくさん取ってほしい。
あんまり意味ないと思うんですけど、あれですよ、与党野党っていうのを明確にしようとしてるんだと思います前もって情報を得るとそれを発信していくかどうか。
わかりまへんかね。
あんまり小鷹先生今一生懸命何か言ってるようなので。
はい、です。
ないっす。
売ってる内容は今送りました。
今読んだ。
はい。
うん。
そういうせこいことはやってくるので、自分はわかりました。
22じゃないですか。
へえ全然私は意見は言わなくていいってことですか。
違う違う違う。
そのせこいとかいう。
いうのは表現悪いじゃん。",2025/12/05,企画総務
高橋委員,"はい、よろしくお願いいたします資料1から私はお伺いをさせていただきます。
今回の中央区子供子育て施策推進本部の設置について、これまでのこども政策すいません中央区子育て支援対策本部を新たに中央区子供子育て施策推進本部に切り替えるというご説明ではございますが、ちょっと具体的に組織体制として何が変わるのか、この本部の名称が変更するだけでなく、具体的にどういった発展的な組織体制の整備となるのか、その点についてご説明をお願いができればと思います。
委員長。",2025/12/08,福祉保健
子供子育て支援課長馬越課長,"はい。
これまでこれまでの子育て支援対策本部でございますけども、こちらの平成29年8月に設置したところでございますけども、これまでの間ですね待機所主に待機児童対策の方を会社が待機待機児童解消するためにですね、その緊急対策決定する庁内で会議体として行ってきたところでございます。
今般つき、今般この昨年度末でございますけれども、中子供計画、こちらの策定ですとか、子供施策推進室、こちらの方の組織体制がですね、狭整備強化されたところでございますけれども、そういった中で今後はですね待機児童、対策だけではなくですねこちらの食事法の方にもございますけれども、いわゆる福祉分野だけではなくって、子育てのそういう環境の整備ですとかそういった質の向上に向けてですとか、子供若者子育て当事者も含めたそういった施策に関するようなことということで、より幅広いですね。
そういった多くの課題をですね、に対して方向性を検討していく。
指定方向性を決めていくというようなものになっているものでございます。
以上でございます。",2025/12/08,福祉保健
高橋委員,"はい、ありがとうございます以前の本部につきましてはメインの課題、大きな課題として待機児童対策を掲げて、その解消のために組織された組織でしたので、今度幅広い分野で子育て支援を進めていくために組織として改編をしたということで理解をさせていただきました。
そこで、やはりちょっとお伺いしたいのが、やはりこの今までは待機児童対策がこれはもう全庁的にも区民の皆様的にもやはり一番の解消しなきゃいけない課題であった大きな課題だったかと思います。
やはりこの近年はそのまだ地域によっては待機児童というのが発生している状況ではございますが、やはりまた課題というのも人口増加に伴い、また移り変わってきているのではないかと考えております。
そこで、お伺いします本区としては今回この中央区このそして施策推進本部という形で改めて課題の設定をし直したというふうには認識をしておりますが今の現状において中央区において、その今回子供子育て施策推進本部の一番のメインの課題一番ここは解消しなくてはいけないと考えている。
その現状の課題認識としては今ご説明はいただきましたが具体的に何を解消するのかというところで認識があれば教えていただければと思います。
委員長　子供子育て支援課長子供子育て支援課長はい今回この会議体においてですね、大きく取り上げていくといいますかその課題感の部分でございますけどもまずですね国のその法令等の報酬もございますけれども、基本的には子供や若者、そういったところの人口増加に対しまして、やはりそこの当事者に対する支援です支援といいますか、子供若者に対するその施策についてこれをですね、福祉分野だけじゃなくて全庁的にですねどう展開していくのかといったところが大きな課題かなというふうに考えてるとこ思ったところでございます。
そうした中でそういった子供施策を馬場もそうですけれどもそういった施策を展開していく中で、若者明日そういった中でですね、まず子供方の意見の意見の尊重といいますか、意見の聴取であったり、そういった聞き取った意見をどくせに反映していくのかっていうようなところが大きな課題だなっていう認識しているところでございます。
以上でございます。
子供作成室長子供施策推進室課題感に関するところでございますけれど委員からも少しご紹介がありましたような、例えば保育児童、待機児童を解消したとはいえやはり地域的な偏在、こういったものは依然あろうかと思ってございますし、これまでも委員会等でもご報告説明しておりますような学童クラブの待機児童の関係それから部局がまたがりますが学校の受け入れ体制の問題、それから夏場の公園ですとか、それからこういった課題が様々あろうかと思っております。
こういったことに関しましては従来の福祉中心のいわゆるその子育て支援こういったカテゴライズ枠の中ではあんまり収まりきらないのかなというふうに感じているところでございます。
いわゆる定住人口が増加していく中での都市生活と子供、そういった成長をいかに両立させていくのかというような複合的な課題を全庁挙げて多角的に考察していく必要があるのかなというふうに考えているところでございます。
そういった意味におきましては部局の方を超えた子供中心のまち作りといったものを一層進める必要があるんだろうなという課題感でございます。
そうした点からも、従来の待機児童解消からそういったものにつきましては、子育て支援というところで枠を超えておりましたけれども、子供を乗せて子育ての施策推進というようなところで総合的な政策ビジョン、こういったものを全庁挙げて検討していきたいなというふうに考えてございます。
そういった観点から今後は支援から推進というところでさらに子供さんを進めてまいりたいと考えていることでございます。
以上でございます。",2025/12/08,福祉保健
高橋委員,"はい、ありがとうございますよく理解いただきましたやはり今回の本部を変えたというだけでなく、今おっしゃっていただいた通り、やはり総合的に部局を越えて公園例えば公園だったりとか、あるいは学校だったりとか福祉にとらわれない福祉という分野にとらわれない複合的な総合的な施策を推進していくために、今回の組織変更があったという形で理解をさせていただきました。
それはまさにおっしゃる通りであると思いますし、やはり本宮も様々な、今も待機児童だけではなく解消だけではなく様々な施策を推進していただいている方は、思いますが、今後より一層そういった課題感、各これは福祉の施設だけでなくいろいろな現場から子供や子供の声を聞いて施策に反映するというような今の課題感もございましたが、様々な声を聞いてそして施策に反映していただければと思います。
やはり先日も500会派の委員からも御質問や様々な討議をさせていただいたところではございますが、やはりこれは本区の子育てのあれから2年、子育てに関する保育に関するもそうですけれども、やはり総合的な考えということはもちろん指示をした上でその上でやはり議員としても例えば他区と比較されることもよくありますそれは近隣区23区の中で他の区はやってるのに、なぜうちの子はやっていないのかとか。
あるいは例えば他の区は補助金を出しているのにうちの区はなぜやっていないのかといった説明を求められることもございますそういった中で、説明をしていく中でもちろん区としてはこういう考えを持っているかというふうに説明をさせていただくんですけれどもぜひこの今回の組織変更においても、そういった何といいますか、少し区が変わるだけで、その支援メニューが大きく変わるということは、やはり区民目線からしても、やはりできればそういった差が生まれないようにといったお金はかかりますのでそういった他区やあるいは東京都としっかりと比較をした上で納得ができるような支援メニュー施策推進をさらに進めていただければと思いますのでよろしくお願いをいたします。
私からの質問は終わりますありがとうございます。
では次に質問ルール私からも資料1から日質問いたします4月にその組織を再編後、今8ヶ月後にあの今回この推進本部というものを設置するということで、先に組織が一部できていて、それをできていることによって、今回どのように進めていくのか。
この推進本部の実効性を高める仕組みについて、どこか先進自治体の事例をどこかご研究されたところがあればまず推し知りたいなというふうに思っていますまずそれからお願いします。",2025/12/08,福祉保健
子供子育て支援課長,,2025/12/08,福祉保健
子供子育て支援課長,"はい、まずこの年度が変わってからでございますけども、子供施策推進室って形で組織が整備されまして、そういう中で、そこを施設を所管しております子供子育て支援課、保育課保護対策課、子供家庭支援センター、こういったところの子供施策、子育ての施策に関わるですね。
そういったところの部署がですね、まずしっかり連携をとりながら、そうした中で進めていくというようなところでございます。
そうした中で今般ですね、こちらの会議体につきましてはこれまで企画相談してきたところでございますけれどもそういったところをですね、やはり子供施策推進室が担うことによって、より今までできなかったといいますか、なかなかよく全庁的な横断的に水平展開できなかった部分について、より対応していきたいというようなところでございます。
先進事例の部分でございますけれども、特に今回の会議体の構成につきまして特にどこかの自治体の調査をしたりですとかそういった確認っていうのは特にとっておりません。
以上でございます。",2025/12/08,福祉保健
ルール委員,"ありがとうございます。
今回のありがとうございます。
所長事項の中にこそ子供若者等というふうにはっきり入ってはいるんですけれどもこの若者支援の自治体性ですね、この支援の所管が今までなかったっていうか全庁的に若者っていうような形ではなかったので今回この若者がここに関すること、環境作りにも関することというふうに入っていることなので実際に誰がどの部署で実務を担うのか教えてください。
委員長　子供子育て支援課長子供子育て支援課長施策の部分でございますけれどもこちらのどこが所管っていうふうなところで言いますと、基本的にはこの子供が作成支援室がですね、全庁的な動きといいますかそういったところを把握しながら全庁的な展開をして理解促進、全庁的な部分でそういった若者施策の理解促進だったり、そういったものを深めていきながら各部署においてですね、要は福祉だけだと各部署において、そういった若者施策を展開していっていただく。
具体的に言いますと、例えば区民部で言えば、20歳の集いの実行委員会ですとかそういったところでやっておりますし、あの環境土木で言いますと、エイチーム株をゼロといったところで、そういったそれぞれの所管で独自のそういった取り組みを行っておりますのでそういったところが全庁的に広がっていけばいいかなっていうところの中で、この子供施策推進とかですね、この会議体において推進していく推進していきたいといくというような、そういう考え方でございます。
以上でございます。
ありがとうございます。
この若者のまた通訳の支援ですとかそういったものを所掌するのであれば、若者支援専任の効果が将来的にあればいいなというふうに感じてます。
また、子供や若者の意見を反映をする制度化だ。
あったり所長の所掌事項の第3号に子供若者等の意見尊重および区の施策に対する当該意見の反映というふうにあるのでって要綱の中には具体的な制度的な位置づけの仕組みがありませんで本区としてその行動も会議だとか若者会議のようなものを継続的に意見を聞く場を制度化するようなお考えがあるのか、またアンケート等を取るようなことは一方的になるので、対話の場が必要だというふうに考えますこれらの要綱を詳細に定める。
段階で同本部に子供若者の意見聴取会議みたいなものを置くようなことを条文化で入れてみてはいかがかなというふうに思うんですけれどもそれについてご見解をお伺いします。
委員長　子供査定し整備課長子育て支援はい若者参画のところでございますけども、今申し上げた形で各区民部であったり、環境土木部でそういった取り組みっていうのはやっておりますけれども、そういう中で、まずこういった子供たち施設ができましてこういった本部機能が整備していくっていう中で、まず一旦はですね、こういった若者に対する取り組みの施策をですね、全庁的に理解を得ていくっていうんですかねそういったのがまず一緒かなというふうに考えております。
そうした中でまずはこの子供施策推進室としましては、まず率先的にですね、子供を子供子育て会議でございますけれども、そちらの方に若者の委員を2名入っていただきまして、そういった中でまずそういったそういったところで意見をいただくというようなことをまず取り組んでいくというようなものでございます。
それは当面の間でそういった形で施設子供施策推進室の方で進めていく展開の中で、各部署、各部がですね、必要に応じて、展開していっていただくというようなところで考えております。
以上でございます。",2025/12/08,福祉保健
保健部長福祉保健部長,"、ちょっと補足になりますけれども意見反映のルール化という話もございましたけれども、基本的に行政は全般的に、やっぱり当事者の声を聞くっていうのは基本的な考え方としてございまして、ただやはり子供については、意見の集約の仕方とか、その反映の仕方ってのはやはり工夫が必要というところで、こういったところでしっかりやっていくってことは認識してますけども、意見を取るっていうこと自体については、先ほど言いましたように、大正どの世代も必要なことですので、それを必須化するようなルール化するような、芽吹くするようなことは今考えてございません。
以上でございます。",2025/12/08,福祉保健
アルル委員,"ありがとうございます。
区民の様々な年齢層から意見を丁寧にとぴったりと思います。
また、こちらの本部です。
けれども横断歩道ということなので、中には教育長も入ったりいろいろする中で、特に考えていたのが、その学校現場での課題不登校であったりヤングケアラーだったりがその本部のこの議題に確実に上がるような保障が見えてこないんですけれどもそういったものは教育委員会がまた別個にやるということで、こちらの推進本部の中には、あのものは入らないのかということで横断的になるので、今後この福祉保健委員会での報告になる場合には、その場合理事者の変更ですとかそういったものをお考えになっているのか、お伺いしたいと思います。",2025/12/08,福祉保健
子供施策推進室長,"、子供施策推進室長教育所管のことに関しましては私どもの方でも学校内に学童クラブを設置してたりですとか、教育委員会でも密接に事務上関わるものですから、この教育委員会に関する話題自体がこの会議体で直接お礼になるかについては今と少し検討しようかなというふうに考えているところでございます。
また、相互に情報共有しながらですねやっていくことが大事かなと思ってございます。
また、その理事者等の変更につきましては、今のところ私どもの方でしっかりと受け止めたものを報告させていただくというスタンスでございますので、特段教育委員会の御参加は考えてございません。
以上でございます。
丁寧な説明ありがとうございました。
横の中にはもう一つ必要に応じて関係職員や関係機関を出席されさせることができるというふうにありますので、もしその案件に応じては、関係機関の中には民間事業者や地域の団体やNPOや専門家なども含まれるような要望になったらいいなというふうに、あの提案して質問を終わりますありがとうございました。",2025/12/08,福祉保健
倉原委員,"はい、参政党の黒原ですよろしくお願いいたします資料1については、全員からかなり質問されていましたので私から資料2について少し伺いたいと思います内容としては設備改修と施設改修ということで理解をしております。
こちら一旦はし、場所としてはですね2ヶ所あった時間帯は違いますけれども、東あったところが1ヶ所に一時的には集約されるというところでございますが現在の利用状況といいますかこちらがですね一旦この期間、少しキャパというか容量としては少し狭くなるというところでですね利用状況に影響がないかですとか、現状との対比でですね、どのように見られているか教えてください。
お願いいたします。
委員長。",2025/12/08,福祉保健
地域保健担当課長,"、地域保健担当課長栗東急診療所の利用状況でございますが3ヶ所ございましてその中でも佃の中央区休日応急診療所なんですけれども6年度の実績ですと年間で1794名が受診されている形で薬局の方は1593名の利用があったというところになります。
休止期間中なんですけれどもやはり佃の休日休日応急診療所の利用が一番やはり多い人口も多いというところで、利用者は多いんですけれども逆に今日バシー休日応急診療所の方は割と余裕があるような状況でございます。
なので基本的にはそこの休日応急京橋園の診療所があるという形で、時間も延長したりとかしておりますのでそこで十分対応ができるというふうに考えております。
以上です。
はい、延長のご報告ありがとうございました。
はい、安心いたしましたので、何かもしこの期間中ありましたらご対応よろしくお願いいたします。
以上で終わります。",2025/12/08,福祉保健
副委員長,"の質問だった。
次に、議題1です。
議題1福祉および保険の調査について質疑のある方1点質問させていただきます。
先日区立認可保育施設における令和8年4月入所の第1回利用申し込みが締め切られたばかりでございます。
ただ、今の現在集計している最中ではあるかとは思いますがもし数字がある程度送るようでございましたら、その全体の申込数など昨年と比較した即効値が出せればお願いをいたします。
また、あわせましてその全体的なご所感をお願いしたいんですが特に勝どきや先ほども申し上げましたが、地域偏在も今の待機児童の状況でございます勝どきや晴海地域を中心に、02歳児の特に待機が発生していると状況もございますその上で、今回のやはり年度が変わった。
では8年4月の状況についてご所感をいただければと思います。
委員長。",2025/12/08,福祉保健
保育課長,"はい、委員長はい。
委員ご紹介の通り、新鮮味先月の11月28日をもちまして、令和5年度4月の第1回目の保育園の入園の申し込みの受け付けを終了したところでございます現在申し込みの数につきましては集計をしている最中ですので、ここで具体的な数というふうにお伝えすることが難しい状況でございますけれども全体通しいたしましてはやはり0から2歳時を中心に低年齢児を中心に数は少し増加傾向かなというところにそういった印象を持っております。
そういった印象がある中で、この方としては早々にそれらの胎児の1人でも多くの転移というか、それ以上に超えた場合に1人でも多く受け入れてもらえないかっていうところを細かく地道に事業者とお話をしているそしてまた期間を入れて保育についても、来年度に向けてどのように展開していくべきかっていうところを今細かく細かく事業者と詰めて引き続き待機児童が発生しないような努力をしているところでございます以上です。",2025/12/08,福祉保健
高橋委員,"はい。
ありがとうございますすいません集計最中とのことですのでまた改めてお伺いをさせていただければと思いますが、やはり今後もこういった人口増加が続く中で保育課の皆様はそういった細かく事業者様と調整をしていただいていると思いますおっしゃる通りやはり1人でも多く受けることができるように様々な施策を展開していただくとともにまた改めて質問をさせていただきますが、この中央区の待機児童地域も地域偏在も全て解消できるような状況に持っていっていただければと思いますので、よろしくお願いいたします。
質問あります。
以上です。",2025/12/08,福祉保健
久原委員,"はい、改めましてよろしくお願いいたします。
私からですね中央量の状況について自立支援センターですね、こちらについて伺いたいなと思います。
まだ8月に解説のところでご紹介というか見学させていただきまして、4ヶ月ぐらい3ヶ月ぐらいですかね。
三、四ヶ月ぐらいのところではございますが、千代田様からですね、引き続き各区で順番に担当していくというところで5年間という対応だと聞いておりますけれども現状の人数状況でございますとか昨今いろいろ経済だったりなんだり、いろんな問題も起きている中でですね、状況感がこれまでより変わっているのかどうかですとかそういった傾向ですとかそうした現状課題なん。
家がですねありましたら教えていただきたいと思います。
よろしくお願いいたします。
委員長。",2025/12/08,福祉保健
福祉保健部参事福祉保健部参事,"はい、中央量についてでございますが8月4日から開始といったところでございまして、長打力からこちらに何か移ってきたというところで先生ちょっと細かい数字が今のところ手元にはないんですが入ってきましてその後もエース4区千代田中央港新宿のそれぞれのところから何人かずつ入ってきてるところではございます。
その中で、対象される無事次のところが見つかって対処される方また様々な理由でちょっとなかなか続けられない退所される方、そういった方を含めまして今現在順調にといった言い方をしていいのか、特にあの問題もなく今のところ運営ができているものと考えているところでございます。
以上でございます。",2025/12/08,福祉保健
黒原委員,"はい。
ありがとうございます。
状況としては実際に仕事が見つかってるといいますか繋がっているということもあったり、よかったなと思っております。
ちょっと音重ならずというか繰り返しなってしまって恐縮なんですねのため、改めて伺いたいんですがこれこれまでというか前回の使用量と比較になってしまいますが、実際にそのお宅からも担当のところから来ているというところの中で、総社対象者が増えているといったような傾向はあったりはするんでしょうかちょっとこれは経済的な関連が絡んでしまうので、若干所管外なる可能性もあるかもしれませんがそうした対象者が増えるようなということがあるのかどうかはちょっと改めて教えてください。
委員長　福祉保健部参事福祉保健はい対象者が増えるといったこういった状況で昨今の物価高騰で増えているとは別で、あの今まで調剤料が結構あの、主部屋が団体団体部屋っていうか個別ではなくて何人かの講師、お部屋っていったところにあったんですが今回中央量がそれぞれ個別になり個室になりましてそこがすごい結構やはりなかなか人との接するのが難しいような方々にとってはやはり個室の方がいいということで、よりその辺に関しては希望される方も増えてるといったところは考えているところでございますただ元々の定員が70名だったのが今回50名ということで入っているというところもございますので、その経緯の中で運営しているところでございます。
以上でございます。",2025/12/08,福祉保健
倉原委員,"はい、ありがとうございました。
ある意味、利用者にとっては使いやすくなったという側面があって実際に見学させていただきまして、そんな人の広い部屋ではもう当然ないですけれどもここのプライベート空間が一旦保たれるのかなというとこはよくわかりましたのではい。
引き続き運営の方よろしくお願い申し上げます。
はい、それからですね少し前の11月の失礼しました10月の行政視察に絡むところで少し伺いたいと思います。
広島の方に伺ってですねいろいろ事例をご紹介いただいたというところなんですけども少し主のところと離れるんですが、広島のところでですね資料もいただき広島県庁の方でですね資料もいただきまして、子育てのところでファミリーナビというですね、ホームページの方で福祉保健施策を一時、一覧というか、図柄も一緒に合わせながらですね。
各年代ステージごとにおいて妊娠期というか妊活といいますかその時からどんどんと成長の世代に当たってこうした施策がありますっていうのを一覧化というか、ずっと合わせてですね見せるような施策というものをされておりました個人的には結構そこに感銘といいますかシンプルな話ではあるんですけど見せ方としては非常に一つのページにいけば、このときにこういった支援策があるよう区の事業があるよといったところがですね、まとまって見れるのでもちろんすいません件ですね。
あのときは県だけではなく国の施策なんかもあわせてご紹介をされてたということがあってですね、改めてあの区のホームページも拝見したんですけれどももちろんカテゴリでまとまってる部分はあるんですが1個1個やっぱりページを開けなきゃいけなかったりですとかそういったようなこともあってですね。
ちょうどこの今回推進本部もですね改めて設定されるということでそうしたところにも目を向けて改めてですね検討されていくのかなと思うんですが、そうした行政視察に絡んで、今回広島県庁ということでしたけれども、そうしたところでの図書館って言っていいんですかねそして見せ方組合の伝え方というところにつきまして、現状何か改めてブラッシュアップしていこうというようなことがありましたら教えていただきたいと思います。
お願いいたします。
子供作成室長ございました。
はい。
委員からもご紹介いただきましたように、あの先進自治体のですね、やはりホームページ等におきまして、区民へアナウンスしていくという手法がやっぱり本区と比較してですねやはりより充実進んでる時代が確かにあろうかと思っております。
こういったところにつきましてはやはり参考にすべきかなというふうに私ども自戒の念を込めて今考えているところでございます。
これまでも委員からも少しご紹介いただきましたいただきましたような子供を作から出産からです。
妊娠から出産それから子育て期にかけて、様々な人々のライフステージにおいてどういった行政サービスがあるか、これはあの冊子ですとかホームページと様々な媒体を通じてこれまでも御紹介をしてきたところでございます。
ただ、そういったところで少し足りないというようなことがあればですね私も当然反省するがございますし、より区民の皆様がわかりやすいようにですね、様々な研究をし、さらにこういったものが伝わる処理水やすいように、さらに工夫に努めてまいりたいと考えてございます。
ありがとうございます。
はい。
ご答弁ありがとうございました。
すいませんいきなり通ったところでございますのであれでしたけれども既にいろいろされている中でですね施策が伝わらない周知のことを問われることは結構多くあるかと思いますこれはどうしても限界があるとは思うので、都度都度ブラッシュアップしていくというのがブラッシュアップなり広報自体をですね、広報というか周知自体を都度やっていただいたり今のその福祉の総合相談窓口とかでですね、展開をご紹介いただくということになるんだと思うんですけれどもぜひそうした手法の面ですね今回行政視察でそうした面も他自治体のところで見えたところもありますのでぜひこれからの来年度の検討とそして今回の推進本部というところでの検討にもですねぜひ作っ使っていただければなというふうに思います。
以上でおります。
議題1につきまして、継続審査ということでよろしいでしょうか？続きまして議題2、請願第3号健康保険証の廃止を延期することを求める請願の審査についてございますが質問のある方ではこちらも継続審査ということでよろしいでしょうか？さよう取り扱わせていただきます。
では、以上をもちまして、本日はお疲れ様でございました。",2025/12/08,福祉保健
区民部長,,2025/12/09,区民文教
区民部長,"はい。
私からは資料1および資料2についてご報告をさせていただきます。
HIさんにて失礼をいたします。
初めに資料1共同提案事業の決定についてでございます資料1をお開きください。
令和8年度に実施予定の協働事業提案の方法が1事業あり、下段の表、括弧2で表記構成されます。
中央区推進会議による公開プレゼンテーションおよび審査の結果当該事業が採択されたため共同事業として決定するものでございます。
事業名および事業概要等につきましては次のページの別紙をごらんください。
事業名は、教育版マインクラフトを活用した子供の意見表明ワークショップ事業実施団体は、一般社団法人ヌーボーので共同する担当部課は福祉保健部、子供子育て支援課となります。
表の右側、事業提案の概要でございます。
事業費は123万円対象は区内在住在学の小学校4年生から高校生までの約30名でございます。
3の実施内容でございます。
子供たちが子供の権利や地域の課題を解決し、自らの意見やアイディアを表現発表する機会を創出するため、教育版マインクラフトを活用したワークショップを全4回のプログラムで開催するものでございます。
教育版マインクラフトとはもの作りゲームの一種であるマインクラフトをプロプログラミング教育等の商材として使えるようにした。
教育向けエディションでございます。
記載はございませんが、全4回のワークショップの内容を簡単にご説明しますと、まずは子供たちに絵本この子供施策の現状を知ってもらいます。
そしてそれらへの課題認識等を基に、まち作りや課題解決のアイディアをマインクラフトを使って、形づくってもらい最後にそれを発表すると、こういった流れになります。
なお詳細な実施内容等につきましては今後、所管である子供子育て支援課と実施団体が協議して、決定してまいります。
採択理由でございます。
最後から2段落目のところでございますけども、本団体が提案する事業内容との協働を通じて、マインクラフトを活用したプログラミング教育領域において、一定のスキルを獲得することを支援することにより、区内様々な場で子供の意見表明の機会や環境をプロモートすることができ、子供の意見を数多く創出して区政等に反映させることが期待される。
中央区こども計画において、中央区らしいこどもまんなかまち作りを進めるため常に子供や若者等の視点に対し、子供たちの考える意見や課題を引き出しながら、子供施策を実施していくことを期している本区において、本提案団体との協働事業の着手推進は、計画の実現に向けて有益な効果をもたらすものと判断されることから、絵本の策定事業を採択するに値するとされたものでございます。
資料1は以上でございます。
次に、資料2少なく民間の工事に伴う休館についてでございます。
資料2をお開きください。
施設の老朽化に伴い大規模改修工事を行うため、令和8年4月17日から11月10日10日まで福田区民館を休館させていただくものでございます。
後の周知方法ですが、区のお知らせホームページおよび施設での掲示などにより周知を図るとともに、関島地域の各町会自治会へ通知を行います。
資料2および私からの報告は以上でございます。
教育委員会事務局次長、教育委員会事務局次長私からは資料3と4につきましてご説明させていただきます。
着座にて失礼いたします。
初めに資料3、区立小学校特認校制度の申し込み状況についてでございます。
令和8年度新入学における小学校特認校制度の申し込み状況についてご報告するものでございます。
1申し込み期間は令和7年10月1日から15日に対象者は中央区に在住し、令和8年4月に小学校低木小学校第1学年に入学予定のお子さん。
さんもしくは者数は301人で、内訳は別紙にございますので、後ほどご確認ください。
40選結果ですが抽選日は11月12日と13日。
当選者は町東小学校38名常盤小学校26名、坂本小学校9名です。
今後事態があった場合は12月22日まで、補欠登録者を繰り上げ当選させます。
なお対面小学校および業務市築地小学校につきましては、実入学者数の見込みが受け入れ人数の範囲内のため、抽選を実施せず、他の特認校を申し込んだ者の当選とならなかった方を対象に再募集を実施する予定でございます。
資料3については以上でございます。
続きまして、資料4区立中学校自由選択制の申し込み状況についてでございます。
令和8年度新入学における中学校自由選択制の申し込み状況について報告するものでございます。
1申し込み期間は、令和7年10月3日から17日に対象者は中央区に在住し、令和8年4月に中学校第1学年に入学予定の児童さん申込者数は288人で、内訳は別紙にございますので、後ほどご確認ください。
4抽籤結果ですが13日は11月20日。
当選者は銀座中学校34名です。
今後事態があった場合は2月27日まで補欠登録者を繰り上げ当選させます。
佃中学校晴海中学校および日本橋中学校につきましては、実入学者数の見込みが、受け入れ人数の範囲内のため、抽選は実施いたしません。
また、晴美西中学校につきましては通学区域内における児童生徒数の増加のため、受け入れを行いません。
説明は以上でございます。
発言の時間制についてでございます。
発言の持ち時間線につきましては既にご承知の通りですので、よろしくお願いいたします。
ただ、いまの時刻は3時38分です。
自由民主党さん。
46分かがやき中央さん、33分立憲民主党無所属3、33分区民クラブさん33分日本共産党さん。
33分歯根の解散、10分となります。
なお、持ち時間にはこの後の議題であります。
請願審査の時間も含まれます。
それでは、理事者に報告に対する質疑に入ります。
発言を願います。
高坂委員共同提案事業についてご質問させていただきます。
大変素晴らしい事業の採択だと思います。
子供たちの意見を街作り政策に生かすという取り組みをまさに体現しようとされております。
大変期待をするところです数点確認させていただきます。
まず、各課との連携というところで、これは子供子育て支援課に投げてやっていくということでありますが、部長が呼ばれたように、これは区内様々な場での子供の意見表明の機会や環境をプロモートすることができ、子供の意見を数多く創出して区政等に反映させることが期待されるという使うというふうに成っておるところからすると、連携はそれだけにとどまらず、企画総務などの連携も入れて、政策を作っていくという場面もしくは都市整備や環境土木との連携もあるかと思いますけれども、政策もこちらに書いていますからね。
なので、このあたりのですね、福祉保険を枠を超えた政策の展開もあり得るのではないか。
そのためには、連携はそれだけにとどまらず広げていく必要があるんではないかと考えますけれども、いかがでしょうか？これが一点目です。
実点目が、はい。
非常にプログラム自体、私は知りませんけど、書かれてる内容からして詳しくは知りませんけれども役立つものだと思います。
30名ということで、枠はちょっと少ないとは思うんですけれども、これは2年間あるということは、今回30で試しにして、次はさらに拡大というふうなことを見込まれているのか、ぜひ拡大していただきたいし、これの可能性としてこのプログラムの可能性としては、ある意味不登校の子供たちのこの自分の生かすということにも使えるでしょうし、またゆプログラムにおきましては、発達に課題や特性がある子供たち、ASDやADHDの子供たちの空間認識をしたり、このプログラムで集中力を養ったりできます。
そこからすると本当にこれはそういう発達に特性がある。
また、不登校の子供にも役立つプログラムかと思いますので、来年度はさらに来年度はこれやるから再来年度はさらに拡大するお考えなのかどうか教えてください。
小坂委員先ほどの質問の最初なんですが、共同提案事業に関してはあくまでも区民文教についての答弁という形でお願いしたいと思います。
それでは答弁のほどをよろしくお願いいたします。
委員長。",2025/12/09,区民文教
地域振興課長,,2025/12/09,区民文教
地域振興課長,"、協働提案事業についてですね圭真系進め方と今後の部分でございますけども、まず今回先ほど別紙のところで協働推進会議のですね採択理由にもありましたところでございますが、各政策クセの展開といったところも読み取れるのではないかというところでございますが、まず基本的にはですね子供政策子供計画のおいてですね子供の意見表明といったところがまず区側としての主な観点でございますので、まずその子供政策への意見表明といった、少しカテゴリー的には限定した形で入っていくかなというふうに思ってございます。
ただ、第4回のそのプログラムの中で発表会のスタイルをどうしていくかですとか、今後ですね子供の意見が例えば対応に当たるといったところでの受け取りの仕方というところは、各課での反映といったところもあろうかと思いますが基本的に今捉えているのは、子供政策に子供たちがですねどういった意見表現をされるかといったところで捉えているところでございます。
また、次年度の取り組みのところを拡大の方向性というところでございますけども、確かに推進会議でもですね採択に当たっての審議の中で30名と言って規模が適当なのか、また、もう少しですね拡大する余地があるのかといったところも、審議の中の議論としてはあったところでございます。
団体の方からはこれもですね来年度また進めていく中でなんですけども、1人1人に対してきめ細かさを出す上では、やはり30人というのが適当ではないかといったお答えもあったところでございます。
ですので会議の方はですねより多くの子供たちが参加できるような方向性も捉えてほしいというところは出してございますので、あくまで経営計画の中ではケース、来年度OKながら67年齢と8年度とですね9年度定員30といったところで今構築をしてございますけども、来年度取り組みを踏まえた上でその次の展開というのを検討していくという状況でございます。
以上でございます。",2025/12/09,区民文教
小坂委員,"はい、ご答弁ありがとうございます。
子供施策をまずはこの計画をまず重点にということでありますが、ぜひ各課への展開もあり得るものかと思いますので、そのあたりせっかく出てきた子供たちの意見をまち作りに実際に生かしていくというふうなところまで展開を期待をしますので、その辺り各課との連携、さらに広げていくという視点を期待するというところで要望として届けさせてください。
それとこの30名というところも303030というふうなお話ではありましたがぜひやっていく中で、さらに拡大や対象広げ、対象者をちょっと不登校の子供たちにもやってみればというようなところで適応教室でやってみたりとかああいうのもあるかもしれませんが、そのあたりのさらに拡大も含め、様々な可能性を広げていただければと思います。
大変素晴らしいNPOの共同提案事業の発掘と今までも素晴らしい事業がなされてきたし、私はこのNPOの活性化ということが中央区の誇るべき一つの自慢できるものだと思っております。
このNPOのこの施策の展開プロアクティブコミュニティということで基本構想にもうたわれているところであり、このNPOの共同提案事業さらに今後も期待をするところであります。
素晴らしい提案事業の採択、感謝申し上げます。
この部分での質問はおります。
次の質問者の発言を願います。
永井委員よろしくお願いいたします私も資料1の共同提案事業の決定についてお尋ねいたします。
共同提案事業は行政だけでは気づきにくい地域の課題や新しい価値の目を、地域団体の自由な発想と専門性を生かして形にしていく。
いわば地域と行政の共生の仕組みであると理解をしております単なる補助金事業ではなく、協働ステーション中央拠点に地域の担い手を育て、提案を伴走し、必要に応じて2年目以降の展開や、将来的な区の事業への発展のシェア発展も視野に入れた成長型の制度であると認識をしております。
その上で、今回の募集に対して応募が1件だったことについてお伺いをいたします。
共同提案事業は、地域の潜在的な担い手を発掘し、育て、新しい公共サービスの可能性を広げていく制度だと考えております。
今回、応募が1件にとどまった理由を、本区としてどのように分析されているのでしょうか？またこの制度の前段階にある協働ステーション中央の相談件数や社会貢献活動補助金の対象団体数といったこの制度の入口の動きを踏まえて、地域の担い手作りや課題の掘り起こしに繋がる周知伴走が十分だったのかという観点で、現状をどのように評価されているのかお聞かせください。
お願いいたします。
委員長。",2025/12/09,区民文教
地域振興課長,,2025/12/09,区民文教
地域振興課長,"。
はい。
共同提案事業についてまた共同セッションて中のですね状況と言ってついてもでございますけどもまず今回提案については、1件の提案でその1件がですね採択に繋がったというところでございます。
ここのところで申し上げますと、K昨年はですね令和6年度につきましては提案がなかったというところ、令和5年については2件の提案がありまして、2件採択後1件については残念ながらですね団体の通報で実施には至らなかったところでございますが、また令和4年令和3年というところでは提案事業なしといった状況でございました。
振り返ってみますとこの状況的にはまずあのコロナの影響といったところがやはりありまして、団体の活動がですね、コロナのコロナ禍といった期間のところは非常に活動が弱ってしまったといったところで、なかなか経営協働提案事業にはですね、たどり着くような活動が準備できなかったというところが過去の状況としての分析でございます。
また、最近のところでございます昨年については提案に至らなかった部分でございますが、本件今年のですね1件と同様の状況でございますが、まず提案に至る前のところです。
統計相談自体は複数あるものでございまして、実際に事業の構築のですねご相談を共同接種を中心にしているところでございます。
やはり1年間の5年間の事業を組み立てるといったところは団体の力としては相当負荷が高いものというふうに認識してございまして、なかなか例えばこういった子育ての部分をやってみたい防災の部分をやってみたいといった思いを持ってきていただきますけども、それを実際にして事業構築また収支計画といったところのですね、事業の構築っていうのは、なかなか至らない部分っていうのはOKだ。
小さい団体の力の部分でもありますそこをですね補佐サポートするために協働ステーションがあるんですけどもなかなか焼け1K提案までですね至らないんですけどもそこの手前の動きといったところが非常にあるというところです。
また、それがですね協働ステーション中央の相談件数といったところまた京都のステーションを使うにあたっての登録といった団体登録がありますけども、ここについてはコロナ禍以降のところ非常に住所増加はしているといったところです。
相談の経験数については、少し伸び悩んでるところもありますけども、これ延べの件数でございまして、実際にですね1件当たり1団体当たりにかかる経営相談というのは、複数回行われております1団体が1回のご相談に済むというよりも、例えばこういった活動をしていきたいと次には資金であるとか、事業の計画性をご相談くる。
また、実際に、次にこの区の補助事業を試してみたいというところでステップアップしていくようなところでですね相談が複数回にわたっておりますので、福祉の分野でいうと伴走型の支援というところが実際にですね、協働ステーション中の方でも行われているというふうに認識してございます。
先ほど委員からもご紹介いただきましたけども可能今回協働ステーション中央のですね、パンフレットを作成いたしまして経営協働のイメージというところをなるべく団体の方地域の方にも繋がるようにといったところで図ってございます。
まず協働ステーション中央での相談といったところを、ファーストステップですね入口にしていただき、例えば社会貢献活動事業補助金、共同提案事業よりも少しミニマムな状態で事業実施ができます補助事業であります社会貢献活動事業補助金を使っていただきまたその次にですねさらに共同提案事業に資するそういったステップアップができるようなっていう形でですね、取り組んでございますので、一つ一つの案件を小さな種を育てるかのようにですね、共同セッションを通じて事業、何らか考えると事業をですね、ステップアップさせていくというところで、それが今回結びついたのが今今年度のですね、採択といったところで捉えているところでございます。
以上でございます。
ながいい。
はい。
ご答弁ありがとうございます。
協働ステーション中の相談が多く寄せられているというお話を伺い、地域の中に、中に何かやってみたい、地域の役に立ちたいと思ってる方がたくさんいらっしゃるのだと改めて感じました。
また、今回パンフレットの作成もしていただいたということで、より応募団体に何かしたいと思ってる方々が明確にどういうステップを踏み、どういう伴走支援を受けながら、目的に達成できるのかより明確になると思います。
ご答弁にもありましたがコロナ禍で団体活動が難しい時期が続いたことも踏まえると、応募件数だけでは測れない地域の意欲やせん潜在力があるという点は、今後の協働の土台として、とても心強いものと思います。
その上で、次にお伺いしたいのは、今回採択された団体N5-3についてです。
制度の目的である地域の担い手を育てるという観点からも、どのような団体がどの理由で、協働のパートナーに選ばれたのか。
ということは、制度全体の理解を深める上でも非常に大切であると考えております。
この事業自体の制度上、所在地は問わず、本区の地域課題に取り組む公益事業であるかが最も重要であり、そのテーマを理解しているつもりです。
ただ、一方で共同提案事業は、本区の地域の担い手を育てる。
という重要な役割を持っていますその観点から今回採択された団体について、本区としてどのような点を評価し、本区の地域課題の解決主体としてふさわしいと判断されたのか、改めてお聞かせいただけますでしょうか？また、公開プレゼンテーションや審査の視点について、今後応募を検討する。
また、今井段階にある団体にも、よりわかりやすく伝わるよう、情報提供の工夫を今回パンフレットを作成していただいたということは承知しておりますが、さらに進めていただけないかと思っておりますが、この件についてもあわせて考えをお聞かせください。",2025/12/09,区民文教
議長地域振興課長,,2025/12/09,区民文教
地域振興課長,"、大抵共同提案事業今回採択に至りました一般社団法人N者という団体でございますけども、か基本的にまず採択の上ですね評価といった観点でございますけども、団体の部分で申し上げますと団体の方実績といった部分では、例えばその事業の実施の確実性実現性といったところで、例えば団体のこれまでの活動実績といったところは評価する部分でございますけども、例えば団体そのものを何か評価するっていったところの観点ではなく、先ほど申し上げました事業計画がですね実施実際に遂行できるかといったところでの団体の力を見るという観点で審査が行われているというふうに認識してございます。
また、所在地統計地域の中央区の中での団体の育成担い手の育成という観点でございますけども、これ一般社団法人でございますとか特にNPOにつきましては、なかなか所在地といったところは登録の制度がございますので詳細その起点となる場所というのは持ってございますけども活動については基本的にエリアを問わない部分が非常にあるのかなというふうに思ってございます。
例えば子育て防災っていう言葉あとは環境といったところで都内に置いて例えば環境の部分ですとOK都内に住所を置いていただく置いてはおりますけども湾岸部の例えば海を綺麗にしたい活動であるとか、森林を守るといったところで活動の場所というのは広い所が特性というところでは、あると思ってございますしかしながらやはり地域で活動していただく団体として今後ですね中央区内で展開していただきたいというところは、実際にありますので実はです電話5年度採択で、流山防災のですね女性防災リーダーの養成講座がございます。
これも所在地が流山市にございますので、先ほど採択のですねこのときにも推進会議の中でもやはり議論になりました実際日経拠点となっている場所が中央区と別の場所にあるといったことがですね少し中心会議の中で議論になったところでございます。
しかし、ながらその際に設け、識者の方からもお話がありましたのは、別の自治体で活動されてる実績がその別の視点を持ったことがやっぱ中央区の中でどう発揮していけるかなので、団体の力が中央区の中でどのように生きていくのかというのがこの共同提案事業の採択実施にあたっては必要な観点というふうに思ってございます。
それとですね今後応募する団体のOK情報提供といったところはですね例えばどう。
推進会議の中で審査をしている区項目といったところ、そういったところを評価しますというのは募集要項の中にも書かれてございます。
ただ、文字でなかなか書いてありますので読み解きにくい部分もございましてそういったところはさっきの質問にもありましたけども、事業構築をする上で、協働ステーション中央がですね本当に伴走事業所のつく事業計画の作り方収支計画の作り方といったところから寄り添っていますので、区側のK例えば課題認識が個別計画に今回でいうと子供計画に書かれているように、こういったところで区のっけ課題認識があるといったところは、その時点からですね団体とすり合わせながら行ってございますので、それが審査する項目、また区側の要求するものといったところをですね認識合わせになっているというふうに認識してございます。
以上でございます。
仲いい。
はい。
ありがとうございます。
所在地にとらわれず、実際の活動場所と地域の関わりを重視して評価されたという点を理解いたしました。
特に、今回今回のように区外を所在地とする単体であっても既に本区で活動し地域に寄り添いながら経験を積んできた団体協働することでむしろ新しい視点や新しいノウハウを取り入れる機会になるのではないかなと感じました。
ですね、次にですね、今回の内容事業提案のな内容についてなんです特にマインクラフトということについてなんですが、このマインクラフトは自由度が高く創造性を引き出すツールとして世界的にも評価されている一方で、サッカーや野球のように直感的に理解できる活動とは異なり、ある程度の操作の慣れが必要であるように感じてましてこの点について本区としてどのようにお考えなのか、お聞かせください。
そして今回の事業は子供の意見表明をテーマにしたお取り組みです。
そこで、この事業が学校現場の学びとどのように繋がっていくかについて少しお尋ねしたいと思います。
子供たちが自分の考えや気づきを言葉にしていく機会をつくることは、教育の観点からも非常に重要であると感じています。
こうした取り組みが、学校での学びとしてに繋がっていけば、単発の機械にとらわれず、子供たちにとって継続的な学びへと広がっていくのではないかと感じています。
本部が行うのであれば、学校現場の視点、子供たちの日常の学びとの接続をしっかり意識する必要があるのではないかと考えております。
今回採択された事業について担当部課は子供子育て支援課であるということは認識しておりますが、学校現場との連携についてはどのように図るイメージを持たれている。
現時点で何かイメージがあればお聞かせください。
この2点をお願いいたします。
委員長。",2025/12/09,区民文教
地域振興課長,,2025/12/09,区民文教
地域振興課長,"。
はい。
共同提案事業とですね実際来年度実施に当たってというところでございます委員からご紹介いただきましたマインクラフトというところパソコンですとか、ゲーム機のですねところで子供たちに馴染みがある一方で、なかなか最初のところ確かに操作性といったところでは、直感的に動かない部分というのは多少あるかなと思ってございます。
そういった中で今回このN者という団体のところはこれまで実際に、例えば春未来の方でワークショップを行ったりですとか、その子供たちにその操作を教えるといったところでは長けているといったところも可能採択のですね、評価の段階にあったところでございます。
また、例えば同行ワールドという言い方でフィールドとかワールドっていうのをマインクラフトの中でですね、架空の仮想の世界を作るといったところがありますけども、それが団体の中で作り込みをすることによって子供たちもですね、馴染みやすい状況だかそういった操作が行われるものというふうに考えてございます。
また、教育現場とのこの連携といったところあとは発展といったところでございますけども、実際にこのプログラム区事業を実施していく中で先ほどの子供政策といったところが中心でございますけども、それがどのように展開できるかといったところは、この所管関係子供子育て支援課でございますけども、そこと協議する中で発展できるものが含まれていくのか教育との連携とかまたまずは情報提供といったようなところはもちろんでございますけども、どんな場面で連携ができるかといったところはその観点を持って進めていきたいというふうに考えてございます。
以上でございます。
名がいい。
ありがとうございます。
このマインクラフトの難易度に関しては、もう既にこのその体験する前に沼野さんの方で子供たちが操作しやすいところまでも土台を整えてからはされるというご説明だったと思います。
理解をいたしました。
また、今後の連携に関しては全員もおっしゃっておりましたけれども広く部署で進めていただければと思いますので今後の繋がりも期待をしております。
ここまでの共同提案事業の決定に関する時、自社報告について応募状況、採択段階の表再再再委託で採択だ採択団体の評価そして学校との連携という観点から伺ってまいりました。
引き続き、制度そのものの検証や、過去の採択事業の継続性について、この後の議題の中で改めて質問させていただきたいと思います。
理事者報告からは以上です。
次の質問者の発言を願います。
議題1、区民生活および旧大瀬教育行政の調査については、継続審査ということでよろしいでしょうか？さよう取り扱わさせていただきます。
次に、議題2失礼。
次に、議題1、区民生活および旧行政の調査について質問のある方は挙手を願います。",2025/12/09,区民文教
小坂委員,"はい。
では議題の方に入っていきます。
まずこの秋には、この書簡の大事業がたくさんなされ、無事になされまた区民の皆さんが大変楽しむことができましたお疲れ様でございました。
その中で、素晴らしい事業としては、一つは、福島第3小学校の90周年大変素晴らしい。
90周年の大イベントであり、懇親会含め子供たちのプレゼン含め、素晴らしい事業であったと考えております。
例えば、懇親会におきましては、地域の皆様の作った手作りのお弁当。
それは時任さんや、高砂さんのお弁当、かつ銀座の個人さんのお吸い物それが大変高価なお茶は茶碗に入れて、お餅もあそこはに入れて持ってきていただいたとですね、あるいは数万じゃなくて、もう一息だという。
そんな素晴らしいものを試して見させてくださったし、また着席しながらプレゼンを見ながら懇親会は進んでいったんですけれども、まずは子供たちの園側6年生が作った園側を観覧したと地域の課題を深く掘り下げた。
園側で見ながら大変驚いたんですけれどもそのような園側を見たり、またPTAの皆さんから、心を込めた合唱また、地域のむつみの方々がお神輿をその場でやるとか、大変楽しみなイベントだったと思っております。
このような形こそが地域が学校を支えるという、その現場を私は見させていただいた。
コミュニティスクールが体現されたイベントであったでは、と私は考えております。
この素晴らしいイベントに関して、教育長ぜひ、その所感なりお伺いさせていただければと思うところでありますが、これが一つです。
素晴らしいイベントはさらに続きますけれども、例えば春未来の晴海祭これも今回は晴海埠頭の方にも拡大してということであります。
私もちょうど行ったときは、立川幸志郎さんの楽しませる談話お伺いさしていただきました。
大変楽しい確かな配置をさせていただいた悪いわけですけれども、地域の皆さんが一緒になってステージを作るし、また子供たちが楽しむというふうなものでありました。
春未来は本当に地域の課題を解決するための施設ということであり、この春未来を大の晴美まつり今回の所感なり今後のこれからの展開に向けた、こういうところ、さらに展開していきたいというような課題があれば教えていただければと思います。
これは決算特別委員会のさ増えた部分ではありますけれども、春未来のを更に拡大した晴海祭を見て再度質問させてください。
三つ目は、これは地元月島で草地が再開したというふうなところであります。
商工観光の課長も来られてその現場もご覧になられていたわけですけれども、このような地域イベント特に今回被災地がこのように復活できたわけですけれども、何かそのあたりの所感をお伺いできればと思います。
以上お願いします。
教育長私は月島第3小学校の周年行事についての所感ということで述べさせていただきたいと思います。
私も就任以来ですね数々の学校の周年行事に参加をさせていただきました。
一般的にあるのは式典とですね、その後の懇親会という日課2回だったような形で行われてまして一般的にやっぱりその懇親会というのがですね、どうしても飲食を中心としたホテルでのイベントということが多かったのかなというふうに思っております。
ここは今回のその月島の方に関しては、体育館の中で手作りのお弁当でやらさしていただきたいという話がございましてどうなるのかなというふうに思ったんですけども、今委員ご紹介のように非常にですね私はお金がかかっていないんでしょうけれども、非常によかったなという印象を持っておりますんでこれ委員もおっしゃってましたけど、まさにその地域の皆様がですね、学校に対していかに愛着があるかそれからまた学校も地域に対しての愛着を感じているかというのが両方出たんじゃないかなというふうに思っております。
特に園側6年生の作った園側これは晴海の成り立ちについてですね。
晴海がどういうとこであったのかそれから中央区の中での位置としてはどういう位置であったのか。
この春日を、やはりその他の地域、日本橋京橋に負けないような地域にしていきたいという地元の思い、こういったものを子供たちが受け継ぎながら、未来の晴美を輝かしいものにしていきたいという、そういった狙いもこもった園側だったのかなというふうに思っております。
こういったその子供たちの創作性も含めてですね、非常にその地域との繋がりというのが大事だということを改めて知ったわけでございまして、これまさに中央区が地域とともにある学校という体現できたんじゃないかなというふうに思っております。
お料理のご紹介もありましたけども一見素朴でありながらもですね非常にこれも良かったのかなというふうに思っておりましてこれ今ご紹介なかったんですけど、お菓子の方もですね、地元の方のお菓子もございましてね。
これは地域とコラボレーションで、どうも販売をどうもしたらしいです。
そういったこともあって子供たちとその地域のお店が一体となって、おかしいものを作って販売できたとこういった取り組みができることによってですね、いわゆるキャリア教育も含めて様々なことが今回の中にあったんじゃないかなというふうに思っております。
これが一つのこれからの周年行事の見本になるかどうかわかりませんけれども先日学校を訪れて校長と話した中でもですね、非常に私はよかったということでお話を述べさせていただいたところでございます。
これからも素晴らしい取り組みはぜひ委員の皆様方とともにですね、ご覧いただけたらというふうに思っております。
どうぞよろしくお願いいたします。",2025/12/09,区民文教
議長地域振興課長,,2025/12/09,区民文教
地域振興課長,"。
はい。
私からは晴海祭についてでございます。
11月22日の土曜日、春未来また今年度新たに加えまして晴海ふ頭公園で計実施をいたしました。
当日非常にお天気も快晴でございまして昨年思い出すと皆さんから少し寒いといったところお話ありましたけども、今年については非常に良好なですね天気のもとお昼ですと少し温かい暑いぐらいのですね、子供たちが走り回ってると抜いてるぐらいでございましたので、非常に天気に恵まれたイベントでございまして、大きな事故なく植えることができてございます。
今回の計画から見る当公園といったところでは拡大といったところで成長型のイベントとして捉えてございますので新たに会場を拡大しまして、晴海ふ頭公園ではK例えばですね某ウォーターボールですとかふわふわといった、そのロケーション公園というロケーションを使えるようにまた地元のサッカー団体で地域団体でありますであるマドリードさんのご協力を得ましてサッカー教室のような研修等ですね、できるようなゲームを作ることができました。
あと非常に晴海という地域地理的な特性を受け捉え、ことができたというふうに思ってございまして、やはり大きな敷地の中で子供たちが走り回ってる姿を見ますと非常にですね可能そういった特性を得られた部分があったかと思ってございます。
また、隣同じくですね晴海ふ頭公園の中ではAF等公園の管理者が指定管理者がですね、主催しました動物との共生を目指すようなイベントも行われてございまして、そちらにも多くの方がお越しいただいていて、同時開催という形でこれも調整した上で出すことができましたけども、区だけではなくてやはりその地域をですね支えている地域の方々または企業であるとか、事業者であるといったところと連携してですね、当日を迎えられたといったところで考えてございます。
また、次のイメージのところでは今課題といったところですねまた抽出しながら踏まえているところでございますが、少し当日お手伝いいただいた方からもお話があってですねはっとさせられたのが、やはりちょっと子供に寄り過ぎているんではないかとイベント自体がですねやはり、手段としては30代40代の方が多くケースもあるというところでございますのでそこが主眼にありながら、実は子供がいない世帯にとっては少しイベント自体を知らなかったでありますとか来たら楽しかったけども、なかなか去年実は気づくことがなかったよっていうようなお話を受けまして発表したところでございますただ、一方でですねステイシーを見ますと、ステージ発表がですね昨年度よりも非常に盛り上がってございまして、それも一つの事例ですけども春未来のがスポーツ教室でフラダンスを習っている。
これ個別に習っている方々が自主的にサークル化してですね。
それで発表会に行って当日出演されて、それを普段いつものいわゆる事務仲間の方々が応援してる姿があってですねそれが指定管理者の責任者が非常に感動したとか一つの教室から生まれた動きといったものが系統率皆様になってるものが体験体感できたといったところ非常に感動したといういう話がありましてそういったところが他世代交流の施設でございますので、イベント行ったイベントもそういったところもですねしっかりと捉えてこういったところを成長させていくといったところが、次の物理的な面的な部分だけではなくてしっかりと皆さんが楽しんでいただけるイベントとして定着成長させていくといったところが、次の部分というふうに捉えているところでございます。
私からは以上でございます。",2025/12/09,区民文教
商工観光課長,,2025/12/09,区民文教
商工観光課長,"。
はい。
私からは月島のフサイチに変わる月島園ニチイの件についてご本をご説明させていただきます。
これまで西中で夏にですね草1というものを確保を行っていまして、コロナ等様々な要因でですねしばらく規制値が開催されなかったという中で、地元の皆様もですねやはりそういったおっきな縁日的なイベントっていうのを望まれてたということで、これまでも開催に向けてですね様々議論されていた中なかなかちょっと実施までこぎつけなかったというところがありましたけれども、今回11月2930日月島日ということで、総勢点と120針かなというところで、西中のですねあの通りにずらっとテントが並んで様々食べ物が屋台で売られて、お子様の喜ぶ姿町の方の喜ぶ姿がですね私の方も見させていただいて大変感動したところでございます。
所管としましてはやはりイベント自体大きいイベント自体はですね久しぶりに行ったということで、なかなか運営上ですね様々課題が出てきているものだと認識してます。
日頃から商店街の方とも会話をしながらですね、そういったところをどういうふうに進めたらいいのかっていうのは、単なる補助金の支出だけではなくてですね。
商店街と一緒に考えるとかそういったことを通じてイベント盛り上がるイベントの方を支援して行っているところでございます。
来年度に向けてもですね引き続きそういったご要望があればですね、区の方でも積極的に支援の方を考えていきたいというふうに考えております以上でございます。
高坂委員それぞれにご答弁ありがとうありがとうございます。
教育長からはまさに地域が学校を支える学校また、地域とともに溶け込むというようなものをご感想をいただきました。
まさにそうだと思いますしそれを作った先生方やPTAの皆様、大変、大変なご苦労されたと思います。
ただ、それをPTAの皆さんも楽しんでやったというところもまたすごいかなと思いました。
大変素晴らしい周年行事だったので、取り上げさせていただきました。
引き続き、このような盛り上がりのある学校運営、よろしくお願い申し上げます。
春未来に関しましても大変素晴らしいし拡大していく中で、子供向けだというふうなご意見、言われてみればと私もはっとさせられたわけでありますが、ぜひ地域課題を解決するような場作り特によし、よく言われる消費するだけではなくて、生産する場になると楽しんで消費して終わりというのがよく生産の場合、今課長がおっしゃったように、フラダンスをやってたものがサークルができて、それを発表してみんなが応援すると、それこそが一つの生産の形ができたと思うんです。
そのような広がりをぜひ今後も拡大していくことをお祈り申し上げます。
まずし言ってみれば企画総務で述べられております。
今後公共施設の整備方針ができていく中で、このような春未来のような施設を拡大していこうという議論が企画総務の中でもありましたので、この、このようなことができる展開をぜひ公共施設整備方針の中にも、ちょっと間がおりますけれども入れていっていただければと思うところであります。
フサイチに関しましても、なかなかできなかったものを日として時期が外れてますけども、やったというところで、お疲れ様でございました。
大変ご苦労があるかと思いますが、ぜひ引き続きこのような地域のイベント続けていっていただければと思います。
よろしくお願い申し上げます。
次に、進めさせていただきます。
二つ目は、これは企画総務のところで我々の会派の細野議員から指摘させていただいた。
ところの合計21でなされている。
ネットSNS相談の中で、特にですねここの中での相談が183件ある。
相談の中で2割が学校生活の相談なわけなんです。
10代の方々が大体4、4割ぐらいの回答者であり、学校生活の相談がそこに届いているんです。
企画総務のところでは、ぜひこれは観光館関係部署と連携していくというようなことを言われております。
このようなところうまくですね、連携していく必要があろうかと、あるかと考えますが、このあたりの連携体制について、SNS相談に関しては子供たちの相談がそっちに飛んでいるという中で、学校生活の相談が飛んでいくという中で、どのように連携して、行くかいるか、もしくは行く予定かというあたりについてご答弁いただければと思います。
これが一つ目です。
二つ目が、今学級閉鎖がたくさんあります。
学級閉鎖というのはかつて思い出すと、コロナの学校閉鎖とかいうふうなこともございました。
そのおかげで、ICTが拡大したというところであります。
そのICTを用いることによって、この中も学習の保障をしようとしてきたまた、学習の保障ということは、これは言うまでもなく、教育基本法やそれ以上の憲法26条で学習権の保障というふうなことが述べられているわけであり、どんな場合においても、子供たちの学習の保障はしていかねばならない。
このような学区インフルエンザに伴う学級閉鎖において、やはりICTも活用しながら、学習の機会の保障をしていく。
べきであると私は考えます。
できるできないではなくて、病気だからできないとかできるとかっていうわけではなくて、まずはそのような機会をもちろん全員参加というのは、難しいかもしれませんけれども任意性でやっていくという学習の機会を手挙げ制で、学びたい子はネットでも自着繋げ繋がると、事業と繋がるというふうな学習機会の保障をしていけば良いのではないか。
コロナのときに学んだことを今、インフルエンザの学級閉鎖のときも使ってはどうかというあたりの考え方を教えてください。
委員長。",2025/12/09,区民文教
教育センター所長,,2025/12/09,区民文教
教育センター所長,"はい、1点目のブーケ21年のSNSへの取り組みについてとの連携についてですね、お答えをさせていただきます。
心ハレルヤですかね。
というものがLINEでSNSでこうされるということで子供の相談が2割っていうことで教育委員会といたしましてですね今教育委員会としては子供相談ホームという形で、これNaITOではありませんがタブレット端末からですね相談できる体制を整えて、いるところです。
同様のこういう相談があるということですので連携を図っていかなければいけないなとは思っておりますけれども、基本的には特命での相談ができるであるとか、お名前もですねちょっとペンネームのようなものでできるというような形でちょっと秘匿をしながら相談したい方がメインなのかなとちょっと思ってはいるところではあります。
一方で現在行っておる教育す教育の方のですね相談ホームは基本的にはやはりしっかり対応していくっていう意味ではですね、特命ではなくて学校名であるとかお子さんのお名前を明かしていただいた上で、当然ながらその学校には相談するしないとか要は教育委員会の人にだけ聞いて欲しいっていうような機能は備えてます。
ただ、相手が誰でどんな悩みなのかっていうのを把握できる体制を整えていますので、ちょっとないんで特命でとなるとですねすぐに体制を整えるのは難しいかなと思っております。
ただ、一方で実際には理のほどですねお子さんがそういう相談をしているという実態はあるということですので、実態についてはですね、連携というかどういった相談が寄せられているのかについてはですね、これからちょっと他部署にはなりますけれども連携を図っていかなければいけないかなと、そのように考えております以上です。
委員長　施設長城市長はい。
私の方からは学級閉鎖中における学習の保障についてお答えをいたします。
学級閉鎖につきましては基本的に期間が短時間で短期間であること、また治療を要する児童生徒がですねその期間内に複数人いることが予想されておりますので基本的にはですね、学習を進めるということはいたしません。
課題を出すことはあったとしても、復習を中心にというようなところで、あまり最近は出すことも少なくなったのかなというふうに思います。
というのもですね昨今学校からですね、任意ですよとか、復習ですやれたらやってくださいという形で課題を出してもですねやはり家庭としてはですね、無理にですね、ちょっとまだ治りかけとか熱があるけどみたいな児童生徒にも無理してやらせようとをしたりとかですね、するような実態があったりそういうのところから病床中の子供に連絡をしているのかみたいな感じで誤解を招くみたいなところもあることから基本的にはそのような対応は最近はしないところでございます。
担任などがですね電話をしたりとかですねすることで児童生徒や保護者との連携を密に取るというあたりが一般的なところでございましてそのときに今タブレットを持ち帰り、原則なっておりますので、オンラインを活用するっていうことはあり得るかなというふうに考えております。
あくまでもですね、個別の判断や対応によるところが多いので、教育委員会の方が一律的な指導でこうすべきというなことは小田島ないものなのかなというふうに認識しております私からは以上でございます。",2025/12/09,区民文教
高坂委員,"はい。
SNS相談に関しましては、学校のことに関しての相談が全体の2割の数、約2割の数が入っているという状況もありますのでこれは特命でわかりません。
ただ、どんな内容かというところは、汲み取りながら、うまく連携を取りながらそのような発信をされている名も飲めないることができない子供たちにもよしということを、形、よろしくお願い申し上げます。
学級閉鎖のところのそういうICTの活用による学びの機会の保障に関しましては、私はこれはそのような選択肢を堂々とですね、何が言われようと、学習の保障はしていくべきであるからこのようにやるというようなことは、やはりあってもしかるべきだと思うし、やりたいという先生方は、どうぞやってくださいというようなところで、もし保護者からそれこそクレームが今のようなクレームが来るんであれば、それは学習権の保障をやっているということでいけばいいと思いますので、ぜひやりたいというふうな先生方がおられれば、ぜひともメインの形ではありますけれどもこのような圧縮機の機械の保証をしていただければありがたいかなというふうに考えるところです。
若干時間は迫っておりますが、病気に関して、入院中に子供では便利。
今、短時間だからというふうなことをおっしゃいました。
入院中の子供、入院中の子供がかなりでているというのは、決算特別委員会のときでも述べさせていただきましたが、例えば小学校で、87人、中学校で37人の入院中病気の中の長期欠席されているということたちがおられる。
この子たちのやっぱり学びの機会を保障していく必要があろうかと考えます。
この子たちへの学びの機会の保障に関しては、やはりこれはできるできない病気中だからできないとか言うんではなくて、やはりできるときはあるんですよ。
がんの治療でも、小康状態になったときに、明日死ぬということがわかっていたとしても元気になったときには子供たちが学びたい。
それには応えていく必要が私はあろうかと思います。
それが憲法26条に沿った学習権の保障であると私は考えますけれども、料金中の子供たちへの学習権の保障に関してICTなどを用いて、福石も用いながら院内学級もあります。
ただ、院内学級もあるし、本籍、どちらに本籍を置くかはありますけれども、うまくICTを用いながら、ご自身の歩本石工とも繋がるというような機会も持っていってあげていただきたいと思いますけれどこのあたりの進捗はいかがでしょうか？委員長のスペース長紫藤市長9入院についての学びの保障でございますが、長期にわたるものであれば院内学級などにある小児病棟の方に転籍転院してですね、そちらの院内学級の先生にいいより、カリキュラムに沿って指導を押していただくというようなことはございます。
また、そこまでには当たらない中短期的なものである場合にはですねこれは保護者の方とご相談しながら、担任の先生なり教科の先生なりがもし課題を出したりとか実際にお見舞いというような形で児童生徒に会えるのであればあって、お話をしたりとかっていうようなことでこれも本当に個別に応じてですね、学びの保障をしっかりとしていくという体制であると認識しております。
以上でございます。",2025/12/09,区民文教
小坂委員,"はい、病気中の子供たちへの学びの機会の保障ぜひ、ICTなどを用いながら、もちろん院内学級もありますけれども、保障をうまくICT活用しながら行っていただければと思います。
また、災害時における学校再開というふうなところの学習権の保障に関しても、これは一般質問で行いましたが、それに関しても、さらに危機管理マニュアルの充実など、各災害時の学習権の保障も期待をしてここでの質問を終わります。
ありがとうございました。
次の質問者の発言を願います。
永井委員引き続きよろしくお願いいたしますそれでは続きまして、共同提案事業の育成と継続性について伺ってまいります。
この事業は2ヶ年2年間の事業ではありますが、報告書を拝見すると単年ごとに課題や改善点が丁寧に示されており、事業としてここからどう発展させるのかという方向性が記載されていることがわかります。
初年度の取り組みの中で見えてきた課題についてその後どのように改善を促し、どのような支援を行っているかについてお伺いいたします。
単年度の評価で示された課題に対して、本区としてどのような支援や助言を行い、事業の改善に繋げているのでしょうか？また、課題が明確になった団体に対して、協働ステーション中央での伴走支援など、どのようなフォローアップ体制も設けているのか、改めて具体的にお聞かせください。
お願いいたします。",2025/12/09,区民文教
伊藤地域振興課長,,2025/12/09,区民文教
地域振興課長,"。
はい。
共同提案事業のですね、評価と継続のすすめでございますけども、例えば採択事業実際に流山の防災リーダーといったところが回ってくる展開してございますけども、1年度ですね年度が増えるほど1月頃に実施報告会という形で団体の方からどういった取り組みがなされたかといったところを共同推進会議の方にですね、ご報告をいただいてございますそれをもとに協働推進会議の中で事業評価ということをいたしまして、例えば事業のOKその達成度目標事業計画にありますこういった目的といった部分がどう書く達成できているか。
また、効率化を効果的な効率的な運営ができたのか。
あとアンケートみたいなものをとっておりますので、実際に参加者の方、受益者の満足度はどうであったかといったところを他の様々なところで評価してございます。
その部分評価の中で例えば、次年度の取り組みの中では経口いったところが改善に資するのではないかという具体的な部分もお示ししてございますので、それを実際にですね、次年度の事業の構築にあたって、それを踏まえた上で実施をしていただくといったところでございます。
その改善にあたりましては、事業系書刊行する科学ですね。
例えば今の中で防災の女性リーダーでございましたら、防災危機管理課へがありますのでそちらの方とも連携しながらですねこういった観点のところで協働推進会議としては評価がくだされているので、この部分を改善してくださいというのは地域振興課の方から申し上げますし、団体の方との調整の部分では共同セッション中の方もご相談に例えばこういった部分をどういうふうに変えたらいいかという具体的なところで、ご相談に乗っているところでございます。
そこの団体の方とは我々もちろん連絡取ることもありますし、協働ステーション中と連絡取っていただくことをもちろん可能でございますので、そういった中で2年のですねサイクルを回しているといったところでございます。
以上でございます。",2025/12/09,区民文教
議長永井委員,"はい。
ありがとうございます。
初年度の振り返りを単体と共有し、担当部課と協働ステーション治療が連携して継続的に伴走しているということを理解いたしました。
制度を育てるという視点がしっかりと息づいていることがわかり心強く思いました。
次に、協働提案事業の継続性について伺います。
県共同提案事業が2年間の事業の中で成果や地域に与えた影響が大きいことが確認できれば、本区の事業としてステップアップさせる仕組みがあると伺っております。
これは地域の担い手を育てる上で非常に重要な仕組みであり、制度の出口を明確にするという意味でも大変意義のあるお取り組みであると理解をしており、そこでお伺いいたします。
2年間の事業の中でどのような実績や条件を満たした場合に、本区の事業として引き継ぐ判断がなされるのでしょうか？その判断基準やプロセスについて、可能な限りで構いませんのでお示しください。
お願いいたします。",2025/12/09,区民文教
地域振興課長,,2025/12/09,区民文教
地域振興課長,"、共同時共同提案事業のですね継続性といったところで6次区の事業として事業化していくかというところでございますけども基本的にはそれぞれの事業によってというところを、個別の部分ございますけども、例えば成果が出ているもの、これが引き続き行政のですね課題解決に資するといったところで所管課の方のとらえまた団体としてもこの事業を継続していきたいという意思のもとで事業化をするものでございます。
例えば、やっぱり今地域振興課の方で行ってございますけども、ランニングパトロールというLambert2.0といったところも共同提案事業の方からスタートしているものでございます。
また、バリアフリーマップの作成といったところで、実際に区の中で事業として、継続しているものもございますが、一方で役割を終えて事業を終了したものでございますとか、団体の方で例えば目的とする部分ですとか方向性の部分の違いで、事業の実施がですねて終了したものといった部分ございますので、基本的には明確な基準というところではございませんけども、先ほど申し上げた区のOK行政課題のですね課題、地域課題解決に資するといったところと、団体の意思の部分が揃うといったところが、事業の継続に必要な部分でございます。
以上でございます。
何が言いたい。
ご丁寧にありがとうございます。
行政課題の解決地域への広がり区民ニーズの合致など様々な複数の視点から手帳て丁寧に評価していただいている。
とはよくわかりました。
共同提案事業が終わったらおしまいではなく、事業として成熟してさらに必要性が認められたものについては本区の事業として引き継ぐ道筋があるということが、制度の大きな強みであると感じております今後もこの取り組みが長いスパンで地域に根付くことにも気づくことを期待をしております。
次に、10月に開催されました第46回こどもフェスティバルについてお尋ねをいたします。
子供フェスティバルは遊びや体験を通して、年齢の違う子供たちが一緒に楽しみ、地域の大人たちと触れ合う場をつくることを目的に続けられてきたイベントであると認識しており、まさに地域みんなで子供を育てるという考え方を形にした温かいイベントであると認識をしております。
私自身も今年は開会式から息子と一緒に参加をさせていただきました。
会場に入った瞬間から子供たちの元気な声や、地域の皆様が嬉しそうに楽しそうに準備をされている姿を拝見しまさに子供たちのための地域のお祭りだなと感じるとても良い雰囲気でした。
息子も次々とブースを回りながら目を輝かせて過ごしており、自宅に帰ってからもまたメールをやりたいんだと何度も話すほど心に残る1日になったようです。
こうした経験が子供の子供たちにとっての思い出になるのでだけではなく、地域の温かさや人との繋がりを感じる大切な機会になっていると改めて実感いたしました。
先日ご報告いただいた実施結果の中で、48人の子供たちがお手伝いとして参加した。
していたとありました。
子供たちは具体的にどのような運営や準備の役割を担っていたのでしょうか？開会式のサポートブース運営の補助、事前準備など、それぞれの場面で子供たちがどのように関わったのか、可能な範囲で教えていただければと思います。
お願いいたします。
委員長　文化生涯学習課長文化生涯学習課長子供フェスティバルについてのアンケートで今委員の方からお示しいただきました子供達をどのようにお手伝いをしているのかというところでございますが、基本的には学校等を単位としまして、そのブースの中でですね保護者の方たちがどういったお手伝いをするのかというのは、来ていただいて実施していただいているところではございます。
おそらく受付であるとかそういったところで子供たちが実際に関わって、生き生きと参加をしていただいているものとは存じますが細かいところまでそれじゃ、承知はしておりませんが、そういったところであると思っております。
以上でございます。
委員長。",2025/12/09,区民文教
永井委員,"はい。
ありがとうございます。
ブース単位でお手伝いをされていたということを理解をいたしました。
子供が主体的に運営に参加する経験はイベントそのものの価値を高めるだけではなく、子供自身にとっても大きな学びや自信に繋がるものだと思っております。
さらに、アンケートの中では390人もの子供たちが来年はお手伝いしてみたいと回答していますこれは単にイベントに参加するだけではなく、自分も運営に関わりたい、役に立ちたいと思う子供がこれだけの数いるというとても大きな可能性を示す結果ではないかと感じております。
本区として、こうした子供たちの主体性を伸ばす絶好の機会だと私は思うのですが、来年度以降、この子供たちのやってみたいという意欲をどのように受け止め、生かしていくお考えなのでしょうか？聞かせください。
委員長　文化生涯学習課長文化生涯学習課長今委員にご紹介いただいた通りですね今回のアンケートでは実際に回答いただいたお子さんのうち390名、38.6%の方からもお手伝いをしたいというふうにご回答いただいておりまして、まずこの中央区子供フェスティバルの目的というところがですね、地域の子供たち違う地域の方と触れ合いながらそういった場を提供しつつ、ふれあいを通してですね心豊かにたくましく自身と意欲を持って生きていけることができるように地域で子供たちを支援していくということを目的としております。
こういった意味からもですね、このイベントを通して多くの方にですね、お手伝いに主体的に参加したいと意欲を持っていっていただけるというところは大変ありがたいことだと思っております。
まずこのお手伝いのところについて今の取り組みからお話させていただきますが、お手伝いについて子供フェスティバルの実行委員会というのがございまして、その中で可能な限りですね、子供たちにも協力員お手伝いとして活躍できるような機会を設けていただけるようにもお願いしているところでございます。
先ほどもお話しましたが各ブースですねコーナーの運営については、学校とか学校のPTAとかですね、そういったところが実施をいただいているところでございまして、お手伝いの人数等についても、それぞれのコーナーのご判断になりますので、人数も限られているというところで実際にやりたかったけどやれなかったという子も出ているのかなとまた当日イベントに参加して他の子がお手伝いをしているのを見てですね、自分もやってみたいというふうに思われることも多くいらっしゃると思います。
そうしたところから今回390名の方が今後お手伝いをしてみたいとおっしゃっていただいているのだと思います。
現状ですね既にどういった形でそのお手伝いを進めていくのかというのは、ちょっとこの場ではすぐには出てこないんですが今後もですね実行委員会等を含めて、その中でどういったお手伝いができるのかというところについては検討してまいりたいと思っているところでございます。
以上でございます。
永井委員ご丁寧にご答弁ありがとうございます。
子供たちが自分からやってみたいと手を挙げたこの機会を捉え、先ほどのご答弁の中でお手伝いできる範囲参加できる範囲が限られているという話がありましたが、そこはぜひ来年度以降安全面に配慮しながらも工夫をしていただければと思います。
子供たち自身の成長にも繋がると思っておりますし、地域にとっても貴重な力になるはずなのではと思っております今後の取り組みに大いに期待し私からの質問を終わります。
ありがとうございました。
次の質問者の発言を願います。",2025/12/09,区民文教
山本委員,"はい、よろしくお願いいたします。
私からは資料の3区立小学校特認校制度の申し込み状況と、あと議題を交えて質問してまいりたいと思います。
全部で大きく三つですね。
小学校特認校制度について特に併設幼稚園の通園区域について、そして特認校におけるバスですねスクールバスの運行について質問してまいりたいと思います。
まず小学校の特認校制度これのそもそもの導入の目的や役割についてお聞かせください。
また、令和8年度の申し込み状況の特徴傾向などについてお知らせいただければと思います。
委員長。",2025/12/09,区民文教
学務課長,,2025/12/09,区民文教
学務課長,"はい。
小学校特認校制度の目的に関してですけれども、その制度自体通学区域、基本的には事務所に基づいて指定校というのがある中で、通学費を前提としながらも、施設に余裕のある学校特認校として設定しているというところでございますけれども、元々中央区の中で学校の今日狭隘化の進行を緩和するという観点というところがあって、月島地域の方から当時少人数かというところであった学校の方に通ってもらって双方の学校を維持していくといった目的ということで実施をしているところでございます。
今年度の申し込み状況に関してでございますけれども小学校の申込者数は少し昨年度よりも減少しているというところで、はいそれぞれのご家庭が各学校の特色であるとかそういったところよくお考えになった上でも学区の学校に通うか、特に申し込むかというところ様々ご家庭の中で話し合って考えてそういったの結果なのかなというふうに思います家庭お子さんにとってどういう選択が一番いいのかということをしっかり考えた結果というところだと思います。
特徴としましては、やはりこれは例年の傾向ではありますけれども、城東小学校の方の数が多いというところです。
昨年度より少し経申し込みの数自体は減っているんですけれども、受け入れ人数の学区内の90の人数と指定校変更の人数に応じて変動するんですが、今回受け入れ可能数が少し減ってるところで倍率が少し高まったかなというところではございます。
そうですね当然学内の転入者が受け入れられないというような状況になっていけませんのでそういったところも含めて人数設定をしたというところでございますけれども、やはりそれぞれご家庭で繰り返しになりますが家庭でよく考えてお申し込みいただいたというところだと思っております。
以上でございます。",2025/12/09,区民文教
山本委員,"はい、それぞれご答弁ありがとうございます。
まず特認校制度の目的役割導入の目的ですけれども学校施設の狭隘化を抑制すること月島地域の過密校の間はこういったことが元々の導入目的だったかと思います。
施設による余裕があれば特認校に否定してきたということです。
確か16年前ほどですが2009年に導入したかと思っております。
今年度の特徴なんですけれども前年よりも申し込み人数が減少したものの、令和8年度、もう300人近い申し込みがあったということです。
令和6年4月に開校した晴海西の指定校児童の申し込みが最も多い64人ということでした。
希望校においては城東小学校が一番人気があり、当選者が38名補欠が98名ということでした全体として申込者数301名当選者数が73名なので確率としては4人に1人25%程度の倍率なのかなと思います。
現在受け入れ可能の特認校として学内の児童の受け入れの人数が減少している学区内の児童の数が増えているといったご答弁もあったかと思います。
この特認校制度の目的役割を今後十分に果たせていけるのかというのが、ちょっとあの心配しているところでしてこの特認校の児童数の推移と今後の見込みについてどのように考えていらっしゃるのかお聞かせください。
というのも、本年10月の決算特別委員会の要求資料293において、この資料の題名が、人口推計をもとに、小中学校児童生徒数および教室数の過不足についての学校別の推計結果、こういった資料があったんですけれどもこの資料によると、晴海2指標学校中学校の教室不足に加えて、教務室木小学校においても、教室不足が生じる見込みとなっておりました。
2030年令和12年頃に京橋築地小学校特認校である強化し築地小学校の教室不足が生じる見込みとなっておりましたこの要因についてどのようにお考えなのかお聞かせいただければと思います。
併せて、特に併設幼稚園の通園区域について伺います。
本区では小学校の児童数が増加している一方で、幼稚園の園児数は減少しております。
この5年間で約半分にまで減少しております。
その背景には共働き家庭の増加であったり、保育所待機児童の解消また保育所の無償化保育所保育料の無償化などがあるかと思います。
まずこの令和8年度の幼稚園入園申し込みの状況について確認をさせてください。
委員長。",2025/12/09,区民文教
庶務課長庶務課長,"はい、私の方からは京橋月小学校の教室不足が資料の中で見取れるというところについての要因についてお答えをさせていただきたいと思います。
まず各学校のこの資料に作る際の教室数の見込みというところなんですけどこれはあの就学児童のですね、人口推計それから就学率ですとかそれから就学制度を使っての指定校変更ですとか特認校制度を使っての出入りというところを含めて全て合算した数字で子供の数を考えまして、それに対してクラス数が35人学級で計算したときにどうなるかというのを学年ごとに出しております。
この落としでいいますと10-1学期プラスということになってますんで今小羽月小学校は17クラスが最大の応用できている教室になります18学級になるということでこれ1月くん1年生から6年生まで全3クラスが編成になるという計算をしているところでございます。
最大の要因としてましては1年生のクラス編成が3クラス編成になるだろうという見込みを出しているんですけどもその中で先ほど申し上げた通り、市指定校のその学区域のお子さんの数に加えまして、特認校で入ってくる数のお子さんも見てますのでそういった人数を加えると3クラス編成になる可能性があるというところで、3030人掛ける3学級で9人程度っていうところ見てるんですけどもこちらの例えば今年の4月の残留人数ですと79人のお子さんが1名おりますんで、少し上振れ、の可能性も見込みながら各計算をしているところでございます。
す計算上のの考え方としてはそういった要因でございます。
以上でございます。
委員長。",2025/12/09,区民文教
学務課長学部課長,"はい。
私からは令和8年度の幼稚園の入園の申し込み状況についてお答えいたします。
今年度申し込み期間の令和7年の10月27日から31日の期間で、募集を行いました。
新規の応募に関しましては284名。
3歳児での入園と4歳児5歳児途中からのといいますか45歳児からの入園も含めまして、284年のでございました。
昨年度応募が335名でしたので51人のの減というふうになっております。
今回によって増えたところ減ったところございますけれども、今回抽選という形はございません全ての希望者の方のお入りいただける状態というところでございます。
やはり令和4年とか令和5年あたりをファンに減少したところはございますけれどもそういったところより減少幅というところは小さいのかなというふうには思っております。
状況としては以上でございます。",2025/12/09,区民文教
山本委員,"はい、それぞれご答弁いただきありがとうございます。
まず京橋辻小学校の教室不足の件についてですけれども、特認校の児童も含んで全部を考えて算出したということなんですけれども今後人口増加が中央区見込まれております。
特認校の中でも例えば常盤小学校なんていうのは通学区域の児童も増加傾向にあって、受け入れ可能人数、特にこの受け入れ可能人数が減少傾向にある。
など麻酔科状況があるかと思います。
学部外からの児童の受け入れ枠が減少している特認校において学区外からの児童の受け入れ人数が減少傾向にあるこれ、今後開発のある築地地区にも言えることだと思うんですけれども、今日はしつけ市においても、今後学外からの児童の受け入れ数減少傾向にあるのかなと感じておりますバスが減少していくのではないかと考えております。
そうしますと今後人口増加に当たって月島地域の人口超過児童数を特認校でなるべく受け入れたい気持ちもあるかと思うんですけれども、この特にご辞退の枠が減ってくるのではないかと考えているんですけれども、今後の特認校のありようについて教育委員会としてどのようにお考えかお聞かせください。
次に、幼稚園の件です。
幼稚園においては、また令和8年度も50人程度のの減少があったということです。
特にこの中央区内小学校は全17校うちの特認校が5校で、幼稚園においては全13校休園中のときには、幼稚園を除くと全13園ということなんですけれどもまずこの特認校の体名称郷間市築地小に併設されている。
幼稚園の今回の申し込み人数について確認をさせてください。
特に5校あるうちの城東小と坂本小はこども園となっております常盤小については久松幼稚園で使っているということなので、今現在は幼稚園併設されているのがまた名称と京橋築地小この2園の令和8年度の申し込み状況について確認をさせてください。
委員長。",2025/12/09,区民文教
学務課長,,2025/12/09,区民文教
学務課長,"まず最初に特認校の今後の考え方の部分についてでございます。
やはり冒頭の説明申し上げましたように、学校内の人数ですとか指定校変更の人数に応じて受け入れ人数というところはそこを変えていくというところになりますのでやはり状況に応じてということでその募集のあの規模規模感といいますかそういったところはしっかりと見ていくというところでございます。
月島地域からというところをこれに関してですけれども、今実際301名申し込み、今年度ありましたけれども、月島地域からの6割181名が月島地域からの申し込みというところになっております。
また、令和7年4月いっぴ時点のあの5歳人口からちょっと割り出してみたんですけれども、人口に占めるその何ていうんでしょうか歳人口に占める申し込みの割合というのもやはり月島地域というところ一番高くなっているというところで、月島地域の学校の狭隘化っていうところというところの中で開始したこの制度の趣旨というところはまだ保たれているのかなというところはありますけれども、今後についてもしっかりとの状況を見極めながら人数の設定などはしていきたいというふうに考えているところでございます。
次に、幼稚園についてでございます。
今回特認校に併設している園というところで、対面幼稚園に関してですけれども、こちらの申し込みが今回3歳児が5名という形でございます。
幼稚園の学級編制基準の中で、基本的に1学年について6名以上で初めて編成できるというふうにしておりますのでお申し込みいただいている保護者の方には、いらっしゃる方が言うかどうかというところあるんですけれども仮に人数みた見たなかった場合の対応といたしまして、お待ちいただくのかあの近隣の園をご案内するかというと区立幼稚園をご案内するかというところも含めて、あの状況お伝えして、状況をお伝えしているところでございます。
そうですね保護者の方のご意向を伺いながら今後も対応してまいりたいというふうに考えているところでございます。
もう一つの京橋町か幼稚園の方ですね。
こちらは応募が14名ということで、昨年10名でございましたので昨年度の応募時10名というところを頑張って上回っておりまして、そうですね今日は市長が幼稚園の5歳児でも1人多いし、していただいてるというところでこちらの方は人数増えているというところになっております。
以上でございます。
はい、それぞれはい委員長はい。",2025/12/09,区民文教
山本委員,"はい、それぞれご答弁いただきありがとうございます。
対面幼稚園の件なんですけれども、現在学級編制基準に満たない申し込み状況ということで大変心配しております。
また、ね今後途中でね、あの申し込みがあるかもしれませんのできちんと申し込んだ方々ねこの5名のあの方々への説明等々よろしくお願いいたします。
この前幼稚園なんですけれども本当にこの特認校の併設している幼稚園行っ対して私はものすごく今後の育成を心配しております。
上遠山坂本のようにこども園にしていくのか、それとも幼稚園として何とか存続させていくのか。
この辺について教育委員会の今現在のお考えありましたらお聞かせください。
併せて特認校におけるスクールバスの運行についてです。
特認校においては自力で通えることを前提条件としながらも、平成21年ごろから児童の安全な通学環境の確保通学の利便性の向上を目的に、月島地域と城東小学校、常盤小学校坂本小学校に運行しております。
令和8年9月から渡井名称への運行が開始されるということです。
現在のこのスクールバスの現状と課題についてお聞かせください。
教育長これから幼稚園教育ということでございますまた区におきましてもですね、区立幼稚園が認定こども園化ですとか私立園化ですとかそういった傾向があるのは損しております。
そん中でもいわゆる23区から東京を含めてもですね、いわゆる中華幼稚園のメッカって言われるぐらいまだ残っていて、しっかりとしたその幼稚園教育が行われていると私は中国の伝統としてこれを守っていきたいということがございますので、やはりこの幼稚園とそのショップが併設してる良さっていうのが、やはりこれは私が見てても素晴らしいこの取り組みに繋がっていく一つであると、これあの中国の教育ある特色ある教育の一つではないかなというふうに思っております。
ですので様々な施策を行いながらですね。
可能な限りその幼稚園教育という残しながらある意味その保育園との型認定こども園とですね、相乗効果の中で、就学で教育というのを盛り上げていきたいというふうに考えてございます。
委員長。",2025/12/09,区民文教
学務課長,"、学務課長スクールバスに関してでございます現在、主4月時点で今年度の4月時点で3校でのスクールバス利用者の321人となっております。
年度内での増減はあるんですけれども大体昨年度と同じぐらいの人数の利用となっております。
そうですね台数としては今9台で運行をしているというところになっております。
運用していく中での課題としてはやはりそのバスの利用マナーといいますかそういったところをしっかりと戸建てですとかお子様方にしっかりお伝えしていく必要があるというところで今ご紹介いただきました、新たに対面小学校で運行するに当たりましても、そういったところも含めまして、保護者の皆様にもというご協力いただくかというところしっかり検討しているというような状況でございます。
以上でございます。",2025/12/09,区民文教
山本委員,"はい、それぞれご答弁ありがとうございます。
幼稚園に関しては、本当にこの小学校併設の幼稚園であの本区の特色だと思います。
今教育長からご答弁いただきましたけれども、あの幼稚園の中央区がメッカと言われていてこの伝統を残していきたいということで、私も同じように考えておりますので今後も応援してまいりたいと思いますので、ぜひともこの幼稚園の存続について様々な角度から検討していただければと思います。
そして僕銀行におけるスクールバスの運行の現状と課題についてです。
今やはり月島地域月島晴海地域からの特認校に通う児童生徒が増えている。
ということでこのスクールバスのこの利用申請をした児童全員がきちんと使えているのか使えない児童がでていないのか。
についても確認をさせてください。
また、全国的にバスの運転手不足や人件費や燃料費の高騰などが言われる中で、スクールバスのこの運行経費の状況についても確認をさせてください。
委員長。",2025/12/09,区民文教
学務課長,,2025/12/09,区民文教
医学部課長,"はい。
スクールバスご申請いただいた方についてですけれどもご希望の方の全員ご利用いただける形で受け付けているところでございます。
また、年度の途中とか転入の方などもお申し込みいただいて、記述をスタートの日を決めて乗っていただいてるというような状況でございます。
ご紹介いただきましたようにやはり全国的に運転手不足という中で経費の面というところをやはり昨年度と比較しても、増となっておりまして台数として先ほど9台運行しているとご紹介いたしましたが、昨年度8台だったところを9台に増やしてますので、そこで台数を増やした分というのもあるんですけれども、やはり単価の増というところもございまして令和6年度の決算額だとそのスクールバス全体で1億2000万円ほどではあったものが今年度7年度の予算額としましては1億9550万ほど2億円近い額となっておりまして、やはりそういったところの影響が出ているというところでございます以上でございます。
委員長。",2025/12/09,区民文教
山本委員,"はい、ご答弁ありがとうございます。
やはりスクールバスの運行経費については本当に値上がっているということで、来年令和8年9月から対面所の運行が始まるということでさらに形の経費はかかるかと思います。
ただ、やはりあの児童の安全な通学環境の確保、これがやっぱり一番大事だと思いますのでどうぞ経費もね経費なんていう経費もかかることではありますけれども安全第1に考えて森くんでいただければと思います以上で終わります。
ただ、いま委員会の途中でございますが、暫時休憩を入れます。
再開時間を3時15分といたします。
よろしくお願いいたします。
不適緩やかで建物を活用しながら保存していくことが可能な制度であり、歴史ある民間建築が多く施行し、都市甲子園が進む中央区において非常に相性の良い制度であると認識し、ております。
そこで、まず伺いたいと思います。
区としては登録有形文化財制度をどのように評価しているのか。
また、所有者の自主的判断を尊重しつつ、登録を前向きに後押ししていく考えがあるのか。
区の基本的な認識をお伺いいたします。
委員長　教育委員会事務局次長教育委員会事務局次長はい区におきましてはやはり中央区は地域の歴史や文化の大変たくさんの文化財文化と歴史がございますので、様々な区民文化財というものを、必要に応じて指定していって文化財の保護、をしていくことが非常に大切であるというふうに考えております。
また、そういった意味での文化財保護意識の普及や啓発を図っていくことも必要だと思いまして、必要に応じて新たな登録等を積極的に進めているところでございます。
以上でございます。",2025/12/09,区民文教
白須委員,"はい。
ご答弁ありがとうございました保護をしていくことが大切であり、意識の普及にも努めており、後押ししていただくということで了解いたしました。
そこで、伺いたいのですが動力を希望する所有者は、区のどの部署との窓口で相談し、申請に向けた支援を受けることになるのでしょうか？また区を通じて申請を行い文化庁による現地調査を経て登録に至るまで、一般的に本区におきましては近年でも登録されたところがあると思うんですが、どの程度の期間を要しているのでしょうか、区として把握してある目安等があれば伺いたいと思います。
また、登録に必要となる図面作成や調査資料整備に伴う費用について、区として行っている支援や補助制度の有無、その内容についてお伺いしたいと思います。
委員長　教育委員会事務局次長、教育委員会事務局次長はい、申請につきましては教育委員会の図書文化財課の方で、蘇生ご相談等は受け付けてございます。
基本的には学芸員の方でその文化財がどのようなものであるかというものを調査いたしまして、区の文化財にするのか、それよりもその上の方に申請をしていくのかというところは、様々な調査や相談の結果、検討していくというところになってございます。
ちょっとどのくらいの期間かかるかというところは文化財にもよりますし内容によってもかなり異なると思いますので、ちょっと今手元でどの程度かかるかということはすいませんがお店を閉めすることはできません。
以上でございます。
内容についてのご答弁を願います。
委員長　教育委員会事務局次長、議会事務局次長はい基本的には区民文化財として様々なあの建物ですとかそういったものの登録、また埋蔵文化財などの保護調査等を行っております。
また、そういったものを郷土資料館の方で、調査等を行いながら登録指定登録等に行っているところでございます保護審査会というものがございましてその審議会で有識者の経験値等をお聞きしながら検討していくということになってございます。
また、その文化財等の補助等につきましては、中央区明文化財の場合は保護の奨励金等を支払光というようなことも行っております多分文化財の修理等の補助金等を行ったりしております。
以上でございます。
しらすはい。
ご答弁ありがとうございました。
窓口となっているのは、図書文化財課ということでもし申請をしたいという方はその歯の方に相談していくということで了解いたしました。
また、区の文化財と、あと国登録有形文化財という重要文化財いろいろ種類があると思うんですけどもそれはお話を伺ってお示しいただいて区の文化財としてふさわしいのではないかというと重要文化財にふさわしいのではないかとか、有形文化財にふさわしいのではないかということをお示しくださるということでお願いしますありがとうございます。
また、本日は中国としては、国の登録有形文化財が忙しいものがまだまだあるのではないかなという見地でお伺いしております。
この申請というのは文化庁の方が最終的に見に来ると思うんですけれども、なかなかその前の申請について、図面の作成ですとか、説明書などが個人でやるにはなかなか難関だと思うんですけれども、そのような支援は学芸員とか、一般的には平時マネージャーですとか1級建築士の方々がなさると思うんですけども、そのようなご紹介はあるのでしょうか？また設計図を作るためますとかなりあの費用が高額になる場合もあるんですと思うんですが区の文化財の場合は奨励金等があると思うんですが費用とは全く国の重要文化財有形文化財に登録を考えている場合は、補助は全くないということでよろしいでしょうか？教育長国のですね重要文化財っていうと中央区あんまりないんですけれども国の指定文化財としてですね、例えば津木島のいいだけでしたっけ、無から登録をしましたけれども、桑野経由事務ということで、あくまで文化庁からの諸調査依頼に基づく中で地元区としてのその経由事務という形でのお手伝いをしております。
今言ったその図面作成ですとか様々なお手伝いっていうのをご相談をいただければですね可能な限り私どもの方でお手伝いできることについてはさせていただければというふうに考えてございます。
そう。
ちょっと金額的な補助というのはちょっと議論もものに関しては区では出せないということでございます。
以上でございます。
白瀬いことでありがとうございました登録した場合は区の方では経由事務を行っているので了解いたしました。
また、文科省に登録したいと思ってもとにかくあの個人で登録したいと思っても、文科省に直接のでなくとにかく自治体に登録するということで、大体の自治体で登録申請したことがあるんですけども、泣いてなくても友達て1年2年とすごく時間かかったことがあるので、あの中央区としてはもしそういう申請がいましたら大変素晴らしいことですのでスムーズに運びますように。
また、ヘリテージマネージャーの抑制ですとか、また建築士とかの作成作成の方をご存知でしたらご紹介いただけるようにどうぞよろしくお願いいたします。
また、中央区講習というホームページを見ますと、区の重要人文化財そして、国の重要文化財、登録有形文化財にも記載されているんですが、それが一括して示されており制度の違いや特性がわかりにくい構成になっていると感じております。
登録有形文化財は重要文化財とは役割も位置づけも異なり、活用を前提とした都市制度、都市部中央区にふさわしい制度ですので、こうした違いが十分に伝わらない表記は誤解を生む恐れがありますので、改善を整備方法別々に表示した方がいいんではないかと思いますが、体制を検討する考えについて伺いと思いと思います。
また、あの湯登録有形文化財の文化的評価に加え、固定資産税の軽減や消費者にとっての実務的なメリットもありますので、これらも情報発信力で行ってみてはいかがでしょうかご見解を伺いたいと思います。
委員長　教育委員会事務局次長、教育委員会事務局次長はい。
今ですね郷土資料館等にございますデータですとか中央区にある文化財等をですねデジタル化して外部化するような作業も進めておりますので、今後より見やすいような検索の仕方を検討していきたいと思います。
以上でございます。",2025/12/09,区民文教
白須委員,"ありがとうございました文化庁の国のホームページも載りますのでぜひ中央区の登録有形文化財も今後増えていけばと考えております。
とにかく窓口が自治体に自分のその建物にある自治体が窓口となっておりますので、そこがスムーズに運ばないと、1年2年本当に時間が経ってしまう3年かかった例も他に地区でありますので、ぜひ様、そういう要望がありましたら、区民の財産でもありますのでしっかりとスムーズにことが運びますように今後もよろしくお願いいたします。
ありがとうございました。
副委員長は、地積次ください。
委員長　をクリーンそれでは、何点か質問をさせていただきます。
最初に先ほど申し上げましたけどスクールバスの関係でお伺いしたいというふうに思います。
来年の9月から売名小学校へも運行するということなんですけれども、これまでスクールバスがなくてあのバスで通っていた子供さんなんかもいたと思うんですけども、そういう場合の定期代の補助みたいなものは、これまでやっていたのか、今このスクールバスの大命小学校まで出ることになって、そういうスクールバスを利用できない地域っていうのはなくなったという理解でいいのか。
その辺の状況を立ってねしたいというふうに思います。
次に、不登校の問題で、さっきの本会議の一般質問で質問をさせていただきましたが、不登校児童生徒の保護者に対して今、介護休業の制度も使えるということで、そういう周知を日広げた方がいいのではないかということで質問をさせていただきました。
その際のご答弁でそれぞれ常時介護を要する状態に該当するのかどうかとかいうようなことで個別いろいろ適用するかどうか状況が違うので、一律の周知にはなじまないというような、あのご答弁がありましたが、例えばこれまでいろいろソーシャルワーカーの方とかスクールカウンセラーなどを通じて、そういう親御さん、保護者の方のご相談に応じてきたと思いますけれども、その際にそういう介護休暇などの制度も使えるというようなことで繋げたような例があるのかどうか、その辺そのことについてお伺いしたいというふうに思います。
よろしくお願いします。
委員長。",2025/12/09,区民文教
学務課長,,2025/12/09,区民文教
学務課長,"はい。
私からスクールバスの件についてお答えをいたします。
まずスクールバスに利用されてない方への補助というところでございます。
特に通っていただくお申し込みいただく大前提といたしましては児童が自力で通学できることということを条件にしている中で、スクールバスが利用しないという方に対して、定期代の補助などは行っていないところでございます。
また、バス運行してないところがなくなったのかというご質問ですけれども、今直に参考で実施しているところと、また対面ショー来年度から来年度の9月から始めますけれども、今以前、いずれの学校に関しても、月島地域の児童、月島地域から各学校へということでの運行をしているというところの中では、運行しているところの何て言うんすかね他の地域からの通学の方は対象にはなっていないというところでございます。
また、京橋築地小学校に関しては運行をしていないというところなので、そうですね状況に応じてというところ状況といいますか、その通学環境安全に中通学できる。
環境を整えるという観点でスクールバスの運行というところを行っているというところでございます。
以上でございます。",2025/12/09,区民文教
主委員長,,2025/12/09,区民文教
教育センター所長,"、教育センター社長はい介護休業などの不登校の子供への適応がっていう部分がご質問でございます。
現時点におきましては本区においてこのような形で、制度を適用された方はおりませんで答弁を教育長の方から述べさせていただきましたがもちろん不登校への子供の適用においてもやはり条件がかなり厳しいというのが一つあります。
それが例えば意思の伝達がちょっとしにくいであったり医療的ケアのお子さんであったり、例えば外出してしまうとお子さんが戻ってこれない状況にあるとか、結構そのやはりハードルが高い不登校イコール使えるということではなくてかなり医療的なケアであったりその介護をかなり必要としているという条件がありますのでこれを一律周知してしまうとですね不登校でも使えるぞっていうような間違ったメッセージにもなってしまう可能性がありますのでそのあたりお子さんの状況を確認しながら、必要に応じて情報提供していく、そのように現時点では考えております。
私からは以上です。
委員長　奥梨衣まずスクールバスの件ですけれども、先ほども質疑ありましたけれども、この特認校制度自体が月島地域の学校の狭隘化、それを余裕のある地域の学校に通ってもらうというようなのが最初の御趣旨で行われていて、だから、この何て言うんすかね。
学校側の区のか側の制度として学校がバンバンなっちゃうんで、移動してもらうとかそういう制度として始まっているので、やはりその通うの安全性はもちろんなんですけどもそういう制度を作った責任として、やはりスクールバスの運行ももちろん必要ですし、そこに通うための定期代なども私は保証してしかるべきではないかというふうに思います。
中学生の場合もこれは9選択制だということなんですけれども、今回の自由選択制で、申し込みの状況を見ますと、日本橋中学から銀座中学校に申し込んでいる方が多いという状況を見るやはり今、日本橋中学校があの管理公社でやっているということもあって、これからちゅ、日本橋中央区に入る子供さんは3年間はずっとプレハブの校舎ということになって、そういうこともあって銀座中学にしようかなっていうような希望も多かったのではないかというふうに推測するんですけれども、そういういろいろな希望というよりも、学校側の運営側の状況があって、そういう選ぶ条件ができているということを考えると、そういう中学生に対する通学のための定期代の補助というのもあってしかるべきではないかというふうに思いますけれどもこれについての見解をお伺いしたいと思います。
委員長。",2025/12/09,区民文教
学務課長学務課長,"はい。
中学校に関してにもやはり委員会も希望といったところとの兼ね合いのお話ありましたけれども、やはり制度としてはその子供立ち居がにとって開かれた学校というところになんていうHやはりあの魅力あるが、作りというところ。
そういったところも含めての制度となっておりますので、やはり学校選択しているという中での制度となっております。
今回日本橋中かの学区の方から銀座10円の申し込み多かったというお話ございましたが、今回全体で55名昨年度より増えているところでございますけれども実は各学校それぞれ増えてデータを見ていただければというところございますがそれぞれ増えているところはございます。
また、自由選択の申し込み自体も日本橋中、元々申込者のの9割がた銀が中学校を希望しているというところで特に今年度すごくその傾向が変化したとか、そういったところではなくて。
というところはございます。
やはり指定校にはない部活があるだとか、兄弟が卒業しているとか、あとは通学の便が良いとか、そういった様々中学校から新たな環境で学校生活を送りたいとかいろいろなご理由あると思うんですけれども、基本的には中学校からの生活を前向きに捉えてご希望いただいてるのかなという印象を持っております。
日本橋中が仮校舎であるからという、いうような理由の申し込みもありますけれどもただ一方で日本橋中の教育方針ですとか部活動に魅力を感じて希望されている方もいらっしゃいまして、各学校が魅力向上に取り組んでいる中でやはり覚悟ご家庭がその中学校進学にあたって、どういう選択が一番良いのかっていうところを検討されたというところに余ってくるのではないかと考えておりますので、そういったところも踏まえて、中学生に対してこの歩交通費定期代の支給というところは考えていないところでございます。
以上でございます。
委員長遅れ私はぜひ検討を補助、大津べきではないかというふうに思います。
ちなみにですけど週末援助制度を利用している方には、定期代の補助はあるのかという点だけ確認をさせていただきたいと思います。
あと不登校の場合の休業を、介護休業の件ですけれども、いろいろ条件とかもあって、なかなかすぐに使えるようなものではないということも、今ご答弁ありましたけれども使いにくい。
確かに使いにくいところもありますが、こういう制度も使えるということも一つの保護者に対しての安心の材料にもなると思うので、その点はいろんな相談があったときに、市民にそういうことについても、仕事をね辞めざるを得ないような状況にいなならないような支援ということも含めて、丁寧に対応していただけたらというふうに思います。
続けて教員の多忙化の解消の問題で、質問をした際に、夏帆本来は旧教員の定数定数を増やしたり、今教員の残業代ゼロ制度の方が続直行されることになってしまいましたけれども、そういうことをやめてきちんとした。
残業代もを支払う。
そういう制度にしなくちゃいけないというふうに思いますし、教員のね多忙化を解消するっていうことは、不登校の対策としても重要ではないかということで質問をさせていただきました。
その際に、今給特法の改正を受けて、改めて教員の働き方改革の推進について検討しているという旨のご答弁がありました。
この給特法の改正を受けて、各自治体に業務量管理、健康確保措置実施計画というものが義務づけられたということなんですけれども働き方改革の推進について検討しているという内容はこの業務業務量管理実施計画の策定について今進めていると、そういう理解でいいのか、ご説明をいただきたいと思います。
お願いします。",2025/12/09,区民文教
教学部課長,,2025/12/09,区民文教
学務課長,"はい。
私からは就学援助の中での通学費の支給というところでございます。
その援助の要件にどうする方に関しましては通学費というに関して実費支給という形でございまして令和6年度の実績といたしましては通学費資金を受けている人数が小学校で24中学校で10人という形になっております。
以上でございます。
委員長。",2025/12/09,区民文教
職庶務課長庶務課長,"はい、給特法の改正に伴います業務会議業務量管理、健康確保措置実施計画の策定についてお答えいたします。
給料表を改正されまして、委員ご指摘の通りこの計画計画の策定が義務づけされたというのはその通りでございまして、各自治体ない全く今ないところですねそういったプランがないところは新規に作成する義務があるというところと、それから既にですねそういったものに準じるものを、今回国の方の指針に沿った形のオープン計画なり、従来そういったプランなりガイドラインなりがあるところは、そういったものを計画に位置づけるということも可能であるというふうに国の方から通知を受けていること、ところでございまして中央区の方ではがっくり学校における働き方改革推進プランというのを策定しておりますその中でいくつかの柱を設けながら学校の働き方改革を今も進めてきているところです。
こちらの中につきまして何か内容につきまして紹介しますと、国の指針に沿った形のと考えられるというふうに思っておりますので、今検討としましてはこれを、新たな目標を国の方で定めてるところありますのでそういったところをラトニック溶け込ませるような形。
いいえということで新規作成というよりも今あるものを充実させるというような考え方で検討しているところでございます。
以上でございます。
フリー中央区としては今ある働き方推進プランをさらに充実させていく形で考えているということでした。
この業務量管理、健康確保措置の中で、やはり教員の業務量をどう削減していくのかというところが一番の肝だというふうに思うんですけれどもそれを考える際に、とにかく今1人の教員が持っている子ます。
どんどん増えてしまって。
最初に1人当たり教員が小学校の場合は1日4コマとか、中学校では週18コマとか、それをもとにして、教員が何人必要かということで出されていたものが、どんどん定数がなんて削減されるっていうかね、そういう形で今、小学校の教員でいうと、1日5コマとか6コマ蒸すのが普通になってきているとそれが一番の長時間労働の最大の要因になっているということが言われてます。
なのでこの多忙化の解消に向けた対策として一番必要なことは、1人あたりのコマ数を削減していく、そういう方向で目標を持つことが必要だというふうに思いますけれどもその点についての御見解をお伺いしたいと思います。
委員長。",2025/12/09,区民文教
室長指導室長,"はい、働き方改革を推進するために1人あたりのコマ数というお話についてお答えいたします。
まず教員の定数につきましては児童数、学級数に準じて東京都の方から割り当てられるものと認識しております。
その中で1人あたりのコマ数の削減につきましてはですね、小学校であれば、現在教科担任制の制度をまた従来よりあります算数等の少人数指導加配そういったものを活用しながら、1人当たりのコマ数の方が減っていくようにさらに推進を進められる体制であるというふうに認識しておりますまた、定数加配の方がなくてもですねか、各学校の努力によって例えば教科担任制を今ある教員数で回すというようなことをすることでですね、1人あたりのコマ数の減というようなところ、実現している学校もございましてこちらの方の取り組みの方については教育委員会としても支援していきたいなというふうに思っているところでございます。
また、中学校の方も含めますと久野講師の方を住宅に入れていくことで、こちらの方のコマ数のところの方の減少ということにも寄与しているというふうに認識しております。
以上でございます。
委員長　小栗委員いろいろ各学校でも工夫もしながらということで進めているというお話だったんですけれども東京都が基本は定めていくと思いますけども、中国として各学校の実情にも合わせてコマ数を減らしていく削減していく、そういう目標を立てるということは、できるしこれからもやっていくということでいいのかその点だけ確認をさせていただきたいというふうに思います。
最後に性教育における歯どめ規定の問題で質問をいたします。
今学習指導要領が改定期を迎えて、審議会中央教育審議会でも議論が進んでいるところなんですけれども性教育における歯どめ歯止め規定をなくすよう求める声が今、大きく広がっていると思います。
歯止め規定というのは、現在の学習指導要領の少年小学校5年生の理科に人の女性に至る過程は取り扱わないというふうになっているとあと中学校の保育、保健体育では、妊娠の経過は取り扱わないとそういう記載があるために性教育で教える内容が狭められていると特に成功や非否認の学習が避けられているそういう要因になっているということが指摘をされています。
学校でそういうことを何か避けるようにして、性教育をやっている中で、実際に子供たちはインターネットとかを通じて間違った情報やアプリのサイトに行き着いてしまっているとそういう現実がありますし自撮り被害とかSNSゲームサイトなんかで子供の性的な被害も増えていたり、また、隠し通りみたいのがね、簡単にできるようになってしまって、加害者にもなりうるということで、いろんな事件といいますかね問題も起きているという中で、この歯どめ規定のんがあるためにきちんとした性教育包括的な性教育というのができないでいるのではないかというふうに指摘されていますけれども、中央区ではどういう状況なのかという点を確認をさせていただきたいと思います。
もう一つは命の安全教育ということで、文科省も教材を提供したりしてますけれども、これを学校で活用しているところが、これ全国の試算ですけども試算ですけども14%にとどまっているということなんですが中央区内の小中学校での活用状況はどうなっているかについてもあわせてお伺いしたいと思います。
お願いします。
委員長。",2025/12/09,区民文教
職務庶務課長庶務課長,"はい、インク委員からご指摘ありましたコマ数の目標値の設定というお話ですけども、基本的には国の示してございます指針に則して、目標設定それから取り組みの内容さん業務分類などを見直していくという考えでございます。
ですので現時点でご指摘のあったような目標というのは設定する考えはございませんけども、やはりあの教員の皆さんがやりがいを持って働ける環境、いろんな考え方アプローチがあると思いますのでそういったことを義区の実情に即しながら考えていきたいというふうに思っております。
以上でございます。
委員長須田市長石堂市長はい。
私からは性教育における歯どめ規定の件につきましてまた命の安全教育につきましてお答えさせていただきたいというふうに思います。
まず性教育いわゆる包括的性教育についてでございます。
性教育につきましてはですね学習指導要領に沿って小学校の体育課の保健領域中学校の保健課の体育課において実施されているものと認識しております。
包括的性教育につきましては例えばLGBTQなどの問題につきましてはですね、人権教育の全体計画を通して各校の全体計画に沿って指導をしているところということでございます。
議員ご指摘のですね、いわゆるその成功避妊中絶などについての歯どめ規定のところでございますが、こちらのを含む包括的性教育につきましては自動政党や地域の実態に沿って指導することとなっておりまして、そういった意味で他地区の事例参考にはいたしますがそのまま本区に転用するかどうかということについては慎重に検討が必要なのかなというふうに考えております。
実際にですね、性教育の手引きを、を基にですね、維持を招聘しての歯どめ規定を外した形の性教育みたいなことを実践されている区市町村教育委員会が協賛としてやっている部分みたいなところは、ございますのでそういったところにつきましては指導主事等を派遣してですね。
研究を進めているところということでございます。
また、命の安全教育につきましてはですねこれも発達段階に応じて指導することとなっていることと認識しております。
例えばですね、水泳の授業の頃にプライベートゾーンをですね指導するというようなところで、あの水着で隠れるようなところは人に見せたりとか触らせたりとかそうするものではないですよというような指導をですね、低学年の頃から行っていくということでそういったその行事であったりとか、他教科等の領域に合わせながら、発達段階に応じて指導していくところというふうに考えております私からは以上でございます。
委員長奥梨衣この性教育の問題でいうと歯どめ規定っていうのがあるある。
規定がある一方で、保健体育の性感染症の予防というところでは、近藤も正しく使用することが有効だと教えることになっているということです。
近藤もが避妊具であることや、正しい使用方法がわからないということも実際あるということですし、妊娠に至る過程である成功について一切教えたい性感染症や性暴力から守るというようなことを示したとしても、何て言うんすかね。
このわからないっていうんですかね。
理解ができないということになるというふうに思います。
そういうやり方は大変非科学的だしもっと包括的な性教育体や生殖の仕組みだけじゃなくて、自分と他者の人権の問題とか、汗を大切にすることを通して、人間関係を学ぶこととか、そういうことをきちんとやっていくことが、今本当に急いて安泰何かをね、なくしていくためにも必要ではないかというふうに思います。
日本財団が行った18歳の意識調査では、調査した1717歳から19歳のうち、成功経験がある人が20、24%を借り、うち初めての成功が15歳以下っていうのが22%ということで年齢が低いことを、避妊がされずに、望まない妊娠も少なくないというような現状が調査でわかってます。
学校の性教育で避妊方法を具体的に知りたかったという声も6割に上っているということです。
なので歯どめ規定を廃止して、学校で包括的な性教育を実施していくことが必要だというふうに考えますけれども、もう一度ご見解を伺いたいというふうに思います。
委員長。",2025/12/09,区民文教
室長指導室長,"はい、ハード面規定を外してというようなことでございますけれどもやはり公立の学校教育におきましてはですね、学習指導要領これは法律でございますので、学習指導要領に準拠した形で沿ってしていくものというふうに認識しております。
先ほども申し上げましたが包括的性教育につきましてはやはり地域児童生徒の実態に応じてというようなところがございますのでそういったところをしっかり注視をして、やっていきたいというふうに思っております。
以上でございます。
委員長　小栗委員地域の実情に応じてということですけれども、そういう包括的な性教育というものが、私は中央区でも求められてると思いますし、異年齢に即した科学的なそういう教育の包括的性教育の導入をきちんと進めて、行っていただくようを要望して終わります。
ありがとうございました。
大栗委員は副委員長　席へお戻りください。
議題1、区民生活および教育行政の調査について継続審査ということでよろしいでしょうか？さよう取り扱わさせていただきます。
次に、議題2請願第6号リリーフ存続を求める請願の審査について質疑のある方はいらっしゃいますでしょうか。
継続審査ということでよろしいでしょうか？さよう取り扱わさせていただきます。
以上をもって区民文教委員会を閉会といたします。
お疲れ様でございました。
決めてずっとマーケティングいろんな音が入るのに分析声というより、何だろう。
右駄目だ。",2025/12/09,区民文教
町環境土木部長環境土木部長,"はい、私から資料のご報告をさせていただきます。
説明の方につきましては座って説明をさせていただきます。
それでは資料1放置自転車対策の強化についてをご覧ください。
令和6年に策定をいたしました中央区自転車活用率活用推進計画に基づきまして、駐輪場の利便性の向上と、放置自転車の取り締まりなど取り締まり強化などの対策を実施することで更なる放置自転車の削減と快適な歩行環境の確保に努めてまいります。
具体的には1の放置自転車対策に記載の通り以下の3点について対策を実施してまいります。
1点目は括弧1のクリック駐輪場の定期利用の要件緩和でございます。
区立駐輪場は中央区自転車の放置防止に関する条例施行規則第11条に、定期利用ができる者の要件として、最寄り駅からの距離をおおむね300mと規定しておりますが、この要件を緩和し駐輪場の利便性と利用率の向上を図ってまいります。
対象とする駐輪場は勝どき駅、月島駅浜町公園および築地市場駅の各地下駐輪場とし、定期利用に一定程度の空きがある場合といたします。
2点目は括弧2の注意札取り付け期間の短縮でございます。
中央区放置放置自転車処理要綱を第3条で規定しております注意札のお取り付け期間を3日間から1日に短縮するとともに、立て看板を併用することで常習的に放置される自転車や著しく交通支障となる。
自転車等への取り締まりの強化を図ってまいります。
なお、当面の間は銀座地区で試行的に実施し、その効果を検証することといたします。
恐れ入りますが2ページをご覧ください。
3点目は括弧3の勝どき駅放置禁止区域の追加指定でございます。
これまでも中央区自転車の放置防止に関する条例第9条に基づきまして、自転車の放置禁止区域を指定し、区域内の放置自転車につきましては、警告の上即日に撤去を実施しておりますが、活動期駅放置禁止区域に隣接して、勝どき4丁目に隣接の駐輪場が開設したことを機に、右側の図オレンジ色の区域を新たに自転車放置禁止区域に指定をいたします。
2の今後のスケジュールでございます。
本日ご報告した後事前周知といたしまして区のホームページやアークのお知らせに掲載する他、現地看板チラシなどでお知らせ等を行い来年4月いっぴから各取り組みを実施する予定でございます。
資料の説明およびご報告につきましては以上でございます。
ありがとうございました。
発言の持ち時間制につきましては、既にご承知の通りですので、よろしくお願いいたします。
只見ただいまの時刻は午後1時34分です。
自民党さん。
89分かがやき中央さん43分公明党さん。
43分深い破産10分04310分となります。
なお、持ち時間にはこの後の議題である請願審査の時間も含まれます。
それでは理事者報告に対する質疑に入ります。
ご発言をお願いします。",2025/12/10,環境建設
塚田委員,"はい、私から報告について質問させていただきます。
ですね。
高知自転車1-2でございます注意札取り付け期間の短縮についてお尋ねいたします。
2種類の注意札を使ってですね、放置6日目に撤去される現行の期間でございます。
これを8日に短縮するという改正案でございますけれども時々やはり町井歩いてますと普段のついた自転車を見かけるわけでございますけれども、やはりあんまりかっこいいもんじゃないですねやっぱりあの街の美観として、それから実際に歩く方自転車ごとにも迷惑がかかるということでこの短縮期間というのは非常にいいんではないかなと思います。
内容についてはここにも報告されておりますけれども、ここに短縮に至るプロセスをもう少し詳しくお知らせいただければという思いでございます。
それともう1点これまでにこういった6日間を経て、撤去された自転車ですけれどもそれぞれ持ち主が近くの方では、本区中央区にお住まいの方であるとか、あるいはそうでないのか、あるいは遠隔地から結構怒られてるとか、それから盗難であるとかないのか。
そして整備をされているとか、何かそういった属性みたいなものを撤去された自転車においてですね。
何かあればお知らせいただければと思います。
委員長。",2025/12/10,環境建設
交通課長交通課長,"はい。
放置自転車対策についてでございます。
初めにですね注意札取付期間の短縮、今回このお取り組みを行うに至った経緯、これをまずご説明させていただきます。
やはりですね放置自転車対策、これまでも、注意札警告札そういったものを貼り付けながら、最終的には撤去を行うと、そういったところで利用者の方々に放置自転車は駄目ですよということを警告してきたところでございます。
ただ、一方でですね、やはり放置自転車に注意札を貼っても、その後3日間、注意札がついたままですと、やはり日常的に高知電車に乗られてる方はすぐに札を剥がしてしまうと、そうしますと、やはり繰り返し繰り返し放置自転車が発生すると、そういったことがございました。
そういった状況をですねやはり区民の方からいろいろとですね、なるべく早く提供してほしいと、そういうお声日頃からですね多くいただいているというところがこれまでの現状でございました。
そういった中で、どういった対策ができるのか、そのあたりをこれまで検討した中で元々のその3日間をもうちょっと短縮することができるのではないか。
そうすることによって、やはり放置自転車に対するその抑止効果が出るんではないかと、そういったところを検討してまいりました。
今回ですねこの取り組みを実施するにあたりまして、やはり中央区内全域で始めてしまうと、そもそものこの3日間から1日に退職したことに対するその効果であったり、またですね、やはり取り締まりを強化し過ぎますと、今度自転車の持つ本来の持つその移動を利便性というものが若干損なわれる可能性もあるということも考えまして、まずはですね、これまで放置自転車に関して、地元として地域として特に活動されていた銀座地区、こういったところでまずは市試験的に施行して、その効果を検証しながら今後どのように拡大していくのか、この取り組みはどうなのか、そういったところをしっかりと検証していきたいというふうに考えているところでございます。
また、あと撤去の自転車のその属性という部分なんですけども、やはり撤去される自転車の多くはですね、区民の方、多いと思います。
ただ、それと合わせてやっぱり久貝の方々も多くいらっしゃいます。
実際にその割合というものはどうなってるのかっていうところです。
申し訳ありません。
ちょっと分析できてないところはあるんですが、やはりいろんな方が中央区内に来て自転車を置いていってしまうと、そういったところもあります。
さらにはですね、やはり盗難された自転車こういったものもございます。
このあたりはですね、防犯番号、防犯登録番号を確認して、それぞれ警察に照会をかけて、どこにお住まいの方なのかまたまたですね、盗難届が出ているのか、そういったものを確認した後新たな自転車が撤去されてますよとそういったお知らせをこれまでもやっています。
また、引き続きですね、そういった撤去活動も行いながら放置自転車の削減に努めてまいりたいというふうに考えてございます。
以上でございます。",2025/12/10,環境建設
塚田委員,"はい、ありがとうございます。
そうですね無かしいに比べると、やはり住宅事情が変わって、たこ等が大きいと思いますけれども例えばお店もう昔は例えば月島地区であれば10名かあみたいにそれぞれ魚屋さんに行く予想や八百屋さんなんかあってそこ長時間自転車をとめることもそんなになかったかと思うんですけどやはり住宅事情が変わってそして商業施設のですね、例えばスーパー大型スーパーで、そこで滞在される時間も昔に比べるとだいぶ長いものになるだろうなと当然買われる時間というのは大体夕食の前であるとか、一定の時間に非常に多く集まる傾向があるでしょう。
そういう意味では、やはりCheeky地域での差もございますけれども、やはり現状を鑑みますといろいろやはり先ほどおっしゃられた自転車の軽快さ乗って、どこで求められるというのも、ある意味自転車の美点の一つであるんですけどもやはりこれだけ集中してしまう。
そしてやはり歩行者、自転車の皆さんに通行の妨げになったり、しますもので、やはり更なる一定の不思議もあるとは言いませんけど建物をあるとかないとかございますけれども、一定自転車に対する駐輪に対するですねもう少し踏み込んだルールなども少し必要になってくるのかなという思いでございます。
そして試験として試験的に銀座地区に導入される許可ですかね。
されるということなんで、これがどういう結果になるのかちょっと見見たいところでございます。
そういう意味ではやはりより良い歩きやすくそして自転車も通行しやすい。
こういった環境になるようにですね、なればと思っております。
そうですね市野さんにもございます。
勝どき駅の周辺もだいぶ環境が変わりました今回新たに駐輪禁止になるエリアもですね、以下に自転車を置くのもやっぱりそういう道の環境に乗っておりますね。
やはりここに停めるとやっぱり不自然だよねというような感じでございます。
これも大変いい。
いい内容ではないかと思います。
そういう意味では今後もですね、歩きやすく、自転車の通行しやすい環境になるようにぜひとも注意していただいて、こういった内容を進めていただければと考えておりますどうぞよろしくお願いいたします。
次の質問者のご発言をお願いします。
委員長　角屋委員理事者報告資料1の放置自転車対策の強化についてで質問したいと思います。
今回中央区自転車活用推進計画に基づき、駐輪場の利便性向上や放置自転車の取り締まり強化を行うことによって自転車の削減を図り、快適な歩行環境を確保すると先ほども議論の中で出ておりましたが、やはり私はこの自転車の利便性の配慮、この辺についても最大限に配慮して、進めていくことも肝要かなというふうに思っております。
私の方からは、一番の方ですね。
区立駐輪場の定期利用の要件緩和っていうところから質問をしたいんです要件緩和ということで、最寄り駅から概ね直線距離で300m以上離れるということで、私も過去ですね駐輪場が有料化されるときにいろいろな方から有料化に対しての反対のご意見等々もいただき、またこの300m以内の方がいつも通ってるということで夫婦便になるということも過去にお聞きしてですね、今回そこが少し緩和される。
300m以内でもOKということで、特にこの空いているっていうところが前提になってくるのかなというふうに思っております。
そ、その点については重要なことではないかなとそこが今回のりイベント利便性の配慮っていうふうに大きく私も捉えております。
まず一点目に、過去からこの放置自転車この検証っていうんですかね人口が増えているので、抑制押しているとは思うんですけれども、過去からこの放置自転車数値ですかね。
どのように肌感覚でも結構ですのでどのように思われているのか。
また、今回の抑制効果ですかね。
どのように効果を見込んでいるか、この2点をまず教えていただきたいと思います。
委員長。",2025/12/10,環境建設
交通課長交通課長,"はい。
まず初めに放置自転車の過去からの変化という部分なんですけども、申し訳ありません昔からのその数字というよりも、やはり今ですね、放置自転車の傾向が変わってきているのかなと元々はやはり駅前を中心に放置自転車が多かったという状況からやはり街が変化する中でどちらかというと町中の生活利便衛生生活利便施設例えばスーパーマーケットであったり、ドラッグストア、そういったところの周辺に今放置自転車が多く増えているというところで、大きくですねその放置自転車のあり方というものも変化してきてるのかなというふうに考えたことがあります。
今回ですね今委員からお話ありましたその定期利用の要件緩和のところで言いますと、やはりですね地元の方々からもですね、多く300m未満のところでも、やはりちょっとした移動でも駅までどうしても自転車を使って通勤通学をしたいんだよとそういったお声というのはこれまでも多く寄せられてきておりました一方でですね、地下の駐輪場については、やはり利用率がそれほど多くなく、まだ空いてるスペースもございましたので、そういったところをしっかりと有効活用しなければいけないとそういった点もございました。
そういった地元の声、また利用率を上げたいという部分、そういったところを踏まえて今回定期利用の要件の緩和を行うというところに至っております。
こうすることによりましてこれまで例えば300m未満の方が駅前にポンと自転車を置いて行かれた方でも、定期利用としてお申し込みいただくことができますので、そういった方についての放置自転車というものは減少するというふうに考えてございます以上でございます。
委員長　、清宮委員不ご答弁ありがとうございます。
今過去から放置自転車の減少してるかっていう質問しましたけども、その内容的に変わってきてるっていうちょっとお話をいただきました。
比較ができないっていうことだと思います。
駅前から便利施設スーパーとか薬局とかですねそういったところに置いているっていうのは確かにお時間にですね、あの自転車がたくさんスーパーの前に置いてあったりとかまたそのスーパーが自転車は自転車置き場にしてくださいとかっていうそういった取り組みなんかもされてるっていうことはすごくあの取り組みとして区の取り組みとしてもあるのかなというふうに認識した。
ところでございます。
あともう一点なんですけども、放置自転車強化っていうところの中で、この放置自転車強化として、このコミュニティサイクルの周知設置の拡大についてのお考え等ありましたらお願いいたします。
はい。
委員長。",2025/12/10,環境建設
交通課長交通課長,"はい。
コミュニティサイクルについてでございますす。
さいごめんなさい。
令和6年6年に策定しました自転車活用推進計画、この中でもこの計画に基づきましてそれぞれ自転車の安全利用であったり、また駐輪場であったり自転車通行空間を使う作る自転車の環境を整備するということそして3点目として自転車の利便性向上を図るという部分、こういったところに取り組んでいくというふうに計画の方で定めております。
ちょっとその3点目のその自転車の利便性の向上の部分では、やはりコミュニティサイクル、こういったものをもっともっと普及啓発し、普及していく、そういったことが必要かというふうに考えてございます。
これまでもですね、区の方では、ドコモバイクシェアの方としっかり連携しまして、ポートの拡大であったり、またコミュニティサイクルの周知ですね。
こういったものに取り組んできております。
ただ、一方でやはりまだまだですね、コミュニティサイクルのポートが足らない部分もあるかということは区としても認識しておりますので、そういった部分を何か有効なスペースで作ることができないとか、この辺りは今後もですね、事業者の方としっかりと連携を取りながら進めていきたいというふうに考えてございます。
以上でございます。
委員長　、角屋委員ご答弁ありがとうございました放置自転車対策、本区としてもしっかりと次の手を打っていくということで、また新しい取り組みもしていくということで、本当にあの自転車の利便性の配慮というと、私は本当に考えていただいてるんだなというふうに思っておりますので、また見守っていきたいというふうに思っておりますので、よろしくお願いいたします。
以上です。
では次の質問者の発言を願います。",2025/12/10,環境建設
上田委員,"はい。
私からも報告から1点お伺いをさせていただきます1の括弧2ですね細かいんですが注意札のデザインのところについて伺います。
チームだ。
ただ、貼るだけではなくですねそこに例えば今全員からもありましたシェアサイクル等への誘導あるいは近くの駐輪場の案内等を設置するべきだと思うんですがそのあたり今どのような状況でしょうか？委員長。",2025/12/10,環境建設
交通課長交通課長,"はい、放置自転車対策の中におけるその注意札のデザインについてでございます。
こちら注意札につきましては、基本的な注意札は黄色い注意勧告するようなそういった不断になっておりまして、それとあわせて、今例えば銀座地区で注意札を貼る際は、地下最寄りの近くの駐輪場がどこにありますよということをお知らせしたり、その地域地域に応じた札というものも追加であるとかそういったことも工夫しながら、現在行っているところでございます。
以上でございます。",2025/12/10,環境建設
議長上田委員,"はい、ありがとうございますということは多分近くの駐輪場の話はあって、シェアサイクルとは特にないという理解です。
やっぱりコミュニティサイクルの先ほどの発言にもありましたが周知の話だったりを考えたときにやっぱり自転車の価値をいかに損なわずに景観に繋げていくつまり時流を口だけでやるのではなくてやっぱり大体ぜひですね示すような形で駐輪場対策というのを進めていただければと思っております。
以上です。
ありがとうございます。
次の質問者の発言を願います。
株あたりはい川畑でございます本日もよろしくお願いいたします。
全員の証と少しかぶるところもあるんですけれども、放置自転車対策ということにつきまして若干、お聞きしたいと思います。
まずブロックでですね、大体年間放置による撤去台数っていうのは、どのぐらいあるのかもしわかればでいいんですけれども教えていただければと思いますが、委員長。",2025/12/10,環境建設
交通課長交通課長,"はい。
放置自転車の撤去台数についてでございます令和6年度の数字になるんですけども、区内全体で約2700台ほど撤去してございます。
以上でございます。
パワーたり、ありがとうございます2700台ということでかなりの台数だなとは思いますこれはあれですよねシェアサイクルの放置というのはおそらくないと考えてよろしいんですね事業者に連絡入れて、撤去させるということでシェアサイクルの墓地はないという状況でございますか。
委員長。",2025/12/10,環境建設
交通課長交通課長,"はい。
シェアサイクルの放置に関してシェアサイクルもですね、様々な事業者がございますので、一概にちょっと言い切れない部分があるんですけども、我々と連携してます部分に関しては、そのシェアサイクルの事業者の方に連絡をしまして、そこからの利用者の方にお問い合わせをさらに連絡をしてもらうとか、そういった取り組みをしているところでございます。
以上でございます。",2025/12/10,環境建設
川田委員,"ありがとうございます。
本当に自転車の利便性私もユーザーなんですけれども、非常に利便性が高くてですね特にこの本区の場合ですと、大変コンパクトな本区の状況でございますので非常に移動するのに自転車を活用しがいがあるというところがありまして区民の多くの皆さん活用されてると思うんですよね。
本当に本区の対応として、一時利用定期利用を含めて駐輪場を適宜整備をしているという状況だと思うんですけども本当にあの便利に使い勝手よく使わせていただいております。
で、区民の方々も非常に好評な評価をいただいておりますその点に関しましてですね。
ただ、何点かちょっと気になる点がありまして今回の放置自転車対策で、注意札が1日、警告ブザーが2日ということで短縮ということなんですけれどもちょっと短いかなというような思いもしておりましてですねかなり抑止的な効果を狙ってというところでおそらく今回検討されてるんだと思うんですけどもそのあたり例えばですねこれこのサイクル期間を短くすることによるそのコストの増加っていうことも当然考えなければならないと思うんですよね。
そのあたりの市シルバー人材センターさん頼むのかどうかわからないんですけれども若干のコスト増、そのあたりのことは少し来年度予算とかそういったところで見ていくのかどうかっていうのをちょっとお聞かせ願えればと思いますけど委員長。",2025/12/10,環境建設
交通課長交通課長,"はい。
今回注意札の取り付けた期間の短縮に関してなんですけども、やはり期間を短縮することに対して様々なご意見があると思います。
やはり放置自転車をすごく困るというお声の方については、この取り組みありがたいというお答えをここでもある一方で、やはり自転車を日常的に使ってやはり路上に勤めている方にとってはちょっと短すぎるんではないかそういう声もあるかと思います。
ですので今回はあくまで地域が一丸となって中電車を対策をしている銀座地区をまずは試験的に施工的にやっていこうというふうに考えているところでございます。
また、今回取り組みを強化することによるコストの部分なんですけど、現在ですねその辺りは来年度の予算に向けて、コストについては精査しているところでございます。
以上でございます。",2025/12/10,環境建設
川田委員,"ありがとうございます。
非常に取り組みとしては、前向きな校区内の歩行者対策といいますか歩行の安全の確保にも繋がりますし、実は私も昨年からちょっとご相談をさせていただいてバイクの方地位が繰り返し繰り返しやっぱりあの保守の方ってその繰り返しその場所におそらく何らかの通勤なのか何かわかんないんですけども、理由で何度もやられると札を払うとまた剥がして、また止めるということを繰り返す方ってやっぱりいらっしゃってですね本当に近隣の方は大変迷惑をされてるということをご相談を受けたっていいもしましたので今回も今この措置この今回の放置自転車対策をより進化した対策ですね。
ぜひとも区内の歩行者の歩行の安全の確保、障害を持ってる方ですとか、車椅子の方の過去に安全対策を伝えていただければと思いますので、よろしくお願い申し上げます。
委員長　は移籍青木委員それでは、私からも理事者報告から法人自転車対策の強化についてお尋ねしてまいります。
まずちょっと基本に戻りまして、この300mルールと私は呼んでるんですが、この300mルールというものがなぜできたか。
ていうところをちょっと確認させてください。
委員長。",2025/12/10,環境建設
交通課長交通課長,"はい。
300mのそのそもそもの出来た経緯というところでございます。
やはり在庫そもそもできた理由としてはそれぞれ作ってる駐輪場がまず駅前の放置自転車対策というふうにのために作られたというような経緯がございますその中で、やはり駅前からある程度離れた方々が通勤通学で、その駅を利用するためにその駐輪場を使うというところで、どちらかというと近くの方についてはどちらかというと法で来ていただいて、なるべく駐輪場を遠くの方に使っていただこうとか、そういった経緯があるかというふうに考えてございます。
以上でございます。",2025/12/10,環境建設
青木委員,"はい。
確認させていただきました私も覚えております。
つまり300m例えばですね月島清澄通りですと、月島駅からちょうど月島区民センターの辺りまでが300mあります、ありますと言って本当に歩ける範囲ですね。
そのときにただこの300mルールによって止められない。
駐輪場が定期利用できないということについて、二つ要望がありまして本当に本当にその300mを1分でも早く行くために、自転車で来たいという方と、当時は駐輪場代わりの利用をしないようにという意味があったとどちらかというとそちらの意味が大きかった。
ということですよね今答弁がございましたが、ただし、火が作ってみると、地下ですし、それほど便利でもないので、空いているなら使おうということなのでつまりこれは300m以内のマンションの方もはっきり言って駐輪場代わりに使ってもいいですよと理解してもよろしいでしょうか？そういう要望も多いんです。
お願いします。
委員長。",2025/12/10,環境建設
交通課長交通課長,"はい。
今のその300m未満の例えばマンションの駐輪場の代わりに使っていいのかと、そういったご質問かと思います。
今回はあくまでその駐輪場を使うL型については、その当該の駅を使って例えば通勤される通学される、そういった方が定期利用の要件となっております。
そのためそういった通勤通学の利用でない他の方についてはその駐輪場て企業をお申し込みいただくことはできませんので、そういう意味では駐輪場かを自分たちのマンションの駐輪場代わりに使うということはできないというふうに考えております。
やはりですね駐輪場、各おうちのですね駐輪場に関しては、それぞれの敷地の中で、例えばマンションであればマンションの中で確保してもらう。
それが大原則かというふうに考えてございます。
以上でございます。
青木委員それはよくわかるんですがあそこ高層マンションではなく11階建てぐらいのマンションがずらっと並んでいて、意外と駐輪場がつくないお子さんが小さいときに入居して、最初は1台ですだのがお子さんが大きくなって、4人分必要になったとかだんだん必要になってくるわけですよね。
開いてるっていうよりも月島の地下の駐輪場はかなり空いてますので私はここ、これを読んで、地下駐輪場や駐輪場代わりに使ってもいいんだろうなと。
これはすごい山だなと理解したんですが駄目です。
委員長。",2025/12/10,環境建設
交通課長,,2025/12/10,環境建設
交通課長,"はい。
今回その要件の緩和をする部分でおきましては、特にですねマンションの駐輪場替わりで使えるように要件を変えるという考えではございません。
ただ、ですね一方でやはり民間の建物の中で駐輪場をしっかり使っ作っていただくそれは非常に重要だというふうに考えております。
この取り組みとは別にですね、現在民間の建て替えの際に、その駐輪場をしっかり作ってもらうために区としてもですね、そういった駐輪場の整備のガイドラインこういったものも今年度検討しているところでございます。
なので、そういったガイドラインに沿って今後建て替えする際大規模な改修をされる前際にしっかりと駐輪場を作ってもらえるようにな取り組みを行ったものも併せて今後考えていきたいというふうに考えてございます。
以上でございます。
青木委員あえてお聞きしますが、これが駐輪場代わりに使っているか、あるいは定期利用で通勤のために使っているか。
わかります。
わかるんでしょうか？委員長。",2025/12/10,環境建設
交通課長交通課長,"はい。
駐輪場のお申し込みの際に、痛覚先はどこですか。
通勤先はどこですか。
そのあたりをしっかり書いていただいておりますので、そういった中でしっかりと審査をして、おります。
以上でございます。
青木委員わかりました。
ありがとうございました。
そうです。
では、強化の方ですね。
注意2それから警告札ということで、木を強化する。
これは大変大事だと思います。
いくつか疑問がありまして先ほど議員からもあり、質問がありましたが、やはりあの今、まず変換手数料これが3000円ですが、実際に一時的にせよ今の銀座のみの社会的実験のようなものですので、この変換手数料3000円のの中でどうかということと、やはり頻繁にチェックをするということで、人件費も上がりますしかかりますし、燃料費ももちろんかかると車も必要になるということで、どれくらいこれ先ほど予算予測に向けてというお話もありましたが、当然コスト増というのは計算に入れた中で、この変換手数料も大体で結構ですので、私はもっと上げた方が罰の意味も込めますペナルティの意味も含めましてあげてもいいんじゃないかと思うんですが、どれくらいを考えていらっしゃる。
委員長。",2025/12/10,環境建設
交通課長交通課長,"はい。
ご自転車の変換手数料についてでございます。
今委員からご案内ありました通り、現在3000円のを1台につきですね3000円の返還手数料というものをいただいてございます。
今回ですね、このお取引取り付け注意札の取り付け期間の短縮を行った後もですね、そのあたりの変換手数料については特にですね変更する予定は今のところございません。
やはりさん他の区の状況も見ながらそういった手数料については日々確認していきたいというふうに考えております。
以上でございます。
青木委員わかりました。
再度申し上げますが、もうちょっと上げてもいいかなと思います。
先ほど2400台です。
1年間にあの台数も出ておりましたがペナルティの2700台ね。
失礼しました。
いいかなと思いました予測で数値出てくると思いますので会社でもよく考えたいと思います。
それからですね。
先ほどシルバー人材センターの話も出ましたが、今見回っていらっしゃる方がアイオワ州は人材センターの方じゃない、ないんですね。
見回りの方は今、どなたがやってらっしゃるかということと、何て言うんでしょう。
現行版逮捕って逮捕じゃないですけれどもね、現行犯のときはどういう注意を。
注意はってできるんでしょうか？委員長。",2025/12/10,環境建設
交通課長,,2025/12/10,環境建設
交通課長,"。
はい。
放置自転車対策につきましては様々な委託を出しております。
その中で委託先については民間の業者の方に委託をしておりまして、大きく2種類ほどの発注をしております。
一つが、放置放置されてる自転車に対して注意札を貼ったり、警告札を貼る、さらには撤去するというところさらにはもう一点がですね、放置自転車をしようとする方々に対して口頭で警告してここは止められませんよと、そういった委託も多くの方では出しております。
そういったようにですね様々な角度から放置自転車の防止というものを図っているところでございます。
以上でございます。
青木委員わかりました。
口頭警告ですね大変今の時代、難しいと思うんですがが、具体業者名は出さなくて結構ですのでどういう方がどういう形で警告を行っている。
でしょうか？医委員長。",2025/12/10,環境建設
交通課長交通課長,"はい、そういった口頭警告につきましては一般の民間の委託会社の方なんですけどもそういった方々が本当に止めようとする際に、ここは放置例えば放置禁止区域ですよと。
ですので、駐輪場についてはあちらにあるのでそちらをご利用くださいとかそういったお声掛けを日々させていただいているところでございます。
以上でございます。
青木委員すいませんちょっと話がずれてきたかもしれませんがちょっとこれ最後の質問です。
先月ちょっとご相談を受けまして、ここは止めちゃ駄目ですよって注意をしたら、名札をつけていたので、名札を今ね、皆さんすぐスマホを出すので、名札を取られてお前はなんだかんだ。
手を出さないんですけれども、スマホでいろいろ取られて、それがすごく怖かったっていう。
私もそれは怖いだろうなってそのビデオがどう捉えるかわからないですし、カスタマーハラスメント中央区でも条例できましたけれども、それが当てはまりにしても取られるということがもう事実だったわけですからその辺を私はちょっと危惧をしてるんですけれどもね今までは本当に強くて、皆さんお上品で、これ言っちゃいけないことですかね。
今までは問題なく過ごせたようなことでも、どこで問題が起きるかわからないというところも、これからはいろいろ準備をしていく。
必要があるなと自分で思っておりました。
何かご意見があれば教えあればアドバイスであれば教えてください。
委員長。",2025/12/10,環境建設
交通課長交通課長,"はい。
やはりですね例えば口頭注意した際にその止めようとしている方々が、やはりなぜ止められないんだ、そういうお声も多々あります。
実際に現場だけではなくて、区の方にも直接なんで止めさせてもらえないんだ道路上にそういったお声もあることは事実ですので、ただそこに関してはやはり、なぜ止められないんだってことをしっかりと微妙説明してご納得いただけるように取り組んでいきたいと思っておりますし、カスタマーハラスメントのようなこともあるってもそのあたりは毅然とした態度で取り組んでいきたいというふうに考えてございます。
以上でございます。
青木委員毅然とした態度中様ですね。
ありがとうございました以上です。
それでは青木委員は副副委員長　席へお戻りください。
それでは議題環境保全および建設行政の調査について質問者の発言を願います。",2025/12/10,環境建設
角屋委員,"はい。
委員長　よろしくお願いしますはい。
すいません。
議題として私BPはですね、主なリユース活動の取り組みについてお聞かせいただきたいと考えております。
廃棄ではなく、リユースするという選択肢が音楽でも増えております。
ゴミの排出量の削減にも繋がっているというふうに認識しております。
結果の廃棄物という雑誌の中で、次もPスポット今年の上半期でゴミの削減量が1600t突破ということが記載されておりました。
株式会社美ボディーは官民連携の不用品リユース拠点、地元Tスポットで2025年上半期にリユースされた不用品の送料ゴミの削減量が全店で約1600点1600tに達したという同社は上半期だけで1600t1600tというゴミ削減量は、ゴミ収集車で約800台分の不用品が廃棄されることなく、地域内で新たな価値に生まれ変わったことを意味しているというふうにここの報道され、雑誌には書いてあります。
本部では標準副宇藤のリユース事業をリポートリサイクルハウス風車下期を行くおいくらなどの主な理由リユース活動の取り組みがあります。
本日は事務tをいくらの取り組みについて質問したいというふうに思います。
まずリボンT個人間での取引を希望する方、そしておいくら一度に複数のものを処分したい人を速やかな取り組みを希望するなど、そういった本区としても、ライフスタイルに合わせた取り組みをこの区民の方が選ぶことができる、そういった選択肢を御提示しているというふうに認識しております。
特においくらについては今年の8月からスタートした。
ていうところでもございます。
また、この地元についても、結構評判がいいというふうに聞いております。
それぞれ事務てよいくらのですね、この状況などわかりましたら教えていただきたいと思います。
また、どのぐらい削減できたとか、そういったこともあるとありがたいです。
お願いします。
委員長。",2025/12/10,環境建設
環境課長環境課長,"はい、おいくらと地元Tの取り組みに関してでございますけれどもまず地元Dの取り組みに関してですがこちらまず風車2施設と連携してるところに関しましては、令和5年3月、協定締結以降、八丁堀それから昨年の7月から箱崎町の方にも拡大をし、連携した取り組みさせていただいているところでございます。
概ね閲覧だったり利用というところに関しましては、横ばい傾向で一定の利用がされている状況かなというふうに考えているところでございます。
また、風車を経由しないで工賃でご登録をされてGMTを活用するそういった方もいらっしゃいますけれども区のホームページからも事務Tのホームページに飛んだ数ですね。
そういったところの実績を見ますと、令和5年度から6年度に関しましては、1.5倍ぐらいに増えたというところもございますので、引き続き周知を図りながら動向注視してまいりたいと考えているところでございます。
また、おいくらに関してでございますけれども、これ委員ご紹介ございました本年8月5日に協定を締結いたしまして、新たな連携としてスタートする。
ところでございます。
こちらも毎月実績をいただいてると事業者の方から実績を提供いただいているところでございますけれども、大体ですね末直近11月すいません。
10月2、ごめんなさい11月ですね11月の実績で申し上げますと、区のホームページを経由して査定依頼を行った数というのが実際に成立した数ではございませんけれども査定依頼をした数というところでことでは210件で40060品目、これは1ヶ月の実績として上がっているところでございまして、8月以降順次増えている状況がございますので、我々の期待していた家具家電を中心に利用が増えているかなというところで認識をしているところでございます。
実際それでどれぐらいゴミが削減できたかというところについては今後ですねやはり年間通してどうだったかというとこで見なければならないところでございますので今後集約する中でその効果を長期的に見極めてまいりたいと考えているところでございます。
以上でございます。
角屋委員ご丁寧にありがとうございます。
本当にそのまんま例えば転居するときにですねいらなきゃいらなくなったソファーとか大きな家電とかですね私は本当にいろんな方が中国から外に出る方がいてですね、これは使えないかっていうようなお話をいただいて、こういった中央区が行ってますっていうことも、なんかもうお知らせしたりとか、さしてはいただいております。
本当に特に若い方なんかは本当にスマートフォンとかでですねパチッと写真撮ってできるっていう、そう言って快適なところもすごくいいのではないかなというふうに思います。
本区の特徴としても、やはり他の自治体から中央区に入ってくる方、また出る方についても、かなりいらっしゃるというふうに認識しているところでございます。
そういった中で、この地元ピーヤをいくら取り組みっていうのはまた注視していきたいというふうに思っております。
前にもちょっと1回お話ししましたが、このおいくらのについてのトラブルっていうんですか。
多分ないのかもしれないんですけどもその点と、今後のこの啓発活動についてのお考えについてわかりましたら教えていただきたいと思います。
委員長。",2025/12/10,環境建設
環境課長環境課長,"はい、まずいくら活用に伴うトラブルというところでございますけれども、4個約4ヶ月運用してきたところでございますけれども、これまで苦情という形でいただいたものとはございません。
引き続き事業者とやり取りする中でですねそういったことがないかというのはしっかりと把握してまいりたいと考えております。
それと今後の啓発というところでございますが、我々も思った以上にいいスタートが切れたなとの利用が所からあったなというところで考えているところではございますが、やはりこれから年末年始の大掃除の時期、また引っ越し等に伴うですね、そういった時期も迎えてまいりますので、時期も捉えながら、周知を行っていければと思いますし、あとは風車事務てそれからいくらこういったリユースの選択肢がありますよといったことを周知するようなチラシの作成、そういったのも今取り組んでいるところでございますので様々な媒体を活用しながら、こういったのを知っていただいてリユースに繋げる取り組みに繋げてまいりたいと考えております。
以上でございます。
委員長。",2025/12/10,環境建設
角屋委員,"ありがとうございます。
廃棄でなく、リユースするという選択肢が増えてきて、リユースの大水深は使い捨てを減らして資源を循環させることで、ゴミの発生抑制と焼却焼却した後のですね、捨てるはいとかですね、そういった物の場所についての削減に繋がってくるのではないかなというふうに思っております。
また、これによりCO2のはい排出の抑制、環境負荷の軽減が期待でき、持続可能な社会形成に資する重要な取り組みというふうに考えております。
今後とも努力をお願い申し上げます質問は以上です。
ありがとうございます。
それでは次の質問者の発言を願います。",2025/12/10,環境建設
上田委員,"はい、私からは2点お伺いをさせていただきます。
1点目、晴海地域におけるまち作り特に安全性についてです。
現在晴海フラッグにおいていわゆる白タク問題が報道されるなど地域の安全性の確保というのは様々、既に議論されています。
こうした個別の事象への対応はもちろん必要ですが、より俯瞰的なまち作り全体の観点として区は現在の晴海地域の安全性確保をどのように捉えているのかその計画を確認させてください。
また、晴海地域全体を私自身も歩いていますと晴海トリトンスクエアが後ですねフラッグ側の回遊性の不足ということが少し気になります。
地域としての一体感や盛り上がりを醸成していくためにこの両エリアを繋ぐ更なる仕掛けが必要だと考えますが区のご見解をお聞かせください。
もう一点が浜町公園における安全対策についてお伺いをいたします。
2学期から日本橋中学校が浜町校舎へ移転したということに伴い交通公園周辺や園内の通行量というのは以前よりも増しているというふうに感じております。
そうした中、区民のお母様方からですね自転車に乗ったままスピードを緩めずスポーツセンターに向かって走る人が多くて危険だという切実なご相談をいただいております通学路とも重なるこのエリアにおいて、区として現在どのような安全対策を行っているか具体的にお示しください。
以上です。
委員長　まちづくり事業担当課長街作り事業担当課長私からは一点目の晴海の安全性や回遊性を含めたまち作りの考え方についてお答えさせていただきます。
地域の防犯面に係る対応につきましてはの所管で対応しているところですけれども、まち作り全体の計画としましては、東京都との中央区で策定しました晴海まち作りの考え方こちらの計画などですね上位といたしまして、それに基づき民間開発を進めてきたところでございます。
この町晴美町作りの考え方につきましては防犯の観点からの方針を掲げておりまして、例えば開発の際に敷地内ですけれども照明の設置また死角をつくらないようなそういう施設計画にしていただくといったようなその方針を示しておりまして区としましても地元のご意見もいただきながらまた地元事業者の協議も押しながらですね、安全安心なあのまちに寄与するよう協議をしてきております。
また、の回遊性でございますけれどもこちらは選手側の整備を契機として晴海全体のあの将来ビジョンというものを地元とともに策定をしております。
特に晴海の東西方向の中心地区としては幹線道路沿い、こちらには多様な都市機能を集積して、街区分断することなく逃げよう地区全体で作っていこうというような考え方また晴海の外周水辺につきましても歩行者ネットワークを形成すると、このようなことを掲げまして、民間開発の計画誘導のみならずですね、地域イベントの調整ですとか、さらには公共工事もですね着実にあの埠頭公園の整備もそうですけれども、そういったものが着実に進むよう東京都と調整を図ってきたところでございます。
晴美山トリトンが会派まず第1号ですけれどもそのTRITONの開発を始めとしてこれまでまち作り協議会の地域の方との意見交換などですね一つ一つやはり丁寧に行ってきておりますので引き続き今年ましても官民連携というところでまち作りを進めてまいりたいと思ってございます以上です。
議長道と緑の課長、水と緑の課長はい私から浜町公園内での自転車の安全対策といったところでお答えいたします。
委員おっしゃられた通りですね日本橋中学校の浜町校舎が2学期から開始されておりまして、浜町公園が今まで以上にですね、あの人であったり、お子様も含めて、利用が多くなっているのかなというふうに考えているところでございます。
公園全体のまず自転車利用というところで言いますと区立公園条例ですね、自転車の乗り入れは禁止しておりまして、浜町公園におきましても何かなんかは降りていただくというのが原則になっておりますので、現状はですね、こちらぐらいのサインを置きまして、それで周知をしたり、入口部分にフラワーポットを置いて自転車の方を降りていただくような安全対策で促しているところでございます。
また、ですねそういった日本橋中学校が新たに開放されたことによる浜町公園内でのトラブルとか、そういったものは今のところですね一見ございませんでして、教育委員会の方もですね、お子様にそういった公園内での利用をマジで安全利用というところを徹底していただいているようですので公園管理者と教育委員会とまたスポーツセンターでましたが特にスポーツセンターの利用者の方が乗り入れるというケースもあるようですので、スポーツセンター側の方にも同じく周知しておりまして、三者連携して自転車対応をしていきたいなというふうに考えているところでございます。
以上でございます。",2025/12/10,環境建設
都市整備部長都市整備部長,"1点目の晴海のまちづくりの安全性の部分でございますけれども、安全というところにつきましては様々な観点から、まち作りの中では取り組んでございます。
先ほど課長の方で答弁した防犯灯等の安全面だけではなくて、災害に対する防災に対する安全面だとか、あるいは高齢者だとか障害者の方々も歩きやすい歩行環境なりバリアフリーなり、そういった安全面だとか様々な観点から取り組んでございますので、そういった形でのまち作りというものに取り組んでいるところでございます。",2025/12/10,環境建設
上田委員,"はい、それぞれありがとうございます。
まず1点目のところですねご答弁いただいた内容は理解をいたしてつもりです。
今のこの計画は平成確か31ですか。
いずれもオリンピックを見据えたという形で計画が策定しているというふうに理解をしております。
今大会が終了して、観客でしたが、そして実際にまちびらきが行われていったというこの現状に踏まえてですね、私ども議員側にも様々特に晴海フラッグからご意見がよく私にも寄せられています。
横断歩道がもっと欲しいとか、照明は法的には問題ないけどもっと明るくしてほしいとか、逆に騒音がどうだとか様々くる中で、その計画全体のブラッシュアップあるいは見直しというものを区としてもですね、今一度図る時期に来てるのではないかなというふうに私は感じておりますその際は、民間主導という民間を中心にというところももちろんあろうかとは思いますがその公共空間の活用と、あとは晴海のみならず豊洲だったりとか区をさっき言ったですね、湾岸地域全体でのですね、人口増を織り込んだ形のまち作りの進化というものは考えていく必要があろうかと思います。
ぜひご検討いただければと思います。
もう一点目のですね狭間町公園の件につきましては対策をいろいろ行っていただいてるとありがとうございます。
ただ、これ報告が終わってないから大丈夫だろうという話ではないと思っていまして実は私自身もあの家が近いもんですからあの1週間ほど夕方の時間帯に拝見をしておりました私の、あくまでも定点観測1週間の結果ですが429台2名ですね。
うち8名ほどしかおりてないと、これ私の確認ですが割合すると1.49%いうことで非常に下りてない方が多いなというのが素直なところです。
だから何だという話で言うとですねやっぱりこの所管課としては取り組みはされていらっしゃると思いますが、やはり子供の件は事故が起こってから話をしても遅いと思っています。
警察との連携、通学路の分離、あるいは警備スタッフの常駐化など様々なことをですね全庁的に少し考えていただきたいということを要望いたしまして私からの質疑を終わります。
ありがとうございました。
次の質問者の発言を願います。",2025/12/10,環境建設
川畑委員,"はい。
私の方からはパークPFIの進捗状況についてちょっとご確認をさせていただきたいと思います。
本年6月30日、基本協定を事業者側と締結されたと思うんですけれども。
その後、ほぼ半年経過をしまして令和9年のオープンといいますか、これに開業されるということで、公園の再整備が完了するということですけれども、現状の進捗状況をちょっと教え願えないでしょうか？委員長　満尾緑の課長、水と緑の課長はい桜川公園のパークPFIの進捗状況でございます。
ホームページ等にもですね、周知して事業の透明性というかは図りまして。",2025/12/10,環境建設
今委員,"おっしゃられた通り令和9年度に全体オープンに向けて今事業動いているところでございます。
当委員会でもですね、随時報告させていただきまして、事業者の提案等をですね、報告させていただいているところでございます。
そんな中でですね地域、地元の方々が桜川公園を考えるつむぎ会というものをですね、事業者とともに形成しまして区事業者地域、地元町会、こういったところでですね。
せんだって事業者が公表した講演プランをですね、少しチューニングして、あの子いいとこ悪いとこ、もう少しこうした方がいいんじゃないかと地域が使う公園ですからより使いやすい今後使っていただく公園にするために、今そういった調整を図っているところでございます。
今年度中にですねその辺のご意見まとめて公園のを体系大きくは変わらないんですけれども、そういった部分がご報告できるかなというふうに考えているところでございます。
以上でございます。",2025/12/10,環境建設
川畑委員,"ありがとうございますちょっと令和9年の公園再整備完了し供用開始というスケジュールが提供されてご提示があったもんですから、ちょっと時間的にもうかなり実の残りの期間が、時間がちょっと短いかなと思いまして。
もしもう実施設計とかその辺りも入られているのであれば、委員会の方にもしっかりとご報告いただければと思っておりました。
私自身は公園の壁今回の高レベル3事業者として選定されましたけれども期待はしてるんですけれどもパークPFIの事業に関してはですね非常に懐疑的ではありましてなかなかその事業の実施が継続的にやっていただければいいんですけれどもそういった希望も的な観測も持っておりましてですね事業としてうまく継続していただきたいなというところと、それからあと公園利用者の非常に利便性の向上、あとはくつろぎの場としての公園これをさらに一層進めていただけるような、公園の改修工事であってほしいなというところが非常に強く思っております。
今回供用開始、大体これ時期的には令和9年というパック今年度内での開園ということを目指すことなんですけどどのぐらいを目途にしてらっしゃるかちょっと教えていただければと思うんですが緑の課長、水と緑の課長。
はい。
ご報告ですね。
令和7年4月の本委員会でもご報告している通り梅変わっておりませんが、令和9年度以降ということで、供用開始ですので、9年度をするか、その先入ってからかっていうところは、8年度工事をする予定ですので、また順次本委員会でもご報告差し上げるタイミングでしたいなというふうに考えてるとこでございます以上でございます。
カードありがとうございますご丁寧にありがとうございますではいろいろと少々、決まり次第またご報告いただければと思いますのでよろしくお願い申し上げます質問を終わります。
それでは、副委員長は隕石へお移りください。
青木委員それでは、議題としては1点だけお尋ねいたしますでも、大変重要な問題です。
私にとってはここ数週間で燃やすゴミの回収について何か進展がありましたら教えてください。
委員長。",2025/12/10,環境建設
中央清掃事務所長,"、中央清掃事務所長ここ1週間での燃やすゴミの進捗というところなんですけども今まで通りの収集をしておりまして、特にこれといってここをちょっと集中的に何かやってるとかっていうところはございません。
以上でございます。",2025/12/10,環境建設
青木委員,"私それはお答え私もずっと自分でも質問いたしましたのでその後も回ってるんですが新しいタイプのブルーネットと私は呼んでるんですがカラス余計あれで、昨日火曜日ですね、燃やすゴミの日だったんですが、ゴミが全部それで囲む生まれていまして、すごく感激してたんですが、あれはすごい変化だと思うんですがあの堂々とお答えいただければと思います。
そこまで一遍町中央清掃事務所長。",2025/12/10,環境建設
中央清掃事務所長,"、カラス余計の青いネットなんですけども確かにここのところ管理していただける方が多くなっておりまして、貸し出し数も増えているっていうところはございます。
貸し出すときに、当然ながら、かなり疲れないように何か置物を置いてくださいねとかってそういう指導をさしていただいてますので、その効果がちょうど月島地域に多くなってるのかなというような印象を持っているところでございます以上でございます。
以前ですと、多分2割ぐらいだったものが、ほぼ全部ですね。
ですから部分的にというよりも、町会とか連合町会単位で何か覚えてくださったのかなと思っていました。
それくらい全体が朝ブルーのネットで覆われていまして、当然一夢いませんでしたのでこれは本当に4年間ずっと言ってきて、変化がなかったものが、前回の一般質問は1週間ほどで、変わったのでそこについては本当になんて言えばいいんでしょう。
感謝いたします今後も続けて私の目標としてはあくまでも早朝回収まで持っていくということでこれは全く別のCANになりますけれども、ゴミの伊島からのゴミの回収ですね。
早い時間に回収をして、昼間はゴミがないという。
観光地としての中央区美化問題にも取り組んでいきたいと思いますがいずれにしてもどうもありがとうございました。
いつも終わります。
それでは副委員長　席にお戻りください。
議題環境保全および建設行政の調査については継続審査ということでよろしいでしょうか？さよう取り扱わさせていただきます。
次に、請願第8号日本橋室町1丁目地区市街地再開発事業に係る工藤配慮に関する請願の審査について質問者の発言をお願いします。
継続審査ということでよろしいでしょうか？採用取り扱いさせていただきます。
それでは環境建設委員会閉会をいたします。
ありがとう。",2025/12/10,環境建設
総務部長総務部長,"はい、それでは私からは、資料3から資料8までについてご説明させていただきます。
失礼いたします。
それでは資料3、令和8年第1回区議会定例会提出予定議案をご覧ください。
次期定例会に提出を予定しておりますのは、予算が7件次いで条例が次ページにわたって12件、契約が3件その他が1件、意見聴取が1件、そして報告が1件、さらに追加が予定される議案といたしまして、条例2件介護保険条例の一部を改正する条例および国民健康保険条例の一部を改正する条例並びにその他1件、東京都後期高齢者医療広域連合規約の一部を変更する規約となってございます。
それでは次ページにお移りいただきまして各議案の概要をご説明申し上げます。
初めに、令和8年度各会計予算でございます。
一般会計予算は1986億4975万5000円で、前年度に比べ359億2994万3000円22.1%の増となっています。
これは財政積立金の他、市街地再開発事業助成や総合スポーツセンターの改修の増などによるものです。
また、繰越明許費は、本庁舎の改修他13件、さらに次ページにお移りいただき、債務負担行為は、公衆浴場施設改善等資金融資の利子補給他22件を計上いたします。
特別区債は、教育債を計上いたします。
次に、国民健康保険事業会計予算は142億3150万2000円で、前年度に比べマイナス2億1778万1000円1.5%の減となっております。
これは保険給付費の減などによるものです。
続いて、次ページ介護保険事業会計予算は103億199万9000円で、前年度に比べ2億2380万2000円、2.2%の増となっております。
これは、保険給付費の増などによるものです。
次に、後期高齢者医療会計予算は42億9419万7000円で、前年度に比べ4億7511万8000円、12.4%の増となっています。
これは広域連合納付金の増などによるものです。
令和8年度予算については以上となりまして、続いて次のページ、令和77年度2月補正予算でございます。
まず、一般会計は、住民情報システムの標準化、ふるさと中央区応援寄附を活用した団体支援電線共同溝の整備、市街地再開発事業助成、住宅建築物耐震改修等支援事業および特別会計の繰出金について実績減などによる減額の他、職員の給与費を減額いたします。
一方で、区民の生活応援買物券の配布住民情報システムの運用、戸籍事務、生活保護総務費、各種基金への積立金を計上いたします。
この結果、一般会計では10億7481万2000円を減額するもので、補正後の予算額は1633億8253万1000円となります。
この他、繰越明許費として、住民情報システムの運用他10件を追加するとともに、1件を変更し、債務負担行為として、区民の生活応援買物券の配布、他1件を追加いたします。
次のページ、国民健康保険事業会計2月補正予算は、職員の給与費の減があるものの、令和6年度決算に基づく東京都などへの償還金の増などにより、1億6731万2000円を追加するもので、補正後の予算額は146億1659万5000円となります。
続いて、後期高齢者医療会計2月補正予算は、広域連合納付金の増などにより、2億9058万2000円を追加するもので、補正後の予算額は41億966万1000円となります。
次のページにお移りいただきまして続いて、条例案件となります。
1件目、行政手続き等における情報通信の技術の利用に関する条例の一部を改正する条例は、先ほど企画部長からご説明いたしました通りでございます。
次の公示送達のデジタル化に伴う関係条例の整備に関する条例からお進みいただきまして次のページ、中ほどの職員の給与に関する条例の一部を改正する条例までの各条例につきましては、後ほど別資料でご説明いたします。
次の事務手数料条例の一部を改正する条例につきましては、関係法令の一部改正により引用する関係法律の条項にずれが生じることに伴い、規定を整備するもので、本年5月1日から施行いたします。
次に、特定乳児等通園支援事業の運営の基準等に関する条例は、新規制定となります。
子供子育て支援法等の一部を改正する法律等の施行に伴いおめくりいただきまして、特定乳児等通園支援事業、いわゆるこども誰でも通園制度の利用定員に関する基準初回利用の際の面談の実施や、提供拒否の禁止など運営に関する基準事業者に対する過料等について定めるもので、本年4月1日から施行いたします。
なお、本条例の骨子を別紙2としてお付けしておりますので、後ほどご確認いただければと存じます。
次に、幼稚園教育職員の給与に関する条例の一部を改正する条例につきましては、後ほど別資料で触れさせていただきます。
次に、区立小学校および中学校の学校医、学校歯科医および学校薬剤師の公務災害補償に関する条例の一部を改正する条例は、都立学校の学校医等に準じて、1に記載した表の通り公務災害補償の補償基礎額を改定するとともに、次のページにわたって記載しております2の表の通り、介護補償の額を改定するもので、公布の日から施行し、1については令和7年4月にさかのぼって適用しについては令和7年8月に遡って適用いたします。
次に、区議会議員および区長の選挙における選挙運動の公費負担に関する条例の一部を改正する条例につきましては、後ほど別紙資料でご説明いたします。
条例案件は以上となりまして、続いて契約案件でございます。
築地児童館等の複合施設大規模改修工事、建築、機械設備、電気設備の各工事請負契約につきましては、制限付き一般競争入札を行った結果、それぞれ記載いたしました通り、契約金額および契約の相手方を決定し、仮契約を締結いたしました。
入札経過等につきましては、後ほど別添の資料をご参照いただければと存じます。
続いて、その他の案件財産の取得についてです。
区立桜川公園の再整備運営事業の用および公園内公衆便所の用に供するため、公募設置管理制度、いわゆるパークPFIにより、事業者が整備する特定公園施設について次のページに渡って記載の通り取得するものでございます。
詳細につきましては、別添で資料をお付けしておりますので、後ほどご参照いただければと存じます。
次に、意見聴取が1件、人権擁護委員の候補者の推薦についてでございます。
本年6月30日をもって任期満了となります。",2026/02/06,企画総務
小沢哲郎委員,"および高畠丸由貴委員につきまして、引き続き次期候補者として推薦させていただくとともに、退任となった委員の後任候補者として小村真理氏を新たに推薦させていただくものでございます。
最後に、報告が1件、損害賠償の額の決定に関する専決処分の報告については、おめくりいただき、5の事件の概要をご覧ください。
令和7年5月5日午前9時ごろ、中央区晴海5丁目3番4号において、区の清掃職員の運搬するコンテナが損害賠償の相手方が共同で管理する。
EV充電器端末に接触し、損傷させたもので6万9300円を賠償するものでございます。
資料3の説明は以上となりまして、次に資料4、公示送達のデジタル化についてでございます。
デジタル社会の形成を図るための規制改革を推進するためのデジタル社会形成基本法等の一部を改正する法律等の施行に伴いまして、行政手続き条例および特別区税条例の2条例に基づく公示送達のデジタル化をするもので、1内容に記載の表の変更後の通り、インターネットによる公表に加え、送達方法を現行の掲示板等における掲示または②区の事務所に設置したパソコン画面への表示のいずれかの措置を取ることとする他、規定を整備するもので、行政手続き条例の改正は、本年5月に1日から施行し、特別区税条例の改正は、地方税法等の一部を改正する法律の施行の日またはこの条例の公布の日のいずれか遅い日から施行いたします。
次に、資料5、地方税共同機構への職員派遣についてでございます。
これは区職員を派遣できる公益団体として、新たに地方税共同機構を加えるものでございます。
1、趣旨に記載の通り、この団体は、地方公共団体が共同して運営する組織としてeLTAXの開発および運用等を行うとともに、地方公共団体に対して、地方税に関する事務の支援を行い、地方税に関する事務の合理化および納税義務者等の利便の向上に寄与することを目的とするものであり、3の派遣期間は本年4月1日から2年間とし、派遣4の派遣人数は1人となります。
改正を要する条例は、公益的法人等への中央区職員の派遣等に関する条例で、本年4月1日から施行いたします。
次に、資料6、令和8年度給与制度の整備についてでございます。
昨年10月の特別区人事委員会による職員の給与等に関する報告および勧告等に基づき、給与制度の整備を行うもので、項番1の改正内容ですが、1の表に記載の通り、行政職給料表1、医療職給料表2および3については、管理職の職務職責をより重視した給料体系の実現と、早期昇格者の処遇改善を図るため、管理職の給料月額を見直し、行政職給料表については、職務給原則の更なる徹底を図り、昇任意欲の醸成に資する職務職責をより重視したメリハリのある給与制度を実現するため、給料表全体の見直しを行うとともに、2の行政系人事制度改正に係る差額支給の特例を廃止する他、山の管理職員特別勤務手当の支給対象となる時間帯を表に記載の通り拡大するもので、港湾に改正を寄せる条例は、中央区職員の給与に関する条例で、いずれの改正も、本年4月1日から施行いたします。
なお、幼稚園教育職員の給与に関する条例につきましても、山の管理職員特別勤務手当に係る同趣旨の改正を行います。
次に、資料7区議会議員、区長。",2026/02/06,企画総務
副区長,"および教育委員会教育長の報酬等の改定についてでございます。
本件は去る1月9日の本区特別職報酬等審議会答申を踏まえたもので、交番1改定内容の1、給料月額等につきましては、特別区人事委員会の勧告内容を踏まえ、より職責の森部長級の最高号給の引き上げ率3.26%を適用し、四捨五入した結果、表に記載の通り、役職に応じて月額2万円から3万8000円の引き上げを行うとともに、次のページに期末手当の支給月数の改定については、人事委員会勧告の引き上げ率と同率となる。
0.05月の引き上げとし、これを6月期と12月期に均等に割り振ることといたします。
以上の内容につきましてに記載の各条例を改正し、本年4月1日から施行いたします。
参考として審議会答申の全部全文をお付けしておりますので、後ほどご参照いただければと存じます。
次に、資料8、中央区議会議員および中央区長の選挙における選挙運動の公費負担に係る限度額の改定についてでございます。
1、概要の括弧1理由ですが、最近における物価の変動を踏まえ、公職選挙法施行令の一部を改正する政令により、国会議員の選挙における選挙運動用ビラの作成等の公費負担限度額が引き上げられたことに伴いまして、本区においても、括弧2位改定内容に記載の通り、選挙運動用ビラおよびポスターの作成に係る公費負担限度額をそれぞれ改定するもので、括弧3、改正を要する条例は中央区議会議員および中央区長の選挙における選挙運動公布の日から施行いたします。
私からの説明は以上でございます。
委員長。",2026/02/06,企画総務
防災危機管理室長防災危機管理室長,"はい。
私からは資料9、帰宅困難者一時滞在施設の確保状況等についてをご説明いたします。
失礼いたします。
本区では、大地震発生時に身を寄せるところがない大会社など多くの帰宅困難者が発生すると想定されております。
この対策として進めている帰宅困難者一時滞在施設等の現況をご報告するものでございます。
1-9、加工施設等①一時滞在施設等を御覧ください。
電話7年12月末現在で、区で確保している屋内の一時滞在施設と屋外の一時待機場所を記載してございます。
まず、屋内の一時滞在施設ですが、施設数は37で受け入れ面積は延べ3万2903平方メートル、収容人数は1万9893人でございます。
次に、表の右側、屋外の一時待機場所ですが、施設数は23で、受け入れ面積は延べ2万2135平方メートル収容人数は2万2135人でございます。
次に、②の一時滞在施設等が円滑に運営されるよう、民間事業者が主体となって運営する中央区帰宅困難者対策協議会の会員数につきましては、民間事業者や地域団体など合わせて92となっております。
恐れ入りますがお手元の別表をご覧ください。
こちらが、施設の一覧となります。
最上段にございます通り、平成22年度の銀座三越から施設の確保を開始いたしました。
以降、一覧表にあります通り、順次拡大に努めてきたところでございます。
最下段、令和7年度をご覧ください。
令和7年度は戸田ビルディングおよびロイヤルパークホテル銀座6丁目の屋内施設2ヶ所を確保したところでございます。
資料にお戻りください。
2の市指定施設でございます。
こちらは昨年度から変更はなく、①東京の舞台芸術活動支援センターおよび②晴海総合高等学校の一節が区内の施設となります。
今後も引き続き、一時滞在施設等の確保に取り組むとともに、帰宅困難者対策協議会の活動支援や、各事業所への一斉帰宅の抑制といった普及啓発を着実に進めてまいります。
説明は以上でございます。
それでは、私からは資料1と資料9について質問をさせていただきます。
まず、令和8年度都区財政調整方針等についてということで、令和7年度再調整部分ですね。
23区で当初予算の残額60約464となっておりますが本区に関してはどのような影響があったのかをお示しいただきたいと思いますまた資料9、帰宅困難者の一時滞在施設の確保というところで、本当に平成22年から考えますと、非常にいろいろ多くの施設にお声掛けをいただきこの帰宅困難者対策というところで取り組みを進めてきていただいたと思います。
そうした中でコロナ禍を経て、やはり来街者が非常に多くなっているというような印象を受けているのですが、こうした部分でもちろん施設へのお声掛けを受けて苦労をしてきた部分そして今後の課題感という部分で、少しご見解をいただけたらと思います委員長。",2026/02/06,企画総務
財政課長,,2026/02/06,企画総務
ダイエー課長,"はい、お尋ねの、令和7年度再調整の区への影響でございます。
今回の再調整につきましては特別区に配分される全体といたしまして、約477億の交付金が留保されているという状況から再調整に至ったところでございます。
再調整の主な内容ですけれども、先ほど一部ご説明いたしましたけども、まず特別区人事委員会勧告による給与改定に伴う表19標準9単価の見直しや、新型コロナウイルスの予防接種保育料対し無償化など計6項目ですね。
追加で算定される見通しとなってございます。
ただ、ですね具体的な金額につきましては、今後ですね、都議会の方できちっとその子と議会の議決を待ってですね今回、今後算定されますけれどもですけれども、現時点での推計額といたしましては本区には約93億ほど追加配分がされるというふうに見込んでいるところでございます。
以上です。
委員長。",2026/02/06,企画総務
早田参事ドーム部参事,"はい、私の方からの帰宅困難者一時滞在施設の確保の取り組みについてでございます。
なかなかやはり一朝一夕にその数施設数が増えていかないというのが、正直実感としてありますが、ZOO施設への声かけというところでは大きく二つございます。
一つは敷地面積3000平米以上超えたり、あるいは開発諸制度を使うといった大規模開発事業そこでやっぱりきちっと事業者と人としての突き合わせながら、実態的にはやっぱ敷地が大きいわけですから、そこでの空間確保と何より帰宅困難者の受け入れ先の動線であったり、そこに運び込む備蓄の動静さらには人員の配置っていうところの部分をやはりきちんときめ細やかに協議しなければいけない。
そういったところの声がけというところが本当に我々防災危機管理課の職員頑張ってくれてましてそこを今日々やっているところが一つ。
それからもう一つは、それ以外の市街地開発の指導要綱とりわけ地区計画で容積をかけるホテル等を中心にという言い方をしますけれども、そういった場合におけるある種パブリック空間となるようなバンケットルームとかそのレストランとかっていうところをいかに柔軟に帰宅困難者受け入れてくれるかというところも実態今大強化事業同様、きめ細かな協議を進めているところでございます。
とりわけ今ご指摘あった課題感という部分については、なかなかやっぱり中国は敷地が一つ一つの敷地内がちっちゃいというか、ゆえにつまり設計の自由度が上がらない。
事業者からすると最大効率の占有面積とゆかりを持って運営したいというのはもう至極経済効率当たり前でございますけど、一方で、その共用部を取ったところの部分も含めてですね。
そういった区の実情を帰宅困難者対策はの重要性はわかるものの、なかなかそこの手当の空間を生み出せないとか、備蓄倉庫も受住宅に確保できないというところのご感想レジとするせめぎ合いといいますかですね競技場を協力して行ってください。
いやいやそこは無理だよみたいなところの部分はやっぱりどうしても起きてしまうというのはやっぱ課題として、区の特性として持っているところでございます。
我々そういったところを含めましてはやはりとりわけも平準してですね頭固くしてこうあるべきこうだということの押し付けではなく、例えばそちらの開発計画にあったもう駅と直結してるんだからとか。
駅近なんだからとかあるいはネットワーク作る上で特定の防災上の地域ぐるみのネットワーク作りで、空間は持てないかもしれないけど人が出せるよねとか、そういったことの部分をまず前提通して、さらにはどうしても建築計画の宿命なんですけど開発がOKを出されるときと、いざ2年後とか一定の期間を経てオペレーションが始まるので、その間間が空いてしまうんですよね。
そこをきちんとやっぱりまた再協議というかですね、実際約束したことを運用するんですよっていうところを確認っていうところが重要になってくるというところの協議を進めているというところでございます。
以上です。",2026/02/06,企画総務
竹内委員,"ありがとうございます。
すいません再調整の金額、当初予算の残額だけ読んでしまいました40077いうとこで、中央区には6項目の指定があり、13億円追加という形になるということですそして、令和8年度の見込みというところ。
先ほど予算の資料も見ましたがやはり中央区の状況年々。
特別区の税収増ですとか、区民税増とかそういった部分では基準財政需要額と、ちょうど収入額の方が縮まってきている。
という部分もあろうかと思います。
来年は、56億のものも示されており、こういったものが毎回、毎年課題感として人口増加、収入増の上で、とともに、こうした部分ではいつもジレンマを感じるところですが、次年度の見込みともお示しいただきたいと思います。
そして、一時、こんな帰宅困難者対策様々な機会を捉えて、こうして増やして、見ていただいている。
ところ、それに加えて来街者というのは本当に区にとっても喜ばしいことですので、もちろん大歓迎をしする中で、いざ災害が起こったときに、どういうふうに整理をしていかれるのかなという部分があると思います。
先ほど、おっしゃってた。
施設を確保する一方で、例えば一時滞在施設ですね。
数日間滞在できることを考えると、やはり物資を確保するための倉庫のスペースも必要になってくるというところで、限られた中で、きちっと話し合いをしながら提案をしながら進めていっていただいているんだなと思います。
先ほどのご答弁の中に施設を確保する打ち合わせをした後、やはり実際に建物が建っていくまでの期間があるとあと、当然ながら、施設を確保していただいた上で、実際発災した後に、もうここの人数はこれで定員なので他に行ってくださいというような案内をせざるを得ない。
ような状況も生まれてくるのかな。
そうしたときに現場でちょっとでも柔軟な対応が必要であろう。
という部分も感じるわけでございます。
そうした中で、インバウンドでいらっしゃった外国人よくアプリを入れていただければ英語の案内がありますとか、そういうのもあるんですけれども実際、現場施設でどういった案内をしながら、帰宅困難者に対して、定員なので、次の施設に行ってくださいですとか。
こちらは空いてますというような案内がしていかれるのかなと思っておりましてその辺り何か今、話し合いで取り決めがされているようなものがありましたら、お示しいただきたいと思います。
委員長。",2026/02/06,企画総務
財政課長,,2026/02/06,企画総務
財政課長,"はい。
令和8年度の本区の財調交付金の見通しでございます。
まず財調交付金の原資となります。
調整税につきましては、市町村民税法人分や、固定資産税の増産に伴いまして、交付金の増額といたしましては、1兆3603億8800万余前年度比621億ビットに指定。
約4.8%の増という形で、フレームの方が今示されている状況でございます。
こうしたフレームの状況と、本区への交付実績などを勘案いたしまして、委員長現時点で新年度につきましては前年度と同額の240億円を見込んでいるところでございます。
そして先ほど委員からも少しご紹介していただきました通りですね、あの財調交付金につきましては、基準財政需要額から基準財政収入額を差し引いた不足額分を普通交付金として交付する仕組みという仕組みとなっているため、本区のようにですね、区民税を始めとした基準財政収入額が増えることで、財源不足額が減ると、それに伴いまして普通交付金の額も減るという状況なと会ってございます。
こうした状況も踏まえまして前年度と同額という形で今現時点で見込んでいるところでございます。
具体的なですねの算定額につきましては今後今回の財調協議の結果に基づきですね、新年度に入りますけれども、特装方で数値確認を行いながら、8月の当初算定に向け調整の方を行っていく予定でございます。
また、当初算定が決定され次第ですね、委員会の方でご報告の方させていただきます以上でございます。",2026/02/06,企画総務
議長総務参事労務部参事,"はい。
いわばインバウンドの対応の部分についてですがどうも先ほど私お話した。
まさにきめ細やかな協議とともに今委員ご指摘の通りですね。
やはりいざ災害時における具体的な対応をいつ、誰がどのような形で案内するか、そこに結びつける。
もう本当に極めて重要でございます。
総じて言うとですねまずこれはホテルとか店舗つまり、施設利用者の保護日本人はもとより外国人観光客に対してどのようなインフォメーションをかけられるかっていう話が、まず一義的な場面だと認識してます。
その中でですね今委員ご紹介いただいたアプリアプリの活用ですとか、あるいはもう今日常的に各店舗さんも充実させていると聞いてございますけどメニュー取る際も含めて、自動翻訳機とかっていう小型の翻訳機とか。
それからホテルでは、これも当たり前の風景ですけども、コンビニ含めましては外国人の労働者がいわゆる英語ができるとか中国ができるという。
そういう人材活用というやっぱり様々なツールの活用ということをまず念頭に置きながら、一つは一般利用者保護を一時的にしていただく。
この場のこの建物の事例は一旦安全ですよというところの話と言いながら実際上本当にその建物が安全かどうかというのはやっぱり与信含めて難しいオペレーションを攻められる場合場合がございますので、実は今年度ご案内の通り銀座と築地場外をモデルとして、一つ繁華街として、そういったインバウンドにフォーカスした形で、どういう対応がとれないかということを、今年度、本当に地元の方々と話し合ってまいりました。
その中で具体的により正確によりわかりやすく、みたいなところがキーワードとして飛んでましてそこの繋ぐツールを、やっぱり各店舗のチラシを置いとくとか。
行動様式の部分はこうしてほしいというところの具体的な方策を町としてやっぱり一番地域全体の取り組みとして考えていこうよという話を今方向性感として見てございますので、やはりそこをやっぱりモデルとしてきちんとした具体的な方策取り組みに繋げていきたい。
やっぱり間違っての我々中央区なわけですから、我々そういった共助の力を本当に一つ一つなんすかね羽生育むというますか、強化させていきたいというともにというところで、ございまして抜本的な一つの手を講じればこうだということじゃなくて様々な災害場面を乗り越えられるような、やっぱりネットワークとか考え方を1人レベルアップしていきたい。
そのように考えてございます。",2026/02/06,企画総務
竹内委員,"はい。
それぞれにありがとうございます。
災害の対策もそうなんですけれども、やはりまだこれから先の話という部分、あとまだ起こってないことに対していかに想像力を福村膨らませながら、連携を図っていかなければならないかというものがあると思います。
確かその特大町昨年度特別交付金の方ですね6%に上がって視聴し直下型地震に対しての対策というものも含めて6%に上がったと認識をしておりますのでそういった部分をしっかりと活用しながら、防災対策困難者対策という部分でも、進めていただきたいと思います。
また、引き続きの議論、今後もあると思いますが、その折々できちんとした議論を交わして、とにかく安全に安心にというときに過ごせるという部分で議論を重ねていきたいと思います。
ありがとうございました。
続いて、の質問をお願い穂積委員はいよろしくお願いいたします。
私からは資料12、4について順次お伺いいたします。
まず資料1の財政調整方針に関して伺います。
今回は次年度の調整方針と今年度の今年度の再調整方針ということで、全員の方のご質疑ありましたけども、全体の考え方ですとかその他金額についてお示しをいただいております。
本当はこの通り後区の財政調整を行うもので基本的な考え方のところについては先ほどもご説明いただいたところです。
その配分を受ける側の区としてはできる限りの枠組みの中で、本区として実施している様々な施策を14億としてはみ出してもらえるようにするというのが合理的な考え方であろうかと思っております。
この考え方は見直しが適宜行われていることを確認しております。
今回の資料にありもありますけれども、令和7年度の再調整方針にも六つの項目を追加算定といった文言がございます。
この次年度のものについてはどうなっているのかという点で情報収集しておりましたところ、東京都Webサイトに令和8年度に関しては、新規算定項目改善項目等といった資料があることを確認をしております。
この中には新規再認定で7項目、不安定改善で29項目といったものが挙げられております。
今回の資料としてはまだそこまでの情報は含まれていないところで、これらのまだ検討中というところもあろうかと思いますけども今回の方針の中での位置づけというところについて確認ができればと思います。
お願いします。
委員長。",2026/02/06,企画総務
税所課長,,2026/02/06,企画総務
財政課長,"はい、まだですねその財調協議の結果の詳細はまだ示されていないというところでは草津市の方としてもですね今のあのご紹介ありました新規算定7項目あと30分さて改善等の29木とそういった一覧の方で把握をしているというところでございます。
まず大まかにお伝えしますと、まず紹介の方で大枠の方向性という形のものが示されましてその中で区が提案をまとめていくその後に区が提案に基づいて特定協議を進めていくとその中で当然東北の協議の中で、23区で普遍的に行っている事業なのかどうか。
また、その算定水準が合理的かつ妥当な水準なのかどうかとそういった視点では協議の方は行われているというところでございます。
その結果特で土地協議が整った内容というのが今委員からご紹介のあったころ、7項目29木というご紹介があった算定結果という状況でございます。
例年こういうような形でですね、体調協議のがされまして、今後ですまた詳細な協議内容についてはまだ示されるものというふうに考えてございます。
以上です。",2026/02/06,企画総務
穂積委員,"はい、ありがとうございます。
これまでの協議の中で、これらの項目が出てきたっていうところ今回の調整方針って段階では詳細については固まってもう一点こちらの資料で確認をしたいのかこの制度具体的には基準財政需要額として算定される項目の中に、本区で実施していてまだ算定されていない場合も入れ込むかっていうことになろうかと思う。
思います。
次年度に向けて先ほどありましたけどもいくつかの新規算定項目ですとか、その改善項目というのはありましたがこれらにも口腔の中での移行というところがどこまで反映されてるかっていうところについて確認させていただきたいというまたこのプロセスのところについては先ほどちょっとご説明をいただいたところではありましてけれども若干変わる部分もありますけども、いわゆるそのトップ協議会いいというものが、あってこれ議論が最終的に行われるところかと思いますけども、ここに至るまでには実際にその角度で横を出して内部で調整した上で特別区としては意見をまとめてみたいなところのプロセスもこういったところについても改めてそういった理解でよいかともう一点本部としてこのどういった点を要望されてこれがどこまで通っているかというところに関しても、ちょっと現時点で挙げられてる項目にも含まれているのかというところですとかお示しできる範囲で確認ができればというふうに委員長。",2026/02/06,企画総務
財政課長,,2026/02/06,企画総務
財政課長,"はい、まず財調協議の流れについては先ほどご説明した通りという形になりますのでそうですね多くの方向性が出まして各段階において区側提案をまとめまして、それで特に協議会に臨むという形での流れで例年最初協議の方を進めているというところでございます。
そして本区から提案についてですけれども、現時点でですね1ブロックの方からですね23区内での調整を経まして、区が提案として協議を行いました。
一部ですね一部から提案したものもですね都区協議会と区協議のですね、訴状には上がったと。
ただ、その結果としてですね今この新規算定項目の中には盛り込まれてないということですので協議不調になったというところでございます。
まだ詳細な内容についてはですねまだ示されておりませんので今後ですね示される協議結果の内容も見ながらですね、次年度の提案に向けて参考にはしていきたいなというふうに考えてございます。
以上でございます。
図2はいありがとうございますとしても両方挙げていただいてるというところでは理解をしましたけど今回は通るってことに関しては、結果として本部の財源が増えるということではい次に、資料2についてこちらもいわゆるデジタルデジタル化をより進める。
今回挙げていただいているのは、手続きそしてこれらに該当この場合ですね。
見込んでいる手続きまた今後電子的に手続きを行えるようにするための委員長。",2026/02/06,企画総務
情報システム課長システム課長,"はい、情報通信技術を利用した手続き等に関するということなんですけれども、こちらの方で狭い委員おっしゃる通りデジタルファースト、デジタルにおいて次のですね完結というものに向けまして、区としてはですね、上が基本方針に基づいて今行かない窓口こちらの方ですね進めておりますこちらの方でですね今主に攻めているのが電子申請ですね。
こちらの充実の方をしているところですけれども、今これ具体的に申し上げますとですね、あの通常区民館等につきましては電子申請したものをですね、実際の窓口でですね、利用時に窓口でお金の募集があってですね。
そこで、利用者の方にもらってですね。
そこで、処理してるとこなんですけれども、今回はですねと思い使う区立学校ですね、学校施設を利用する場合ですね今学校ではお金を受け取ることができなくなるので実際はですね電子申請自体はですね施設予約システムでやってるんですけどもそれをですねスポーツ課等に実際お金の支払いをして、それでですね利用許可書をもらうというような手続きになっているんですけれどもこれでは行かない窓口全くなっておりませんので実際はですね、来年、令和9年からですね、オンラインキャッシュレスの方ですね、施設予約システムの方でも導入いたしますのでこちらに合わせてですね、あの施設予約した後にオンラインでお金を支払うとそうですね利用許可書の方は残ってしまいますそちらの方もですね、オンラインで交付すると、こちらの流行が許可書なんですこちらがですね処分通知に当たるということで、条例の方でね、改正するものでございます。
そしてですねもう一点縦覧なんですけどこちらの方ですけれども、多分この後ご質問されると思うんです。
が、こういう到達。
こちらの方でデジタル化がされますので、工事の方が急かされてあれば縦覧後で合わせてやっておかないということがございますので具体的にですね従来についてはこれというものは出てません。
今現在上がっているわけではないんですけれどもとですねトレーダーの縦覧もデジタル化においてことで条例の方を整備するものでございます。
今後のですね、展開ということなんですけれども今のところはまだちょっと区立学校の設備だけなんですけど物としてはいろんなものに使えますので今後ですね各所管課とかですね、そちらの調整いたしまして区民の利便性向上に向けてですね、範囲の拡大していきたいと考えております。
以上でございます。
はい、ありがとうございますそうですねまず処分通知に関しては区立学校の体育館の使用に関するものということで、利用許可証の部分がいわゆる処分通知に当たるということで、これをできるようにすることによって利便性向上ということで従来の分そういったものはリテラシーというところに関して資料4のデジタル化についても、こちらは該当の方にもお知らせする手段で現状の計上と書面等の掲示とされていたものについてインターネット上の公表も可能変更後の処分としてはパンフレットの公表とともに署名等の掲示もしくはパソコン画面での表示というふうにされております。
これらの二つの選択肢が示されてるわけですけども、本部としてこれをどのように選択するかっていうところについて現状の認識というところについては全くできればと委員長。",2026/02/06,企画総務
総務課長総務課長,"はい。
こちらの委員がおっしゃっていただいたようにですね、こちらこれまでは形状だけでしたけれども、ネット公表するとともにあわせて、①か②のいずれかを行うことということになっておりまして、建材のところですね今のところは区としては、あの掲示場への掲示ということで、今まであの掲示場の掲示だけだったんですけれども、ネットで公表して掲示場に掲示をするということで運用をしていきたいというふうに思っております。
これまでの運用との連続性ですとかわかりやすい踏まえまして、こうした方法で選択するということでございます。
以上でございます。
はい、ありがとうございます。
まず二つの選択肢の中では掲示場への掲示っていうところで取り対応しました。
バックアップお知らせする手段をその上からデジタルに変更をするということでなくて、上井に加えてデジタルも行う。
きまして、後他の手続き別途資料におけこちらに関しても。",2026/02/06,企画総務
具体的な手続き委員長,,2026/02/06,企画総務
総務課長,,2026/02/06,企画総務
総務課長,"はい。
こちらの法律に定められております今回条例改正事項になりますですね行政手続き条例に基づくそういう手続き聴聞ですとか、件名の機会の付与、それから区税条例のですね、こちらの様々な賦課徴収ですとかそういったところにかかるもので、郵便が届かない場合に公示することによって、送達したものとみなすということで区税条例の方の手続きそうしたものそれから今回条例改正にないのでこちら載せてないですけれどもまた介護ですとか国民健康保険の後期高齢者、そういったものも公示送達でございます。
また、サービスの一環として行うということになりますけれども、あの条例ですとか規則格子広告の公示送達以外のですね、懸賞に貼っていたものも、4月いっぴ以降はですね、ネットに公表して、プラスあの掲示場に掲示するといったような運用を現在考えているところです。
以上でございます。
はい、ありがとうございます。
委員長。",2026/02/06,企画総務
総務課長総務課長,"はい。
基本的にはその理解であってございますこれまで本当に掲示場で紙でアナログでの掲示をしていましたけれども、あの国の方がこうしたデジタル化のこういう社会を形成するために手段として、そうしたものでデジタル化をどんどん推進しておりますので、そういったものも踏まえまして、区の方としても、今回のこちらの委員会報告させていただいたのは、あの公示送達という形で法律で様々定められております。
先ほど申し上げたような公示送達の送達したものとみなすというような非常に重要なそうした通知をですね、そうした公示送達で行っていたものを、こちら記載しておりますけれどもこれまで、あの掲示板で貼ってたようなものこうしたものについては同様にですね、選択肢として手段として増やすということで、ネット公表もしていくということで考えてございます以上でございます。
はい、ありがとうございます。
基本的に全ての手続きをこちら公示送達に関するものに関してはデジタル化を付加するっていうことで実は取られてる方からすいません。
でもやっぱりデジタルとそれぞれの業務があるということになると、リテラシーが良かった自治体の中ではですねプライバシーに関するような懸念というところに関しても含めて指摘されているとこちらについては重々配慮されてる部分は続いての発言を願います。
渡辺委員それでは全員に続きまして資料1から少し教えていただきたいのでどうぞよろしくお願いいたします。
まさに令和8年度の都区財政調整についての区側提案事項については、11月14日特別区長会で決定されて、32月2日に開催された特財調協議会に示されてこうした内容について具体的な検討を行うようにイメージ画だったという。
報告がございます。
今回様々中央区もご提案されていったと思うんですけどもその中で区側の提案の中にですね、投資的経費の見直しに伴う経常的経費への反映など、特別区の実態を踏まえて、主体的に調整を行った区側の提案を基本に、将来にわたって都と区で連携して取り組む必要がある。
特別区の需要を含め、当該年度のあるべき需要が適切に算定されるよう調整をきちんと図っていくことということを区側の提案として内容として記載されているんですけどもこれについて中央区をどのように考えてうちの中国の中ではどうしたどのような効果があると思って提案されたことなどがあるのか、まず教えていただけますでしょうか？と申しますのは、まだこれから具体的に決まっていくと町と議会に通してというお話もございましたけれども、基本的に普通交付金の算定には、やはり投資的経費という項目も増えてきていますそうしたことから区では投資的経費まだまだかかっていくということも見込まれますので、どのようにお考えになっていらっしゃるのか少し振動全員と重なるかもしれませんが、振動ましたご回答といいますか教えていただきたいのでよろしくお願いいたします。
委員長。",2026/02/06,企画総務
財政課長,,2026/02/06,企画総務
財政課長,"はい、今回ですね投資的経費につきましては委員長令和7年堂に投資的経費の部分の見直しを行いまして令和8年度財調にその当然投資的経費のある意味、表標準量とかを変えるとそれは当然その経常的経費うん管理料とかそういったところにもはね返ってくるというところで、令和8年度財調でその見直しに向けて協議を行ったという結果でございます。
いわば令和8年、7年度6Nottaハード的な投資的な見直しに伴い、翌年度それに見合う経常的経費施設管理の経常的経費を見直したという流れでございます。",2026/02/06,企画総務
当然委員,"おっしゃる通りですね、本区の場合ですと、老朽化対策の他に新規施設の整備といったところもありますのでそういったところはやはり特別区の実態に合った投資的経費の見直しそれに伴う維持管理経費も含めた適切な算定がなされることが必要であるというところで区側提案として取りまとめたというところでございます。
以上です。
渡辺委員見ながら検討されているんだなとご答弁でさこの件と少し違うかもしれませんけれども委員長その人口35万人ということを想定したモデル区の中で必要な様々な経費ということで、うちの場合はですね人口がどんどん伸びてはいるものの、そこまではいたっていない。
今まさに10万を超えていく途中にちょっといくわけですけども、補正係数ということなんですか。
人口の増加はに伴ってこの補正係数も少しずつ変化してもらう。
どこかのタイミングで具体的に例えば何万人以上になったら補正係数が変わっていくとか。
何か細かいところがあるのかどうかもしあれば教えていただきたいと思います。
子供たちの人口数ということもどうも細かく関わってくるようですので、その辺りを教えていただけたら助かり委員長。",2026/02/06,企画総務
財政課長,,2026/02/06,企画総務
財政課長,"、はい。
ちょっと今手持ちがなくて細かくは答えられないんですけれども一般的に個数係数って様々な補正係数がございまして、中には人口の増加に伴って、増えていくってのは当然あるんですけれども、逆に言えば人口が増加していく中で、一定程度規模のメリットというか、費用が低減していくっていうような、そういう段階補正的なものも入ったりもしてますのでなかなか一概に人口が増えたから、この補正がどういう形で効くのかっていうのは、多分個別2のですね、項目によって使い分けているというのが現実でございます。
そうは言ってもですね、やはり測定単位は銀行というのが一番財調の場合では大きい割合を占めてますので、やはり人口が伸びればその基準財政需要が伸びるということはあり得るのかなというところはありますそれに加えてより適切に算定するために各種規制があるという形ではありますので、本区のように人口が伸びていれば、今後も防災庁の部分については一定程度伸びていくのかなというふうには考えてございます。
以上渡辺様々な都心区ならではのとか、あの道路などの磨耗を初めいろいろな視点がこう入ってくるということは、以前からのご答弁を伺いながら、私も学ばせていただいてるんですが、さらに一層細かくいろんな点でですね、細かく見見られてるんだなっていうことをわかりました。
ありがとうございます。
ちょっと当然私どもの区は納税という東京都に納める方が多いのでできるだけ爆が多いと単純にあの子はクォークしてくださいって言った人はいつも思うんですけどもそれに向かっての努力区長を初め所管の皆様が、変わってらっしゃるということをよくわかりました。
回答を待って、様々ご教示いただきたいと思います。
これについてはご質問はあります。
続きまして帰宅困難者について少しだけ教えていただきたいと思います。
東日本大震災の後の大変な問題が本区ではすごく顕著になったということから、所管の皆様たちが大体ですね、こうした避難所運営っていうのは区民を守るためのものであるということが根幹にあって、ご助力されていることについては本当に頭が先ほども言いましたありがとうございます。
また、確か今年度の予算の中にも、確か銀座地域だったか帰宅困難者対策に対する様々今後、今年度検討して、今まさに途中の総まとめの方に向かってらっしゃるかちょっとそこがわかりませんけどもにですね実災害起きたときの、この初動体制っていうのが、実はすごく難しいのではないかなというふうに感じておりまして、こうした帰宅困難者の一時委員会の皆様たちは本当にあの封筒で消していろんなお話をしてくださっているということは以前からも御教示賜っておりますけれども、具体的にですね、本当にまさにその災害が起きたときの初動体制においては、どのようにその鉄道事業者さんともあとホテルとか、あと100円とか、それぞれ違うと思うんですがちょっと教えていただき今どういうふうにそれぞれのその施設の特徴に合わせた初動体制の作り方などを構築されているのか教えていただけますでしょうか？委員長。",2026/02/06,企画総務
総務参事総務部参事,"はい。
今、委員ご指摘いただいた部分全くもって同感でございましてこれ国のCと5強6強、6弱6強というところの深度化に関わらずですね。
いかにもうその人員の体制含めた形での配備が取れるかという。
いうことは本当に重要そのものでございます。
ご質問もございました本当に町には多くの事業者特にこの都心区である中国は本当に商業業務の町というところの業務集積がなされている話でございますので、様々な多くの事業者がいらっしゃいます。
総じてっていうところはあれなんですけども、例えばだったところで言うとですね、まず生活インフラと直結するインフラ事業者、電気ガス水道といった、そこの部分の大口業者の所属体制の確認については我々当然ホットラインを有してございます。
そこで、直ちにどういったところのオペレーションをというところと、ただ、これハードどうしてもそこがやっぱり初動体制+初期の被害状況というのは大変取りづらい。
時間帯によってというところがあってですね、とりわけインフラ事業者が把握する前に、例えば電気が止まっちゃったとか、ガスが止まっちゃったというのは、一番感じるのはそこの事業所であり、区民でございます。
そこの情報をいかに正確にキャッチするかというところの話はいやちょっとセットなんですけど、ちょっとそこは今質問ではないので、初動体制というところでいうとまずそういったところそれから鉄道事業者、これも当然ご協議なると各鉄道事業者は緊急停止車両停止でお客様の安全第一確保というところの配備体制をとります。
そこも我々当然のことながらホットラインに入ってございまして、各鉄道事業者との三つが情報収集をというところの体制をとっているところでございます。
とりわけの鉄道事業者のご案内の通りですね各駅住宅に駅員さんを配置してございません。
今はもう昔の地裁の切符を手的てて言ってなくても、ぱっとあの電子マネーでというところの話なので、必要最低限の人員しかいないというのが実情でございます。
すなわちそこの人員人数をいかにかけなくかいかにその人を活用しながらお客様の安全確保で駅の改札外に安全確保を図るかというところについては、我々ことあるごとにといいますか様々な機会を通じてむしろその近くの事業所の応援部隊を頼ってくださいと事業所を頼ってくださいということの関係作りに厳しい初動体制というところで協議しているところでございます。
他の今レジ出された百貨店ですとか、小売業を含めた事業者さんについては、今議員ご紹介いただいた地域検討会まさに取りまとめをするところでですね、本当に町単位できめ細やかなもう毛細血管のコーチが行き渡るような形でですね、各店舗の固定商店が事業規模に関わらず、同じ町同じスタイルで僕はこれが一つの我々の災害時の対応だよねっていうことをやっぱ認識を置くということが大事だと思ってございますので、そこの部分については引き続きこのモデル検討会といいますか地域検討会の取りまとめを踏まえてですね、区としてやっぱちょっと一歩一歩着実に歩みを進めていく考えでございます。
以上です。",2026/02/06,企画総務
渡辺委員,"ありがとうございます。
本当に地震だけではなく、どういう災害が来るか本当にわからない状況の中で、皆様が町を守り、国を守り、お客様を守るために、動くためにっていうのは、そこを区がハブとなって様々に繋げてらっしゃる。
というのが大変また適切に情報を把握してその情報をまた提供していかなきゃならないということの任務の重さということを改めてご教示いただいたと思います。
あの単純にその一時避難施設とか一時避難場所とかに人を押し込めばいいだけではなくてそこまでの安全なことだとか初動体制のにおいてその限られた人材の中でどこと協力し合って、混乱の中で安全性を担保していくのかっていうことで、非常に命に関わる難しいことをですね、携わっていただいてるんだなというふうに実感させてきました。
いつ災害が起きるかもわからないというような昨今でございますので、引き続きといいますか、私達はお願いするしかできないんですけれどもどうぞご検討させていただいて、皆様の、そして区民の安全を守っていただきますようにお願い申し上げます。
ありがとうございました。
委員長小栗梨衣それでは、資料9について私も質問させていただきたいと思います。
帰宅困難者の一時滞在施設令和7年度で二つの施設が増えたということでご報告いただきました。
それで地域防災計画によりますと、今中間人口が60万人を超える本区では、約34万人の帰宅困難者が発生するものとしているということで、その内、その事業所で働いている人とか、そういう従業員とかそういう人以外の旅行者や買い物客の往来会社を保護する一時滞在施設と一時待機場所行き場のない帰宅困難者のうちのそういう一時滞在施設を蒔くとしてきちんと整備していこうということで、計画されて順次開設しているというふうに思うんですけれどもこの34万人生まれるであろう帰宅困難者のうち、どのくらいの方が実のところない大会社として想定されるのか、それをどのくらいの規模まで広げて一時に滞在施設の確保を図るのかという、そういう目標っていうのがあるのかお示しいただけたらと思います。
委員長。",2026/02/06,企画総務
総務参事当部参事,はい。,2026/02/06,企画総務
今委員,"おっしゃられた数字、私ども基本的に全く同じ認識でございまして、とりわけ包括っていうか同点とする34万人のうち行き場のない人っていう。
行き場のない人の定義は、今委員ご守弱りいわれた通りでして、買い物客ですとか、コーポ600隣に来ていて帰り帰るところがない。
つまり事業所とか学校にいらっしゃる方は基本徒歩圏内というところでそこにとどまってくださいというところを、もうまずそこにその場にとどまるというところでございます。
ご質問の種の部分につきましては実は東京都が全体都内の数としては、令和4年5月に新たな被害想定を行った453万人のうち、この行き場のない帰宅困難者数としては66万人と、いう推計を立ててございます。
これ率にすると約15.91615.96%なんですけどこの考え方を横引きする形で34万人に、この16%を掛けますと約5万3500我々数値としては約5万4000人という形での一旦このぐらいの数の方が区内本当に行き場のない委員の寄せのところない。
いいえ観光客等々になってしまうんじゃないかというところの目安を持っているところでございます。
実際上ですねここからが一体どれぐらいの目標かというところで、まずはトータルとしては、今現状ご報告申し上げました通り、一時滞在施設屋内にとどまるのは約2万人になってございます。
すなわち、まだまだ5万4000に対しては2万人ですからの値になってございます。
これを何とか早い段階で5万4000円に近づけたいというところは正直な思いでございます。
それはだから、一つの目標値という言い方になるのでしょうかというところでございます。
ただ、一方でですね、これ一時滞在施設、これはご案内の通り、発災後直ちに開けられるという施設ではないのでいかに一時待機場所を用いながら、これ本日は大変気候がよくという字増えてございますけれども、本当に5号館のこの時期とか課税増えているというところあるいは逆に通告書というな段階で、当然のことながら屋外にいられないよという状況もございます。
そこの部分の繋ぎ方という含めてはやはりこの一時滞在施設と一時待機場所をセットにですね。
早くこの合算数字を5万4000に近づけることが何よりもまず一つの目安だろうというところの一つ目セットと言って持ってるところでございます。
ただ、全員からご質問を多くご指摘いただいた通りですね。
何もやっぱり我々区のまち作りがこういう貯水責任というところの個別の開発含めてですね。
なかなか状況というのは本当に積み上がってくるのが難しいという土地柄でございますので何とかそこは粘り強くですねきちんとか事業者との協議手当をしていくかしていきたいそのように考えているところでございます。
以上です。
委員長　炙り委員今、一時待機場所が今2万2000人で目標としては5万4000人だけど、屋内のこの一時滞在施設のその定義っていうか受け入れる。
人数ただ立って困ってる場所と、ポスティングを滞在する場所と、そういう違いがあるのかもしれませんけども、その一時滞在施設では約2万人で合わせて4万人ってそういうふうにそこまでいってますっていうことにはならないのか、今さっきのあのご答弁だと5万4000人のうち2万2000まだ半分しか言ってませんみたいな感じで御答弁受け止めたんですけどもそういうふうに対して4万人まで今のところ来てますっていう。
ことではないのかその確認をさせていただきたいということと、防災計画の今後の整備予定というところの一覧表が載ってたんですけどもそれを見ますと、令和5年の時点で一時滞在これ面積ですね。
面積なんてちょっとあれですけど、計画がこのもう一つの施設っていうことで載ってます。
この乗っていた施設で実際に令和6年とか令和7年見ると、実際にはまだビル自体が完成してないってのもあると思うんですけども。
予定していたものがまだできてないという状況が見てとれるんですけれどもこの辺の進捗状況についてどのように発根して進めようとしているのか、お答えいただきたいと思います。
ちょっと薄味な感じちょっと私の説明が誤解を受けたようで申し訳ありません。
まず一時滞在施設屋内は当然のことながら雨風しのげる場というところでございますので、そこにやっぱりいかにこう解説とともに帰宅困難者を収容していく。
事業者の協力のもとというところの考え方に立つのが一義的な目標値でございますので、この1万9893人という本日説報告した内容を5万4000円に近づけていきたいのはまずい。
目標でございます。
とは言ってもその時間的なタイムラグ実は理事会待機施設が開くまでの間、東日本大震災3.11のときの、本当に皆さん鮮烈に記憶に留めてございますけど、車車道にあふれ返りながら、西田東田というところで帰宅されているところと道路は区内も本当に動かなかった大渋滞だった。
そういったことのあふれるあの様を1人でもずいやさをなくしたい、こんなをなくしたいというところの取り組みがまず主眼なので少なくとも一時待機場所も十分そこはケア手が利くのでていうか機能をさせるべき空間というところで、私先ほどの内待機場所と一時滞在施設を合算してという考え方のもと説明をしたというところの意味でございます。
それから将来的にというところは今委員ご指摘あった通りですねまだ建物が工事中というところも含めまして大規模開発事業がこれから例えば、やはりその1丁目の東区であったり、あるいは日本橋1丁目中地区であったりという子が竣工間際という大型な再開発ビルの開業予定もしてございまして、そういったことの推移は当然事業中というところと事業完了というところでの報告のタイミングとずれます。
これは参考にという意味で言うとですね、令和10年度末の段階では本日ご報告した1万9000人というところが、約3万人台に乗ってくるというふうな試算をしてございます。
これはあくまで順調に大型の再開発事業等の受け入れが今現時点で約束している条例協議をして約束しているところ資産を含めてというところでございます。
そうなりますと、一時滞在施設は様似を超えてくるという話なので5万4000人に対して約60%ぐらいは補完できてくるという考え方に今メインもうめどとしてというか予定として立てているところでございます。
以上です。
委員長　小栗委員事業の市街地再開発事業などの遅れもあって、まだ予定していたものができていないというところもあるということは理解をいたしました。
それで一時滞在施設、一時待機場所、これもまち作り基本条例と市街地再開発事業などによって指導協議を通じて、確保を努めていくということになっているので、義務、義務化して作ってもらうっていうふうにいかないという苦労はあると思うんですけれども、やはりなんだろう地域貢献といいますかね社会貢献とかということを含めて積極的にそういう場所を確保できるように、進めていっていただきたいということを要望したいと思います。
事業者にとってはだけど、そういう場所を作ったり、必要なし食料品とかそういう備蓄も最初は初期費用はその事業者が持つというような形になってるので、なかなかそういう手を挙げてくれるところが少ない、少ないっていう現状があるのではないかって心配するんですけどもその辺の見通しとしては、割と協力が進んでいるのかという状況なのかどうか再度お答えをいただきたいと思います。
あわせて今先ほども木のこととか出ましたけれども、そういう駅での帰宅困難者、駅の外に出してしまうんじゃなくてその駅の中で、5種一時期、主要州様待機してもらえるようにするとか、集客施設の中でちゃんとそういう利用していた人は待機してもらうとか、そういう体制が作られつつあるのかどうかその辺の今の現状についてもあわせてお願いしたいと思います。
お願いします。
委員長　3時30分まず初めにく里枝の通り、まち作り基本条例要綱の協議を通じながら、まち作り基本条例はある種、事業者の責務というところの部分がございますのでというところですけどとりわけ4項の部分については、ご覧の通りやっぱりお願い行政というところの枠組みの限界というところはやっぱ、ございます。
ただ、ご質問あった初期費用を、更新費用、これ両方にとって事業者が持つという約束で我々この条例を備蓄と言っている企画困難者の対策の備蓄については、平成初期費用更新費用とともに事業者さんがお持ちくださいというところで約束をしてございます。
それらは当然、事業者にとって大きな負担というところに結びつくといいますかそういう心理が働くということは間違いございません。
ただ、しですね。
ここは東京都が毎年この北小会社対策というところにに力を入れながらの補助事業で6分の5補助というところのやっぱ枠組みでは補助をやってるので、そこは積極的に活用してくださいってアナウンスでこれちょっと東京都の財布を用いてという話になってしまいますけども、そういったことのアナウンスをしながら、それだったら全然やりますというところの事業者も数多くいらっしゃってですね。
そこは負担があるからすぐさま牽引されるつまり協議が困難になるというところの話の部分については、もう私の所感でございますけれども必ずしもそうではないとむしろその前段に来る町全体としてどういうことが起きるんだ。
そのためにあなた方のあなた方って言い方ですよね。
事業所の力が必要なんだというところの粘り強い協議の方がむしろ重きを置いてて、そこに対してご理解をいただくというのが今の御協議状況でございます。
それからもう一点、大事なお話でございます。
本当に、いざ発災時に駅の外にすぐさま出されてしまうのか。
中でとどまらせているグループとのオペレーションができるのが本当に重要な視点でございます。
この部分については、駅の構造種別が本当に何とももう変えられないので例えばもうここのすぐそばの地下鉄築地駅小江駅コンコース持ってませんもう駅の階段があるとすぐに使用し通りにっていうところの駅構造になってございますので、改札の外に出てくださいというオペレーションは基本的にはせざるを得ないと思ってます。
そういった意見に対しては、つまり、いかに駅の安全車両利用者のツール利用者車両利用されている方の安全確保を図りながら、車両点検を緊急的に行うというのが鉄道事業者の責務でございますので、そこの部分はやむを得ない。
一方で、例えば茅場町駅ですとか、あるいは月島駅の大江戸線から先のコンコースみたいな空間は本当にいい活躍する高校生でございましてそこはぜひぜひ雨風しのぐというところの安全な場所としてとどまらせていただきたいということをまさに一歩一歩協議を作りながらその体制作り鉄道事業者との部分を確認を毎年といいますか協議部分を含めましてやっているところでございまして、そこの部分を我々も本当にもう全域私ども11路線27駅持ってる全域に対してやっぱりもうネットを張っていきたいといいますかですね。
そういう思いでいます。
以上です。
委員長　小栗委員ぜひ、一時滞在施設、そして一時待機場所の整備に向けてご努力を更なるご努力をお願いしたいというふうに思います。
駅そういう集客施設の中で、発災時にその場所で避難を引いていただくというような体制作り本当に重要だというふうに思います。
この防災、計画のとこにもありましたけども、東日本大震災のときは東京自体はそんなに被害がなかったんですが、大変なね、その交通手段の関係で東京駅から人があふれて、.小学校のね、防災拠点に人が押し寄せるみたいな状況になったということもここにも、あの書かれていますけれども、そういうふうにならないように、もしどういう被害が起きて建物がどういう状態になるかってのは本当になかなかね。
あの想定しててもそういう想定外のことってのは起きるのかもしれませんけれども、例えば東京駅は今すごい地下に改札の中にすごい一つの街みたいなの作っちゃっていっぱいお店なんかもあって、わんさか人がいて、こういう人たちがいざ地震だって言って外に出てきたらどうなるのかなっていうことをこの間ちょっと思ったりしたんですけどもそういう東京駅なんかは特に今、あの中央区の駅に入ってないのかもしれませんけどもその辺の関係の深い、そして大きな駅なんで、そことの何て言うんすかね協議っていうか、そういうのは進んでるかどうかだけちょっと最後に確認をさせていただきたいと思います。
お願いします。
委員長。",2026/02/06,企画総務
総務参事,,2026/02/06,企画総務
どんな部参事,"はい。
私がちょっと11路線27駅と言った方目の質問かもしれませんけどその27駅は確かにカウント上登記は入ってございません。
ただ、重要な重要なターミナル駅東京駅八重洲口というか思ってる駅でございますのでそこは大いに意識しているといいますか、オペレーション上大事な空間であることは間違いありません。
その上でですね、やっぱりそこをどういう確認をという話でいうと、実は東京駅はご案内の通り東日本JR東日本から各社鉄道各社が集合体としてあって実は結構複数の鉄道事業者が入ってるんですね。
で、そこを何とか東京都が音頭を取ってきちっとやっぱり一つに束ねるようにしようよというところの動きを従来から見せてまして昨年、実はその東京駅で帰宅困難者のオペレーション対策訓練というのを実際やったというところはございます。
ただ、そこもやはりまだまだ少しちょっと欠けてるなという視点がございますのは、結局我々が大いに意識する八重洲口と片や丸の内口という千代田区側の顔を持っているそこの2方向に対してどういう空間を活用するというところは、向こうはもうぱっと見、駅前広場の大きな大きな行幸通りがございますから、そこの空間を含めては、多分一体地域的に逃げる空間とかがございます。
ただ、こちらが目方に目を向けますと、八重洲地下街という空間と地上の八重洲通りといっても実はそこ職種緑道っていうか中央分離帯側が好ききちんとあって背中のどっちか地下駐車場への入口等々がございますので、そっちの空間をいかにというところの話がございますので、そこはやっぱこれからきちっと中学と中央区と、そして東京都が同じテーブルで鉄道事業者さんさあっていうところの会話をやっぱり深めていって議論をしていきながらの具体的なオペレーションに結びつけていくことの取り組みを我々やらなければいけないというふうに床を持っているところの段階でございます。
以上です。
委員長　小栗委員本当に地震はいつ起きるかはわかりませんが、その施設を何とかするとかっていうのはなかなかお金を返していたら大変ですけど、そういう仕組みをちゃんと構築していくってことは、緊急にやらなくてはいけないし、やれることだと思うので、ぜひその辺も含めて対策をお願いしたいと思います。
以上で終わります。
休憩を入れます。
再開は3時10分で今日なんか、昨日はやってますね。
よく追い上げはい、ついください。
その他にお願いしますからんこれだけ言えば取り戻します。
ぱっと広げられる222年度に大丈夫70分ちょっと場所を知ってもらう③大学だけじゃんねすいません。
萱沼さんのときはこっちにいてくださいね。
いやいやもしもしもちろんもちろんあの頃までですよ。
もうちょっと色が別の方にいっちゃうと困ります。
もちろん、はい。
もちろんいつでもいません。
もう言いません。
はい。
今決まった。
うんな企画総務委員会開催経済に引き続き委員会を開催それでは議題から区政施行80周年について1点お尋ねをしたいと思います。
現在町会そしてプロジェクト単位でまちの声をお汲み上げて、地域の魅力発掘発信し、発掘発信遅延発掘発信支援事業一定の成果を出しているというふうに感じております。
最も100万円上限の6分の5助成でありますからその規模感は限界があろうかなというふうにも思っております。
一方で80年さらにその昔の江戸時代からですね本家が紡いできた様々な歴史伝統文化を象徴するシンボル象徴的な何がしかというのが、まだ本部の中で埋もれているように感じております特に京橋区そして日本橋が合体した本区でありますからそれぞれの地域でそれぞれの地域を代表するものというものもあるのではなかろうかなというふうに思っております。
さっきの一般質問を我が事で恐縮ではありますけれども、地域遺産といったようななぜ毛をいたしまして、私もそれについて少し触れさせていただいております。
いわゆる地域が願うそういった把握として保存保護をしてほしい、もしくは保存保護すべきである。
というようなものをですね、いわば本区らしい歴史伝統に根ざしたそうしたものを80周年の集大成の一つとして区民の皆様にですね、当初予算とは別立てでもですね、お示しを押すべきではないのかなというふうに感じているわけでありますけれども本区のご見解をお聞かせ願えればと思います。
委員長。",2026/02/06,企画総務
企画部長企画部長,"はい。
ありましたように80周年ということで目掛けたらやっております地域の魅力発掘発信おかげさまでたくさん声をいただいておりまして、こういった中でも、委員からあったようなお尋ねみたいな部分で、出てきたりしております。
もちろんこういった100万円の事業の中ではかなわないものなどもあるんですけれども、今回の中でもですねそういった相談があって、何とかならないかみたいなお話があるものもあるわけですけれども正直、そういった判断をするに至らないっていう部分も今回当初予算の中ではあったとただ今回予算のテーマにさしていただきました80年内に力に変えてご提案する限りですね。
これ区長が予算申請しても毎回入ったゲームではあるんですけども、いわゆる温故知新というところで、こういったものにかなうものというのは区の中でもたくさんあることは承知をしております。
ただ、一方的に区の方で何かをしていくっていうことが難しい部分もございますので、ただ地域の方々の熱量ですとかそれから関係する団体の方々の熱量ですとか、そういったところの協議あるいは話し合いなどを持ってですね、その中で出てきたものに関して言えばですね。
きちんと話をする時にちょっとして、役割分担などを決めながら、今このタイミングでなくてもいいってお話ありましたけれどももちろんその80周年ということで今年度迎えておりますのでこういった補正予算も含めた道筋等を含めて、検討していくということは視野の中には入れておるところでございます。
ただ、たくさんあるかもしれませんし、具体的に入っ対応可能なものっていうのがどういうものなのかっていうのは、お話を具体的にしていかないと見えないところもありますので、こういったところは慎重に踏まえつつも、前向きな検討をしていきたいと考えております。
以上です。
海老原委員ご答弁ありがとうございます。
まずはおっしゃる通りで温故知新古きを訪ねて新しきを知るということですからいわゆる地域であったりその関係する団体の熱量はもちろんでありますけどもその熱量が未来に向かって将来に向かってこの国のためにならなければ意味がないというのは、おそらくおっしゃる通りだなというふうに思いますのでそういった活動に関してはですねぜひとも支援をしていただきたいなというふうに思います。
本日の質疑の中で、いわゆる防災の中でありましたけども理事者の方から、間違っての中央区であるっていう言葉、私も全くもってその通りだなと思っております。
町は当然区民の方が作るわけでありますけれども行政の方と共々一緒になって、明日に向かって歩み出さなければいけないそのための80周年であるというふうに思ってますのでどうぞお待ちの方が未来に向かってしっかりと頑張っているところはしっかりと後押しをしていただければなというふうに思います。
私の質問をこれでおしまいいたします。
ついての発言をはいよろしくお願いいたします。
私から議題として一点、行政システムの標準化の進捗に関して伺います。
こちらの件に関しては2024年12月の本委員会においてその対応状況についてごもいただいておりました。
当初の考え方の中では、令和7年度末までの稼働を目指すということになっておりましたがその後におおむね5年以内という耐用期限の延期があったというふうに授業しております。
その上で本部としては一部のシステムを本年の8月、2月3月リリースその上に残りのものをリリースするというようなこれらのスケジュールで言いますと既にシステムはリリースの時期を迎えてこれからさらにして、委員長。",2026/02/06,企画総務
情報システム課長,"はい、自治体のですねシステムの標準化についてのお尋ねでございます。
こちらの方なんですけれども委員おっしゃる通りですね。
まさに1月ですね今年の本年の1月5日からですね、一部システムの方の本稼働を変えておりますこちらにつきましてはですね翻訳システムの入れ替えとても大変な作業になりますので、各ですね所管課のご協力、あとですねシステムは職員の方ですね省力教育のありまして、でもあの車関係の方からもう1月から出勤しておりますし、うちの課につきましてはですね夜中9連休という年末でしたけど、実際はですね、あの2日間だけ年末の37日休むというような状態で何とかですね、その努力もありまして、5日後からとりあえずですね新しいシステム主に住基税がメインになるけどそちらについてはですね、とりあえず無事に動いていってる状態でございます。
委員お尋ねのちょっとですね選挙システムについてなんでこちらはですね、稼働はですね1月19日に稼働ということで、まさにですね衆議院がもう解散が決まった後にですね、稼働いたしまして、プロて実際状況だということなんですけれども本日行ってもらってそちらの方てんかん局長いますけれども選挙管理委員会の方に委員長なってる今のところはですね特に技術前投票等についてはですね特に問題なく処理ができているというふうに伺っております。
なのでですね新聞等でも報道があります通り選挙についてはですねほぼほぼ入場政治資金にしても受付にしてもですねぶっつけ本番ほとんどですね今般でやったテストができずに稼働していることで、全国的にもあの新聞さんはどこですけども今回においてはですね、今のところ順調に問題なく動いてるっていうふうに聞いているところでございます。
今後ですね標準化については5年延長になりましたけどまた動いてるシステムシステムでいくとまだ半分も打ちを行っておりませんので今後ですね、また新しいシステムについても、あれですね、実際問題なく稼働させられるようにですね、今後今後、ベンダー等の選定もございますけれども、そういったところをですね行っていってですね。
順調に角野はやっていきたいというふうに考えております以上です。
はい、松下中本委員仕事であとまた選挙法のシステムに関しましてもなかなかそういったスケジュールだというふうに感じたところでございます。
そういった中でも特に現状としてトラブルはないということで、異常に丁寧にやっていただいたおかげかなというふうに思っております。
今後のスケジュールに関しては元々想定されてる通り、さらに進めていくというところではあるかと思いますけれども昨年コミセン24年の公募と資料といいますと一部のシステムに関しては、あの3月以降に関しては未定というふうに書いてるものがあったかというふうに認識をしております生活保護システムですとか障害者復讐システムですとかそういった名前がございますけどなるほど。
これらについては現時点で何かそのスケジュールとしてメインでこのもしあれば教えていただけたらというふうに委員長。",2026/02/06,企画総務
情報システム課長情報システム課長,"はい、いいえ。
生活保護ですねこういったものをシステムをですね今後ということなんですけれども、委員長5年間延長ということになっておりますので2030年までですということなんですけれども、今のところですね前回見て委員長のご報告させていただいておりますが、委員長ですね今のところベンダー等と調整しておりまして、委員長ですね委員長あくまでも予定なんですけれども、令和10年度以降にですね、稼働というような形でですね直接ですからまたですね後昨日が確定いたしましたらですねまたご報告の席でいただきたいと思っております。
以上です。
令和10年度ということですけど正確にはまだ本件に関しては世間でよく言われておりますけども、どちらかというと住民サービスの向上、応対したものに直結するものではなくて地味なんではと思いますけど一部その場はベンダーロックインの解消ですとか、運用経費の検証ですとか、実際それがどこもはい影響するかっていうところについても、妹が作るところではありますけども委員長そういったポジティブな引き続き、システムの安定稼働等のために、特に取り組み進めていただけたらというふうに皆さん、私からは以上です。
続いて、副委員長は議題に対する質疑があります。",2026/02/06,企画総務
副委員長,は。,2026/02/06,企画総務
委員席へ田中委員,"私より1点質問させていただきます。
昨年来企画総務委員会の中で継続して質問させていただいてるもんですから念のためお伺いさせていただければと思います。
地域を持ってますと、国の重点支援地方交付金の活用についてですね。
やはり時々質問いただくことがあります。
昨年もいろいろ検討している状況ご報告をいただいたところでありますけれども、改めてその後少し時間が経ちましたので、現在の検討状況など教えていただきますとありがたいと思います。
よろしくお願いします。
委員長。",2026/02/06,企画総務
企画部参事企画部参事,"はい。
ご質問のですね国の重点支援地方交付金の現状の検討状況でございます。
国の方がですね、昨年中昨年11月に閣議決定をした上で、その後ですね、2月末に向けてのは各種通知があったところでございます。
その間ですね本区といたしましても様々な視点から検討して、行ったところでございまして、この度昨日ですね、2月の補正予算っていう形の中で、ご提案させていただいておりまして、区民の生活応援買物券の配布というところで、持参の方補正予算提案させていただきまして内容としましてはですね今後またご審議いただくことになろうかと思いますが全区民1人当たり5000円の区内共通買い物券ということでの配布を考えておりますので、その点でまた補正予算等の審議の中で後ご協議いただければと思います。
よろしくお願いいたします。
田中委員しっかりご検討されておられることが今確認できました。
詳細は当然次のまた委員会の場であると思いますので引き続きどうぞよろしくお願いいたします。
ありがとうございました。
予算調整まで触ったね入ってるんだよねはいはいはい。
うん。
そういうのもありなんだなっていうのを認識できたっていうか。
答えはしてないとそこまででも触るのは大きい。
うん。
うん。
あえて触らないのがなんか、ルール的だったけどいや、何か議題やってきまして総務および財政の調査っていうの審査ということでよろしいでしょうかの委員会もあると思うんですけど感じでお得でもやってます。
請願第7号選択的夫婦別姓制度を直ちに導入するための国会審議を求める意見書の提出についての請願の審査について質疑がございます。
さよう取り扱わせていただきます。
議題3請願第9号日本政府に核兵器禁止条約の参加調印日6.9M違うクラウドで撮ったメモならこっちでも見れるはずなのに、いや、継続審査ということでよろしいでしょうか？さよう取り扱うていただきます。
第1回区議会定例会における委員長報告の取り扱いについて、正副委員長一任ということでよろしいでしょうか？はい。
はい、取り扱っていただきます企画総務委員会を閉会いたします。
私のパイロットちゃんもかわいいすごい本当にもう、何これね要約だけじゃなくて項目別に分けて出てくる。
マジまず、こんなこんな感じですごくないですか。
宮城のうん。
はい。
これが今、ふうん。
ありますか。
もうめっちゃこれはちょっと減らしてます。",2026/02/06,企画総務
区民部長,,2026/02/09,区民文教
区民部長,"はい、私からは資料1および資料2についてご報告をさせていただきます着座にて失礼をいたします。
まず資料1住民基本台帳による世帯と人口の動きについてでございます。
資料1をお開きください。
1の内容でございます。
上段の表をご覧ください。
令和8年1月1日現在の世帯数は、10万8424で前年と比べ1869世帯の増人口は19万1015人で3611人の増となり、最大人口を更新いたしております。
次に、下段の表ですが、各地域とも人口が増加しておりますが中でも月島地域が2665人の増増加率3.01%と最も多くなっております。
次のページをお願いいたします。
外国人住民数でございます。
令和8年1月1日現在の外国人住民は1万3594人で、前年と比べ1041人増加しており、本区人口の7.1%を占めております。
前年は6.7%でしたので、0.4ポイントの増となっております。
次のページ別紙1をお願いいたします。
こちらは世帯と人口の動きの細かい内訳になります。
下段の表の左から3列目自然増の出生にありますように、昨年は1920人の新生児が誕生いたしました。
前年の1955人より35人の減となったところでございます。
次のページの別紙には、町長も区別人口の増減でございます。
後ほどご確認いただければと存じます。
次のページ、別紙3でございます。
年齢別人口になります。
伝承人口生産年齢人口、老年人口とも前年より増加しておりますが、その割合を見ますと、年少人口は微減生産年齢人口は微増となり老年人口は昨年と変わっておりません。
また、再下段の表年齢別人口の東京都と特別区の比較では、年少人口と生産年齢人口はいずれも香港の割合が高く、老年人口は著しく低くなっております。
別紙4といたしまして、年齢別人口をグラフでお示ししておりますので、ご参考にしていただければと存じます。
資料1は以上でございます。
次に、資料2、中央区ビジネス交流フェア2025の開催結果についてでございます。
別紙2をお願いいたします。
資料2をお願いいたします。
商取引の拡大を目指す。
区内中小企業等を支援するため区内産業関係団体と共催で毎年開催しているものでございます。
概要でございます。
開催日時は令和7年10月21日の午前10時から午後4時半まで場所は日本橋プラザにおいて実施いたしました。
括弧4の内容でございます。
まず、各出展企業が各々の商材技術サービスを広くPRする展示会ですが、出展企業は66社で約400人の来場者にお越しいただきました。
次に、企業バイヤーを招き、一対一の商談を実施するいや商談会ですが、バイヤーは5社、参加企業は17社で延べ27件の商談が行われました。
そして今回は出展者同士の交流や情報交換を促進するため、名刺交換会を実施いたしました。
企業22社36人の方にご参加いただいております。
また、経営課題の洗い出しや商談の進め方のポイントなどをアドバイスする事前サポート相談には、2者からの相談をお受けしたところでございます。
なお、別紙として展示会出展者アンケートの集計結果を添付しておりますので、後ほどご確認いただければと存じます。
資料2並びに私からの報告は以上でございます。
委員長　教育委員会事務局次長、教育委員会事務局次長私からは資料3と4についてご報告させていただきます。
着座にて失礼いたします。
初めに資料3区立小中学校の学校医、学校歯科医および学校薬剤師の公務災害補償における補償基礎額等の改定についてでございます。
初めに趣旨ですが、同一学校の学校医、学校歯科医および学校薬剤師の公務災害補償に関する条例の一部を改正する条例の施行に伴いまして、区立小中学校においても公務災害補償に係る補償基礎額および介護保障における限度額について改定するものでございます。
改正を要する条例は、中央区立小学校および中学校の学校医、学校歯科医および学校薬剤師の公務災害補償に関する条例です。
改正内容ですが補償基礎額につきましては、表に記載の通り、経験年数に応じて改定されます。
また、介護補償の限度額につきましては、常時介護を要する状態、随時介護を要する状態とともに、表に記載の通り増額改定となります。
施行日は公布の日から適用日は補償基礎額が令和7年4月1日介護補償の限度額が令和7年8月1日からでございます。
資料3については以上でございます。
続きまして資料4令和8年度給与制度の整備についてでございます。
こちらは特別区人事委員会の職員等の職員の給与等に関する報告および勧告等に基づき、幼稚園教育職員の管理職員特別勤務手当の支給対象となる時間帯を拡大するものでございます。
1の改定内容ですが、平日深夜に係る支給対象の時間帯を表に記載の通り、午前0時から午後10時に変更いたします。
に改正を要する条例は中央区立幼稚園教育職員の給与に関する条例で、施行予定日は令和8年4月1日です。
説明は以上でございます。
発言の時間制についてでございます。
発言の持ち時間制につきましては、既にご承知の通りですので、よろしくお願い申し上げます。
ただ、いまのうち僕は一時、30日9分となっております。
自由民主党さん、46分かがやき中央さん、33分立憲民主党さん所属先が立憲民主党水尾さん33点区民クラブさん33分日本共産党さん33分そこの解散10分となります。
なお、持ち帰りにはこの後の議題である請願審査の時間も含まれます。
それでは、臨床国に対する質疑に入ります。
発言を願います。
海老原委員それでは私から資料1について質問をさせていただこうと思います。
本会の住民基本台帳による世帯と人口の動きについてということで実績値の報告をいただいたものと思っておりますけれども、昨年の4月の1日段階でしょうか中国の将来人口の見通しについてというのが配られたと思っております令和7年4月の調査で本区の実行4月1日で今回1月1日でずれがあるのは承知してると思うんですが19万2345人というふうな推計値が出ておりましてそのさらにさかのぼること1年前、令和6年4月ですと19万1264人が本区の人口推計として令和8年分そうなるんではなかろうかというふうな予想を立てられておりますが今回ですね、この予想を置くとどんなような誤差が出てるのか出てないのかその辺含めてですね。
現状の分析を一つお聞かせをいただければと思いますお願いいたします。
委員長。",2026/02/09,区民文教
区民生活課長,"、区民生活課長人口推計と実際の1月いっぴ現在の比較というところでございますけれども、大きな部分の要素としましては概ね推計通りにですね、推移しているものというところがまず大前提となっております。
その上での細かな違いの部分というところで申し上げますと、やはり昨年度は昨年1年間という部分について申し上げれば、アルミクラックからの晴海フラッグの人口の理由というところは一段落したところでございますが、タワー等の進行に伴いまして、そこが秋頃からですね新たな人口増の大きな要因となっているところでございます。
この部分については入居状況等もですね概ね見込みの通りというような状況で推移はしていたところでございますが、やはり皆様いろいろなご事情がある中でですね、こうした引っ越しについてのご予定が多少やはり訪れ等々含めて、起こりうるというところは十分に考えられるところでございますのでそうした部分が一つ大きな要素となっているものと考えているところでございます。
私からは以上でございます。
DRIありがとうございます概ね推計通り順調ということで確かに個別のそれぞれ世帯ごとそしてまたお1人様ごとのご事情というのはございますでしょうからこういう結果になっているというのは一つ本区の施策を打つ上ではいいことなのかなというふうに思います。
現実の問題として外国人の住民数も増加をしているし、年齢別の人口構成図についても本区は若い方が引き続き多く区の中で占めている。
という状況かと思います。
ここでですね外国人の住民数の増加昨年が6.7%で今年が7.1%0.4%の増大体1000人強の方が増えているという。
ことでございますけれどもご答弁にもありましたけれども晴海フラッグであるとか新しいマンションが建ったことによるというのは、おそらくその通りなんだろうなというふうに思うんですがその手前の部分、つまり何で晴海フラッグを選んでいるのか、もっと言うならばなぜ本区に生きているのか職住近接なのか本区の魅力なのかその本区の魅力とは何なのか、その辺ですね外国住民の方もそうですし、また一方で、若い方が23区の中でも、東京都の中でもご報告にあった通り、老齢人口としては大変低くなっているということでございますので本区のこの人口のこの動態を占めているですね、本質的なところをどのように捉えているのか、お聞かせをいただければと思います。
お願いします。
委員長。",2026/02/09,区民文教
区民生活課長,"、区民生活課長外国人人口の増加等を含めましてですね現状について咳というところでございますけれども、今委員からお話がございました通り湾岸地区にございますタワーマンションを中心とした外国人人口の増加というところは、一定程度で地区別に見ても状況としては明らかになっているものと考えております。
こういったですね部分についてのやはり外国人人口については従来ほど等もございましたけども、特に晴海フラッグについては、やはりオリンピックの選手村跡地というところでのレガシー的な資産価値の部分を念頭に置いた形の購入が一定数あるものということで認識しておりますし確かにその部分は外国人人口の割合という部分を、晴海5丁目ということで見た際にも、他の地区よりもやはり大きく増加をしているところでございますから、ある程度検証のところであるのかなと考えているところでございます。
また、全般的なですね人口も増加等を含めました見解の部分と申しますと、特に本区においては年にほど近いというところもありまして、マンションの資産価値自体がですね非常に高くなっております。
これも一部当面している限りでは、いわゆる中古住宅の購入価格についてが全般的に上がっているということで特に元新駅については1億を超えているというような報道などもなされてますけども、本海軍に鑑みました会議におきましても、起こした中古住宅価格の上昇に伴いまして、いわゆる売買回転率というのもこれまでになく上がってきているというところがございます。
こういった部分がやはりですね資産価値をもとにした住宅の動きという部分が、愛知銀行の大の流入また一部提出も含めましてですね。
大きく影響を準備しているものと考えているところでございます。
以上でございます。
泉部長区民部長若干補足をさせていただきます。
外国人人口ということでその中で若年層という話もございましたので、ちょっとその辺で補足をさせていただきます。
今晴海フラッグの判断ルールを伝えて課長の方からしましたけども当然Hameefracの前からですね本区はですね若年層が中心に増えてるということで、これはやはりもう過去からですね子育て施策などが充実しておりまして、やはりここをランキング的にもですねよく発表される機関の発表でも子育てしやすい自治体の横でかなり注意を占めているとこういったことがやはり長年の中で評価されてきたものと思っているところでございます。
以上でございます。
BRIそれぞれご答弁ありがとうございます今お2人の理事者の方からご答弁いただいた。
のは私の中では方向性が違う二つの動きがあるのかなというふうに思ってますというのは、現実の問題として資産価値があるからだと、マンションで売買の回転率も上がってるんだつまり、住み続けたいというよりかはどちらかというと、資産運用であるとか、売ってしまってまた他にとかそういった人たちが一定数いるんだろうと。
一方で、部長がご答弁いただいたように長年の施策が実を結んでいま若い人たちが住み続けたいんだといった二つの流れがあると思います。
そうなるとですね、人口推計上は予定通り進んでますとなっても試作物に当たって、前者の方たちっていうのはなかなか本区には結びついてこないんだろうなというふうに思います若い方にはなるべく住み続けていただけるように、施策を打てば打つほど効果が金を打てば打つほど響くんだろうなというふうに感じてます。
質問ではないんですけれども、今後ですね施策の展開を考える上で、今までのやり方が必ずしも聞いてこないつまり、多様な価値といいましょうかそれぞれの生き方が自由であります。
多様性というものが非常に重視をせざるを得ないんだろうなと今まで公平に、なるべく皆さんに公平にというところがですね、ある一部のところでは、ここはどうしてもやってかなきゃいけないんだっていうことも出てくるんだろうなというふうに思ってます。
どちらか機会があればですねこういった人口増加そして人口増加の内実から見た施策の展開についても、お伺いをできればなというふうに思ってますのでまた引き続きよろしくお願いいたします。
私の質問はこれで終わりとさせていただきます。
次の質問者の発言を願います。",2026/02/09,区民文教
小坂委員,"はい。
では、よろしくお願い申し上げますビジネス交流フェアに関して、これちょっと視察と重なって見に行けなかったっていうところも、事情も今回はあったわけなんですけれどもこの交流フェアの結果におきまして400人の方が来られているということであります。
この400、BtoBもやればBtoCもするということでありますが、この400の内訳としては、これCが多かったのか。
この辺りの分析を一つお願いしたいのと、要はこのような交流のことをして、どのようなことが生まれたか。
商談して、商談した数は数の結果として何が生まれたか。
ていうところの商談して生まれたものっていうか、その辺りの、さらに先のことは、どの程度のことが生まれたものでしょうか？そのあたりを教えてください。
委員長。",2026/02/09,区民文教
商工観光課長商工観光課長,"はい。
ビジネス交流フェアの来場シャアについてですけれども、来場者のですね属性につきましてはられたときにですね名刺をいただくような形でうちの方ではこの方で把握をしているところでございます。
その中でですね今回一番多かった業種としましては金融保険業ということで、その部分につきましてはどちらかっていうとですね直接商談商談といいますかその保険業者ですとかそういったところも入ってるっていうところで、保険の加入等ということもですね実際に行われているようでございますまた、その後ですね小売いいですとか卸売の方もですね、多い状況になってまして、直接ですねそのBTC消費者がですねそこに来てニュースの商談をするっていうよりかは、BtoBというところの商談が多かったのかなというふうに思っております。
あの商談の結果につきましてはですね今回27件商談がありました。
なかなかこの商談の結果をですね最終的なところまで追いかけるというのはなかなか難しいところではありますけれどもそう中でですね当然自社がその各企業はですね希望しているものを同市のマッチングもそうですし、あとはお互いにですね出展者同士も含めまして例えば違う業種ビジネス交流フェア広く業種で参加いただいてますのでそういったところの新たななんていうんすかねきっかけになるですとか、あとはビジネスをする上での情報交換を行う中での業績アップに向けた情報交換等もですね実施されているものと思います。
商談の中身につきましてはここの企業の活動の中ではありますので商談の結果も含めましてなかなか把握することは難しいとこではございますけれども、そういった機会を多くの方でですね設けて実際に商談また情報交換していただくという機会につきましては、重要と考えておりますので今後とも引き続き実施していきたいというふうに考えております。
以上でございます。",2026/02/09,区民文教
小坂委員,"はい。
ええ。
できれば結果ですね。
商談の結果、何が生まれたかっていうところまで追っていただければありがたいかなと思います。
であって、その結果、さらにいろいろなものが生まれているということでこの開催の効果がさらにわかり重視させていくべき方向性も見えると思いますのでやって、なんか楽しかった。
終わりっていうわけではない。
何らかのきっと生まれていると思うので、その辺りのさらに突っ込んだフォローアップの方お願いできればと思うところであります。
また、この声が集計結果の中で、届けられており、それなりに希望と規模というふうにあってほしいなというふうな、将来的なやって欲しい方向性の意見がただでていると思います年2回して欲しいとか、カテゴリーを絞って絞ってほしいとかイベントイベントを同時開催し多方面から来場者を増やしてほしいとか。
それなりに何かやってほしいといういろいろな要望が届いているわけでありますけれども、今後に向けて、どのような形をしようとする。
この結果を受けて考えているのか。
そのあたりの考え方と、あとやはりこの事前の準備っていうのをもっと充実していってもいいのではなかろうか。
事前サポート相談が2社というふうにはなっておりますので、事前にもうちょっと十分な準備をして、当日を迎えるっていうところをもう少し充実できるのではなかろうか。
参加企業の情報、もちろんそれが冊子になってホームページからも見れるということでありますけれども、そこからポチっと押せばコマーシャルまで出るとか、映像の情報まで出るとか、さらに事前に自分が見たいっていう企業の情報がさらに突っ込んでわかるというふうなところの準備や事前相談会を充実させるなど、事前の充実もできるんではなかろうかと思いますけれども、今後の方向性についてアンケートを受けて、また事前の準備という観点から、教えていただければと思います。
これが一点目で、もう一つちょっとこれは念のための確認ですけれども報告のところの給与制度の整備についてというようなことで、平日深夜のこのような支給対象の時間帯というのが延びたというようなことでありますけれども、このような時間帯でこの管理職が幼稚園の管理職がどのようなことで、あり得る作業なり、この仕事がどのような場合を想定されているのかちょっと念のためイメージがわからない。
整理するのは当然なんだけれども、どのようなところまで考えてここもこの時間帯を整備しているのか提示いただければと思います。
委員長。",2026/02/09,区民文教
商工観光課長,,2026/02/09,区民文教
商工観光課長,"はい。
ビジネス交流フェアのアンケート等々でですね今後の方向性ということでございますけどもアンケート様々ご意見いただいてる中でにご案内のようにですね回数を増やして欲しいですととか、あとは周知をもっと強力にやってほしいですとかそういったところのご意見をいただいているところでございます。
このビジネス交流フェアにつきましては、区内企業の販路拡大、また企業間同士のですねネットワーク構築というところを目的に行っているものでありまして、例えば業種に特化したものということもですねほぼ方法としては考えられると思うんですけども区としてはですねそういった多様な業種、またあの伝統工芸なんかも含めまして、久納産業地場産業であります印刷製本等もですね、幅広いところをお呼びして展示してもらうことでですね、新たなそのきっかけ作りですとか新たなビジネスチャンスをうんでいただくとそういった観点からですね共済を行っております信金協議会等ですね、打ち合わせを何回か重ねる中でそういった中身についても協議しているところでございますけれども、大きな方向性としてはやはり様々な業態の方をですね、一度に集めて開催していきたいというふうに考えております。
また、事前準備の充実というところでございますけれども、今回の相談会事前相談会につきましては2社の参加ということで、事前相談会につきましては、なかなか展示会に出展されたことがない方がですね、展示会にいい出店するにあたりまして、どういったところを気をつければいいかどういった準備をすればいいか、なかなか不安に思ってることを事前に相談するという機会を設けているものでございます。
当然出店者をですね決定した際にはですね、事前のご相談もできますよということでご案内をさせていただいたところでございますけれどもその事業者の活動を既にどっかで展示会に出席されていることがある。
また、商品のPRについても、経験があるということであればですねそういった相談会を受けなくても出店できるような形なのかなというふうに考えておりますけれどもそういった出店に向けてのですねサポートにつきましても、今後引き続き受けていただける機会をですねしっかり設けていきたいというふうに考えております。
また、ご意見の中で周知いいのですね強化というところもご意見だったんですけれどもマーケットを置いてですね何ビジネス交流フェアを知ったかっていうところになりますと、やはり一番上の枠の幸せですとか、掲示板ホームページというのが今一番多い状況でございます。
令和7年度につきましては信用金庫さんですねダイレクトメール等ですね、新たに実施した周知の方法も行っているところでございますけどもなかなかそこでの件数というのは、アンケート上多くないような状況でございますので、またあらゆるチャンネルでですね、効果的に良い周知ができるような形で、SNS等もか活用しながらですね、実施していきたいというふうに考えております。
私からは以上です。
委員長。",2026/02/09,区民文教
指導室長指導室長,"はい。
私の方はですね幼稚園教諭管理職の幼稚園教育管理職のですね、旧体制の見直しのところについてお話そう。
考えられる想定といたしましては、災害時のときにですね、例えば大きな地震が来たというようなときに園児をですね、保護者に引き渡すというようなことが必要になってまいりますがその際に保護者の方が何らかの理由で来月されないというようなそんなようなときに、あのこういったようなところが想定されるかなというふうに認識しております。
以上でございます。",2026/02/09,区民文教
大坂委員,"はい。
それぞれにありがとうございました。
ビジネス交流フェアは、本当に可能性のある企画だと思っております。
それでSNSという言葉も出ましたし、中央区で本当に伝統ある規格中小の企業がある。
これを世界に繋げていくとかいうことも簡単にできるわけでありますからここに来場しなくても繋がれるとか、もっともっとこの可能性のある企画にできるんじゃないかなと思いますので、その辺り、また夢を膨らませていただければと思います。
また、この幼稚園の先生のこの勤務体制のところの整備、災害時も含めたというところの整備の充実、感謝申し上げますここでの質問あります。
次の質問にその発言を願います。
永井委員本日もよろしくお願いいたします私は資料2中央区ビジネス交流フェア2025の開催結果について伺ってまいります。
まずは事業の目的と評価の考え方について改めて確認をさせてください。
本事業は、商取引の拡大を目指す区内中小企業等を支援するために開催する。
と位置づけられており、本区として中小企業支援に力を入れて取り組まれている事業であると受け止められ、受け止めています。
一方で、先ほども少し触れられておりましたが、商談や成約は部屋終了後に時間をかけて進んでいく側面もあり、成果の捉え方は一面的な数値だけでは計りにくい事業であるとも感じております。
そこで、まず本区として、このビジネス交流フェアの成果も、どのような視点や指標を重視して評価されているのか。
その考え方を改めてお聞かせください。
委員長。",2026/02/09,区民文教
商工観光課長,"、商工観光課長ビジネス交流フェアの評価ということであります。
先ほどちょっとお話させていただきましたこのビジネス交流フェアのですね木できということで販路拡大ですとか企業間同士のネットワークの構築国内企業のですねいいものですとか技術をですね区内外の方に知ってもらってそこで新しいビジネスチャンスを作り出していければというふうに考えて実施しているところでございます。
その中でなかなか評価商談もですね先ほどもありましたけども最終的な商談結果までというところまではなかなか追い掛けられない状況がございますけれども、いずれにしましても商談しやすい環境ですとかそういったところをですねバイヤーの数にしましても極力増やしていきたいというふうに考えておりますし、そういったところでビジネス交流フェアにですね参加してよかったというところの守っていただきたいというところでございます。
評価につきましては、支店者の方からですね毎回アンケートをとらせていただく中では、また参加してみたいという方が大多数ですとか、実施時期、実施規模ですねそういったところについても肯定的なご意見をいただいているところで一定程度この事業についての成果については評価できるものと考えているところでございます。
中な今後ですねこういったビジネス交流フェアビジネスの形態もですね様々なものもありますし、これからどんどん変わっていくこともありますのでそういったところにですねニーズをしっかり拾いながらですね関係する共済団体等もですね、一生懸命一緒にですねいろいろ検討しながらよりよいものにしていきたいというふうに考えております。
以上でございます。
ながいい。
はい。
ありがとうございます。
出品者アンケート拝見いたしましたとご答弁の中にもありましたが次回も参加したいといった前向きな回答が多く見られ、本フェアが出店者の皆様にとって、価値ある異なっていることがうかがえます。
また、今年度は新たな取り組みとして名刺交換を実際実施されたなど昨年のビジネス交流や2024年4の結果報告における昨年度の区民文教委員会などでの質疑を踏まえた改善の積み重ねがあったものではないかと受け止めております。
一方でほ昨年6月の区民文教委員会にてご説明いただいた際には、参加企業数は約70社とのことでありましたが、今回の開催結果のご報告では、参加企業数が66社にとどまっておりますこの点につきまして、募集や参加条件等における病院があったのか。
先ほどご答弁の中で周知について、区のお知らせ掲示板DMを活用されたなどとお知らせいただきましたが、参加企業数の結果をどのように分析されているのかお聞かせください。
あわせて、フェアを今後も継続していく中では、継続的に参加されている事業者の満足度を高めていくことに加え、これまで出店経験もない事業者や新たな分野の事業者にも参加の裾野を広げていくことが、結果として商談や交流の広がりに繋がっていくのではないかと感じております。
その観点から今回の事案において、新規事業者の参加を促すためにも他のような取り組みや工夫をされたのか。
また、その手応えについてもどのように受け止めていらっしゃるのか、あわせてお聞かせください。
お願いいたします。",2026/02/09,区民文教
商工観光課長,,2026/02/09,区民文教
商工観光課長,"はい。
ビジネス交流フェアの展示会の出展の状況でございます。
令和7年度のですねビジネス交流フェアにつきましては、出店の応募全部で80社ありました。
そうなったからですね特に商材があって展示会としてしっかり展示PRできる企業さんを中心に70社選ばせていただいたところでございます。
出店決定後ですね事業者さんからの都合でですね急遽出展見送りですとかキャンセルっていうのが発生している状況でございまして結果的に当日66社の出展となりました。
この4社分のですね秋につきましてはビジネス交流フェアの開催に向けてですねこういった冊子出展企業のですね冊子をですね作成する関係で、なかなかそのキーがですねギリギリでの連絡でもありましたので、なかなかそこの対応できなかったっていうところが今回66社での実施ということになっております。
出店の申し込みにつきましては令和6年度が87社、令和5年度が76社ということで80社前後のお申し込みがここ数年あるという状況でございます。
また、新規のですね出店につきましては今回66社中ですね30社の方が今回初めてということでご参加いただいております。
ビジネス堀フェアーです。
主展示会ですので第1位着的にはですねその展示押していただける商材がしっかりあるかどうか。
ていうところを見ながらですね選定の方はさせていただくことになってますけどもそういった各分野でですね新規の出店者につきましても、区としても積極的に出ていただきたいというふうに考えております。
こうしたことも踏まえまして、これまでの広報に加えましてですね今後さらに出店の周知、いいのですね強化をしていきたいというふうに考えております。
以上でございます。
ながいい。
ご丁寧にありがとうございます。
企業側での理由や時間的な制限があったこと出店は66社であったものの、申し込み自体は80社あったとのことを理解いたしました。
また、出展された66社の中、新規のか、新規事業者が30社程度半分約半分ぐらいですね、あったと思うご説明をいただきました。
こちらに関して、例えばですね来年以降、少し会場の広さを広くするようはもう少し出展企業を増やす。
ということなどについてはどのようにお考えでしょうかまた参加企業への支援の広がりという観点からもお伺いいたします。
ビジネス交流フェアは出店者にとっては新たな出会いや気づきの場であると同時に本区にとっては、区内を中心として事業活動を行う企業との実質企業と直接繋がれる貴重な機会でもあると感じておりますそこで今回提案に参加された企業に対して、フェア終了後に、本区が実施している他の中小企業支援策や関連事業へと繋げていく。
いわば横展開の取り組みは行われているのでしょうか？例えば、飲食関連事業者であれば、食品力、食品ロス削減に向けた取り組みや協力店制度、また業種を問わず間環境施策や災害時の協力など、本区には様々な事業があると認識しております。
今回のビジネス交流フェアをきっかけに、こうした別事業へのご案内や参加に繋がった事例はあるのでしょうか？また、今後フェア参加企業を本区の支援施策より効果的に繋げていくために何かお考えがあればお聞かせください。
お願いいたします。
委員長。",2026/02/09,区民文教
商工観光課長,,2026/02/09,区民文教
商工観光課長,"、はい。
美術織フェアの規模でございますけれども、今回例年日本橋プラザの展示室展示場ということで開催をさせていただきまして、なかなかレイアウトの関係上ですね当然所展示会ですのでテーブルある程度見ながらそこで商品を陳列しながらですねPRする場も設けるということになりますとなかなか出店の規模につきましては70社が今のところマックスかなというふうに考えております。
ただ、会場のレイアウトですとか他のフロアのですね別の場所等でですね商談会ですとか相談スペースだとかっていうところを設けさせていただいてますのでその限られた場所の中で最大限出店できるような形の検討につきましては、引き続き行っていきたいというふうに思っております。
また、別事業への横横展開ということでございますけれどもビール作りフェアにつきましては当然中小企業支援という側面がありますので、中小企業支援を行っている区の事業についてのチラシ等ですね、置いたりですとか、あとは今日さ団体の中には東京商工会議所ですとかそういったところも入ってますのでそういったところのご案内というのを置かせていただいております。
ただ、なかなかこの委員ご案内のあったようにですね別の部署の事業というものにつきましてはこれまであまりそこでのチラシ配布等を行っておりませんでしたけれども、関連するものがあればですねこの中で連携しながらそういったところで周知できるものは周知していきたいというふうに考えております。
以上でございます。
ながいい。
はい。
ご丁寧にありがとうございます。
出店者アンケートを拝見いたしますと満足度について満足やや満足と回答された方が多いことより本フェアが出店者の皆様にとって前向きな手応えを感じられる場となっていることを大変強く受け止めております。
このような声は、これまで本部が積み重ねてこられた取り組みがあってこそ、次の段階を見据えた意見として表れているものだと思います。
ぜひ今回のアンケート結果や現場の声を丁寧に生かしながら、ビジネス交流系を一過性の鳥取り組みで終わることなく、参加企業が本区の様々な支援施策や取り組みへと広がっていくような横の繋がりを意識した工夫も前向きに進めていただきたいと思います。
理事者報告からは以上です。
次の質問者の発言を願います。",2026/02/09,区民文教
白須委員,"はい、よろしくお願いいたします。
資料1の住民基本台帳による世帯と人口の国対動きについてお伺いいたします。
先ほどの委員と重なる部分がありますが私からも少し確認させていただきたいと思います。
外国人住民数はここ1年で1000人を超えて増加しており、本区においても、人口構成の変化が既に現実のものとなっていると感じております。
そこで、伺いますが、現在の増加スペースが続いた場合、5年後10年後の外国人住民比率について、区として推計や複数のシナリオ等を持っていますでしょうか？また、そして教育施策や共生サービスの計画はどのような前提に基づいてた基づいて建てられているのか。
区のお考えをお聞かせいただけたらと思います。
よろしくお願いいたします。
委員長。",2026/02/09,区民文教
区民生活課長,"、区民生活課長外国人人口の推計ということでございますけれども、企画部におきまして人口推計を出す中でですね外国人人口についても触れられているところがございます。
5年後10年後というスパンのところで申し上げますと、概ねですが、5年後には現在の1.35倍、10年後には1.7倍程度になるということが推計値としては算出されているところでございます。
私からは以上でございます。
委員長　教育委員会事務局次長、教育委員会事務局次長教育資格につきましては先ほど三井課長も申しましたように各部の人口推計をもとに学校の方での推計がこの児童数生徒数の推計を教育の方で出しておりましてそれをもとに教室数ですとか学校の教室が足りていくかというところを推計してそれをもとに計画を進めているところでございます。
外国人の数につきましては実際にどのような人数で推移していくかというところは転入してくる児童生徒を設計するとなかなか難しいところでございますのでそのときその時の状況に応じて外国人の生徒さんに必要な支援を行っているところでございます。
以上でございます。",2026/02/09,区民文教
白須委員,"はい、ご答弁ありがとうございました。
今後、1.35倍、1.7倍という推計で増えていくことを予想していることを確認いたしました。
また、将来の見通しをきちっと持って行政サービスを考えていかなければならない。
ないと思っております。
教育についても今後増えていくと思いますので日本語教育ですとか、給食の面でもいろんな国の方が増えてくるといろいろ求めてくる声もあると思いますが、その都度その都度ご対応をよろしくお願いいたします。
また、先ほどのお言葉も出ましたが、多様性が重視される時代になっておりますので、それに合わせたしっかりとした施策の展開も今後確認させていただきますので、よろしくお願いいたします。
また、増えてから対応するのではなくて、増えることを前提に備える行政運営をこのままさせていただいて、しっかりとした外国人対応、本当に人口構成の変化が今後拡大していくいきますと思いますのでしっかりと予想を立てながら行政サービスを行っていただきたいと思います。
どうぞよろしくお願いいたします。
ありがとうございました。
それでは議題1、区民生活および教育行政の調査について、質疑のある方は挙手を願います。",2026/02/09,区民文教
大坂委員,"はい。
ではそれぞれよろしくお願い申し上げます。
ええ。
この間におきましては、特別支援教育教育のあり方とか、先生の働き方とかいうふうなところ、令和7年度のこの委員会でご議論させていただきました。
来年度に向けて予算も出てきたところであり、今お考えになられている特別支援教育の課題と方向性の課題として、特に私は充実を求めたいのは、学習指導補助員やEducationAssistantその方々も1人1人の支援うまくですね、寄り添ったその方々の発達や不得意に寄り添った支援ができるということはとても大切と思っておりますけれども、この辺りの指導力の向上の辺りの問題点、課題、来年に向けての取り組み、その辺りを教えていただければと思います。
これが一点目です。
二つ目が、これも大変気になっておりますけれども、担任の欠員ということが、これが一つ大きな課題で、令和7年度スタート時はなしである学校では3欠員が出たっていうことも聞いております。
このあたりの欠員の状況を教えていただければと思います。
これが二つ目。
三つ目が、今何か人口の話が出ました具体でのところでありますけれども、月島3丁目北地区の130041戸の住宅の竣工がこの令和8年6月となっております。
この竣工に伴う人口増加、1世帯当たり2人と考えたら、単純に2600人福島3丁目に増える、福島第1小学校の人口増における影響は大丈夫なのかどうかの試算を教えてください。
委員長。",2026/02/09,区民文教
教育センター所長,,2026/02/09,区民文教
教育センター所長,"はい、1点目の特別支援教育の指導力向上という部分でございます。
教員の研修という形で、特別支援教育例えば特別支援教育コーディネーターであったり、特別支援学級そういう職層に合わせた研修というのはこれまでも充実してきたところでございます。
次年度以降についてはですね先ほど委員からお話がありました学習指導補助員という個別具体なお話がありました。
各校でですね学習指導上個別の指導にあたる教員免許はないけれどもそういう指導にあたる方もかなり多くいらっしゃいます。
そういった方々会計年度の職員でありますけれどもそういった方はですねなかなか集合研修というのは難しいということがございますのでできるだけ今後オンデマンドであったり、オンラインで自宅でも学べるような仕組みというのを現在今考えているところでございますやはり今後もそういった形で特別支援に関わるお子さんが増え続けていく状況がありますので、それに限らず職層の研修であったりいろいろな様々なケースを想定した研修というのを今後も来年度以降ですねしっかり抽出をさせていきたいと、このように考えているところです。
私からは以上です。
委員長。",2026/02/09,区民文教
指導室長指導室長,"はい。
私の方からは一点目のロケーションシステムとですねこちらの方は指導室の方で所管しておりますので補足してお話いたしますと、こちら傾斜システムにつきましては委託で行っておりますので、委託業者の方でしっかりとした職員研修の方を実施していただくということで仕様になっております。
続いて、2点目の欠員につきましてでございます。
2月1日現在のそれぞれの工場主の欠員の状況につきましては、幼稚園で3育休に入った方が10人、うちリンリンが見つからず現在欠員状態になってるところが11名でございます。
病気休職休暇に入ってらっしゃる先生が5人のうち欠員になっている先生はところはございません。
小学校に参ります小学校と全体で3位産休育休で休職している育業を取っております先生の数は30人うち2人がですね現在欠員状態ということになっております。
続いて、病気休暇休職に入っていらっしゃる先生方は22人そのうち欠員になっているところは52ということになっております。
最後に中学校でございます中学校で3-9で休業に入っている方は3名うち欠員はございません。
病気休職休暇のところは6名でございますうち欠員になってるところが2名ということになっております。
私からは以上でございます。
委員長。",2026/02/09,区民文教
総務課長庶務課長,"はい、私からは月島3丁目北地区のタワーマンションが竣工に伴います月島台小学校への影響というところで、お答えさせていただきたいと思いますけども、松島台小学校の学区域にあります、はい。
3丁目の北地区の竣工、これも計画のを把握しておりましたので、それを想定してですね、児童生徒数推計を昨年4月4月1日付の人口から計算をして、対応の方については進めて考えをとってきてるところなんですけども中令和7年度その前に学区域の変更なども停止しながらですね、各学校へのそれセットするっていうのを走らせるというのをキャパシティに収まるような対応を進めてきたところでございますけどもその推計の中で当然子供の数も増えていくという傾向が見られましたので、先般ご報告を差し上げましたけども、申し上げましたけども晴海2丁目には土地を借り上げまして、そこを晴海中学校として使っていくわけですがその前段でですね、月島小学校を改築するためにですね、仮校舎として一旦使うというところで仮人口数はプラスが増えていくことを想定してですね改築の計画しておりますので、人口今回の玉紹介の進行に伴う子供たちの増加についても、教育委員会としては、きちんと対応できるというふうに考えております。
以上でございます。
盛りはい。
ええ。
まず様々な個性なり、学び方、学びの特徴ある子供たちの支援ということで、一番大事なのが、やはり指導力の向上ということでありますが、それに向けた取り組みを、たとえ教員免許を持っていなかったとしても学習指導補助員の充実というところの取り組み、感謝申し上げます。
ぜひLINEなり、オンデマンドないも使いながらICTも使いながら、その方々の力ですね。
やはりなかなかそれぞれの個性、1人1人に寄り添わなくちゃならないし、その1人1人が違いを持っているので、非常に難しい支援がありますけれども、ぜひその辺りの取り組み、今後とも充実させていただければと思います。
よろしくお願い申し上げます。
また、Educationアシスタントのところは、その業者さんがきちんと養っているというふうなことであります。
1年継承アシスタントを入れてみて、その成果はどのような声が現場から聞こえているか。
また、ロケーションアシスタントについてはどのような部分を今後充実させてほしいとその結果から考えているか教えてください。
これが一つ目です二つ目の欠員のところは細かな統計を取られているということがわかりましたが、やはりかなりな深刻な状況というふうにも思うわけです。
この深刻な状況をどうやっていくかっていうところで、本目本当に難しくてくからくね僕我々会派からも区が採用すればいいじゃないかとか言ってもところで作業した人が校長になっていけないとかいうハードルもあってというふうなところでどうするのかということでありますけれども、ただやっぱりですね部分が、先生方の忙しさに拍車をかけているんですよ。
何らかの、さらにもう一歩踏み込んだことが考えられないか。
っていうことに関して例えばこれはこの委員会でも議論されております。
産休の代替任用をする場合、4ヶ月まではできると、4月までに7月31日までに産休に入る人に関しては4月1日から行うことができるというところ。
ただ、この子の産休に入るのが9月31日に入る人ならそれはそういうことの募集をするに当たっての手当は、6月からやらなくちゃならないとか言うなっちゃって。
でも、人が動くのは4月だから、4月から手厚くしなければならないと。
このあたりの4ヶ月縛り、何とか解決できないか、そこを区がお金出して、2ヶ月分は入れて何とかと言って、それで9月の人に、6月以降は都のお金国のお金にその不2ヶ月間はわかっている3級なんだから、ここは何とか準備できるじゃないですか。
前もって準備するっていうふうなところを何とかできないかというところが一つですね。
教えていただきたいと思うのと、細かく欠員のところ統計取られているというのはわかりましたがこのこのような統計がさらに踏み込んだ統計にはなっているのでしょうか？例えば、欠員担任の欠員が何ある学校で何人出て、それが欠員の日数が何日欠員が出てて、その理由は何で、かつ、その補充までにかかった。
期間は何日かかったかというふうな細かな統計までこれ実は必要だと思うんです。
この現状分析した上でそれに対しての方策が見えてくると思うので、欠員の状況に関しての細かな統計はとられているのかどうか。
教えてください。
これが二つ目です三つ目に関しては、私は特に聞きたいのは、この今年ですよ。
令和8年に福島第1小学校は何人の子供たちを、児童たちを北木島3丁目北地区から受け入れるというふうに教育委員会は把握されていますかっていうことは知りたいんですけれども、お願いします。
委員長。",2026/02/09,区民文教
指導室長,,2026/02/09,区民文教
指導室長,"はい。
それではまずエデュケーションアシスタントを今年入れた成果でございます。
こちら大変大きくございまして、やはり先生方の支援が届きにくい児童に対してもきめ細かく継承アシスタントが支援を行うことで、子供たちが困らずに指導を受けられるというような話を他方学校から聞いているところでございます。
今後の充実への取り組み方向性というようなことでございますがこれ制度自体が、東京等が行っているものでございますが、現在ですね主に低学年でというようなことでありますが、やはり八田通段階でやっぱ低学年が一番手が必要だっていうようなところはあるんですけれども必ずしもそうでない学年もあったりするので、そういったところで東京都の方でですね、低学年だけでなくっていうようなところも打ち出しているところでございますので、こちら子供たちの様態とか学校の要望に応じてフレキシブルに使えるように今後していきたいなというふうに考えているところでございます。
2点目の教員の欠員のところにつきましては大変我々としても大きな課題感は感じているところでございます。
やはり簡単にですね解決するものではないということではありますけれども、やはりそのまずは4月には欠員のない状態でスタートしてるわけですからあの先生方がお休みにならない工夫ですね特に病気休暇休職等の急なお休みにメンタル不調とならないというような手立てをまず打っていくことが先決かなというふうに思っております。
その上で残念ながらそういったことになった場合においてもですね次に潤沢な教員が代替教員がいるっていうことが大事でございましてこれはもう全国全体的な問題ですがやはり教員のなり手がないというようなところがございます。
そういった意味ではやはり教職の魅力を取り戻すというようなことを地道にですね、やっていくことが実は近道なのかなというふうに感じるところでもあります。
現在様々な政策と働き方改革など進めておりますが今後もそちらの方向性を充実させることによって、元々やはり先生になりたいって思ってる学生さんを多くございますので、そういった方々がですね魅力を感じてもらってそちらの方にシフトしてもらえるようなことをしていくことが大事かなというふうに考えております。
あの議員ご指摘ありました現在4ヶ月の前倒し制度っていうのが東京都の方でありますがそれをさらにく超えてのというようなところにつきましてはですねやはりそれ相応のあの色であったりとかですね、財源の確保であったりとか、ああいうようなところで様々な課題がございますので、今後他区の情報や東京都の動向などを注視しながら研究していきたいというふうに思います。
私からは以上でございます。
委員長。",2026/02/09,区民文教
庶務課長庶務課長,"はい、月島3丁目から月村台小学校にどのぐらい子供たちが来るのかというご質問ですけども、月島3丁目でタワーマンションでっていうところの趣旨かなというふうに受けとめてございますが、マンションにどういった方がこれから入居されて購入されて入居されてくるかっていうのは、私どもの方でどなかった方かっていうのをちょっと1件1件ですね把握することはとても難しいことでしてできないです。
そうは言ってもですね、数値としては推計の中で衛生委員からも御指摘あったような間取りですとか規模だとかに応じて子供を推計してるんですけどもこれまでもやってきてるんですけども、購入販売事業者の方の協力を得まして、アンケート、アンケートの方を配布させていただいてそっち世帯にどれだけのお子さん、いらっしゃるのかっていうのは明けアンケートなんですけども行っておりますので、その中でできる限り数字の方は把握したいと思ってますし、事業者の方も含め打ち合わせしてますけども、そういった協力は得られる状況でございますのでなるべく回答が多く得られることを期待しているところで、以上でございます。",2026/02/09,区民文教
議長指導室長指導室長,"はい、すいません。
1個答弁が漏れておりました。
病気系休職に入る教員のですね統計ですね。
理由であったりとか、代替教員が見つかるまでの期間であったりとか。
そういったところの統計につきましてはこれは現在一覧になるような形でとってはおりませんただ、そういったな項目について飲むことはできるというような状況でございます。
今後ですねかなりなんつうかね傾向が特異な傾向が見られるとかそういったようなところがわかるようでありましたら、あのた経口対策を打つためにですね統計を取るというようなことも考えていきたいなというふうに思います以上でございます。",2026/02/09,区民文教
小堺委員,"はい。
それぞれに重要なご答弁ありがとうございます。
エディケーションAssistantこれエデュケーション資産とも教員の免許はないということでいいんですよね。
ただ、欠員が生じた場合のな、何かちょっと補う形になるのかなとちょっと思ったりもしますので様々な点も含めながら、決意の部分も含め、また継承のシステムと学習指導補助員の方々がそれぞれの1人1人の子供たちのインクルーシブな学びに強さいるようなところが整備、これからも見ていきたいと思っております。
よろしくお願いします。
決意のところに関しては、ぜひまず統計取って、こういうふうな傾向があるというようなところがあれば、それを取った上で、より厚めなご配置っていうのをして、それを区で持ち出しでもうちょっとやるというようなことも予算の準備としてできるかもしれませんし、そのあたりの統計も含めて現状把握してやっていただければと思います。
ただ、私もあの、ある校長先生に会ったら、私が来てこの学校では欠員が生じたことがない。
いうふうな言い切る校長もおられたので、その辺りのやはり1人、非学校現場のそういうだから努力病気のことは冷え先生方をならないような、そういうふうな環境作りの校長のリーダーシップも一つ重要なのかなとちょっと感じたところであります。
この大きな課題に関しては、ぜひともですね、多忙な先生ということでありますその多忙さがさらに拍車をかけちゃうので、この決戦だけは何とかまずは回避解決できればというようなところまた意見交換させていただければと思います。
マンションところはアンケートを取るというようなことは、ありましたが、ここが強制力を持ったアンケートというかですねもう少し業者との密なやり取りができないものなのか。
だから、アンケートの回収率はどれだけあったか、そうだけちょっと一点お願いします。
委員長。",2026/02/09,区民文教
総務課長庶務課長,"はい。
まず強制力というところで、もございますけれども、今日すアンケートを回答することを強制するような根拠っていうのは私ども持ってございませんので、答えないと、何かあるとかっていう話はちょっと難しいのかなと思いますあくまでも協力をお願いすると、そういう意味でいうと事業者の方方、これからそういった細かな数字を上げて取れるようにですねお願いは引き続きしてきますけどもあくまでも、協力ベースというふうに考えております。
それからうん。
回収率につきましては、やはり晴海の西のところでも2割程度青い程度ということでなかなか上がってくれば順調です以上です。
ええ。
ではよろしくお願いいわ。
次の質問者の発言を願います。
ながいい。
引き続きよろしくお願いいたします。
議題では、1000ペットサウナを巡る安全管理について伺ってまいります昨年2025年12月15日東京都港区赤坂の個室3の施設で火災が発生し、男女の利用者2名がお亡くなりになられた事件があります警察や消防の調べでは、火災の発生後、サウナ室から出られない状態となり、非常用装置が正常に機能しなかった可能性があるなどと報道がなされています。
こうした事案は利用者の安全安心を確保する上で大変重い課題であると受け止めており、本区の施設についてですが、本区の町の公衆浴場については本委員会での所管事項として確認や質問ができる一方でいわゆる数%や個室3施設については、保健所が所管となっていると認識をしております。
そのため本日の質疑におきましては、本委員会での所管である公衆浴場を中心に確認をさせていただきたいとまず確認させていただきたいのですが、本区内における戦闘の3ナースファンド設置施設の数や種類について、現在どのように把握をされているのかお聞かせください。
お願いいたします。
委員長　地域振興課長地域振興課長会公衆浴場は、区内の公衆浴場にありますその中のサウナといったところでございますけども今K区内の公衆浴場7通のところで捕食上設置されてございます今日的にほとんどのところですいませんけど、ちょっと今手元にですね3番の数のところがですが、ほとんどのところでサウナといったところの例えば実習であります降雪量ところの実習でございますとか、といったところでサウナのご利用かある設備的な設置とサウナのご利用があるというところで地域してございます。
また、地権事件といいますか事項がですね起きたニュースのところも組合の方ともお話をよく目がございますので、その中で事故の状況認識というところすり合わせを行っているところでございます。
以上でございます。
あまりありがとうございます。
区内七つの子の戦闘作戦等にほとんどの負担があるということさらに浴場組合さんと既に連携をされているとのことを確認をさせていただきました。
次に、安全管理点検の状況について確認をさせてください赤坂の事故では、扉や非常用装置が正常に機能しなかった可能性が指摘されています。
これを踏まえて、サウナ施設に対しては非常用部材で通報装置の設置作動状況、扉の構造改編の安全性など方のような観点で酒店兼指導を行っていらっしゃるのか、現時点での状況をお聞かせください。
お願いいたします。
伊藤地域振興課長地域振興課長基本的にですね営業にかかるその当初の投資浴場のですね安全ですとか、営業の許可ねって言ったところ、現状業務でございますので我々の方で先ほどの組合との意見交換の中でお話させていただいたのもあの事故の状況を受けてですねまず、大地震の高道の施設をどういった把握があるかというところでございます。
ちょっとあの事故で言いますと基本的には場所を回すタイプの小扉というのは、計算の中ではあまり類がないといいますか、上の皆さんと話しますと基本的に押して開く。
中からですね四角のものが一般的だということで、我々の方の国内の浴場の皆さんもそのような認識でございましたので、まずああいったような構造だったのかといったところはKお話が出たところでございますいずれにしても他の皆さんの中で事故の教訓ということではありませんけども、安全の確認といったところはそれぞれの中で行われているところまたは上の方からもそういったお話のところを伺っているところでございます。
以上でございます。
山がいい。
役所組合さんを中心として安全管理をされているとのことを理解いたしました。
安全管理点検の状況については本委員会でならないということを、失礼いたしました防災安全委員特別委員会の方で行ってまいりたいと思います次に、区民の皆様の安全確保という観点から2点お尋ねいたします。
1点目は、サウナを含む公衆浴場等について、本区としては平常時の利用ルールだけでなく、火災や体調急変などの異常時を想定した安全確保について、どのように位置づけと指導されているのか。
あわせください2点目に、区民の皆様の立場、利用者側の立場に立ったとき、しゃあないよ。
浴場を利用する際に、非常時にどのような行動をとればいいのか、利用者自身が事前に把握できる仕組みが重要であるのではないかと考えました。
本区として区民の皆様が安全に利用するための情報提供や周知についてどのようにお考えでしょうか？以上2点お聞かせください。
お願いいたします。
副長沢田の問題は非常に重く受け止めてございます今、保健所と消防で連携をしながら調査をどうやっていくようなところを調査していくかっていうことを調整しながら、一つ一つ進めているところでございます。
今後国としてどうしていくかっていうのも基本的には保健所の対応になるのかなと思ってございます。
国の方としましては公衆浴場の安定的な経営、そういったものの部分での対象となると思いますんでその辺については申し訳ございませんがまた違うところでご説明させご質問いただければと思います。
長い。
長い委員ただいまの質問の中で、ペットに関しては区民文教委員会なんですが、3万に関する質問は、保険庁関係の方になってしまいますのでなるほど変えていただければと思います。
承知しました。
では先ほどの質問は本委員会では取り消しをさせていただいて別委員会にて新たに質問をさせていただきたいと思います。
大変失礼いたしました。
では以上ですもう終わります。
はい。
次の質問者の発言を願います。
役員長は委員席へお移りください。
委員長奥梨衣それでは、教育関係で3点を伺いたいと思います。
1点目は、中学生の英語スピーキングテストについてです。
東京都で行われている試験ですけれども、昨年の11月23日に中学校英語スピーキングテストいい撮影ですかね。
が実施されました。
これまでこれ今回は4回目ということですけれども、これまでも機器の不具合などでいろいろトラブルもあったということなんですけれども、今回東京都の教育委員会としては、テストの実施状況について会場の机の配置などに時間を要して一部会場で最大1時間程度試験終了が遅れるトラブルがあったというようなことを公表していますけれども、全体としてもいろいろなね、トラブルがあって再いい。
試験を受ける。
子供さんも多かったというふうに聞いてます。
そこで、9億の中学生生徒で、再試験の対象になったり、火砕試験をした。
子供さんの数などあればお知らせいただきたいと思います。
2点目は、あの不登校の問題についてなんですけれども、不登校の問題で定例会で質問させていただいたときに、不登校は介護休業の対象になるということで、それをぜひ周知して活用できるように、本社の方に支援してすることが住宅大切ではないかということを、あの質問をさせていただきました。
その際に保護者への支援については、スクールソーシャルワーカーやスクールカウンセラーなどで教育相談を行っている体制をきちんととっているとあと適応教室でも情報発信をやってやってるということで、この常時介護を要する状況に該当するってふうに認められるときは、介護休暇の対象となるけれども、個々の状況によるので一律の周知はしてないということだったんですけれども、これまでいろいろ保護者からの相談の中で、この介護休業の対象になることをアドバイスして、実際に制度を利用したことがあるそういう事例があるのかどうか、その点についてお伺いしたいというふうに思います。
3点目は、ランドセルの問題です。
ランドセルが重いということで、私達が毎年行っている区民アンケートの中でも、ランドセルが重いとあと教科書やタブレットを入れて、重すぎて、骨子供の骨格に影響が出てるんじゃないかというような心配の声や、ランドセルを廃止して、リュックサックにしてはどうかというようなご意見なども寄せられています。
この問題についても以前から質問提案をさせていただいてますけれどもこの点で改善がされてきているのかその点の状況についてお伺いしたいと思います。
よろしくお願いします。
委員長。",2026/02/09,区民文教
指導室長,,2026/02/09,区民文教
指導室長,"はい、それでは私の方からはですね3点の中の2点中学校、中学生のスピーキングテスト印刷とJAについてのものと最後のランドセルの問題についてお答えしたいと思います。
まず中学校のスピーキングテストインサートJAでございますが、今回4回目ということで機器等のトラブルについては全体としてかなり減少傾向ということで東京都の方から聞いております。
中央区の方では再試験の対象となった生徒は1名でございます。
こちらにつきましては要配慮の生徒でございまして配慮するためのペーパーをお配りするのですがその配られたペーパーがですね、苑子様のものではなかったというようなことが発覚し最低再試験ということでなったと聞いております。
すぐにですね、あの気がつきまして、担当の担当者の方から学校を経由して保護者の方にお詫びとご理解をいただいたということで、対応を済ませているところでございます。
2点目のランドセルの県が重いというような問題についてでございます。
近年ですね学習指導要領の内容も暑くなってきて、それによって教科書のページ数も増えるみたいなところもありまた。
下が構想についての1人1台端末のところもありまして、こういった問題が起きているというところについては認識しております区といたしましてはですね、今この8月にGIGA端末が入れ替わっているところをあの契機にですね、今一度必要不必要な学習用具の持ち帰りについては控えるようにというようなところで通知を出させていただいております。
学習端末を持ち帰ることで様々家庭学習であるとか、そういったところが支援できるというようなところで各学校に支援を指導をしているところですまた各学校の判断の中ではありますけれども布ん時の少し軽いランドセル型のようなものを扱ってるような学校もあるというふうに聞いております私からは以上でございます。
委員長。",2026/02/09,区民文教
教育センター所長教育センター所長,"はい、不登校での介護休業かというような話でございますが現時点で本区でそのようなご相談というのは受けている状況ではございませんがSSWSシートも含めましてですね常時介護が必要特に2週間以上の常時介護、見守りがということで、例えば鬱状態であったりパニックであったり子供に寄り添っておかなければいけないと常に寄り添い必要がある食事やトイレ着替えなどの確認等も必要であるようなそういった状況があった場合には必ず報告を上げてご相談に乗るようにっていう形での周知はもちろん職員にはしているところでございますが現時点ではそのようなご相談、現時点では区ではお受けしていない、そういった現状でございます。
以上です。
委員長。",2026/02/09,区民文教
送り委員,"まず、インサートでの件ですけれども、要配慮の子供さんに対して、ちゃんと対応ができてなかったということで、この問題も、このニューC改善を求める会議の皆さんたちもいろいろ調査して、東京都の方にも申し入れしてますけれども、そういう事例もあったということですし、やはり解答音声が2回に分けてやるので、最初にやっている子供の解答音声が周囲の受験生に聞こえて、管理ができるような状態になっているというような問題については、未だに改善されていないということも指摘されてます。
これを都立高校の入試に活用するっていうのは、公正公平さが求められる、そういう入試委員のときに、そういう構成がそのまま担っている。
こういうものを使うというのは問題ではないかというふうに保護者の方たちからも声が出てますし現場からもそういう声も出てるところなんですけれども、この点について中国としては問題なくやられているということで考えているのかその辺についてのお考えをおわからん。
再度お伺いしたいというふうに思います。
2点目の不登校については、今までそういう対象になる問題について具体的にご相談あったということはないということだったんですけれどもやはりいろいろな状況の中で海の不登校による介護離職というような状況になる。
加点も増えているということもありますので、その辺の支援っていうんですかねそういうのもきめ細かく、ぜひやっていただきたいというふうに思います。
今まで相談はないけれどもそういう状況にある子供さんも不登校のいろんな子供さんいらっしゃると思うんですけどもそういう子供さんもいるという。
現状はどうなのかという点についてもう一度ご答弁をいただけたらというふうに思います。
ランドセルの件については、体重のアメリカの小児学会では、バックパックの重さは体重の10%から20%、決して超えないことということを定めているということなんですけれども、日本の子供たちは、体重の25%から30%ある、あるいはそれ以上の荷物を背負っているというような現状があるということを前に、指摘をさせていただいたことがありますけれども、そういうふうにはなってないということでいいのか。
それぞれいろいろ工夫をしてやってるから、そんなに重いふうになってないという認識なのかその点だけもう一度お願いしたいと思います。
委員長。",2026/02/09,区民文教
指導室長,,2026/02/09,区民文教
指導室長,"はい、私の方からまずインサートJAにおける乳児にこれを活用する点についてでございます。
これにつきましてはですね都立高校の入試選抜に用いているというようなことでございまして、東京都がですね、判断して行っている事業でございます。
ですのでこれに、この制度の運用活用について我々中央区としてお答えできる立場にないと考えるところでございます。
続きましてランドセルの重さについてでございます。
実際にですねランドセルの重さを計量したりとかですね。
また、子供の体重の何割かというような辺りを測定したりというようなことは実際行っておりませんので先ほど阿野議員がお示しされたパーセンテージの範囲かどうかっていうところについては、認識顔持ち合わせているところではございませんただランドセルが重すぎて健康被害が起きたというような事例については現在私のところに上がってるところはございません。
私からは以上でございます。
委員長。",2026/02/09,区民文教
教育センター所長教育センター所長,"はい、開放休業に劣るということはある程度お医者さんの診断書が必要であったり、先ほど鬱状態パニックって話はしましたけれどももし考えられることだとすると、そのような精神的な部分でお医者さんがあのお母さんお父さんがちょっとしばらく見守りが必要であるとそのようなことが考えられるかなと実際よくある相談としては、これは一般企業でもあり得ると思うんですけれどもその介護休暇ですね、ちょっと1日見守りが必要だということで職場に申し出て介護休暇で今日はちょっと1日子供の様子を見守りますっていうようなことは実際されているというお話は聞いたことがございますがこの長期に渡った介護休業でお休みをしなければいけないというのは、やはりあのお子さんの個々の状況によって異なりますのであまりこれを宣伝といいましょうかやりすぎるとですね。
取れると思ってやったけど駄目だったっていうことをやっぱ考えられますのでお子さんの様子を我々も把握しながら、本当に必要な方がいらっしゃれば当然ながらご案内というのはするかなと思いますけれども現状でですね。
そこまでの必要があるお話をしなければいけないという部分は把握はしていない、そういった状況でございます私からは以上です。
委員長奥梨衣不登校の子供さんに対する支援という点で、もう本当にきめ細かくいろいろなパターンはあるのかもしれませんけれども、保護者の方への支援も含めてぜひ丁寧に対応していただきたいということを要望したいと思います。
あと英語スピーキングテストについては東京都がやっている事業を提出し、それについて中国がやるなとかやらないと嫌や、やるなとか、やるとか言えないということだというふうにおっしゃってますけれども、やはりそういう高校入試家の活用ということで、公平公正さが損なわれているような試験で点数が判断されてしまうようなそういうものをやり方はやはり今日、教育的にも良くないっていうか。
子供たちのテストをそういうものをなんていうか、合否の判断に使われるってことは大変問題だというふうに私は思います。
そういう点で、現場の立場から、そういうものについてどうなのかということについてはぜひ検討をいただきたいというふうに思います。
あと、ランドセルの点については実際どのくらい重いかっていうのはわからないということだったんですけれどもその本当に今、ランドセルも結構大きくて、いろいろ軽量化とか、そう。
素材もいろいろ変わってきてはいるようですけれども、そこにたくさんのね教科書とか、タブレット、さらに他にも、上履きを持ったりとか、水筒を持ったりとか、すごい重い荷物を抱えながら、通学している様子を見ると、大変気の毒なふうに見えてしまうんですけれども、そういう健康にも影響及ぼすような、そういう状況をなくすように、ぜひ改善を求めたいと思います。
以上で終わります。
ありがとうございました。",2026/02/09,区民文教
副委員長,"へ送り委員は副理事長席へ移動願います。
区民生活および教育行政の調査については、継続審査ということでよろしいでしょうか？さよう取り扱わさせていただきます。
次に、議題2生活体力を入れる存続を求める請願の審査について質疑のある方は挙手を願います。
審査ということでよろしいでしょうか？はい。
さよう取り扱わさせていただきます。
第1回1回定例会における委員長報告の取り扱いについては、正副委員長一任ということでよろしいでしょうか？さよう取り扱わさせていただきます。
それでは以上をもちまして、区民文教委員会を閉会といたします。
お疲れ様でした。",2026/02/09,区民文教
子供家庭支援センター所長,,2026/02/10,福祉保健
子供家庭支援センター所長,"はい。
まずLoGoフォームを活用した理由でございます。
医学でもいろいろな好きオンラインで進めるに当たって、あのLoGoフォーム使っているところでございまして区民の方にとっても非常に何人か使いやすく、なじみがあるのかなというところでまずあのフォームでさせていただくところでございます。
以上でございます。
委員長。",2026/02/10,福祉保健
生活衛生課長,"、家庭生活はいまずペット同行避難の現状でございます。
全拠点で、ほぼペットの保護スペースの方を決定させていただきまして、また準備に必要な備品ですとか、緊急時用の避難ケージですとかそういった物品のの配備の方も全拠点で終了しているという状況でございます。
先ほど説明にもございましたが自助共助が前提ということでなかなかかといって災害時に自分たちだけで全部飼い主だけでやっても難しいという状況も踏まえまして今回協定を締結させていただいて、そういう協定団体から協力を得るという体制を伝え準備するといったところでございます。
推進に当たっての普及啓発の課題につきましては先ほどご指摘を受けた通りですね、まだまだペット同行避難というのがどういうものなのか。
一緒に避難している糖質なのか物質なのかですとか、また日頃からどういったものを準備していいのかとかっていうところから、まだ飼い主の方に対しての啓発が足りていないかなという状況でございます。
また、同行避難を円滑に進めるためにはやはり飼ってない方にも理解を得る必要がございますので、相互理解というところで買ってない人に対してもそういった制度があるということを周知しているところでございますけれども、引き続きそういった周知の徹底を図っていきたいというところが今の課題でございます以上でございます。
LoGoフォームでございますけれどもこちらは委員もご承知の通りかと思いますが、自治体職員専用のデジタル化の総合プラットフォームということで捉えてございまして、申し込みですとかアンケートの集計、こういったものですね非常に一元管理の上で非常にこの区役所としても業務上で親和性の高いシステムでございます。
加えまして先ほどセンター長が申し上げました通り、多くの業務がこのLGWANを使って区民からの申請を受けていること、そういったことも踏まえまして総合的に判断した上で、LGWANを採用したとこでございます。
ログ方も最初の子でございます。
以上でございます。
はい、それぞれありがとうございます。
やはりこの6フォーム他の業務、他の申請でも活用しているということで、その親和性という意味でも選択をしたということで理解をさせていただきました。
やはりこういったやはりいろいろなこれもすいません本委員会の所管の範囲で構わないんですけれどもやはりまだまだこういった申し込み手続き、あるいはそういう申請手続きにおいて、できる限り簡易的に申し込めばいいというお声も聞きます。
例えば、今後、これはもうこれは別にすいません別ですけれども中央区公式アプリ等を作っていくんであれば、できる限り一つのアプリであったりとかできる限り統一をしていくという流れはやはり必要になってくるのかなと思っております。
そういった意味で、今この本委員会の子育て部分の子育て政策の部分で、各今若干申込フォームや申請アプリが少しまだ統一化されていないんであれば、どういうどういう将来像を目指していくのかという点についてもしお答えが可能であればお答えいただければと思います。
また、ペット同行避難につきましてもありがとうございます。
やはりこういった私もこういった防災訓練等に参加をしていて、なかなかこのブースはあるんだけれどもなかなかそこに例えば一緒にペットを連れてきてくださいというような周知をしたとしてもなかなか連れてきてくれなかったりとか。
でも例えばいざ災害が発生した際にはもう実際に連れて行ってみてどこに実際に掲示があって避難をするとか、どこに物品があるというところは、やはりもっと現場を見てかつ想像を膨らませなくてはいけないと思いますので、ぜひそういった必要性や徹底買っている住民の方々が大変増えておりますので、周知については頑張っていただければと思います。
その一点すいませんそのアプリやこういった申請手続きを統一化をしていくという流れについてもしお答え反応を伺うのであればお願いをいたします。
委員長　福祉保健部長部長部長今様々な手続きについてオンラインとか様々なツールが今、活用して実施をしているところでございます。
今回新しい仕組みのアプリっていうことも今後の展開として、区として打ち出したところでございますけどもそれまでも、今まで様々なツールを使っておりましてその中でも、例えば料金を合わせて支払ったりするもので今回のように手続きだけでない長文の内容を伝えるだけで登録ができるもの様々ありますので、それを一つのものにしてしまうとかなり大きなシステムになってしまうという懸念もあるのかなと思っております。
やはりまずはできるところから、あと先ほどROGPhoneの職員の方で手作りで仕組みができたりとか、そういう理解でできるメリットもございますのでスピード感を持って対応するものは6Homeだと使ったりとか。
あるいは金銭管理を行ったり、クレジットなど含めて、支払いにも使えるようなものについては、やっぱり鉄道水が必要だとまた情報のやっぱりプライバシーのやっぱり大きさによっても、そのセキュリティの度合いも大きく違ってくると思いますのでやはりそれらを噛み合わせて様々なツールを使ってやっていくってことがいろんなところを考えているところでございます。
当然一本化できるものはなるべく一本化するっていう考えはありますけどもそれを待っているとやはり遅くなってしまう点もありますので、そういった部分を総合的に考慮した上で実施をしていきたいと考えております。
以上でございます。
はい。
ありがとうございます。
利用者目線に立ったさらにやはりプライバシー性の大家がどこまでも情報を取り扱うというところで、システムの違いというのが出てくるかと思いますできる限りやはりわかりやすくそして申請がしやすいようにフィックスをしていただければと思いますので、よろしくお願いいたします。
理事報告に対する質問は以上ですありがとうございます。
よろしくお願いいたします。
私からも人とペットの災害対策の推進に向けた連携協定についてお伺いいたします。
人とペットの災害対策につきましては、東日本大震災以降、熊本や元のいろんな災害以降、避難所でのアレルギーだとか鳴き声によるトラブルだったり、いろんなペットを理由に避難を諦めたりとか。
いう方々もあり各地で深刻な課題として指摘がされておりました。
本区におきましては、各防災拠点での先ほどご説明をいただきましたが、スペースの設定だったり、マニュアル策定などを進めるというところで今回専門的な知見を持っている二つの団体と協定を締結し、それが区民の安心に直結するということで、大変喜ばしいことだというふうに思っております。
観光し環境省の人とペットの災害対策ガイドラインが示す自治体の役割に照らしますと、マニュアル作り等の平時の備えや、啓発、災害時の実効性結びつけるかが鍵となります。
他の自治体の事例も踏まえて数点伺います。
東日本熊本地震等々では自治体と専門団体との連携が不十分で現場が混乱したり、就職するまで時間を要しました。
他の党のときには発生直後から、関係団体が別途相談窓口の設置だったり、一部一時預かりの調整に入ったり避難所の衛生環境維持に寄与した例も見受けられました今回の協定締結によりこれまでと比べて具体的に何ができるようになるのか、そして他の自治体の教訓をどう反映し、どのような到達点を目指すのか、区の認識をお伺いいたします。
委員長　生活衛生課長先生はい。
まず協定を締結したことで、事業がどういうふうになっていくのかという部分ですけれども、当初のペット同行避難自体が自助共助ということで、避難したペットの飼い主の方たちが協力して運営をしていくというのが、国の方のマニュアルもそうですけれども前提になっております。
とはいえですね、なかなか自分たちだけでそういったことをやるのが難しい部分もございます。
例えばですけれども、買ってない方との円滑に避難生活を送るためにはどうしたらいいのかですとか、先ほどご相談の相談窓口という話もありましたけれども、あの避難生活が長引いたときにペット含めてペットを飼い主含めて体調不良ということも十分考えられますので、そういった方たちに対応する対応するケアするための体制が今回の協定で、構築できたかなというふうに考えております。
また、他の自治体の協定と違うところは災害時の支援だけではなくて、平時から普及啓発も一緒に行っていくというところが大きな違いになってましてやはりまだペット同行避難について知らない方が飼ってる人も飼ってない人が多いという状況を踏まえまして、そういった専門家を交えてどういうふうにやっていったら普及啓発が進んでいくのかというところも一緒に考えていければというふうに思っておりますのでそれで連携協定というふうにしているところでございます。
どう生かしていくかというところにつきましてはやはり実際災害が起こったときだけではなくて平時の備えからきちんとペット防災を総合的に取り組んでいくために協力して取り組んでいきたいというところが、まずは到達できるように考えております。
以上でございます。
はい。
ありがとうございます。
平時の備えに重点を置き、それがまた中央区が目指しているところでもあるということがわかりました。
この提携先Bの二つのところなんですけれども、これ単なるアドバイザーではなくて現場の混乱を収束させることができる実質的なリーダーシップを期待できる枠組みにもなっているというそういうことでよろしいのでしょうか？委員長。",2026/02/10,福祉保健
生活衛生課長,"はい、今回締結する団体のうちですね、ペット災害対策危機管理士の方につきましては、能登半島地震ですとか熊本地震にもでもそういった災害支援というのをやっている実績がある団体になりますのでそういったノウハウをきちんと持っているところになります。
また、もう一つの全日本動物専門教育協会の方もペット防災について知見のある団体で、普段からこの2団体協力して活動している団体になりますので、区も含めて三者で連携することで防災対策が強化できるというふうに考えております以上でございます。",2026/02/10,福祉保健
松浦委員,"ありがとうございます。
では平時のそのトレーニング等なんですけれども、ケージトレーニングやワクチンの設定だったり不ペットフードの備蓄といった飼い主の責任をどこまで具体的に啓発していく。
お考えで、また被害避難所での共同生活が困難な場合の一時的な預かり先の確保などの支援の限界と代替策について、平時から皆様の区民の方々に周知すべきだというふうに思いますけれども、それについての区の見解を伺いします。",2026/02/10,福祉保健
議長委員長,,2026/02/10,福祉保健
生活衛生課長,"はい、まず啓発についてですけれども、介護士の方がしかできない備えというのがありますので、ペットのことわかってるのは飼い主だけというところもありますのでそういうところを中心にですね、啓発の方を進めていきたいと考えております。
また、協定先がペット防災の知見のある団体になりますので、そういったとこ実際どんなものが必要なのかっていうところも踏まえてですね、より効果的な経営普及啓発を残していければというふうに考えております。
また、一時的一時的な預かり先ですけれども実際被災したときにペットを飼えなくなったりですとか、どうしても一時的に預けなきゃいけないっていうことが想定されるということで、今回の協定の方にも一時預かり先または火の引き取り先の紹介というのを入れております。
この団体が全国的に活動している団体になりますので、そういったチャンネルを活用してですね、所斡旋ができればなというのが今の考え方になります以上でございます。
ありがとうございます。
この二つの団体だけではなくて、教育系のこの団体だけではなくて他の自治体ですと獣医師会や民間企業と多角的に条例を結ぶような例もありますけれどもその点についてはどのように考えていらっしゃるのでしょうか？委員長。",2026/02/10,福祉保健
生活衛生課長,"はい。
はい、まず獣医師会ですけれども東京都獣医師会とですね。
災害時の動物救護に関する協定の方は既に結んでいる形になります。
で区内の動物病院とどう連携していくかっていうのは今後ちょっと協議をしていきたいというところでございます。
あとは民間事業者ですけれども、ペット日ペット用品とかそういったものを扱う業者と今後調整できればなと考えておりますけれどもその辺もあの協定団体と繋がりがありますので、ちょっと協力いただきながら今後検討していければと思います。
以上でございます。
よろしくお願いいたします特に区内のペット病院一番多分ペットを飼ってらっしゃる区民の方はしょっちゅうあの行っているところで、そこが一番情報を求めるところであり、そういったところで学ぶチラシであったり、いろんなの紹介であったりっていうところが一番身近なあの区民の方にとってはペットとどのようにするのかというふうに思いますのでその啓発の活動にぜひ区内にある動物病院等も入れていただけたらというふうに思います。
私の質問は以上です。
はい、参政党黒原ですよろしくお願いいたします。
私からはですね資料3456と触れたいところなんですが時間の許す限り、あと順番がちょっと前後いたしますが質問させていただきます。
まず資料4ですけれどもLoGoフォームにつきまして、先ほど全員からの質問もありましたところですが、実際のその運用のその最初のところで伺いたいんですけれども今回オンライン申請をしていくということでですね。
周知をされる中で、伝わってなかったというケースもあるのかなというふうに思っております。
最初の段階等でこの今までの紙との併用でありますとか、窓口における窓口でのオンライン申請パソコンを置いておくとかですね、そうしたことを実習実践実際に入る中でですね、されるのかという点をまず伺いたいと思いますよろしくお願いいたします。
委員長。",2026/02/10,福祉保健
子供家庭支援センター所長,,2026/02/10,福祉保健
子供家庭支援センター所長,"はい。
校名の変更につきましては区のホームページですとか、あとはクリニックですとか、子供家庭支援、十分にまずは周知していくところでございます。
そんな中で窓口にいらした方につきましては実はこれまで窓口に出した方はそこの病室の登録しかできなかったものですから今後窓口に出した方については、LoGoフォームで申請していただくと、一度に4施設できるというご説明をさせていただいて選んでいただこうかなというふうに思っております。
中にはパソコン等お持ちでない方少ないと思うんですけれどもなかなかご自身ができないという方については子供家庭支援センターの方で個別に対応させていただくとこ考えてございます。
以上でございます。
はい。
ありがとうございました。
はい。
どうしてもですね、伝わりきらないということは避けられないところだと思いますので、あの現場での柔軟なご対応もぜひよろしくお願いいたします。
続きまして資料6、ペット災害のペット同行避難のところですけれどもこちらにつきましてももう既にご質問ありましたが、伺いたいのは次です。
主にプロテインを結ぶことでの災害対応というところが、今回協定の中では特に既にこれまで平時の対応は一緒にされているところは私も拝見してますので特にそちらが強いのかなと思うんですけれども一つ例えばですねやはり現場対応が先ほどありましたけれどもしてもらうというのが、災害時には大変にありがたいのかなと思いますその中でこの資料にもありますが、ペット同行避難の運営支援というところありますけれども災害時の対応ですね。
これ実際に中央区全体の避難、避難場所にですね、方々を来ていただくと、それぐらいの大規模な対応も期待できるという理解でよろしいのか伺いますお願いいたします。
委員長。",2026/02/10,福祉保健
生活衛生課長配達衛生課長,"はい、防災拠点の危機管理士の派遣ですけれども、避難鉄塔を買っている数もそれぞれの地区によって違いますので優先順位をつけてということになるとは思うんですけれども基本的には必要なところに必要な人数を派遣していただけるように調整の方押していければと思っております。
その点につきましては協定団体とも協定締結に向けて調整しているところでございますので、そういった体制が組めるようにですね、準備を進めていければと思います。
以上でございます。
はい。
ありがとうございました。
実際に起きてしまうと、それは現場の混乱は必至かと思いますので、ぜひそうした手厚い対応できる限りお願いできればと思います。
ありがとうございます。
続きまして資料52すいません。
全部順番順番前後いたしますが質問させていただきます。
こちらにつきましては今回税額控除の額が増えることによって保険料収入が減るということでその分は維持したいということでの実施だという認識です。
そうしますと、何て言うんすかね本来なら得られた利益が得られた利益のバランスが得られなかった方も出てくるのかなという認識なんですけれどもそもそもこの今回のこの65歳以上の対象第1号被保険者ですけれども、想定される額としてどれぐらいの影響が、金額としてあるのかというところをまず伺いたいと思いますお願いいたします。
はい。
委員長　介護保険課長羽賀研二今回の適用したことによる影響ということですけども、あくまでこの今令和7年度のですね前年の収入に想定した影響額の3資産になりますけども、営業人数としては400人、金額としては約1100万円ほどの影響があるというふうに見込んでおります。
以上です。
はい。
ありがとうございます。
1100万ということで、今回のこの施策自体は厚労省がやっているということもありまして区として独自対応するってことは基本的にはないのかなと思いながらもあえて伺うんですがやはりそれぐらいの額で実際に特に高齢者の方になるということも含め含めて区としてその分を補填するといいますか、そうした対応も私達は言うのかなと思う。
おりますそうしたところについて全体の公平性とかいろんな観点はあるんだと思うんですが区のお考えを伺えればと思いますお願いいたします。
委員長　介護保険課長介護保険課長今回のこちらの瀬対応につきましては、国が介護保険制度の持続可能な安定策ということで、全国的にあの対応したことですので、区としてこれをやらないという選択肢はまずございません。
しこれについて本来下がるべきか下がらなかったというところでですね、あの介護保険制度の中でこれを対応するということは現在考えておりません。
以上です。",2026/02/10,福祉保健
黒原委員,"はい、ありがとうございました私も大前提としてですねこれは当然国がやるんだからそうした意見の場合はですね国でしっかりやってくれというのが、私の思いとしてはありますので求めるところが違うと言われればそうだと思いますがぜひ今本当に物価高騰なんだと負担が重いと言われる中でですね、せっかく控除の額が上がるといった意味がなくなってるんじゃないかなというのは思いましたのでぜひそうした点についてはですね、難しいと思います全体で中央区だけやるっていう話なのかってほぼあり得ないんだろうなと思いながらも、こうしたところはですねぜひちょっと皆さんと一緒に共有してやっていければなと思っております。
ありがとうございます。
それからですね最後になりますが資料3ですね資料3です非常にちょっと細かい話になって恐縮ですが、今回この資料3、こちら特定乳児と通園支援事業の運営に関する基準等ということで、こちら拝見しますと基本的にはこども家庭庁の方で作成された基準案になってるのかなという認識でございます。
内容を拝見いたしまして、本当に細かい点なんですけれども、第23というところにですね、第23というところ乳児等支援給付認定こども平等に取り扱う原則というものがあります。
こちらの内容がですね差別的取り扱いをするなということでそれ自体は別に構わないんですけれども後半部分にですね、第12-1から3までの規定による支払いの状況によって差別的取り扱いをしてはならないものとするという。
支払いに関する文言があります。
もちろん通ってるお子さんをですね不当に扱うなんていうのは当然のこととしてあるもののですねこの支払いという部分がこれはこども家庭庁の元々文にもあったので、議論するところはないのかもしれませんが、この部分がですねいわゆる差別的取り扱いと何か拡大なんていうんですか。
いうところに触れる内容なのかどうかというのがそもそもちょっとこの文言のあり方はどうなんですかという。
ところはありまして非常に細かいところではございますが、伺いたいと思いますいわゆる人種、信条等の話ではなくですね。
実際にそのサービスを受ける権利の話での前提としての支払いというところがこの文言に含むべきなのかというのがかなり疑問でしたので伺いたいと思います。
委員長課長この差別的な車支払いの面での差別的な扱いというのは、おっしゃる通りこの条例は内閣府令を参考に使わせていただいておりまして、あの考え方としては支払いのところで、こういった状況によって差別的な扱いをするべきではないというところで、ただ本来この制度、今、中央区人が区の施設を使う場合は無償化になっておりますのでそういった意味でも、あの今日はあの差別的な扱いは発生しないのかなというふうに考えておりますが、例えば屋外の方が利用するときにはそれなりにお金かかってもいいから、この点については差別的扱いをすべきでないというところはしっかり明記させていただいてございます。
以上です。
はい。
ありがとうございました。
これ、先ほど申しましたが国が出してるところなので、あれなんですけれどもちょっとその本が文言のあり方としてはいかがなものかなと思いましてさせていただきました。
ありがとうございました。
以上で質問を終わります。
議題福祉およびはい未来からは令和8年4月第1回保育園の入園利用調整の結果についてお伺いをさせていただきます。
これは全員全員委員会でもちょっとすいません。
フライングで質問させていただいたんですけれども、今回利用調整結果を公表していただきました。
結果としても、やはりまずは全体での申し込み数がどれぐらいあり、またその上でやはり聞こえに入れた方々、あるいは入れなかった方々の割合はどの程度であるのか、現時点での待機児童の発生数というのも、こちらのホームページ上に公表はされておりますけれども、そういった現状の申し込みの所感等についても併せていただければと思います。
お願いします。
委員長。",2026/02/10,福祉保健
保育課長,"はい。
まず令和8年4月第1回目の申込者数は全体で1762名ということで、大体そのうちあげく人ということで内定率は73.8%となってございます。
今現在1月の28日にですね結果通知を発送させていただいて今現在、第2回目の申し込みを2月2日から今月今週の金曜日13日まで受け付けるところです。
1回目について細かくご説明させていただくと、申込者数は全体で74評価ということで、そのうち23高い0から2歳児につきましては区内全体で0歳児の申し込み自体が昨年度より22名ステージについては49名。
そう。
そして2歳児については7名減となってございます。
特にニーズの高い春メディアにおいて、冊子時点でですね、令和6年から8年にかけて、1歳児については19名2歳児についても19名増を図ってまいりましたけれども、勝どき晴海地域においてですね、金額とかお問い合わせが各事業所保育園の方にも多くいただいておりましてその保育所の保育ニーズが非常に高いということを受けて、現場の保育所や事業所から少しでもですね、受け入れをに協力したいというお声をいただきまして、本当にギリギリのところまでですね。
調整を図って、選考手続きをさせていただいたところでございます。
その結果本当に厳しい02歳につきまして、1回目の内々定率02歳限定で申し上げますと、区内全体で78.3%と、昨年度よりも1ポイントアップさせていただいたところでございます。
一方で他のサイズと比べて今回特に多かった1歳児を中心にまだまだ第1回目の申し込みで、内定に至らなかった方もぜひいらっしゃることは、こちらとしても認識しているところでございましてそういった方々につきましては、かちどきとかあるいは地域で定員とは別に、雇用している期間限定保育、今年は来年度もしっかりと準備いたしました。
また、今年新たにですね、一部の事業者により親子で送迎というのをご提案いただきましたそういったところですとか居宅訪問型保育の受け入れを若干増やさせていただいたりとかですね、認証保育所のご紹介などによって、第2回目での内定に向けて総合的に保育の必要性のある方がご利用いただけるようにしっかりと丁寧にご案内したいと考えております。
以上でございます。
はい。
ありがとうございます。
まずは全体のところをお伺いをさせていただきましたやはり様々な努力をしていただき結果やはりメディアもそうですけれども、やはり特に02歳児のやはりあの店員がなかなか厳しいという状況をしっかりと認識されてるかと思いますのでそういったギリギリまでのご対応大変感謝をいたします。
また、その結果やはり、それにしてもやはり人口が増えてしまう部分どうしても仕方ないというのがあるかと思いますのでおっしゃっていただいたように期間限定A型保育や居宅訪問型保育等、総合的に第2回の利用調整に向けてぜひより一層ご対応いただければと思いますのでよろしくお願いをいたします。
はい。
一点ですねこちらちょっと具体的な話になってしまうんですけれどもちょっとタクシーも首の方々より質問を受けましてこの場でお伺いをしたいんですけれども利用調整指数につきましてちょっと1点確認をさせてください。
というのもですねやはり今おっしゃっていただいた通り様々な方法で今現時点で希望園になかなか通えない。
お子様を抱えている親御様いらっしゃるかと思うんですけれども。
特にそのときにご質問があったのかその居宅訪問型保育事業をやはり使いたいとただやはり定員が厳しいというような状況これもご努力はしていただいてるかと思うんですけれども一方で、この利用調整指数の汚点で考えますと、居宅訪問型保育事業を利用されてる方は加点があると一方で使えている人は加点されるが、申し込みはしている。
申し込みはしているが、定員の関係で使えなかった方については加点がされていない。
つまりはその要は抽選で通った人は加点されるけど、家申し込んだけど通えなかったという人は加点がされていないというような状況何とかならないのかというようなご相談をいただいたことがございます。
こういった中でやはり最終的にはやはり居宅訪問型保育等を含めて、その枠の拡大をしていただいてるかとは思いますが、この不公平感ということで訴えていらっしゃる方もいらっしゃいますので、この居宅訪問型保育に申し込んでいても、あの定員で使えなかったという方に対する加点。
あるいは、何か調整することができないのかという点についてご見解をいただきないと思っております。",2026/02/10,福祉保健
緊張声課長,"はい。
まず、居宅訪問型保育事業についての課税につきましてはやはり本来であれば、保育所という保育の専門の場所によって、専門の保育士がたくさんいて、たくさん詰めがいるところで保育ができるその環境に預けていただくのが区としては一番大切にしたいところでして、それでもどうしてもあの速い。
部分については居宅を受け皿として作っているところでございます。
ですので居宅があるからそこを狙ってというよりも、居宅に入っても少しでも空いたらあの保育園が空いたらそこに行っていただきたいという思いがありましてカーテンをしっかりところでございます。
それで入れなかったところのカーテンとかいろいろ本当に利用調整の過程については、いろんなご意見たくさんいただいております。
本当にいろんなご家庭いろんな家族構成がある中で、こちらの加点を重視すると、やっぱり点数順位が決まってしまいますので、今度は順位が下がる方いらっしゃるそうすると、やはり今度はその下がった方がそれは公平ではないか、そういったところいろんなご意見いただいておりまして、聞いて、全区民の方がベストなこの利用調整指数というのは、残念ながら存在しない。
その中でいろんなこの過去のいろんな経緯を踏まえて、今この段階ではできるだけ多くの方がベストであるような、あの利用調整基準を今採用しているところでございますが、皆さんのこういったご意見を一つ一つの参考にさせていただきながら、必要に応じて利用調整基準というのは随時検討していきたいなというふうに思っております。
以上でございます。
はい。
詳細のご説明ありがとうございます。
やはりこのもうまさに保育園に入れるかどうかというのが、かなり生活の死活問題になっている部分も重々承知されているかと思いますその中でやはりどうしてもこの他の家庭ではこの加点がつくのにうちがつかないといったやはりご不満の声というのもたくさんお伺いするところでもございます。
やはりこういった今の現状のルールに即してやっていただくしかないとは思ってるんですけれどもやはりそういった中でできる限りその全員がベストのような形で利用調整するというものを設定していただいているかとは思いますがやはりそういった声ももちろん直接保育課さんにも起きているかと思いますので、様々なお声を調整した上でそうですねまずはその保育園に入れるということが一番なんですけれども、順位付けというのもあまり好きではないんですけれどもぜひ区としてのベストな形で進めることができるように今後もお願いができればと思います。
はい、最後にですね同じく今保育園にも申し込み状況お伺いをしてしましたので、学童保育保育、学童保育につきましても学童保育、大丈夫です。
はい。
学童保育につきましても、はい今現時点での申し込み利用調整結果が通知がされたと思いますので、全体的な申し込み状況をお知らせいただければと思います。
委員長　放課後対策課長放課後対策を紹介令和8年度の4月からのですね、学童クラブの申請状況についてでございます。
こちら令和8年度の学童クラブの申請につきましては昨年の12月1日から本年1月6日までの間ですね、一括の募集期間として設定させていただきまして、申請書をお持ちいただいてるですとか郵送にて受け付けを行ったところでございます来年度に関しましてはご存知、ご案内の通り、学校内学童クラブを6個新たに新設するということで、公設学童クラブに関しましては、登録店数を加味して利用可能人数が1605名という人数で設定させていただきまして、昨年度比で340名の増となっているところでございますこれを受けまして2月3日時点の速報値ですねこの近く通知につきましては、一括募集に加えまして一括募集期間後に提出された申請も含めた審査の結果でございますけれども、申請者、申請者数は全部で1576件こちら前年同期と比べますと69件の増となっているところでございます。
内訳を見ますと、児童館が児童館の学童クラブへの申請が前年度比154件の減となる一方で、学校内学童クラブにつきましては223件の増というような状況でございまして、学校内学童クラブの実施場所の拡大に伴いまして利用希望が児童館から学校の学童クラブに流れている傾向があるのかなというふうに分析してるところでございます。
また、審査の結果の通知に関しましてですけれども、2月5日、先週の木曜日ですね。
送付させていただいたところでございまして現時点の入会決定者数は1431名こちら申請者に対する入会者の割合は90%強となってございまして、昨年度の同時期と比べますと約9ポイント程度程度改善してるといったような状況でございます。
また、待機者数につきましても現時点では137名ということで前年比で比べますと、今のところ140名程度減少した状況でございまして、定員の総数としましては、ある程度その申請者数を、申請者数全体をカバーできてるところではあるんですが、エリアによっては学童ニーズが高まっているというところで一部の施設においてはあの申請書申請数が定数を上回ってるといった状況だというふうに考えるところでございます。
今後につきましてですけれども、学校内学童クラブ、本来学校内学童クラブだけでなくて、児童館の学童クラブにおいても一部空きが出ているような状況でございますそうした状況を踏まえまして、児童館で2ヶ所、学校内学童クラブで8ヶ所の2次募集を今後行ってまいりまして、引き続き審査を進めていきたいというふうに考えてございます。
私からは以上でございます。
はい、ありがとうございます。
やはりあの学童クラブにつきましても学校内学童の整備が非常に順調に進んでいるとその上で、定員についてもかなりの本当に倍ぐらいですねこの近年増えたと思いますので、だいぶこの児童館の御負担も減っているのではないかと思います。
また、細かいエリアごとにやはり入れないという方、希望のところに入れないという方はいらっしゃるかと思いますがぜひ柔軟に今後とも対応いただければと思います。
私からの質問は終わります。
ありがとうございました。
議題2請願第3号健康保険証の廃止を延期することを求める請願の審査では継続審査という。
第1回区議会定例会における委員長報告の取り扱いはい。",2026/02/10,福祉保健
環境土木部長環境土木部長,"はい。
私からは資料1から資料3のご報告をさせていただきます。
説明につきまして座って説明をさせていただきます。
はい、それでは初めに資料1、鉄道駅におけるエレベーター等の設置状況についてをご覧ください。
障害者高齢者障害者等の移動等の円滑化の促進に関する法律、通称バリアフリー法に基づきまして、鉄道駅を利用する全ての人にとって安心安全で円滑な移動を実現するため、鉄道自由事業者がホーム階から地上部までのエレベーター等の設置を進めているところでございます。
本資料は毎年イクナイ鉄道駅におけるエレベーターおよびホームドアの設置状況についてご報告しているものでございます。
括弧1のエレベーターの設置状況でございます。
エレベーターの設置によりホーム階から地上部までのバリアフリー経路が確保されている駅でございます。
昨年8月に新たに東京地下鉄有楽町線銀座一丁目駅におきまして、地上部まで設置が完了し令和8年1月現在区内の鉄道駅、28駅中27駅においてバリアフリー経路が確保されております。
括弧2のホームドアの設置状況につきましては昨年4月、新たに東京地下鉄半蔵門線水天宮前駅で設置が完了しており、令和8年1月現在、28駅中24駅においてホームドアが設置されております。
参考といたしまして、次ページ以降に別紙E区内鉄道駅におけるエレベーター等設置状況一覧を添付してございます。
後ほどご確認ください。
資料1の説明につきましては以上でございます。
次に、資料2桜川公園官民連携事業、パークPFIにおける譲渡契約の締結について御をご覧ください。
桜川公園官民連携事業では昨年6月に事業者である継ぐさくらの森パートナーズと基本協定を締結し、地元町会、事業者区で構成される公演連絡会桜川公園つむぎ会におきまして、地元意見の反映を行うなど、事業実施に向けた協議を経て昨年12月26日付けで、事業者と事業に関する実施協定実施協定書を締結いたしました。
今後、事業者が整備する特定公園施設を購入するため、議会の議決に付すべき契約および財産の取得または処分に関する条例第3条の規定に基づきまして、第1回区議会定例会におきまして財産の取得に関する議決、議決を得た上で、事業者と譲渡契約を締結するものでございます。
1の内容でございます。
取得財産は本事業において整備する特定公園施設で、沿道および広場集計施設など以降に記載の丘公園施設でございます。
首都取得の目的は桜川公園の再整備運営事業運営事業の用に供するため、購入予定価格は2億9160万円購入先は紡ぐさくらの森パートナーズ代表代表者にラースホールディングス株式会社でございます。
取得する特定公園施設につきましては公園施設の配置計画を添付してございます。
恐れ入ります。
次ページの別紙をご覧ください。
特定公園施設は平面図の平面図の左下にある公募対象公園施設を除き、整備される公園施設全てとなります。
(公園施設の説明につきましては各記載の通りでございます。
なお、飲食施設である公募対象公園施設は事業者が整備し管理するものでございます。
下段に記載の基本協定締結時からの主な編内容でございます。
記載されております番号は上段平面図と記載の場合、記載の番号となりますので、ちょうど平面図と合わせて動く考えをご覧ください。
四角囲み1公募対象公園施設に関する変更につきましては、建物の圧迫感を軽減することや、下水道の駆るバトルの位置の間、位置関係から建物の形状や、配置を変更してございます。
それに伴いまして①流行口の各拡張②伊集院区画屋上テラスの中止と壁面緑化の設置③公園施設や地域活動のためのバックヤードを設置することとしてございます。
その横大鹿5近くが込みに公衆便所に関する変更では、新大橋通りからの動線を確保するため新たなルートを確保したものでございます。
その下四角囲み四角囲み3主に芝生広場に関する変更では、開放的な空間を確保するため広場を拡張しております。
その横を四角囲み4遊びの広場に関する変更では、芝生広場の拡張に伴いまして、複合融合1基に変更2基から1基に変更し、単独遊具を導入することとしより自然に親しめる空間として、舗装をゴムチップから木質チップに変更しております。
恐れ入ります。
表紙、資料にお戻りいただきまして、2の今後のスケジュールでございます。
3月上旬頃に工事説明会を予定しております。
また、別紙でお示しした通り計画内容を変更していることから、認定公募設置等計画を変更するとともに、財産の取得について第1回区議会定例会に上程し、議決を得た上で4月に譲渡契約を締結いたします。
その後に工事の着工を予定しているところでございます。
なお、竣工それから供用開始につきましては、令和9年令和9年の6月頃を予定しております。
資料2の説明につきましては以上でございます。
次に、資料3ゴミ収集中に発生した事故の損害賠償についてをご覧ください。
ゴミ収集車作業中に発生した器物破損事故の損害賠償の額の決定および和解に関する区長の専決処分についてに基づきます。
損害賠償額の決定のを専決処分をいたしましたので、ご報告をいたします。
1の事故の概要でございます。
昨年5月5日月曜祝日午前9時ごろ、晴海5丁目3番4号晴海フラッグボートビレッジD棟敷地内で、ゴミ収集作業中に区職員の運搬するコンテナが建物内に設置されているEV充電器端末に接触し、EV充電器を破損させてしまったものでございます。
さんの決定年月日は令和7年12月23日4の損害賠償の額は6万9300円後の損害賠償の相手方につきましては次ページ、別紙に記載の10社でございます。
6の損害被害状況につきましてはEV充電器の破損でございます。
資料3の説明および私からのご報告につきましては以上でございます。",2026/02/12,環境建設
都市整備部長,"。
はい。
私からは資料の4中央区耐震改修促進計画の改定についてをご報告させていただきます。
恐れ入ります。
終わって進めさせていただきます。
資料の方は適宜拡大の上、ご確認いただければと思います。
計画の改定につきましては、11月の委員会にてご報告をさせていただいたところでございます。
今回はそのスケジュールに則り、パブリックコメントを実施いたしましたのでその結果をご報告させていただき、3月に計画の改定を予定してございます。
Hの実施結果の概要です。
実施期間は昨年の11月20日から12月の10日まで意見の件数はお1人の方から2件ございました。
恐れ入ります。
次ページ、別紙1をご覧ください。
さんのいただいたご意見の概要と区の考え方ですが、一点目は、新規の施策を盛り込むべき盛り込むべきといったこと2点目は、マンション管理組合への踏み込んだ施策が必要であるとのご意見をいただきました。
表の右側、区の考え方でお示ししている通り、いずれのご意見も今回の計画改定の中に盛り込んでございまして、来年度から事業として実施していくことから、取り扱いの方は丸の記載でお示しをしてございます。
恐れ入ります。
本誌1枚目にお戻りいただき、2の参考です。
一番右側の青囲みになりますが、パブリックコメント実施後に、新たに東京都の目標案が示されましたので参考として、前回お示ししたとの現行案と対比できるように一番右側に示してございます。
一番上段の新耐震基準の目標は、その下の2000年基準に統合され、令和12年度に95%令和17年度におおむね解消とされてございます。
以下、それぞれ東京都においても、令和7年度から5年後の令和12年10年後の17年にスライドした目標を定めており、本区の今回の目標設定とも整合がとれているものと捉えてございます。
後段に別紙として、耐震改修促進計画の案と、住宅耐震化緊急促進アクションプログラムの案を添付してございますので、後ほどご確認をください。
資料4の説明報告は以上でございます。
ありがとうございました。
発言の持ち時間制につきましては、既にご承知の通りですので、よろしくお願いいたします。
ただ、いまの時刻は午後1時44分です。
自民党政策の解散83分かがやき中央さん41分公明党さん、40分向井発案10分令和3、10分となります。
なお持ち時間にはこの後の議題である請願審査の時間も含まれます。
それでは、理事者報告に対する質疑に入ります。
発言を願います。",2026/02/12,環境建設
塚田委員,"はい。
私からは桜川公園、カンミン系事業パークPFIにおける譲渡契約の締結についてお尋ねいたします。
いよいよこれまでパークPFIパークPFIというお題目で計画が進められておりましたけれどもようやくこういった形で、最終的な契約内容が明らかになり、そして着工が目の前に迫ってきたわけでございます。
そういう意味では、いろいろ今後のスケジュールにつきましても今まで聞いておりましたけど令和9年度の春頃と聞いていたところ、6月にずれるので、桜川公園の名前通り、ちょっと桜に間に合わないのがちょっと残念ですけども近隣の公園見ても、桜を植樹した1年目より2年目の方がよく咲いてくれるので、令和10年が楽しいかなという思いでございます。
そして別紙でございます。
公園設計の配置計画、これも大変皆様ご苦労されたかなと思うのは、初期に上がってきたイラストから大きく見ても3回変わりましたかね。
形がずいぶん変わったこれは地元の皆様との話を伺いながら進められた結果で、どんどんどんどん形が変わった。
いい方向に変わってきた。
そして今最終系の図面を見てですね非常にシンプルでわかりやすくそして皆様もご意見を反映した良い内容になったんでそういうところ落ち着くんではないかなという思いで、本当に楽しみにしております。
それでですねパークPFIについてはこれまでにもいろいろとご説明いただいておりますけれども、実際にこれが工事が進みそして完成した後実際には地域の皆様とですね、ここに新しく民間の会社が入って、公園の維持管理、こういったものをしていただけるということなんですが、今までの中央区が公園にいいしていたこととどのような変化が事業所が入ることによって変化が生じるのか、あるいは地元の皆様にとってどういったお願いなのか、あるいは利益メリットがあるのか、ここら辺も改めてちょっとお聞かせいただければと思います。
どうぞお願いいたします。
委員長　水と緑の課長、水と緑丘町はい。
桜川公園のパークPFIの事業についてでございます。
まず委員ご紹介ありました通り本委員会でもですね、今年度令和7、7年生令和7年の4月にこのPFIについて報告させていただいたというところでございますが、その後ですね、公園つむぎ会という桜川公園を組成する地元の地元それから区、それから事業者といった3社の祖先の会がありまして、4月にこちらの方で計画した案についてこれをですね、地元の方に見ていただいたと言ったことでございます。
3回ほどですねクラ川公園の詰め依頼というのを地元の町会の皆様とともに対話をしてきたというところでございます。
その中で先ほど説明がありました通り、いくつかの変更点がありましたので、また本委員会で最終版の計画について、ご報告差し上げたといったところでございます。
既にですね、あの桜川公園、今現状もですね、音の森中央があったりそれから桜川保育園であったりそれから敬老館それから男女平等センターみたいな公共性、公共施設も顕在しておりますし、元々の公園もですね緑があってそれが上島側に繋がるといったスポット的にも非常によろしい場所かなというふうに思っておりました。
その中でですね少しテックの方で状況を書いてなかったかなっていうところが、鳥海委員地元の皆様のそういうコミュニティの場としての講演が少し弱かったと、これは管理者としても考えていたところでございます。
既に申し上げた通り公園つむぎ会というものが組成されて、地元の方も非常に楽しみにしている中で、今回の計画が出来上がってきたといったところでございまして、こういった思いをですね、引き続き事業者区とともにですね、新たな桜川公園ということで合併契約や事業を絡めまして、維持管理の方もですね、地元の皆様がやっていきたいとこういったご意向も既に伺っているところでございます。
そういったことで公園への関わり方それから方もこういったものを計画の段階から地元の方に入っていただいて、桜公園を作り上げていきたいいけたか、いけている。
かなと。
現状いけてるかなと思っております。
それからもう一点は当然ここに公募対象施設ということで、カフェ等の施設が入りますのでそういったところに関しては新たな需要がきっと出てくるんだろうなと今の講演よりもさらに魅力を増してですね、こちらにあるような質感のメニューもございますが、今まで来なかった方も、こちらの桜川公園に訪れていただいて、中央区の良さであったり、といったものを体感していただくというのができるかなというふうに考えています。
なお足元の公園でございますが、やはり地域の方にあの話入ったところ、やっぱり自然の少ない中央区においては、子供たちにとってもちょっと自然への体験が重要であるといったとこでございましたので、木質チップの導入こういったところで中央区の森等の素材を使いたいなとは思ってますがなるべく自然由来のチップを配置したり、あとはあの芝区の広場くつろげるような環境をもう少し広めに取りたいと、そういったご要望もございましたので、あの本最終の計画に盛り込んで報告させていただいた次第でございます。
以上でございます。",2026/02/12,環境建設
園長環境土木部長環境土木部長,"はい、少しだけ補足をさせていただきますと、他の公園との違いそれから区民のメリットと、いう点でちょっと補足をさせていただきますと、官民連携事業でございますので、空方の講演で、同じような維持管理をしている部分を、その事業者が入るということで、少し賑わいですとかそういったことが期待できるというところでございます。
それから、区民のメリットということではなかなか食うだけではどうしても目の行き届かないところがございますが、そこで事業をなさっている事業者さんが、その辺をフォローしていただけるということで地域の皆様のお声を拾いやすくなるのではないのかなというところを感じているところでございます。
以上でございます。",2026/02/12,環境建設
加田委員,"はい、どうもありがとうございましたわかりやすいですね。
今まで公園の多くが公園にどういうことをしてきたかというとそれこそ樹木の管理から芝生の状態から非常にティールの細かいところが中心になっていたんですけども今お聞きしたように要するに公園の概要であるとか、将来設計計画であるとか、あるいは地元の皆さんにとりましても、何か実際に運営管理運営はまた別の会社が入ることで、地元の予算としては、より地域にどうやったらいい公園になるのかそんな話をする機会が増えるのかなという思いでございます。
そういう意味ではですね皆さんお話ありましたけれども公園は今もう大変魅力のある公園と島内に各地にできておりまして、この間の防空ではですねやはり魅力的な公園によってやはり近隣の住宅事情が非常に良くなるとか、やはり公園が環境を引っ張るような作業もございますそういう意味ではこの桜川公園に限らないんですけども、adapt制度などもぜひとも充実していただいて、皆さん公園に来ていただくという。
そして地域の環境について考えていただく。
そして何よりもですね、今、今まではやはり公園ができた時点が最高なわけなんですが、これからやはり地域の皆さん、そして区の皆さんとですね、手を取り合って公園を育てていくという感性が今大変注目されております。
できたときが最高ではなくて、できてから年年を経ることにどんどんどんどん内容が充実していく。
こういった公園作りぜひともを進めていただければという思いでございます。
これがぜひとも成功して、また新たなパークPFIの次の展開あるいはこういった考えがいろいろな方向に広がっていけば良いと思います。
大変期待しておりますのでぜひともどうぞよろしくお願いいたします。
以上です。
次の質問者の発言をお願いします。",2026/02/12,環境建設
角屋委員,"私の方からは、理事者報告ですね。
4番について質問させていただきたいと思います。
今回本区では従来、耐震化計画を進めてきたというふうに認識しております。
今回中央区耐震改修促進計画の改定が今後行われるということで拝見させていただきましたその中でも、この今までこの計画に進む通り進めて、様々ななんていうんですかね計画通りに進めてきたんではないかなというふうに思っております。
ちょっと私がちょっと気になったことが2点ございまして、質問させていただきます。
16ページにございますが未耐震住宅現行基準でですね令和7年3月現在で570戸あると記載されております。
まだ私、月島に住んでおりますが、木造住宅もす若干ございます。
だんだん木造住宅は減ってございますが、まだかなり古い住宅っていうのも木造住宅がありますその中でちょっと気になってたことは、賃借人の方が住んでいる。
自分の家ではない。
という中で進んでいるケースもございますそういった中でちょっとお話をしてるとですね。
耐震診断を受けたんですかっていうと、まだ受けてないみたいなお話も聞いたことがあるんですね。
そういった中で、賃借人の方でもこの支援とですか。
が対応されるのか、本区としてもすごく3、高齢の方に対しては300万ぐらいいいですかね。
助成をして、かなり手厚いというふうに認識してるんですけども賃借人の方の対応についてまずお聞きしたいと思います。
委員長　建築課長建築課長住宅の借りてらっしゃる方その方に対するご支援というところです。
耐震化の部分については当然例えば耐震補強するのであればその建物をいじるということになってしまいますので、通常は考えられるのは所有者の方というようなところあるかと思うんですが、実際には賃借されてる方に対してもこの助成制度を適用している事例もあります。
これも対象になります。
なかなか所有者の方の方でもですね動きづらいよっていうときには賃借人の方からもご相談いただいてですね。
耐震補強だとか補強計画、あと耐震改修です改修とかあとは診断ですね。
こういうところをやってくれないかという、国の方でも助成金の方を設定しておりましてまた国に比べても少し強力なものは作っております。
ですので、やり方によっては助成制度の中で全部見れるようなものもございますので、賃借人の方でも、その助成制度の中で、例えば耐震の診断だとか、場合によっては補強工事というのも行われる。
そういう事例もございましてそういう形で耐震補強してきております。
以上角屋委員ご答弁ありがとうございます。
力強いご答弁だなと思いました。
というのも、借りてるっていう形の中で、なかなか言い出せない方もいらっしゃるということで、私は認識していたんですけども、相談もしてくれるということですので、またあの助成制度の中でこの耐震化というかですねできる。
また、自分が寝ているところだけが耐震化するとか、いろいろな方法もあるんではないかなというふうに今思った次第でございます。
また、そういった方がいらっしゃったら、繋げていきたいなというふうに思いました。
もう一点ですね。
この子の命を守る耐震回収す促進計画でございますが、この昨今の建築費の高騰っていうところもあると思います。
耐震改修に対するこの影響ですかね。
その辺について本部としてどのように捉えてらっしゃるのか、お願いいたします。",2026/02/12,環境建設
建築課長建築課長,"はい、昨今の建築費高騰への対応というところでございますが、来年度のですね、8年度に向けて、今助成制度をどうするかというところの促進計画の検討とあわせて今行っているところで、やはり最近のですねその助成制度の問い合わせだとか、実際のその申請の状況を見てもですね。
建設費の高騰、それに伴って工事費が上がってるというのはだいぶ影響が出ているなというふうに感じているとそれを受けまして来年度に向けては、女性の限度額ですね。
この部分を対応できるような形で少し拡充をしていきたいというふうに考えておりまして、現在予算案の中にそういうものを盛り込んでいるというような状況になっております。
以上です。
委員長。",2026/02/12,環境建設
直接整備部長都市整備部長,"。
はい。
先ほどの質問も合わせてでございますけれども、今回の耐震改修促進計画に伴いますそういった補助の拡充につきましても、先ほどの建築意向等々にも対応するような形で割り増しの方を区の方としても考えているところでございます。
とは言いましても個人の方のご負担も当然あるわけでございますのでまずはご相談をしっかりいただくってことが大事だと思ってます。
今回合わせてですねそういった周知という部分についても拡充を図って一つでも声をいただきたいというふうに思っておりますんで、まずはご相談をいただいた上で、様々な政策に結び付けていければというふうに思ってございます。
角屋委員委員長、はい。
姫委員後、それぞれご答弁ありがとうございます。
やはり建築費の高騰ということで、本区としてもしっかり対応していくというような力強いご答弁ありがとうございます。
また、周知の拡充もしていくということで、また相談してですね。
いけるような、そこに繋がるような取り組みを今後も期待しておりますので何卒よろしくお願いいたします。
質問は以上です。
御社の発言をお願いします。",2026/02/12,環境建設
上田委員,"はい。
私からは資料2桜川公園パークPFIについてお伺いをいたします別紙記載の中にですね今回ちょっと注目すべきところがありましてモバイル充電スポットですね。
こちらあくまで災害時用というふうな記載がありますがこれは同時に何台程度のスマートフォンの充電等ができるというイメージでしょうか？また同様の設備を災害対策として他の公園等に展開する余地がないのかについてあわせてお伺いします。
委員長。",2026/02/12,環境建設
光森課長,"、水と緑の課長。
はい。
モバイル充電スポットの件でございます。
こちらまだですね実際の製品の仕様等は現状今検討中ということでございますが、複数台のスマートフォンであったり、そういった機器の充電をですね、災害時に展開できるような形で今考えているところでございます。
ですので常時いいごめん通常時は鍵等をかけているということでございますが考え方としましては地域での防災の、また町会のイベントをですね。
行事で使っていただく際ございますので、設置しただけでなく、実際使ってみないという時にはなかなか役に立たない可能性もあるので、そういったところで使っていきたいなと。
練習も兼ねてですね、使っていければなというふうに考えているところでございます。
また、他の公園の展開ということでございますがこちらの桜川公園の事業者からの硬質化メニューということで提案でございますので、現状は今他の公園ではですねこのモバイル充電スポットの導入は考えていないところでございます。
以上でございます。",2026/02/12,環境建設
上田委員,"はい、ありがとうございます。
この一点今の話を聞いてご提案ですが既に桜川公園でですねこれ実施をされておりまして40台同時に充電できる規模となっていますポイントはですね、この場合はモバイルバッテリーのよくあのコンビニとかにでも1000ポイントあるものと同じものがありまして何を言いたいのか、平時でも利用できるということと利用方法が迷わないということが特徴でございます。
今の町会のイベント等の話もありましたが災害時にやっぱり手慣れたものというか見たことがあるものの方が確実に使い勝手もいいですし、平常時に使ってもらえればそれが一つの憩いの場というか、若者が車にやっぱりなるかなと思いますのでぜひ引き続きですねご検討いただければと思います。
以上です。
次の質問者の発言をお願いします。",2026/02/12,環境建設
川田委員,"はい。
よろしくお願いいたします。
私の方からは資料1の鉄道駅鉄道駅におけるエレベーター等の設置状況につきまして、質問させていただきます。
昨年一昨年と茅場町駅の大変な混雑ということで古藤委員会でも少し意見を述べさせていただいたんですけれどもだいぶ改善が進んだようでして、混雑状況199%から144%ということで、歩行困難の杖歩行の方なんですけれどもある程度安全に歩行ができるようになったということで、ホームドアの設置もありまして感謝を申し上げますということで昨年年末の区政報告会のときにちょっとご意見をいただきました。
それと併せてですね。
別の方から馬喰町駅JRの馬喰町駅ですね。
こちらの利用車椅子利用者の方を介護されてる方なんですけれども、非常に使い勝手が悪いということで、しかもホームドアの設置がまだかというご意見をいただきまして、その辺り今日の資料を見ますと2028年までには設置をという。
ことで目途が書かれておるんですけどその辺り区としてですね、もう少しJRのJR側にですね、早急な整備を申し入れていただけることができないかどうかということをちょっと今日お聞きをしたいと思っております。
どうでしょうか？",2026/02/12,環境建設
医委員長,,2026/02/12,環境建設
交通課長交通課長,"はい。
馬喰町駅のホームドアについてでございます。
ご案内ありました通り、馬喰町駅、こちらにつきましては現在、JRの方から2028年度末の完成を目指すというふうに聞いてございます。
一方で、区の方でもバリアフリー事業に関しましては、JRに対して、エレベーターの設置工事であったり、またホームドアの設置工事、こういったものに関する補助金というメニューをご用意しております。
日ごろですねJRの方には、こういうふうに区としても補助金のメニューを準備しているのだから、なるべくこういったものもうまく活用しながら整備してほしいと、こういったものを常日頃から申し入れているところでございます。
そういったところは引き続き働きかけの方針でいきたいというふうに考えてございます。
以上でございます。",2026/02/12,環境建設
沢田委員,"ありがとうございます。
ちょうど今その次の質問でエレベーターの件もお聞きしようと思っていたんですけどやはりあの馬喰町駅がですねやはり連結車両が長いもんですから15両とか、ホームの味から味までの距離が非常に長いということで、車椅子を押して歩くのも大変だしホームドアも設置もないので、危険性を感じるとか、あの負圧がすごいとかですね、非常にそういうご意見が出されておりまして、エレベーターに関しては東日本橋駅のエレベーターまで行かないと、地上まで出られないという今現状になっておりますのでそのあたりも大変なご不便をちょっと感じているというお訴えがちょっとありました。
その辺りもですねJR側にですね、久納助成金を使う。
手でも馬喰町の駅ダイレクトなエレベーターの設置、このあたりは普通強く強く働きかけていただきたいと思っております。
よろしくお願い申し上げます。
また、ちょっと続きましてですね交通関係で続けてしまうんですけれども勝どき駅活動経験の混雑状況もかなり深刻であるということで今、話が来ておりましてホームドアそれからエレベーターの設置は今、だいぶ整理のこちらをね進んでるんですけれども、利用者はとにかく増えているということで、かなりのなんていいますか。
ちょっとあれですけど大丈夫ですか。
ええ。
ホームドアの設置とあとエレベーターの設置そして駅の整備事業ですね少しネットの方にも雨とか地下鉄の方ですね方にも話の方を少しまた進めていただきたいと思う。
ております。
その点2点ですかね。
はい。
はい。
はい。
以上でございます。
ありがとうございます。
委員長。",2026/02/12,環境建設
交通課長交通課長,"はい。
それでは初めにですね、馬喰町のエレベーター工事についてでございます。
委員ご案内ありました通り、馬喰町駅については、今JR独自のエレベーターというものを設置しておらず、都営交通の東日本橋駅こちらのエレベーターを使っていただいているということで、ご不便をおかけしているというような状況でございます。
一方でですね、JR東日本につきましては、現在馬喰町駅に独自のエレベーターを設置する工事に向けて検討調整をしているところでございますこちらにつきましては、平成4年度平成5年度と2ヶ年ですね。
設計の設計を行ってまいりましてその設計費、設計費用に対して区の方から補助金も、お邪魔したというようなところでございますこちらにつきましては当初ですね、工事にそろそろ着工する時期ではあったんですけども、JRの方からは、建設費高騰等の影響によりまして、今計画をですね、精査している段階だというふうに聞いております。
このあたりも区の方で補助金を出したところもありますので、着実に早期に行われるように求めていきたいというふうに考えてございます。
また、活動経費の混雑についてでございますが、勝どき駅については、ホームであったり、また出入口にこういった改良工事を以前から行ってきたところでございます。
また、ですね、勝どき東の再開発に合わせて新たな地下通路を作るのと、日々ですね、駅の改良が進んでいるといったところがあるかと思います。
この辺りもですね、また周辺の開発の状況などを踏まえて、しっかりとですね、そういった混雑緩和が図られるように、求めていきたいというふうに考えてございます。
以上でございます。
川谷すいません。
今のご答弁いただいたあの平成と言われたのは令和ですかね。
令和4年度5年ということではい承りました。
ちょうど昨年の8月ですか東銀座の板橋店銀座一丁目駅にエレベーターが設置をされまして、大手町から東銀座の駅まで地下歩いていって、どこでもエレベーターを利用することによって、本まで到達できるという状況なりましたので本当に利便性はさらに良くなったと思っております今後もそういった交通環境の整備ですね。
ぜひとも弱者目線といいますか、交通弱者の立ち位置、目線に立ったあの整備をですねぜひとも区としてもさらに交通事業者とそれから東京メトロ、そしてJRと三者にはですね強力に働きかけていただきたいなと思っております。
質問は以上です。
それでは続きまして環境保全および建設行政の調査について質問のある方、ご発言を願います。
塚田委員引き続き、もう一つ質問させていただきます。
昨年の11月でしたかね。
中央区の地下鉄の件でも大変お世話なってます。
市川先生も絡んでらっしゃる絡んでるというか。
そこに参加されてると思うんです森井記念財団が発表された世界都市ランキングで、東京がですね万年大体三、四位ぐらいだったと思うんです。
これは昨年初めて2わかった。
いうことをこのニュースを見ました。
そこで、やはり何があ2上昇にいい寄与したのかというと、一番最初に上がっていたのが東京駅前の開発でございます。
これはまだまだ完成したのは一つだけなんですけれども要するに火事場梶橋通りから永代通りですね。
東京駅前の外堀通りのツライチがほぼ全て刷新されるとさらには流れが永代通りを右折して、呉服橋の交差点には千代田区ですけれども、大きな統治ができるとそれから日本橋の方にももう竣工間近なビルができるということで大変この子の木大変大きな期待がかかっているわけですね。
そういう意味では私も地方から帰ってきた新幹線の駅前っていうと、全国どこでも大変よっていうところ東京駅前と少しこれまで残念な思いもありましたけれども、いよいよ刷新されて、ピカピカの駅前そして3月には、土風炉ですね。
競争中にちょっと左側新しくできるということで大変期待の高まるところでございます。
そんな中でですね、先日東京駅八重洲通り将来ビジョンのリーフレット送付ということで資料をいただきました。
界隈大変大きなビルができるにあたって、八重洲通りにですね、人の集まるなんていう環境を作るということで過去に年2回にわたって社会実験、この周辺でやってらっしゃいましたけれども、非常に書きで書きだなというのは、これまでなかなか車道を削ってまで何か変化させるということは、あんまりなかったと思うんですけど、やはり八重洲通りの使われてあまり頻度の高くない。
車道を一つ削ってスペースをつくる、こういうことであるとか、荷捌き場を作るとか、何かこういったことをやって大変社会実験としては面白くて内容もあったんではないかなという思いでございます。
そういう意味ではですねこれ見ていただくと、ビルがピカピカになるのと同時に報道環境も新しくなる。
歩道にも歩く道にかぎとどまらずですね、人を集める新たな魅力ある歩行環境歩道になるんではないかということで期待しております。
ここで大変素晴らしい内容と思うんですがこの概要についてちょっとお聞かせいただければという思いでございます。
どうぞよろしくお願いいたします。
委員長。",2026/02/12,環境建設
基盤事業調整課長基盤事業調整課長,"はい、東京駅前の八重洲通りの将来ビジョンについてでございます。
こちらにつきましては、東京駅前地区の駐車対策協議会と一般社団法人の東京駅前地区まちづくり推進協議会が取りまとめたものでございます。
特区等の関わりにつきましては令和6年度にですね区の方から交通環境改善基金を使いまして補助金を出してそれで将来ビジョンの検討を進めてきたという経緯がございます。
こちらにつきましてはあくまでその2社がですね、二つの団体が作ったものでございまして、八重洲通りを歩行者中心で居心地の良い空間にしていくということを見据えて今後の八重洲通りのあり方を議論するためのたたき台として取りまとめたというものでございます。
細かい道路管理者、交通管理者との協議につきましては、これからいうことでまずは思いをまとめたというものがこのビジョンでございます。
その前提のもとにご紹介をさせていただきますと、このビジョンの実現に向けて大きく基本の方針をお二つ抱えてございます。
一つ目が東京の新しい顔として象徴的な都市軸への転換ということで、やはり東京駅前これから委員がおっしゃったように再開発もまだ続きますし、それから将来的には地下鉄の駅も毒気近辺にやってくるという中では新しい顔となってくるのが八重洲という場所だということで、そうした新しい顔として歩行者中心の空間整備ということも念頭に置きながら、いろいろな日常で道路特に歩道を使ったアクティビティ印ついてイメージをまとめているということが一つございます。
それから方針の二つ目につきましては、居心地いいよく使うことのできる道路空間の実現ということで、道路、日常それから非日常と使える分けていろいろな使い方ができるんじゃないかということで、その非日常につきましては、人が集まってイベントを行ったりですね。
それから緑や花などを見ながら超える空間こういったものを空間として作っていくということを方針として二つ目で掲げているところでございます。
こちらのストーリーの他にもですね、東京全体で道路空間を再編するという概念が出てきているところでございます。
その道路区間の再編というのが、一旦歩道車道幅員が決まって出来上がった道路も時代の流れとともに真帆車の交通量が少し減少している。
新たな交通手段ができたりっていうこともありますし、それから歩行者の歩行者目線という視点も出てきてるということです。
その中でマイナス通りというのも、やはり東京駅の玄関口の路線ですので、特に歩行者中心の路線に再編していこうというような路線とトップ路線としてですね、東京都の方でも位置づけを新たにしていくというような動きもございますので、そうした動きも捉えながら区としては地元とともにこれからの東京駅前八重洲通りを考えていきたいとそのように思っているところでございます以上です。",2026/02/12,環境建設
塚田委員,"はい、ありがとうございます。
もう本当にピカピカの会話になることを楽しみにしておりますけれども、一つここでお願いございますのが現総理の丸っきり言いつらい中ではないんですけど、小学校ございました。
ここでやはり地域の特性、特性で、孤高の本鳥居とこで歩いてくる子は少ないんですそこで、ぜひともこれバスで持ってこられるのをぜひとも乗り降り条項に置いてもですね少しなんだろう、危険を伴うとまでは言わないんですけどやはりあの車を心配するようなところがございますので、ぜひともこの道路の再編にあたってですね、どうしてもこの車からの乗り降り、バスから乗り降りについて今一度何か検討していただける機会になるんではないかなと思っておりますので、ぜひともこれも併せて何かお考えいただければという思いでございます。
どうぞよろしくお願いします。
以上でございます。
次の質問者の発言をお願いします。",2026/02/12,環境建設
角屋委員,"はい。
私は議題として自転車を安全安心に利用をするにはという視点で質問させていただきたいと思います。
2026年度この4月から本格的に導入される自転車の交通違反に交通反則通告制度、青切符制度が導入されます。
私皆さんもあると思うんですけども私にもいろいろなお声をいただいております。
歩道で自転車自転車っていうんですかね。
自転車バイクなんですかね。
ペダルが付いている電動自転車がすごくスピードでこう来るとかですね。
小さな信号のところ信号無視したりとか、またほど歩いてると後ろからヒヤッとしたことがあっただろう。
様々いただいております。
警視庁の交通局が出している自転車ルールブックの中にもございますが、自転車への青切符の導入の背景とせず、同手続きっていうところがございますそういった中で、この自転車のですね。
この事故が多くなってるっていうことがそこに、見てとれます。
まず自転車の交通違反の検挙数の推移でございますが、右肩上がりに上がっております。
また、自転車乗用中の死亡重傷事故、令和6年における自転車による法令違反の有無というところで言いますと、違反がですね75%ということで、かなりこの自転車のルールマナーもそうかもしれないですけど、無視したそういった自転車活用が多いという背景があって今回なったと認識しております。
私もしっかりとしたこういうですね青切符制度っていうのは、ある程度仕方がないのではないかなというふうに私は理解しております。
今回のこの改正道路交通法の改正によって、16歳以上の信号無視や一時停止などの違反に反則金が科せられるとこれまでは赤キップとの違いや、このどのようなことが対象になるかっていうことがまだまだわからない方もいらっしゃると思います。
ニュースとかではいろいろとそういったものもでておりますが、このこうしたですね、制度の改正に伴って周知を、本区としてどのように取り組んでいくのか。
まず教えていただきたいと思います。
委員長　環境土木部副参事環境土木部副参事ええ。
委員からご質問のありました自転車の交通違反に達する対する交通反則通告制度についてお答えいたします。
にご説明、ご質問の通りですね今年の4月対1日から16歳以上が16歳以上の運転者こちらのですね自転車の交通違反に対しても青切符が導入されるということとなります。
そもそもですねこの青切符制度というのはですね今まで自動車の運転手に課せられていただきましたが、運転者が一定の交通違反、こういったものをした場合にですね、期間内に反則金というものを納めて納めることによってですね、その後の刑事事件、または家庭裁判所の審判、こういったものを受けることなくですね、こういった交通事件が終結されるそういった制度となります。
そういったところでですね、今後も4月1日からですね、自転車の交通違反もですね自動車の交通違反と同様に手続き上への負担が軽減されるそういったいうことになります。
こういった制度の運用に対しまして区といたしましてもですね、区のお知らせによる周知、これは行って周知を行っております。
また、ですねポスターの掲示やチラシのリーフレットの配布、また江戸バス内のモニターを活用した周知、こういったことについてもですね、今後、進めていきたいと考えております。
また、これからもですね引き続き警察署等々連携しながらですね、あらゆる機会を捉えてこの制度の周知を図ってまいります。
以上です。
委員長。",2026/02/12,環境建設
角屋委員,"ありがとうございます。
私は経営警察庁交通局が作ったですね昨年令和7年9月なんですけども自転車ルールブック結構暑いです。
50ページぐらいあってですね、なかなかこういったものをですね、ホームページで見てくださいっていうのも、見てもですねなかなかわかりづらい部分もあると思います。
しっかりとこの周知については今お話あった通り、周知をしていただいてまた、その警察、また中国、また学校など様々機関と連携してですね、この新たな改正される制度についての周知がまとめ、求められているんではないかなというふうに思っておりますし、またこの安全の意識を高めるという部分でもすごく大切な機会として活用していただきたいと思っております。
あともう一点ですね。
このタイミングで例えば本区でも自転車活用推進計画にもありますけども、保険の加入率の向上、またヘルメットの着用の重要性、また、このヘルメットの着用の周知なんかも併せて命を守るっていう視点というのはすごく大切かなというふうに思っておりますし、また保険については、この命を守るっていうことと財産を守るっていうそういった側面もあると思いますので、その点についてもう一度ご答弁をお願いいたします。
委員長　環境土木部副参事環境土木部副参事自転車の事故によってですね区民の方から命を守るというお話がございました。
雲ですね。
これまでも自転車用のヘルメットの助成制度を行ってきたり例えばですね昨年11月には子供自転車の教室を行った際にはですね、一緒に来られた保護者の方にも、交通ルールの周知、また自転車用ヘルメットの着用の重要性こういったことにもだいぶ管轄の警察署の警察官の方からですねご指導いただいたところでございます。
また、ですね。
交通安全にとそういった機会を捉えまして、警察署さんやまた地元ボランティアの交通ボランティアの方々と合同のですね回答周知活動を行っておりましてそういった中ではですね、ヘルメットの関係、また自転車の保険の関係こういったことも周知してまいりきたところでございます。
これからもですねこれについてはですね、重要なことととらえて行いますので、引き続き推進してまいりたいと思っております以上です。
委員長　、角屋委員ご答弁ありがとうございます。
様々な機械、また様々なところとの連携というのは大切かなというふうに思って質問させていただきました。
また、交通違反通告制度、この青切符制度でございますがこの改修を機に自転車の利用者の安全意識、行ってもない安全意識を本当に高めるというのがすごく大切かなというふうに思っておりますので、自転車の交通ルールの浸透が急務と考え、質問させていただきました質問を終わります。
ありがとうございます。
次の質問者の発言をお願いします。
委員長。",2026/02/12,環境建設
上田委員,"はい。
私からは2問お伺いいたしますまずリポートについてです。
先日ですね超党派で視察にお伺いをさせていただきました。
PTAが既にですね自主的にやっていたものからですねやはり区が入ることによってより安心感を持ってですね事業で保護者の方々からも高く評価されているということを改めて感じました。
あの視察にお着きいただきました環境課長に改めて感謝を申し上げたいと思います。
ただ、コロナ禍でですね現在この事業においては、既存店への御配慮というものを理由に、本来最も需要が高いはずのですね新入生に対するアナウンスというのが控えられています。
本来リユースの目的というのは限りある資源を大切にし環境負荷を低減するということですから新入学というタイミングこれは家計の観点からも環境の観点からも選択肢を提示しないという運用は少し問題があるのかなと感じております。
なのでそこでお伺いしますが、既存店への配慮は理解はいたしますが、新入生の周知というものを行っていく考えはあるかお伺いします。
併せてですね、中央区を開くとこれもですね非常に実はあのポイントも付きますからアナウンスダウンロードさせるのにはとても良いタイミングかなと思うんですけれども今回視察した限りにおいてはその案内で特に見受けられませんでしたこのような周知もあわせて強化するべきかと思いますが区の見解をお知らせください。
もう一点はですね公園等公共空間における障害者活用という観点でお伺いをいたします。
現在12月23日全員協議会でもあったような地域共生社会の実現に向けるという中において、障害者就労というものがいくつか私の耳にも届いています。
具体的に言えば障害就労継続支援等を活用した働ける仕組み作りということです。
これらはですね手順が明確な清掃業務等は特性を生かしつつ、社会貢献これ実感しやすい仕事の一つで、実際に他の自治体等では、そういう清掃だったりそういう現場においてですね、障害者が必要の高い仕事を提供しているという事例を伺っております。
本区においても、清掃などを業務を福祉的な観点から、その働く場として、障害のある方々に積極的に切り出すことで、共生社会の実現と担い手不足の解消というものができるかなと考えますが、区の見解をお伺いします。
以上です。",2026/02/12,環境建設
医委員長,,2026/02/12,環境建設
環境課長環境課長,"はい、私の方からまずリポートの件についてお答えさせていただきます。
周知ということに関しましては、現在区のお知らせやホームページの他ですね。
学校の方にもポスター等の掲示をしていただいたりですとか、在校生に関しましては保護者の方の連絡ツールて取る久美子いったようなアプリを通じて、個別への案内というのをしていただいているところでございます。
一方、新入生というところに関しましては、個別での案内というのは行われていないというところではございますけれども区のお知らせそれからホームページ、または集合ポスト区内の掲示板などで集合ポスターこういったようないわゆる一般的な広報媒体を通じまして周知というのをさせていただいているところでございます。
委員からも今お話ありました通り販売店への配慮っていう部分ですとか、学校等に負担にならないように、そういったところも含めてですね、バランスをとって現在のような形での実施となっているところです。
なかなかそういったところを踏まえますと、新入生に対してさらに周知を強化っていうのは現状ちょっと難しいかなとは考えているところはございますが、実際にご利用されていらっしゃる方もいらっしゃいますので、しっかり問い合わせ等あった際は丁寧にご案内をさせていただきたいと考えております。
2点目枠等の周知っていうところで理由報等のですねポイント事業となるところの合わせた案内というところでございますけれども、こういうことも、現在着実にですね参加者増えてるところはございますが、やはり基本計画に定める目標値にはちょっと程遠いところがございまして、更なるPR、また事業の仕掛け作りというのをしっかり行っていく必要があると考えております。
そうした中でこのポイント事業と連携した周知というのは一つすごく良い点かなというふうに、今お話も聞いて感じたところでございますので、両事業のより魅力的な区民の方にとっても利用しやすい、そういったようになるようにどういったことからできるか検討してまいりたいと考えております。
以上でございます。
上田委員に申し上げますその後の3点目の質問についてでありますけれども、障害者の就労については本委員会の所管の範囲の外になると思いますので所管の内に収まるように改めてご質問お願いできますでしょうか？委員長。",2026/02/12,環境建設
上田委員,"はい。
先にその種支援のところについて改めてというかますがもちろんこれ変わってるかのご確認をいただきたいですが、私としてはですねやはりその公園清掃等のところに関してあまり非常に声が私にも、もっと綺麗にしてくれる平たく言うと寄せられているとそこに非その担当官レベルの話で言えばですねなかなかその事業者さんだったりとかお金の問題というものがご指摘をいただいてなか難しいというご答弁をいただくその中においてその一つの選択肢として、さっき申し上げたような就業ごめんなさい障害者だったりとか様々内容は、今より幅広い選択肢を検討するべきではないのかというふうな考えですよろしくお願いします。
委員長　水と緑の課長、水と緑の課長。
はい、市公園における清掃等の障害者支援というところでございます。
ちょっと直接的にご回答できてるかはっていうところがあるんですが、清掃業務に関しましては今現状委託でやっておりますしまたボランティアさんとかですね。
地域の方が担い手となった自主管理、こういったところで清掃を行っているというのもあります。
それぞれ強みを生かして、清掃を行っていただいてるとこもございますので、今委員からご紹介ありました障害者支援という観点から言いますと、得意分野というかですね、集中してやっていただけるようなところがあればですね。
そういったところの対応はいけるのかなというふうには考えているところですがいずれにいたしましても、架空であったりですね。
社会福祉協議会ですとかそういったところを等のですね、あの見解であったり、踏まえまして、そういったことが可能であるかっていうところはですね、今後研究していきたいなというふうに考えております。
以上でございます汗ちょはい。",2026/02/12,環境建設
梅田委員,"はい。
まず前半についてはやはり個別に送付できる絶好のタイミングがありますからやっぱりそこは本当にご検討いただきたいと実際小さいサイズばっかり余ってるのでね、見ると、だからそれは改めて考えていただきたいと思います。
後半については既にJRさんを含めた取り組みというのはもう実施。
実際にありますから、ちょっとぜひ区としてもご研究をいただいてですね、様々な活用を検討いただければと思います。
以上です。
次の質問者の発言をお願いします。
川谷委員すいません手短に日本橋中学校の工事が今進捗して歩道橋の撤去をこないだ終わりましてそのことに絡めて少し2点ほどちょっとありましてお聞きいたします。
ほとんどがですね旧公衆トイレの脇野樫山城下氏通りの側の後藤がですね若干の工事の関係で狭くなっておりまして、その辺りの通行がですねちょ若干しづらいという。
調教がございますこれはいつぐらいに歩道の確保幅をですね、戻せるのか。
あの今、今日はですね実は道路側に今を立てて、あの歩道を歩かないで道路が歩いてくれということで誘導がされておりましてその辺りのちょっと工事の進捗進め方に関するちょっと問い合わせが1件ありましたあともう一点なんですけども犬ペット犬を連れた近隣の住民の方からですね、歩道橋がなくなってテラスへのアクセスが非常にしづらくなっていて、仮設でもいいので、横断歩道と、それからあとテラスに、あの間仮設の階段等の設置ができないのかというお問い合わせをいただいております。
その辺り区として取り組みできるかどうか、ちょっとご検討いただければと思うんですけどもわからないかな。
委員長。",2026/02/12,環境建設
道路課長,,2026/02/12,環境建設
道路課長,"はい。
日本橋中学校の改修に伴うあの歩道橋の撤去についてでございます。
ご案内の通り、歩道橋の大部分は撤去の方完了しておりまして、今残りのですね、作業の方取り組んでいるところでございます。
工事といたしましては、ほぼほぼもう完了しておりまして、できるだけ早く歩道の方は元の広さに戻すように事業者にもしっかりと連携取りながらですね早急な施工に努めてまいりたいというふうに考えております。
また、あの歩道橋がなくなったことについてテラスの方にちょっと行きづらいという怒りなんですけれども、すいません申し訳ございませんが、今のところそういう仮で何かほど横断歩道を作ったりとか、そういったところは計画してございますので、はい。
よろしくお願いいたします。
以上です。",2026/02/12,環境建設
副委員長,"が、委員席へお戻りくださいお移りください。
青木委員からは、ほぼ1年区民の皆様から寄せられて、そしてもう既に電話あるいはお尋ね、対応していただいたものも含まれます。
ですからこの間、ですね。
環境建設の中に含まれる。
中で大変区民の皆さんにとって身近な問題です。
具体的に言いますと、ゴミ箱の設置問題街路樹の剪定についてそれから、歩道と車道のバリアフリーについてそれから、石間側、これは中央区が運用しておりますので、次SMAがんの増加について、お尋ねしてまいります。
以前お聞きしたものもありますが、進展があれば、現在の状況ということで、お伝えいただければと思いますまず、ゴミ箱の問題です。
これは様々な自治体でも、悩ましいところのようです。
特に人が集まるところですね。
前回私は、お尋ねをしまして、全公演58のうち27なので、大体半分の公園に設置がされている。
ということで伺っております。
そしてそのゴミ箱が設置してある公園は全部回ってまいりました。
そしてその中で感じたことなどもお話してまいりましたが、委員長その前にですね、中央区として、この公園区立の公園におけるゴミ箱のあり方というか、方針がありましたら、今後の音声ありましたらまとめてお聞かせいただければと思います委員長　水と緑の課長というと緑の課長はい区内の公園におけるごめんなさいゴミはこのあり方ということでございます。
以前もですね、本委員会で答弁させていただきました議員ご紹介の通りなんですが、オリンピックパラリンピックのですね警固対策を契機に区内のゴミ箱というのを見直しを図ってまいりまして、あの児童遊園に関しましては、もう今1期もない状況です。
また、公園に関しましても、今委員ご紹介ありましたがおよそ58公演中30ヶ所程度ですね。
ゴミ箱が設置してある公園はありますが、更新といたしましては新しく整備する公園に関しましては、利用者の皆様、地域の皆様のご協力のもと、ゴミ箱の設置はせずですね。
持ち帰りを図っていただきたいなというところでお願いしているところでございます。
そういう意味では国内の状況、方針というところで言いますと、今後もこういった形でですね、進めていきたいなと思ってまして。
ネズミ地域のですね害虫の発生ですとか、ゴミ箱に関しては様々問題がございますので、逆に申しますとご申告ですとか、いただいてどうしても設置を続けたりとか、もう溢れかえっているゴミ箱に関しては新しいものに変えたりということもあわせて実施しておりますので、場所場所の対応になるかとは思いますが、全体の方針としては減らしていきたいなというふうに考えているところでございます。
以上でございます。",2026/02/12,環境建設
青木委員,"ありがとうございます。
続けてゴミ箱についてタレント込みゴミ箱なんですねもう一度私回ってみました。
そうするとやはり、おっしゃったように、ゴミ箱がないところは綺麗な公園、新しい公園でもゴミ箱があると、そこにどんどん増えていくということで状況は良くなってはおりませんでした。
さらに観光客の方が増えている。
インバウンドでこれあの外国人の方が日本の慣習を知らないとかそういうそういうことでは決してありません。
やはり観光客の方も増えるということはそれから外で飲む。
あの外の家庭ではないという意味ではなく、屋外で飲むということは、コロナ以降も増えて若い方に増えておりまして、節約の面も含めまして、今、週に1回町会などでも、遅いやっておりますが参加してくださった方、100%か。
月島ってこんなにゴミ多かった。
っておっしゃるんです。
特にいろいろ隠れる部分などですねここにわざわざ捨てている、あるいはタバコのポイ捨ても増えている。
ということがありますので、こういったこともそれから道路には区道ですね。
道路歩道にはゴミ箱は当然ありません。
それからコンビニと自販機これは民間のことですので同じレベルで考えることができませんが、コンビニも人件費削減のためにあのゴミ箱ゴミ袋を変えるだけで、かなり時間がかかるということで、中に食べるところがある。
ところは中にゴミ箱ありますが、以前のように外のゴミ箱がほぼなくなっている。
それから自販機ですね。
これも自販機を置いている方の問題にはなりませんが、やはり中央区直接は指導できなくても何かできないかということで、自販機にもなくなってるんですよねこういうふうな子がでも、中田はちょっと作って飲んだ方はやっぱりそこに置いていくとどんどんどんどんそこにまたゴミがあるとこのゴミ問題ってそのリサイクルとかの形ではエコの問題でもこれまではずいぶん語られてきましたが、もっと単純にゴミが増えている中央区の先ほどありましたけれどもね。
今、新居であると前回区内での日本の中での自治体では、一番住みたい区の1位に選ばれていましたその多くの理由が、綺麗だ、清潔であるというそういうイメージをもう持ってくださっているのは、とても嬉しいんですが、そのイメージを崩さないためにも、もっとこのゴミ問題を民間も一緒になってコンビニも一緒になって、自販機を置いているところも一緒になって考えていく必要がもちろん紹介ですね地元の方も一緒になって考えていく必要があると思うんですが漠然とした質問になりますが、将来的今後のことも含めまして、考えをお聞かせください議長環境土木部長環境土木部長はいゴミ問題ということで、ゴミの発生抑制とそれから環境美化というその二つの局面で清掃事務所であったりとか、環境課が、それは様々な施策の方展開をさせていただいているところではございますけども、そういったものをもう少し同じ部の中で、連携をとって、強力に体制を進めてくれないかというようなご質問だと認識をいたします。
委員おっしゃる通りゴミは実際には人口の増加とともに、1人当たりのゴミは減っぴげんなんですけども、そういった医療としては増えている状況にあるとインバウンドの関係でゴミ箱を設置すると、インバウンドに限らずですけどもゴミ箱を設置するとそこに持ち込みゴミが発生するといろいろと様々な課題が発生してるっていうことはもう十分に認識してございます。
これからもですね先ほど言いましたように、か他複数の課を連携をしながらですね、そこには水と緑登録も入るでしょうし、そういったことで今後も取り組んでまいりたいと思います以上でございます。",2026/02/12,環境建設
青木委員,"はい。
ありがとうございます。
また、に私もそう思います。
いろんな横串を設定といいますか、いろんな方が一緒になってこのゴミを減らすという、まさに最初のゴミ問題このゴミ問題については私もぜひ引き続き取り組んでいきたいと思いますので、よろしくお願いいたします。
中国は綺麗な街という。
せっかく観光客の方が、あるいは住んだことのない方がそういうイメージを持っていらっしゃる。
それを実際着てみたら斎藤ゴミ多いねとならないように頑張っていただきたいと思います。
それでは次基準の方ですね街路樹区道の街路樹の選定基準についてです。
これについては異常気象も関係あるかもしれませんがということで、この夏すごいどんどんどんどんやんなきゃ成長が早くてというようなお話もしまして、多くはお電話をいたしまして区民の方から相談、あるいは通報通報ちょっと次でありますと直接お願いをして、水と緑の方方にお願いをしてそうすると本当にその日あるいは次の日に対応してくださるということで、とても感謝をしておりますがもう、だから1人の区議会議員としてできることは限られておりますので、まずはですね、この選定基準というものを、私の調べたところでは下記にごめんなさい。
別のかもしれませんので、これ除きますね。
選定基準中央区内で選定基準、何ヶ月に1回とかいう規則的なものがありましたらまずそこからお聞きしたい。
テストメールの課長、水と緑の課長。
はい、選定基準、今ですね区の方で今ご紹介いただきました街路樹の剪定ということで、都度都度ご申告を受けて対応させていただくと、危険な状況をご申告いただいているといったところですので早急に駆けつけて実施するというのがまず大前提ではございますが、ご紹介あった通り、夏季剪定と冬季剪定というものをですね、造園の御専門業者さんの方に委託しております。
今現状区内街路灯が7,000本近くございますので、そういう意味ではですねそういった街路樹をですね、順番に計画立てて選定していくというのが基本にはなってきております。
そういった中で、ごめんなさい。
冒頭繰り返しになってしまうんですが、及ばないところですねもう少し剪定が足りないところとかっていうところがここ危ないよといったような申告が入ったところは、随時対応しているとそういうやり方でございます。
以上でございます。
青木委員定期的に年に2回場所によって違いがありますので、そのスポット的についた問題があった場合には、至急対応していただくということで、本当にその通りなので。
ありがとうございます。
そこで、ですね。
具体的に、こんなのもあるんだっていうのが、やはりこれも異常気象に関して、しますけれどもとても伸びて保存まで届いて、滑りやすくなっちゃうんじゃないかとか、それとそれは今までにもありました。
今回勝どきの方から街路樹が伸びてまだ全地中化されておりませんので電柱が電線があります。
電線から吠えていると、あるいは電線の中に入ってるとこうなると、例えばあのビル風がありますので、強風の場合あるいは嵐台風、何があるかわかりませんが、そういうときに前週と一緒に倒れたりとか。
何か被害があると怖いという。
依頼が質問が一点ですね。
それから、雪の被害ってのは、これはこの週末ですが、晴海の方から上に雪が積もっていると、それがバサッと落ちてきたら人に子供たちが歩いていたら危険であるという。
このような今まで考えもしなかったような街路樹に関するご質問、ご要望もいただきました。
ここにやっていくことについては、既に順番にやっていくということでお答えをいただいておりますが、それは変わりはないでしょうか？その点についてここにというのは私とか議員の皆さんから連絡があった場合に対応していく、どのように対応をしていくかということと、最終的にはですね、うちの会社他の会社さんでもあると思います。
区民の皆さんが直接通報をした方が早い。
単に電話ではなくアプリを作って、つまりその現場の写真を撮って、国内丁目何番の阿部こういうのを見ましたと。
園木健三については、水と緑のか、あるいは担当部署で、どこが重要かということを考えていただいて、順番に対応していくことも可能だと思います予算が出ましたが、このアプリについては、まだ入ってなかったように思うのですが、この2点についてですね。
もう一度お聞きしたいと思います。
一丁オフィスと緑の課長、水と緑の課長はい異常気象等の気象要因によって街路樹の成長であったりとかっていう話もっと言いますと強風ですが台風の強靱化っていう兄弟かというふうに言いますかそういったところをがありますので、台風シーズンはその前に倒木を未然に防ぐためにですね、あの剪定を加えたりしております一方で影を作るというのが街路樹の役割になってますので切り過ぎてしまってもいけないということで非常に苦労しながらバランスを取りながら、あの時仕事にいい選定をしているというのが現実でございます。
おっしゃられた勝どきの部分に関しましてはちょうど電線がですね、かかっていたというところで、電線と樹木があって少し危険だという状況現地確認して、既に対応の方はしているところでございます。
また、井野先生方ばかりでなく、当然区民の方からも随時ご覧になってですね、自分ちの前の樹木が危ないとか、そういうご申告いただきますので、そういうなものに関しましてはですね、多くの職員が現地に赴いて、すぐに対応すると対応の状況も確認しながら優先順位をつけて実施していくというのが今の基本になっております。
通報アプリeの導入というところでございますがこれも前からですね、そういった導入はどうだということがございますが、区内の中央区の場合はですね、現地にそうだよね。
地球駆け付けられるといった範囲が他区と比べまして短いというかですね要はスピード感持って現地に赴くことができますので、実は通報アプリにも良い点と悪い点がありまして、いろんな方からご意見いただいて、情報が集まってくるんですが、その情報をやはりあの写真だったりを確認するのは、やはりあの職員のマンパワーになってましてそこで見落としが実は発生しているとかそれが早急な案件だったのに対応できなかったと言ったようなところも他の事例を見るとですね、出てきたりしています。
つまり一長一短ございまして、本区の場合は区内の特性から見ても、今、職員が駆けつけられる体制になってますので、現地を自分たちで確認して、危ないところから実施すると、そういった形でやっていきたいなというふうに考えているところでございます。
以上でございます。
青木委員素晴らしいと思うまたあの人のためにその家系つけられる職員というのは、大体何名ぐらい同じ人ではない順番にということもあるかもしれませんが、随時駆けつけられる方は何名ぐらいいらっしゃる。
そっか。
富岡町水と緑の課長はい、あのミスと緑の課の職員だけでも30名ほどございまいわしいますのでおりますので失礼しました。
電話を受けた者が他の業務とのバランスを見ながらかけて現地に赴くという形になります。
以上でございます。
青木委員いつもありがとうございます。
今後もよろしくお願いいたします。
では歩道と車道の間のバリアフリー、ちょっとうまく説明できないんですけれども図を見るとよくわかるんですが、今月島3丁目市街地再開発事業の中で変え道路歩道の整備などがあって、その歩道と車道の間、当然方がありますね縁石の部分がただしスムーズにバリアフリーのためにスムーズに通るために、F1000はふら動画た。
それからマウントアップ型っていうのが使われていましたが、最近は国交省の推薦もありまして、セミフラット型になっているという。
ことを、読みました。
この辺についてちょっと教えていただければと思います。
特に中央区において、このセミフラット型がなぜ適しているかということで、委員長。",2026/02/12,環境建設
道路課長,,2026/02/12,環境建設
道路課長,"はい、セミフラット型についてでございます。
まずマウントアップ型セミフラット型今委員からご紹介ありましたけれども、まず弟シャドウこちらについてはそもそも段差が生じていると、段差があるとその段差がいわゆるバリアフリー上勾配となって、車椅子の方であったり、歩行に際してストレスがどうしても生じてしまう。
そういった勾配を改善するために、いわゆる車道の高さを歩道にできるだけ近づけて、勾配の高さの差をなくしていくというところで子店にフラット型という道路の作りを採用しているというところでございます。
以上でございます。
委員長。",2026/02/12,環境建設
環境土木部長環境土木部長,"はい、歩道のバリアフリーの前に、歩道のなぜ歩道を設置するのか。
中央区道元々歩道のある通り歩道のない通り現在は11メーターの道路では歩道をほぼほぼ設置してございます。
歩道は車から歩行者を守るために設置をするとそれが車から人を守るためにわざわざスター会を段差をつけて、でもその15センチの段差がありますと、そこへ車で入るするったところで、歩道が無料にしますよ。
そうすると、車椅子の方やベビーカーなんかは車道の方に寄ってってしまいます。
それを解消するために攻めフラット型のことを今は推奨されているということがございますので、歩道を設置する意味と、そのマウンドアップと角フラットの衣斐というのが、ちょっと違うところが発達してるのかなというところだけは補足をさせていく。
青木委員だから、先生に大変わかりやすく教えていただいたという感じで。
ありがとうございます。
このセミフラット型今中央区内では何%ぐらいがこれになっているんでしょ委員長。",2026/02/12,環境建設
道路課長道路課長,"はい。
セミフラット島の整備率ですが、約60%整備率になってございます。
以上でございます。",2026/02/12,環境建設
青木委員,"ありがとうございました。
ずっと道路の話できましたので、今度は川の話は一点だけ質問させていただきます。
月島川これは中央区うん都内で管理をしているということでいつも滝島さんの話になるんですが努力をしていただいて、その申請沈んだ船8000それから違法建築物の撤去というのをここ数年大変精力的にやっていただいて本当に綺麗になってきたと思うんですが、あっという間にでね。
あっという間週末に区民の方から教えていただいて今日、今朝見てきたんですが月しながらの西中橋の下の勝どき側ですね。
月島から橋を渡って向こうから自動機側なんですが、あの船が1個沈んでいるとチーム内で、この方がその持ち主の方は自分でご自分で作っていた。
それはずっと見てますのでいわゆる違法建築物ですね船に乗るための日本建築物、さらにそこをなんか、とてももうなんかお花が好きな方なのか、いっぱいお花とかそれも枯れちゃってるんですが、あって大変な状況だなとその部分だけ見ますと、オレンジのオイルフェンスはあるんですが、ちょっとあれは見て欲しくて観光客の方には見て欲しくないなという状況になっておりますが、部分今度これまでとそれが今後どのような対応がとられるか教えてください委員長　道路課長道路課長すいません。
あの先ほどの線にフラットの整備率のところで、私すいません、間違った答弁をしてしまいましたので、修正させていただければと思います。
本件において、歩道が設置されているような対象の道路延長が約78キロございます。
その内セミフラットとして完了しているのが約20キロということで、整備率の方が約27%というところでございます大変失礼いたしました。
委員長。",2026/02/12,環境建設
環境部参事環境土木部参事,"はい。
私の方から先ほどお話ありました月島川につきましてご報告というか現在の状況と報告させていただきます。
今委員の方からお話あった通りですね、西井家永橋のところで昨年の11月ですか、既存ありました船がエンジンルームの方から浸水されて、沈没してしまったというところで当時ですね、海上保安庁と区の方でですね、対応オイルフェンスの設置など、対応させていただいたところでございます。
現在その後ですね海上保安庁とも連携しながら、所有者の特定だとか。
させていただきまして、既に所有者については覚知してございます。
所有者に対しましてですね、船の撤去というところで指導を行っている中で、所有者の方からですね、自分の費用でですね、撤去しますということで回答いただいているところでございます。
あの時期はどうなのっていうところですが、所有者からはですね、年度内には撤去していきたいというところで、事業者の撤去作業する事業者の方ももう既に調整しているというふうには伺ってございます。
一方ですね、我々の方もですね、確認の上でですね、事業者側の方にもですね、ちょっと問い合わせをさせていただいてございまして、事業者の方からですね、実は今ちょっと繁忙期だということで、クレセントが大山の手配にちょっと時間を要しているような状況もあるということを伺っているところでございます。
いずれにしてもですね、我々の方に行くとしても、先ほどありました景観の問題であったり、また普段つ通過する船舶の航行の安全を確保する上でもですね、早急に撤去してもらいたいというところでですね引き続き求めてまいりたいと思ってございます。
以上でございます。",2026/02/12,環境建設
青木委員,"ありがとうございます。
ネタ食うとか他県ですね。
よくテレビでも配線とか船の墓場というか、なんかいろんなところであるようですが、そことは違って中央区順調に綺麗になっている。
今答弁に答弁にありましたがもう持ち主もわかっているし、今年度中に撤去が進むということですので、安心をいたしました。
今日はね、人気のある中央区を、そして日本人の皆さんが世界の皆様から中国は綺麗な街だということをぜひまた引き続き感じていただきたいなという思いで質問させていただきました。
どうもありがとうございました。
それでは青木委員は副委員長　席にお戻りください。
それでは環境保全および建設行政の調査については継続審査ということでよろしいでしょうか？採用取り扱いさせていただきます請願第8号日本橋室町1丁目地区市街地再開発事業に係る工藤配慮に関する請願の審査について質問者のご発言をお願いします。
継続審査ということでよろしいでしょうか？採用取り扱わさせていただきます。
第1回区議会定例会における委員長　報告の取り扱いについて正副委員長　一任ということでよろしいでしょうか？さよう取り扱わさせていただきます。",2026/02/12,環境建設
高齢者施策推進室長,"私からは資料5の令和7年度税制改正に伴う介護保険制度の対応についてご説明いたします。
初めに、本県の概要でございますが介護保険の第1号被保険者の保険料は、介護保険法施行令の基準に従い条例に定めて賦課することとなっておりますが、今般、当該施行令が一部改正されることになりましたのでその改正内容に合わせた対応を講じるというものでございます。
次に、本件の趣旨でございます。
令和7年度税制改正における給与所得控除の最低保障額10万円引き上げる見直しによりまして、介護保険料の算定の基となる区民税の課税状況が変わることで、第1号被保険者の一部保険料段階の移動が生じ、県介護保険事業計画の期間中の保険料収入が減少する可能性があることからその影響を防ぐための仕組みを設けるということでございます。
資料中ほど、大和久学校の参考例をご覧ください。
少し具体的に申し上げますと、例えば単身者で、給与収入が110万円と、年金収入が120万円の方の場合、令和7年度の保険料は、第6段階で年額8万7000円ですけれども、令和8年度は、先ほどの税制改正を反映して、保険料段階から第3段階へ移動し、保険料が年額4万9000飛んで80円に減少することになります。
そこで、このような税制改正によって、保険料収入が減少する影響を防ぐため、令和8年度に限っては税制改正を反映させずに、給与所得控除、従前のものとして保険料を算定することといたします。
結果合計所得金額などに変更がなければ、令和8年度の保険料は、令和7年度と同額となります。
そしてこうした保険料算定とするためのために括弧2の案に記載した。
保険料率の算定に係る合計所得額の算定方法や、委員記載の区民税課税者と非課税者の基準の特例を設けることといたします。
また、その位の扱いを適用することでかえって保険料が令和7年度よりも増えてしまう場合が生じうるので、そのようなことになったときには保険料を減額することができる特例を併せて設けることといたします。
なお本件につきましては、介護保険条例の一部改正が必要となりますので、ぜひ繰り返し定例会に議案を提出する予定でございます。
説明は以上でございます。
本委員会ですね、これまで子供子育て分野中心に質問させていただいてきたんですけれども、今日は高齢者施策で一文お尋ねをしたいと思います。
今日のですね、報告事項につきましても、後期高齢者移動医療制度へ保険料について軽減措置の延長等、保険料率の改定ということでご報告いただいておりますけれども、私の方からは議題で高齢者通いの場についてお尋ねをしたいと思います。
改めてでありますけれども、この高齢者通いの場について事業の実施の目的、またいつ頃から始まったんですよとかいうところを含めてですね実施の経緯そういったところを初めに改めてお聞かせをいただければと思います。
お願いいたします。
委員長　介護保険課長高齢者の通いの場につきましてはまず検討のきっかけとしましては平成27年に介護保険制度の改正がありまして、今まではですね普及啓発が中心であった1次予防事業についてですね、地域における住民の主体的な取り組みというものを取り入れるというところもありまして27年度から検討を重ねてまいりました。
目的としましては高齢者のですね社会参加、介護予防、閉じこもり防止、孤立防止等を推進するという目的で、平成28年に区がですねモデル事業として実施をしまして、平成29年度からの本格実施ということで通いの場の実施に地域の方が介護カヤバを実施するにあたってですね、運営費であったり、開設の準備等の補助というものを行って今に至るということで今現在計22団体の方がですね、通いの場ということを実施していただいているという状況になります。
以上です。
ありがとうございます目的と経緯についてそれぞれありがとうございます平成27年度から検討を始めていただいて、28年度のモデル事業で29年度から現在は22団体で実施をいただいてるということで、七、八年になるんですかね六、七年でしょうか？実施をいただいているというところかと思います。
これまでですね非常に素晴らしい取り組みだと思いますのでこれこういった事業をですねこの事業をこの間進めてきていただいている中でどのような成果を感じていらっしゃるか。
あるいはもっともっとこういうふうにするといいところもあるのかなというところがもしあればですねこの事業に対する今時点の認識をお聞かせいただければと思います。
お願いします。
委員長。",2026/02/16,子ども子育て高齢者
介護保険課長,"はい、これまでの成果ということところですけれども、あの数値的にまず申し上げますと、令和6年度における実績なんですけども、まず大体ですね概ねどこの団体も月2回ですね、実施していただいているんですけどもそう。
参加総数がですね7600人、回数が570回という。
いう実績がございまして、それぞれですねもちろん今うちの方でも進めている池田町トレーニングの聞き取れであったりですね脳トレ行ったり、ヨガであったりですね。
皆さんで歌うだけでなく音楽であったりというのは様々な趣向を凝らしてやっていただいております。
そういった形でもう特にですねもう一つのメリットとしては、やはり自分の生活圏の近くにあるというところが大きくてですねそちらがよりですねわざわざバスに乗っていく、遠くに行くっていうよりもですね近くで身近に通えるというところが非常にメリットでして、楽しみにしているという声も聞いております。
我々としてはですねまだ高齢者これからは低いですけども増えていくということですので、あのよ。
ちょっとですね地域にこの通いの場というものを増やしていきたいというところもございますが、やはり今、増やしていくやったけど課題としてはですねあのメニューがですねなかなかちょっとやることがいろいろなくてとかいう形でご相談があって負担になっているところであったりとか。
やはり今もう、平成29年からですと七、八年ですかね、続いてる中でやはり今やっていただいてる担い手の方が年齢をとってきてきて高齢化になってきてるからその次にやっていただくということころですね。
そういった形での脈々と続いていくといったようなところにあの課題があると思いますので、我々としてもですねそういったご相談には乗って、うちの方にも、保健師であったりですね栄養士等の専門職おりますので、そういったものがあの講座に出前で行ったりとかですね、そういった形でやるまた年に2回ほどの研修等もあの通いの場の運営者の方々向けにですね研修やっておりますのでそういったことを活用して、より地域の方も楽しめて、運営者の方ももっとですね、活動を活発にですね、運営していただけるということを目指してまいりたいと考えております。
以上です。
詳しくご答弁ありがとうございます。
成果また今後の方向性についてもですね、ご認識をお聞かせいただきましてありがとうございます。
七、八年ということで聞き及ぶところによりますと、本当に始めたときから、思いを持ってお手伝いをして、サロンを運営されているなんていうお話も伺いますのでぜひそういう思いを大切にしていただきながら、今ご答弁を伺っておりますと十二分にご理解いただいていると思いますので、ぜひそういう思いを酌み取っていただきながら、これからもこの政策についても更なる充実というものをですね、していただいて、回数も実績伺いましたので、こうしたところをしっかりと地域の皆様にご利用いただけるような取り組み、さらに推進をしていただきたい、このことを要望して、質問を終わります。
ありがとうございました。
はい、よろしくお願いいたします私からは資料1134に対して、あと被害議題についていくつかお伺いできればと思っております。
まず資料1にあります後期高齢者医療制度保険料に関してお伺いします。
今回の報告では、保険料率の改定とその保険料の軽減措置の延長について報告いただいております。
そして、これ内容はどちらも広域連合の中で議論されある程度方針決定されたものというふうに認識をしております。
あくまで広域連合としての判断って本当は単独としてやるやらないと判断できるようなものではないかと思いますけれども一方でその軽減措置に関しては、あくまで本部の一般財源を用いるもの保険料率の変更は各日の方にお願いするものである以上は、どのように進めるかという点については本としての考え方もある上、あった上で、エコなわれるべきものと考えます。
これらの方針決定までの議論において、本部としても何らかの形で関わっていたものと考えますがそれぞれについての本としての考えについて確認させてください。
お願いします。
委員長。",2026/02/16,子ども子育て高齢者
保険年金課長,"まずですね委員おっしゃっていただいた通りこの記載されてる内容については広域連合の方の議会の議決をもって決定をした。
事項でございます。
ここまでのけ手に至るまでの間にですね、この広域連合の中には、実際に具体的なことを決めていく、その執行機関の他に協議会という組織を持っておりまして、そのあの協議会組織と我々、このここの区市町村というのは、その協議会を通じて、意見を言っていくことができるという立場にございます。
そうした中で実務的には私どものこの課長会というものが23区にございまして、また部長会というものもございます。
そうした組織を通じましてこの協議会に対して今回のこの後期高齢者医療の保険料額かなり増える状況になっておりますけども当初、何の対策もとらなかった場合には、概ね3万円弱程度上がるんではないかというような見込みを示されまして、それに対してあまりにもちょっと金額が大きすぎるというところがございまして今回この軽減措置の延長ということでお示ししておりますが、この軽減措置についても、これはあくまでも一般財源の投入でございます。
言葉を言い換えれば、この後期高齢者以外の世代が負担をするという。
ことに繋がりますので区民の皆様に負担をお願いすることになるのであるんですが高齢者の負担を考えますと、どうしてもこの軽減措置は続けていくべきであるということで区としての考えとしてはそうしたことを伝えたところでございます。
また、この軽減措置だけではですね、今回お示ししたような金額には収まらず、あの今回の資料でおつけしております別紙というものがございますが、資料の2の方についております別紙でございますが、その右側の中央真ん中辺あたりですね基金等の活用額というものが記載してございますこれは広域連合の方で管理する基金および剰余金等の計423億円と書いてございますが、これについても我々の立場とすると、出し惜しみをしないで、とにかく使ってくださいとあの備えとして残すべきものは残すのですが今回特に上がり幅が大きいという見込みがございましたので、極力使うようにということ伝えた中で、今回このような料率また軽減措置の延長ということで、ご報告をさせていただいているところでございます。
以上でございます。
はい、ございます。
あの決定経緯ですとかその背景ですとかについて説明ありがとうございました鳥飼が変わりました。
様々な事情はあるかとは思うんですけども先ほどおっしゃっていただいたように、一般財源で負担をするということになると当然高齢者の方以外のするって形になるというところを考えますと、基本的な考え方としては、やはりその応分に負担をいただく当事者の方に負担いただくというのが基本の考え方かとております。
本部としましては現状はその高齢者の割合というのは非常に低いものだとは考えてまいりますけれども今後増えていくといった推計もございます。
ぜひ中長期的な姿勢ですとか制度の持続可能性ですとかそういった観点からぜひ本部としてどう考えるかというところについては引き続きご検討いただいた上で適切にファッションをしていただけたらというふうに思っておりますのでよろしくお願いします次に資料3についてお伺いをいたします。
本件はいわゆるこども誰でも通園制度の実施に向けた基準等の整備という理解です。
この制度については以前に伺った際、本区としてはまだ通常の保育園の利用者の方が希望通りに必ずしも入ることができてない状況もあることから、それとの見合いで進めていくといった趣旨のお話をいただいていた認識です。
また、実施するかどうかについては事業者次第という話もございました。
昨日2月15日の区のお知らせには実施についての記事もあったところで今回これらの基準等が整備されるということを踏まえますと、委員長その現状としては実施の見通しがあるのかなというふうに思いますけども、そこの現状について確認ができればと思います。
お願いします。
委員長　保育課長来年度から新規にこども誰でも通園制度中央区でも実施することとなっておりますけれども、今現状予定しているのがですね。
全区内全体で施設1歳児クラス2歳クラス大体おおむね5名程度となるかなというふうに5枠ですかね。
ワーク程度になるかなというふうに予定しております。
以上です。
ありがとうございますまた実施が見込んでいるというところと、ご親切で5枠ということでした。
これは某施設が引地施設でそれぞれ5名ということなのかというところについて確認ができればと思います。
もう一つこちらに関してこれも過去の議論にありましたけれどもこの制度の導入によって、いわゆるその待機児童の問題が悪化するということは望ましくないというふうに認識をしております。
今回の制度は先ほどその枠の話についてご指摘をご説明いただきましたけれども、これはここの保育園等の施設の既存の、その定員の枠を巻くような形になるのかそれともその別活動として扱われるのかというところについて確認させてください。
また、本制度を利用されるお子さんはこれまで保育園を利用していなかったようなお子さんであって、保育の現場としても負担がかかるというような声も先行する自治体等からも伺っておりますこのやっぱりへの配慮などがどうなっているかというところについても確認をさせてください。
お願いします。
委員長。",2026/02/16,子ども子育て高齢者
保育課長,"はい。
まず後に5億というのは、区内全体で5枠ということで、実施予定が大体155円ぐらいですね。
各才木氏。
11名ずつというか、1バックずつぐらいを予定しております。
規模としてはやはり非常に小さいスタートになるかなと思っておりますけれども、先ほど委員からご紹介いただきました通り、まだ中央区本当に最近はゼロから最初本当に厳しい状況でございますので、その辺は非常に考慮した上で、実施する予定になっております。
そのため本当に年間通じて定員の空きが見込まれることなどの方から条件としてさせていただいております。
そういう中でですね、例えば0歳児少しやってみようかなというふうにご興味示されたところにつきましても、やはり0歳児につきましては年年間を通して埋まる傾向にございますのでちょっとそういったご飯、お考えをお持ちであれば、02歳の年度のこの定員の枠の拡充などその辺について御検討願ったそういった経緯もございます。
はい。
はい。
それがまずは区の実際にやるところ、1歳児につきましてもなかなか厳しい現状がございますけれども、今回手を挙げていただくところにつきましては、元々の店より若干枠を増やしますその増やした中の1名をやりますというような形でご提案をいただきましたので、まず待機児童に影響を与える。
音はなくなる。
文字になってございます。
そういった中で、どういった配慮をしているのかというところでございますけれどもやはり事業を利用する。
乳幼児の安全や在園児の保育の日、この日、これは絶対に必要であるというふうに考えておりますので、フォトリアル保育を実現するために、この誰の支援制度の専用の従事者と定員を設けることでの実施方式および乳幼児市の面積や従事者の保育士の割合を国より厳しい基準で実施する。
そうしたことによって、安心安全で保育の質を維持するようなきちっとさせていただきたいなありがとうございます他の定員の確認については区内で5名ということで理解をいたしました。
その点については通常の保育園の定員の枠の外というところ。
あとは現場への負担というところに関して二重の対応という点では専用の従事者の方を設けていただくっていうところと、100人以上の基準でというところで、ご説明いただきました。
はい、こちらでしたら通常の利用者の方の負担がかからないような形での戦術設計になってるのかなということで振り返りをしっかりしました。
音声映像はその勤労等の理由でこれまで利用されなかった方に保育園を開放するということで子供の発達ですとか孤独な子育ての解消ですとかそういったメリットが掲げられておりましてこれらの効果を期待しているところです。
本としてどの程度ニーズがあるかというところについてはまだ不明ですけども、その利用状況についてはまた確認させていただけたらというふうに思います。
ありがとうございます。
次に、資料O4について伺います。
本件は病児病後児保育事業の事業事業利用にあたっての事前登録手続きがオンラインで行えるようにするというものです。
こちらについて2点確認です。
一つは既存の紙での手続きが起こるかという点です。
実は証券委員会では厳しいと思ってない場合には個別対応といった答弁があったかと思います。
今回見直し等ありますので基本的には各施設への事前の登録そして紙での申請はなくなってこのコームで受付に一本化されるのかなというふうに思いますがこの点について確認をさせてください。
もう一つは実際の予約する際の手続き2回についてです。
この部分については、現状では施設ごとに電話なのか。
オンラインなのかはそれぞれに異なっている認識です。
今回はこの部分については特に手を入れずということであるかと思いますけれども、この予約の部分についても、オンラインで行えるようなシステムもありますしそういったニーズもあろうかと思っております。
この部分はフィットワン見通しですとか、実施にあたっての課題ですとか、その辺の認識についてお伺いできればと思います。
お願いします。
委員長。",2026/02/16,子ども子育て高齢者
子供家庭支援センター所長,"また、事前登録のやり方なんですけれども、今後はですねこれまでは、子供家庭支援センターでは4施設分まとめて申請をお受けしていたんですけれども各保育園でそれぞれ受けていたのをまとめてやるというところで、今後はオンラインで申請いただくと4施設登録できますので、窓口にいらした方にもLoGoフォームからですと4施設できるというご説明をしてやっていただくつもりでおります。
これまで紙で持っている方につきましては、引き続きの使用はできます。
ただ、改めてLoGoフォームで登録いただくと、4施設のあの使用可能ですので新規登録者とあわせて、これまで持っていた方の変更についてもあわせて周知していく予定でございます。
これから予約についてのオンライン化の見込みというところでございますけれども、教育や保育の利用ですとか、キャンセルについては各保育園やりやすいような形で今行っていただいているところでございます。
実際オンラインで受けている保育室もありますし留守番電話ですとかメール等を活用している保育室もあるような状況でございます。
病児病後児保育室につきましては定員が1日4名から6名予約の受付開始は前日でしてキャンセルもあったりですとか、定員がありましてもお子様の病状によっては、お預かり人数が変動するよというようなところからマークでまとめて、一つのシステムを構築して使うみたいなことになりますとかえって混乱を招いたりですとか、非効率なのかなというふうにも考えているところでございます。
ですので実際の予約ですとかキャンペーンについては、これまで通りのやり方で進めていく考えでございます。
以上でございます。
ありがとうございますまず手続きに活かした基本的にはホームに一本化っていうことで理解をいたしました。
あとは予約の方に関しましてはその各施設がやりやすいやり方っていうところも一つと、実際使うにあたっての予約ですとか、それのキャンセルですとかそこの変動が激しいというところで、その工夫としての単独のシステムは、うまく適合しないっていう話になるかと思う。
思いますけどもこちらに関してはある程度その他の自治体で多く導入されているのはシステム等もあるかと思っております。
また、今回の取り組みの議論の中でもあった通り、多くの方が周りを利用しているのはスマホやパソコンの手元も踏まえますと、予約の手続きに関してもオンライン化のニーズっていうのはそこに高いというふうに認識をしております。
こちらについては引き続きはいご検討いただけたらと思います。
次に、議題として学童クラブについてお伺いをいたします次年度4月に向けた次募集の結果に先日公開されておりそれ確認をさせていただきました。
当初予定されてました学校内学童クラブの増設により定員は大きく増えたものの、マリーンズの偏在等から決定者の方も一定程度いらっしゃる認識です。
また、定員の空き数についてもあるというふうな状況です。
こちらの学童クラブのニーズに関しましては、昨年の一般質問において、83区において在籍している児童数1年生から3年生の児童数に対して学童クラブの登録児童数がどの程度いるのかという数字をお示しして、この中で本校は平均よりもかなり低い位置にあることをお伝えしておりました。
今回の定員増法によって、この数字は若干上昇はしているものの、やはりその平均値程度にはまだ届いていない状況で、これが意味するところは現時点では例えば申請しても入れないだろうですとかそういったことも持って、実際は希望しているけれども利用していないような層がいるのではないかというふうに想定をしております。
今回の第一次募集という結果ではありますけれども、今回の結果を受けて、この学童クラブのニーズの充足状況という点について、本区としての認識について特にはい。",2026/02/16,子ども子育て高齢者
放課後対策課長,"はい、学童クラブのあの申請の状況とあわせて今後の充足状況についてでございますまず令和8年度の学童クラブの申請状況でございますけれども、来年度は学校内学童クラブが6施設増えるということで公設学童クラブに関しましては、登録店数を加味して利用可能人数が1605人としておりまして、前年度比で340名増というような状況でございます2月3日時点の速報値になるんですけれどもこちら申請者数が1576件と前年同時期と比べますと69件の増となっているところでございます。
この申請の内訳を見ます。
児童館学童クラブへの申請が前年度比で154件の減となる一方で学校内学童クラブの方は、逆に203223件の増となっておりまして、学校の学童クラブの実施箇所を増やしたことで利用希望がですね、児童館の方から学校の学童クラブに流れているのかなというふうな傾向を感じているところでございます。
また、現時点の入会決定者数でございますけれども、1431名というような状況で申請者数に対する入会者の割合というのは9090.8%といったような状況でございます昨年の同時期と比べましてもおよそ9ポイント程度改善しておりましてまた待機者の方についても137名という状況ではございますが140名程度減少した状況でございます。
また、学年別に見ましても1年生だけでなくてですね、2年生の方も入会率が9割を超えまして92.8%とこちら今年度の4月と比べますと13ポイント以上改善した状況でございます。
今後の対策についてでございますけれども、この3年間でプレディPlusを13施設中3校で開設するということで、定員850名程度増やした他ですね。
民設民営から学童クラブにつきましても3施設を誘致しまして168名の定員増に繋げました。
この結果ですね、こうした取り組みを始める前の令和4年度の登録定数755人と比較しまして1000人以上定員拡大を図っているそのような状況でございます。
す。
この結果ですね全体の定員としましては、申請者数を充足できている状況にあるというふうに考えますけれども一部のエリアにおきましては、学童クラブのニーズというのは引き続き高まってる状況でございまして、申請数が定数を上回ってる節もあるといったような地域偏在というのはどうしても生じているというような認識ではございます。
これも従前から申し上げてる内容になりますけれども、本部の場合です。
保護者が就労している場合につきましてはプレディに関しても夜7時30分まで利用できるとこの7時30分という時間につきましては、23分の中で最も遅い時間ということで、放課後の居場所というところではご提供できるという認識でございます。
今後ともですねプレディの方で学童クラブを補完しながら、学童クラブとの両輪で放課後の居場所対策というものは進めていきたいというふうにそういったところが基本的な対応になってくるんだろうというふうに考えておりますけれども利用者の声にも耳を傾けるという視点を持ち続けながら、借り上げ支援の中で改善できる部分については、改善に努めていきたいというふうに考えてございます。
以上でございます。
はい、詳しい状況について説明いただきましてありがとうございます。
はい、待機児童数とかの観点で見ると、おっしゃっていただいたようにかなり減って目の前の話としては減ってる部分はあるのかと思います。
そして実際問題として、元々やはりその1年生主体いいえしか利用できないということもありましたけども、近年でいうと2年生3年生というところで使えるようになったりっていうところは、実際問題として、出てきているのかなというふうには思っているところです。
他方でやはり他の自治体とていうところのその学区どう待機児童という問題でいうと、やはりその3年生から4年生に上がれないというところが割と一般的な話として言われているところからすると、やはりまだまだこれからの部分っていうのもあるのかなというふうには思っているところです。
おっしゃっていただいた通りプレディの方で保管していただいているという部分もあるかと思いますけどもやはり若干その制度的な部分で違うっていうところもあろうかと思いますので、やはりその学童クラブとしてのニーズっていうところもある程度認識でございます。
こちらに関してはこれまでもその対角道内の会計学校内の体系学校内学童の他の整備ですとか、あとは民設民営活動の誘致ですとか、そういった政策を様々やっていただいてる部分というところは理解を今後についても、まだできる限りのことはちょっとご説明いただいた部分もありますのでそういったところどういったことのやり方が他にもあるのかどうか、どういうところについてはこれからもこちらの方としてもいろいろ調査して提案していけたらというふうに思っておりますのでこちらについては引き続きお願いいたします。
次に、子供子育て会議委員の若者参画についてお伺いをいたします。
昨年12月に新たな構成員になって初めて子供子育て会議が開催されました。
本委員会でも何度か研究させていただいておりますけども今回の大きな変化は若者委員が加わったというところでございます。
ポイント制の変化に対してちょっとやや残念に感じたのは議題の部分です。
これまでの会議がそうであったというところからもある程度仕方がない面もあろうかと思いますけれども、アパレル議題が保育園や幼稚園といった未就学児にそ関するもので占められていたという印象でした。
こういった問題となると当然に若者委員の方としては当事者ではなくてもちろん保護者でもないことからなかなか意見を言うのは難しいで買ったものというふうに考えております。
若者委員を入れるという趣旨に関しては、あくまで若者たちが自分自身に関わる政策について語ることであって、彼らの目線で保育園などについて語ってもらうことが目的ではないかと思う。
ております。
この点について前回の他会議委員に当たっての認識と今後の展望というところについてお伺いできればと思います。
お願いします。
委員長　子供子育て支援課長子供子育て会議のあの機材いいについてでございますけども議員ご案内の通りです昨年の12月ですけども、9月に委員を改正しまして新たな公募委員おっしゃって当事者3名に若者当事者2名っていうことで新たに入っていただきまして1回目の会議ということでございます。
そうした中で昨年度の会議につきましてはまず初めに区がこれまで取り組んできました子供は具体的な子供子育て施策ですと、その成果ですとか、あとこども計画ですね第3期でございますけどもそういったものの概要などを本校の現状ですね、まずご説明さしていただきまして、ちょっと基本的な部分のところについてはまず押さえさせていただいたというところでございます。
また、その他の会議の議題としまして、第2期と会議で第2期の計画につきましては令和6年度で期間終了ということで、そこの第2回のいわゆる計画の総括といいますか、そういった最後進捗状況などをご説明するような、そういった機会の場となったところでございます。
第3第3期の子供を計画につきましては新たに若者施策を盛り込んだというところで、前回の会議につきましてそういった若者施策についてはなかなかちょっと議題として用意してるような状況ではございませんでした。
しかし、ながらですね当日ですけども、若者当事者も含めて公務員の方につきましてはその会議の前にですね、事前にちょっと集まっていただきまして、初めて参加する会議ですので、そういった緊張を和らげたりですとか、リラックスして会議増いただけるようにオリエンテーションみたいな形で説明を行って、どうしても会議会議除く臨む上でのっていうところで、そういった意見を少しでも出しやすいようなそういった取り組みなんかもさしていただいたところでございます。
今後の子育て子供子育て会議のそういった議題ですけども、今後その第3期の計画に入ってまいりますので、若者施策が議題として、取り上げた際につきましては当然ですね、積極的に若者と一緒に発言していただきたいというふうに考えているところでございますけども、海宝一太会議を進めている中で、それ以外のですね、子供子育て施策についても若者の土砂につきましてはよりそうですね関心を持っていただいたり、理解を深めていただくような形をとりながら、できればその会議の議題全般にですね、何らかの形でご意見いただけるようなそういった働きかけなんかもしていきたいと考えているところでございます。
以上でございます。
前回は実は第2回の総括が第2回次期の計画の総括ということで、そこまではまだ若者というところにも発注出なかったというふうに理解をしました。
また、火を出しやすくする配慮については物をしていただいてるということであったかと思います。
次回以降に関しましても、いわゆるその第3期のものになるかと思いますのでまた3月また次回の会議が検討されてるようですその中では、ぜひこういった参加いただいた方が活躍できるような議題等について記載をしております。
最後に東京都のベビーシッター利用助成の制度についてお伺いをいたします。
本件についてはここにも何度か取り上げさせていただいてますが少しでも制度設計の考え方について改めて確認をさせていただきます。
こちらについてこの要綱には、保護者の多様な流水、伝えるとともに、ベビーシッターを安心して利用できる環境を整備することが目的とあります。
利用可能日またおよび時間帯は利用者のニーズに応じて区市町村が利用を認めた日および時間帯とするとあることかなどのような制度設計にするかは導入部分も含め実際に判断を委ねられていることと把握しております。
そして本としては本制度を導入しているものの、大きく二つの条件を設定しているという認識です。
一つは利用時間の月次での制限もう一つは20日以降の利用の制限です。
これらについてはこの委員会では、各家庭で年間を通して計画的に使っていただきたいというような答弁もあった認識です。
これは区としての考え方、思いの部分であろうかと思いますけれどもそれはその利用者に応じた時間設定なのか。
また、これらによってその保護者の多様なニーズに応えることができているのかというところについてはやや疑問に感じるところなんですけれども、パソコンの考え方というところについて改めてお伺いできればと思います。
委員長　子供家庭支援センター所長ベビーシッター利用支援事業の制度設計についてでございます。
こちらにつきましてはそもそもコロナ禍で施設型の保育サービスが使いづらい。
そのような状況の中で施設型の保育サービスを補完するものとして、令和3年度からの事業開始したものでございます事業開始した当初からの利用につきましては保護者と事業者の契約に基づいて行ってもらう行ってもらうものでございますので、録画制限をするものではないとちょっと考えております。
ただ、補助につきましては事業開始するにあたって、子育て家庭の孤立化防止であったり、あとは実質利用料が無料になりますのでそういった無償枠の有効活用ですね。
要は本当に必要なときに、優良な手助けを躊躇なく使っていただきたいというようなところでございます。
そういった観点から計画的な利用を前提に事業を組み立てて実施できているところでございます。
また、時間帯につきましては、税金を財源として行う行政サービスでございますので、その水準としては多くの区民の方が重要になるような範囲として捉えて、あの保障時間帯の方を設計しているところでございます。
近年深刻な保育人材の不足が非常にニュースになっているところでございます。
深夜帯の保育サービスにつきましてもやはりサービス提供する方についてはおそらく日朝に比べても非常に不足しているところだと思いますのでそういった観点からも補助制度にあえて含めないというのも適当であるのかなというふうに考えているところでございます。
区におきましてはやはりそうですね。
福祉的な側面から、やはり行政が行うのは困窮家庭であったり、要支援家庭に支援が届くようにセーフティネットとして使っていただきたいという思いもございますので、そういった事業の事業につきましてそうですね。
府独自の緊急対応枠というのを作らせていただいてその実施してきているところでございます。
以上でございます。
はい、ありがとうございます。
今のお考えはあるっていうところではあろうかと思いますけどもはいニーズに今ニーズの部分というところについては、そうですね。
やはりもおっしゃっていただきましたけどもやはりその当事者の方からするとやはりその制約をかけられているという意識というのは、ある程度そこはご認識いただいている部分であろうかと思う。
でおります。
やはりその当然タイアップの情報というのは、過ごしているとですね、自分の自治体で言うとそういった制度は特に制約はないんだけれども、なぜ中国では使えないのかですとかそういった情報を把握されて、やはりお声がけいただくような場面っていうのは非常にあったところです。
あと先ほど知世幸にもお示ししましたけれども、今回のこども計画に関してもですね子供も親も笑顔で輝き、基本は輝き地域で安心して子育てができるまち中央区って理念も掲げられているようなところでございます。
そういったところの理念から吸いますと、こういった何かしらの制限、先ほど計画に使っていただきたいですとか、そういった声もあったかと思いますけども、当然使わざるを得ないような環境下に置かれているご家庭だったりっていうところもあろうかと思いましてそういったご家庭について、こういった制度があるため、もちろんその使えないってわけではなくてその補助がないっていう理屈を今までもしていただいたところではあるかと思いますけどもそこで補助がないっていうところで言うと、金銭的な負担があるというところで耐えないというような方も実質的には伝えられた方もいらっしゃるかと思っております。
こういった方も含めてですね本区の中でどんな家庭の方もですね、適切に笑顔で子育てができるような環境というところについてはぜひ今後も議論させていただけたらというふうに思っております。
引き続きよろしくお願いいたします。
私からは以上です。
ありがとうござい。
委員長　はい。
私の方からは資料12と議題で緊急し緊急通報システムについて質問をしたいと思います。
まず技術者報告からあった資料1資料に、今回さっきの委員からも、いろいろと議論がありましたので、それも含めて、進めていきたいと違う角度で話を進めていきたいと思います。
軽減措置の延長と改定には、対策として5項目の特別な対策を打ってきた。
そのように資料の中に書いてありました。
そういったご報告もいただき、そういった中で、先ほどは区民の負担もあるというようなお話もいただきました。
そういった中でやはり私は年金受給者とかですね、働くことができないそういった中で、この物価高高騰中という中でも、このすごく助かる方はいらっしゃるんじゃないかなというふうに私は私は考えます。
また、共生社会を目指す意味でも、重要な措置ではないかというふうに思っております。
そういった中で、今後、増額されるたびにですね、私もですね、高くなったっていうことで街中でいくとですね、高くなった値上がったんじゃないかっていうようなお話をいただくことが多々あります。
今回についても資料を見ますと11、1人当たりの平均保険料額っていうところがお示しされておりまして11万1356円。
それが89年度については12万7400円プラス1万6000飛び44円ということで、保険の平均ということで示されております。
本当はそれ以上にあるんだっていうそういうところだと思います。
私がちょっとお願いしたいなと思うのは、この後期高齢者の皆さんにも、周知が必要ではないかなっていうふうに思います。
区民の方が負担されているまた、このそういった意味でですねこの後期高齢者の皆さんに良いなってるっていうことについても、そういった周知が必要じゃないかなと思いますしてその点についてへえお話をお願いいたします。
委員長。",2026/02/16,子ども子育て高齢者
保険年金課長,"まずあの今回のこの保険料の額についてはですね、いろいろ構造要因がございまして、一つには、団塊の世代が全て後期高齢者になって、増えているという状況と、その方たちが相対的に見ると元気な高齢者の方たちですので所得を押し上げているという要素を持っております。
そして、いろいろ昨年来言われてきました診療報酬の増額改定などの影響を受けて、医療給付費というのが増大をしていると今背景としてそういうことがございます。
そういう様子を見ると、この保険料が上がるっていうことはもう避けられない状況にございましてこの後期高齢者のこの医療給付費というものは、ご自身でご負担をいただいている保険料分がそれが1割、約1割です。
そして現役の世代からの支援それが約4割ございます。
そして、残りを公費で約5割負担をしているとそうした内訳に基づいて、後期高齢者医療制度というのは成り立っているという状況でございます。
委員おっしゃるように、これは後期高齢者の世代以外の方たちのこの支えがなければ成り立たない。
今医療保険制度となっておりまして、ご理解をいただくために後期高齢者の方々ご自身、皆様方にはやはりご理解をいただくために、そうした支えがあるということが、我々としてもしっかり情報発信をしてですね、知っていただく必要があると考えているところでございます。
このメインとなるのは、これは広域連合広域連合がしっかり仕事をしなければいけないんですけども、我々もしっかり連携をとりながらですね、我々こそ現場の声を知っておりますので、しっかりと伝えながら理解を得られるよう努めてまいりたいと存じます。
以上でございます。
委員長ご答弁ありがとうございます。
今どういうふうに支えられているかというようなお話をいただきました。
なかなかその辺がですね、私もお話しましてもですね理解が理解される方が少ないです。
ですけども、やはりしっかりと周知していく、今お話あった通りそういった中で共生社会を目指し、そういった措置を行っているということについてはしっかりとお伝えしながら、理解押していただくことっていうのもすごく大切かなと思っております。
私もなかったら3万円ぐらい上がってしまうんだっていうことをお伝えはしますけども。
ただ、今物価高の中で、最中で、もう本当に年金受給者の人たちつは本当に大変だ、また働くことができないそういったこともあるということをお伝えしたいと思いますありがとうございます。
続いて、議題に移らさしていただきたいと思います。
緊急通報システムについて質問させていただきたいと思い私は過日電話があってですねお隣さんが何かきゅたい喉ドアが開かないので大変だっていうちょっと電話があったので、ちょっとお伺いしたんですね。
そしたら、鍵が開かなくてですね、ちょっと声は聞こえるんですけども、何言ってるのがよくわからないっていうことでその通報して来ていただいた方と2人でその家の集合住宅なんですけども渡って聞いて何度もやってたんです。
勝手にですね、壊して中に入るっていうことが、後で大変なこともなるんじゃないかなと思ってちょっとずっと考えていたんですけども。
ただ、そんなことではいけないなと思って消防の方に連絡しました。
そしたら消防の人が駆けつけてくれて、結論から言うとその方は倒れていて、救出されたというような形になったんですけどもやはり鍵を壊したりするっていうのは本当に消防隊の人もすごくご本人とかご家族のそういったですね了解がないとできないっていうお話だったんですよ。
で、私はそのとき、緊急通報システムは中国でやってるなってそういうふうに思っていて実はそこには高齢者世帯という形でお子さんは中野に住んでいるっていうことで、なかなか駆けつけられないっていうそういうような中で、息子さんには緊急通報システムっていうのがあるんですよっていうのはお伝えしたんですね。
中野なんで、なかなか仕事も日中でないそういうような中で、実は相談しましたら、なんとケアマネージャーさんが代理でしゅ申請ができるっていうようなお話もいただきました。
そういった中で、ちょっとお聞きしたいのは、利用状況ですね。
緊急通報システムで命が助かったとかそういうような何かあれば教えていただきたいなというふうに思います。
また、私が緊急通報システムについて、お知らせした方には、鍵を渡すのが何か不安だっていう、そういう方がいらっしゃったんですけどもまずちょっと利用状況をなどありましたら教えていただきたいと思います。
委員長　高齢者福祉課長緊急通報システムの実績とか利用状況ということでございます。
こちらにつきましては令和6年度は409件の方が使っていらっしゃいまして令和7年度については7月末のちょっと数字なんですがそのときでも421となってますので今年度はさらに増えているところでございます。
こちらにつきましては、鍵を委託事業者ですね固定電話形式でしたらホームネットという会社で無線形式でしたらアルソックに他の鍵を預けるという形にはなるんですけれどもこちらについては実際通報があったときに、あの時すぐにあるショップなどが駆けつけて様子を見るということで、実際安心感は出てるはずなんですけれども、あの特にすごくこの子のために命が助かったとか、そういった特別な事例はさっき聞いてはいないんですけれども。
センサーなどがあって、それで発砲があって、ちょうど旅行に行って、そちらを切るの忘れていたとか、あのほ実際そういった通報があってもほとんどは誤報ということで特に問題なかったということがほとんどでございます。
これがあることで安心感というのは皆さん持ってらっしゃるということですので、これからも見守り事業の一つということでは周知をしていきたいと思っております。
以上です。
議長ご答弁ありがとうございます。
今まで緊急通報システムで、令和6年で409令和7年の421いうような形でやっている。
まだまだここの部分と伸びしろがあるのかな一人暮らし中央区は一人暮らしの高齢者としても多いと思いますので広がりがあるんじゃないかなというふうに思っております今のところ問題がないということはすごくいいことじゃないかなというふうに思っております。
ある意味私は鍵を渡すのが不安だっていうそういうお声っていうのはよくわかります。
ただ、命がやっぱり大切なので、信じてくださいっていうことでお伝えをしてますけどもしっかりとこの緊急通報システムのこのやつを普及っていうんですかね、私は必要じゃないかなというふうに思います。
また、この周知なんですけども、やはりこのケアマネさんとか、そういった方にも、代理申請ができるっていうのお話がありましたので、そこのところもなんていうんですかねそういう関わっている方たちに、積極的に何かお伝えしてですね、ケアマネさんはうちの中にも入ったりとかするケースあると思いますしまたそういう福祉的な方が合ってるというふうにも思っておりますので、そういった方への周知なんかもしっかりとするべきじゃないかなと思いますが区のお考えを教えていただきたいと思います。
委員長　高齢者福祉課長緊急通報システムにつきましては在宅で受けられるサービスの一つという形で介護保険事業者さんの連絡会等でも物資周知をさせていただいているところでございます。
もちろんケアマネさんにも周知してるんですけれども、例年これまで毎年1回1区役所の中でしか説明会というのを周知のための説明会等も行っていなかったんですけれども、今年度からは月7とか日本橋地域つまり合計3地域ですね区内の3地域でも、あの説明会を開くようにしましたら、やはりその地域の近くにお住まいの方がたくさん来ていただけるようになりましたので毎年周知等は図られていると思います。
また、それ以外のあの見守りキーホルダー等の見守り事業などの説明とあわせて、こちらの緊急通報システムについて見守り団体の方ですとか、そういった会合でも説明をしているところですので今後ますます周知は図っていきたいと思います。
以上です。
うん。
長ありがとうございます私が知らないだけだったかもしれませんが、やはりいろいろ知っていくっていうことがやっぱり大切かなと思いました。
特に息子さんとか娘さんとかが同居してないケースっていうのはやっぱりいっぱいあると思います。
そういった意味ではそういった人たちにも情報が行くっていうことが一番いいんですけどもこれからなんていうんですかね、様々紙ベースではなくて、電子化する中で、そういった高齢の方の中央区の高齢の方を持つお持ちになっている。
他の自治体に住んでいるそういうお子さんや親戚など、そういった人たちにも情報が行くような時代が来るんじゃないかなっていうふうにできていただきたいなっていうふうに思いまして質問を終了いたします。
ありがとう。
来た。
それでは資料を追う1位の放棄高齢者医療制度保険料軽減措置の延長についてと資料2の後期高齢者医療制度保険料率の改定等についてということで質問をします。
この保険料の軽減措置の延長について、24年度25年度と同様に26年度27年度も継続していくということですが、それぞれ五つその軽減してきた中身項目というのが資料で書かれていますけれどもそれぞれいくらぐらい区として毎年軽減のために負担してきたのか。
いうことをお示しいただきたいと思います。
これまで大体3万円程度の軽減に良い。
なるということなんですが、軽減されている金額についてもそれぞれ開きがあると思うんですけれども一番多い方であるとどの程度の軽減になっているのか少ない方でどの程度なのかという。
そのことについてもお示しいただきたいと思います。
それで軽減措置取って、来た、そしてまた継続する理由などについても、先ほど質疑の中で、ご答弁あったと思いますが、やはり今後も継続すべきだと思うというふうに思います。
28年度以降の継続の見通し、また必要性についてどのように考えているのかという点について、お示しいただきたいと思います。
委員長　保険年金課長委員のまず初めのですねこの軽減措置のこれまでの本区の負担というお話なんですが大変申し訳ありません。
ちょっと過去のそこまでの資料は持ち合わせておりませんで、今回この令和89年度本人に対して、特別対策、都内の全区市町村全て合計で232億円ということで記載さしていただいておりますが、あの、この数字から見たときに、本区における8年度のそれぞれの負担額ということでお答えさせていただきます。
保険料、ちょっと順番が失礼しました。
まず、資料の方にあります進出審査支払手数料の方につきましては、320020万ほどの金額になります。
それと、保険料未収金補填こちらの方につきましては2520万ほどとなります。
そして、所得割額独自軽減こちらの方につきましては、227万ほど7万ほとんど気になるです。
そして最後に葬祭事業、こちらの方については3610万全体を足すと、9580万ほどの金額となります。
そして軽減についてでございますが、今おっしゃるところは所得に応じてのお話かと存じます。
例えとしまして年金収入ということで、見たときにですね、7年度とこの89年度の保険料額の差を見比べたときに、一番やはり多く増えるのは、1045万の方が7万1000円ほど増えることになります。
そして金額で見ていったときに、やはり少ないのは、年金収入153万の方で、7年度と比較をすると年間で1100円の増額になってしまうとそうした内訳になっております。
主にあの、やはり所得が多くなれば多くなるほど増えているところでございまして、概ねそのような内訳になっております。
そしてこの89年度以降のお話でございますが、今この後期高齢者医療制度に関しましては、国内全都道府県全体で見てまいりますと、この特別対策を売っている自治体というのはほとんど存在いたしません。
といいますのは、先ほど他の委員のご質問の中で申し上げたところでございますが、結果的に他の世代に負担をしていただくということが、やはり一番議論があるところでございまして今回のこの89年度の特別対策の実施に当たりましても、全区市町村からの意見をご意見連合で集約した中では、このまま継続していいという意見の方が少なかったということで承っております。
あの本区の考えといたしましては、将来的にはこの特別サイト対策というのは縮小していくべきだとは思っております。
あのいきなり廃止ですとか、そういったことは無理かと思いますがあくまでもやはり現役世代の負担を減らさなければいけないと視点をいう視点を一つ持っておりましてただし、現状はこの物価高ですとか、医療費が上がる一方で状況の中で、今すぐに手をつけて変えていくというのは、あの負担がいきなり高齢者に降りかかっていきますので、またそれも難しいことでしばらくはこの情勢をしっかり社会情勢、いろいろな面でしっかりと見ながら、その上でできるようになったら、やっていきたいとそうした思いを持っているところでございます。
以上でございます。
いろいろ細かい数字をお答えいただきましてありがとうございます。
この軽減措置についても、今後は見直しもあるのではないかとそういうお話なんですが、やはり誰でもいずれは年を追うとるわけで年をとれば、病気がちになっていくというのは当然のことだと思います財務省の資料でも、70歳以上の方の1人当たりの医療費の自己負担額が年間で7万1000円から8万7000円程度で50歳以下の人と比べると二、三倍の医療費は負担しているということで、これが75歳以上になると1人当たりの医療費の負担が現役世代の4.4倍ということなので、やはりどうしても病院に行く頻度が増える処方される薬の種類なども増えていくと退職後に収入減った中で医療費を賄うというのは、多くの国民にとっては大変な負担になるというのが事実だというふうに思いますので、ぜひ区として、継続していくべきだという意見も広域連合の方にきちんと上げていただきたいということを強く要望したいというふうに思います。
70歳以上の医療費の窓口負担3割に対象を広げていこうとそういう話も出ていますけれども、その原液実の所得の基準というのが大体単身で年収383万円ということをです。
これが現役並みと言えるほど高いのかどうかということもあると。
思います。
高齢者であれ、若い世代であれ、子供であれ必要な医療を皆が平等に受けることを保証するのが社会保障の役割ですからやはりこういう医療費の負担、保険料の負担などが支払いが大変になっているのにかかることを諦めると思う。
そして健康返すと、いうことにならないようにするのが大変大事だというふうに思います。
若い人が負担することにならないようにと、そういうこともよく言われますけれども、国の機関ですが国立社会保障人口問題研究所の社会保障費の統計という資料では、日本の社会保障支出支出の対GDP比、これを見ると、日本より高齢化率がずっと低いドイツやフランスやスウェーデンよりも日本の国の社会保障の支出の割合というのは、大変少ないと社会保障の支出のうち特に国が拠出する分政府が拠出する分と、あと保険料の事業主の負担分というのが低いというのが、特徴だというふうにまとめられています。
財源の集め方ということそういうものを根本的に改めて言って、これまでも述べていますけれども、大企業です。
とか株主ですとかそういう富裕層への優遇税制などただして、財源作っていくという改革が本当に必要だというふうに考えています。
この資料2にかかって子供子育て支援納付金というのが後期高齢者医療保険料だけではないあって国民健康保険料などにも上乗せされていくということです。
協会けんぽなども含めて年1兆円の支援金を医療保険料に上乗せして全国民から徴収するそういう仕組みとなっています。
国の制度として、その子育ての支援を広げていこうということであれば保険料に上乗せするというやり方ではなくて、国の方できちんと財源を確保して国の制度として子育て支援を進めるというのが本筋だと思うんですが、区の見解をお示しください。
委員長　保険年金課長この子育て支援金を医療保険料として負担することは、おかしいというところでございますけどもこのお話につきましては、私どもといたしましては、特別区の区長会を通じまして、これまでこの子供子育て支援金制度のように、負担に対する直接の給付が伴っていない制度も導入につきましては、慎重を期すべきであり、被保険者の負担が増えることがないよう対策を講じるべきである。
そうしたことを申し述べてきたところでございます。
今般、こういう形でご報告申し上げておりますのは、こちらにもございますように既に法制化されているものでございまして、我々としましては、粛々と今事務を進めているところでございますが、国の言わんとするところは、社会保険制度は、社会連帯の理念を基盤として、ともに支え合う仕組みであり、支援金制度もこうした社会連帯の理念を基盤に、子供や子育て世帯を全世代、全経済主体で支える。
新しい分かち合いの仕組みでありますとこの社会保険制度の中でも医療保険制度は、他の社会保険制度と比較して賦課対象者が多く、現行制度においても、国民健康保険における後期高齢者支援金、後期高齢者医療制度での出産育児支援金など世代を超えた支え合いの仕組みが既に組み込まれておりますとこれが国の示したところでございます。
以上でございます。
今ご答弁をいただきまして、区としては、ちゃんと慎重に進めていくべきだという意見を持っているということやまた国の考え方というものもお示しいただきました。
社会で連帯して、負担はかかっちゃっていくものだということなんですけれどもそうは言ってもこういうやり方が若い世代と高齢車を球団をさせていくようなことにもなっていると子供がいないという方もいらっしゃったりする中で不公平感なども感じる方も多い。
やはり、国の制度として社会保障をきちんと支えていくべきだと思いますし、減らされ続けている国庫負担というものを社会保障の財源として全体として広げていくまた社会保険料のも、事業の支援の負担というものももっときちんと求めていく。
富裕層からもきちんとその能力に見合った税負担を求めて財源つくるということが大事だと思います。
税金のを集め方というのはやはりの負担能力に応じてということなので負担できるそういう利益を上げている大企業や株で所得が1億円を超えると所得税の負担率がどんどん下がっていくというそういう1億円の壁といったものなども見直していくということからの利益に対しての配当は、分離課税になる、そういう仕組みなども見直していくと、そういうことが必要だとこういうふうに思います。
区としては粛々と進めていくということですが、この構造も子育ての支援支援納付金の見直しやまた資料1の方の軽減措置の継続ということも区として、ぜひ声を上げて行って、他の自治体などとも声を合わせて協力していただき、いうことを強く認めます。
次に、資料3のこども誰でも通園制度、主に関わって質問します。
9月に制度に関する条例提案がされた際には、問題点も指摘しながら、福祉委員会の中で、反対の意見開陳というものもさせていただきました。
この制度も、全ての子供たちに質がきちんと確保された保育を保障するということが大変大事なことですし、子育ての孤立化が進まないように保育園などに通わない家庭で育つ未就園児の支援、そういう仕組みが大事だということは本当に事実であるというふうに思っています。
区の方でも国基準で利用時間、月10時間というところをの授業を活用して上乗せして月20時間とするということですとか、定期利用を基本にするということなので、あの国で認めているようなアプリで簡単に枠を取れる申し込みができるとそういう仕組みにはしない。
また、保育士の配置も国基準5割以上を若干上回る6割ということで、運営するという報告もあり、評価できる部分もあるものの、やはり問題もあるのではないかということで悩みながらも、反対をしたという経緯があります。
そういった中で、この列の制度を各自治体でも条例を制定して進めるという中で、中野区が、この制度の実施について、区内に在住する区民が区内の施設を利用する場合には、月に最大で80時間利用できるようにする。
それ以外は国基準の10時間を採用して、そして同時に要支援家庭向けの定期的な預かり支援については、区立保育園の中で定員1名分を確保して区内に在住する要支援家庭を対象とした。
児童の預かりや保護者の相談支援を行っていくということをです。
ですので国へ行けるように上乗せした形で区独自に、中野区独自にこういった配慮もしながら進めていく。
いうことですあまり短時間の利用ですと、保育園に子供が本馴染めるのかどうか慣らし保育もない中でどうなのか。
そういう心配もある中で月最大80時間という設定にしたということです。
中の子は試行的に事業以前から進めている中で、事業者の方から業務負担を考慮した職員の加配、が可能になるように補助をしてくれとそういう要望もあったということで事業の実施にあたって職員の労働時間に応じた。
中野区独自の上乗せ補助を行うと、そういうやり方で進めるということをです中央区でもぜひこういう事業者の声なども聞きながら補助を行うですとか、利用時間等々また区立保育園の活用でこういう要支援家庭の支援を行うなど、そういったことも進めるべきではないかと思いますが、その点について、このままお示しください。",2026/02/16,子ども子育て高齢者
議長保育課長,"はい。
まず20時間に設定した理由としましては、あの空気10時間で朝ですと、本当に短くて実際にやってる自治体、本当に1回あたり2時間それで預けるタイプに入れて、そのまま返す。
このような状況もあったということでそれよりは少し上乗せした方がいいだろうというところただ先ほど来申し上げてます。
区の方では待機児童はゼロにしたいまだまだ厳しい中で、上げられるとしても、今のところ80時間というところで、ただそれを決める際にです。
あの事業者の皆様にアンケートをとらせていただきました。
その中で、20時間について聞き取りをしましたところ、子供と現場の負担にならならずにちょうどいいんではないかというお声76%の事業者に言っておきました。
そういったところで20時間を設定させていただいたところでございます。
また、加配について、区の方で独自にまとめるというところにつきましては、その加配者職員についての補助の方はしっかりと考えて今回予算計上させていただいているところでございます。
以上です。
あと、もう一点、区立の保育園活用をして、要支援家庭の預かり支援などというものはどのようにお考えかということも伺いたいと思います。
お答えいただきたいというふうに思います事業者の方からもアンケートをとっているということですが、今後事業が進む中でも、さらに事業所から様々な声が出てくると思いますのでそういう声や、また利用する人のご家庭の声というものも集めていただいて、きちんと安全な保育というものができるようにしていただきたいというふうに思います。
加配についての配慮もあるということを、なので、きちんと十分な金額の上乗せというものが行われるようにしていくべきだというふうに思います。
なかなかこの制度を自体が、本当に良いものなのかどうなのかというところはまだ課題もいろいろあるのかなというふうに思っていました。
子供の死亡事故の発生というのも、0歳から2歳児までが多い。
そして預け始めの時期というのに一番事故が多いとそういうこともわかっています。
やはり慎重に進めなくてはいけないというふうに思っていますので、そういう安全対策についてもでもお聞きしていますが、今の時点でさらに配慮をしていくことを考えていることなどあればお示しいただきたいと思います。
委員長　子供子育て支援課長誰でも通園制度の公立保育園での対応の件でございますけども、これまでも以前ことをさしていただきましたけども、公立保育園につきましてはもう施設と目いっぱいですね待機児童対策として受け入れている状況で、現状なかなか厳しいと考えておりますまたその保育士の負担なんかも増えていく中では、現状なかなかそれに対して受け入れていくっていうのが厳しいかなっていう状況であるというふうにご認識いただければと思います。
また、迷いよう配慮者とかそういったところの点でございますけれども公立幼稚園につきましてはこれまでもそのセーフティネットとしての役割をしっかり持っている所でございまして発達に課題のあるお子さんですとか、障害のあるお子さんそういった方々もしっかり受けとめて、受け、受け入れさせていただいて、保育をさしていただいてるというような状況でございます。
以上でございます。",2026/02/16,子ども子育て高齢者
保育課長,"はい。
安全対策につきましては、誰でも通園制度が始まったタイミングでですね、独自の巡回の視点ですとか、自動決済の基準をもってしっかりと見てまいりたいと思っております。
また、原因が満たない間その間に誰でも常に対象のを入れるという。
U活用型という方式もあるんですが、その場合は特に加配の職員とかも設けずやるやり方があるんです。
しかし、ながらとしては、先ほど来申し上げた通り、子供の安全安心そして既存の児童安心安全な保育の人の維持をとても大切に考えておりますのでそのような余裕活用型ではなく、別に定員を設けてそこに必要な保育所を排出するやり方でやっていただく事業所のみやっていただく。
そしてそういうそういう中で、安全対策をしっかりやっていきたいというふうに考えております。
以上です。
本当に安全ということについては本当にくどいようにこれまでもう要望もさせていただいてますが、やはりイトーキそういう乳児の死亡事故というものが直で相次いだということもあるので、やはり懸念はいろいろをしています。
また、事業を進めながらの改善、私の方でも、提案などもしていければというふうに思ってすいません。
最後に民間学童クラブの運営事業者の募集ということについて質問しますとこれまでにもいろいろ委員会で話出ていたかも知れないんですがちょっと確認させていただきたいのが、民間学童クラブの事業者が昨年の8月上旬に募集締め切りだったけれども、応募してきた事業者がなかったということで応募の締め切りを昨年の11月4日まで延ばしたということだったと思うんですけれども事業者募集には応募がなかったということでいいのか今現在、3事業所ということなんですけれども、3事業者の今の利用の状況、秋の状況または今後も民間学童クラブを区では誘致していくという方向にあるのかと予定について確認をさせていただきたいと思います。
委員長。",2026/02/16,子ども子育て高齢者
放課後対策課長,"はい、民間学童クラブの募集の状況でございますが、委員ご案内の通りですね昨年の8月上旬にかけて募集をかけたところでございますが応募がなかったというところで再募集をかけて最終的に1月末まではですね、募集期間として設定したところでございます。
その結果ですね、ご提案を今いただいているところでございましてそちらについては今現在審査中というところでございます。
そういう状況だというところでございます。
続きまして民間学童クラブ現在の状況でございますが、こちらにつきましてはおおよそ3施設1168名のところですね。
入会の人数については、7.6、70名弱というところでございますけれども、来年度に関しましては、現在応募状況が増えている状況でございましてこちらについては引き続き状況というのを見極めていきたいというふうに思ってございます。
また、今後の見通しについてでございますがこちらにつきましては、利用状況も含めながらですね、また本区のなかなか土地がないと場所がないっていうところもありますので、そうした状況も含めまして慎重に判断を進めていきたいというふうに思ってございます。
以上でございます。
区が補助金を投入しながらこういう事業者の募集を行っていると思うんですけれども学童クラブの空きも公立などでも見えてきてるという中で、こういうお金をかけて事業所を募集する。
また、こういう民間事業者のPRも区が行っているということなので、そういうことはもうする必要がないのではないかということだけで終わります。
委員長報告12電話録音するんですよ。
それでは、ねある程度のうん。
お願いします。
ありがとうございます。
やっぱり安全のためにうんってね。
でも、別のND言えば、できちゃう。
駆動する可能性が一般質問をかぶってないってことでいいんですね。
全く私今回もう本当に、うん。
再開発で再開説明は大事です。
ちょっとこんな感じでずっとです。
あります。
15分なんですよ。
15分質問5問質問してもうこれね、本当にこれ最大の課題じゃん。
そう。
うん。
最大の課題自分でね。
作ってて思った。
もう2回、うん。
ヒアリングあの人すごくいいってうん。
なんだっけ。
小笠原おばさん荒さんうん。
はい。
なるほど、これはフリーです。
うん。
なんか私を尾坂先生ごめん。
誰かみたいに、あの文字は少ない。
多くない。
いいえ。
誰かしらね系とかね。
稽古の前に言ってますもんね。
桂とか桂とかねKね私もK和樹私もK関係だ。
菅間和上田和樹小泉さんはほづみゆうき行きなんでみんな気なのそういう年代優木田さんアンパンマンに行きました。
お疲れ様でした。
穂積さん大丈夫か一般質問。",2026/02/16,子ども子育て高齢者
