ID,会議の名称,発言者,人分類,発言内容,年度,年月日,委員会/本会議名称,議事関係
,令和7年 区民文教委員会(7月23日),木村委員長,木村克一,"ただいまより区民文教委員会を開会いたします。

まず初めに、理事者報告を願います。",,2025/7/23,区民文教委員会,議長/委員長
,令和7年 区民文教委員会(7月23日),木村委員長,木村克一,"発言の時間制についてでございます。発言の持ち時間制につきましては、既に御承知のとおりですので、よろしくお願い申し上げます。ただいまの時刻は午前10時３分でございます。自由民主党さん28分、かがやき中央さん19分、立憲民主党・無所属さん19分、区民クラブさん19分、日本共産党さん19分、士魂の会さん10分となります。なお、持ち時間には、この後の議題である請願審査の時間も含まれます。

それでは、理事者報告に対する質疑に入ります。

発言を願います。",,2025/7/23,区民文教委員会,議長/委員長
,令和7年 区民文教委員会(7月23日),押田委員,押田まり子,"おはようございます。

１点だけ、質問というか、希望も兼ねて質問させていただきたいんですが、不登校のことをずっと私はいろいろな観点で聞いてまいりましたので、細かく報告を受けている。また、どのように対応されているかというのは、いつも御報告を受けて大変よく分かっているんです。ただ、この御報告の中で、その子たちがどのように直っていったかとか、多少こういうことが出てきたんだよというような御報告を受けることがなくて、そういう意味での御報告をいただくと、私たちもいろいろな判断材料になるかなと思っているので、その点はいかがでしょうか、伺わせていただきます。",,2025/7/23,区民文教委員会,議員
,令和7年 区民文教委員会(7月23日),村上教育センター所長,押田まり子,"不登校のお子さんのその後ということでございます。

直近の状況でいいますと、別室指導が開始されたことで、例えば、昨年度までほとんど学校に来られていなかったお子さんが別室に少し顔を出せるようになったというような報告は受けておりまして、やはり別室の効果は大きいのかなと思っています。また、不登校になっているお子さんは教育相談にも係っていらっしゃるお子さんがいますので、そこにいらっしゃる保護者の方との面談でお話を伺いますと、中学校までは不登校であったけれども、高等学校に行って、定時制であったりとか、今、いろいろ多様化している部分がありまして、それで一生懸命、小・中学校で関わっていただいて声をかけていただいたおかげで、そういったところに出ていけるようにはなりましたというようなお話を伺ってはおります。ただ、全員の追跡という部分までは若干できておりませんけれども、そういった視点で、お子さんの状況を見ていくという部分は大事かなと思っておりますが、いろいろな施策の中で子供たちが少しずつ、いろいろな居場所があることによって選択できるようにはなってきているかなというふうには感じております。

以上でございます。",,2025/7/23,区民文教委員会,理事者
,令和7年 区民文教委員会(7月23日),押田委員,押田まり子,"ありがとうございます。不登校といっても、本当にいろいろな形があると思うんです。勉強はしたいし、人見知りではないけれども人中に行くのが嫌だとか、勉強も嫌だとか、そういう様々、今おっしゃったような形で教室を別にするとか、とても大事だと。

もう一つ伺いたかったのは、答えていただいたんですが、義務教育までは不登校でいいんですが、高校に行ってしまったときに教育委員会から離れるけれども、お子さんたちはどのようになっているのか伺おうと思ったら、多岐にわたるいろいろな、定時制とかでよくなっているというお話を伺って、ほっとしたんです。やはり高校になってきても、前も申し上げたんですけれども、高校生も中央区の子供さんなので、いい方向にいっていただきたいというふうに思います。ですから、今のようなお話をこれから先も、不登校の数や何かと同時に御報告をいただけるようにお願い申し上げまして終わります。ありがとうございました。",,2025/7/23,区民文教委員会,議員
,令和7年 区民文教委員会(7月23日),小坂委員,小坂和輝,"では、よろしくお願い申し上げます。

大変重要なテーマだと考えております。また、中央区は不登校の取組も一生懸命しっかりとしていただいていると思っております。別室を広げていったり、これは中学校からまた小学校へと、また小学校のほうも月島地域から日本橋、京橋へと別室を広げていくという方向性を前回の一般質問でも確認させていただいたところです。取組の成果といたしまして、中学校におきましても、全国平均では不登校出現率が5.98％のところ、中央区は8.21％と高かったのが、徐々に、令和５年度6.80％、そして令和６年度は6.19％ということで、全国平均の上だったところが下のほうへと成果が見えているようにも考えます。また、小学校のほうも、東京都平均、全国平均からも低い値を保っているというところでの取組に感謝申し上げるところであります。

質問といたしましては、まず、このような調査におきましては、これは先生による評価ということで今まではなされてきたところのまとめかとは思いますが、私も現場でも不登校の子に接して、この統計の結果とやや違うような感じも受けておりました。すなわち、このような統計に本人や保護者の考え方をどれだけ反映できているか。先生だけの見立てではなく、本人や保護者の意見、考え方も反映することが大事かと考えますけれども、このあたりの取組に関して教えてください。これが１点目です。

２点目は、前回の一般質問でもいたしたところでありますけれども、教育の点検・評価報告書の一つの評価指標ともなっております不登校児童・生徒で、関係機関とつながっていない者の実数というところが重要と私は思っております。今回の報告におきましては、３ページ目の（２）にありますけれども、小学校で102人の不登校児童・生徒がいる中で、関係機関と連携しているのは68人、すなわち、逆に言うと34人が連携できていない。中学校では113人中、連携できているのが80人、逆に言うと33人が連携できていないということで、総計で215人の不登校中、関係機関と連携できていない子は67人いる。31.2％というふうになっております。この方々の特性まで評価しながらアプローチの仕方を考えていけばよいのではないかと考えるところであります。例えば、文科省委託事業でなされた不登校の要因分析に関する調査研究報告書が令和６年３月に公表されております。公益社団法⼈⼦どもの発達科学研究所の報告結果ですが、関係機関と連携できていない方々には特性があるという報告もなされております。中央区では、関係機関とつながっていない方々の特性なり、何か特徴的なものを把握されていたら教えてください。これが２点目です。

３点目は、不登校になったきっかけと考えられる状況におきまして、本人に係る状況で不安とか鬱という部分が小学校で40件、中学校で48件と高くなっている状況があります。例えば、不安、鬱の部分は、医師に医学的なところから診断がつけられた場合は、ここの数から引かれることになるのか。すなわち、長期欠席者としての病気というふうに判断して、ここの数からは引かれて長期欠席のほうの病気に入るのか。今回、この統計には入っておりませんけれども、病気で長期欠席の子は小学校で152人、中学校で44人という形で、長期欠席の子は、不登校の子以外に、病気で欠席されている子はそれらの数もおられるわけなので、病気と診断することや不登校として診断すること、要は、どのような状況においても、その子の学びが続けられるということが大事であり、その子の診断が大事とかいうわけではないですけれども、それらの病気の場合の考え方なり、不登校と同じようなアプローチもできているかどうかを含め、お答えいただければと思います。",,2025/7/23,区民文教委員会,議員
,令和7年 区民文教委員会(7月23日),村上教育センター所長,小坂和輝,"３点お答えさせていただきます。

本人や保護者の意思が反映されているかという部分でございますが、今年度の調査から、そのあたりの調査の仕方が少し変わっております。昨年度までは教師の見立てで不登校の要因を１つ選ぶ形から、今年度の調査からは、より実態に沿うようにということで、学校の見立てだけではなくて、保護者、また本人にも少しヒアリングをしながら、当てはまるであろう要因を複数選ぶ形に変わりました。本区におきましても、このような形で間違いなく調査が行われておりますし、こういった形で複数回答という形で選んでいる状況になりますので、１点目に関しては、意思が反映されているとお答えさせていただきます。

２点目、関係機関とつながっている部分でございますが、これは一般質問でも教育長からお答えさせていただいておりますけれども、必ずしも外部の機関とつながっていることがいいのかどうかという部分がございます。やはりいろいろなお子さんがおります。精神的につらいお子さんもいれば、外に出るのもちょっとという方がいますので、何かつながらないと駄目だぞというわけではございません。ですので、まず、お子さん一人一人の状況に応じて声かけをさせていただいたり、家庭訪問させていただいたり、時にはオンラインで対応させていただいているところでございます。

そういった中で、特性があるか否かという部分ですが、最近、お子さんの様子を見てみますと、例えばですけれども、特別支援の必要なお子さんが不登校になる傾向がある状況もありますし、やはり家庭での環境、学校の勉強になかなかついていけない等々あります。そういった部分で、こういったお子さんが不登校になりやすいですというようなはっきりとした特性を申し上げることはできませんけれども、やはりいろいろな要因が重なって不登校になっているというのが正直なところです。そういったお子さんに関しても、冒頭申し上げましたように、必ず担任だったり、状況によってはスクールソーシャルワーカーであったり、メンタルサポーターが訪問させていただいたりしながら、子供たちとつながっている。それは間違いありません。ただ、学校にですとか、家を一歩出るというところまではなかなかまだ難しいというお子さんはおりますけれども、そういった一人一人のお子さんとも必ずつながりを持っているという部分で、そこをまず大事に、お子さんの状況に合わせてアプローチをしていっているところでございます。

最後の３点目でございますけれども、不安や鬱が高くなっているという部分で、先ほど医師の診断書があると、もちろん医師の診断というのは病気の診断にはなると思うんですが、そういった場合でも、鬱であったり、不安である症状の要因が何なのかによって、例えばそれが精神的な疾患であれば、もちろん病気にカウントいたしますし、そういったことでなければ、こちらの不安、鬱で、診断書が出ていようが、不登校に計上することもありますので、診断書の有無のみによって病気にするかしないかを判断しておりません。不安になっている要因がどこにあるのか、それが不登校の要因なのであれば、こちらにカウントしますし、病気のほうで体調面であったりとかという部分であるならば、病気でカウントをしているところです。

先ほど長期欠席の中で病気が、ある程度人数がいるという話がありました。昨年度も100名ほど小学校の子供たちが病気で長期欠席に入っていますし、中学生も40人程度おります。当然、今お話があった不登校の計上の仕方ですけれども、30日以上欠席が不登校の要因だけで欠席だから不登校ではないんです。30日以上休んでいるお子さんは長期欠席者になります。その中で、不登校の要因で休んでいる日数が多いお子さんは不登校に入りますし、病気でお休みしている日数が一番多いお子さんは病気のほうに入ります。なので、例えば１週間程度は不登校だったけれども、あとは体調不良だったという場合は、当然、病気のほうにカウントされますので、我々としては不登校の数だけを見ていません。病気でお休みしているお子さんも、当然ながら、学校に通えていない期間が長いわけですから、学校の勉強、やはり学びが大事という部分では、例えば病気で休んでいるお子さんもオンラインで授業を受けるというようなことを学校は対応させていただいたりしておりますし、病気でお休みしているお子さんにも、当然ながら、家庭訪問をしたりですとか、連絡をして、時にはスクールソーシャルワーカー、カウンセラーとの面談をしたりとかという心の部分のケアもさせていただいているところでございます。

以上でございます。",,2025/7/23,区民文教委員会,理事者
,令和7年 区民文教委員会(7月23日),小坂委員,小坂和輝,"それぞれに丁寧に御答弁ありがとうございます。

まず、今年度から、より本人や保護者の考えも反映したデータになっているということを理解させていただきました。本人や保護者の考え、意見を聞く、アンケート的に聞くなんて絶対難しいし、そのあたりを、難しさも越えながら、本人の状況をこのデータにも反映していただけるように今後とも御努力をよろしくお願い申し上げます。

２点目の関係機関とつながる、つながらないというところも、非常に難しいケースがつながっていないということが多々ありますので、ここに関しては、なぜ関係機関につながっていただけないのだろうと。先ほど述べた報告書においても、そこが要対協ケースの子であったりとか、また、ひとり親の家庭であったりとか、様々複雑なものがさらに入っている可能性もありますので、関係機関につながれていない方々の状況をさらに分析して、学校だけの御負担ではなく、多機関が一緒になって考えるという体制をさらに構築していただけますようにお願い申し上げます。

最後の部分は、長期欠席のところを非常に丁寧に分類しているという状況も理解いたしましたが、いずれにしろ、病気であれ、不登校であれ、その子らしい学びができることを今後ともよろしくお願い申し上げます。

ここでの質問は終わります。",,2025/7/23,区民文教委員会,議員
,令和7年 区民文教委員会(7月23日),永井委員,永井佳代,"よろしくお願いいたします。

資料を拝見し、本区の不登校児童・生徒の人数は若干の減少は見られるものの、一定数の子供たちが学校に行きづらい状況にあり、その背景には多様な要因があることが分かりました。そうした中で、適応教室わくわく21や校内別室、さらには家庭訪問支援といった仕組みは、子供たちを支える上で非常に重要な土台であると感じています。それらの現状や課題について、本日は時間があまりありませんので、時間の許す限り、順に確認させていただきます。

まず、適応教室や校内別室を利用した場合、その登校はどのように扱われるのか改めて確認させていただきます。適応教室や校内別室を利用した場合、出席扱いとして認められると認識しておりますが、本区としての基準をお示しください。また、こうした利用期間中の学習評価はどのように行われ、通知表などにどのように反映されているのか具体的にお聞かせください。まず、この点をお願いいたします。",,2025/7/23,区民文教委員会,議員
,令和7年 区民文教委員会(7月23日),村上教育センター所長,永井佳代,"まずは、登校の出席扱いについてでございます。

適応教室、フリースクール等々、例えば適応教室で述べさせていただきますと、適応教室に通っているお子さんについては、月ごとにお子さんが何時に通室をして何時に退出をしたかという状況とともに、どのような学習をしたのかということの報告を各学校の学校長宛てに送らせていただいております。同様にフリースクールも、学校長と連携しながら、そういった対応をさせていただいているというふうに聞いております。それを受けて学校のほうで、最終的には校長の判断で、出席扱いをするか否かはあくまでも校長判断、ただ、教育委員会としては出席扱いを認めてあげられるような形でやりましょうねという話はしていますが、最終的には校長が判断するという部分でございます。

評価の部分についてでございますが、先ほど述べましたように、このような学習をしていますよという報告書を学校に上げるとともに、例えば学校のほうから、定期テストを学校では受けられないので、適応教室で受けられないだろうかということで、適応教室で受ける場合もありますし、例えば美術科とか技術科とかで、作品を適応教室等で作成し提出するなどで評価をしているというふうにも聞いております。そういった形で、学校外で行ったもの、もちろん別室は学校に登校していますので出席扱いにもなりますし、評価ももちろんやっているんですが、そういった形でできる限り子供たちの学びを評価するようにという形でやっております。

以上でございます。",,2025/7/23,区民文教委員会,理事者
,令和7年 区民文教委員会(7月23日),永井委員,永井佳代,"詳しく御答弁いただき、ありがとうございます。出席や成績評価の考え方を確認させていただき、非常に柔軟に対応していただいていることが分かりました。ありがとうございます。

では、次に、学習支援の体制についてお伺いいたします。適応教室と校内別室の利用状況について、令和６年度の利用者数、利用率をお示しください。

あわせて、適応教室における学習支援体制についてお伺いいたします。現在、学習指導はどのような形で行われているのか。例えば、指導のこま数や子供１人当たりが週にどれくらい、どの程度指導を受けられているのか、その実態について教えていただけますでしょうか。お願いいたします。",,2025/7/23,区民文教委員会,議員
,令和7年 区民文教委員会(7月23日),村上教育センター所長,永井佳代,"まずは、別室指導の部分についてでございますが、こちらは学校によって、昨年度、令和６年度は中学校４校で１年間行いました。平均の人数で申しますと、１日に大体３人から５人程度が利用しております。なので、多い日には２桁の利用もあれば、少ない日には１人いるかいないかというときもあるというふうに報告は受けているところです。適応教室につきましては、令和６年度は全部で55名の登録、利用者数がありました。ちなみに、今年度については、６月末時点で30名という形になっております。

その中で、今、学習支援というふうにありましたけれども、適応教室には、やはり学習をどうしようかと困っていらっしゃる方がかなりいらっしゃる関係もありまして、令和５年度から、個別の指導ということで、民間の事業者にお願いをして一対一の個別学習をスタートさせました。６年度は20のこまを用意させていただきましたが、やはりかなりニーズが高いということもありましたので、今年度から25こまに、１日５こまの週５日という形で、国語であったり、英語であったり、利用者は自分が勉強したい内容を選択し、できるように、これは小・中学生ともにです。こちらについては、多いお子さんで大体２こま分利用しているお子さんはいらっしゃるかなと思います。そういった形で、学習に不安を覚えている、学校に復帰するに当たっては、そういう支援も必要であろうということで対応させていただいているところでございます。別室においては、支援員が学習を見ている。教員免許を持っている教員ではありませんので、指導するという形ではありませんが、お子さんが別室で行っている授業で、例えばオンラインで授業を受けたりもしますし、課題を解くときもありますので、そういったところでアドバイス、サポートに入っている。そういった体制で学習の支援に当たっているところでございます。

以上です。",,2025/7/23,区民文教委員会,理事者
,令和7年 区民文教委員会(7月23日),永井委員,永井佳代,"ありがとうございます。

令和７年度は週に25こまの個別指導学習を用意していただいているということを確認いたしましたが、子供１人当たり、週にどれくらい指導を受けられているのか教えていただけますでしょうか。",,2025/7/23,区民文教委員会,議員
,令和7年 区民文教委員会(7月23日),村上教育センター所長,永井佳代,"先ほど述べましたように、今、10人ぐらいのお子さんが利用しておりまして、一番多いお子さんで週に２こまの利用をしています。

以上です。",,2025/7/23,区民文教委員会,理事者
,令和7年 区民文教委員会(7月23日),永井委員,永井佳代,"ありがとうございます。週に２こまの利用とのことで確認いたしました。

仮に、こま数や指導の時間に制約があるという場合は、子供の学びを止めないために何か工夫が必要なのではないかという視点で次の質問をさせていただきます。もし限られたこま数の中で１人当たりの学習支援が十分に確保できない状況があるとすれば、それは子供たちにとって、学びを続けるということでは課題ではないかと思っております。この点について本区としてどのように捉え、今後どのような改善を検討されているのかお伺いできますでしょうか。例えば、外部講師の増員に加えて、現在行っているメンタルサポーターやスクールソーシャルワーカーなどの訪問支援の中で、大学生を主とするメンタルサポーターが、状況に応じて学習指導を取り入れることは可能であるのか、こちらの件も併せて御見解をお聞かせください。お願いいたします。",,2025/7/23,区民文教委員会,議員
,令和7年 区民文教委員会(7月23日),村上教育センター所長,永井佳代,"学習支援の部分でございますが、５こまを拡大することによって、今年度については、現時点で、例えば、受けたいんだけれども、受けられないという状況には、今のところはまだ至っておりません。ただ、やはりニーズが多いのは間違いありませんので、今後としては、学習支援のこま数を増やすのか、もしくは同時に２人に学習支援ができるような人員を配置するであるとか、そういったあたりはまだこれから余地はあるかなと考えております。先ほどお話のありましたメンタルサポーター等々、家庭訪問する支援員が指導に当たるかどうかについては、特に、教員免許を持っていたり、資格があるわけではありませんので、すぐにその方がということはできませんが、今、メンタルサポーターが家庭訪問をして一緒に学校に登校して、教室には入れないので、例えば相談室でお話をする時間があります。そういったところで勉強をやっている時間に横でサポートするということは今も実際に行っておりますので、そういった形で学校に足を運んで、学校の場でお話をする中で少し勉強を見るということはこれまでもやっておりますので、そのあたりをどのように捉えて拡大していくかという部分であったり、こういった活用もありますよという部分を少しアナウンスしたりということはできるのかなと思っているところです。ですので、何か新たに家庭訪問する方が学習支援という部分は、今の現時点ではまだ考えておりません。

以上でございます。",,2025/7/23,区民文教委員会,理事者
,令和7年 区民文教委員会(7月23日),永井委員,永井佳代,"ありがとうございました。

先ほど私が質問した内容は、現状の課題ではないということを理解いたしました。そして、さらに、今後ニーズの拡大に関しては、例えばマン・ツー・マン指導を一対二指導に変えるなど、もしくはこま数を増やすなど、今後支援の拡大も考えていただいていることを理解いたしました。よろしくお願いいたします。

また、学習支援の体制強化と併せて、子供がここなら安心できると感じられる居場所づくりも大切だと思っております。本区には、校外の適応教室わくわく21、校内別室、そして訪問支援という３つの仕組みがあります。既に、適応教室では、学習支援に加え、体験学活動や交流の機会を取り入れていただいていると承知しておりますが、こうした取組をどのようにさらに充実させ、この３つの仕組みを全体で有機的につなげていくのかが重要だと考えております。子供たちが段階的にステップアップできるように、本区として今後どのような方向性を描いているのか御見解をお聞かせください。お願いいたします。",,2025/7/23,区民文教委員会,議員
,令和7年 区民文教委員会(7月23日),村上教育センター所長,永井佳代,"今、お話のありました居場所づくりということで、例えば、なかなか学校に来られないお子さんに関しては、家庭訪問、スクールソーシャルワーカー、メンタルサポーターの利用を働きかけ、少し学校に行ってみようかということで、教室はなかなか難しいけれどもという形で別室を利用する場合もありますし、適応教室を利用して学校にという部分もございます。また、今年度、いよいよ９月からはバーチャル・ラーニング・プラットフォームという仮想空間での支援もスタートいたしますので、まずはそういった多様な居場所づくりを整えるとともに、そこから、例えば別室ですと、そこに担任の先生がちょっと声をかけに来て会話をしたりとか、オンラインで授業を受けていて、この時間だけちょっと行ってみようかということで教室につながるケースも多々あるというふうに聞いております。そういった形で重層的にといいましょうか、お子さんに合わせた対応をさせていただければと思います。

また、わくわく21では、できるだけ学校の学びと同じような空間にしようということで、今、委員からお話があったように、週ごとに日替わりで活動を行っております。スポーツであったり、園芸であったり、クリエイティブ活動であったりとか、できるだけいろいろな体験活動を行ったり、外に美術館見学や鎌倉に遠足に行ったりしながら、学校と同じような活動もできるだけ設けることで、できる限り子供たちの学びを、学校に行っている子たちと一緒のような空間をつくってあげて、少しでも学校復帰につなげられたらという部分で行っております。今後とも、そういった訪問支援も含めながら、活動を重複的にといいましょうか、しっかりと支援に当たってまいりたいと思っております。

以上でございます。",,2025/7/23,区民文教委員会,理事者
,令和7年 区民文教委員会(7月23日),永井委員,永井佳代,"御丁寧に御答弁いただき、ありがとうございました。

繰り返しになりますが、本区で既に整えていただいている３つの仕組みは、子供たちを支える上で非常に重要な土台であると思っております。子供たちの状況は一人一人異なり、その時々で必要な支援の形も変わってくると思っております。だからこそ、学びを止めないために、固定的な枠組みにとらわれず、柔軟な仕組みづくりが求められています。引き続き、お願いいたします。

適応教室では、学習だけでなく、安心できる時間を過ごすことが何よりも大切であると思います。そして、その経験が、学校に行ってみよう、次の一歩を踏み出してみようという気持ちにつながるのではないかと思います。そのために、学習支援の質を高める工夫や人材の確保、さらには家庭訪問や体験活動が本区の教育にさらなる厚みを加えるのではないかと確信しております。不登校は問題ではなく、子供の可能性を広げるための支援の出発点と捉え、誰一人取り残さない本区の教育を共に築いていきたいと思っており、そうした期待を込めて私の質問を終わります。ありがとうございました。",,2025/7/23,区民文教委員会,議員
,令和7年 区民文教委員会(7月23日),山本委員,山本理恵,"よろしくお願いします。

私からも不登校の状況について確認をさせていただきたいと思います。不登校は、様々な要因が複雑に絡み合った問題であり、長期化することのリスクが心配されています。また、不登校は子供たちの将来の社会的自立を妨げる可能性のある重要な行政課題であると認識しております。

まず、不登校の定義について何点か確認をさせてください。

資料の中で不登校の定義の中に、何らかの心理的、情緒的、身体的あるいは社会的要因・背景により、と書かれているんですけれども、病気や経済的理由による者は除かれるということですが、まず、社会的要因・背景というのはどういったものなのか確認をさせてください。

また、インターナショナルスクールに通っているお子さん、籍だけ置いているお子さんがいらっしゃるかと思うんですけれども、こういった子は含まれるのかどうかについても確認をさせてください。

そして、通学区域の指定校と特認校、また自由選択制に通う子の不登校の傾向というものがございましたら、お知らせいただければと思います。",,2025/7/23,区民文教委員会,議員
,令和7年 区民文教委員会(7月23日),村上教育センター所長,山本理恵,"こちらにあります社会的要因でございます。例えば、家族の不和であったり、コロナが数年前に流行しましたけれども、コロナでお休みしている場合は当然ながら病気になるんですが、少し不安な部分が広がってきたりですとか、そういった部分が社会的要因というふうな形で考えております。一方で、経済的理由のところはこの名のとおり、お金がないというような部分で学校に通えないということでございます。ただ、本区におきましては、経済的理由は例年ずっとゼロが続いておりますので、当てはまらないかなというふうに思っております。

インターナショナルスクールと、籍を置いているお子さんは、もちろん不登校とは別でございますので、こちらはカウントしておりません。

あと、特認校等々で何か違いはという部分ですけれども、学校とか地域とかで不登校の偏りがあるとか、そういったことは特に大きくはございません。

以上でございます。",,2025/7/23,区民文教委員会,理事者
,令和7年 区民文教委員会(7月23日),山本委員,山本理恵,"それぞれ御答弁ありがとうございます。

以前、特認校に通う児童の保護者から御相談をいただいたことがございました。特認校に通っていて不登校になってしまったということで、指定校に転校できるのか、すべきなのかといった悩みをお聞きしたことがございました。本来であれば、指定校に通っているお子さんが不登校になったら、ほかの学校に転校するというのはなかなか難しいかと思うんですけれども、特認校に通っている子が指定校に戻るといいますか、転校する可能性についてお聞かせいただければと思います。また、そういったお子さんがこれまでいらっしゃったのかどうかについても確認をさせてください。

２点目に、先ほど前委員の質疑でもありましたけれども、卒業後のフォロー、義務教育が終わった後のフォロー体制が非常に重要であると考えております。答弁の中で、全員の追跡はできていないといったお言葉がございました。現在の中学校卒業後、小学校を卒業して中央区の中学校に通うのであればいいですけれども、私立もしくはそのままどちらにも通われないとかもあるかもしれませんので、小学校卒業後、中学校卒業後のフォロー体制の現状についても確認をさせてください。",,2025/7/23,区民文教委員会,議員
,令和7年 区民文教委員会(7月23日),清水学務課長,山本理恵,"私のほうからは、指定校の変更というところでお答えをさせていただきます。

指定校の変更の基準の中で、居住地だとか、きょうだい関係とか、そういったいろいろな事由で条件としてお認めする場合がありますけれども、例えば特認校のほうに通って、学校に合わないとか、そういったようなことがあった場合、そのお子さんの状況にもよりますので、一律にお認めするとかしないとかというお答えはできないですが、その時点でのお子さんの状況と受入れ側の学校の状況などを勘案して、お認めするケースも可能性としてはあるというようなお答えになります。そういう事由で変更したというカウントはございませんけれども、指定校変更としては、様々な状況を勘案してということで行っております。

以上でございます。",,2025/7/23,区民文教委員会,理事者
,令和7年 区民文教委員会(7月23日),村上教育センター所長,山本理恵,"卒業後のフォロー、義務教育が終わった後ということで、先ほど高等学校の進学のお話をさせていただきましたが、通信制の高校に通うお子さんが増えてきている傾向は１つあります。我々教育センターのほうとしては、中学３年生の段階で不登校傾向のあるお子さん、不登校のお子さんに関しては、スクールソーシャルワーカーが何らかの形で必ずつながるようにしています。といいますのも、やはり高校に行ってしまうと、なかなか詳細に把握がしにくくなりますので、教育センターでは高校３年生、18歳になる年齢までは教育相談を行っておりますので、そういったお子さんを何とか教育相談のほうにだけでもつなぐ、お子さんだけでも、保護者もつながれば一番いいんですけれども、そういった形で今も高校生世代のお子さんが教育相談にかなり来ていまして、そういったお子さんは小・中学生時代に不登校経験者というお子さんの割合がやはり多いです。そういったところで、何とか18歳までは我々のほうでつないでいき、高校がどんなふうに通えているか、いろいろなお子さん、定時制、通信制、たくさんいらっしゃいますので、そういった状況をできるだけ把握してフォローさせていただくということはしているところです。また、18歳以降については福祉のほうにつなげられるような形で、ですので、中学３年生の段階でそういった傾向のあるお子さんは何とか逃さないようにという形は意識をしながらやっているところでございます。

以上です。",,2025/7/23,区民文教委員会,理事者
,令和7年 区民文教委員会(7月23日),山本委員,山本理恵,"それぞれ御答弁ありがとうございます。

子供とのつながりに関しては、18歳までは教育センターとつながりを持ち、18歳以上に関しては福祉との連携で対応していると理解させていただきました。ぜひ切れ目ない支援をお願いしたいと思います。

子供とのつながりもすごく大切だと思うんですけれども、保護者、親とのつながり、家庭とのつながりも非常に重要であると考えております。今回、不登校になったきっかけと考えられる状況が示されているんですけれども、まず１つ目に聞きたいのが、家庭環境や生活リズムの乱れが不登校のきっかけとなっているケースが見受けられます。子供への支援に加えて、家庭のサポート、支援の現状と課題についても確認をさせてください。

また、不登校の児童・生徒の保護者というのは、それぞれ、やはり悩みを抱えている、ストレスを抱えている場合が見受けられます。保護者同士の交流やネットワークの構築など、取り組まれているのであれば、お聞かせください。子供も孤独、孤立している状況にありますが、その家族も同じ状況にございます。安心して相談できる、悩みを共有できるような場は設けられているのかお聞かせください。",,2025/7/23,区民文教委員会,議員
,令和7年 区民文教委員会(7月23日),村上教育センター所長,山本理恵,"まず１点目、家庭への支援という部分でございます。

先ほど申しました教育相談に小・中学生の保護者、親子で係っている不登校のお子さんはかなりいらっしゃいます。その場合は、親の担当者、子供の担当者という形で連携しながらやっているところでございます。また、適応教室にもいらっしゃるお子さんの保護者も不安を抱えながらいらっしゃっています。適応教室にも心理職の担当の職員がおりますので、通室する段階で必ず面談をさせていただいて、どういったところが御不安なのか、どうして学校に今通えなくなっているのかというあたりをかなり詳細に聞き取りをさせていただいて、支援に当たらせていただいています。ただお子さんを預かってお返しするだけではなくて、保護者の相談、電話連絡だけではなく、時にはお子さんを預けている間に保護者の面談を適応教室の心理職がやる場合もあります。また、教育相談のほうに係っていただいて、親子でという場合もあります。今、委員のお話があったように、不登校になるお子さんの保護者はかなり御不安を抱えていますので、そういった形での支援に当たらせていただいているところでございます。

２点目の保護者同士の交流、また共有という部分ですけれども、そのあたりについては、現時点では何か保護者会であったりとか、保護者同士がコミュニケーションする場を提供させていただいているわけではありません。ただ、そのあたりは、ニーズに応じて今後も対応を検討させていただければと思います。

以上でございます。",,2025/7/23,区民文教委員会,理事者
,令和7年 区民文教委員会(7月23日),山本委員,山本理恵,"それぞれ御答弁ありがとうございます。

子供の心のケアと同時に、ぜひ保護者の心のケアもお願いします。また、こういった保護者に関しては、いわゆるママ友とか、ほかの保護者と子供の不登校の話はなかなかしづらいと思うんです。孤立しがちでありますので、保護者同士の交流ができるのであれば、そういった場をつくれるのであれば、ぜひお願いします。

以前いただいた不登校の御相談で、これは先ほどとはまた別なんですけれども、保護者同士のトラブル、不和が原因で子供が不登校になってしまったケースがございました。保護者同士の人間関係がぎくしゃくしてしまったがゆえに、それを気にして子供が学校に行けなくなってしまった、友達と遊べなくなってしまった。子供が不登校になったことが原因ではなくて、逆に、保護者同士のトラブルが原因で子供が学校に行けなくなってしまった、そういったケースもございますので、ぜひ双方のサポート、支援をよろしくお願いいたします。

以上で終わります。",,2025/7/23,区民文教委員会,議員
,令和7年 区民文教委員会(7月23日),木村委員長,木村克一,副委員長は委員席へお移りください。,,2025/7/23,区民文教委員会,議長/委員長
,令和7年 区民文教委員会(7月23日),小栗委員,小栗智恵子,"それでは、私からも質問をさせていただきます。

今回の不登校の状況ということで、前年度から比べると減っているというような状況も出ておりますけれども、合計で215人ということになっております。全国的に見ても、子供の不登校がこの10年間で約３倍に増えているという記事を見たので、私も気になって中央区の状況はどうだったかということで調べてみましたら、2014年、平成26年の区民文教委員会での報告では、2013年度の不登校の児童・生徒数が56人というのが出てきたんですけれども、それでいきますと、小学生でいうと児童21人が102人で4.8倍、中学生でいうと生徒35人が113人ということで3.2倍になっているというふうに数字的には確認をしたところです。児童・生徒数が増えていますから、そういうものもあるかと思いますけれども、中央区でも大変増えている現状をどのように分析されているのかお伺いしたいというふうに思います。",,2025/7/23,区民文教委員会,議員
,令和7年 区民文教委員会(7月23日),村上教育センター所長,小栗智恵子,"本区におきましても、全国と同様、不登校の数は、ここ一、二年はやや横ばい、減少傾向にありますが、今、委員からお話があったように、この10年で見ますと、本当にずっと増え続けて右肩上がりの状況でございます。この要因がどこにあるのか、これは本区に限らず、全国でもいろいろ分析しているところではありますけれども、一概に何かこういう状況になったということをはっきりと申し上げられるものではないのかなと考えております。１つは、家庭での不登校に関する考え方といいましょうか、昔は不登校という名称が登校拒否という名前でした。その名のとおりと言うとあれですが、でも、それは拒否をしているだけではないだろうと。いろいろなお子さんの心の状況であったり、家庭でのそういうものがあったり、様々な要因で登校したくともできない状況にあるという部分があるかと思います。一方で、御家庭の判断で無理に行かなくてもいいというような傾向も、ここ何年か、風潮といいましょうか、無理に行かせなくても大丈夫だよというような部分が10年前、20年前とは明らかに違っています。私が教員になった20年前、私が持っているクラスで不登校が２名出ただけで周りの目が本当に厳しくて、自分に非があるのではないかと担任時代に思ったぐらいな感じだったんです。今はそんな風潮は全くありません。逆に言うと、お子さんにいろいろな御家庭の状況があるという部分もありますので、やはり社会的なそういう、学校だけではないという部分の要因もあるでしょうし、学校に行くものだという昔のそういったものが少しずつ薄れてきている部分、それは今の社会の情勢に合わせた中で変わってきている部分かなと思います。ただ、それで片づけていいものではないとも思っておりますので、耐性といいましょうか、耐える力という部分も少し弱まってきているのかなと思いますし、少し叱られると落ち込むお子さんも増えてきています。そういったいろいろな社会的な情勢もありますし、お子さん一人一人の状況であったり、家庭でのそういう考え方であったり、いろいろなものが関わっていると思いますので、一概にこれが不登校が増えている要因だと明確に言えるものではないのかなと考えているところでございます。

以上です。",,2025/7/23,区民文教委員会,理事者
,令和7年 区民文教委員会(7月23日),小栗委員,小栗智恵子,"様々な要因があると。これだということにはならないということはよく分かります。前は、どうしてもとにかく学校に行かせなくてはというような圧力が強かったんですけれども、そうではないと。不登校になってしまった子供たちのフォローはどうあるべきかということでも、いろいろ学校の対応も変わっているし、家庭での、そんなに無理して行かなくてもいいというふうに思う、そういう状況も出て来ているということはあるというふうに私も思います。不登校の対策として大切なのは、とにかく学校に行かせなくてはということで圧力を子供にかけるというのが逆に一番まずい対応ではないかというふうに私は考えますし、今、行き渋りや不登校で悩んでいる子供や親御さんをどう支援していくのかという温かい視点で不登校について対策を取るということが必要だし、学校に行けない、学校が嫌いだという子供が急増しているということを考えると、やはり学校に通いたくなるような、学校そのもののシステムとか、担任の先生となかなかうまく合わないとか、授業のやり方がいろいろ変わっていて、ついていけないとか、いろいろ子供の気持ちと合わないような学校のシステムそのものの見直しというのも必要ではないかというふうに私は考えております。

不登校になったきっかけということで、この資料にもいろいろ示されております。いじめとか、学校の決まりをめぐる問題とか、学校生活に対してやる気が出ないとか、本人に係る問題としては不安や鬱とかということもお示しされておりますけれども、全国的な不登校の当事者の皆さんのニーズ調査をやった場合にも、学校との関係で授業が合わなかったり、学校のシステム自体に合わないというのがきっかけで学校に行かなくなっている。だから、子供たちは心が傷ついた状態にあるということで、不登校は子供の性格とか、そういうことではなくて、様々な理由で心が傷ついて折れている。折れた状態なのだから、休息、回復する期間をきちんと保障する。休んでもいいんだよということを保障することも大事だというふうに思いますけれども、その辺についての区のお考えをお伺いしたいというふうに思います。

それと、子供たちが安心して過ごせる居場所や学びの場を、区としてもいろいろ努力されて、今、校内別室とかが実施されておりますけれども、安心して過ごせる場所をもっと広げていくということも一つの側面として重要だと思います。そのことと関連して、校内別室が１日３人から５人というような状況で利用されているということで、全ての学校に居場所として整備していくことが大切ではないかと思いますけれども、それについてのこれからの予定について、どうお考えなのかお聞かせいただきたいと思います。",,2025/7/23,区民文教委員会,議員
,令和7年 区民文教委員会(7月23日),村上教育センター所長,小栗智恵子,"１点目、今、委員からお話があったように、やはり風潮としても、学校の姿勢としても、いろいろな状況で不登校になっていますので、何か首根っこをつかまえてでも学校に連れていこうということは、もちろん今はやっておりません。少し体を休めさせて、少しずつ回復してというお子さんもいます。不登校の要因は様々ですので、そのあたりは一人一人のお子さんの状況、また保護者の方とも連絡を取りながら、例えば別室からスタートする場合もあれば、オンラインからスタートしていく場合もあれば、フリースクールを併用しながら学校復帰を目指すなど、そのあたりは区としても多様な居場所づくりという部分でさせていただいている。また、バーチャル・ラーニング・プラットフォームというような新しい試みも今回始めさせていただくという部分で考えているところです。

次に、校内別室の今後の計画でございますが、教育長からも一般質問で答弁させていただいておりますように、いよいよ今年度、小学校でもスタートさせていただき、やはりかなり効果があるということが見てとれてきております。ですので、今後、順次そのほかの小学校についても拡大を、いつまでにということではなかなかまだはっきり申し上げられませんけれども、順次ほかの小学校にも拡大を考えているところです。

以上です。",,2025/7/23,区民文教委員会,理事者
,令和7年 区民文教委員会(7月23日),小栗委員,小栗智恵子,"ぜひ、校内別室など、子供たちが安心して学校へ行ける、過ごせる場の整備を順次進めていただきたいというふうに思います。

それと、先ほども別の委員の方からもお話が出ましたけれども、親への支援というのも大変重要ではないかというふうに思います。子供が不登校になると、自分の育て方に問題があったのではないかとかということで悩んだりとか、いろいろ皆さんはすごく悩みを持ちながら、子供を見守ったり、また、いろいろなところに相談に行ったりとかということで、実際に不登校で離職をするというお母さん、保護者の方も出ているという状況があるというふうに思います。１つは、安心できる情報の提供とか相談体制が大変重要だというふうに思います。その辺は適宜やっているということだろうとは思いますけれども、やはり学校によって対応がいろいろ違うという御相談も受けます。例えば、今は給食費が無償になったので、問題がどういうふうになっているのかお答えをいただきたいんですけれども、休むと前から届出をもらえれば給食代は払わなくていいんだけれども、急に行っても給食はありませんよみたいな対応を前にされたということで相談を受けた方がいるんです。給食の扱いなども学校によっていろいろ違ったという話も聞いているんですけれども、親御さんの相談体制がどういうふうになっているのか、その辺の取組についても伺いたいというふうに思います。

それと、出欠の連絡とか、宿題などの扱いとか、そういうものも、学校によって校長先生などの考えでいろいろ対応が違うというようなことでお話もありますので、その辺の親御さんのほうの負担を減らす取組も必要ではないかというふうに思いますけれども、それについても併せて伺いたいと思います。お願いします。",,2025/7/23,区民文教委員会,議員
,令和7年 区民文教委員会(7月23日),木村委員長,木村克一,小栗委員、ただいまの質問の中の給食費に関しましては、議題として質疑を行っていただければと思いますので、よろしくお願いいたします。,,2025/7/23,区民文教委員会,議長/委員長
,令和7年 区民文教委員会(7月23日),村上教育センター所長,木村克一,"保護者への支援ということで、今おっしゃったように、子供が家にいる場合は保護者が仕事を少し休まれたりということはあります。これは不登校に限らず、例えばお子さんが学校で問題、トラブルを起こしてしまった場合、保護者に付添いをお願いしますなどということもあります。そういった離職ということも私のほうでは聞いています。不登校に絞って申し上げますと、情報提供であったり、相談体制という部分で、１つは、例えば適応教室に通われているお子さんであれば、いろいろな情報のあるチラシであったりとか、先ほど申しておりますような相談体制の御案内はさせていただいているところでありますし、学校のほうから情報が上がってきて、例えばスクールソーシャルワーカーをしっかり活用してくださいと。家庭訪問ができる本当に数少ない専門職でありますので、そういったものをフルに活用してほしいという話はしています。そういったところでいろいろな情報提供もできますし、例えば経済的に困窮しているような御家庭であれば、福祉の部署につなぐなどということもやっております。修学旅行に行くお金がなどという場合とかも御相談に乗っていることがこれまでもあります。親への支援ということで直接できるのがスクールソーシャルワーカーですので、そのあたりは学校のほうに御案内を何度もしておりますが、今後も情報提供をしっかりしていきたいと思っております。

また、出欠連絡については、今、ｔｅｔｏｒｕとかを使いまして指一本でといいましょうか、電話連絡の必要は全くありませんので、宿題等もそういったところで学校とやり取りしながらやっているケースもあります。そのあたりの負担は大分軽減できてきているのではないかというふうに思っております。今後も継続して支援に当たっていきたいと思います。

以上です。",,2025/7/23,区民文教委員会,理事者
,令和7年 区民文教委員会(7月23日),小栗委員,小栗智恵子,"ぜひ、相談も含めて、親の安心を増やす支援を強化していただきたいと思います。

あわせて、フリースクールなどの場合は、東京都でモニターになった場合に支援みたいなものはありますけれども、費用がかなりかかるということもありますので、そういう費用の軽減とか交通費の支援なども含めて、ぜひ御検討いただきたいということを要望して終わります。ありがとうございました。",,2025/7/23,区民文教委員会,議員
,令和7年 区民文教委員会(7月23日),木村委員長,木村克一,"小栗委員は副委員長席へお戻りください。

次に、議題（１）、区民生活及び教育行政の調査について、質問のある方は挙手を願います。",,2025/7/23,区民文教委員会,議長/委員長
,令和7年 区民文教委員会(7月23日),小坂委員,小坂和輝,"では、３点お願いします。

まず１点目は、スクールバスに関してです。

前回の一般質問で他会派からの質問で、泰明小学校にスクールバスが出るということでありましたが、同じ方向という点では、やはり京橋築地小も同じ方向でありますので、そのあたりの検討状況を教えてください。これが１点目です。

２点目は、教育ＤＸが進んでいるということで、第２期のＧＩＧＡ構想が始まりました。一般質問においても、生体認証で先生方が使えるということになりましたので、セキュリティが上がったということであり、これによるさらなる展開ということがあろうかと思いますけれども、そのあたりの考え方を教えていただければと思います。これが２点目です。

３点目は、華火大会におきまして実行委員が減るというふうなお話も聞いているところでありますが、少なくとも実行委員会は傍聴が可であると。減った分、聞きに行って、ちゃんとその状況を見ていくということが必要かと思いますけれども、少なくとも傍聴はできるのでしょうねというところの念のための確認です。",,2025/7/23,区民文教委員会,議員
,令和7年 区民文教委員会(7月23日),清水学務課長,小坂和輝,"私からは、スクールバスについてお答えをさせていただきます。

ただいま御紹介いただきましたように、泰明小に関しましては、近年の人口増加等で、都バスの混雑ですとか、通学環境への影響ということで、区でもそういったことを認識しているというところで、可能性を検討というところでいろいろ進めているところでございます。京橋築地小学校も同じ方向だというところで質問をいただいていますけれども、スクールバスの運行に当たりましては、多くの様々な課題をクリアしていく必要がございます。まず、周辺の交通状況ですとか、あとは乗降時の安全性などを考慮して停留所を確保したりですとか、近隣との調整、また児童の登下校時間とか、あとは運行間隔などを踏まえて運行計画を作成したり、ルートを設定したりというところ、また、実際に利用する際の乗車のマナー指導ですとか、保護者の方に安全管理体制を構築していただくとか、そういったことが必要なのと、また、昨今、運転士不足というところで運転士の確保、また車両の調達、それに加えて交通管理者や道路管理者をはじめとする関係機関との緊密な調整が必要となるというところで、運行するとなると、段階的かつ慎重に方向性を検討していく必要があるというふうに考えております。京橋築地小学校の今後の対応といたしましては、こうしたところから、まず、運行する際にどういう課題があるか、現状、実態把握ですとか、課題整理を進めて、多角的な視点から、そもそものスクールバス運行の実現可能性を検討していくということが必要だというふうに考えているところでございます。

私からは以上でございます。",,2025/7/23,区民文教委員会,理事者
,令和7年 区民文教委員会(7月23日),畝尾指導室長,小坂和輝,"私のほうからは、校務ＤＸ、ＧＩＧＡ第２期につきまして、生体認証が入ったことによる今後の展開ということでお答えをさせていただきます。

一般質問で教育長のほうからも答弁させていただいたとおり、今回のＧＩＧＡ２期において、従来の暗証番号に加えて、顔認証もしくは指紋認証によるログインをすることでセキュリティのさらなる向上を図っているところでございます。従来、これまで校務系と学習系の系列が２系統あったために、２台の端末を駆使しなければ先生方はお仕事ができなかったところが、これによって１台でできるようになるということがまず大きなことでございます。これにより、例えばテレワーク、いわゆる在宅での勤務もより一層可能になっていくというところで、今、ちょうど夏になっていますけれども、在宅でのテレワーク勤務などが可能になることで、より一層ライフ・ワーク・バランスを取ることも可能になってくるというようなところが、今後の展開として１つ大きく言えるところかなというふうに認識しております。

私からは以上です。",,2025/7/23,区民文教委員会,理事者
,令和7年 区民文教委員会(7月23日),平川地域振興課長,小坂和輝,"東京湾大華火祭実行委員会の傍聴可、公開、非公開というところでございますが、原則、今後、非公開で行おうと考えてございます。と申しますのも、基本的に決めていく事項につきまして、関係機関との事前調整を行っているもののみならず、例えば会場計画、要はどこから華火が見えるかというところが、商業ベース等、非常に大きな影響を与えるものというふうに考えてございまして、これについては、情報の公表のタイミングを非常にシビアに判断していくべきものというふうに認識してございます。また、この考え方については、実行委員会においてもお諮りして、お考えを聞くものでございますけれども、先ほど申し上げましたとおり、いつ、どこで、どこから見えるという情報がどこまで伝播していって影響を与えるというところを事務局としてもまだ把握し切れていない部分が非常にございますので、そういったことを踏まえて、会議の内容について、しかるべきタイミングで公表するという考えを持って進めたいと思ってございます。

以上でございます。",,2025/7/23,区民文教委員会,理事者
,令和7年 区民文教委員会(7月23日),小坂委員,小坂和輝,"スクールバスに関しましては、泰明小も京橋築地小も同じ小学校でありますので、同じような考え方で進めていけるようにお願い申し上げます。また、生体認証ができたということで、セキュリティの高い、プライバシーの高い情報も共有できるという状況や押印廃止というようなことも進められると思いますので、そのことも含めて、先生方の働き方改革へと進めていただければと思います。

また、非公開の部分の理由も分かりましたけれども、セキュリティの低い情報に関しての大事な情報は、少なくともこの委員会には御報告のほど、お願い申し上げます。また、会派の代表者は全員入れていただきたいというのを要望としてお伝えさせていただきます。

以上です。",,2025/7/23,区民文教委員会,議員
,令和7年 区民文教委員会(7月23日),永井委員,永井佳代,"私からは、先ほど御答弁での中でいただいた９月から導入が始まるバーチャル・ラーニング・プラットフォームについてお伺いいたします。

こちらに関して、どんな学びができるのか、誰がどこからアクセスできるのか、まず、この２点をお願いいたします。",,2025/7/23,区民文教委員会,議員
,令和7年 区民文教委員会(7月23日),村上教育センター所長,永井佳代,"９月からバーチャル・ラーニング・プラットフォームが始まりますけれども、お手持ちのお子さんのタブレット、また携帯電話等から入ります。利用を望むお子さんにはお子さんの単独のアカウントをお渡ししますので、それを利用して入る形になります。今の段階ではスクールソーシャルワーカーやカウンセラー、学校のほうから働きかけを行っておりまして、まだ現時点で明確に誰がとか何人というのはないですけれども、それをやっています。入りましたら、１つ、相談機能という形で個別に相談できる部屋があったりですとか、コミュニケーションを図る部屋があったりですとか、あとは学習コンテンツもあるので、例えばドリル用の学習をそこに入ってやることもできますし、我々のほうの適応教室の指導員と東京都の支援員がサポートに入るんですが、そこでイベントを開催して、そちらに案内をしたりとかという形で、おしゃべりもできるし、個別の相談もできるし、学習もできる、そういったコンテンツを、現在、用意しているところでございます。

以上です。",,2025/7/23,区民文教委員会,理事者
,令和7年 区民文教委員会(7月23日),永井委員,永井佳代,"ありがとうございます。学習だけではなく、多様な学びの選択肢があるということで理解をいたしました。

希望すれば、どなたでもアカウントがもらえるということなんですが、プラットフォームの中で学習なり活動なりをしていることによって、これは出席扱いになるのか。そして、こちらに関して、先ほど、不登校の方に関しては、テストを受けられる状況でない場合、例えば作品や作文などを提出して成績と認められるという御答弁をいただいたところですが、こちらのバーチャル・ラーニング・プラットフォームに関しても成績に対応するのか、この２点をお願いいたします。",,2025/7/23,区民文教委員会,議員
,令和7年 区民文教委員会(7月23日),村上教育センター所長,永井佳代,"まず、出席の扱いの部分に関しては、先ほどの適応教室、フリースクールと同じで、こういったお子さんがこのアカウントで入ってきましたよという情報提供は学校にしようと思っています。ただ、適応教室やフリースクールとの一番の違いは、本当にそのお子さんなのかどうかが実は分からないんです。親が代わりに入っている可能性もなきにしもあらずなので、一応情報提供はするんです。また、こういう学習をしましたよ、学習のプラットフォームの中でこういうものをやりましたよという情報提供はできるんですが、例えば相談に乗っているお子さんであれば、相談内容から子供だなと分かるんですけれども、顔を出さないものですので、なかなかそこが、最終的には学校長の判断にはなるんですが、ただ、そこは信じてというか、当然、子供だろうとこちらも信じて学校には情報提供しますので、可能な限り、そのあたりは柔軟に対応していただけるように学校には御案内をしようと思いますが、そのあたりの課題は若干残っているかなと思っているところでございます。

以上です。",,2025/7/23,区民文教委員会,理事者
,令和7年 区民文教委員会(7月23日),永井委員,永井佳代,"ありがとうございます。

ここでの活動は成績対応に反映されるのかどうかお願いいたします。",,2025/7/23,区民文教委員会,議員
,令和7年 区民文教委員会(7月23日),村上教育センター所長,永井佳代,"成績の部分に関しましては、内容が成績に関わるものであれば、成績対象として学校は取り扱いますし、例えばそこでやっている学習の内容がその学年に応じた学習ではなくて、下の学年のものを復習でやっている場合も中にはありますので、どういったものをやるかによって成績に反映できるかなと考えているところでございます。

以上です。",,2025/7/23,区民文教委員会,理事者
,令和7年 区民文教委員会(7月23日),永井委員,永井佳代,"ありがとうございます。

まだまだ課題はあるかもしれませんが、子供たちの学びを止めないための選択肢が増えたことに大変期待しております。

以上です。ありがとうございました。",,2025/7/23,区民文教委員会,議員
,令和7年 区民文教委員会(7月23日),白須委員,しらす夏,"よろしくお願いいたします。

生成ＡＩをめぐる状況について伺いたいと思います。近年、生成ＡＩが急速に普及し、教育現場においても幅広い活用が現実のものとなっております。そこで、幾つか現状について伺いたいと思います。

小・中学校の教員が負担と感じている業務を生成ＡＩの活用により効率化させていくのか、現在、どの程度利用しているのか確認をさせてください。また、児童・生徒の現在のＡＩ使用状況、また使い方等をどのように学校現場で教育しているのか確認させていただきたいと思います。",,2025/7/23,区民文教委員会,議員
,令和7年 区民文教委員会(7月23日),畝尾指導室長,しらす夏,"生成ＡＩにつきましての現状について御質問いただきました。

まず、現在、先生方が生成ＡＩをどのように使っているかということでございますが、例えばプリントを作成する際に、生成ＡＩを一回通して多様なものをつくっていきながら、児童・生徒により見合ったものを先生方のほうで選択して工夫して与えていくというような取組は既にされているところであります。また、教育委員会内、指導室内でも生成ＡＩを使った授業、教育活動、またデジタル・シティズンシップの中にどのように位置づけていくかというようなところは、委員会を立ち上げて、現在、議論をしているところでございます。

そういった中でも、児童・生徒が生成ＡＩをどのように使っていくかというところは大変大きな議論になっております。御案内のように、生成ＡＩ、例えばチャットＧＰＴとかＧｅｍｉｎｉとかございますけれども、例えばチャットＧＰＴについては、13歳以上でないと保護者の承諾がないと使えないというような社内規定があったりとか、Ｇｅｍｉｎｉについては、それを今後撤廃して全年齢で使えるようにというような動きがあるというようなところがございます。そういったところも踏まえて、先ほど申し上げました委員会の中でどのような活用をしていくべきか、また配慮すべきことは何かというようなところの議論を深めているところであります。

以上です。",,2025/7/23,区民文教委員会,理事者
,令和7年 区民文教委員会(7月23日),白須委員,しらす夏,"御答弁ありがとうございました。

教員の方々は激務と言われております。生成ＡＩは大変便利なものですので、使わない手はないと思います。適宜、併せて使い過ぎないようにといいますか、委員会でしっかり議論を重ねていただいて、使うべきところは使っていただいて、業務の効率化を進めていただきたいと思っております。

また、児童・生徒に対しても、小学生などが使うのは、便利に慣れてしまうと思考力の低下のおそれなどもありますし、誤情報を見抜く力などがまだ育まれていないということで心配しておりますので、見守る力も必要だと思います。その点は家庭での教育が一番大切ですけれども、先生方もそのように教えていただけたらと考えております。また、チャットＧＰＴは13歳以上で、今後、Ｇｅｍｉｎｉは年齢制限が撤廃されて、本当に多くの方々、小さい方も今後使うように、広がるようになっていくと私は感じております。大変有意義に使うべきだとは考えております。全く使わないと規制をかけますと、また日本が世界の中で遅れてしまいますので、しっかりとした指針を見つけて、委員会でもしっかりと議論していただいて、学校の先生方の業務の効率化と、児童・生徒は思考力の低下がないように、有意義に使っていただけるよう御指導いただきたいと感じております。

また、活用とリスク管理の両面の課題となっていると感じております。生成ＡＩに関しては、中央区としてしっかりとした指針を持っていただいて、柔軟かつバランスの取れた対応を今後もお願いしたいと思います。ありがとうございました。",,2025/7/23,区民文教委員会,議員
,令和7年 区民文教委員会(7月23日),木村委員長,木村克一,議題（１）、区民生活及び教育行政の調査について、継続審査ということでよろしいでしょうか。,,2025/7/23,区民文教委員会,議長/委員長
,令和7年 区民文教委員会(7月23日),木村委員長,木村克一,"さよう取り扱わせていただきます。続きまして、議題（２）、請願第６号、入船湯存続を求める請願の審査について、質問のある方はいらっしゃいますでしょうか。

それでは、こちらに関しても継続審査ということでよろしいでしょうか。",,2025/7/23,区民文教委員会,議長/委員長
,令和7年 区民文教委員会(7月23日),木村委員長,木村克一,"さよう取り扱わせていただきます。次に、管内視察についてでございます。午後は十思スクエア蔦重ギャラリー及び久松幼稚園常盤園舎の視察を実施いたしますので、午後１時20分、正面玄関前、マイクロバスに集合願います。

それでは、午後１時20分まで休憩といたします。

なお、委員の方と担当部長はお残りを願います。

（午前11時21分 休憩）

－委員会を閉じた後－

行政視察については、10月下旬からの２週間で、４常任委員会の視察を実施する予定であり、日程・視察先等詳細は正副委員長に一任する旨が確認され、了承された。

（午後１時16分 再開）",,2025/7/23,区民文教委員会,議長/委員長
,令和7年 区民文教委員会(7月23日),木村委員長,木村克一,再開（車中）,,2025/7/23,区民文教委員会,議長/委員長
,令和7年 区民文教委員会(7月23日),木村委員長,木村克一,"閉会（車中）

（午後３時16分 閉会）

「別 紙」

区民文教委員会視察等日程",,2025/7/23,区民文教委員会,議長/委員長
,令和7年 区民文教委員会(7月23日),日,木村克一,"程

委 員 会 開 会 １０：００

↓

[休 憩]

↓

区 役 所 出 発 １３：１６

委 員 会 再 開

↓

耕書堂案内板経由 １３：２９

↓

十思スクエア蔦重ギャラリー １３：３７～１４：１０

（説明・視察）

↓

久松幼稚園常盤園舎 １４：２０～１５：１２

（説明・視察）

↓

委員会閉会（車中） １５：１６

区 役 所 到 着 １５：２３",,2025/7/23,区民文教委員会,議事関係
,令和7年 環境建設委員会(7月24日),かみや委員長,かみや俊宏,"ただいまより環境建設委員会を開会いたします。

初めに、理事者報告をお願いいたします。",,2025/7/24,環境建設委員会,議長/委員長
,令和7年 環境建設委員会(7月24日),かみや委員長,かみや俊宏,"ありがとうございます。

発言の持ち時間制につきましては、既に御承知のとおりですので、よろしくお願いをいたします。ただいまの時刻は午前10時６分です。自由民主党46分、かがやき中央さん22分、公明党さん22分、日本維新の会さん10分、れいわさん10分となります。なお、持ち時間には、この後の議題である請願審査の時間も含まれます。

また、本日、気温が上がっておりますので、上着の着脱は御自由にお願いできればと思います。

それでは、理事者報告に対する質疑に入ります。

御発言を願います。",,2025/7/24,環境建設委員会,議長/委員長
,令和7年 環境建設委員会(7月24日),墨谷委員,墨谷浩一,"ありがとうございます。理事者報告の中から質問させていただきたいと思います。

今回、理事者報告があったこと、また、いろいろと調べた中で、リユースの選択肢が広がったというお知らせがありました。また、粗大ごみの削減、ごみの削減に寄与する取組というふうに私は強く感じました。今まで本区は３Ｒの推進、廃棄物の発生抑制、リデュースや再使用、リユースや再生利用、またリサイクルを進めてきました。今までリサイクルハウスかざぐるまやジモティー、そして今回はおいくらの導入というふうになっております。

私の住んでいるマンションでも、転居する方が時々いらっしゃいます。そういった中では、必ず大きな、家具などが粗大ごみとして出されております。私も何回か中央区内で転居した中で、住まいの広さによって泣く泣く粗大ごみに出したとか、そういったことも経験しております。そういった中で、おいくらのホームページも拝見したんですけれども、スマートフォンなどで簡単にできるということでございまして、これは本当にすばらしい取組ではないかなというふうに思っております。

先ほどもお話があった263自治体、また23区中10区が取組をしているという中で、先行している自治体の取組について、また、粗大ごみなども含めて、本区として期待できる削減をどのように想定されているのか、まず、お聞きしたいと思います。",,2025/7/24,環境建設委員会,議員
,令和7年 環境建設委員会(7月24日),鎌田環境課長,墨谷浩一,"私のほうからは、今般の協定締結に伴い、先行している自治体の状況等について報告させていただきます。

他の自治体ですとか、事業者のほうにもいろいろ聞いているところでございますけれども、こういったサービス、既存のプラットフォームを活用するというところで、ごみの削減に大きく寄与しているといったようなことは聞いているところでございます。まだまだ使えるけれども、捨てられてしまっているようなものが、この制度を使うことによってリユースに回るということで、そういったところの効果というのは非常に大きいのかなと考えているところでございます。

また、使った上での苦情ですとか、トラブルの状況も伺っているところでございますけれども、そういった点については、事業者が対応の窓口を設けて対応しているというところで、自治体のほうで大きなトラブルになっているような事例もないというふうに聞いてございますので、中央区といたしましても、この制度をしっかりと活用して、リユースの促進が図れればと考えているところでございます。

私からは以上です。",,2025/7/24,環境建設委員会,理事者
,令和7年 環境建設委員会(7月24日),星野中央清掃事務所長,墨谷浩一,"おいくらを活用することで期待できることというところですけれども、今、粗大ごみは、引っ越しシーズンなどですと、申込みをされてから回収までに、長いと２週間ぐらいかかってしまうようなこともございます。通常であれば10日以内ぐらいでは大体回収できるんですけれども、そうしたときに、引っ越しの日付がもう決まってしまっていて粗大ごみに出せないということになってしまうような事態があって、やむなく処分をというようなことをよくお聞きするところです。今回、おいくらを活用することによりまして、事業者にすぐ対応していただけるとか、来ていただけるとか、日数がかからずに対応していただけるような事業者があるというようなこともございますので、今までのやむなく粗大ごみでの処分とかというようなことがなくなるかなというふうに考えているところでございます。

以上でございます。",,2025/7/24,環境建設委員会,理事者
,令和7年 環境建設委員会(7月24日),墨谷委員,墨谷浩一,"先ほどもお話ししましたけれども、私も転居する際に泣く泣く、結構大きなものなので、家具を粗大ごみで捨てた。また、私の住んでいるマンションでも、今までずっと持っていたものを泣く泣く捨てたというお話を聞いております。過去に、昔から持っているひな人形を譲りたいというお話をいただいたんです。昔のひな人形で、すごくいいもので、ぜひ違うところに持っていって活用していただきたいと私も思って、いろいろな方に声をかけたんですけれども、５段飾りぐらいあるもので結構でかいものなので、結局、買取り業者にお願いしたという経緯がありました。そういった中で、その買取り業者は、ひな人形はぱっと見たんですけれども、まず言ったのは、貴金属がないかとか、しつこく言われて本当に困る、大変だということで、下手すると何か本当に、眼鏡でも何でもあるんじゃないですかみたいな脅しみたいなこともあったということも伺いました。先ほど理事者のほうから、大きなトラブルはないというようなお話もあったので、少し安心しているところでございます。

先ほどの買取り査定をするときのトラブルというか、協定の５条にも書いてありますけれども、５条の中では、区としては、甲は一切の責任を負わないものとするという一文が書いてあります。事業者さんと区民の方がそこの中で話合いをするというような形になるように私は捉えたんですけれども、他の自治体でのそういう、いろいろなトラブルの中でもう少し分かりやすく、安心して使えるよう、今回、区が導入したものに対して少し御答弁いただきたいと思います。",,2025/7/24,環境建設委員会,議員
,令和7年 環境建設委員会(7月24日),鎌田環境課長,墨谷浩一,"安心して御利用いただくためにというところでございますけれども、まず、今回、買取り店として、おいくらのほうに登録している事業者というのは、しっかり古物商の許可を取っていることですとか、第三者による与信審査を通過しているなど、一定の条件をしっかりクリアした事業者が登録されているという状況になってございます。また、利用の中で、先ほどのほかに何かもっと高いものはないかというような話というのは聞いたことがないですけれども、今回のサービスの中の１つ特徴といたしまして、出張買取りというところで、実際に御家庭まで引取りに来ていただけるものになってございます。

そうした中で、事前に御案内はさせていただいているんですけれども、引取り、出張料がかかると思っていなかったとか、実際に物を見たら当初示された査定金額より低かったとか、そういったところでの苦情といいますか、御意見は実際あるようですが、そういったところは区民の方と買取り事業者だけではなく、おいくらが中に入りまして、しっかり対応すると聞いてございますので、しっかり安心して御利用いただけるのかなと思っています。また、前後してしまって申し訳ございませんが、買取り店に関しましては、もし脅迫するような事例ですとか、悪質と疑われるようなケースがあった場合は、事業者のほうで登録を抹消するといったようなことも過去にもあったということは聞いてございます。そのあたりはマーケットエンタープライズのほうでしっかり管理をしながら行われているものとも考えてございますので、しっかり安心して御利用でいただけるサービスなのかなというふうに考えているところでございます。

以上でございます。",,2025/7/24,環境建設委員会,理事者
,令和7年 環境建設委員会(7月24日),墨谷委員,墨谷浩一,"ありがとうございます。

やはり心配ないということがすごく大切かなと思っております。安心して区民の方がおいくらのシステムを使って、自分が持っているものを、お金になるか分からないですけれども、引き取ってもらえるというようなお話もありました。また、大きなものについては、高齢の方は粗大ごみで出したりすること自身もなかなか大変だと思いますので、そういった意味では、この取組が区民の皆さんの有益になること、また区としてもごみの削減につながる、企業としても利益が上がるということで、三方よしの取組かなというふうに思っております。しっかりと、また安心して取り組めるように進めていただきたいというふうに思います。

以上で質問を終了いたします。",,2025/7/24,環境建設委員会,議員
,令和7年 環境建設委員会(7月24日),川畑委員,川畑善智,"おはようございます。川畑でございます。

すみません。こちらの協定を今回結ぶことになりましたマーケットエンタープライズという会社さんですけれども、銀座に本拠があるということで、区内企業ということにはなりますが、こちらの企業さんの評判とか評価といいますか、事業自体、外観を眺めてどのように中央区として評価をされているか、少しそのあたりの総評をいただきたいです。",,2025/7/24,環境建設委員会,議員
,令和7年 環境建設委員会(7月24日),鎌田環境課長,川畑善智,"マーケットエンタープライズの評判、評価というところでございますけれども、株式会社マーケットエンタープライズは、持続可能な社会の実現といったところを目的に、様々、リユース事業等を展開している中での一つのサービスとして、今回のおいくらというものを持っている状況になってございます。区内の事業者というのもございますし、また、資料のほうでも記載させていただいておりますとおり、全国でも既に260を超える自治体と連携をしてリユース活動を進めているといったところで、まさに今求められる脱炭素社会というところにもつながっていくような、非常に意義ある取組を行っている事業者なのかなと考えております。他の自治体等の取組の中でも、トラブル等も比較的少なく、順調に進んでいるような話も聞いてございます。様々なノウハウを持ち合わせて、しっかりと区とも連携をして取り組んでいただくことができる事業者であるというふうに考えているところでございます。

以上でございます。",,2025/7/24,環境建設委員会,理事者
,令和7年 環境建設委員会(7月24日),川畑委員,川畑善智,"るる御説明ありがとうございます。

リサイクル事業となりますと、基本は仕入れが不用品という扱いになりまして、そこにどのように価値をつけるかというところ、それは事業者さんもしくは元の所有者の方、私がテーブルを持っていたら、そのテーブルが幾らになるかというのは事業者と私との間でのすり合わせが必要だということになりますので、非常にフェイス・トゥ・フェイスの交渉が必要な事業だと思うんです。こちらの事業者さんを調べさせていただいたんですけれども、社員さんの評価を見てみますと、非常に残業が多いですとか、そういったところも含めて、確かに原価が、自分たちで製造して新たな付加価値をオンして、それを販売する事業とはちょっと違う事業になりますので、非常に難しい商売なのかなとは思うんです。ただ、時代的にこういったリユース事業というのはやはり必要とされているものだと思いますので、事業者の会社経営の健全性といいますか、そういったところも含めて、中央区として、どこまでコミットするかというのは確かにあるところです。やられるからには、かざぐるま、それからジモティー、おいくらの３つ、また新たなリユース事業として、区としても適用していくということで、健全な発展を期待しておりますので、ぜひともそのあたりの管理監督のほうもよろしくお願いしたいと思います。

以上でございます。",,2025/7/24,環境建設委員会,議員
,令和7年 環境建設委員会(7月24日),かみや委員長,かみや俊宏,続きまして、議題（１）、環境保全及び建設行政の調査について、質問者の発言を願います。,,2025/7/24,環境建設委員会,議長/委員長
,令和7年 環境建設委員会(7月24日),上田委員,上田かずき,"２点お伺いします。よろしくお願いいたします。

１点目です。まちづくりにおける情報公開と区民の声の吸い上げ方についてお伺いします。

現状では、まちづくり協議会は、開催後は情報公開されていても、開催前の日時や場所といった案内は依然として公開されておりません。これは、関心のある区民が議論のプロセスに参加したり、傍聴したりする機会がないということを意味します。場所の確保に課題があると前回伺っておりますが、それであれば、オンラインでのライブ配信や後日の録画配信といった方法で議論の場をオープンにすることは可能かと考えます。区として、改めてこの協議会の公開性を高め、まちの声を吸い上げる手法について改善をするお考えはあるのかお聞かせください。

加えて、再開発におけるまちづくり基本条例についてお伺いします。主な手続のページには、庁内協議が調った後、区が地元住民と協議するというふうに記載があります。この地元住民とは、具体的に誰が参加できるのかを改めてお示しください。また、その後に行われます住民説明会の周知方法について具体的に教えていただければと思います。

２つ目は、リチウムイオン電池の回収におけるリスク低減策についてお伺いします。

先日、総務省の調査で、家庭から電池を回収した自治体の半数近くが、処分事業者が見当たらないなどの事情で焼却や埋立てをしたり、そのまま保管をしていることが分かり、総務省は適切な処分を推進するように各自治体に通知を出しました。現状、本区として、リチウムイオン電池を収集後、どのように処分しているか御教示ください。

また、2024年12月に起こった守谷市での火災事故、これは不燃ごみの処理設備でございますが、これを例に取ると、復旧におよそ40億円もかかるという試算が先月示されました。特に、小型扇風機、今、皆さんが多く使われているわけですが、あれは電池が見えづらいですから、結果的にはごみとしての混入リスクは高いと思います。このような被害、一歩間違えれば大事故になるということを防ぐために、現在、どのように区民への周知を行っているのか、具体的な取組をお示しください。よろしくお願いします。",,2025/7/24,環境建設委員会,議員
,令和7年 環境建設委員会(7月24日),菊池地域整備課長,上田かずき,"私からは、まちづくり基本条例の情報の公開、会議の公開性と、まちづくり基本条例の地元協議の進め方ですとか、そういったところについてお話しさせていただきます。

まちづくり基本条例については、基本的には、区内における地域特性を生かしたまちづくりの整備構想ですとか、整備計画などについて、区とその地域の住民と意見交換を重ねながら、よいまち、良好なまちづくりを推進していくということを、まず目的としています。そうしたことから、構成員の方についても、自治会長ですとか、商工会議の関係の代表者ですとかに構成員になっていただいて、いろいろな意見交換をしているところになります。そういった意味では、会場の人数の許す限り、地元の方の、地域のコミュニティのまちづくりに関心のある方ですとか、協議会の構成員からのお声がけを通じてオブザーバー参加される方ですとか、地域外の方でも、会場の人数制限のある中で傍聴をしていただいて運営しているところになります。

基本的には、今、区民に対しては、ホームページの周知ですとか、終了した後、速やかに会議資料や議事要旨を区のホームページに掲載しているんですけれども、基本的にこれで会議の内容の情報周知というところでは、内容としては十分なのかなというふうに考えているところです。様々なやり方はあるのだろうというふうには思うんですけれども、今のところは、これまでの会議の運営の積み重ねで今の状況に至っているというところもある中で、特に今のところ変更するという考えは持ってございません。

２つ目は、まちづくり基本条例の区と区民の協議の地元というところですけれども、基本的には、再開発を行うその建物の敷地の境界から、建物の高さの範囲の町会の代表の方が、まず代表になっています。区と区民の協議の中では、そこで建物の計画内容ですとかを説明して、地元の代表者の方の意見をいただいているというところになります。もう一つは、事業者のほうから地域の方、住民に対しての説明、この２つを地元に対して説明をしていまして、その場合はもうちょっと広い範囲で地元の方に対して説明をしているという形になります。こういった形で、計画の周知を図りながら、御意見をいただいて計画に反映しているというところになります。

以上でございます。",,2025/7/24,環境建設委員会,理事者
,令和7年 環境建設委員会(7月24日),星野中央清掃事務所長,上田かずき,"リチウムイオンの現状の回収方法と、区民への周知というところでございます。

リチウムイオンの回収につきましては、拠点回収ということで、基本的には、学校とか公共施設での回収ということを基本としております。それ以外に協力店というのがございまして、一般社団法人のＪＢＲＣのホームページにも出ているんですけれども、区内に３店、ヤマダ電機とビックカメラと、もう一つ、あんしん電気というのが人形町にあるんですが、その３店で回収しているということで、そこでの回収と拠点での回収が基本ということになってございます。

周知というところですけれども、この間、山手線でも火事があったり、昨日の品川での火災は扇風機のリチウムイオンが原因ではないかというような状況がございました。委員がおっしゃったとおり、川口市でも炉が燃えてしまって、まだ何十億円かけて改修中で、23区でも一部ごみを受け付けているというような状況が続いているところでございます。区では、当然ながら、そういったことがないようにということで、ごみと資源の分け方・出し方を全戸に配布しておりますし、拠点での回収についてもホームページでも周知しております。今後も、こういった実際の危険性が増していて、一回そういうことがあるとかなり影響が大きいということもあるので、積極的な周知に努めてまいりたいと思います。

以上でございます。",,2025/7/24,環境建設委員会,理事者
,令和7年 環境建設委員会(7月24日),菊池地域整備課長,上田かずき,"すみません。先ほど答弁の中で、まちづくり基本条例の区と区民の協議の説明会の周知方法について漏れがございました。説明会の周知ですけれども、おおむね２週間ぐらい前に、日程の調整ですとか、資料について送付などをさせていただいているところになります。

以上です。",,2025/7/24,環境建設委員会,理事者
,令和7年 環境建設委員会(7月24日),上田委員,上田かずき,すみません。リチウムイオン電池のところで１点だけ、拠点回収をした後、学校で回収した後の処分のところについて、もう一度答弁いただけますか。お願いします。,,2025/7/24,環境建設委員会,議員
,令和7年 環境建設委員会(7月24日),星野中央清掃事務所長,上田かずき,"学校、公共施設で回収したものについては、区が委託している事業者に替わりまして、そこで再利用ということで、金ですとか、銅ですとか、そういった部分を取り出してリサイクルするような形のところに委託しているところでございます。

以上でございます。",,2025/7/24,環境建設委員会,理事者
,令和7年 環境建設委員会(7月24日),上田委員,上田かずき,"ありがとうございます。

まず、１点目、まちづくりのところについては、やはり自分のまちとして愛着を持ってほしいと。よくいろいろなところであると思うんですが、そのためには、そのプロセスが見える化され、自分が関わっていると。祭りは見るより参加したほうがいいよね、参加するよりつくったほうがいいよねというようにまちづくりも同じだと思います。その観点から、幅広い方が参加できる仕組みを求めたいと思います。

もう一点、電池の件については、やはりレベルの違う安全対策という観点、ごみの分別とはまた別の次元だと思うんです。なので、ごみのお知らせだけではなくて、別のルートからもきちんと周知を図っていただきたいと思います。

以上です。",,2025/7/24,環境建設委員会,議員
,令和7年 環境建設委員会(7月24日),かみや委員長,かみや俊宏,では、副委員長は委員席へお移りください。,,2025/7/24,環境建設委員会,議長/委員長
,令和7年 環境建設委員会(7月24日),青木委員,青木かの,"それでは、私からは、議題といたしまして２点お尋ねしたいと思います。それぞれ大変大きな問題、課題ではありますが、今日は区の考え方ということを中心にお答えいただければと思います。

まず、先ほどもまちづくり基本条例など、いわゆる地域の方と区の関わり方、つまり再開発になったときの意見交換について答弁がありましたが、つい最近、２週間前に御相談をいただきました。佃二丁目まちづくり検討会、市街地再開発事業の仕組みと施設イメージということで、調べましたところ、まず、前回の環境建設委員会が６月10日に行われましたが、ここで出された令和７年度市街地再開発事業には入っておりません。そのほか、いつも頂くカラーの地図ですが、これにも入っておりません。今はどういう状態かというと、地域の方を中心に、こちらの説明書の言葉を借りますと、世話人会を経て検討会が15回行われておりまして、令和７年度ですので、既に今年の12月には準備組合設立と入っております。この資料自体も、今までの再開発事業で事業者が出したようなものと同じ程度のちゃんとしたものが地域の方にもう出されているんです。その再開発事業に入る佃二丁目の清澄通りに面した場所、皆さん、もう頭に浮かんでいらっしゃると思いますが、今の時点では区は関わっていないのか。そして、これだけ決まっていますので、今後どういう形で市街地再開発事業が進んでいくのかということをお知らせいただければと思います。

それから、もう一点です。これも大きなニュースとなりましたが、千代田区ではマンションの転売を５年間制限すると。事業者に条項導入を要請する。たくさん買うことによって、つまり投資目的で買うことによって、今、マンションの値段がどんどん上がっている。２億、３億円という普通の方には手が届かない値段にまでなっています。そこで、千代田区は、18日、不動産大手などが加盟する不動産協会に投機を目的とするマンション取引の防止に協力するよう要請をした。不動産ディベロッパーなどに対し、購入者に５年間の転売を禁じる条項の導入などを求める。都心部の不動産価格の高騰や需給逼迫が続いていることから、居住目的の消費者が購入しやすい環境の整備を目指すということで、状況については、中央区、港区、この千代田区などは似ているところもあると思いますので、２点目はこれについて区の考えをお聞かせください。

以上です。",,2025/7/24,環境建設委員会,議員
,令和7年 環境建設委員会(7月24日),小笠原まちづくり事業担当課長,青木かの,"私のほうからは、佃二丁目の開発の件で答弁させていただきたいと思います。

委員のお話にありました佃につきましては、今、地元の方々がまちづくりの検討をしているという状況でございまして、区のほうが何か地域の方と直接お話をするといったような関係性にはないところでございます。佃の皆さんのほうで検討している中では、そもそも建て替え、老朽化等の課題があって、どういう計画がいいのかということをいろいろな観点から検討されているということで、区といたしましては、やはり昨今の社会情勢による事業の厳しさですとか、あとは計画の中身、用途によっては教育等の様々なインフラへの影響ということもございますので、今後の検討を深めていく中では、中央区の、例えばまちづくり基本条例による地域への取組というところもそうですけれども、まず、計画の根本的な骨格をどうしていくかということについては、御相談が来た段階では、区としてもその考え方を、これはどの開発事業者に対しても同じようにお伝えをしているところでございます。特にということで、やはり佃・月島地域でございますので、特にインフラの関係ですとか、例えば住宅であれば、どのような住宅の計画になっていくのか、それは区としてもきちんと慎重にお話を聞いて協議をしてまいりたいというふうに思ってございます。

私からは以上でございます。",,2025/7/24,環境建設委員会,理事者
,令和7年 環境建設委員会(7月24日),菊池地域整備課長,青木かの,"私からは、マンションの転売に関してのところになります。

禁止について考えているかというところですけれども、先ほど委員がおっしゃったように、千代田区で不動産協会のほうにマンション転売に関して、転売を抑止するような要請をしたということについてだと思います。マンション販売における部分というところでは、投資家の複数の申込みとかで抽せん倍率が上がったりとか、マンション高騰につながっているというところで、よくない影響を及ぼしているのかなというふうには感じているところでございます。また、居住実態のない住戸が増えることによって、管理組合、管理上の負担ですとか、支障などの悪影響も懸念されるところなのかなというふうに認識しているところです。区としましては、基本的には、マンションの販売は所有者と購入者の当事者間の合意に基づいて成立するというところなので、個々の契約内容に対して区が関与するというのはなかなか難しいところなのかなというふうに捉えておりますけれども、再開発事業で建設されるマンションにつきましては、公的補助を受けている点なども踏まえまして、マンション販売が行われる際には、そういったところを踏まえて、トラブルというか、適切な販売が行われるようにということで、そういった部分については、事業者を通じて申入れをしているところになります。一応そういった形で区として対応しているところでございます。

以上です。",,2025/7/24,環境建設委員会,理事者
,令和7年 環境建設委員会(7月24日),青木委員,青木かの,"ありがとうございます。

まず、最初の佃二丁目の再開発事業ですが、私に相談をしてくださった方は、その範囲には入っていない。なので、今までそういう情報を全く知らなかったそうです。今回、ちょっと具体化してきましたので、周りのマンションにもポスティングが始まったということで、びっくりなさって説明会へ行ったと。そうしたら、もうこんなに全てが出来上がっている資料が配られたということで、本当に驚いて私のところへ御相談にいらっしゃったという状況です。

先ほど、まちづくり基本条例につきましても、区と地域で意見交換を重ねるとか、区からも様々なアドバイスをする。しかし、最終的には、これは区民での話合いというふうに私は答弁の内容を受け取りました。なので、このまま12月に準備組合が設立してしまう。下のほうに１行、今後、中央区等との協議により内容が変更になる可能性があります。１行だけ入っているんです。今後、中央区等との協議により内容が変更になる可能性がると。これはどういう場合に変更になるのか。あるいは、ここまで決まってしまって、賛成派の方は楽しみにしている方もいらっしゃるでしょう。ただし、周りにお住まいの方で全然知らなかった方は、これから高齢になるにつれてずっと住み続けようと思ったのに、ここに高層マンションが建つと、まちの雰囲気がまた変わってしまうという不安も抱えていらっしゃる中で、ここに１行だけ書いてある。多分これはまちづくり基本条例にも入っていると思うんですが、今後、中央区との協議により内容が変更になる可能性がありますと。これはどういう可能性なんでしょうか。

そして、どれくらい、どんな理由によって、一番大きな変更点というのは、この再開発事業がなくなってしまうと。一旦この計画は廃止になるというところから、予定どおり進むという、かなり幅があるんですが、今の時点で区はどのようなことができるんでしょう。",,2025/7/24,環境建設委員会,議員
,令和7年 環境建設委員会(7月24日),小笠原まちづくり事業担当課長,青木かの,"資料に記載のありました区との協議によって変更という、こちらの部分でございます。

先ほど答弁させていただきましたが、こちらの佃の地区につきましては、まだ区として現時点で具体的な御相談を受けていない状況でございます。区の認識といたしましては、あくまでも、まずは権利者、権利をお持ちの方々がどのような計画にしたいのかを検討されて、その結果を資料にまとめて周りの方に周知をされたのかなというところでございまして、今後、区といたしましては、まず、どのような方向性で、計画の用途ですとか、例えばインフラ整備ですとか、そもそもどのようなコンセプトで検討をしていきたいのか、また、地域の総意として、今後、協議がまとまった暁にはまちづくり基本条例、さらには都市計画を伴うものであれば都市計画上の手続もございますので、最終的には周辺の方の御理解というのも必要になってまいります。したがいまして、今後、計画の御相談が来たときには、そういった視点で協議をさせていただいて、場合によっては、基本条例等々と照らし合わせて、この対策がより必要ですとか、ここは違うといったようなものがあれば、当然、そういったものでの変更が生じてくるというふうに認識してございます。

以上です。",,2025/7/24,環境建設委員会,理事者
,令和7年 環境建設委員会(7月24日),青木委員,青木かの,"いや、私はちょっと信じられない。この団体から正式な相談はないにしても、皆さんの耳には入っていることだと思いますし、正式ではないにしろ、御相談は本当にないんですか。今、７月です。準備組合を設立するのが12月。設立すると、もう後戻りしづらくなってきますよね。こういうことが繰り返されて、これまで進んできました。何度も言いますが、私は再開発反対派ではありません。必要であれば、再開発を進めていくことも大変重要ですし、特にこれまでは防災の意味などもありましたが、今の状況を見てみると、本心としては、造り過ぎたなと思っている方が多いと思うんです。つまり、１つ理由を挙げるとすれば、教育問題、学校問題で、今、教育委員会がこんなに苦労しているじゃないですか。こんなに苦労して、本当にウルトラＣですと、この前、説明なさっていましたが、ウルトラＣを繰り返しながら、子供たちが増えれば、それはそれでいいことですので、かといって、待機児童は小学校、中学校にはありませんので、学校を造っていく。１つ例を挙げればですよ。一番分かりやすいのが教育ですが、こういう状況にあっても、かなり大きな市街地再開発事業です。本当にこの事業組合、検討会から区に対して何らかの相談はなかったんですか。

ここまで地域の方、本当に地域の方で、権利者の方だけで、お隣に住んでいる方には何にも情報が入っていなかった。というか、後で内部の方に聞いたら、情報は漏らさないようにと言われていたそうです。つまり、外まで情報が広くなると、当然、反対する人も出てきますので、うまくいくところまでいって、もう後戻りできないよと。少し妥協はしましょう、何々を造りましょう、地域還元策をやりましょうというところまでいって公開をしているのではないかという懸念をこれまでずっと持っていましたが、今回、まさにそういう形だと思うんです。この点についてお聞かせください。",,2025/7/24,環境建設委員会,議員
,令和7年 環境建設委員会(7月24日),吉田副区長,青木かの,"佃二丁目ですよね。これ、実は、何度も話がある。佃二丁目のところは、相生のマンションがあって、相当老朽化している。そこのマンションの居住者の方を中心としながら、何か再開発できないかという勉強会をずっとやっているんです。何回かディベロッパーも二度、三度替わって勉強会をやっているんですよ。勉強会をやっているディベロッパーの人たちがそういう資料をつくっているんだと思いますけれども、今、我々が区のほうで正式な相談に乗るような状態まで計画の検討が進んでいるわけではないと私どもは認識している。

率直に申し上げると、佃二丁目については、実は何度もこういう話はある。また、相生マンションなどを含めて、実は相当老朽化しているから、そういう話はきちんと処理しなければならない部分も理由にあるから、そういう問題は消えないんだけれども、周りでは必ずしも大きな賛成を得ていないという状況で、その状況を区としてもつかんでいるから、それぞれのディベロッパーに対して、今の時点で御相談に乗れるような状況ではありませんねということでお話はしている状況でございます。持ちかけている方もいらっしゃるし、持ちかけている方からのお話もございますし、地元からのお話もございますが、そういう熟度になっていないと思っています。ただし、そこに内在的に、基本的には老朽化問題を含んでいますから、将来的には、やはりそこの問題を含めて対応しなければならないとは考えておりますが、現実にその資料で言っているようなスケジュールで動くものだとは全く思っていない。

それと同時に、実は、今、建設費が大変上がっておりますので、そう楽観できるような形の住宅系の再開発はあり得ないと思っています。ですから、今、ディベロッパーさんも加わって、ある種の勉強会をやっていたとしても、それは我々のほうでも本当に事業性がきっちりしたものがあるんですかとか何かということを確認しながら協議をさせていただくことになるだろうと思っている。また、教育問題については、率直に言えば、面的な相当の広がりがある再開発をやるとなったら、教育問題に必ず影響を与えることはよく承知しております。ですから、我々がもし、極端な言い方でございますけれども、地域に対して、まとまって例えば開発が２つ、３つ重なって出てくるようなことがあったとすれば、露骨に言うと、再開発事業者の３つなり、２つなりが集まったところで、では、どこか１つで学校を造れぐらいは言わざるを得ない。そういう姿勢でうちは臨んでいます。そういう姿勢で開発と公共施設のきちんとしたバランスを持ったまちづくり、そういうことを意識してやっておりますから、教育の問題についても十分配慮して指導していきたいと思っております。",,2025/7/24,環境建設委員会,理事者
,令和7年 環境建設委員会(7月24日),青木委員,青木かの,"今、大変重要なことを幾つか御答弁いただきました。これまで相生を中心に、この地域については、再開発の話が何度も出ては消えていったということも伺っております。なぜ今回は事業者が焦っているかというと、先ほど千代田区の話もしましたが、やはり今売り出すと高いからだと思うんです。なので、事業者、ディベロッパーのほうが、ここでやらなければ、もうできないというくらいに焦っていらっしゃるのを感じます。

ただし、今、吉田副区長がきちんと、ここに私は持っておりますが、この計画どおりにいくとは限らないとおっしゃいましたね。それから、住宅系開発についても難しいと。万が一、面的に大きく広がった場合は教育施設も造れと。だって、今までは、造るときにはマンションの中に保育所を入れてくださいというので地域貢献策として確かに入れてきて、それによって、随分待機児童が減って、今、数字の上ではゼロとなっている。私は、本当にこれはありだと思うんです。本当にこれが面的に大きいのでしたら、そして佃島小学校、中学校、せっかくあの広い運動場があります。また、あそこに何か仮の施設を造ってというようなことがないよう、開発をするときには学校のことも頭に入れてということですね。これは本当に重要な答弁だと思いますので、ありがとうございます。信じますので、これからの再開発がどこまで続くか分かりませんが、これが最後の大規模な住居系の市街地再開発事業にしてほしいと思っております。万が一これが通った場合、地元の地権者の方がやりたいという場合は、まちに与える影響についてディベロッパーにしっかりと話をして、必要なもの、特に教育施設については、地域サービスとして造っていく。そこも考えた上で、今後の、これから話が正式にはあるようですが、区からのアドバイスというよりも指示としてお願いをしたいと思います。

以上です。ありがとうございました。",,2025/7/24,環境建設委員会,議員
,令和7年 環境建設委員会(7月24日),かみや委員長,かみや俊宏,"青木委員は、副委員長席にお戻りください。

それでは、議題（１）、環境保全及び建設行政の調査については継続審査ということでよろしいでしょうか。",,2025/7/24,環境建設委員会,議長/委員長
,令和7年 環境建設委員会(7月24日),かみや委員長,かみや俊宏,"ありがとうございます。さよう取り扱わせていただきます。

次に、議題（２）、請願第８号、日本橋室町一丁目地区市街地再開発事業に係る区道廃道に関する請願の審査について、質疑のある方は御発言を願います。",,2025/7/24,環境建設委員会,議長/委員長
,令和7年 環境建設委員会(7月24日),川畑委員,川畑善智,すみません。室町一丁目再開発事業ですけれども、請願の区道の廃止の部分と若干ずれるかもしれないですが、この再開発事業を三井不動産さんのホームページで確認させていただいたんですけれども、オフィスと商業施設だと私は理解をしていたんですが、三井不動産さんのホームページ上ではレジデンスも高層棟に含まれるという記載がありまして、そのあたりは、区として、この再開発計画に関して、住民が増えるということは理解をされているかどうかということを御答弁いただければと思うんです。,,2025/7/24,環境建設委員会,議員
,令和7年 環境建設委員会(7月24日),小笠原まちづくり事業担当課長,川畑善智,"室町一丁目地区でございますけれども、主な用途といたしましては業務系ということで、オフィスですとか、ホテルが計画されてございますけれども、委員がおっしゃるとおり、一部、レジデンスということで住宅が計画されているものでございます。

以上でございます。",,2025/7/24,環境建設委員会,理事者
,令和7年 環境建設委員会(7月24日),川畑委員,川畑善智,ちなみに、その規模といいますか、概要というのは、区としては、恐らく、今、前委員から御質問があった教育の問題とか、近隣の城東小学校ですとか、そういったところへのスクールバス等々、今、バスの交通問題もありまして、そのあたりはカバーできるのかどうかというところも非常に気にしておりまして、そのあたりの把握をされているかどうか御答弁いただければと思います。,,2025/7/24,環境建設委員会,議員
,令和7年 環境建設委員会(7月24日),小笠原まちづくり事業担当課長,川畑善智,"住宅の内容でございます。

こちらは、特殊な住宅の計画となってございまして、国家戦略住宅整備事業という、ちょっと特殊な事業を採用してございます。これは東京都と事業者の間で協議、調整がなされたものでございまして、内容といたしましては、従来の住宅というよりは、こちらの地域のポテンシャルを見て、国際水準の居住施設を整備するということで、規模といたしましては、都市計画決定当時のものでございますが、約１万2,000平米で約100戸ということでございます。あくまでも、ここの地域上、国際競争力強化に向けたというところの整備で、国際水準の居住施設の計画となってございます。

以上でございます。",,2025/7/24,環境建設委員会,理事者
,令和7年 環境建設委員会(7月24日),川畑委員,川畑善智,"ありがとうございます。かなりしっかり把握されているということで理解いたしました。

ただ、同時並行で日本橋地域の再開発が各々かなり進んでいるんです。日本橋一丁目東地区、八重洲一丁目北地区、日本橋一丁目１・２番地区、中地区等々で、いずれも同じく国家戦略住宅とか、サービスアパートメントとかが明記されておりまして、それぞれが100戸ずつということになりますと、結構なボリュームになるのかなと。2027年、2028年ぐらいから2030年ぐらいにオープンするということですので、結構な方が居住されるのかなというふうに思うんですけれども、インフラ整備といいますか、そのあたりは本当に大丈夫なのかなという心配をしております。ちょっと本題とずれるかもしれませんけれども、そのようなところを危惧しておりまして、請願の趣旨と少し離れてしまうんですが、日本橋室町一丁目の再開発に関して、住宅の問題が少し懸念材料としてあるということで御承知おきいただきたい。そういう御指摘があったということで理解いただければと思っております。そのあたりの対処もよろしく御検討をお願い申し上げます。

以上でございます。",,2025/7/24,環境建設委員会,議員
,令和7年 環境建設委員会(7月24日),かみや委員長,かみや俊宏,それでは、議題（２）、請願第８号、日本橋室町一丁目地区市街地再開発事業に係る区道廃道に関する請願の審査については、継続審査ということでよろしいでしょうか。,,2025/7/24,環境建設委員会,議長/委員長
,令和7年 環境建設委員会(7月24日),かみや委員長,かみや俊宏,"ありがとうございます。さよう取り扱わせていただきます。

それでは、管内視察についてでございますけれども、午後は首都高八重洲トンネル及び勝どきポンプ所の視察を実施いたします。午後１時15分、区役所正面玄関前に御集合願いたいと存じます。

それでは、午後１時15分まで休憩とさせていただきます。

なお、委員の方と担当部長の方はお残り願います。

（午前11時２分 休憩）

－委員会を閉じた後－

行政視察については、10月下旬からの２週間で、４常任委員会の視察を実施する予定であり、日程・視察先等詳細は正副委員長に一任する旨が確認され、了承された。

（午後１時16分 再開）",,2025/7/24,環境建設委員会,議長/委員長
,令和7年 環境建設委員会(7月24日),かみや委員長,かみや俊宏,再開（車中）,,2025/7/24,環境建設委員会,議長/委員長
,令和7年 環境建設委員会(7月24日),かみや委員長,かみや俊宏,"閉会（車中）

（午後３時56分 閉会）

「別 紙」

環境建設委員会視察等日程",,2025/7/24,環境建設委員会,議長/委員長
,令和7年 環境建設委員会(7月24日),日,かみや俊宏,"程

委 員 会 開 会 １０：００

↓

[休 憩]

↓

区 役 所 出 発 １３：１６

委 員 会 再 開

↓

首都高八重洲トンネル １３：３１～１４；２８

（説明・視察）

↓

勝どきポンプ所 １５：００～１５：５６

（説明・視察）

↓

委員会閉会（車中） １５：５６

区 役 所 到 着 １６：０７",,2025/7/24,環境建設委員会,議事関係
,令和7年 企画総務委員会(7月25日),瓜生委員長,瓜生正高,"おはようございます。これより企画総務委員会を開会いたします。

まず初めに、議事の進め方についてであります。議題（３）の新規請願の紹介議員、請願者及び理事者への質疑等を先に行い、その後、理事者報告、議題（１）、企画・総務及び財政の調査について、議題（２）、選択的夫婦別姓制度をただちに導入するための国会審議を求める意見書の提出についての請願について、理事者に対する質疑を行いたいと存じますが、よろしいでしょうか。",,2025/7/25,企画総務委員会,議長/委員長
,令和7年 企画総務委員会(7月25日),瓜生委員長,瓜生正高,"さよう取り扱わせていただきます。

議題（３）、請願第９号、日本政府に核兵器禁止条約の参加・調印・批准を求める意見書採択を求める請願について、審査に入ります。

請願者は請願者席に着席願います。",,2025/7/25,企画総務委員会,議長/委員長
,令和7年 企画総務委員会(7月25日),瓜生委員長,瓜生正高,"新規請願の審査の進め方についてであります。まず、紹介議員から趣旨説明を受け、次に紹介議員への質疑を行います。その後、休憩に入り、休憩中に請願者からの補足説明を受け、次に請願者への質疑を行います。さらに、委員会再開後、理事者への質疑を行います。

紹介議員の趣旨説明時間及び質疑時間についてであります。まず、紹介議員からの請願の趣旨説明を10分以内で行い、次に紹介議員への質疑を趣旨説明と合わせて20分以内で行います。各会派の持ち時間は合計時間20分から趣旨説明に要した時間を差し引いた残り時間を質疑のある会派数で除して得た時間とすることでよろしいでしょうか。",,2025/7/25,企画総務委員会,議長/委員長
,令和7年 企画総務委員会(7月25日),瓜生委員長,瓜生正高,"さよう取り扱わせていただきます。

紹介議員の趣旨説明であります。紹介議員は席の移動をお願いいたします。",,2025/7/25,企画総務委員会,議長/委員長
,令和7年 企画総務委員会(7月25日),瓜生委員長,瓜生正高,紹介議員の趣旨説明を10分以内で願います。,,2025/7/25,企画総務委員会,議長/委員長
,令和7年 企画総務委員会(7月25日),小栗議員,小栗智恵子,"日本共産党の小栗智恵子です。紹介議員を代表して、日本政府に核兵器禁止条約の参加・調印・批准を求める意見書採択を求める請願について趣旨説明を行います。

本請願の趣旨は、中央区議会として、日本政府が核兵器禁止条約への署名・批准など、条約への参加をするよう求める意見書を採択して政府に提出してほしいというものです。

今年は被爆80年の節目の年です。1945年８月６日広島、８月９日長崎にアメリカが人類史上初めて投下した原子爆弾によって、一瞬にして多くの貴い命が奪われ、80年たった今も放射線による原爆症など様々な健康被害に苦しめられています。被爆者の皆さんが凄惨な被爆の実相を世界各地で訴え続けて、核兵器使用を拒む最も大きな力となってきたことが評価されて、日本原水爆被害者団体協議会にノーベル平和賞が贈られました。

2017年７月に国連で採択された核兵器禁止条約は、被爆者と共に国民が長年にわたって熱望してきた核兵器完全廃絶につながる画期的なものです。2021年１月に発効となり、現在、94か国が署名、73か国が批准しています。ところが、唯一の戦争被爆国日本の政府は、いまだ核兵器禁止条約に署名・批准しようとしていません。理由は、核保有国と非核保有国の橋渡しを担うためとしていますが、禁止条約に参加しない日本への国際社会の信頼は低く、実効性のある責任を果たすこととは程遠い状況だと言われています。

請願理由にもあるように、2022年２月、ロシアのプーチン大統領がウクライナ侵攻に際してロシアの核兵器使用の威嚇を行い、その後も繰り返し核使用の脅迫を行いながら侵略を続けています。また、パレスチナ・ガザ地区へのイスラエルのジェノサイド、さらにイスラエルとアメリカによるイランの核関連施設への先制攻撃など、核保有国による国連憲章を踏みにじる許し難い蛮行が行われています。これらは、核兵器の開発・生産・実験・製造・取得・保有・貯蔵・使用とその威嚇に至るまで、核兵器に関するあらゆる活動を禁止している核兵器禁止条約に明確に違反するものです。こうした蛮行を国際的な世論と核兵器禁止条約で包囲し、核兵器が使用される危機、地球自体が破壊される人類生存の危機を何としても回避させなくてはならないと思います。

核保有国が禁止条約に参加していないから無理だという意見もありますが、禁止条約は、実際に核兵器の使用を許さない壁となって実効性を発揮しています。唯一の戦争被爆国である日本が参加すれば、禁止条約の政治的・道義的力が一層強まり、核兵器をめぐる危機的な状況を打開する力になると思います。日本政府に対し、核兵器禁止条約に参加し、核兵器のない世界の実現のために世界の先頭に立つよう求める意見書をぜひ中央区議会の総意として提出できるよう求めたいと思います。

日本政府は、核兵器の非人道性を認めるものの、核兵器の使用を前提とした核抑止の立場に立って、アメリカの核の傘に依存し続けています。核抑止力とは、いざというときには核兵器を使用して、広島、長崎のような非人道的惨禍を繰り返すことをためらわないということになります。核保有や核の傘に依存して、お互いに核抑止だとして対抗していけば、軍事的な緊張を高めることになり、誤りや誤算も含め、万が一核兵器が使われる事態になれば、日本を含む北東アジア、地球全体が破滅的な被害を受けることになります。核兵器の脅威を取り除く最大の保障は、核抑止ではなく、核兵器廃絶しかありません。唯一の被爆国である日本は、アメリカの核の傘から脱却して、速やかに核兵器禁止条約に署名・批准すべきだと考えます。

本日、請願者から提出された資料にもあるように、今、全国で日本政府に核兵器禁止条約への参加・署名・批准を求める意見書を決議した自治体は726自治体となっています。中央区議会として、核兵器廃絶を一日も早く実現していくために、本請願を採択して意見書を提出できるよう、委員の皆さんの御検討をよろしくお願いいたします。

以上です。",,2025/7/25,企画総務委員会,議員
,令和7年 企画総務委員会(7月25日),瓜生委員長,瓜生正高,"紹介議員への質疑のある会派は挙手を願います。

質疑を行う会派はございませんので、紹介議員への質疑を終了いたします。

紹介議員は離席を願います。",,2025/7/25,企画総務委員会,議長/委員長
,令和7年 企画総務委員会(7月25日),瓜生委員長,瓜生正高,"ここで休憩に入りますが、休憩中に請願者からの補足説明を受け、その後、請願者への質疑を行います。

（午前10時９分 休憩）

（午前10時19分 再開）",,2025/7/25,企画総務委員会,議長/委員長
,令和7年 企画総務委員会(7月25日),瓜生委員長,瓜生正高,"委員会を再開いたします。

発言の持ち時間制につきましては、既に御承知のとおりですが、今回はこの後の理事者報告に係る時間を３分と設定し、算出いたします。ただいまの時刻は午前10時20分であります。自由民主党さん22分、かがやき中央さん14分、立憲民主党・無所属さん14分、公明党さん14分、区民クラブさん14分、日本共産党さん14分となります。なお、持ち時間にはこの後の理事者報告、議題（１）及び議題（２）に対する質疑の時間も含まれます。

それでは、議題（３）の新規請願に対する理事者への質疑に入ります。

発言を願います。",,2025/7/25,企画総務委員会,議長/委員長
,令和7年 企画総務委員会(7月25日),奥村委員,奥村暁子,"それでは、１点だけ、区長に質問させていただきます。

区長は、平和首長会議にも参加をされています。そして、平和首長会議自身が核兵器禁止条約に日本政府も参加するよう求めるという立場を取っています。平和首長会議に参加する区長としても、同じように日本政府も核兵器禁止条約に参加するよう求める立場ということになると思いますが、その点についての区長の御見解をお示しいただきたいと思います。",,2025/7/25,企画総務委員会,議員
,令和7年 企画総務委員会(7月25日),山本区長,奥村暁子,"区長の山本でございます。本日は貴重な御請願をいただきまして、誠にありがとうございます。

この問題は国として非常に大きい課題であるというふうに思っておりますが、いわゆる条約としての批准ということになりますと、これは国家としての一つの判断を示さなければなりません。今、日本は戦後の経済成長、自由主義社会をどうやってつくっていくか。これまで大きな進歩を遂げながら、これからの時代に向けて、また新しい道筋を示していかなければいけない状況にございますが、世界各国との融和、特に日米の非常に強い親密な関係、こういうことの下に、今、日本というものは自由主義社会を標榜しながら、立派な国家として世界中に立っていくという岐路にあります。これらのことを考えましたときに、国としての批准ということは非常に大きな意味を持つし、１億3,000万の国民がいるわけでありますから、この方々の大きな総意というものがそこに働かなければならない。かように思うわけでありまして、今、国としての判断をそこに決するというところまで議論が煮詰まっているかといえば、私は煮詰まっていない、こういう状況であろうかと思います。

引き続き、この大きな課題については、平和を推進するという精神を根本に持ちながら、引き続き進め、いろいろな方々の意見を聞き、そして総意となるものがどこか、こういうことを自分たちの道として発見をして、そして、その段階に至ったときに一つの決断を下していく、こういうものであろうと思いますので、現在の段階でそこまでこういったものが進捗しているというふうに私は考えていないということであります。むしろ、日本はもっとしっかりとこれから国としてのいろいろな発言ができる立派な一つの自治国としての役割をますます発揮していかなければいけない。そこに世界との融和がベースになければいけないことだというふうに思いながらおりますので、返答になったかどうか分かりませんけれども、私の思いを伝えさせていただきました。

以上であります。",,2025/7/25,企画総務委員会,理事者
,令和7年 企画総務委員会(7月25日),奥村委員,奥村暁子,"区長からの答弁では、日本というのは自治国としての役割、立場ということも重要だというお話があったかと思いますが、自治国として、アメリカに原子爆弾というものを落とされた国でありながら、アメリカの核の傘に守られているということを誤信して、そういう立場にいることでよいのかどうかということを本当に思います。

今、世界中で、ウクライナをはじめ、核兵器の恐怖というものが広がる時代だからこそ、唯一の戦争被爆国として日本が核兵器をなくしていく先頭に立つということの意義は、とても大きいものがあるというふうに思います。日本が世界で名誉ある地位を得たいというふうに思うのであれば、核兵器廃絶の先頭に立っていく、その役割が果たせるのは日本しかないというふうに強く思います。核兵器禁止条約を批准する国もどんどん広がっています。こういう国で核兵器を持っている国を包囲していく、そして核兵器というのは必要悪ではなくて絶対悪なのだという立場で、核兵器を手放していくために世界の人々と手を結んで追い込んでいく、そういう行動が大変重要だというふうに考えています。そのために、世界で多くの国がこの条約を批准しているわけですし、その必要性を感じて、日本でも、今、700を超える自治体が意見書を採択しているということです。日本は、やはり核兵器廃絶の先頭に立っていく責任があるし、大きな役割がある。そういう立場にいる特別な国であるということをしっかり考えていく必要があるというふうに考えます。

終わります。",,2025/7/25,企画総務委員会,議員
,令和7年 企画総務委員会(7月25日),瓜生委員長,瓜生正高,本請願については、継続審査ということでよろしいでしょうか。,,2025/7/25,企画総務委員会,議長/委員長
,令和7年 企画総務委員会(7月25日),瓜生委員長,瓜生正高,"さよう取り扱わせていただきます。

請願者は傍聴席へお戻りください。",,2025/7/25,企画総務委員会,議長/委員長
,令和7年 企画総務委員会(7月25日),瓜生委員長,瓜生正高,次に、理事者報告を願います。,,2025/7/25,企画総務委員会,議長/委員長
,令和7年 企画総務委員会(7月25日),瓜生委員長,瓜生正高,"それでは、理事者報告に対する質疑に入ります。

発言を願います。",,2025/7/25,企画総務委員会,議長/委員長
,令和7年 企画総務委員会(7月25日),海老原委員,海老原崇智,"御説明ありがとうございます。

それでは、資料１についてでありますけれども、今、御説明がありましたとおり、カタログの配布数、さらに申込み数、件数という形での御報告になっております。そしてまた、世帯構成人数、世帯主の年代別の申込み率に関しても世帯別となっているわけでありますけれども、今回の施策、事業は区民一人一人にお届けをするというふうに伺っております。分かる範囲で構いませんので、区民ベースでの申込み等がどのようになっているのかをお知らせいただきたい。

あわせて、今回の施策の目的でございますけれども、能登半島地震を踏まえてということではありましたが、防災意識を向上させるといった目的から、今回の施策、事業が構築されたというふうに理解をいたしておりますので、その辺を踏まえまして、今回の事業の評価を区としてどのようにしているのか、そのあたりも併せてお聞かせいただければと思います。",,2025/7/25,企画総務委員会,議員
,令和7年 企画総務委員会(7月25日),早川防災危機管理室長,海老原崇智,"ただいまの御質問でございますけれども、こちらの事業は世帯単位ということで、１人世帯から、一番多い世帯は９人世帯ということでございますが、世帯単位にこのカタログをお送りいたしまして、世帯単位でお申込みいただいているということでございます。それによりますと、申込率は、先ほどお示しいたしましたように66.9％という結果となってございます。これは区民一人一人、人数で算出しましたところ、転入の方もいらっしゃいますので、対象者は総数で19万9,238人となっておりまして、そのうち、お申込みいただいた人数でいいますと14万6,555人、率にしますと73.6％という形になっておりますので、おおむね４人に３人の区民の方にカタログギフトの商品が届いたところでございます。

また、防災意識の向上に対する本事業の評価といったところでございます。そういう意味では、私どもは、能登半島地震の教訓を踏まえまして、在宅避難の大切さ、また家庭内備蓄をしっかりと推進していただこうということでこの事業を行いました。そういった面では、物が届いたということに対する備蓄の強化はしっかりと進んでいるというふうに思ってございます。

また、周知の方法ですけれども、カタログを全戸に配布し、さらにお申込みいただけていない方に２度にわたって勧奨のはがきを送り、また、それ以外にも、ひとり暮らし高齢者など、この事業があまり分からないというか、知れ渡っていないような方がないように、民生・児童委員協議会のほうに私どもが出向いていきまして、民生・児童委員を通じまして、こういう事業を実施しているということを、口コミといいますか、訪問により周知を図る。また、おとしより相談センター連絡会にも行きまして、ケアマネジャーを通じて御案内というような形で、やれることは全てやったというふうに評価しております。とはいいながらも、防災対策というのは非常に大切なものでございますので、終わりはないと思っています。今回の事業を契機といたしまして、さらなる防災対策の強化にしっかり取り組んでまいりたいと考えております。

以上でございます。",,2025/7/25,企画総務委員会,理事者
,令和7年 企画総務委員会(7月25日),海老原委員,海老原崇智,"御答弁ありがとうございます。

転入を含めて19万9,238人のうち14万6,555人で、区民ベースで73.6％というふうに御答弁いただきました。この数字をどのように評価するのか、高いとするのか低いとするのか、そこはそれぞれの判断がございますけれども、１つ事実として言えるのは、26.4％の方々の申込みがなかったということです。今、防災危機管理室長に御答弁いただきましたけれども、全戸配布をした。そして、２度の勧奨をして、おとしより相談センター、民生・児童委員への訪問もして、やれることはやったと。さらに、言及はなかったですけれども、たしか延長もされたのかなというふうに認識をしております。

その上で、今回得た知見といいましょうか、要は26.4％の方々にどのようにこれから防災意識を高めるような取組をしていくのか。御答弁の中に、今回を契機として、さらなる防災対策を行っていきたいという御答弁がございましたので、ここの契機として、さらなる防災対策の部分を、今、お考えがある、その辺の所感をお聞かせいただければと思います。",,2025/7/25,企画総務委員会,議員
,令和7年 企画総務委員会(7月25日),早川防災危機管理室長,海老原崇智,"そういう意味では、防災に関するパンフレットの作成ですとか、ＤＶＤの作成というようなものを今年度予算で組んでおりまして、そういう中で、これまで防災に関心をあまり持っていただけなかった方にも、しっかりと興味・関心を持っていただけるような表現、アプローチの仕方というものをしっかりと考えていく。また、様々な講座ですとか、出前講座もそうですけれども、そうしたきめ細やかな場面に私どもが訪問しまして、そういった中で防災の大切さというものをしっかりと伝えていく。地域の防災の要となります防災拠点運営委員会もございますが、そういった中でも、当然、定期的に話合いなどをしております。そこでも伝えていく中で、これだけやっていれば防災対策は終わりということはないと思っていますので、あらゆる角度、世代別、あとは活動単位に関しまして、いろいろな面で、その辺については、しっかりと考え、取り組んでいきたいというふうに考えております。

以上です。",,2025/7/25,企画総務委員会,理事者
,令和7年 企画総務委員会(7月25日),海老原委員,海老原崇智,"御答弁ありがとうございます。パンフレットやＤＶＤの作成ですとか、今回、もう予算措置がされているということで、今のこの事業を受けてのということよりは、引き続き続けていくというふうに受け止めをさせていただきました。

一方で、一人世帯の申込率が57.3％ということで、世帯でいうと大変低いということでございます。こちらが１つ得られた知見なのかなというふうに私は個人的に考えていますので、この57.3％のところをどうやって上げていくのか、そこの部分をぜひとも新たに総括をしていただきたい。今回は申込みの結果についての御報告ということですので、これからさらなる分析を区のほうでされると思います。我々議会ともしっかりと話し合って、よりよい形をつくっていただければと思います。

以上で終わります。",,2025/7/25,企画総務委員会,議員
,令和7年 企画総務委員会(7月25日),ほづみ委員,ほづみゆうき,"私からも資料１でお伺いをいたします。

こちらについて、今回、申込率が66.9％ということでしたけれども、他自治体を見ますと、江東区が73.2％、世田谷区が75.8％という数字を確認させていただいて、それらからすると若干低めかなというふうな印象を持ったところです。

こちらにつきまして、申込みの年代について伺います。今回の資料では世帯主の年代別での申込率を示していただいておりますけれども、こちらは30歳未満、30歳から69歳、70歳以上ということで３つの分類となっております。特に気になっているのは、30歳未満のところがかなり低めというところでして、この年代の中でも特に高い年代、低い年代という傾向があるのかどうかというところについて確認できればと思います。

もう一点、30歳から69歳というところに関して、年代という意味でかなり幅広いですし、世帯構成という点で見ても、かなり幅のある世代であるかと思います。こちらについても、全体では70％ということですけれども、この年代の中でも高い低いといった傾向があれば、お示しいただけたらと思います。

もう一つ、申込みの経路についても伺います。今回、申込みに関しては、ウェブサイトからか、もしくは郵送のどちらかというところだったかと思います。ウェブサイトの場合には、ＩＤとパスワードでログインをした上で申し込むというプロセスをたどることになっております。気になっているのは、一度ログインしたけれども、申込みには至らなかったようなケースです。今回、結果として申し込んでいない世帯が33％ありますが、そもそもこの事業を知らなかったのか、知っていてもやらなかったのか、途中で忘れた等、やらなかったのかというケースもあろうかと思います。私自身、開始当初にログインを行ってメールアドレスの登録は行いましたけれども、その後に、何にしようか考える中で存在を忘れるということを何度か繰り返しまして、申込みをしたのは締切りの結構ぎりぎりだったというところもございます。このように初回のログインをしたけれども、申し込んでいないようなケースがどの程度あるのかというところについて、もし数字などがあれば、伺えればと思います。

もう一点、ウェブサイトと郵送の割合なども、もし分かれば、お伺いできればと思います。お願いします。",,2025/7/25,企画総務委員会,議員
,令和7年 企画総務委員会(7月25日),早川防災危機管理室長,ほづみゆうき,"まず、この事業の年代別の申込みでございます。

私どもは、10歳単位で10代、20代、30代という形で統計自体は取っているんですが、18歳未満ですとか、18歳から65歳というような形でのまとめがうまくできなかったものですから、今回、このような形でお示しさせていただいております。10歳単位ごとの申込率で一番多いのが60代の方で、こちらが77.6％ということで、ここが世帯主の年代では一番多く、その後が70代で77.3％、そして50代の方が74％ということで、おおむね40代から80代の方は70％以上の申込みとなっているところでございます。また、世帯構成人数別で見ましても、一番多いのが４人世帯の方が84.4％、３人世帯が83.2％、５人世帯が82.8％ということで、こちらも２人世帯から６人、７人世帯までの方は７割、８割というような形で、非常に高い申込率の実績となっているところでございます。

そして、ウェブ申込み上のログインで申込みまで至らなかったというような御質問がございました。今、私が手元で持っている数字では、ログイン画面に到達した方の数が４万4,923件というふうに把握してございまして、その中でウェブで申込みをした方が３万8,507件となっております。したがいまして、ログインをして申込みをされなかった方が6,416件となっておりまして、この方が紙で申込みをしたかどうかというところまで追えていませんが、ログインをして申込みをしなかった方はそういった数になってございます。そうした中で、紙での申込みが、申込数78,264件から差し引きますと３万9,757件ですので、紙での申込みとウェブでの申込みはほぼ同数というふうになってございます。近年、ウェブでの利用が大分進んでいるのかなといった評価でございます。

以上でございます。",,2025/7/25,企画総務委員会,理事者
,令和7年 企画総務委員会(7月25日),ほづみ委員,ほづみゆうき,"ありがとうございます。

まず、年代でいうと60代で、世帯でいうと４人世帯が高めということで伺いました。特に、60代というところに関しては、おとしより相談センターですとか、そういったところでも手厚い支援をやっていただいたというところが寄与しているのかなというふうに思っているところです。一方で、30歳未満に関しては、今おっしゃっていただいたような、周知の中でもやや足りない部分があったのかなという気がいたしますので、今後の周知については、再度御検討いただけたらというふうに思っております。

あと、割合については、4.4万人の中で3.8万人の方が申し込まれたということで伺いました。一方で、紙媒体で申し込んだかどうかというところについては、照合ができていないということでした。ウェブに関しては、初回ログインを済ませた後にメールアドレスを登録する形になるんですけれども、特にリマインドのメールみたいなものは受け取っていないのかなというふうに思います。先ほど申し上げたとおり、私はかなり長いこと放置していたんですけれども、特にそういったメールは受信していなかった認識です。あまり通知が多いと面倒ではあるんですけれども、締切り直前とかのタイミングでメールの送付などがありますと、こちらについて申込みに至ったようなケースもあるかなというふうに思います。次回があるかどうかというところに関しては分からないですけれども、今後また御検討いただけたらと思います。

最後に、ウェブサイトのドメインについてです。今回、資料にもありますとおり、申込みは終わったものの、商品配送やコールセンターの作業もあるので、９月までウェブサイト等は維持されるものと思いますけれども、その後の扱いという点について確認をさせてください。

こちらのドメインに関して、先日の本委員会でも少し触れた認識ですけれども、こちらの応募サイトはchuobosai.tokyoというドメインを取得されています。この.tokyoというドメインは誰でも取得可能で、単純に契約期間が終わって手放すと、世界中どこからでも取得して利用することができます。ここで懸念されるのが偽サイトによる被害です。同じドメインを取得してしまうと、全く同じＵＲＬでサイト作成が可能で、そうすると、カタログギフトの紙媒体などにあるＱＲコードを読むと、そのサイトにいくことができるということです。そうすると、例えば偽サイト、第２回のカタログギフトをやりますですとか、そういった情報があって、例えばメールアドレス、住所、氏名を入力してくださいねみたいなページがあると、知らない区民の方がそこにアクセスして個人情報の流出というようなケースもあるかと思っております。悪質なケースですと、クレジットカード情報を求めるようなものもあります。

こういった例は全国様々ありますし、私自身も過去の職場等で経験したところです。最近聞いた話ですと、中野区では、まるっと中野という観光情報をまとめたサイトのドメインをその後のリニューアルで手放して、その後、他者に乗っ取られたようなケースもあるというふうに認識しております。この場合は悪質なサイトではなくて、個人による地域の情報発信のサイトですけれども、区としては公式サイトと誤認されるおそれがあることで削除依頼をしていますが、それには応じられていないとのことです。特に、今回、紙媒体について今後も保存することを推奨していると認識しておりまして、そこに記載のあるＱＲコードからのアクセスという部分は今後も懸念されるところかと考えております。このドメインの保持の考え方についてお伺いできればと思います。お願いします。",,2025/7/25,企画総務委員会,議員
,令和7年 企画総務委員会(7月25日),早川防災危機管理室長,ほづみゆうき,"今回のちゅうおう防災カタログギフトで使用しましたドメイン、chuobosai.tokyoといったものでございますけれども、確かに、９月末で終了いたしまして、10月１日からは、そこを開こうと思っても、not foundという形で特設サイトは表示されない状況になるところでございます。

こちらのドメインの管理ですけれども、終了後５年間、2030年９月までは受託事業者の管理下に置いてございまして、その間は他者が別のサイトを立ち上げることができない状況になっていることを確認しているところでございます。

以上でございます。",,2025/7/25,企画総務委員会,理事者
,令和7年 企画総務委員会(7月25日),ほづみ委員,ほづみゆうき,"ありがとうございます。５年程度保持されるということで理解をいたしました。

中長期的には、先日、こちらの委員会でお示ししたとおり、自治体でしか使えないドメイン、lg.jpの利用をぜひお願いできればと思っております。ドメイン保持についてもお金がかかるということと、ドメインを見るだけで行政のサイトであることを示すということができる点で、そのサイト自身の安心感にもつながるかと思いますので、ぜひ御検討いただければと思います。

私からは以上です。",,2025/7/25,企画総務委員会,議員
,令和7年 企画総務委員会(7月25日),梶谷委員,梶谷優香,"よろしくお願いいたします。これまでの前委員の質疑の中で重ならない範囲で質問をさせていただければと思います。

まず、当初、５月31日までの締切りでしたが、６月30日まで延長となりました。最後の延長した１か月でどの程度駆け込みの申込みがあったのか、分かれば教えてください。

また、２回、はがきでの周知を期間中に行いましたが、はがきを送付した後に申込みが増えたのか、数字等で把握していればお聞かせください。

そして、これまでの当事業に関する質疑の中で、商品発送において、商品によっては発送が遅延している状況をお伺いしておりました。先ほど理事者報告の中で８月31日までに発送が全て完了するとの報告がありましたが、一番遅れた商品でどの程度かかったのかと、現在の商品発送の状況も併せてお聞かせいただければと思います。",,2025/7/25,企画総務委員会,議員
,令和7年 企画総務委員会(7月25日),早川防災危機管理室長,梶谷優香,"こちらの事業は、まず、当初、令和７年５月31日までを予定しておりまして、終了間際の駆け込み需要、こちらのパンフレットを再送してほしいというような需要が非常に多くございましたので、期間を１か月延長したところでございます。その中で、数字の取り方としては、５月末までの申込み率57.2％に対しまして、最終的には66.9％となりました。この間、9.7％ほどということですので、最後の１か月でかなりお申込みをいただけたのかなというふうに考えているところでございます。

また、勧奨はがきを送ったタイミングでの増加といったところでございますけれども、最初は３月に勧奨はがきを送りまして、３月から４月までで7.6％ぐらいという形で、それまで、毎月、少ない月ですと4.2％とかというような月もある中で、はがきを送った直後は少し申込みが増えたりというようなことがございますので、勧奨はがきの成果というものは一定程度あったのではないかというふうに考えてございます。

商品の配送状況ですけれども、こちらは非常に順調に進んでいまして、８月の末までたたなくても、その前に配送のほうは終了する予定でございます。そういう意味では、送れない商品はないものというふうに考えてございます。その中でもモバイルバッテリーですとか、あとは簡易トイレ、あと食料品の中でも人気のある商品が幾つかありまして、そこが欠品したといったものはございましたが、今はその辺が解消しておりまして、全ての商品をしっかりとお届けできる状況になってございます。

以上でございます。",,2025/7/25,企画総務委員会,理事者
,令和7年 企画総務委員会(7月25日),梶谷委員,梶谷優香,"もろもろ理解をいたしました。

１点、最後にお伺いしたいんですけれども、以前、さいちゃんの防災カルタがとても好評で申込みが多いとお聞きしておりましたが、最終的にどの程度申込みがあったのか、分かればお聞かせください。",,2025/7/25,企画総務委員会,議員
,令和7年 企画総務委員会(7月25日),早川防災危機管理室長,梶谷優香,"さいちゃんの防災カルタでございます。

こちらは、御希望されれば一緒に商品と送るものでございまして、全体で２万9,930個、率にしますと38.24％の方がこのカルタをお申込みいただいたという状況になってございます。

以上でございます。",,2025/7/25,企画総務委員会,理事者
,令和7年 企画総務委員会(7月25日),梶谷委員,梶谷優香,"ありがとうございました。

本事業は、区民の在宅避難の防災意識の向上が目的でした。私もカタログを拝見しまして勉強になることも多くあり、多くの区民に今回の本区の考えが伝わっていることを願っているところです。

まだコールセンターも９月８日まで開設されますので、最後まで丁寧なお取組をお願いして質問を終わります。",,2025/7/25,企画総務委員会,議員
,令和7年 企画総務委員会(7月25日),渡部委員,渡部恵子,"カタログギフト、長い間お取り組みいただきまして、本当にありがとうございます。私も、実は勧奨はがきを２度ほど頂きました。その理由というのは、このカタログギフトは非常によくできていまして、私は１人世帯ですので、5,000ポイントでどれを選ぼうか、これも欲しいけれども、7,000ポイントだ、では駄目だみたいな、選ぶ際にかなり逡巡しつつ、ただ、今もこのカタログを非常に大切に私は取ってあります。なぜかというと、とても捨てられないような内容が多岐にわたっているからです。例えば、安全確保ですとか、命を守るとか、食ですとか、衛生だとか、それに合わせた区内の様々な過去のデータも含めたり、過去の大きな災害ではどんな状況だったかという様々な情報がこの中に加味された、よくできたカタログギフトだったなと。それゆえに、私は今も手元に置いて、何かあったら見ようと思っているところでございます。それを前提に、今回、様々なデータをいただいたので、少し質問させていただきたいと思います。

前委員の皆様たちからも様々御質問がございましたけれども、今回申込みを残念ながらしていない世帯というのは、１人世帯の方々が多かった。そして、30歳未満の方が多かった。このことは、中央区は、年間１万5,000人ぐらい出たり入ったりするという中で、若い世代の方々は、ちょうど秋の異動、それから３月、春の異動、そして６月の異動という形で、割と異動、転勤に重なってしまって申し込めない方もいたのかなというふうに私なりに思いながら、実はこのデータを拝見しておりました。そもそもは能登半島地震があって、そして、その中で区政世論調査をしたところ、なかなか自助の取組が進んでいないと。まして、中央区の場合は自宅避難を呼びかけている以上は、どうしてもここをしっかり強化していただかなくてはならないということで、この事業に取り組んだということを、私は高く評価させていただくというのは非常に偉そうな言い方で恐縮ですけれども、こういうことをきっかけにして、区民の皆様に防災対策、そして自助の取組を促進するために非常に大切なんだということをいま一度伝えるためには、とてもいいきっかけをおつくりになったというふうに思っているところです。

その中で、これからちょうどもうすぐ区政世論調査の結果が出てくるでしょうか。今、もし数字があったら教えていただきたいんですが、昨年より、個人的な備蓄の結果がどれぐらい上がっているのかというところを、もしお分かりでしたら教えていただきたいと思います。

そして、２つ目の質問ですけれども、コールセンターを９月８日まで開設していると。現在、コールセンターには具体的にはどのような相談が舞い込んでいたのかとか、あるいはその中で、カタログギフトだけではなくて、災害対策に対しての何か区民からの御質問、具体的にはどうしたらいいのかとかいう声を拾っていらっしゃるのかなど、このあたりを詳しくお分かりでしたら、お知らせいただけますでしょうか。",,2025/7/25,企画総務委員会,議員
,令和7年 企画総務委員会(7月25日),小森広報課長,渡部恵子,"私からは、世論調査の備蓄の状況ということでございます。

世論調査は、現在、まだ集計中ではあるんですが、速報ベースでいきますと、例えば飲料水の備蓄であれば77％ぐらいというふうに上がっているところでございます。全体を今眺めても、去年の備蓄の状況を上回っているという状況は見てとれます。詳しくは、また今後報告させていただきます。

以上です。",,2025/7/25,企画総務委員会,理事者
,令和7年 企画総務委員会(7月25日),早川防災危機管理室長,渡部恵子,"ちゅうおう防災カタログギフトのコールセンターの状況でございます。

詳細にはこれからですけれども、途中経過での報告の中では、商品がまだ届かないんだけれども、どういう状況になっているのかというような問合せが一番多かったというふうに聞いてございます。また、商品をなかなか選べないので、どういうものがいいのか商品の詳細を聞くというような問合せ、また、カタログをなくしてしまったので再発行みたいな問合せは５月末まで非常に多かったというふうに聞いておりますが、それ以降、７月以降については、やはり商品の問合せが圧倒的に多いところでございます。

また、防災に関する一般的な御質問でございますけれども、防災にある程度知見のある事業者が受託しておりまして、一般的に答えられる質問についてはお答えになっているというふうに考えてございますが、そこら辺の詳細はまだ全て把握し切れておりませんので、これから決算を迎えるに当たって、その辺もしっかりと聞き取りをしたいというふうに思ってございます。

以上でございます。",,2025/7/25,企画総務委員会,理事者
,令和7年 企画総務委員会(7月25日),渡部委員,渡部恵子,"備蓄の数値が速報値でも上がっているということで、この取組は非常に大きかったなと。また、先ほど御答弁いただいた中にもございましたけれども、民生・児童委員さんですとか、ケアマネさんにまで通達して、かなり細かく告知を促進していったという御努力があった成果が今出ているのだなというふうに思いながら拝聴させていただきました。ありがとうございます。

そして、コールセンターは具体的には商品関係のお問合せが多かったのかなというところでございました。これからまだまだどういうふうに総括していくのかということはあると思うんですけれども、もしより一層詳しく考えていくのであれば、先ほど私が申し上げました転出入の年代とか、年間ベースでどこが一番転出していくのかということが分かると思うんです。そのパーセンテージの数字を読み込めば、１人世帯の方々、そして30歳未満が多かったということが検証できるのかなというふうにも感じております。

今回、こうした取組をしていただきまして、そして区民の方々は自宅で避難をしなくてはならない。その中で、自宅でもけがをしやすいということもかなり細かく出ておりました。そうした中で、いろいろな取組をそれぞれ選びながら、自宅での防災意識、そして備蓄、自助の取組が進められた、一歩、二歩前進した取組が行われたという結果の御報告をいただいたと思っております。

では、引き続き、私たちも区民の皆様には自宅避難を呼びかけていますので、さらなる自助の取組、そして共助の取組に向けても、これから一層お力添えをいただきたいと思います。よろしくお願いをいたします。ありがとうございました。",,2025/7/25,企画総務委員会,議員
,令和7年 企画総務委員会(7月25日),奥村委員,奥村暁子,"先月、この防災カタログギフトの問題も委員会で質問しましたが、中央区としても周知はできるだけのことは全てやったということで、66.9％という到達になっています。前委員からもお話がありましたけれども、世田谷区では76％など、中央区よりも10％高い数字になっているので、こういう申込率が高い自治体からも情報を得て、さらに申込みを増やしていくという研究もぜひしていただきたいということを要望として述べます。

この施策ですけれども、中央区にも毎年多くの転入してくる方がいる中で、定期的にカタログギフトを申し込む事業を実施する必要があると思いますが、その点についての御見解を伺いたいのと、先月も述べましたが、世田谷区などではウェブでの申込みの際にアンケートの要素も兼ねたものにして、区民の方から防災意識ですとか、防災についての意見を聞く仕組みにしているということです。そういうこともぜひ研究していただきたいと思うので、その点についての御見解をお示しいただきたいと思います。",,2025/7/25,企画総務委員会,議員
,令和7年 企画総務委員会(7月25日),早川防災危機管理室長,奥村暁子,"２点御質問をいただいたかと思います。

まず１点目、ちゅうおう防災カタログギフト、転入者向けへの継続的な実施といった部分でございますけれども、こちらにつきましては、能登半島地震の教訓を踏まえてといった中での緊急的・臨時的な対応ということで、13億円余の予算を用いまして実施したものでございまして、一定程度この成果は上がっているというふうに私どもは評価してございますので、ギフトという形での防災対策を継続的にというのは、現時点では考えていないところでございます。当然、防災対策というのは非常に大切ですので、そういう意味で、違った形で家庭内備蓄にしっかり取り組んでいただけるような普及啓発というのは、今後ともしっかりと行っていく考えでございます。

２点目のアンケート等、いわゆる区民の方の声ということでございますが、これは防災だけに限らないといったところで、区政に対しての声というのは、区では広聴等、様々行っております。防災の事業の中で、例えば講習会に来ていただいた方へのアンケートとかは行っておりますので、そういった機会ではしっかりと今までも行っておりますし、今後とも実施していきたいというふうに考えてございます。

以上でございます。",,2025/7/25,企画総務委員会,理事者
,令和7年 企画総務委員会(7月25日),瓜生委員長,瓜生正高,続いて、議題（１）、企画・総務及び財政の調査について発言はございますか。,,2025/7/25,企画総務委員会,議長/委員長
,令和7年 企画総務委員会(7月25日),ほづみ委員,ほづみゆうき,"よろしくお願いします。本区で利用している電子申請サービスへの不正アクセスの件について伺います。

７月15日に区のウェブサイトにお知らせとして掲載されていまして、トラストバンク社のサービス、ＬｏＧｏフォームが不正なアクセスを受けて、一部の個人情報が外部に漏えいした可能性があるということでした。今回、漏えいの可能性があるアカウントは399件、中央区に申請実績のある方が５名、一方で申請情報の漏えいはないということでした。この考え方について整理させてください。１点、区民のアカウントの中で流出したものはなかったかどうかという点、もう一点は本区としての情報漏えいがなかったかという点、こちらについて確認できればと思います。

もう一つ、再発防止についてです。一次対応としては、漏えいの可能性がある方にパスワードのリセットや個別連絡がされたことを確認しております。一方で、今後同様の被害を招かないためにも、何らかの対策が講じられるべきものと思います。トラストバンク社としては二要素認証を必須とするみたいなことも昨日確認をしておりますが、ほかにも何かお考えがあれば、お示しいただければと思います。お願いします。",,2025/7/25,企画総務委員会,議員
,令和7年 企画総務委員会(7月25日),宇田川情報システム課長,ほづみゆうき,"電子申請におけるアカウントの情報流出ということで、こちらの情報自体はトラストバンクの持ち物というような扱いになっておりまして、とはいいましても、区に申請のあった方の情報が５件ほど漏れてしまったことで、非常に重要な事案であるというふうに区としては考えております。

こちらの対応ですけれども、アカウントといいましても、実際は、トラストバンクのＬｏＧｏフォームのほうにアカウント登録をしておくと、中央区に限らず全国自治体で使われておりますので、そちらのほうで申請する際にログインすると、住所、氏名等の情報は入れなくても済むというようなものでございまして、データとしては、区の持ち物ではなく、トラストバンクの持ち物となっております。その関係で、実際にどの方の情報が流出した可能性があるのかということ等に限らず、教えてもらえないというような状態になっております。うちの区だけでなく、東京都も含めて、情報は求めたんですけれども、個人情報なので本人の許可を取らないと公開できないという回答をトラストバンクからもらっておりまして、今、区民の情報なのか、あるいは在勤者も当然できますので、在勤者なのかも５人について分からない状況でございます。

こちらの再発防止対策ですけれども、今、委員のほうから二段階認証必須ということで、基本的に、今回、二段階認証を入れていた方は情報流出がなかったことが確認されておりますので、まず二段階認証を必須ということで、トラストバンクが、利用者がたくさんいらっしゃいますので、利用者に対して、必須になりますというお知らせを案内した上で、８月の頭に切り替えるというふうに、今、聞いております。具体的にいつから実施というのは、また連絡が来ることになってくることになっております。また、今回の場合は、いろいろなアカウントから、アカウントというか、実際はメールアドレスなんですけれども、メールアドレスからパスワードを使って攻撃してくるというもので、トラストバンクは同一のＩＰ間の攻撃については遮断するというようなことを聞いております。

以上でございます。",,2025/7/25,企画総務委員会,理事者
,令和7年 企画総務委員会(7月25日),ほづみ委員,ほづみゆうき,"ありがとうございます。アカウント情報としては、管理がトラストバンクのほうで行われているので把握できないと理解いたしました。また、今後の対策に関しては、二要素認証必須というところとＩＰの制限もやられるということで伺いました。

こちらについては、今回、トラストバンク社の話ではあるんですけれども、区で管理しているほかのウェブサイトについても影響がある話かと思いますので、そこの横展開についても御検討いただければと思います。

私からは以上です。",,2025/7/25,企画総務委員会,議員
,令和7年 企画総務委員会(7月25日),渡部委員,渡部恵子,"１点、夏の避難所運営についてお伺いさせてください。

この夏も非常に酷暑が続いております。この間も様々、夏の避難所運営についても御対応いただいていると思いますけれども、現在はどのような御対応、設備を整えていらっしゃるのかお知らせいただけますでしょうか。",,2025/7/25,企画総務委員会,議員
,令和7年 企画総務委員会(7月25日),菅沼防災危機管理課長（参事）,渡部恵子,"夏の避難所対応の部分でございます。

こちらも、防災カタログギフトで実際に留意した点に対して、厳しい寒さ対策、それから本当に連日の猛暑を含めた暑さ対策という部分に留意して、避難所とか防災拠点の備蓄物資の増強を図っているところでございます。具体的に言うと、まず１つは扇風機の増強配備を行っています。各避難所の防災拠点の中の備蓄倉庫も相当備蓄品がいっぱいなので、共通のひもづけ倉庫みたいなところにきちんと配備しているというところが１つ。それから、もう一つはクーリングタオルといいまして、水にぬらして振ると、首元を冷やしてという部分の配備を我々はしているところでございます。何分それ以外の、快適なクーラーを入れてというところは、当然、ライフライン、電気が到達すれば、各小学校はクーラーを設備してございますので、そこは快適ですけれども、万一ライフライン、電気の途絶という部分に対しては、我々はそこを本当に懸念するというか、やはり扇風機とか、耐えしのぐツールが限られているところでございます。

いずれにしましても、本当にいつ何どき、季節を選ばずという災害に備えて、やはり区民の皆様方のアイデア等々もございますし、先ほど来、アンケート等と防災危機管理室長が答弁しましたけれども、皆様方の工夫策にも耳を傾けながら、私どもはよりよい避難所運営ができるように対策を講じていきたいと考えているところでございます。

以上です。",,2025/7/25,企画総務委員会,理事者
,令和7年 企画総務委員会(7月25日),渡部委員,渡部恵子,"北海道で40度近い状況が生まれるなんて、これまで一度もなかったことなので、自宅避難を余儀なくされるとはいえ、やはりこの点は区民の皆様も想像力を持って、いざ夏に災害が発生したときには窓を開けているだけでは足りないかもしれないというところで、今回様々、ＤＶＤですとか、新たにつくり直すということもございます。寒さには、着れば何とか耐え得るかもしれない。ただ、夏のヒートショックに関してはどうにもならないところがありますので、この点は区民の方々への一層の働きかけはもとより、お取組のほうも少しずつ進めていただければというふうに考えております。

以上でございます。ありがとうございます。",,2025/7/25,企画総務委員会,議員
,令和7年 企画総務委員会(7月25日),奥村委員,奥村暁子,"時間もないんですが、１点だけ、広く契約案件ということについてです。

中野区で区役所と一体に再開発する予定だったサンプラザ中野の工事が中止になり、協定が解除されるということがありましたが、この際に、区が当初結んでいた協定には違約金とか損害賠償の請求の想定を盛り込んでいなかったので、旧区役所の維持管理費も年間2,400万円負担することになり、そのツケが区民にのしかかる形になっているという話を読んだんですけれども、区では、契約案件で違約金とか損害賠償請求というものはきちんとこれまで盛り込まれていたのか、今後どうなのか。今、建築費とか人件費の高騰などもいろいろありますので、大変大事なことだと思うんですけれども、この点についてお示しください。",,2025/7/25,企画総務委員会,議員
,令和7年 企画総務委員会(7月25日),山﨑総務部長,奥村暁子,"一般的に、契約につきましては、契約履行上のものについては違約金、損害賠償はございます。当然、契約どおりに履行できなければ、そのものの損害の程度に応じて違約金をこちらがもらうというケースもあれば、こちらから、状況に応じて契約を早期に終了しなければならない、リース契約などで状況に応じて契約を中止しなければならないようなケースもございます。そういった場合は相手側に区から違約金を出すというようなケースというのは、当然、契約条項上、盛り込まれておりますので、その契約としての中身ではございます。

ただ、再開発ですとか、そういった建築の中で想定されないようなものがあった場合における損害の違約金の在り方というのは、やはりなかなか難しいところがございます。今回の中野区の件が、契約上、当然起こり得る、想定し得る状況の中で応じたものであれば、当然ながら損害違約金という条項はあったとは思うんですけれども、今回のように経済状況の中で異常な人件費ですとか、材料の高騰だとか、想定外の話ということになってくると、そこは協議というような状況の中で、それぞれの負担を分かち合うような形になるのかなというふうにも思います。そこは契約の状況、それから契約を破棄といいますか、解除しなければならない状況に応じて協議の中で決めていくというところもございますので、それは契約と環境によるものかなというふうに考えてございます。

以上でございます。",,2025/7/25,企画総務委員会,理事者
,令和7年 企画総務委員会(7月25日),奥村委員,奥村暁子,事業者と協議をするにしても、協定を結ぶ最初にそれを盛り込んでいくのか、それとも状況の変化が起きたということで、後で協議をするのかとか、最初からどの程度想定して協定に盛り込んでおくのかとか、いろいろな考え方があるとは思うんですけれども、中野区のような事例が起きないように、事前に、ある程度広い範囲での想定も踏まえた上で事業者と協定を結ぶ。途中で協定を結ぼうとか、内容を変えようとしても事業者が応じないとか、そういうこともあると思うので、最初に考えていくことが必要だと思うんですが、その点はいかがでしょうか。,,2025/7/25,企画総務委員会,議員
,令和7年 企画総務委員会(7月25日),山﨑総務部長,奥村暁子,"それはなかなか難しいというのが現状でございます。

以上でございます。",,2025/7/25,企画総務委員会,理事者
,令和7年 企画総務委員会(7月25日),瓜生委員長,瓜生正高,それでは、議題（１）、企画・総務及び財政の調査については、継続審査ということでよろしいでしょうか。,,2025/7/25,企画総務委員会,議長/委員長
,令和7年 企画総務委員会(7月25日),瓜生委員長,瓜生正高,"さよう取り扱わせていただきます。

続いて、議題（２）、請願第７号、選択的夫婦別姓制度をただちに導入するための国会審議を求める意見書の提出についての請願の審査について、質疑はございますか。それでは、継続審査ということでよろしいでしょうか。",,2025/7/25,企画総務委員会,議長/委員長
,令和7年 企画総務委員会(7月25日),瓜生委員長,瓜生正高,"さよう取り扱わせていただきます。

続いて、管内視察についてであります。午後は海の森公園の視察を実施いたしますので、午後１時30分、正面玄関前に集合願います。

午後１時30分まで休憩といたします。

なお、委員の方と担当部長はお残り願います。

（午前11時18分 休憩）

－委員会を閉じた後－

行政視察については、10月下旬からの２週間で、４常任委員会の視察を実施する予定であり、日程・視察先等詳細は正副委員長に一任する旨が確認され、了承された。

（午後１時27分 再開）",,2025/7/25,企画総務委員会,議長/委員長
,令和7年 企画総務委員会(7月25日),瓜生委員長,瓜生正高,再開（車中）,,2025/7/25,企画総務委員会,議長/委員長
,令和7年 企画総務委員会(7月25日),瓜生委員長,瓜生正高,"閉会（車中）

（午後３時39分 閉会）

「別 紙」

企画総務委員会視察等日程",,2025/7/25,企画総務委員会,議長/委員長
,令和7年 企画総務委員会(7月25日),日,瓜生正高,"程

委 員 会 開 会 １０：００

↓

[休 憩]

↓

区 役 所 出 発 １３：２７

委 員 会 再 開

↓

海 の 森 公 園 １３：５５～１４：５３

（説明・視察）

↓

委員会閉会（車中） １５：３９

区 役 所 到 着 １５：４８",,2025/7/25,企画総務委員会,議事関係
,令和7年 福祉保健委員会(7月29日),堀田委員長,堀田弥生,"おはようございます。ただいまより福祉保健委員会を開会いたします。よろしくお願いいたします。

本日、アルール委員は欠席します。

また、障害者福祉課長は欠席いたします。よろしくお願いいたします。

では、理事者報告に入ります。",,2025/7/29,福祉保健委員会,議長/委員長
,令和7年 福祉保健委員会(7月29日),堀田委員長,堀田弥生,"ありがとうございます。

発言の時間制についてでございます。発言の持ち時間制につきましては、既に御承知のとおりですので、よろしくお願いいたします。ただいまの時刻は午前10時６分です。自由民主党さん46分、立憲民主党・無所属さん22分、公明党22分、都民ファーストさん10分、参政党さん10分となります。なお、持ち時間にはこの後の議題である請願審査の時間も含まれます。

それでは、理事者報告に対する質疑に入ります。

発言を願います。",,2025/7/29,福祉保健委員会,議長/委員長
,令和7年 福祉保健委員会(7月29日),高橋委員,高橋元気,"私からは、資料１についてお伺いをさせていただきます。

産後ケア事業における訪問型の実施について、これは様々な事情がある方に向けて産後ケアが受けられる、選択肢が広がるという意味で非常にすばらしい対応であるかと思っております。今回、このように訪問型を実施するに当たりまして、どういった経緯で実施が決まったのかという点について教えていただければと思います。",,2025/7/29,福祉保健委員会,議員
,令和7年 福祉保健委員会(7月29日),武田健康推進課長,高橋元気,"今回の訪問型のサービスの開始についてでございますけれども、産後ケア、産後のかなり子育てに手がかかる期間に、育児手技ですとかを獲得するということ、あとは御本人、お母様にしっかり休んでいただくなど、様々ニーズがございます。その中で、今までの日帰り型や宿泊型というのは、お子さんがある程度小さくないと、寝返りをしたりですとか、そういう動きが出てくると、お子さんまでなかなか見切れないというところがございましたので、期間のほうも限られてしまうことが多うございました。だからといって、その期間が過ぎてから、そんなに手がかからなくなるというわけではございませんし、休息などの機会が得られないということも決していいことではございませんので、まず、期間の延長ということもニーズがありました。

その点でいいますと、訪問型の場合は御家庭でお子さんを見ていくということもあるので、４か月以上のお子さんに動きが出てくるような時期であっても対応することが可能となっております。また、様々な理由で御自宅から出ることがなかなかハードルが高い方々もおられるということもございました。ですので、そういった点から訪問型サービスを開始したところです。まずは宿泊型で、多くの場合は産後すぐにお使いになるケースが多いんですけれども、身体にかなり負荷がかかった直後に使っていただくという身体的なニーズが高いところから事業として、今回、この訪問型のほうを整えるに至ったというところでございます。

以上です。",,2025/7/29,福祉保健委員会,理事者
,令和7年 福祉保健委員会(7月29日),高橋委員,高橋元気,"ありがとうございます。様々な考えを持って実施されたということで感謝を申し上げます。

今回、こういったニーズがあるということで、４か月以上のお子様でも対応が可能、様々な、外出困難である等の利用条件の上で利用が可能とのことです。実施事業者さんは、今回の訪問型について、利用者数についてはどれぐらいの見込みを持っているのかという点が１点です。

また、内容の米印１、病気や疾患などの事情により、子や母親が外出困難である等の利用条件ありとのことですけれども、できれば条件は緩くした上で、どなたでも活用できればというような御意見もあるかと予想されます。どういった条件であって、また、あまりに厳し過ぎると使えないということもあるかと思いますので、その点についてはどのようにお考えなのかという点について併せて教えていただければと思います。",,2025/7/29,福祉保健委員会,議員
,令和7年 福祉保健委員会(7月29日),武田健康推進課長,高橋元気,"訪問型だけの数の見込みというのは、実はなかなか難しいというところでございまして、まずは日帰りが利用できない方がお使いになるケースが多いのではないかというふうに見込んでおります。日帰りと合わせて、おおむね900人ほどの方が５回ぐらい使われるのではないかというふうなことで見込んでおります。

また、病気などの事情によってケアが受けられないというような方だけではなくて、多くの方を対象とすべきではないかということですけれども、実は、今までのほとんどの産後ケアが、逆に、医療的ケアが必要なケースについては受け入れることができませんというところが多かったということがございまして、今回、日本プライベート看護株式会社のほうが、逆に、そういった方々に対して対応することができますということで、つつみ式とは別に事業を開始していただくということになったところでございます。

どういった方が実際使われるかは、実は、利用希望の方と、日本プライベート看護株式会社さんのほうとでやり取りをして、どういうケアが必要かですとか、ある程度把握した上で介入することとなっておりますので、この場で細かく条件だとかをお示しすることはかなわないのですが、ただ、プライベート看護株式会社が入らないような場合においても、つつみ式のほうもかなり実績があって、しっかりと御対応いただけるような事業者でございますので、その点は門戸が狭いというふうには考えていないところでございます。

以上でございます。",,2025/7/29,福祉保健委員会,理事者
,令和7年 福祉保健委員会(7月29日),高橋委員,高橋元気,"それぞれありがとうございます。

これも、ニーズを見て、さらにどういった方が利用するのかというような状況も踏まえてのことであるかとは思いますが、様々な御事情のある方が多いかと思いますので、できる限り受け入れて、さらに保護者の方々のケア、休息にも充てられるような形で活用をしていただければと思います。ぜひよろしくお願いいたします。

私からの質問については、以上になります。",,2025/7/29,福祉保健委員会,議員
,令和7年 福祉保健委員会(7月29日),黒原委員,黒原裕司,"参政党の黒原です。よろしくお願いいたします。

私も、それぞれ資料１、２を伺っていきたいと思います。

まず、資料１ですけれども、単純な確認とはなりますが、事業者が２者おられるという中で、単価については違いがあるということでございます。こちらについては、純粋に、言い方が適切かあれですが、値決めといいますか、各事業者の事情だけによるもので、特に内容そのものに何か違いが出るわけではないという理解でよいか、その点をまず教えてください。お願いいたします。",,2025/7/29,福祉保健委員会,議員
,令和7年 福祉保健委員会(7月29日),武田健康推進課長,黒原裕司,"サービスの内容としては、どうしてもそこは違いは出てくると思います。金額は、各事業者の提示に基づいて、そこから定めておりますけれども、サービス内容としては、対象となるお子さんやそのお母様が異なってきます。例えば、出産に伴って心機能がかなり落ちてしまったお母様ですとか、そういった方々も見ていくことになりますので、決して同一ということにはならないというふうに考えております。

以上でございます。",,2025/7/29,福祉保健委員会,理事者
,令和7年 福祉保健委員会(7月29日),黒原委員,黒原裕司,"御答弁ありがとうございます。

そうしますと、理解としては、今回２者あって、１つのほうに、先ほどもありましたが、特に利用条件もあるというところで、どちらかというと日本プライベート看護株式会社のほうは体調がより思わしくないような御家庭を対象として見ている、そういった違いがあるという認識でよろしいでしょうか、確認させてください。",,2025/7/29,福祉保健委員会,議員
,令和7年 福祉保健委員会(7月29日),武田健康推進課長,黒原裕司,"おっしゃるとおりで、プライベート看護株式会社のほうは、例えばＮＩＣＵ勤務の経験があるですとか、より重いお子さんを診る機会の多かった方々、そういった御経験豊富な方々が立ち上げているような訪問看護の会社ですので、産後ケアについては、そういった方々が中心に動いてくださるというふうに伺っております。自然と、対象もそういった、出産を機に、身体的になかなか重い状況になってしまったですとか、何らか負荷がかかったですとか、お子さんにもそれなりのケアが必要というようなケースに対して対応いただける方々ということでございます。

以上です。",,2025/7/29,福祉保健委員会,理事者
,令和7年 福祉保健委員会(7月29日),黒原委員,黒原裕司,"御答弁ありがとうございました。内容の違いというところで出てくるということを理解いたしましたので、ぜひそうした点も含めて周知を改めてお願いできればと思っております。

資料１については以上でして、資料２のほうで伺いたいと思います。

予防接種事業で、新型コロナウイルス感染症定期予防接種については、都の補助がなくなるので、自己負担額が3,500円になりますということです。こちらは定期接種になったわけですけれども、こちらについて、実際のところ、利用状況については、今、どのような把握をされていますでしょうか、教えていただければと思います。お願いいたします。",,2025/7/29,福祉保健委員会,議員
,令和7年 福祉保健委員会(7月29日),武田健康推進課長,黒原裕司,"コロナワクチンの実績でございますけれども、全体で、60歳以上の方々全てで接種率が28％ほどとなっております。これは年代によって少し接種率は異なっておりまして、75歳以上ですと40％近い接種率となっているところです。

以上でございます。",,2025/7/29,福祉保健委員会,理事者
,令和7年 福祉保健委員会(7月29日),黒原委員,黒原裕司,"御答弁ありがとうございました。全体で見ると30％弱ぐらいという接種率ということで理解をいたしました。

この点、私はいろいろな折で質問させていただいておりますけれども、特に新型コロナウイルス感染症予防接種に関しましては、額も結構高いというところで、予防接種の一覧を見ましても、これだけで2.6億円ちょっとかかっている。高齢者インフルエンザの３倍ぐらいお金がかかっているような事業でございます。そうした中で、もちろん区民の方々が利用しやすいようにという思いは分かるんですけれども、利用の状況ですとか、そうしたところで、財政の面も見たときに、どこまでやっていくのかというところが今後上がってくるのではないかと私は勝手に思っておりますが、今、全体としては、23区ほぼ統一のような形で3,500円の自己負担という形になっているかと思います。こうした点は、利用状況ですとか、そうした点を踏まえながら、自己負担を今後見直すということも区の負担が減るというような形になるわけですけれども、そうしたお考えがあるのかどうか、その点を教えていただければと思います。お願いいたします。",,2025/7/29,福祉保健委員会,議員
,令和7年 福祉保健委員会(7月29日),武田健康推進課長,黒原裕司,"Ｂ類疾患に当たるわけですけれども、Ｂ類疾患について、どの程度の自己負担額とするかというのは、確かに自治体によって異なってくるわけでございます。ただ、幾つか考えるところはございまして、例えば、毎年、コロナワクチンというのはどうしても株も変わりますし、毎年の接種が必要になってくるものでございます。そういったものに対して、どこまで価格が高くてもよいものなのかということはございます。そういう点では、例えば同じＢ類疾患でも、数十年に１回接種となる帯状疱疹とはまた違う考えが生じるかと思いますので、その点も踏まえて、また、今後の流行の様子ですとか、ワクチンの株の病原性の強さですとか、そういったものにもよってくるかというふうに考えております。

以上でございます。",,2025/7/29,福祉保健委員会,理事者
,令和7年 福祉保健委員会(7月29日),黒原委員,黒原裕司,"ありがとうございます。

これまで何度か、実際にコロナにかかって亡くなった方の数ですとか、そうしたところも質問させていただいた中で、コロナ禍を抜けた後の話になりますけれども、さほど広がってはいないのかなというのが率直な印象でございます。もちろん、予防という観点は大事だと私も思いますが、お金もかなりかかるという中で、どこまでのことをやっていくのかという点については、ぜひ私としては今後も確認させていただきたいと思っておりますので、また状況を見まして、この点についても質問させていただきたいと思います。

次です。今回、改めて経鼻弱毒生インフルエンザワクチンというものが加わったということで、フルミストということで、すみません。私はあまりよく知らなかったんですけれども、鼻から噴霧で接種するということでございます。こちらについても対象になったということで、4,000円助成額を出すということですけれども、この点については、ちょっと変な聞き方かもしれませんが、区としては、痛みがないと。接種に際して差すので、子供に対しては、よりやりやすくなるということで加わったのかなという認識ですが、この点はどうなんでしょうか。どんどん推奨していこうという方向性なんでしょうか。この4,000円というところは、実際の単価でいくと8,000円から１万円ぐらいというところで、根本的には負担が高くなるわけです。この点、今回、4,000円ということで、少しは補助するという形になっているんですけれども、このあたりの考え方、周知の仕方も含めて、どのようにお考えか教えてください。お願いいたします。",,2025/7/29,福祉保健委員会,議員
,令和7年 福祉保健委員会(7月29日),武田健康推進課長,黒原裕司,"フルミストワクチン、経鼻弱毒生ワクチンについてですけれども、おっしゃいますように、確かに、両鼻腔への噴霧で１回で済むということがございます。ＨＡワクチン、注射のワクチンの場合は、12歳までの方は２回接種が必要となってきますので、例えば通院にかかる負担ですとか、そういった点も、そこは年代にもよりますが、負担軽減につながるというふうに考えております。２回接種の場合は、総じて4,000円の区からの助成ということになります。もともとインフルエンザワクチンの任意予防接種については、流行を抑えるものというよりは、経済的負担の軽減ということがメインになっておりますので、そのメニューを増やすという観点でフルミストも対象としたところでございます。

以上でございます。",,2025/7/29,福祉保健委員会,理事者
,令和7年 福祉保健委員会(7月29日),黒原委員,黒原裕司,"２回接種との比較というところで、同額ということで理解をいたしました。また、こうした点も確認させていただければと思います。

以上で質問を終わります。",,2025/7/29,福祉保健委員会,議員
,令和7年 福祉保健委員会(7月29日),堀田委員長,堀田弥生,"次に、議題（１）、福祉及び保健の調査についてに入りたいと思います。

質疑のある方は。",,2025/7/29,福祉保健委員会,議長/委員長
,令和7年 福祉保健委員会(7月29日),礒野委員,磯野忠,"私からは、先日起こりました、ほっぺるランド佃の不適切事案について質問をさせていただきます。

中央区の場合は、今まで待機児がすごく多くて、何とか待機児ゼロを目指すんだということでずっと取り組んでいただいて、やっと待機児ゼロを達成して、ただ、中央区の場合、いまだに人口がどんどん増えているということで、まだこの手を緩めずに、これからもどんどん保育所をつくっていくという姿勢であることは十分承知しております。今回、こういった暴力事件ということになってしまったわけですが、保育所で働く方たち、これが今、建設業界などもそうですし、どこでも人手がいないということで、人手不足ということで事業者のほうも大変苦労されていると思うんです。こうしたことを中央区でしっかりと把握されているのかどうか。私立であっても、やはり認可保育所ということで、区としてすごく責任が重い部分もあると思うんです。そうした部分で、今まで以上に指導とか点検とかを徹底していく必要があると思うんですが、そこについて、今回どういう対応をしたのかと、どのように今後考えて対応していくかということをお聞かせいただきたいと思います。

あわせて、先ほどお話ししたとおり人口がまだまだ増えているということで、新規事業者もこれからどんどん入れていかなければいけないという状況があると思うんですが、選定時の注意事項として、どのようなことを加えて考えていくのかも併せてお聞かせいただきたいと思います。

逆に、今度は職員のほうの働きやすい環境を整えるという観点から、いろいろとお話が聞こえてくるところはあるんですが、職員間や、また外部の方からハラスメントではないかと感じられるようなことをされたというのを私なども耳にすることがあるんです。そうした情報の把握などはしているのか。それをもし聞いた場合に、対応はすごくスピード感を持ってやらなければいけないと思うんですけれども、どのように考えて対応しているのか。働いている方が働きやすい環境でないと、子供を預かっていて精神的にいらいらしていたりすると、どうしても今回の事案みたいなことが起こりやすくなる可能性があると思うんです。ですから、働いている人の中の、職員同士だとか、外部からのハラスメントに近いようなことがあったりとかというのも、すごく精神的負担が大きくなると思うので、そこら辺の把握状況などが分かれば、お知らせいただきたいと思います。",,2025/7/29,福祉保健委員会,議員
,令和7年 福祉保健委員会(7月29日),俣野子ども施策推進室長,磯野忠,"私のほうからは、少し総括的なお話をさせていただければと思っております。

このたびは、区内の保育所におきまして、このような痛ましい虐待事件が発生したことにつきましては、私は責任者といたしまして、まず責任を痛感しております。その上で、被害にお遭いになられたお子様、それからその御家族に対しましては、大変深くおわびを申し上げる次第でございます。

保育所というところは、そもそも皆様方が安全・安心な環境でお子様を預けられていることが前提の施設ということでございまして、このような行為が起こったことにつきましては、絶対許されるものではないということを改めて思うこととともに、区といたしましても再発防止に徹底的に取り組んでいく必要があるというふうに、まずは考えているところでございます。

現時点で感じているところを少しお話しさせていただきますと、６月22日の事件発生の後に、まずは法人による全職員に対する聞き取り調査を行いながら、園内の管理体制ですとか、また、そのチェック体制を精査してまいりました。それから、区といたしましても、事業者に関する監査、それから臨時の園長会を開催したところでございます。区内全ての保育施設に対する緊急の安全確認、それから職員研修を指示しながら、重大事故を未然に防ぐための体制強化を改めて確認したわけでございます。

そういう中で、たしか７月22日だったかと思いますけれども、加害者になります保育士が警察に逮捕されたということでございます。本人の資質だとか性格によるものが非常に高いというふうに、園のヒアリング、それから警察等が行いました取調べに基づく新聞報道からは思うわけでございますけれども、やはり重点的に注意するポイントも少し見えてきているかなというふうに感じているところでございます。そもそも保育士の採用の体制がどうであったのかも、やはり点検しなくてはならない。それから、職員間の保育の日常のコミュニケーションがどうであったか、こういったことも非常に重要かと思っております。また、加害行為自体が保育室の死角で起こったということが報告されてございまして、こういったことにつきましても非常に注意していかなくてはいけないというふうに感じているところでございます。

それから、委員からも御紹介がありました保育士を取り巻く構造的な課題といいますか、全国的にやはり保育士が大変不足しているような状況でございます。人材の確保につきましても喫緊の課題だというところでございまして、やはりこちらにつきましても、過重な業務ですとか、それから人間関係のストレスが現場の保育士の精神的な、あるいは身体的な負担になってはいないかどうかも、改めて確認する必要があろうかと考えてございます。今回の事件につきましても、そういった様々な背景が一因となったことも否定できないというふうに感じているところでございます。

今後でございますけれども、区内全ての保育所が安全・安心な保育所として信頼回復に向けた再発防止が何よりも重要なのだろうというふうに考えてございます。そういう中で、保育士の人材確保を乗り越えながら、可能な限り現場の支援を行うことによりまして、保育士自身が子供と向き合う時間をしっかり確保するということでもって何とか信頼回復につなげながら、中央区の保育行政をさらに推進してまいる所存でございます。

それから、大変失礼しました。１点訂正でございますが、事件発生日は６月26日が正解でございます。大変失礼しました。訂正いたします。

以上でございます。",,2025/7/29,福祉保健委員会,理事者
,令和7年 福祉保健委員会(7月29日),金広保育課長,磯野忠,"私からは、まず、新規事業者の選定時のところについて答弁申し上げます。新規開設に当たりまして、事業者と面談をいろいろさせていただいているところですが、その際に、今後、委員がおっしゃるような採用状況について、職員採用の確保状況などもしっかりと確認していく必要があるというふうに感じております。また、ハラスメントのことにつきましては、巡回等を通じまして、うちの職員が各園に個別に伺いながら、いろいろな状況を把握しているところでございます。また、電話でちょっと御相談というのも職員からあったりもするところでございまして、そういうことを受けました際には、園長などに匿名で確認を取ったりしているところでございます。

以上でございます。",,2025/7/29,福祉保健委員会,理事者
,令和7年 福祉保健委員会(7月29日),礒野委員,磯野忠,"ありがとうございました。

今、再発防止に向けてということで、当然のことながら、取り組んでいただいているというお話をいただきました。２回ぐらい前の委員会ですか、民間が今度は例えば障害者用の学童をやるとかというので申込みがあった。ただ、以前にやっている状況などがあまりよくない状況であったというようなところが申込みをしたりしているということもあるんです。ですから、そうしたところもしっかりと事前に今営業している状況を把握していただいて、しっかりと選定をしていただきたいというふうに思います。

やはり子供の安全・安心な環境を守ってあげるために、しっかり保育士として仕事をしていただきたいんですが、内部で職員同士だとか、陰でどうこうとか、いろいろとある話をいっぱい聞いているんです。外部からのハラスメントがあったりとか、ここの負担を行政としてしっかり見てあげて、そこを守ってあげないと、職員がどんどんと追いやられてしまって精神的につらくなる。つらくなると、いい環境が保てなくなるというのが悪循環で生まれると思いますので、ぜひ区として、そこは向き合ってあげて、職員一人一人、心のケアもしてあげられるぐらいの気持ちで対応していただきたいと思います。よろしくお願いいたします。

以上で終わります。",,2025/7/29,福祉保健委員会,議員
,令和7年 福祉保健委員会(7月29日),高橋委員,高橋元気,"私からも、ほっぺるランド佃の本事件について、前委員と重ならない範囲で何点かお伺いをさせていただければと思います。

先ほどの御答弁の中で、保育園の安心・安全な信頼の回復という点について何点か挙げていただきました。もちろん、それが最重要な課題であるかと思いますが、その中で確認をさせていただきたいのですけれども、まずは、先ほどのお話ですと、全園に監査を既に行ったという認識でいいのか、それともこれから行っていくというような認識であるのかという点について確認をさせてください。

また、先ほどの課題や重点的に取り組まなくてはいけないという点において、やはり重要だと思いましたのが、今回、報道においても、こういった事件を発見することができたのは、監視カメラによる不審な動きを捉えたという点が非常に大きかったと思っております。監視カメラの死角の部分でやられていたというようなお話もありましたが、そういった状況下で、今、中央区の認可・認証保育園において、監視カメラの設置状況について、全園に設置されているのか、あるいは死角というようなお話もありましたので、これからまた強化して、設置に向けて、例えば補助金の活用とか、そのようなことを考えているのかという点についてお伺いをさせていただきます。

３点目につきましては、こういった保育士による園児に対する不適切な事例というのは、私の任期中においては、このような事件に発展することは今までなかったと認識をしているんですけれども、過去において同じような事例があったのか。本区において把握している限りで、過去にこのような不適切事例があったのかという点について、３点目お伺いをさせてください。",,2025/7/29,福祉保健委員会,議員
,令和7年 福祉保健委員会(7月29日),金広保育課長,高橋元気,"まず、監査についてでございますけれども、この監査というのは、ほっぺるランド佃において、区が特別に聞き取りを行うというものでございまして、全園ということではなくて、１園に対してやっているものでございます。職員への聞き取り、そして、その内容によっては事業所、また園長等に改めて聞き取るというところで、今、その監査の途中というところでございます。

２点目のカメラの設置状況でございますけれども、保育施設所内で、認可保育所においては約６割、認証保育所においては55％ぐらいが設置している状況になってございます。その上で、カメラについてどのように区として、補助も含めて考えるかというところですけれども、やはりカメラの設置のメリットというものにつきましては、今回のようなトラブルというか、事故の発見ですとか、子供とか保護者間のトラブルの状況確認として非常に有効であると考えておりますし、また、日々の保育の内容を客観的に確認するという意味では、保育内容の振り返り、改善に向けて非常に役に立つものであると考えております。

一方で、デメリットとしましては、やはり園児や保育士のプライバシーの侵害の懸念ですとか、監視によって、保育士によるストレスとか、場合によっては保育業務の萎縮の可能性もあり、また、カメラがあったとしても、委員御紹介のとおり、死角も発生いたしますが、カメラがついているから大丈夫といった根拠のない安心感を生じさせるという場合もございまして、認可保育所においては、それぞれの事業者がこれらのメリット、デメリットを比較考慮しながら、現在、その導入可否を決定しているものというふうに考えております。

そうした中で区が一律に考えを示すという考えはございませんけれども、やはり今回のような事件が発生したことにより、保護者の方が不安に思われることは本当に当然なことというふうに感じております。区としましては、カメラの有無にかかわらず、御不安、御心配がある場合には園や区のほうにしっかり御連絡いただきたいと考えておりますし、そういった御相談があった場合には、まずは区の確認への協力をしっかりすること、そして、直接園に相談があった場合にはしっかり対応するように事業者、園に指導してまいりたいと考えております。

過去にそういった類似案件があったかということですけれども、今回、本当に虐待というふうな認定がされるような事案につきましては、過去にはなかったというふうに認識しております。ただ、やはり保育をやっている現場においては、不適切と捉えるような、不適切保育に当たるような内容、つまり、例えば指導がちょっと厳し過ぎるのではないかとか、大きな声でみんなの前で一人の子を指導することによって、その子の人権が損なわれるのではないかというところを、巡回等を通じながら把握した事例はございます。

以上でございます。",,2025/7/29,福祉保健委員会,理事者
,令和7年 福祉保健委員会(7月29日),高橋委員,高橋元気,"それぞれありがとうございます。

今回の重大な事件、それに類似するような事件は今までなかったということで認識をしております。本区としても大きな課題意識を持って取り組んでいただいているかと思いますが、今後の対応としては、ほっぺるランド佃に対する監査というか、聞き取り調査を含めて、今後検討するものだとは思っておりますが、保育園に対する保護者の方々、区民の皆様からの安心・安全な信頼確保、信頼の回復という意味では、やはり区として毅然とした対応も必要なのではないかと思っております。

その中で、課題としては認識しているというようなお話はございましたが、今後、具体的にどういうスケジュール感、スケジュールまでは立てていなかったとしても、どういった取組を区として推進していくのか。例えば、先ほど申し上げましたとおり、監視カメラを設置するにはメリット、デメリットがもちろんあるかと思います。その中で、やはりメリットとして、今回、保護者の方もいろいろな不安を抱えられているかと思いますが、信頼を回復するためには、少なくとも監視カメラの設置を推奨していくなど、保育園、事業者に任せるのではなく、本区がしっかりとリードをしていくというような考えも必要なのではないかと思います。改めまして、今後、本区としての具体的な取組の方向性、そして、しっかりと今回の事件を前向きに捉えて改善につなげていくというような意気込みについてもお伺いをさせていただければと思います。",,2025/7/29,福祉保健委員会,議員
,令和7年 福祉保健委員会(7月29日),金広保育課長,高橋元気,"本当に委員おっしゃるとおり、本件は非常に重大なことというふうに考えておりまして、まず、今回の件があった際に私が感じたのは、この園以外の保育所がこの事件について他園事と捉えることのないように、まず、７月の園長会において今回の概要について説明をしまして、条件が重なれば、どこの園でも起き得る可能性はゼロではないというところで、そういった意識を持って、園長を中心に、いま一度職員の保育内容を確認するように、そういったお話をさせていただきました。その上で、改めて文書で注意喚起いたしまして、併せて事業所に対して、それぞれの園の状況を改めてしっかりと把握した上で、現場のフォローをしっかり行うように伝えたところでございます。

また、８月には、保育所における虐待、不適切の防止につきまして、どのような場面で虐待が起きるのか、保育現場の虐待について研究されている講師を招いて特別の臨時園長会を実施したいと検討しているところでございます。現在、区内の認可保育所を利用されている保護者の方に引き続き園を安心して利用していただけるように、そして勤務している職員も、不適切保育など気になることがあるのに、今まではなかなか言えなかった、そういったことが本当にこれからは絶対にないように、何かちょっとあったら気軽にぜひ教えてほしいというところ、今までも相談窓口は指導担当というところにあったんですけれども、改めてそれを周知してホームページにも出させていただきましたし、各園の園内、そして事務所内にもしっかり掲示するよう指示したところでございます。

今後の対応といたしましては、今回、事業者が改善に向けての提案をされているので、その内容が確実に実行されているかを確認するとともに、今まで巡回の内容が、どちらかというと午後の午睡の部分とか食事の誤嚥について、直接死に関わるところについてを中心に確認してまいったところですが、それ以外の部分についても、虐待が生じ得る可能性のある園内のそれぞれのコミュニケーションの部分ですとか、園内における死角の部分、そういったところを巡回の項目に加えて、今回発生した園に限らず、区内の認可園における全ての園の中で虐待等が今後起きないように再発防止に努めていく考えでおります。

以上でございます。",,2025/7/29,福祉保健委員会,理事者
,令和7年 福祉保健委員会(7月29日),俣野子ども施策推進室長,高橋元気,"スケジュール的なこともお尋ねがあったかと思いますけれども、私どもといたしましては、委員からも少し御紹介がありましたように、心のケアですとか、あるいは事業者に対する指導、監督のポイント、視点、それから巡回指導項目はどうあるべきだみたいなお話を、７月に入ったあたりから少し中期的な視点でもってスケジュールを立てて点検をしていくということで、今、計画を立てているところでございます。最終的には、今、委員からも御紹介があったような監視カメラのようなお話もあろうかと思いますけれども、私どもといたしましては、まずは点検項目をしっかりとやらせていただいた上で、改めて事件を総括する立場でどうであったかということは、まずは議会のほうにもきちんと御報告をさせていただければというふうに考えているところでございます。

その上で、監視カメラにつきましては、やはり犯罪に対する抑止的な効果もある一方で、果たしてそれがゆとりある、温かみのある保育の実践とバランスが取れるのかどうなのか、どこで落とすのかというようなところは非常に重要な論点かというふうに考えてございます。一保育園が起こした事象ではございますが、今、保育課長からもありましたように、どこの園で起きても、これは中央区内であってはならない不幸な出来事というふうに考えてございます。他自治体の先行事例ですとか、保育士に対する萎縮効果、それから適切な保育、そういったものを総合的に勘案しながら、カメラの在り方については今後検討してまいりたいと考えているところでございます。

以上でございます。",,2025/7/29,福祉保健委員会,理事者
,令和7年 福祉保健委員会(7月29日),高橋委員,高橋元気,"それぞれありがとうございます。こういった事件が発生して、本区としても様々な対応を検討していただいているかと思います。保育士の方々の心のケア、ゆとりある保育を実現するために、監視カメラの是非についても、バランスを考えて今後検討していくというようなお話もございました。

いずれにせよ、こういった事件が起きた中で、保育園に対する信頼回復のために、様々な手段があるかと思います。今後、全園に対する聞き取りや監査、あるいは区の施策としてどういったことを行うことができるのか、総合的に今回の事件を振り返りながら検証して、また様々な施策を推進していただければと思いますので、どうぞよろしくお願いを申し上げます。

私からの質問は以上になります。ありがとうございました。",,2025/7/29,福祉保健委員会,議員
,令和7年 福祉保健委員会(7月29日),堀田委員長,堀田弥生,では、議題（１）、福祉及び保健の調査についてにつきまして、継続審査ということでよろしいでしょうか。,,2025/7/29,福祉保健委員会,議長/委員長
,令和7年 福祉保健委員会(7月29日),堀田委員長,堀田弥生,"さよう取り扱わせていただきます。では、次に、議題（２）、請願第３号、健康保険証の廃止を延期することを求める請願の審査についてに移ります。質問のある方はございませんでしょうか。

では、こちらも継続審査ということでよろしいでしょうか。",,2025/7/29,福祉保健委員会,議長/委員長
,令和7年 福祉保健委員会(7月29日),堀田委員長,堀田弥生,"さよう取り扱わせていただきます。では、次に、管内視察についてでございます。午後はベネッセ学童クラブ晴海及び月島三丁目北地区知的障害者グループホーム「リヴェール月島」の視察を実施いたしますので、午後１時15分、正面玄関前に集合願います。

では、午後１時15分まで休憩といたします。よろしくお願いします。ありがとうございます。

なお、委員の方と担当部長はお残り願います。

（午前10時48分 休憩）

－委員会を閉じた後－

行政視察については、10月下旬からの２週間で、４常任委員会の視察を実施する予定であり、日程・視察先等詳細は正副委員長に一任する旨が確認され、了承された。

（午後１時12分 再開）",,2025/7/29,福祉保健委員会,議長/委員長
,令和7年 福祉保健委員会(7月29日),堀田委員長,堀田弥生,"再開（車中）

〔視察等日程は別紙のとおり〕",,2025/7/29,福祉保健委員会,議長/委員長
,令和7年 福祉保健委員会(7月29日),堀田委員長,堀田弥生,"閉会（車中）

（午後２時52分 閉会）

「別 紙」

福祉保健委員会視察等日程",,2025/7/29,福祉保健委員会,議長/委員長
,令和7年 福祉保健委員会(7月29日),日,堀田弥生,"程

委 員 会 開 会 １０：００

↓

[休 憩]

↓

区 役 所 出 発 １３：１２

委 員 会 再 開

↓

ベネッセ学童クラブ晴海 １３：２４～１３：５７

（説明・視察）

↓

月島三丁目北地区知的障害者グループホーム

「リヴェール月島」 １４：１０～１４：４８

（説明・視察）

↓

委員会閉会（車中） １４：５２

区 役 所 到 着 １５：００",,2025/7/29,福祉保健委員会,議事関係
,令和7年 議会運営委員会(8月27日),押田委員長,押田まり子,"ただいまより、議会運営委員会を開会いたします。

青木かの委員より、本日の議会運営委員会を欠席する旨の申出がありましたので、御報告いたします。

また、青木委員は欠席のため、小坂議員から代理出席の申し出がありましたが、よろしいでしょうか。",,2025/8/27,議会運営委員会,議長/委員長
,令和7年 議会運営委員会(8月27日),押田委員長,押田まり子,"そのように決定いたします。小坂議員は、委員席へお願いします。

次に、理事者報告をお願いいたします。",,2025/8/27,議会運営委員会,議長/委員長
,令和7年 議会運営委員会(8月27日),押田委員長,押田まり子,令和７年第三回区議会定例会の会期について、９月17日、水曜日から10月16日、木曜日まで、会期30日間でよろしいでしょうか。,,2025/8/27,議会運営委員会,議長/委員長
,令和7年 議会運営委員会(8月27日),押田委員長,押田まり子,"そのように決定いたします。

なお、ただいま会期が確認されましたので、区民の皆様に周知を図るため、中央区議会ホームページ及び区のおしらせ９月15日号に、一般質問等の本会議日程を掲載します。

次に、一般質問者の通告と質問の順序についてです。

通告締切日は、土曜日・日曜日及び祝日を除く、会議の４日前の９月11日、木曜日、午後５時までです。

一般質問の順序と持ち時間は、公明党38分、区民クラブ30分、日本共産党30分、自由民主党84分30秒、かがやき中央38分、立憲民主党・無所属38分です。

また、一人会派が一般質問を行う場合は20分で、順番は最後となります。

質問日数は２日間で、第１日目、公明党、区民クラブ、日本共産党、第２日目、自由民主党、かがやき中央、立憲民主党・無所属の順となり、一人会派の質問がある場合は、第２日目の最後になります。

なお、本会議における２日間の一般質問を、中央エフエムのラジオ放送により午後２時から午後７時まで生中継するとともに、中央区議会ホームページで映像をライブ配信し、さらに、録画した映像を、後日、配信します。

次に、一般質問者及び人数の締切日についてです。質問者の人数は、自由民主党３名以内、かがやき中央２名以内、立憲民主党・無所属２名以内、公明党２名以内、区民クラブ１名、日本共産党１名となり、その人数は一般質問通告締切日の３日前までに議長に報告することとなっております。今回は、９月８日、月曜日、午後５時までとなります。

次に、令和７年度補正予算の審査方法についてお諮りいたします。

企画総務委員会に付託することでよろしいでしょうか。",,2025/8/27,議会運営委員会,議長/委員長
,令和7年 議会運営委員会(8月27日),押田委員長,押田まり子,"そのように決定いたします。

次に、令和６年度各会計決算の審査方法についてです。決算特別委員会を設置し、付託するとともに、委員13名をもって構成し、各会派の人数は、自由民主党５名、かがやき中央１名、立憲民主党・無所属１名、公明党１名、区民クラブ１名、日本共産党１名、士魂の会１名、都民ファースト１名、れいわ１名とすることでよろしいでしょうか。",,2025/8/27,議会運営委員会,議長/委員長
,令和7年 議会運営委員会(8月27日),押田委員長,押田まり子,"そのように決定いたします。各会派の委員氏名は、第三回区議会定例会初日の議会運営委員会で発表願います。

次に、補正予算及び決算の認定を除く各議案の審査方法について、お手元に配付してあります、提出予定議案（補正予算及び決算の認定を除く）の委員会付託について（案）のとおり整理いたしたいと思いますがよろしいでしょうか。",,2025/8/27,議会運営委員会,議長/委員長
,令和7年 議会運営委員会(8月27日),押田委員長,押田まり子,"そのように決定いたします。

次回の議会運営委員会の開会日時について、９月17日、水曜日、午後１時でよろしいでしょうか。",,2025/8/27,議会運営委員会,議長/委員長
,令和7年 議会運営委員会(8月27日),押田委員長,押田まり子,"そのように決定いたします。

次に、ペーパーレス会議の本格実施について、議会局長より説明願います。",,2025/8/27,議会運営委員会,議長/委員長
,令和7年 議会運営委員会(8月27日),春貴議会局長,押田まり子,（説明）,,2025/8/27,議会運営委員会,理事者
,令和7年 議会運営委員会(8月27日),押田委員長,押田まり子,ただいまの議会局長の説明のとおりでよろしいでしょうか。,,2025/8/27,議会運営委員会,議長/委員長
,令和7年 議会運営委員会(8月27日),押田委員長,押田まり子,"そのように決定いたします。

その他、何かございますか。

それでは、議会運営委員会を閉会いたします。

（午後１時15分 閉会）",,2025/8/27,議会運営委員会,議長/委員長
,令和7年 企画総務委員会(9月1日),瓜生委員長,瓜生正高,"ただいまより企画総務委員会を開会いたします。

本日、理事者報告の関係で経理課長及び総務部副参事（防災計画等・特命担当）が出席しますので、御了承願います。

それでは、理事者報告をお願いいたします。",,2025/9/1,企画総務委員会,議長/委員長
,令和7年 企画総務委員会(9月1日),瓜生委員長,瓜生正高,"発言の時間制についてであります。発言の持ち時間制につきましては、既に御承知のとおりですので、よろしくお願いいたします。ただいまの時刻は午後１時52分です。自由民主党さん41分、かがやき中央さん27分、立憲民主党・無所属さん27分、公明党さん27分、区民クラブさん27分、日本共産党さん27分となります。なお、持ち時間には、この後の議題である請願審査の時間も含まれます。

それでは、理事者報告に対する質疑に入ります。

発言を願います。",,2025/9/1,企画総務委員会,議長/委員長
,令和7年 企画総務委員会(9月1日),竹内委員,竹内幸美,"それでは、私からは理事者報告の１と２について質問をしていきたいと思います。

まず、１、都区間の財政調整についてです。

今まで、令和２年に特例として55.1％という数字になって以来、ずっとその配分割合というものが続いてまいりまして、今回、特別区の交付金が56％になったということでございます。やはり東京都自体の収入も増えていく、各区の基準財政需要額というものも増えていく中で様々に協議された中での確定だったかと思いますが、まず、ここに関しての御所感をいただきたいと思います。

それから、資料２、区政世論調査の結果ということでございます。

区政世論調査は第55回ということで、前回の調査項目は16項目であった。それが今回は18項目ということで、状況に見合って、内容、調査項目というものも検討していただいているのかなと感じております。この調査項目、今回新たに３つ追加されている部分についても、どういう状況下でこの項目を入れているのかお聞かせいただきたいと思います。また、昨年の項目と少々違いもあるかと思いますが、こうしたものがどのように今年度の区政に生かされてきたのかという部分でもお示しをいただきたいと思います。お願いいたします。",,2025/9/1,企画総務委員会,議員
,令和7年 企画総務委員会(9月1日),野末財政課長,竹内幸美,"まず、１点目の、今回、都区間配分率が55.1％から56％に引き上げられた所感でございます。

こちらが56％に引き上げられた理由といたしましては、様々な理由はございますけれども、主に東京都の持続的発展を実現していくことや、令和６年度の能登半島地震の教訓を踏まえ、首都直下型地震に対して備えを充実していくこと、また、児童相談所の運営に関する都区の連携強化、協力といった、大きくそういった理由によって0.9％引上げが行われたものでございます。

また、この算定規模ですけれども、委員から御紹介がありました児童相談所、これは令和２年度から長年の懸案であった内容でございまして、実際、特別区でも児童相談所を開設している区が令和７年度時点で10区ほどでございます。そういった規模の算定がまだされていなかったというところで、引き続き、令和３、４、５年、ずっと協議が進められたことでございます。今回、それも含めまして都区間配分率が引き上げられたということで、先ほどの令和２年度の0.1％も含めますと、実質１％引き上げられたということになります。そして、財調の算定規模としましては、今の令和７年度のフレームが約２兆3,000億円になりますので、その１％になりますと約230億円の算定増になったということが言えると思います。それに対して、児童相談所の経費につきましては、今、令和７年度の10区の需要額といたしまして約165億円になりますので、今回の引上げに伴いまして、そういった需要も十分吸収できる引上げになったものと認識しているところでございます。

以上でございます。",,2025/9/1,企画総務委員会,理事者
,令和7年 企画総務委員会(9月1日),小森広報課長,竹内幸美,"私からは区政世論調査の設問の項目についてでございます。

今回の設問において、項目として新規のものは３つございました。１つ目が健康アプリ、２つ目がおくやみコーナー、３つ目が動物の飼養でございます。この設問内容については、いずれも各所管部と事前に協議した上での設問になっております。

まず、健康アプリの設問の意図でございますけれども、こちらは利用者向け、実際にアプリを使われている方に対しましては、アプリ上で使い勝手などのアンケートは実施しているところであります。ただ、利用していない方が今回も多いというふうに出たんですけれども、どうして利用していないのかという意図を把握していきたいというのがございました。これを例年調査していくかというところは今後の検討でございますけれども、まずは利用していない方に対する意識の確認というところが主眼としてございました。

２つ目がおくやみコーナーでございます。こちらにつきましては、おくやみコーナーを設置したということを今までもホームページ等で周知してきたところですけれども、おくやみというテーマからして、周知を大きくしていくということがなかなかしづらいところもあると聞いています。そういった中で、まずは、どのぐらいの皆さんがこのコーナーを御存じであるのかという認知度を把握していきたい。認知度を把握した上で今後の事業の展開に生かしていくというところがございました。

３つ目の動物の飼養でございます。動物の飼養に関しましては、平成17年度にボランティアの制度ができたんですけれども、それ以降20年が経過していく中で、制度の見直しも考えていく時期にあるというのがございます。その上で、犬については法律に基づいて登録制度があるんですが、ほかの動物につきましては、なかなか実態把握が難しい状況にある。そういった中で、どのような飼養の状況にあるのか確認したいというところで、今回のこの設問を設定したということでございます。

もう一つの質問でございます。どのように区政に生かされていくのかというところでございます。

世論調査そのものは、区民の意識を傾向的に捉える。経年で捉えていきながら、その変化を傾向として捉えていくというところでございます。そういった意味で、今後の基本計画策定の基礎資料になる。そのデータの一つとして活用していくというところでございます。今年度の調査でございますので、既に活用したというよりも、今後いろいろな事業展開を考えていく上での資料になるということでございます。

以上です。",,2025/9/1,企画総務委員会,理事者
,令和7年 企画総務委員会(9月1日),竹内委員,竹内幸美,"それぞれに御答弁ありがとうございます。

まず、都区財政調整の部分、パーセンテージの話です。

今までも、予算特別委員会、決算特別委員会の歳入なども含めて、もう少し要望ができるのではないかという活発な議論がされてきたと感じております。今回、あくまでもパーセンテージ上ではありますが、今までの55.1％のときの渋々感から、かなり大幅なパーセンテージ、割合に上がったという印象がございます。今までも議論の中では、インバウンドであったり、来街者の多さというところで、もう少しパーセンテージが上げられないかという議論もされてきて、児童相談所等の問題もこれで解決されたわけではないというところでは、議論を続けていかなければならないということもあるのかと思っています。23区均一に考えて、みんなで力を合わせて割合を上げていきたいという中では、今までの経緯を先輩議員などにも話を聞いてみますと、40％台の頃もあったよと。そういうところから今に至ったというものもあります。もちろん、都の事業が区に移管されてという流れの中もあるかと思いますが、やはり23区で共通するという部分では、都の事務事業をそれぞれ区が引き受けているというところもありますから、そういったところの大変さ、整理のしづらさ、それに関する告知であるとか、そういったことも含めて、区がそれぞれ頑張っているというところも十分に意思表示をしていただきながら、この割合が少しでも上がっていくようなお取組を引き続き進めていただけたらと思います。これは要望といたします。

そして、世論調査の結果のところです。私は、この世論調査を取った上で事業に生かしているのかなという印象が強かったものですから、このように質問をいたしました。確かに、防災の部分というのは、毎年こういった世論調査の中で、今回すごく大きな成果があった。携帯トイレの備蓄という部分で大きな進展があったということも、これで確認できるところでございます。また、どういう状況か確認をするために調査をするという角度もあるのだということを改めて認識するところでありました。

一方で、今、発信をしていく時代の中で、多くのＳＮＳで様々、自由に意見をする方々も増えております。そういったものをかいま見る機会も多くなりましたが、世論調査の結果、区が無作為で抽出した2,000人の調査の結果と、ＳＮＳでの反響、意見というか、それを意見と取るかは置いといてですけれども、何となくそういったところに違いを感じるような部分もあるのですが、ここの部分はどのような捉え方をしていらっしゃるのか、少しお示しをいただけたらと思います。お願いいたします。",,2025/9/1,企画総務委員会,議員
,令和7年 企画総務委員会(9月1日),生島企画部長,竹内幸美,大変難しい御質問かなと存じます。先ほど広報課長が言ったように、世論調査の役割としては、全体的な傾向を捉える。前年度、前々年度から続く区の施策がどういった形で区民の皆さんに総体的に受け止められているかというものの目安として、それを受け止めているところがあり、こういったものとは別個に、個々の施策の個別の質問もたまにその中に織り込んで、各事業部が参考にしていく。細かい部分での区民の意識ですとか、そういったものについては、様々な法定計画等を含めたものを計画する段階の実態調査であるとか、そういった細かいところの中で実際の区民の皆さんの意識を受け止めている。区としましては、ＳＮＳにおいて投げ交わされているものというよりは、実際の調査結果などを踏まえた形で施策を決めていく必要が一定程度あるだろうというふうには思っております。場合によってだと思いますけれども、全国的な流れの中では非常に大きな炎上を呼んでしまうような行政からの発信であったり、議員さんからの発信であったり、区長からの発信であったり、そういったものに巻き込まれて実際の区政対応をしなければならないこともあるかとは思いますが、基本的には各調査をしっかりと見定めた上で、区の施策についてきちんと議会を通して説明をし、御納得をいただいた上で予算編成と進めていくという流れが基本的なところなのかなというふうに考えているところでございます。,,2025/9/1,企画総務委員会,理事者
,令和7年 企画総務委員会(9月1日),竹内委員,竹内幸美,"大変お答えしづらい質問であったということは認識をしております。私たちも、どういうところで皆さんが意見を言いやすいのかという中で、日々、やはり直接御意見をいただく。そのものだけではなく、その背景にどういったものがあるか、それぞれ個別に事情が違います。子育てにしても、介護にしても、様々な事情があるかと思います。世論調査の部分から発展した発言にはなりますけれども、常にこうした状況、現場の声、そういった中からいただく直接のお声というものを重視しつつ、やはり私たち自身も丁寧な発信をしながら、区政に必要であるものを見極めていけたらと思っております。区長の今年の所信表明でもありましたけれども、20万人都市に向けてということで、人口が多くなれば、外国人、多様な方々も増えていくと思っておりますので、丁寧な調査をしつつ、今後の区政運営にも努めていただけたらと思います。

以上です。ありがとうございました。",,2025/9/1,企画総務委員会,議員
,令和7年 企画総務委員会(9月1日),ほづみ委員,ほづみゆうき,"よろしくお願いいたします。私から資料２、５、８に対して質問をさせていただきます。

まず、前委員と重なる部分もありますが、区政世論調査について伺います。

こちらの調査の位置づけとしては、区民の皆様の意見を統計的に把握すること、そして調査結果は今後の区政運営の基礎資料として活用していくことが挙げられているものと認識しております。まず、お伺いしたいのは、この調査の回答状況に関してです。直近６年の調査対象者とその回収率をお示しいただいておりまして、この数字を見ると、昨年、一昨年と比較すると、やや上昇はしているものの、回答数としては全体の半分を切っているような状況です。本調査は、さきに挙げましたとおり、今後の区政運営の基礎資料として位置づけられるもので、その回答状況が十分集まっていないということでは、区民の皆さんの声を正確に理解できているかどうかという点に疑念が持たれる面もございます。まず、この確からしさについてのお考えをお示しいただければと思います。お願いします。",,2025/9/1,企画総務委員会,議員
,令和7年 企画総務委員会(9月1日),小森広報課長,ほづみゆうき,"回答率、回収数についてでございます。

まず、この世論調査は2,000名を対象に実施しております。この対象の考え方でございますけれども、統計的に申し上げますと、今の区の人口規模に対して統計的に、例えば統計でいう信頼度95％、標本の誤差をプラスマイナス５％、これは一般的な、国の調査でもこういう設定でやっておりますが、この前提に基づくと、私どもの区の規模に対する必要な標本数はおおよそ380から390、383、384というふうに計算上は出ます。そういう意味でいうと、これだけの信頼度を満たす標本数としては390弱ということになるんですけれども、逆に、これを現在の45.6％という回収率で割り返すと、母数としては850ぐらいになるということで、それに対して、今、2,000名に対してやっているところでございます。統計的には信頼度が得られる設定の下でやっているというのが、まず１つございます。

回収に対する考え方として、もう一つは人口の実態、これは区の人口、地域ごとの人口を把握した上での設定ということになりますので、この2,000名につきましてランダムというわけではなく、しっかりと京橋、日本橋、月島という地域を踏まえた上での2,000名の抽出ということでございます。回収率の実態による増減はございますけれども、統計上は信頼が得られるものという設定の下でやっております。

以上でございます。",,2025/9/1,企画総務委員会,理事者
,令和7年 企画総務委員会(9月1日),ほづみ委員,ほづみゆうき,"ありがとうございます。

まず、数値としては十分に統計として問題ない範囲であるということ、あとは実際の対象者としては、人口の実態にも考慮されているということであったかと思います。続けてお伺いしたいのが属性というところです。先ほどもおっしゃいましたけれども、回答の対象としては、年代ですとか、地域についても考慮いただいているというところでした。一方で、今回の回答の状況とかを把握しますと、質問を投げた方の年代の分類と実際に回答された方の分類について、ずれがあるのではないかというふうに認識をしております。今回の調査に関しては、まだ詳細な資料が出ておりませんので、昨年の2024年度の回答者の年代別の分布と、当時の区民の年代別の分布で比較をしてみました。この結果から明らかになったこととしては、18歳から40代までの相対的に若い年代の方の回答は少ない。一方で、50代以降の年代の方は実際の分布よりも多く回答されているということが分かりました。全体平均からすると、40代までですと、実際の分布からすると約７割程度しか回答していない一方で、50代以上ですと、４割程度多めに回答されているような結果になっております。

これらのずれに関しまして、やや大仰ではありますけれども、例えば国勢調査などでは事後層化ウェイトなど様々な統計手法に基づいて事後的に補正を行って、その結果の信頼性を担保しております。昨年の調査の幾つかの設問について事後的に補正を行ってみたところ、五、六％程度の数字の上下が確認できました。これに加えて、先ほど御説明があった標本誤差がプラスマイナス３％から５％程度あることを考えると、それらを足し合わせると10％以上の前後、ずれが生じ得るのかなというふうにも思っているところです。まず、これらの事後的な補正というところについては行われていない認識ですけれども、その理解でよいかというところを確認させてください。また、その精度をさらに高めるために、どういった形で対応されているかというところについてもお示しいただければと思います。お願いします。",,2025/9/1,企画総務委員会,議員
,令和7年 企画総務委員会(9月1日),小森広報課長,ほづみゆうき,"まず、結果に対する事後補正ということでございますけれども、現在、そういった事後補正は行っておりません。

もう一つ、この結果についてでございますけれども、先ほど申し上げた内容と重複するかもしれませんが、我々の世論調査というのは、区民の総体的な意識の傾向と変化を捉えることを目的としてやっております。世代別のニーズを捉えるというよりも、区民の全体的な意識の傾向がどこにあるのかというところに主眼を置いております。そういった意味でいいますと、先ほど申し上げたような統計上の考え方に基づく実施の仕方としては、区民の意向を捉えるやり方としては十分に機能しているものと思っています。

もう一つ、当然、設問の中において世代というのも聞いております。この世代を細かく見ていくこともできるんですけれども、例えば18歳から、おっしゃったような40代ぐらいまでの皆様の回答状況を見たところ、今回も区の施策の重要度は防災とか子育てが上位に来ております。当然、18歳から40代ぐらいが答えている重要度は、子育て支援を一番多く答えてくださっている。防災も上位に来ている。そういう意味でいうと、仮に世代別に見ても、そういった若い世代の意識は、全体の総体的な事項としてもしっかりと反映されている形になっていると考えております。そういった意味で、定点観測という意味での設問ということもございますし、引き続き現在の調査の方法により続けてまいりたいというふうに考えております。

以上です。",,2025/9/1,企画総務委員会,理事者
,令和7年 企画総務委員会(9月1日),生島企画部長,ほづみゆうき,今、広報課長が言ったように、総体としての定点観測としては十分な機能を果たしているかなというふうに考えております。一方で、今、人口がどんどん増加している状況の中で、前委員からの御指摘もありましたけれども、いかに感度よく区民の声を聴取していくかという面においては、世論調査の中で行うかどうかということは分かりませんが、そういったところに関して、しっかり区民の声が聞けるようなことについては、以前申し上げたように感度を上げていくような努力は引き続きしていきたいというふうに考えております。,,2025/9/1,企画総務委員会,理事者
,令和7年 企画総務委員会(9月1日),ほづみ委員,ほづみゆうき,"ありがとうございます。

まず、事後補正はやっていないということと、全体的な考え方としては、総体的な変化を捉えようとしているというところであったかと思います。一方で、おっしゃっていただいた部分もありますけれども、実際に数字が出ている以上、そこの分布について見てしまうのかなというところがあるのと、結果的に、足し合わせたトータルの結果として、やはりずれてきているのではないかという意味でいうと、補正するという考え方も必要なのかなというふうには思っているところです。結果として、子育てなどの若い世代に対するテーマに関して出ているというところではあるかと思うんですけれども、本来的には、もしかしたらそれはもっと多く出ているかもしれないというところについて御留意いただけたらと思っております。

この件で最後に、この結果の活用に対して区役所内の理解というところについてお伺いできればと思います。

今までのやり取りの中でも、一定程度の信頼性は担保されているものの、お話もあったとおり標本誤差があるというところと、年代という観点から見ると特定の年代が多かったり少なかったりという状況がある。かつ、事後補正はやっていないということであろうかと思います。これら自体は費用対効果で判断されるべきもので、一概にやるべきという話ではないかと思いますけれども、問題は、それをちゃんと理解した上で今後の政策立案に対して使っていくということかと思います。これらの留意事項があるという点について区役所内でどの程度周知されているか、併せてお願いできればと思います。",,2025/9/1,企画総務委員会,議員
,令和7年 企画総務委員会(9月1日),小森広報課長,ほづみゆうき,"区役所内での周知ということでございます。

当然、この結果が出たときに、この結果を庁内で共有する段階において、この調査における所与の条件をちゃんと周知した上で全庁に展開しております。そういう意味で、理解を得ながら情報提供をしているということでございます。

以上です。",,2025/9/1,企画総務委員会,理事者
,令和7年 企画総務委員会(9月1日),ほづみ委員,ほづみゆうき,"ありがとうございます。そういった留意事項は伝えていただいているところかと思います。どんなに頑張っても、統計調査に関しては誤差がつきものです。数字が独り歩きしないように研修等もあるかと思いますので、そういった中でも正しい活用方法の周知ということをぜひお願いできればと思っております。

次に、資料５、日本橋プラザの件についてお伺いします。

こちらについて、コロナ禍等の影響により空室率が上昇していたものの、近年のオフィス回帰の動きなどから順調に業績が回復していることが確認できております。次年度の計画もさらに強気の内容となっており、心強いところです。これらを踏まえてお伺いしたいのは、今後の区の貸付料に関してです。本区としては毎年度6.5億円の貸付料を受け取っており、その内訳としては、権利金相当額と地代相当額と聞いております。この権利金の部分については、本来一括で支払われるべきものを分割払いで受け取っていて、以前に伺った中では2036年頃には受け取りが終わるということで認識をしております。

まず、お伺いしたいのは、直近での権利金相当額と地代相当額の金額の内訳についてお示しください。また、現状でいつ頃に権利金の支払いが終わる見込みであるのか、そしてその後の貸付料はどうなるのかという現状についてお伺いできればと思います。お願いします。",,2025/9/1,企画総務委員会,議員
,令和7年 企画総務委員会(9月1日),遠藤経理課長,ほづみゆうき,"日本橋プラザの貸付料でございます。

こちらにつきましては、現在、実は平成25年３月に交わしてございます土地の賃貸借契約の一部を変更する契約書に基づきまして、年額６億5,000万円ということで定めているところでございます。ただ、委員からもお話があったように、当初、権利金を頂いてございません。ですので、この権利金に相当する金額は貸付料の中で頂いていくということで、一遍に頂くわけにはいかないので、これまで分割という形で頂いているという状況でございます。この権利金につきましては、当初は167億円ぐらいの金額を想定してございましたので、そうしたところから、利子相当というものも勘案しながら頂いてきているというところがございます。順調に償還が進んでいるということで、これもほぼ終わるような状況になってきてございます。

ただ、貸付料というのは、今、御案内もありましたけれども、令和18年まで50年間の貸付けを行うということになってございますので、ここまでは貸付料を頂くということになってございます。権利金相当と地代相当部分の考え方というのは、区の中で、やはり算定の一つの考え方ということで持っているところでございますけれども、貸付料につきましては、今、特に子育て支援であるとか、あるいは学校教育ということで、特定財源としては非常に重要なものになってございます。この額を維持していきたいというのが区の考え方でございまして、これまでの経緯からいきましても、区議会の御承認をいただきながら、非常に土地の高騰であるとか、あるいは景気の後退の時期に減額を行ってきたという状況もございます。その額もかなりの、13年間にわたる額になってございますけれども、そうしたところも踏まえますと、現行の貸付料６億5,000万円を維持していくということで、現段階でこれを変更するという考え方はございません。こちらにつきましては、やはり日本橋プラザにつきましても、現行の契約書に基づいてこの額を頂くということで了解を得ているものでございます。

以上でございます。",,2025/9/1,企画総務委員会,理事者
,令和7年 企画総務委員会(9月1日),ほづみ委員,ほづみゆうき,"ありがとうございます。

まず、全体としては6.5億円というところで、順当に償還はされていると伺いました。最後のほうでお話しいただいたところで、順調に償還はされていると。かつ、令和18年までの契約、これは当初から50年間というところだと思うんですけれども、こちらに関して、権利金としては、本来支払うべき部分があって、それに対して少しずつ支払っているというところかと思うんですが、そこを償還した後も、今、契約の中にある6.5億円というところを維持できる考え方があるということでしょうか。もともとの話でいうと、いわゆる地代の部分と権利金という話で、合計で6.5億円という理解でしたので、そうすると、地代でいうと、いわゆる路線価みたいなところで幾らという金額が決まっているものなのかなと思ったので、そのことだけ確認させていただけたらと思います。お願いします。",,2025/9/1,企画総務委員会,議員
,令和7年 企画総務委員会(9月1日),山﨑総務部長,ほづみゆうき,"賃借料につきましては、今、経理課長が説明したとおり、契約上６億5,000万円という契約で頂いているものでございます。６億5,000万円の考え方として、基本的には権利金といわゆる地代相当額という考えの下に６億5,000万円という金額を、当初といいますか、６億5,000万円にしたときに考えて出してはおりますけれども、権利金がなくなったからといって、６億5,000万円からその分を減額して出しますよという契約ではないんです。別々のものを合わせてもらっているというわけではなくて、あくまでも賃借料としての契約金額を考える際に検討した考え方として、権利金相当額、そして地代額、それらを合わせた賃借料として、この額にしますよという定め方をしているのは事実ですけれども、賃借料としては６億5,000万円という契約金額で決めております。

この間30年以上にわたる賃貸借の中においても、やはり日本橋プラザの中で経営環境が悪化したりですとか、それは経済状況の中でそういったところがあって、維持管理していくに当たって賃借料の減額免除を行ってきたという経緯もございます。これは議会の同意を得て、きちんとした手続の下に行ったところもございますので、そういった観点も踏まえると、先ほど言ったように権利金が全て償還し終えたからといって、それで日本橋プラザのお支払いする分は全部なくなりましたよというわけにはいきませんよと。そういった減額の部分も踏まえた上で６億5,000万円というのは考えておりますので、今のところ令和18年にいくまでは基本的に６億5,000万円という賃借料は維持したいというふうに私どもも考えておりまして、その意向は日本橋プラザのほうにも伝えておりますし、それについて日本橋プラザのほうも取り立てて異議を表明されることもなく、同意をいただけているものと受け止めておりますので、基本的には賃借料の変更はなく、６億5,000万円ということで今後もやっていくというところでございます。

以上でございます。",,2025/9/1,企画総務委員会,理事者
,令和7年 企画総務委員会(9月1日),ほづみ委員,ほづみゆうき,"ありがとうございます。特に権利金の償還に関係なく、一旦は現状のままで金額が期待できるということで理解をいたしました。こちらについては、引き続きよろしくお願いいたします。

次に、資料８、陸上自衛隊による災害対処訓練について伺います。

１つは、実際の災害時の対応として、どのように位置づけられるのかという点です。

本区の地域防災計画の中には自衛隊への災害派遣要請という項目がありまして、必要と認められる場合には都知事に対して自衛隊に派遣要請をする旨の記載があります。今回のヘリコプターを用いた災害対応も、既存の計画にある枠組みの中で対応されるという理解でよいのかという点について確認をさせてください。

もう一点は、今回の訓練の背景についてです。

今回、医療機関近接ヘリコプター緊急離着陸場として指定された月島運動場での訓練でした。この緊急離着陸場に該当する場所は、都の地域防災計画を確認したところ、都内では100か所以上存在するようです。数ある中で、中央区においてこの訓練が行われたということの背景について、何らかの必要性なのか、順番にそれぞれの場所で訓練をされているものなのかですとか、そのあたりの背景についてお示しいただければと思います。お願いします。",,2025/9/1,企画総務委員会,議員
,令和7年 企画総務委員会(9月1日),石丸副参事（防災計画等・特命担当）,ほづみゆうき,"今、２点御質問がありました。

１点目につきましては、その大きな枠組みということであります。

委員御指摘のとおりでありまして、東京都の地域防災計画に医療機関近接ヘリコプター緊急離着陸場ということで、中央区におきましては月島運動場が指定されております。そこで、陸上自衛隊に対して東京都知事が災害派遣要請をして、例えば中央区としてヘリコプターの要請をした場合には自衛隊が月島運動場に来る。今まで月島運動場に着陸が本当にできるのかどうか、自衛隊のほうが考えて訓練をしたいということで、こちらに５月中旬に調整がありましたので、庁内手続をした上で地元にお話をして実施になったところでございます。

２点目でございます。今回、中央区の月島運動場が着陸場の訓練に選定された背景でございます。

今まで自衛隊としては、東京都内の各市町村、特別区に対しまして、いろいろな訓練の際に自衛隊でヘリコプターの訓練をしたいということで訓練をしてきたところでございますけれども、その中で、今回、陸上自衛隊全体として、ＪＸＲと呼ばれる災害対処の演習を自衛隊でやると。そして、そこに東京都が全面的に協力してやるというところで、この想定が首都直下地震ということで、南部地域が震源地の想定でやっていたということでございます。その中で、今までの訓練でやっていないところということで場所の選定をしたようですけれども、羽田空港の特別管制区と併せて、羽田空港の周りの管制権に係っていない場所で選定をしたと。訓練をするときに、民航機との衝突もあるということで、これも国土交通省と防衛省が検討した上で、月島運動場がここに影響がないというところで当区の月島運動場と、大田区のほうも選ばれたと聞いておりますけれども、この２か所、あとは都庁のほうにも着陸したらしいですが、この３か所で訓練をしたと聞いてございます。

以上です。",,2025/9/1,企画総務委員会,理事者
,令和7年 企画総務委員会(9月1日),ほづみ委員,ほづみゆうき,"位置づけと背景の御説明ありがとうございます。羽田空港の管制権ですとか、そういった要素もあったのかというところを理解させていただきました。その中で、特段支障なく訓練を行えて、安全かつ有効という確認ができたのはよかったことかというふうに思っております。こちらについては、引き続き連携等をお願いできればと思っております。

以上です。",,2025/9/1,企画総務委員会,議員
,令和7年 企画総務委員会(9月1日),梶谷委員,梶谷優香,"これまでの前委員の質疑と重ならない内容で、私からは資料２、資料４、資料６について順次質問、確認をさせていただきたいと思います。

まず、資料２、区政世論調査の結果についてお伺いをいたします。

昨年の第54回の調査では、調査期間や対象者へのお知らせ等を工夫し、回収率のアップを図ったと記憶しております。具体的には、調査時期については、他区の状況などを参考に、42日間から22日間に変更、そして、これまで督促のはがきを２回送っていたものを、対象者に事前予告のお知らせを行い、その後、調査票を送付、督促を行うという流れで行いました。今回、ゴールデンウイーク明けからというのはそのままですが、期間の設定については、どのように考えて28日間になったのかお聞かせください。また、周知や督促等については、今回どのように行ったのか、併せてお聞かせください。",,2025/9/1,企画総務委員会,議員
,令和7年 企画総務委員会(9月1日),小森広報課長,梶谷優香,"世論調査の期間の設定等についてでございます。

まず、期間でございます。昨年度は５月８日から29日ということで22日間で実施しました。今年度はそれより１週延ばして５月７日から６月４日という29日間で実施しました。これは、ゴールデンウイーク明けという時期から１か月ぐらい、回答率を上げるために１週間延ばして設定しようというのが、まず１つございました。現に、昨年度の実績でも、３週間設定したんですけれども、３週間が終わってから次の１週間の間に割とぱらぱらと回答が寄せられたという実態がございました。この１週間がやはり１つポイントになるというところを踏まえまして、今年度は１週間長めに設定したということでございます。

もう一つは、周知でございます。委員に御紹介いただいたように、今年度も事前のはがきの周知、そして締切り前の督促というお知らせをさせていただきました。あわせて、当然、区のおしらせや、若い世代向けということも考えまして、ＳＮＳ、区のおしらせ、ホームページ等での周知も引き続き行ったところでございます。

以上です。",,2025/9/1,企画総務委員会,理事者
,令和7年 企画総務委員会(9月1日),梶谷委員,梶谷優香,"すみません。28日間と言ってしまったんですけれども、29日間だったということで理解をいたしました。

また、１週間延ばしたことで、昨年度、その間に後からぱらぱら来たから１週間延ばしたというお話があったと思うんですけれども、今回、締切りを終えた後に、ぱらぱらは特に来なかったですか。確認させてください。",,2025/9/1,企画総務委員会,議員
,令和7年 企画総務委員会(9月1日),小森広報課長,梶谷優香,"今年の実態でいえば、過ぎてから割と寄せられたという状況ではございませんでした。

以上です。",,2025/9/1,企画総務委員会,理事者
,令和7年 企画総務委員会(9月1日),梶谷委員,梶谷優香,"１週間に意味があったということで理解をいたしました。

先ほど説明の中でも防災対策についてお話がありましたが、本区の施策が分かりやすく、効果、結果が見えたことを大変うれしく思いました。今後も課題の発見、区民ニーズの把握に努めて、引き続き回収率向上に向けて工夫をお願いしたいと思います。

次に、資料４、配偶者同行休業に伴う代替職員採用制度の導入についてお伺いをいたします。

今回、本区でも本制度を導入することとなりました。本制度は令和６年度の特別区人事委員会で導入されましたが、本区が今回のタイミングで導入することとなった経緯について、まず、お聞かせください。また、これまでの本区の職員で配偶者同行休業をされた職員の方はどのくらいいらっしゃったのか、その際は本区としてどのように対応されていたのかお聞かせください。",,2025/9/1,企画総務委員会,議員
,令和7年 企画総務委員会(9月1日),岩田職員課長,梶谷優香,"配偶者同行休業に伴う代替職員の採用制度ということで、今回、導入を提案させていただいてございます。これまでの経緯というところで答弁させていただきますと、委員におっしゃっていただいたとおり、令和６年度の時点で特別区としてこの制度を導入できるという形とされまして、各区で必要に応じて導入をしていくというところでございます。実は、令和６年度の時点で取得をしている方が一人いらっしゃいまして、その際には、お一人だけだったということもあり、短期間であれば派遣職員で対応できますし、お一人であれば、常勤職員の人事異動ですとか、採用することによって対応できておりましたので、この任期付職員の代替職員の採用制度については導入していかなかったところでございます。

２つ目の御質問にも入ってしまうんですけれども、現在、令和７年度におきましては、事務の職員で２名、土木の職員で１名、計３名の方が令和７年度に入ってから取得をしているということで、社会的な状況も大分変わり、様子が変わってきたというところもございました。そうしたことを受けて、本区としましても、常勤の職員で対応するというのが、昨今の職員の確保の難しさですとか、そうしたところを受けまして、任期付の職員等で対応していくほうが柔軟に対応していけるだろうということで、今回、導入をさせていただく運びとなりました。

以上でございます。",,2025/9/1,企画総務委員会,理事者
,令和7年 企画総務委員会(9月1日),梶谷委員,梶谷優香,"対象者が増えてきたこと、当時は一人で少なかったために今回のタイミングになったこと、もろもろ理解をいたしました。家庭の事情により配偶者の転勤に同行せざるを得ない場合でも、組織として人材確保を途切れさせずに対応できることで本区にとって有意義な制度だと思います。本制度の導入に向けて、職員等への周知も引き続きよろしくお願いしたいと思います。

最後に、資料６、再採用選考（カムバック採用）制度の導入についてお伺いをいたします。

今回の採用制度では、受験資格が平成30年４月１日以降に退職した方々から対象となります。対象者は大体どのくらいの人数になるのか、まず、お聞かせいただければと思います。",,2025/9/1,企画総務委員会,議員
,令和7年 企画総務委員会(9月1日),岩田職員課長,梶谷優香,"再採用選考、カムバック採用制度というふうに申し上げますけれども、導入に当たりまして、これまでの退職者の数、平成30年４月１日以降ということで委員にお示ししていただいたとおりでございますが、平成31年３月31日までに退職された方で37人、令和２年３月31日までで退職された方が36人、令和３年が40人、令和４年が56人、令和５年が61人、令和６年が76人ということで、合計306人の方が対象ということになります。ただ、こちらは定年退職をされた方を除きますというところと、中には、退職当時の年齢が58歳、59歳とか、この時点ではもう既に年齢要件が過ぎてしまっている方もいらっしゃるかもしれませんが、退職者の数ということであれば、今申し上げた306人という状況でございます。

以上でございます。",,2025/9/1,企画総務委員会,理事者
,令和7年 企画総務委員会(9月1日),梶谷委員,梶谷優香,人数について確認をさせていただきました。もう既に退職してから数年たっている職員の方々もいらっしゃいますが、今回の制度についての周知はどのように行う予定なのか。ホームページはもちろんですけれども、対象者の方には個別で制度の導入についてお知らせを行うかなど、現時点で決まっている周知の方法などがあればお聞かせください。,,2025/9/1,企画総務委員会,議員
,令和7年 企画総務委員会(9月1日),岩田職員課長,梶谷優香,"対象の方々への制度の周知というところでございます。

まず、今、委員におっしゃっていただいたとおり、本区でやっております採用のホームページがございますので、そちらには常時、制度についての説明については載せようと思っております。採用案内、どの職種で募集をしているかという募集案内については、掲載するときとしないときが出てくるかもしれませんが、制度自体については常時導入をして、本区ではありますよというところはお示ししていきたいというふうに思っております。また、庁内の職員に向けても、もちろん、こうした制度を導入したということを周知して、退職した方と職員課、我々とはつながりがない場合ももちろんありますけれども、職員同士で退職した方々とつながりがあって交友関係があるというようなことも十分に、むしろそういった可能性のほうが高いと考えておりますので、庁内の現役の職員にもしっかりとお伝えするということで考えております。また、今、委員におっしゃっていただいた一人一人にお手紙ですとか、何か個別に直接的に周知をするかというところでございますが、既に導入をしている各区の職員課長等に話を聞いたことがございまして、実際そういうふうにやっていて申込みが結構来たというような話があって、確かに有効な、ある意味、一番手っ取り早い周知の方法なのかなというふうに思っております。ただ、一方で、少し問題もあったというようなお話を聞いていまして、退職時の御住所ですので、結局届かなかったということもちろんありますし、残念ながら亡くなられてしまっていた方にお送りしてしまったなどということもあったというふうに聞いております。また、区からそういったものが送られてくることを好ましく思わない方もいらっしゃったということで、トラブルというか、少しお叱りの声をもらったとか、そういったこともありました。効果的な方法であることは間違いありませんので、どうやっていけば適切な形になるのかというところも検討しながら、今後、また周知のほうを考えていきたいと思っております。

以上でございます。",,2025/9/1,企画総務委員会,理事者
,令和7年 企画総務委員会(9月1日),梶谷委員,梶谷優香,"制度については、ホームページで常時周知を行っていただき、また、庁内の職員へも周知をしていただけるということで理解をいたしました。個別の周知に関しては課題等もあるということで、もろもろ理解をいたしました。

今回の制度については、広く周知することで、ライフイベントや転職等で離職された方が再び本区で働ける道を開くことができる一つの手段だと考えております。一度本区を離れた職員の知識や経験が生かされて、本区にとって有意義な制度となることを期待して質問を終わります。",,2025/9/1,企画総務委員会,議員
,令和7年 企画総務委員会(9月1日),渡部委員,渡部恵子,"それでは、まず、資料１から質問をさせていただきたいと思います。

先ほど来、特別区の配分割合が変わったということでの御答弁を私も拝聴させていただきました。今年、令和７年２月７日の企画総務委員会におきまして、同じく特別区の配分割合の変更ということでのお知らせを御報告いただきました。まず、特別区の配分割合は55.5％から56％、そして災害対応経費等に充当される特別区の交付金の割合は５％から６％に変更するということでお知らせをいただいたところでございます。そもそも、都と特別区は大都市東京を共に支え合うパートナーということで、鉄道・道路ネットワーク、インフラ整備、無電柱化の推進、調節池の整備による強靱化、産業力の強化、ゼロエミッションに向けた先進的な取組など、ハード・ソフト両面において東京の都市基盤や国際協力、競争力を向上させる施策を行い、特別区は住民を身近で支えるきめ細かいサービスを行うなど、持続的発展の実現を目指していくという方針も併せて御報告いただいたところでございます。

中央区は比較的稼ぐ自治体として東京都に非常に貢献しているというふうに認識しているわけでございますけれども、まず、こちらの計算式といいますか、単位費用は、大体35万人の自治体を想定して、そこに単位費用とか測定単位とか補正係数という様々な自治体を空想して、中央区にはどれぐらいの需要があるかみたいなことを掛け合わせて基準財政需要額が算定されていくものだということをかつて教えていただきました。今回、私がいろいろ資料を見ながら感じておりますのは、23区の中で新生児が一番誕生している行政区であることですとか、それこそ日中人口が非常に多いということですとか、インバウンド観光客を受け入れている様々なファクターもある。また、災害時の考え方として、先ほど特別交付金について１％上がったということでお知らせをいただいておりますが、具体的に教えていただきたいのは、交付金についての算定の仕方、公平性についてです。どこまで中央区の算定の書式、計算式が公平にきちんと、23区、特別区にその物差しとして、中央区、公平性においては、この計算式においてはどのように捉えていらっしゃるのか、まずお聞かせいただけますでしょうか。",,2025/9/1,企画総務委員会,議員
,令和7年 企画総務委員会(9月1日),野末財政課長,渡部恵子,"財調算定に当たっての計算式の妥当性というところでございます。

委員から御紹介がありましたとおり、大きく捉えますと単位費用掛ける測定単位、それに各種補正係数が加算されまして財調算定がされているところでございます。大きく普通交付金と特別交付金に分かれておりまして、今の説明は普通交付金というところで、ある意味、画一的な基準によって基準財政需要額を積み上げる手法でございます。こちらはあくまで、例えば本区でいえば新生児が増えるとなりますと、人口が増えたり、また18歳未満の人口が増えるといったところで、そこら辺の測定単位が増えることによって財調算定も増えていくというような仕組みは、この制度の中には組み込まれているところでございます。その一方で、普通交付金では算定し切れない部分、例えば普通交付金の算定期日後に災害が発生した場合とか、例えば算定技術上、算定が困難な場合、また23区の普遍性はないのだけれども、その他、区の特別な事情によって算定しなければならない需要といったものも一定程度ございますので、それは特別交付金の中で補完していくというような財調制度全体の中で各区の需要を捉えているところでございます。

今回の算定結果、当初算定結果で前年度に比べて約26億円の増となりました。この増加率は大体14.8％ということで、今回の当初算定の中で、伸び率としましては23区で一番という状況になっています。中央区が全国で一番人口率が伸びているというところも踏まえますと、人口が伸びたことによって財調算定も適切に、水準はあるんですけれども、そこは算定されているものなのかなというふうには考えているところです。

以上でございます。",,2025/9/1,企画総務委員会,理事者
,令和7年 企画総務委員会(9月1日),渡部委員,渡部恵子,"ありがとうございます。ということは、算定式というのは適切に中央区の中で反映されているというふうに受け止めていらっしゃるということを教えていただきました。ありがとうございます。

実際、特別交付金を考えていく中、透明さに欠けるということも耳にいたします。新規とか算定改善した項目は今回どういうものがあったのかとか、そのあたりはどういうふうにお考えで、区の、特に私が一番懸念していますのは日中人口が非常に多い。今日は９月１日で、関東大震災から102年目に入りました。いつ災害が起こるか分からないですとか、東京都によりますと、最近、富士山噴火の映像等々も出されているようでございまして、こうしたことを考えますと、都心でこれだけの日中人口があるということをどこまでしっかり捉えていただいた中で１％増えて、その中でどういうふうに具体的に都心区としての対策を講じられたのかということがなかなか見えてこないような気がするんですが、そのあたりはどういうふうにお考えでしょうか。",,2025/9/1,企画総務委員会,議員
,令和7年 企画総務委員会(9月1日),野末財政課長,渡部恵子,"令和７年度の算定項目でございますけれども、特に一番大きいのが、今回、新規項目で能登半島地震を踏まえた災害対応力の強化という形で新規算定された項目がございます。こちらについては、中央区としまして約24億円弱の基準財政需要額の算定がされているところでございます。また、そのほかにも、子ども医療費助成の事業費の算定充実とか、学校給食費の保護者負担軽減の充実、こちらの新規算定が行われていたり、また、本区の場合ですと市街地再開発が活発に行われていますので、これは都市計画交付金の地方債収入相当額の算定ということもされているところでございます。そういったものを含めまして、今回、基準財政需要額としては約73億円ほどの増というふうになっているところでございます。

以上でございます。",,2025/9/1,企画総務委員会,理事者
,令和7年 企画総務委員会(9月1日),渡部委員,渡部恵子,"先ほどハード・ソフトということで読み上げさせていただいたんですが、本区は、道路ですとか、いろいろ自身の財政で、電柱の地下化も含めながら、あと熱い道路を少しでもなくすような取組など、都心区としてハード面を様々整えてきた。そのあたりはどういうふうにきちんと反映されているのかという話を実はお伺いしたかったんですが、市街地再開発という形でのフィードバックといいますか、判定をきちんとされているということを教えていただきました。ありがとうございます。

稼ぐ自治体ということで、港区と渋谷区がいらっしゃるので、声高には決して言えませんけれども、この制度の中で中央区がこれからもその財政を区民の皆様に反映していけるように、これからも東京都へ進言などがございますときは、これから築地の開発等々もございます。あれは東京都がやるものではありますが、区民にも大きく影響していくので、様々なファクターを都庁のほうにお届けいただければというふうに考えております。ありがとうございます。

次に、資料２について、前委員から様々御質問がありましたので、私は２つだけお伺いしたいと思います。

まず、先ほど回収率が45.6％ということで、本区としては、回答いただくには十分な数値であったということを伺いました。ただ、経年を見ますと、昨年よりは15名ほど回答率が増えたということ、ただ、第50回と比べると、280人ぐらい減少した中での回答だったのかなというふうに思っています。お願いするところで勧奨といいますか、お返しくださいということでの御努力もいただいているのかなというふうにも思っているんですけれども、来年度に向けて、こちらは要望ではございますが、ここ数年落ち込んでおります回答率、回答してくださった方々、質問の仕方というのか、どういうことでなのか分かりませんけれども、これは企業にきっと投げていらっしゃるんだと思いますが、少しでも返していただける工夫などをしていただけたら、より深度を増した回答が来るのかなというふうに思いました。

そして、今回、項目が変わったという御質問も先ほど前委員からございました。私が気になりましたのは、築地魚河岸についての項目が今回からなくなったということです。これについては、何か理由があってなくなったのでしょうか。一定程度の回答が出たということでの判断だったのか、どうしてなくしたのかということについて伺わせてください。",,2025/9/1,企画総務委員会,議員
,令和7年 企画総務委員会(9月1日),小森広報課長,渡部恵子,"世論調査で築地魚河岸についての設問についてでございます。

設問の設定につきましては、所管部と協議しながら庁内で決めていくというプロセスの中でということにはなるんですけれども、魚河岸の設問につきましては、平成29年から昨年、令和６年まで８年間調査を実施してきました。この調査の中で、区民の利用状況、来場の実績とか来場目的、こういった事業展開における基礎的な資料、データはある程度集約できたという判断の下で、今回は設問には上がらなかったということになっております。

以上でございます。",,2025/9/1,企画総務委員会,理事者
,令和7年 企画総務委員会(9月1日),渡部委員,渡部恵子,"築地魚河岸の利用率というのは、あまり数字が変わっていないといいますか、むしろ、知らない、行ったことがないという数字も若干増えていたりというような印象がありました。本場移転に伴って、場外の方々からの願いとともに、築地が食のまちであったということをしっかり残していくために、せっかく区が造った施設というふうに理解しております。今、観光客の方々が非常に多くて、本来の築地魚河岸の役目を果たしていないのかなということを私は散見しているところでございますが、また別な形で、築地の開発もこれから来ますので、その中での築地魚河岸の在り方についての新たな考え方など、区民の皆様がどのように捉えていらっしゃるのかということをお伺いしたいというふうに私個人としては思いました。

以上でございます。ありがとうございます。",,2025/9/1,企画総務委員会,議員
,令和7年 企画総務委員会(9月1日),瓜生委員長,瓜生正高,"質疑の半ばではありますが、ここで一旦休憩を入れます。再開は午後３時10分といたします。

暫時休憩に入ります。

（午後３時00分 休憩）

（午後３時10分 再開）",,2025/9/1,企画総務委員会,議長/委員長
,令和7年 企画総務委員会(9月1日),瓜生委員長,瓜生正高,"休憩前に引き続き、会議を再開いたします。

続いての発言を願います。",,2025/9/1,企画総務委員会,議長/委員長
,令和7年 企画総務委員会(9月1日),奥村委員,奥村暁子,"それでは、初めに、資料６の再採用選考（カムバック採用）制度の導入について伺います。

この中で、採用職種として全職種（ただし、物理、業務、医師、歯科医師及び幼稚園教育職員を除く）とあるんですが、この物理、業務というのはどういう職員になるのかという点についてお示しいただきたいと思います。

そして、派遣の方や会計年度任用職員などではなかなか補えないような仕事を担う職員の方が大変多くいると思いますし、本当に重要だと思いますが、この中でどういう分野でどの程度の人数をカムバック採用の中で募集していきたいのか、必要とされている人数についてお示しをいただきたいと思います。

続けて、資料８の陸上自衛隊による災害対処訓練への支援について質問します。

これは、訓練が７月に行われた報告ということになっています。現状で自衛隊という組織が存在している以上は、災害時に実際にこうやって救助や災害の支援に当たるということは自衛隊の仕事としてあるわけですけれども、私としては、災害救助隊など、また災害で人命救助やいろいろな物資の搬送など、様々な作業に当たる組織は別でつくればいいのではないかというふうに思っています。今、自衛隊員の募集をかけてもなかなか集まらないという状況もありますが、そういう中で、こういった災害対応の任務というのは自衛隊でなくてはできない作業に当たるのかどうか、消防庁所属のレスキュー隊ですとか、そういったものなどで補うことができないのか。そういう活用についても広げていくべきだというふうに思うんですが、考え方と今後の見通しについてお示しいただきたいと思います。",,2025/9/1,企画総務委員会,議員
,令和7年 企画総務委員会(9月1日),岩田職員課長,奥村暁子,"まず、再採用選考、カムバック採用の対象でない職種の物理、そして業務という職種についてでございます。

まず最初に、物理も業務も特別区内にはほとんど職員がおりませんというような状況でして、あまり想定されない職種であるというところが前提にございます。その中で、そもそも物理の職種というのがどういった業務をしていた職なのかというところでいきますと、学校教育等の中で物理教育ですとかのための調査・研究を行う職種として、当初、想定をされて採用されていた職種であったというふうに認識しております。先ほど申し上げたとおり、今、23区の中では物理の職員が一人もいない状況でございます。次の業務の職種についてでございますが、これも特別区にはほとんどもういない職種でございまして、一般事務の職員の補助的な業務を行う業務の職種という説明書きが書いてあるような職種でございます。いずれも、中央区としては、もう何年もそういった職種の職員がおりませんので、中央区では対象にはならないという状況でございます。

そして、２つ目の御質問で、どういう職種の職員、そしてどのぐらいの人数を採用していくのかというところでございます。

例えば、一般事務とか土木建築ですとか、今、欠員が多く出てしまっている職種について、それぞれの職場と協議をさせていただいて、どの職種、どの職員を何人ぐらい採用するのかというのをそれぞれ協議しながら決めていきたいというふうに思います。また、いわゆる技能系と言われる、例えば用務職ですとか、調理職とか、そういったところもかなり独自性がある職種で、そもそも職員の人数も少ない職種もございますので、そうした職種も、しっかりと定数管理をしている中で、どのぐらい採用していくかというのは、今後、所属としっかりと協議をしながら決めていくというような形になろうかと存じます。

以上でございます。",,2025/9/1,企画総務委員会,理事者
,令和7年 企画総務委員会(9月1日),石丸副参事（防災計画等・特命担当）,奥村暁子,"私からは、２点目の質問で７月の自衛隊訓練に絡みまして、消防等の関係ということの御質問でございます。

まず、自衛隊の任務は、自衛隊法の第３条でありますけれども、自衛隊は我が国を防衛することを主たる任務と位置づけておりまして、必要に応じ、公共の秩序の維持に当たると規定しております。必要に応じ、公共の秩序の維持というところが、いわゆる災害が起きた場合などに自衛隊が派遣されるというところでございます。委員御指摘のとおり、当然、災害が起こりましたら、これはまさしく自治体、当区も中心となりつつ、消防、警察が公共の秩序、つまり災害対応に当たるというところでございます。ただ、警察、消防でもどうしても手が足りない場合に、東京都知事が陸上自衛隊の第１師団長に対して災害派遣の要請をするというものであります。よって、基本的には、消防がしっかりやっていけば自衛隊が派遣されることはないというところでございます。

今後の見通しというところで言われましたけれども、我々としては、警察、消防で手が足りないときに自衛隊が派遣される可能性もあるところから、自衛隊と協力をしつつ、いざというときには自衛隊にも来てもらうということも想定しつつ、我々としては対応していきたいと考えているところでございます。

以上です。",,2025/9/1,企画総務委員会,理事者
,令和7年 企画総務委員会(9月1日),奥村委員,奥村暁子,"カムバック採用制度についてですけれども、以前から区の中では建築ですとか土木ですとか、そういう分野での職員が不足していると。そして、民間などでは中央区の職員よりもかなり高いお給料を出しているということもあって、そういったところと競合して、なかなか職員が集まりづらいという状況があったと思うんですけれども、カムバック採用の中では、こういった本当に必要とされる職について給与を上乗せしていくとか、民間ではなく中央区の中で働いていこうという気持ちを持っていただくための措置というのは独自に設定できるのかどうかという仕組みについて伺いたいと思います。

陸上自衛隊の災害対処訓練については、現状では、自衛隊がある以上は、警察や消防で手が足りない場合には活用していくということですが、やはり自衛隊の中でも人命の救助ですとか人の役に立ちたいという気持ちで働かれている方はたくさんいると思いますし、そういう人たちの働き方として、軍隊としての自衛隊ということではない活用の仕方、そういう組織、また、日本はいずれ大きな地震が東京にも来るということはほぼほぼ分かっているわけなので、そういった際にきちんと対応していけるだけの災害救助などに特化した組織というものもつくっていく必要があるというふうに私は考えています。この訓練について周辺の地域にはいろいろ周知もされたとは思うんですけれども、何も知らずに自衛隊のヘリコプターなどが上空を飛ぶということになると、びっくりされる、驚く方もいると思うので、周知という点について、訓練の内容なども含めて、きちんと伝えていく必要があると思います。その点について御見解を伺いたいと思います。",,2025/9/1,企画総務委員会,議員
,令和7年 企画総務委員会(9月1日),岩田職員課長,奥村暁子,"カムバック採用で戻られた方々への処遇というところでございますけれども、こちらはそのまま、今働いている方々よりも優遇をして戻ってきてもらうという制度ではございませんので、特段戻ってきた方に何か上乗せをして、今いる職員よりも優遇をした形で何か処遇をしていくという制度ではございません。23区全体の給料表の制度の中で、退職時の級号給を基礎とさせていただきまして初任給を決定させていただいて、民間で辞められている間に何か有益な期間があれば、その分については上乗せ加算というか、経験を加算させていただいて初任給を計算するというものはございますが、今働いていらっしゃる方々よりも殊さらに優遇をしてという制度ではございません。

以上でございます。",,2025/9/1,企画総務委員会,理事者
,令和7年 企画総務委員会(9月1日),石丸副参事（防災計画等・特命担当）,奥村暁子,"２点目の質問で、７月の自衛隊の訓練の周知に関する質問でございます。

今回の訓練の周知につきましては、基本的に、これは自衛隊側が計画をした訓練で、当区が支援をするという位置づけでございまして、自衛隊のほうが報道機関を通じて周知を図ったというふうに聞いておりますし、自衛隊の周知についてこちらも確認したところであります。ただ、我々として、支援をするという立場からも、地元説明については当区も全面的に支援をしたところでございます。特に、ヘリコプターが着陸する周りの施設、これは委員御指摘のとおり驚かれるといけない、また騒音もある程度ございますので、学校の授業に影響がないとか、施設として業務上問題がないか確認しつつ、自衛隊側と調整して地元の意見を通すようにしたというところと併せて、月島・晴海地区の町会などには直接御説明をした上で、御意見があれば、それをいただいた上で地元の理解の下にやっていったところでございます。

以上です。",,2025/9/1,企画総務委員会,理事者
,令和7年 企画総務委員会(9月1日),瓜生委員長,瓜生正高,続きまして、議題（１）、企画・総務及び財政の調査について質疑はございますか。,,2025/9/1,企画総務委員会,議長/委員長
,令和7年 企画総務委員会(9月1日),海老原委員,海老原崇智,"それでは、私からは公共施設の再編成に向けた検討の進め方について伺いたいと思います。

令和７年度区長所信表明におきまして、公共施設の整備につき、新たに公共施設マネジメントシステムを導入する。そして、既存施設の有効活用や多目的利用を念頭に再編成を検討することで将来の需要に応えていく旨がうたわれています。公園・緑地、交通関連、教育施設、スポーツ・レクリエーションと多岐にわたると想定をされるわけであります。一方、我が会派の昨年の一般質問、令和６年第４回定例会におきまして、私からも、公共施設全般の在り方とはるみらいの全区的展開についてと題しまして、この問題について取り上げさせていただいております。本区を取り巻くもろもろの課題感、ここではあえて指摘はしませんが、区と我々とで共有をしていると思うわけでありますけれども、今回、令和８年度予算編成方針におきまして、予算編成の留意点の中で公共施設あり方検討会議での検討が表明されております。我々議会ともしっかりと議論を重ねていくべきであると考えますが、こちらの検討会議の概要についてお知らせをいただくとともに、今後どのようにこういった議論を進めていくのか、お考えをお聞かせいただければと思います。",,2025/9/1,企画総務委員会,議員
,令和7年 企画総務委員会(9月1日),登り副参事（計画・特命担当）（シティプロモーション推進課長）,海老原崇智,"それでは、公共施設あり方検討会議についての概要と今後の進め方といったところでございます。

まず、公共施設あり方検討会議ですけれども、こちらは本区における将来の人口動向であるとか、施設の需要を見据えながら公共施設全体の在り方を全庁的に検討するというところで、令和７年５月に庁内に設置をした内部の検討会議でございます。今、こちらで検討しているところではございますけれども、今後、やはり公共施設は区民の皆様も御利用いただくものでございますので、我々内部の検討だけで十分だというふうには考えてございません。方法論につきましては、まだ具体的に検討しているところでございますけれども、今後検討を進めていく中では、議会の皆様にも御意見をいただきながら、また区民ニーズの聴取についても検討してまいりたいというふうに考えてございます。

以上でございます。",,2025/9/1,企画総務委員会,理事者
,令和7年 企画総務委員会(9月1日),海老原委員,海老原崇智,"御答弁ありがとうございます。

人口動向も見据えてということで、確かに20万都市も目前に控えているわけであります。令和７年５月、今年の５月から検討を始められて、どのぐらい検討が進んでいるのか、今、御答弁できるかどうか定かではないかと思いますけれども、全庁的にということで庁内の内部検討、今後具体的にということなんですが、既存の様々な計画ものとの整合性についてのお考えをお聞かせいただきたいというふうに思います。",,2025/9/1,企画総務委員会,議員
,令和7年 企画総務委員会(9月1日),登り副参事（計画・特命担当）（シティプロモーション推進課長）,海老原崇智,"現在の検討の状況でございますけれども、在り方を検討していくに当たりましては、以前から既存施設の有効活用等々を検討していくというところでございますが、その検討の前提として、現在の施設の利用状況ということだけではなくて、やはり将来の施設需要も踏まえて検討していく必要があろうかというところでございます。現状、その前提となる公共施設の将来需要について調査検討を行っている段階でございます。

基本の計画との兼ね合いでございますけれども、公共施設につきましては、まず、公共施設総合管理方針というものがございます。今回の検討につきましては、公共施設総合管理方針の中で掲げられている基本目標等、基本方針、そうしたものを踏まえて施設分類ごとに検討していくということで考えているところでございます。一方で、令和３年３月に公共施設個別計画といったものも策定してございます。こちらにつきましては、公共施設の在り方を検討した上で、それを実現していくという段におきましては施設整備等々が当然必要になってくるというところも想定してございますので、この考え方、方針を踏まえた上で、公共施設の個別計画につきましては、改定をしながら計画的に施設整備等を進めていければというふうに考えてございます。

以上でございます。",,2025/9/1,企画総務委員会,理事者
,令和7年 企画総務委員会(9月1日),生島企画部長,海老原崇智,"今、副参事が申し上げたとおり、議論を始めているところですけれども、やはり20万都市に向けてというところで、かなり広く、これまでのサービス需要を単純に増やしていくということだけでなく、既存ストックを有効活用するということに関してどう考えていくのかというところも含めて、踏み込んだ形で議論をしていかなければいけないだろうというふうに思っているところでございます。そういったときに、区民の皆様に影響する部分も出てくるかと思いますので、こういった部分に関しましては、申し上げたように議会のほうにも情報提供させていただきながら、中長期の見通しを持ちながら、しっかり議論はしていきたいと考えているところです。

以上です。",,2025/9/1,企画総務委員会,理事者
,令和7年 企画総務委員会(9月1日),海老原委員,海老原崇智,"御答弁ありがとうございます。

今、御答弁いただいたところですけれども、再編成の一つの狙いというのは、やはりハードの整備、整理でありつつ、区制施行80年のその先の中央区の在り方、統合といいましょうか、多様性を認めつつ、お互いに認めながら、地域コミュニティであったり、様々な重なり合い、こういったものの再生や構築にあるというふうに私は考えております。その観点で運用や利活用に取り組んでいただきたいというふうに思っております。また、そういうふうになると、副参事がおっしゃっていましたけれども、総合管理方針というものが大本に大きくあるわけではありますが、もしかしたらそこののりを越えてしまうようなこともあるのかなと思います。今の、そしてこれからの、まさに今調査をしている現在の利用状況と将来需要ということもございますので、そこをぜひとも一歩踏み込んだ形で検討を加えていただければと思います。

また、計画の見直しについては、ぜひとも総合的な観点と、そして区民の皆様、たくさんの方々がいらっしゃいます。いわゆる人数ではなくて、様々な御要望をお持ちの区民の方が多うございますので、区民の皆様への丁寧な周知に努めてほしいというふうに思っております。

私の質問を終わります。",,2025/9/1,企画総務委員会,議員
,令和7年 企画総務委員会(9月1日),竹内委員,竹内幸美,"私からは、先日、全員協議会でも築地市場の再開発事業者の説明会がございまして、その中で、この款に関する部分で、帰宅困難者等、防災の対策のことについてお伺いをしたいと思います。

事業者のほうでも、８月22日に公開された中では、長い全文五十数ページの中の１ページの部分で防災対策というものも述べられておりましたが、もちろん、これから具体的な計画になっていくわけでございますから、その中に当然ながら盛り込んでいただける内容と思っております。本区としては、あれだけ大規模な施設ができますから、災害時の対策というものに対しても期待をするところがあるかと思っております。そういった点で、本区のお考え、あそこの施設、あの地域のまちづくりに対する展望というものをお聞かせいただきたいと思います。お願いいたします。",,2025/9/1,企画総務委員会,議員
,令和7年 企画総務委員会(9月1日),菅沼防災危機管理課長（参事）,竹内幸美,"築地の市場跡地19ヘクタールの今後のという話で、防災対策は本当に重要でございます。そういった部分を含めまして、今、事業者と早々に実態的な協議をスタートしたばかりでございますけれども、とりわけ防災対策という広義の意味でいうと、今、委員から御紹介があった帰宅困難者対策もしかり、それから陸海空のあらゆる物資の搬送拠点になり得る立地というところの、ある種、有資源をどう活用するのかという土地利用の部分を、我々区として、やはりきちんと協議、調整しなければいけないという視点を持ってスタートしているところでございます。

まず１つ目、帰宅困難者対策の部分につきましては、実態的に本当に難しいのは時間軸の問題があります。まず１つは、まちびらき１期という2030年代前半の時間軸と、まちびらき２期という後半、さらに、その間、地下鉄新線の部分を含めて、きっと一気にグランドオープンではなくて、あそこの19ヘクタールが徐々に顔としての変化を見せつつ基盤が整いという途中経過をきちんと見据えながら、そのときの帰宅困難者対策のありようとか、そのときのオペレーションをどうするのだというところを、事業者に対して、我々は具体的に、今、計画初期だけれども、そこはきちんと理念、考え方として盛り込んでいこうという話を実態的にしてございます。とりわけ、御案内のとおり、ここのまちづくりの核となるにぎわいというのが５万人規模収容のマルチスタジアム活用で、５万人がいるときに有事が起きたら、つまり大地震が発生したらというところのオペレーションと、そうでない状況下でのオペレーションは全く異なるものという話もきちんと今のうちにというところでございます。

したがって、今、一様に外形の輪郭、帰宅困難者対策はこうだよという話の部分は、正直、まだ煮詰まっているところでは全くございませんけれども、そういった視点と、もう一つ大きなところでいうと、ここの防災拠点としてのセンター機能がまち全体として機能するようにというところでございます。御案内のとおり、ＭＩＣＥ機能であったり、劇場機能であったり、はたまたレジデンス、住宅であったり、ホテル、業務、様々な用途が重なり合ってというところを含めての配置計画になっていますので、そこを一元的に統一する統一管理者というか、統括管理者みたいなものを置きながら、まち全体が有事のときにきちんと機能するソフトの部分のまとまりというところをきちんと目指してほしいということもお話をしているところでございます。

もう一つ、築地の場外、そして銀座との近接距離というところを含めまして、本当に日本、首都東京を代表する繁華街、２つの顔を持っているところの新しい19ヘクタールの土地利用が生まれるわけですから、そこの繁華街の人たちの人流、人の動きを含めながら、高度な防災対策を我々は望んでいきたい、そのような思いを持って協議しているところでございます。包括的に今お話しした帰宅困難者対策とか、あらゆるオペレーションの話とか、あるいはミクロ的に言うとトイレ対策、築地の場外の人たちは自分たちで実はまともなトイレを持っていないということを大きい声で言ってしまっている部分もございまして、来街者を受け得る空間として、ここは有事のときにきちんと受け止められる空間を持っているのだという機能、きちんと生かせる機能と運用を両面から我々は今後きちんと協議を重ねていきたい、そのように考えているところでございます。

以上です。",,2025/9/1,企画総務委員会,理事者
,令和7年 企画総務委員会(9月1日),竹内委員,竹内幸美,"御答弁ありがとうございました。

やはりああいう施設に対するにぎわいの期待、そうではない部分での不安材料、いろいろあるかと思いますが、先ほど御答弁の中でもありました５万人規模の観客、そこに訪れる方がいるのか、そうではないときでも、まちを訪れる方々がいる。また、時間軸というお話もあったかと思います。やはり一気に出来上がるわけではなく、数年、十数年の単位で物事が動いていく。かつ、公共交通の整備という部分もあるかと思います。あの施設が出来上がったとき、何事もないのがもちろん一番いいんですけれども、特に初期の段階は、今考えているよりも多くの方が、初めて来るという方も含めて、ＭＩＣＥ機能、レジデンス、創薬の拠点等を含めて、築地という場所は知っているけれども、初めて訪れる方々も多いという中では、非常にこれから長きにわたり議論をしながら、こういったものを整えていかなければならないであろうと思っております。現段階では、まだこれからの議論、今後も続けていかなければならないというところで、現在、区が考えていらっしゃる想定、懸念という部分でお伺いをいたしました。

事業者が決まって、来年の計画、それから、その後、状況が変わっていくであろう中で、綿密な計算、要望を加えながら行っていくところに、私たちも議論を加えて、この施設に対してのよりよい環境が生まれることをしていきたいと思っております。引き続きの議論になるかと思いますが、今回はこの確認、展望ということでお伺いをいたしました。今後もまた、さらに深まる議論を続けていかれたらと思います。

今日はこれで終わりにします。ありがとうございました。",,2025/9/1,企画総務委員会,議員
,令和7年 企画総務委員会(9月1日),ほづみ委員,ほづみゆうき,"私からは、前委員に続いて公共施設あり方検討会議について伺います。私も予算編成方針を拝見して、この存在を把握したところでして、中身について幾つか確認させてください。

こちらの会議の体制としては、内部の会議ということだったんですけれども、どういった部署が関わっているのかというところ、あとは総合管理方針の中で取組体制のようなものも記載があったんですが、その中にどのように位置づけられるのかというところについてお伺いできればと思います。お願いします。",,2025/9/1,企画総務委員会,議員
,令和7年 企画総務委員会(9月1日),登り副参事（計画・特命担当）（シティプロモーション推進課長）,ほづみゆうき,"それでは、公共施設あり方検討会議の体制でございます。

あり方検討会議につきましては、両副区長、教育長、その他、施設を所管する全ての部の部長であったり、庶務担当課長をメンバーとするような形で全体会という形で設けた上で、各施設分類ごとに６つの分科会という形を設定し、各施設の所管課全てが関わるような形で設定をしている会議となってございます。検討の体制についてでございますけれども、こちらにつきましては、個別の施設の話というよりは全体的な公共施設の在り方を検討するようなものになりますので、まず、こちらのほうで検討した上で、それを実施するという段階になったときに、また個別に精査をしていくというような形で運用していくというところで考えてございます。

以上でございます。",,2025/9/1,企画総務委員会,理事者
,令和7年 企画総務委員会(9月1日),ほづみ委員,ほづみゆうき,"会議の体制について、ありがとうございます。位置づけにつきましては個別にということでしたけれども、これについては一旦理解いたしました。

本件については、今後、区の中でもかなり重要な課題というふうに認識をしております。様々な変化に対応しつつ、最適な施設管理が行われることをぜひ期待しておりますし、その状況について議会にも定期的に御報告いただければというふうに思っておりますので、引き続きよろしくお願いいたします。

私からは以上です。",,2025/9/1,企画総務委員会,議員
,令和7年 企画総務委員会(9月1日),奥村委員,奥村暁子,６月の委員会の際にも一度御答弁いただいているんですけれども、防災トイレの確保について、時間がなかったということもあり、御答弁がちょっと分かりづらかったかなと。私自身もきちんと理解していないところがあるので、再度教えていただきたいんですけれども、東京都のほうで東京トイレ防災マスタープランを公表して、2030年までにトイレの空白地帯を解消していこうという方向性が打ち出されました。東京都の調査だと、災害発生時から１週間は被災者50人当たりトイレ１基の確保に努めようということをうたっているんですけれども、人口密度の高い区部、地域だとトイレ１基当たり80人以上の想定がされる地域が多いということで、中央区での状況をお聞きしたんですが、御答弁としては１基当たり21.09人ということで、区部でトイレが不足しているという状況の中にあって、中央区はトイレの整備が随分進んでいるのだなというふうに感じたんです。東京都の資料ですと、発災直後から使用可能なトイレの基数ということで各自治体の状況がグラフ、表になっていますけれども、これを見ると、施設でいうと、中央区で対象の施設となっているのが35あるうち、地震直後から50人で１基以下、少ない人数でトイレ１基を使えるようにできているところが２か所ということで、施設での充足率は5.7％という状況になっています。そうすると、御答弁で発災直後から約21人で１基使えるという状況とは数字が違うかなと思うので、そのあたりについて、もう少し分かりやすくトイレの整備の状況について御説明いただければと思います。よろしくお願いします。,,2025/9/1,企画総務委員会,議員
,令和7年 企画総務委員会(9月1日),早川防災危機管理室長,奥村暁子,"災害時のトイレ対策でございます。６月５日の本委員会で担当課長のほうから答弁させていただきましたが、分かりづらかったということでございまして、その辺の経緯等を詳細に答弁させていただきたいと思います。

本年３月に東京都のほうでトイレマスタープランというものを策定しました。その前に基礎調査として、災害直後、発災直後に使えるトイレの数というものを各区市町村全てに調査をかけたということで、そこに対しまして、本区では35あるうち、委員は２と言いましたが、３ということで回答させていただいておりまして、これでいきますと8.6％ということになってございます。ちなみに、区部の平均は15.6％ということでございまして、このときの条件が上下水道、電気等が止まったときでも使えるトイレという条件だったので、３施設ということです。ただ、その前提条件がございまして、トイレを中心に半径250メートルの円を描きまして、徒歩５分以内で来られる方、これは避難、避難以外を問わず、住民の方で算定されていまして、そこはすごく分かりづらいんですが、人口をベースにすると、ここのエリアはこの人数ですよというのを東京都のほうで示しまして、それに対して充足しているのが8.6％という形になってございます。

しかしながら、区といたしましては、防災拠点、いわゆる避難所の周辺もしっかり下水道の耐震化も進んでおりまして、防災拠点というのは発災以降もすぐに使えるトイレが備わっているというふうに認識してございます。それでいきますと、１基当たり21.09人という数字になってございまして、その辺の答弁が若干、前提条件をきちんとお示ししないまま答えたといったところで、大変分かりづらくて申し訳ございませんでした。

以上でございます。",,2025/9/1,企画総務委員会,理事者
,令和7年 企画総務委員会(9月1日),奥村委員,奥村暁子,"いろいろ調査の方法、カウントの方法なども若干複雑なようですけれども、施設、建物の中のトイレということではなく、マンホールトイレとか、発災後すぐに使えるようなものも含めて考えると21人で１基という意味合いなのかなと思うんですが、そういう理解でよいかという点についても再度御答弁いただきたいというふうに思います。

マンホールトイレも大変大事ですし、どんどん拡充していくことは必要ですけれども、施設の中で発災直後からすぐに使えるトイレとしては、35施設のうち３基、パーセンテージとしても低いということなので、やはり施設の中でも増やしていく計画も必要だというふうに思います。施設の中で増やしていくというのは、改修工事なども含めながら、また地域間でのバランスなども見ながら、今後改善していく方向にあるのかどうかという点もお示しいただきたいというふうに思います。

続けて、同じ６月の委員会の中でトイレのトレーラー、トイレトラックというものを品川区が１台購入したということで、さらに、トイレトラックを導入している自治体で構成されているプロジェクトに参画して、お互い派遣協力なども行うという取組をぜひ中央区でも考えていってほしいということで要望させていただいたんですが、トイレトラックに続いて、これは江東区の例ですけれども、キッチンカーの団体とも協定を結ぶということが進んでいるそうです。一般社団法人日本キッチンカー経営審議会というところと協定を締結して、災害時にキッチンカーなども活用して食事の提供を行っていこうと。江東区で行われている炊き出しのイベントなどにも、こういった経営審議会のキッチンカーも参加するということだそうです。災害時の食事の提供については、区では需要に対してどの程度供給を満たしているのか。温かい食事を災害時に提供するというのは、健康上も精神衛生上も大切だと思うんです。学校の給食室を使うとか、弁当の宅配業者などと協力し合うとか、いろいろなことがあると思うんですが、キッチンカーの必要性についてどう考えているかという点について御見解をお示しいただきたいと思います。",,2025/9/1,企画総務委員会,議員
,令和7年 企画総務委員会(9月1日),早川防災危機管理室長,奥村暁子,"まず１点目、トイレの充足率といいますか、先ほど分かりづらかったということでございました。

発災後すぐに使えるトイレというのが、東京都のほうから示された調査の基準によりますと、35施設のうち、これは３基ではなくて３つの施設が１週間まで、避難者ではなく、50人当たり１基充足しているという意味ですので、そこにつきまして、区の防災拠点にあるトイレの数でいきますと、この数字に照らすと28.9％という数字になっていまして、それなりに確保されている。さらには、簡易トイレとか、そうしたものを全て使いますと、ほぼ100％の施設で１基当たり50人という、避難者に対してのトイレはしっかり確保できているという考えでございます。

そして、キッチンカーの必要性ということでございます。

この点については、まず、区として備蓄品で発災後４日分のサバイバルフーズですとか、そうしたもので様々備蓄はしていますので、４日間は備蓄してあるもので避難者に対して食事を提供する。それ以降になりますと、過去の震災の教訓からいきますと、温かい食事ですとか、そうしたものが欲しいという話になってきますので、給食室の活用ですとか、民間の事業者の方々の協力等々、様々考えられるわけでございますが、キッチンカーを止めるには、当然それなりのスペースも必要です。公園ですとか、広場といったところがなければ止められませんので、本区の特性に合っているのかというところも１つ考慮すべき点でございます。

いずれにしましても、あらゆる可能性を否定するつもりは私どももございませんので、そうした話があれば、しっかりと協議をし、とは言いながらも、キッチンカーというのは数に限りがあります。取り合いになるといいますか、周辺区との関係もありますので、本区に合った対策を今後とも進めてまいりたいと考えております。

以上でございます。",,2025/9/1,企画総務委員会,理事者
,令和7年 企画総務委員会(9月1日),奥村委員,奥村暁子,大きな災害が起きたときにどう対応していくか、どこまで準備しても終わりがないというような、防災対策はそういうものだと思いますし、本当に大変だと思いますけれども、以前、一般質問でも質問させていただきましたが、ＴＫＢ、トイレとキッチンとベッドが災害時にきちんと配備されて、区民の命を守っていく。一度災害から命は守れたものの、避難所で命を落とすという二次災害につながらないような取組は大変重要だと思います。いろいろ研究もされていると思いますけれども、進んだ自治体の例もさらに研究していただいて、対策を強めていただきたいということを強く要望して質問を終わります。,,2025/9/1,企画総務委員会,議員
,令和7年 企画総務委員会(9月1日),瓜生委員長,瓜生正高,議題（１）、企画・総務及び財政の調査について、継続審査ということでよろしいでしょうか。,,2025/9/1,企画総務委員会,議長/委員長
,令和7年 企画総務委員会(9月1日),瓜生委員長,瓜生正高,"さよう取り扱わせていただきます。

続きまして、議題（２）、請願第７号、選択的夫婦別姓制度をただちに導入するための国会審議を求める意見書の提出についての請願の審査について、質疑はございますか。

こちらのほうも継続審査ということでよろしいでしょうか。",,2025/9/1,企画総務委員会,議長/委員長
,令和7年 企画総務委員会(9月1日),瓜生委員長,瓜生正高,"さよう取り扱わせていただきます。

続いて、議題（３）、請願第９号、日本政府に核兵器禁止条約の参加・調印・批准を求める意見書採択を求める請願の審査について、質疑はございますか。",,2025/9/1,企画総務委員会,議長/委員長
,令和7年 企画総務委員会(9月1日),奥村委員,奥村暁子,ぜひ、この際、採決を諮っていただきたいと思います。よろしくお願いいたします。,,2025/9/1,企画総務委員会,議員
,令和7年 企画総務委員会(9月1日),瓜生委員長,瓜生正高,"ほかの委員の方は何かございますか。

ただいま本請願の審査におきまして、奥村委員から採決を行うべきとの発言がありました。

まず、本請願について採決するか否かについてお諮りいたしたいと存じます。

副委員長は委員席へお移りください。

では、お諮りいたします。本請願について、審査を終了し、採決することに賛成の方は御起立を願います。",,2025/9/1,企画総務委員会,議長/委員長
,令和7年 企画総務委員会(9月1日),瓜生委員長,瓜生正高,"起立少数と認めます。――御着席願います。

よって、本請願は継続審査とすることに決定いたしました。

副委員長は元の席へお戻りください。

続きまして、第三回区議会定例会における委員長報告の取扱いについて、正副委員長一任ということでよろしいでしょうか。",,2025/9/1,企画総務委員会,議長/委員長
,令和7年 企画総務委員会(9月1日),瓜生委員長,瓜生正高,"さよう取り扱わせていただきます。

これにて企画総務委員会を閉会いたします。

お疲れさまでございました。

なお、委員の方と担当部長はお残り願います。

（午後３時59分 閉会）

－委員会を閉じた後－

企画総務委員会行政視察は10月28日から30日で、視察目的として、熊本県熊本市ではくまもとＤＸアクションプランについて、山口県山口市では山口市庁舎を中心とした防災機能について、それぞれ実施することを協議し、決定した。",,2025/9/1,企画総務委員会,議長/委員長
,令和7年 福祉保健委員会(9月2日),堀田委員長,堀田弥生,"こんにちは。ただいまより福祉保健委員会を開会いたします。よろしくお願いいたします。

本日、障害者福祉課長は欠席します。

理事者報告に入ります。よろしくお願いします。",,2025/9/2,福祉保健委員会,議長/委員長
,令和7年 福祉保健委員会(9月2日),堀田委員長,堀田弥生,"ありがとうございました。

発言の時間制についてでございます。発言の持ち時間制につきましては、既に御承知のとおりですので、よろしくお願いいたします。ただいまの時刻は午後１時46分です。自由民主党さん80分、立憲民主党・無所属さん40分、公明党40分、都民ファーストさん10分、参政党さん10分となります。なお、持ち時間には、この後の議題である請願審査の時間も含まれます。

それでは、理事者報告に対する質疑に入ります。

発言を願います。",,2025/9/2,福祉保健委員会,議長/委員長
,令和7年 福祉保健委員会(9月2日),高橋委員,高橋元気,"理事者報告より順次質問をさせていただきます。

まずは、資料２、区の保有する債権の放棄についてお伺いをさせていただきます。

今回放棄した債権の名称、金額等を見ても、様々な事情が過去あると思います。中央区債権管理条例に基づいた権利の放棄を行うものであるとは思いますが、実際の運用として、例えば催告を何回とか、債権の放棄に至る基準、ここまでやったら放棄をすることにしているというような基準について、どのような形で運用がなされているのかについてお伺いをいたします。",,2025/9/2,福祉保健委員会,議員
,令和7年 福祉保健委員会(9月2日),岡田子ども子育て支援課長,高橋元気,"具体的な基準というものはないですけれども、基本的には、納期が過ぎた方に対して、その時点で催告状を送ったりですとか、送っても反応がない方に対して電話対応というような形を取らせていただいているところでございます。それを定期的に、先方に連絡を取っているというような状況でございます。

以上でございます。",,2025/9/2,福祉保健委員会,理事者
,令和7年 福祉保健委員会(9月2日),高橋委員,高橋元気,様々な事情はあるかと思いますが、例えば債権の、要は何年経過したらとか、あるいは何回連絡を送っても、あるいはこれはもう支払うことが不可能であると判断をした、あるいは支払う意思がないと判断した、様々な事情があるかと思いますが、実際にどういった、これも具体的な基準はないとは思うんですけれども、一般的な考え方として、どこまで後追いをするのかというようなところ、もしお答えできるところがあれば教えていただければと思います。,,2025/9/2,福祉保健委員会,議員
,令和7年 福祉保健委員会(9月2日),岡田子ども子育て支援課長,高橋元気,"まず、女性福祉資金の貸付けでございますけれども、基本的には、その対象となる方が配偶者のいない方で、いわゆるひとり親家庭の母親であったり、結婚して、現在、離婚したままの状態の方とか、そういった中で、一定の年齢制限だったり、所得制限などがありまして、そういった方を対象にしておりますので、基本的には、経済的に厳しくて生活に困っている方が比較的多く借りられているのかなというような認識でございまして、そういった方々に対して、まず最初の時点で返済計画といった形で相談対応をします。生活に無理のない範囲で返済計画を立てていただいているところでございまして、最大でいいますと10年間かけて120回払いとか、そういったような対応をしているところでございます。そうした中で、納期が過ぎて返済がない方に対して、例えばその中で催告はしていきますけれども、改めてまた分納の相談に乗ったりですとか、それぞれ個別に様々な事情がございますので、その方お一人お一人に対して個別の対応をしていく中でやっていっているところでございます。

今回債権放棄するものにつきましては、かなり古いものでございまして、一番古いものでいいますと、もう30年以上経過しているものがございます。そういった中で、いろいろと昨年度から債権回収の強化をするために、会計年度任用職員として債権回収の経験がある方を採用しまして、集中的に６年度、しっかりいろいろと対応していってたところですけれども、そうした中で、今回、結果的には当事者が死亡していたですとか、当事者が生活保護を受給していた。そういった中で、保証人が死亡していたりですとか、保証人が時効を援用した方とか、もう確実にこの債権を回収することは不可能だということが判明したものについて、今回はこういった債権放棄をしたところでございます。

基本的には、こういった考え方の中で、しっかり後追いをしながら、回収できるかできないかも含めて個別に対応していくというような状況でございます。

以上でございます。",,2025/9/2,福祉保健委員会,理事者
,令和7年 福祉保健委員会(9月2日),大久保福祉保健部長,高橋元気,少し補足になりますけれども、これは女性福祉資金に限らず、福祉全般に言えることですが、先ほどの委員の御質問の中で、ある意味、何回か催告を逃れたら放棄がされるのではないかというふうなイメージで質問されたのかと思うんですけれども、基本的には、そういう考え方を持っておりませんで、先ほど子ども子育て支援課長が説明しましたとおり、死亡されたりとか、生活保護など困窮しているということで、実際に回収が困難というふうに判断した場合についてでございます。何回催告した、その結果回収できなかったから放棄するというものではございませんので、その点は御理解いただければと思います。,,2025/9/2,福祉保健委員会,理事者
,令和7年 福祉保健委員会(9月2日),高橋委員,高橋元気,"それぞれありがとうございます。

こういった貸付けの事例で回収できなかったケース、様々なケースがあるかと思います。今おっしゃっていただいたとおり、債権回収をする中で、当事者が死亡されていた、あるいはもう破産されていたなど、回収がもう不可能と判断されるケースは様々あるかと思います。個別に対応されているということで理解をしました。ぜひそういった個別対応というのも、今後また債権回収を強化する中で様々に出てくるかと思いますが、御対応いただければと思います。

続きまして、資料３についてお伺いをさせていただきます。今後始まる乳児等通園支援事業、こども誰でも通園制度の制度化についてでございます。

こちらは、これから事業者による認可手続を開始するとのことで、これが始まるタイミングで本委員会にも、始まりますといった御報告があるのかなとも思っているんですが、区民の方々がこの制度を知るに当たって、申込みをする際の方法、そして周知の方法など、現状で決まっていなければ決まっていないでいいとは思うんですけれども、今想定されている申込み方法や周知の方法があれば、教えていただければと思います。",,2025/9/2,福祉保健委員会,議員
,令和7年 福祉保健委員会(9月2日),金広保育課長,高橋元気,"この制度を利用するに当たっては、まず、利用申請ということをしていただく必要がございます。これは対象が保育所等に通っていないということを区のほうに確認していただく作業が発生いたしますので、まず、それをしていただいて認定書を発行するという流れになってまいります。そして、その後に、こども誰でも通園制度の総合システムを通じて、園と事前面談という流れになるんですけれども、まず、認定手続が必要となるというところで、今回は認可条例、その後、確認条例というものがございまして、それによって、事業者が決まった段階で、どういった事業者が対象ですよ、それを利用するには手続をしてくださいという案内を年明けぐらいから進めていきたいというふうに考えてございます。

以上でございます。",,2025/9/2,福祉保健委員会,理事者
,令和7年 福祉保健委員会(9月2日),高橋委員,高橋元気,"ありがとうございます。今後、利用申請、そして区の認定書発行、事前面談等の手続を経た上で開始をするという形で理解をさせていただきました。

こちらは私も、すみません。不勉強ですけれども、こういった制度が始まる中で、全ての子供の育ちを応援し、成育環境を整備するといった理念はもちろんすばらしいとは思うんですが、実際問題、この中央区、区民においてどのぐらいニーズがあるのか。認可に限らず保育施設に通っていない。その上で、一時的に何らかの事情で預けざるを得ないケースをフォローするというような制度なのか。区が想定している使われ方について教えていただければと思います。",,2025/9/2,福祉保健委員会,議員
,令和7年 福祉保健委員会(9月2日),金広保育課長,高橋元気,"まず、どのくらい利用予定があるかというお話も質問の中にあったかというふうに思いますので、そこから回答させていただきます。

対象で考えますと、ゼロ歳６か月から２歳児クラスのお子さんで保育所に通っていない方は2,000人ぐらいいらっしゃいます。ただ、今、試行的事業を進めている自治体の実績や感想を聞くところによりますと、申込みは対象者の大体１割というところもあれば、ニーズが高いと考えている自治体もあって、また今後、東京都の制度の利用料無償化のほうも考えておりますので、そうすると、どこまでニーズがあるかというのは、まだ具体的には見えない状況でございます。

その中で、この事業の対象ですけれども、本来の目的でございます全ての子供たちの育ちを応援してというところになってまいりますが、こういった目的を踏まえますと、子供に多様な経験を定期的にさせたいという子供目線で、決まった日に決まった時間で御利用を検討されるような方を対象に考えてございます。

以上でございます。",,2025/9/2,福祉保健委員会,理事者
,令和7年 福祉保健委員会(9月2日),高橋委員,高橋元気,"ありがとうございます。理解をさせていただきました。

恐らく御自宅で保育をされている方が、それでも、いろいろな経験をさせたいといったときに使われるのかなというような印象もあります。まだ中央区でどこまでニーズがあるか分からない。これから事業を開始する中で、どういう使われ方がされているのか、そして、どういうニーズがあるのかということも把握をした上で事業を展開していただければと思いますので、よろしくお願いを申し上げます。

続きまして、資料４についてお伺いをさせていただきます。子どもの居場所プレディの、要は特認校３校についての開設になります。

こちらも様々な、これまでの委員会での質疑の中でも、特認校へのプレディ設置については検討していくというような流れの中で御答弁をいただいていたと思われます。今回実施するに当たって、もちろんニーズがあったというところを把握されたのだと思いますが、改めまして特認校３校におけるプレディ開始の経緯、そして、どのようなニーズ、需要を把握していたのかという点についてお伺いをさせていただきます。",,2025/9/2,福祉保健委員会,議員
,令和7年 福祉保健委員会(9月2日),藤原放課後対策課長,高橋元気,"特認校にプレディを設置する経緯、またニーズ等でございます。

今般、令和７年５月の状況でございますけれども、京橋築地小学校を除きます特認校の通学区域内に居住する児童数につきましては増加傾向でございまして、令和３年５月には180名程度だったものが、今年の５月には250名強まで増えているような状況でございます。とりわけ、常盤小ですとか、阪本小でそうした傾向が強く、学区域ごとに児童が安全で安心に過ごせる放課後の居場所を確保する重要性が高まっているという認識を持っているところでございます。現在も、こうした学校のお子さんにつきましては、ほかの学校のプレディですとか、学童クラブを御利用いただいている状況にありまして、移動距離も遠くなってしまうというようなことから、保護者の方から、こうした特認校への学校内へのプレディ設置についてのお声も頂戴している状況でございます。

こうした状況を改善するためにも、ここに示しました３校におきまして、来年４月からプレディを開設しまして、各御家庭やお子さんが気軽に活用できる放課後の居場所を提供していくことで、お子さんが放課後に過ごす時間の充実に努めていきたいというふうに考えてございます。

以上でございます。",,2025/9/2,福祉保健委員会,理事者
,令和7年 福祉保健委員会(9月2日),高橋委員,高橋元気,"ありがとうございます。やはり通学区域の児童数が顕著に増加をしているということを認識させていただきました。また、本区全体において、このような傾向がある中で、子どもの居場所の確保という形で各校と調整をしていただいたことにつきましては、感謝をさせていただきたいと思っております。

泰明小学校は、現状、実施場所の確保に向け引き続き学校と協議中とのことでございました。もちろん、泰明小学校にも何とか教室数を確保するという形で協議をされていると思いますが、見通しは立ちそうなのか。例えば、１年遅れで開設を目指して手続を進められているのかどうか、現状について教えていただければと思います。",,2025/9/2,福祉保健委員会,議員
,令和7年 福祉保健委員会(9月2日),藤原放課後対策課長,高橋元気,"泰明小学校におけるプレディ設置の検討状況についてでございます。

泰明小学校におきましても、ほかの学校同様、お子さんの放課後の居場所を確保する必要があると考えておりまして、昨年来、設置に向けて、泰明小学校とは協議を続けているところでございます。ただ、泰明小学校につきましては、ほかの学校以上に余剰スペースがなかなかない状況でございまして、とりわけ運営に必要な情報や必要な物品を管理する事務室のスペースの確保が厳しい状況でございます。また、同様の理由から、活動場所についても、専用のプレディルームを確保するということがなかなか難しい状況ではございますが、放課後に使用していない、例えば図書室などの特別教室をタイムシェアでお借りするような形で、現在、検討しているところでございます。

いずれにしましても、何とかなるべく早い段階でというふうに思ってございますけれども、引き続き学校との協議を重ねながら、運営に向けた課題を解決して、実施に向けて取組を進めていきたいというふうに思ってございます。

以上でございます。",,2025/9/2,福祉保健委員会,理事者
,令和7年 福祉保健委員会(9月2日),高橋委員,高橋元気,"ありがとうございます。

泰明小学校につきましても、スペースの確保が一番難しい部分であるかと思いますが、ぜひ学校とも協議の上で、また支援ができるところは支援をしていただいた上で、早期の開設をお願いできればと思いますので、よろしくお願いをいたします。

最後に、資料６についてお伺いをさせていただきます。

コロナ感染症の予防接種の今回の御報告については、自己負担額の部分になるかと思いますが、前提として、ワクチンの接種率の現状についてお伺いできればと思います。こちらも、どんどん年数を重ねるに当たって、接種率も比較的落ち着いてきたのかなという印象も思っております。現状で接種率がどういった状況になっているのか。

また、現状、新型コロナウイルスの新株と言われるニンバスが流行の兆しを見せているということも聞きます。こういった今のコロナの感染状況につきましても、併せて御報告をいただければと思いますので、よろしくお願いいたします。",,2025/9/2,福祉保健委員会,議員
,令和7年 福祉保健委員会(9月2日),武田健康推進課長,高橋元気,"コロナの定期接種の実績でございます。

令和６年度から定期接種となっておりますけれども、令和６年度の接種率は、年代によって少しばらつきはあるのですが、おおむね28％ほどとなっております。

また、昨今の感染状況ですけれども、おおむね昨年度と同等となっておりまして、また、東京都全体的な感染の状況等も、そこまでは変わりない状況になっております。

以上でございます。",,2025/9/2,福祉保健委員会,理事者
,令和7年 福祉保健委員会(9月2日),高橋委員,高橋元気,"ありがとうございます。現状の定期接種率については、おおむね28％と理解をさせていただきました。

また、ワクチンの接種による一定の効果は認められているところと認識をしておりますので、接種率の上昇を見込んだ上での今回の自己負担額の軽減というところになるかと思います。様々な現状の流行状況等も鑑みた上で、区民の方々に対する周知あるいは勧奨についても、引き続き力を入れていただければと思いますので、よろしくお願いをいたします。

理事者報告に関する質問は以上となります。ありがとうございました。",,2025/9/2,福祉保健委員会,議員
,令和7年 福祉保健委員会(9月2日),アルール委員,アルールうた子,"よろしくお願いいたします。私からは、資料４、プレディの新規開設について、もう一つ伺いたいことがあるので、お伺いいたします。

今回、特認校３校のうち、常盤小だけが業務委託になっております。当面の間というふうになっております。業務委託になった経緯で、当面の間ということは、最終的には直営を目指していらっしゃるのか。そして、業務委託によりプレディの内容、質の違いが、直営とする場合と何かあるのか、また、そういった影響があるのか、そこら辺について教えていただきたいと思います。",,2025/9/2,福祉保健委員会,議員
,令和7年 福祉保健委員会(9月2日),藤原放課後対策課長,アルールうた子,"特認校の今回の運営についてでございます。

プレディに関しましては、もともと今時点で多くの学校で業務委託による運営をしておりまして、各事業者は、保育士免許ですとか、教員免許の資格者を配置しまして、お子さんと良好なコミュニケーションを図りながら、お子さんが安全に楽しい時間を過ごせるよう居場所を提供しているというふうに認識するところでございます。一方、現在、明石小学校と有馬小学校の運営に携わっている会計年度任用職員に関しましても、お子さんの様子を非常に丁寧に見てございます。地域の方とも良好な関係性を築いておりまして、プレディの運営について議論する地域運営協議会におきましても、お褒めの言葉を頂戴しているところでございます。そういった意味におきましては、直営だから、委託だからというところで活動内容の質に大きな違いはないというふうに捉えているところでございます。

一方、来年度の３校の運営についてでございますけれども、現在任用している職員数と各校における定員見込みの観点から考えますと、なかなか直営３校というものが厳しい状況でございましたので、今回は直営２校、委託を１校というような状況にしてございます。

また、常盤小学校の委託の件についてでございますけれども、常盤小学校につきましては、プレディの実施場所を多目的室というところで、今、活動場所を学校と調整しているところでございます。この場所につきましては、現在の運用では、日中も授業で使う教室ということもありまして、プレディの実施に向けて、日々、準備ですとか、また原状復帰といったような作業も入りますので、そうした中で、ほかの２校と比較する中で、子供の様子を見守るという業務以外の面での負荷が大きいと判断して、業務委託を入れた状況でございます。

また、今後の運営についてでございますけれども、我々官だけでなくて、民間事業者におきましても、保育人材の獲得競争が非常に厳しい状況でございますので、今後、職員の任用状況ですとか、また運営状況などを見定めながら、将来的な運営については検討を進めていくというところになりますが、現時点においては、具体的な期限をもって、全部委託にするですとか、直営にするだとかというところの判断、結論は持っていないところでございます。

いずれにしましても、今後の運営状況の中で、その点については考えていきたいというふうに思ってございます。",,2025/9/2,福祉保健委員会,理事者
,令和7年 福祉保健委員会(9月2日),俣野子ども施策推進室長,アルールうた子,"ちょっと補足でございます。

放課後対策課長のほうから、今、明石小学校と有馬小学校のことを例示しながら答弁を申し上げたと思いますが、この２校に関しましては、令和８年４月に合わせてプレディからプレディプラスへ移行するものでございます。そうしたことから、明石小学校と有馬小学校につきましては、直営から業務委託ということになるものでございます。この職員でございますけれども、今般、特認校へのプレディ展開ということで、明石と有馬で培ってきた業務経験が非常に豊富なものでございますから、そうした職員の経験を、新たに展開される学校においても十分活用していきたいというような趣旨から、まずはそちらのほうへ人事異動といいましょうか、そのようなことで配転となったものでございます。

また、常盤小学校が業務委託のことにつきましては、これまでも各児童館を中心に、各小学校のプレディプラスとともに、連携体制の下で事業を運営しているものでございます。常盤小学校につきましては、堀留町児童館との親和性が非常に強いということで、そういったところを勘案しまして、業務委託というようなことで考えているところでございます。

今後につきましても、今、課長が言いましたとおり、保育人材の諸課題はあろうかと思いますけれども、当面の間はこういった体制でやらせていただければと考えているところでございます。

以上でございます。",,2025/9/2,福祉保健委員会,理事者
,令和7年 福祉保健委員会(9月2日),アルール委員,アルールうた子,"丁寧な御説明ありがとうございました。お子様たちが放課後、安心・安全で楽しく過ごせる場所の確保をぜひよろしくお願いしたいと思います。

以上です。",,2025/9/2,福祉保健委員会,議員
,令和7年 福祉保健委員会(9月2日),黒原委員,黒原裕司,"参政党の黒原です。よろしくお願いいたします。

私は、まず資料１から伺っていきたいと思います。

お示しの数字をいただきましたけれども、令和６年度の決算値で６億2,000万円ほどと。今年度予算といたしましては、７億2,000万円ということで１億円ほど上がっている状況がありました。決算は実績値ということなので、実際には１億円上がったというところは、もともと見込んでいた令和６年度の予算に対してどうだったかというところは、ここだけだと分からないですが、今回、活動を充実させるという内容もありましたので、確認として、この点は令和６年度から７年度は一層お金をかけてやるんだという理解でいいのか、まず、その点を教えてください。お願いいたします。",,2025/9/2,福祉保健委員会,議員
,令和7年 福祉保健委員会(9月2日),植木地域福祉課長（参事）,黒原裕司,"社会福祉協議会についてでございます。

こちらにつきましては、今、話題というか、ふくしの総合相談窓口の拡充等もございまして、様々な面で拡充を社会福祉協議会の中でしているところでございます。そういったところで、通常の人件費自体も上がっているというところプラス、こちらに載っておりますが、職員も６名増やしているような状況というところで、一番大きいのはやはり人件費を増やさせていただいて、その中で充実を図って事業を展開していくといった形でやっているところでございます。

以上でございます。",,2025/9/2,福祉保健委員会,理事者
,令和7年 福祉保健委員会(9月2日),黒原委員,黒原裕司,"御答弁ありがとうございました。内容について理解いたしました。

この中で、令和７年度の新規・充実事業に触れていただきましたけれども、１つ、５番に挙げていただいた成年後見制度における支援体制の充実というところで、助成条件の緩和等々ありますが、その前段のところに、権利擁護支援検討会議（仮称）というものを新設して、よりやりやすくするということが書かれておるんです。これはあくまで少し聞いたぐらいの話でございますが、成年後見人制度は、たまにトラブルになるような事態もあるということを聞いております。東京の23区でもそういった事象があったというような話も少し耳にしたんです。今回の強化というところは、専門家の意見もより取り入れやすくするようなことが書かれていますけれども、そうした踏み込んだときの対応をよりやっていく必要があるんだというような状況認識にあるのか、そういった点について教えていただければと思います。お願いいたします。",,2025/9/2,福祉保健委員会,議員
,令和7年 福祉保健委員会(9月2日),植木地域福祉課長（参事）,黒原裕司,"成年後見制度についてでございます。

こちらにつきまして、権利擁護支援検討会議ということで、新設といったところでございます。こちらについては、成年後見を担った方が一人で被成年後見人を支援するのではなくて、被成年後見人に関わる方々がチームとして支援していくという形を取っていくということで、こういった検討会議を新設した中で望ましい支援方針の検討等を行っていくというところが１つと、この方に後見人をつけたほうがいいといったときに、被後見人になられる方をよく知っている、支援している人たちが集まって、この人にどういった成年後見の方をつけたほうがいいかといったことを検討する会議で候補者を決めるような形で、一人で悩むのではなくて、チームとして、その方を支えていくことをより進めていく形で、こういったものをやっていこうというところでございます。

以上でございます。",,2025/9/2,福祉保健委員会,理事者
,令和7年 福祉保健委員会(9月2日),黒原委員,黒原裕司,"御答弁ありがとうございました。複数でしっかり見ていくというところで、より責任の分散と言うと言い方はおかしいのかもしれませんが、より判断しやすくするといったことを考えられているということで理解をいたしました。

先ほど申し上げましたけれども、どうしても立場上、御本人の方と実際に後見人になられる方というところで、ごく一部のトラブル事例だと思いますが、食い違いがあるとか、そういったことも少し聞いておりますので、ぜひそうしたことができる限り減るように、しっかりとした体制を組んでいただければと思っております。

続きまして、資料２の女性福祉資金の件です。

こちらは、以前の福祉保健委員会でもお話があったと記憶をしておりまして、その際の御答弁では、これまでの滞納で1,600万円ほどあって、その時点での、すみません。日にちを忘れましたが、その時点で償還がまだのものが2,300万円ほどあるというようなお話があったかと議事録を確認したんです。今回、約500万円ほどをなしにするということが出たわけですけれども、今回、もう廃止になっている女性福祉資金はどれぐらいの残があって、実際、今、その回収がまだまだちゃんと続けられている状態なのかというところを改めて教えてください。お願いいたします。",,2025/9/2,福祉保健委員会,議員
,令和7年 福祉保健委員会(9月2日),岡田子ども子育て支援課長,黒原裕司,"女性貸付けの件でございます。

まず、６年度末で債権を放棄した分を除いた部分で見ますと、未収入になっていますのが約1,070万円ございます。今後また、７年度以降、債権として上がってくるものが、今後も含めて約500万円ほどございまして、区として今後債権としてなり得るものが、合わせまして1,590万円程度になっております。

基本的に、この回収につきましては、年度によってばらつきはあるんですけれども、大体その年度の収入済みという部分でいいますと、６年度につきましては、約180万円を回収しておりまして、それ以前も大体180万円から200万円程度を毎年回収しているような状況でございます。

以上でございます。",,2025/9/2,福祉保健委員会,理事者
,令和7年 福祉保健委員会(9月2日),黒原委員,黒原裕司,"御答弁ありがとうございました。回収が進んでいるものもあるということでして、理解いたしました。引き続きよろしくお願いいたします。

最後に、資料３の乳児等通園支援事業のところです。

前委員からも質問があったところに少し関わるかもしれませんが、今回、対象者数もどれぐらいになるか分からないという中で、制度化をされて、国としてはぜひやってくれということですけれども、実際にこの体制をつくるのに、事業者側の人員の補充というか、体制整備というところも含めて、実際のところ、どれぐらい中央区でこの機能を持たせられるのかというところについて、また、それをどれほど中央区として進めていくのか。先ほど人材確保が難しいというようなお話もあったと思いますが、そうしたところの現状をどのように認識しておられるのか、御見解をお願いいたします。",,2025/9/2,福祉保健委員会,議員
,令和7年 福祉保健委員会(9月2日),金広保育課長,黒原裕司,"まず、７月の区内の認可保育所等を対象に意向調査をさせていただいたところ、かつ、待機児童のことを考えまして、基本的に通年空きがあるところを対象にアンケート等をさせていただいて聞き取りをさせていただいたところ、約10園程度がちょっと興味があるというお話をしていただいたところでございます。ただ、おっしゃったように、保育士の確保というところも課題でございまして、最終的に実際に何人手が挙がるかというところは、まだまだ見えないところでございます。

中央区の考え方ですけれども、保育所での実施に当たっては、通常の保育を利用している園児の保育の質が低下することのないよう、そして安心・安全を第一にというふうに考えてございます。また、実施する保育所の最大の目的というのは、待機児対策というところでございまして、この考えは全く変わりません。そこをおろそかにしてまで誰でも通園制度を推し進めるということは、なかなか難しいかなというところも考えてございまして、待機児童対策とのバランスを見ながら、安心・安全かつ保育の質が確保できるように慎重に進めていきたいというふうに考えてございます。

以上でございます。",,2025/9/2,福祉保健委員会,理事者
,令和7年 福祉保健委員会(9月2日),黒原委員,黒原裕司,終わります。,,2025/9/2,福祉保健委員会,議員
,令和7年 福祉保健委員会(9月2日),堀田委員長,堀田弥生,では、議題に進みます。議題（１）、福祉及び保健の調査について、質問のある方は挙手を願います。,,2025/9/2,福祉保健委員会,議長/委員長
,令和7年 福祉保健委員会(9月2日),アルール委員,アルールうた子,"よろしくお願いいたします。私は、今日は民泊について再度お伺いしたいと思います。

今、東京だけでなく、大阪、いろいろなところで民泊が問題になっている中、それを条例違反として、旅館業法違反だとか、いろいろな形で区が、警告は特別区の場合は区が行えるというふうに認識をしております。警告を行うに当たり、証拠がなかなかそろえられないという課題を頂戴しておりますけれども、その課題をどのように潰していくのか、そのお考えをお伺いしたいと思います。",,2025/9/2,福祉保健委員会,議員
,令和7年 福祉保健委員会(9月2日),武藤生活衛生課長,アルールうた子,"民泊の件でございます。

今お話しいただいたのは、恐らく旅館業法の許可を得ないで営業しているものに対するものだと思いますけれども、旅館業法上、対象になるのは、あくまでも許可を得ないで営業しているものに対しての調査というものが、保健所というか、区が持っている権限になります。これを行使するためには、無許可営業がされているという証拠がない中で、営業者に対しての指導・勧告というのは難しいというのが状況でございます。

なかなかそういう証拠が挙がらない中で、できることというのは、それこそマンションの管理組合ですとか、警察と連携して情報収集しながら、一番接触しやすいのは宿泊が疑われる方ということになりますので、そういった情報を集めながら、必要に応じて現地のほうで現地調査を連携して行っているところでございます。結局、その辺がきちんとできないと、その次につながっていかないという部分がありますので、今後も連携して、そういった情報収集を続けていくということが解決に向けての第一歩というふうに考えております。

以上でございます。",,2025/9/2,福祉保健委員会,理事者
,令和7年 福祉保健委員会(9月2日),アルール委員,アルールうた子,"ありがとうございます。

区が警告を行うに当たり、様々な状況証拠をつかむのが非常に難しいというところがあり、今も管理組合や警察や区と連携をして、いろいろな調査や聞き取りなどをしていただいているのは十分承知です。区が仮に証拠を集められなくて、警察も集められない中、もう一つ私が考えているのは、警告を出すというのは、それをやっている人が特定できている場合なので、被疑者不詳の場合でも告訴ができるというようなこともあります。例えば、管理組合がこういったことでこうこうしかじかだということを挙げて告訴状を出すことによって、警察のほうもしっかりと様々な調査や特捜班みたいなものをつくるとか、何かできるのではないかというふうに考えるところですけれども、これは警察のことなので、お答えできないかと思うんですが、そのことについてどのように考えるか教えてください。",,2025/9/2,福祉保健委員会,議員
,令和7年 福祉保健委員会(9月2日),武藤生活衛生課長,アルールうた子,"区が行っている調査につきましては、処分をするための情報収集という側面がございますので、疑いがあるというだけでそういった警告というのは、なかなか難しいというふうに考えております。そういうところも含めまして、やはりきちんと情報収集を協力してやっていくということが、解決に向けてやっていかなければいけないことだというふうに認識しております。

以上でございます。",,2025/9/2,福祉保健委員会,理事者
,令和7年 福祉保健委員会(9月2日),アルール委員,アルールうた子,なかなか難しいかと思います。引き続き連携をし、住んでいる方々が安心して暮らせるまちを手に入れていただきたいと思います。よろしくお願いいたします。,,2025/9/2,福祉保健委員会,議員
,令和7年 福祉保健委員会(9月2日),堀田委員長,堀田弥生,では、議題（１）福祉及び保健の調査についてにつきまして、継続審査ということでよろしいでしょうか。,,2025/9/2,福祉保健委員会,議長/委員長
,令和7年 福祉保健委員会(9月2日),堀田委員長,堀田弥生,"さよう取り扱わせていただきます。では、次に、議題（２）に移ります。請願第３号、健康保険証の廃止を延期することを求める請願の審査について、質問のある方は挙手を願います。

では、議題（２）につきまして、継続審査ということでよろしいでしょうか。",,2025/9/2,福祉保健委員会,議長/委員長
,令和7年 福祉保健委員会(9月2日),堀田委員長,堀田弥生,さよう取り扱わせていただきます。第三回区議会定例会における委員長報告の取扱いについてでございます。こちらは正副委員長一任ということでよろしいでしょうか。,,2025/9/2,福祉保健委員会,議長/委員長
,令和7年 福祉保健委員会(9月2日),堀田委員長,堀田弥生,"さよう取り扱わせていただきます。

では、以上をもちまして福祉保健委員会を閉会いたします。

お疲れさまでございました。ありがとうございました。

なお、委員の方と担当部長はお残り願います。

（午後２時25分 閉会）",,2025/9/2,福祉保健委員会,議長/委員長
,令和7年 環境建設委員会(9月3日),かみや委員長,かみや俊宏,"ただいまより環境建設委員会を開会いたします。

本日、理事者報告の関係で住宅課長及び建築課長が出席しますので、御了承願います。

初めに、地下鉄建設促進五区協議会の活動について報告します。

８月26日に同協議会総会が葛飾区で開会され、私が出席いたしました。議事内容は、前年度の活動状況等の報告を受け、了承し、今後の活動方針について協議を行うとともに、意見交換を行いました。

それでは、理事者報告をお願いいたします。",,2025/9/3,環境建設委員会,議長/委員長
,令和7年 環境建設委員会(9月3日),かみや委員長,かみや俊宏,"発言の持ち時間制につきましては、既に御承知のとおりですので、よろしくお願いいたします。ただいまの時刻は午後２時４分です。自由民主党71分、かがやき中央さん37分、公明党さん37分、無会派さん10分、れいわさん10分となります。なお、持ち時間には、この後の議題である請願審査の時間も含まれますので、よろしくお願いいたします。

それでは、理事者報告に対する質疑に入ります。

御発言をお願いします。",,2025/9/3,環境建設委員会,議長/委員長
,令和7年 環境建設委員会(9月3日),塚田委員,塚田秀伸,"御説明ありがとうございました。

私から１点、築地市場跡地開発に関連する要望書の具体的イメージについてお尋ねいたします。

まち協の詳細は、また後日アップということでございましたけれども、私もここ何回か、まち協のほうに出させていただいておりますが、やはり非常にもやもやするのが高速晴海線との連結、それから将来的には当然ここに地下鉄新線が、この真ん中なのかどこなのか、この周辺に来るのは間違いない。そういう意味では、何となく計画にどこか、これでいきましょうというところに至らない非常に大きな問題として、東京都であったり、国交省であったり、こういう皆さんが決めるところでございますので、なかなか口出ししようにもしにくいところがあったわけです。今回、この案、イメージ、イラストを見せていただいて、また、今、御説明いただいて非常に分かりやすいですね。パースを見せていただいても、大体こういう形になると。これによって、交通の線形、高速道路もそうですし、地下鉄の出入口、高速晴海線の出入口がこのどこかにできるということでも、そういう意味では、少し先延ばしになるのかなと。今までの事業者が説明してくるものにおいては、本当にここに高速道路の出口が出てしまったら、にぎわい施設は危ないじゃないかとか、そんな感じで見ておりましたけれども、これで少し先延ばしになるのかなという思いでおります。それと、完全な歩車分離になるのと、それから、にぎわい施設もどこにどういう施設を造るか、これである程度見えてくるのではないかという思いで、この要望が実際に具体化すれば非常にいいのではないかなという思いでございます。

そこで、１点、これは交通関連でございましたので、１つお尋ねしたいんですけれども、現有の日比谷線の地下鉄、築地駅、それから大江戸線、築地市場駅とございますが、これへの連携であるとか、そこら辺のイメージというのは今回ないかと思うんです。いかがお考えであるか、お聞かせいただければと思います。",,2025/9/3,環境建設委員会,議員
,令和7年 環境建設委員会(9月3日),落合都心再生推進課長,塚田秀伸,"築地開発に伴います交通関連の内容についてでございます。

先日、８月29日にまちづくり協議会等を開催させていただいて、事業者のほうから８月22日に示されました基本計画が示されたところでございます。そういう中では、どういう建物が造られるかといったところは示されたものの、具体的な交通関連のところは、新大橋通りにデッキができますというぐらいとなっています。そういった中で、区といたしましては、５万人のマルチスタジアムができるということで、交通や、周辺地域に与える影響は大きなものであると。そのためにどういった歩行者ネットワークを構築していく必要があるのかといったことをお示しさせていただいたところでございます。既存の地下鉄、今、委員からお話ありましたとおり、周辺には大江戸線の築地市場駅、また日比谷線の築地駅がございます。既存の状態を見ると、５万人を支えられるものではない状況も見受けられます。現在、事業者のほうからは、鉄道事業者と協議を進めているといったお話などもいただいております。ハード面を改良していくのはなかなか難しい状況なのかなといったところではございますが、ハードも含め、ソフト対策もしっかりと協議していただきたいというふうに働きかけているところでございます。

そういう中においては、今回の資料に歩行者ネットワークを示させていただいております。既存の周辺の地下鉄だけではなかなか難しい部分もありますので、銀座方面などに人の動線をしっかりつくっていきながら、分散を図りながら、安全・安心な歩行者の動線を確保していくよう、引き続き事業者と協議を進めていきたいというふうに考えているところでございます。

以上でございます。",,2025/9/3,環境建設委員会,理事者
,令和7年 環境建設委員会(9月3日),塚田委員,塚田秀伸,"御説明ありがとうございます。

それと、この要望書の宛先は事業者向けということでしたね。まち協でもいろいろと質疑がされるときに、東京都に確認しますというようなことも過去あったかと思うんですけれども、まち協の中で出てくる質問は、やはり事業者ではこの質問はちょっと無理だよねというような話を感じるところがあるんです。鉄道であるとか、道路であれば国交省なんでしょうけれども、ここに施主である東京都がいないのはどうなんだろうなという思いがあるんです。その点について今までも打診をされているのか、あるいはあえてそうでないのか、あるいは今後どうなるのか、そこら辺をお聞かせいただければと思います。",,2025/9/3,環境建設委員会,議員
,令和7年 環境建設委員会(9月3日),吉田副区長,塚田秀伸,"実は、これはイメージにしただけであって、実態的に既に要望書は提出しておりますから、こういうふうにならなければいけないのだよということを、ある意味で区としては考えているよということを公にするわけでございます。その中で、例えば一番最後のページのデッキなどを見ていただくと分かりますけれども、主要なデッキの下の地下１階部分に高速道路が入っているわけですから、高速道路が決まらなければ、実際に上のデッキもつけられない、区有施設も造れないというのははっきりしているわけです。そういう意味で、早くはっきりさせてくれよという部分を、この資料としては訴えるつもりもあって、一緒に作図化しているわけでございます。

東京都と、それから国交省、それぞれ折衝しております。基本的には、今年度の初めの段階で国交省とも具体的にお話しし、道路局の企画課などと基本的にはお話もさせていただいて、東京都とも話をさせていただいておりますが、事業者のスケジュールとは別に、高速道路を造る側の都合でスケジュールを考えているものですから、そこがかみ合ってこないというのが実態でございます。そういう意味で、高速晴海線などについては、早くしてくれよというお話をしておりますし、その部分について一応国側は答えながら、首都高を中心として、首都高と、それから東京都と国が入って、一応晴海線のありようについての具体的な協議は始まっているんですが、そのペースが、スケジュールというものに対して、少しこの部分とかみ合っていないので、さらに督促をしていくという状態でございます。

地下鉄の問題につきましては、これもお話をさせていただきますが、全体的な状況で言いますと、鉄道事業はかなりお金がかかるものですから、これは国交省の、基本的には鉄道局のほうに、ある種の配分、お金を出していただくという見通しが立たないと、なかなか事業性が成り立たないところがあるわけでございますけれども、そういったところを含めて、国ともお話をさせていただいている。当然、実は、つくばエクスプレスの東京駅延伸という問題とも絡んでくるものですから、それらの検討も早急に進めていただくようにお願いをしております。ただし、これも、基本的には、国の全体状況の中で、例えば鉄道事業に関していきますと、実際には北陸新幹線整備が鉄道局の最大課題になっておりまして、その次あたりに私どもはようやく何とかこぎ着けてきておりますけれども、そこのところの問題がある。ですから、基本的には、晴海線はとにかく早く決めてもらわないと困るから、それは先にスケジュールにのせてもらうように働きかけを続けてまいります。

実は、地下鉄については、やはり現実にはスケジュールがなかなか合わないと思いますので、逆に、我々の都心・臨海地下鉄新線の駅については、基本的には、そこがいわゆる第１期竣工後でも工事ができるように、例えば立て坑をどういう形で掘っておいて、後々工事ができるとか何かという状況を組み合わせながら整備していく、そういう形で進んでいくことになるだろうというふうに思っております。",,2025/9/3,環境建設委員会,理事者
,令和7年 環境建設委員会(9月3日),塚田委員,塚田秀伸,"ありがとうございます。交通について、すみません。まだまだ時間がかかるのは分かって、お聞きしたところでございます。

区民の皆様の大変注目度の高い、中央区にとりましては大変大きな敷地を再開発という形にする案件でございます。そういう意味では、区民の皆様に、にぎわい施設においては、デッキから大きな階段がつながっていたり、そういった心遣いがある。そういう意味では、逆に、日比谷線に行かれる方などが必ずそこを通れば、まちのにぎわいにもつながるのかなという思いもございます。そういう意味では、区民の皆様にとって一番有益な形になるように、ぜひともこれからもしっかり気を配っていただいて、各方面との調整をぜひともよろしくお願いしたいと思います。どうぞよろしくお願いします。

以上で終わります。",,2025/9/3,環境建設委員会,議員
,令和7年 環境建設委員会(9月3日),太田委員,太田太,"では、よろしくお願いいたします。私からは資料４について、令和６年度ごみ量及び資源回収量についてのお尋ねでございます。

６年度の回収量を見ると、人口とともに、ごみの量も増えていっているというのが、多少ですけれども、手に取って分かるところでございます。ごみの資源回収について、中央区の今後の方向性もしっかり、お答えできるところについてお聞きしたいところでございます。

今後の方向性というところと、それから、不燃ごみです。最終的には、燃やした後の灰とか、かすとかが出て最終処分場に行くのだと思うんですけれども、例えば東京都の示すところによると、あと50年は大丈夫だという話もありますが、今後、人口が増えていって、どんどん最終ごみ処分場に持っていかなければならない量も増えると思うんです。現在、最終処分場に持っていくトン数、量が分かっていれば、年間どのぐらいかお聞かせいただきたいというところです。お願いいたします。",,2025/9/3,環境建設委員会,議員
,令和7年 環境建設委員会(9月3日),星野中央清掃事務所長,太田太,"まず、今後の方向性ということで、資源の関係になります。

今、燃えるごみとか不燃ごみの中に資源がまだ大分ございまして、実際に資源として回収できている量は５割にいっていないような状況になっております。要は、よく洗ってあれば資源になるのだけれども、燃えるごみとして処理されているようなものがございますので、普及啓発することによって、ごみの量の削減自体はまだまだ可能かなというふうに考えております。今後、そこを今まで以上に区民の方に働きかけて、ごみの削減に努めていただけるような取組を進めてまいりたいというふうに考えております。

あと、不燃ごみの最終処分場の件ですけれども、あとどのくらいというところでは、今のところ、過去から50年ぐらいはもつということで、もう10年ぐらいたっていますが、23区どこの自治体も、ごみの量自体は10年前から10％ぐらい減ってきてございます。中央区の場合、今回、人口が去年６％ぐらい増えているところで、少し増えてしまっているところはあるんですけれども、そういった状況があるところはあるんですが、とは言いながらも最終で50年というところで、その後、東京都が管理している埋立て処分場はもう使えないということで、23区が別のところをまた考えなければいけないとか、そういった状況もございます。今、そういった状況から、検討会でいろいろ想定されていまして、区長会などでもいろいろ想定されているんですけれども、今後のごみ対策について様々な検討が東京二十三区清掃一部事務組合を通じてされているような状況でございます。

以上でございます。",,2025/9/3,環境建設委員会,理事者
,令和7年 環境建設委員会(9月3日),太田委員,太田太,"ありがとうございます。

啓発していくというのも、これから外国人の方も大勢増えますし、多言語にも十分気を遣っていかなければいけないのかなというのもありますけれども、一人一人が出すごみの量を随分減らす努力も引き続き行っていただきたいということと、最終処分場も特別区長会でも議論しているということですが、この後埋めるところがなくなったら本当にどうするのかというのは、すごく気になるところであります。今後、もしそういった答えが出ましたら、またお知らせいただきたいというのもありますけれども、そういった部分はしっかり今後注視していただければと思っております。引き続き、一人一人、外国人にも十分お知らせを、さらに努力を重ねる。そしてまた日本人も、あと５割はいけるという話もございましたから、そうした部分の啓発をしっかり行っていただければと思います。

私からは以上です。ありがとうございました。",,2025/9/3,環境建設委員会,議員
,令和7年 環境建設委員会(9月3日),墨谷委員,墨谷浩一,"私のほうからは、資料１、また資料３、資料12の３つの中から質問させていただきたいと思います。

まず、資料１、令和６年度中央区役所温室効果ガス排出量等についてでございます。

本区としては、ゼロカーボンシティ中央区宣言を踏まえて、今も継続的な地球温暖化対策を行っております。脱炭素社会を構築することで2050年までに二酸化炭素の排出量実質ゼロを目指しますとあります。そういった中で、今回の御報告をいただき、３に実績における評価・今後の取組ということで、すごくいい取組ではないかというふうに思っております。

まず、１点、基準年度が平成25年、2013年度が基準年度というふうに書いてあります。その基準というのは、中央区は人口が過去からかなり増えている中で、目標がかなり大きくなっている。そういった中でも、本区として二酸化炭素の排出量を実質ゼロに持っていくということは結構大変なことではないかというふうに思っております。ここの基準というのはもう変わらないのかというのが１点です。

もう一点については、３、実績における評価・今後の取組の中で、全21施設で令和５年12月に再エネ100％の電力に切り替えた、これはいいことだというふうに思います。そういった中で、電気代がどういうふうになったのか。昨今、電気代も上がっていると思います。

また、（２）の下段にあるリバースオークション、これは先ほど電気代が安くなるというようなお話もありました。あと、福島県大熊町との都市間連携でございますが、こちらについて、電気代というのは、現状の電気代に対して、どういうふうになるのかということを教えていただきたいと思います。",,2025/9/3,環境建設委員会,議員
,令和7年 環境建設委員会(9月3日),鎌田環境課長,墨谷浩一,"私のほうから順次お答えさせていただきます。

まず、基準年度、2013年度は変わらないのかというところでございますけれども、この2013年の基準というのは、実は、国のほうの温室効果ガス削減の基準年度と合わせているという状況になってございます。平成25年、2013年度が基準になっている理由というところで申し上げますと、東日本大震災がこの直前に起きて、原発等が止まりまして、排出量が最も多くなったとき、そこを基準としているということになってございます。そこから2050年のゼロに向けて減らしていくんだというところで、区といたしましても、国の基準に倣いながら取り組んでいるところでございますので、国全体での変更等がなければ、基本的には、区としては、この基準年度を踏襲していくことになろうかと考えております。

２点目に、電気代の関係でございますけれども、再エネ電力100％の電力を入れるということになりますと、火力発電等の通常の電力と比べますと、価格は高くなってしまいます。電気代の高騰に加えて、再エネというところで上がってしまう部分はございますけれども、環境を考えた際には、やはりその中でも、お金をかけてでもしっかり切り替えていくというところは、区として姿勢を見せていくといった点でも非常に重要なことだと思いますし、それが2050年のゼロカーボンシティにつながっていくものと考えてございますので、費用対効果、コスト面の配慮ということもしっかり考えながら、適宜切替えを行っていければと考えております。

事例として出ましたリバースオークション等のお話でございますけれども、21施設で令和６年度にどれぐらい金額が安価に、通常と比べて下がったかというところは、大変申し訳ございません。今、持ち合わせていないですけれども、今年度、令和７年度も、引き続きリバースオークションを通じて再エネ100％の電力を入れてございます。その結果で申し上げますと、通常の電力を入れるのと比べまして、約25％ほど費用の削減ができている状況となってございます。

あと、大熊町でございますけれども、協定をきっかけに大熊町由来の電力等を入れていこうというところでございますが、令和７年度、大熊町由来の阿武隈風力発電所の電力の調達を始めたところでございます。基は大熊町由来というところでございますけれども、通常の電力の契約を、例えば東京電力等と行うのと同じような形で契約を行いまして供給を受けているという形になりますので、再エネということで価格はどうしても上がってしまう部分はございますけれども、通常我々が電気を契約するのと同じような形で取り組ませていただいているところでございます。

以上でございます。",,2025/9/3,環境建設委員会,理事者
,令和7年 環境建設委員会(9月3日),墨谷委員,墨谷浩一,"それぞれ御答弁ありがとうございます。背景的に、中央区としても人口が増えて、また施設も増えてというところで、そういった中で、しっかりと中央区の脱炭素化に向けた取組を前に進めているということが、この御報告で分かりました。

また、先ほど25％削減したというような、リバースオークションですかね、そのようなお話もありまして、皆さんに知恵を出していただいて、コストを安くしたりとか、ほかで高くなるところはあるかもしれませんけれども、工夫していただきたいというふうに思っております。今後とも、しっかりと工夫していただきたいというふうに思いました。

続きまして、資料３でございます。中央区分別収集計画（第11期）の策定についてから質問させていただきます。

今回、製品プラスチックの回収が示されました。令和11年度から、本区としても、容器包装プラスチックにプラス、製品プラスチックも回収、またリサイクルしていく、そういう取組かなというふうに認識しているところでございます。製品プラスチックの排出抑制、またリサイクルをしていくということは、すごくいいことだと思います。これが、令和11年度から取組が予定されている。令和11年度に取組をする理由、お考え、また、先ほどもありましたけれども、区民に対する意識啓発というのは、やはり私はすごく大切なことだというふうに思います。また、区民の方一人一人が行動変容していくことによって、様々なごみの対策がされていくのかなと。また、今回、新たに製品プラスチックをという中で、やはりまだ認識されていない方がたくさんいらっしゃると思いますので、区民に対して行動変容を促すような意識啓発について、また、ここには事業所に対するというふうに書いてございますが、事業所に対しても製品プラスチックの回収がされるというふうに認識してよろしいでしょうか。

以上、お願いします。",,2025/9/3,環境建設委員会,議員
,令和7年 環境建設委員会(9月3日),星野中央清掃事務所長,墨谷浩一,"初めに、令和11年度実施の理由でございます。

令和12年度までに、23区全ての自治体で製品プラスチックの回収が行われないということになると、清掃工場の補助金が国から下りないという事情がございまして、令和12年度までに23区全体で取り組むことというような形になっております。本区は、今、令和11年度ということで想定しているところではあるんですけれども、実際に想定する量とか、容器プラスチックについては、今、分別していただいて収集しているところですけれども、それに加えて、例えば歯ブラシですとか、使い捨てのフォークとかスプーンとか、そういったものについても今回対象になるということで、そこを区民の方に周知していく上で、今のところ考えていることといたしましては、他区でもう始めていたりはするんですが、区民の方に、実際、どんなものが製品プラスチックとして出していいかというような動画ですとか、そういったものを想定しているところでございます。来年度、令和８年度中には、具体的に、収集量とか、実際の収集ルートとか、ごみを回収する方法自体、今のルートでいいかどうか、そういったことを検討した上で、令和９年度、10年度にかけて区民の方とか事業者の方に周知いたしまして、今のところ、11年度の４月から回収を始めようというふうに考えているところでございます。

あと、行動変容、意識啓発という部分ですけれども、今、事業者の方につきましては、１日50キロ以下のごみであれば回収をしているところでございます。有料のシールを張っていただいてというような形を取っているところでございます。今回、製品プラスチックについては、区民だけではなく、事業者の方にもそういった部分の普及啓発、行動変容につながるようなというところが必要になりますので、今、大規模な廃棄物を扱っている管理者の講習会とかがありますので、そういった中でもしっかりと周知をして、行動変容につながるような形で意識啓発をしていきたいというふうに考えております。

以上でございます。",,2025/9/3,環境建設委員会,理事者
,令和7年 環境建設委員会(9月3日),墨谷委員,墨谷浩一,"御丁寧な答弁ありがとうございます。

今から令和８年、９年、10年ということで、７年もまだ中盤ですので、その辺のところをしっかり練っていただいて、令和11年度に入る前から、区民の皆さん、また事業者の皆さんに、製品プラスチックの回収が環境にいいのだということも含めて、しっかりとお伝えしていくことがすごく重要ではないかというふうに思っております。しっかりとした対応を、またお願いしたいと思います。

最後に、資料12に移ります。資料12、築地市場跡地開発に関する要望書の具体的イメージということで、本当に具体的に分かりやすく示していただいて、私も、今まで見ていたものから、イメージが少し膨らんできました。すごくありがたかったと思いました。

１点、まず、歩車分離をしていくという提案は、すごくすばらしいことではないかというふうに私は思いました。やはりたくさんの人がいる。当初から、ここで５万人以上のイベント等があって、どうやってその人たちがはけていくかということを区としてもしっかりと考えていただいていたんだと思います。そういった意味で、こういうふうに分かりやすくお示しいただいて、私もすごく助かりました。特に、歩行者ネットワークは重要だというふうに私も思っております。

１つ、昨今、一時期に比べて建築費が高騰しているというお話も伺っております。いろいろなところで事業が中断してしまったというお話も、新聞等、報道等で見るんですけれども、人件費とか資材費などの高騰といった中で、３倍ぐらいに建築費が上がっているというようなことを教えてくださった人がいまして、本当にそんなになっていて、歩行者ネットワークが、これを見ると、新橋のほうまで歩行者デッキがあるというような中で、ここをこの事業者さんにやっていただけるのかなといったところが私は心配だと思ったんですけれども、その点についてどう考えていらっしゃるのか教えていただければと思います。",,2025/9/3,環境建設委員会,議員
,令和7年 環境建設委員会(9月3日),吉田副区長,墨谷浩一,"建築費はとてつもなく上がっておりまして、四、五年前の想定では、標準的な建設費は坪当たり150万円ぐらいだったんです。それが、現時点で、基本的には300万円を超える状態でございます。これだけ上がっておりますから、正直なところを申し上げれば、例えば事業者が、この間、基本構想を昨年の４月に出したとき、築地の関連については9,000億円だと表示したんです。あの基本構想で言っている絵面を実現するのに9,000億円と言っていますから、その部分だけでも、きっと１兆円を超します。そして、私どもは、実は、この部分について言えば、これだけの交通対策を講じなければ、こういう開発はできないはずだと区としては考えていますから、こういうものを付随して、ちゃんとやっていただくということになると、もっと金額は増えると思います。金額は増えるんですが、事業者である以上、それはきちんとやってもらわなければ困る。

ですから、この部分については、今後、事業がいろいろな形で具体的に決まっていくと思いますが、今お話がありましたような建築費の部分も、それから実態的にはこういう交通計画の部分も、事業者が示している絵というのは、最終的に決まったものではない。まだ未定形のものであるというふうに理解をしていただいて、そういう部分でこれからどう組み上がっていくか。そのどう組み上がっていくかの前提で、区としては、何度も繰り返していますけれども、周りの方々と共存共栄できる開発であってほしいということと、やはり築地の歴史も踏まえながら、最後の公有地ですから、基本的には、もうちょっと社会的意義のあるコンセプトでもって造ってくれよと。その２つは変わることのない目標ですから、その部分を実現していってほしい。確かに、お金の問題が一番大きいですけれども、お金もさることながら、その部分をきっちり追求してほしいというふうに区としては考えております。",,2025/9/3,環境建設委員会,理事者
,令和7年 環境建設委員会(9月3日),墨谷委員,墨谷浩一,"それぞれ御答弁ありがとうございます。区の要望、この絵がしっかりと実現できるということをすごく願っております。

質問を終了させていただきます。ありがとうございます。",,2025/9/3,環境建設委員会,議員
,令和7年 環境建設委員会(9月3日),上田委員,上田かずき,"無会派になりました上田かずきです。改めて、どうぞよろしくお願いいたします。

資料６から、中央区都市整備公社のガバナンスと財源について、区の重要な外郭団体として、その経営には高い透明性と健全性が求められると考え、質問いたします。

第１に、公社の代表者が平成20年から長期間にわたり在任をされていますが、代表者の選任はどのようなプロセスで決まっているのでしょうか。権力の集中や組織の硬直化が進みかねないという懸念もあるかと思います。

また、現在、監事はいずれも中央区の職員で構成されていますが、経営を客観的に監督する機能として、会計士や弁護士といった外部の専門家を登用するべきではないかと考えます。御見解をお伺いします。

第２に、財源についてです。今年度、区からの補助金がおよそ２億2,500万円と大幅に増額されていますが、その理由について御説明ください。",,2025/9/3,環境建設委員会,議員
,令和7年 環境建設委員会(9月3日),川島都市計画課長,上田かずき,"中央区都市整備公社について２点、お尋ねをいただいています。

まず、役員についてでございます。

あくまでも公社は一般財団法人ということで、独立した法人になりますので、人選も公社の中において行われているものでございます。

まず、理事長、理事についてですけれども、やはり公社が公益的な事業を行う法人であるということから、そもそもの理事については、地域の成り立ちや営み、実情に精通している地域の方々に御就任いただきたいということが基本的な考えであるというふうに伺っています。エリア的なバランスなども考慮して、公社が御依頼を申し上げ、お受けいただいた方になっていただいているというふうに伺っているところです。理事長は理事会の中で選任されることとなっておりますので、結果として、平成20年より現理事長が継続されているものというふうに認識してございます。

一方の監事についても、公社からの求めに応じる形で区の職員が就いておりますけれども、これについては、会計管理者、それから財政支出監理団体に対する運営評価などを所管する総務課の課長をということでお求めをいただいているところでございまして、客観的な視点ということであっても、妥当であろうというふうに考え、対応しているところでございます。

なお、公社は一般財団法人ですので、理事、監事といった役員は、定款に基づいて評議会の中で承認を得て決定するというプロセスを取ることになっています。

財政支出監理団体である公社については、区政における役割も鑑みまして、区の中に評価委員を設け、区として運営状況などを確認して、現体制において、その運営は適切にされているというふうに認識しておりますが、より積極的、機動的に活動していくためにもという御指摘と考えますので、その旨を公社にも申し伝えたいというふうに区としては考えています。

財源のほうですけれども、区のほうの財源については、公社が取り組んでおります築地等をはじめとした地域の活性化を要する取組の事業に対する補助、それから分譲マンションへの支援、そのほか、法人運営に対する資金への補助というのが大きな内容になります。今回、5,000万円弱、4,900万円ほどの増額になっておりますが、そのうちの4,000万円が分譲マンションの共用部分に対する補助の資金になります。本区は高経年マンションが非常に多くなっておりまして、その工事、改修に充てる費用の増額になっておりまして、区としては、事業の継続性と安定性の観点から全額を補助してございます。

以上です。",,2025/9/3,環境建設委員会,理事者
,令和7年 環境建設委員会(9月3日),上田委員,上田かずき,"丁寧にありがとうございます。

私としても、せっかくここまで補助を入れている以上、積極的に活動してもらいたいし、そこに対して透明性は求めていきたいと思いますので、ぜひ公社のほうにもお伝えいただければと思います。

１点、実際のところでいうと、常勤の副理事長が実質的には仕切っていらっしゃるのかなと思うんですけれども、これが元環境土木部長ということもあるので、なかなか課長級の現職員で指導というか、監査するのには少し限界性があるのかなという観点を私としては思っております。公社の求めということは理解をいたしましたが、この中で、公社にいったお金というのは最終的に地域に落ちていくというふうに理解をしておりますので、それがより効率性が高まるように、区も注視していただければと思います。

以上です。",,2025/9/3,環境建設委員会,議員
,令和7年 環境建設委員会(9月3日),川畑委員,川畑善智,"中央区議会れいわ新選組、川畑善智でございます。本日もよろしくお願いいたします。

まず、私のほうから、資料１、そして最後、資料12の築地の件と質問させていただきたいと思います。

資料１の中央区役所温室効果ガス排出量等についての御報告ということで、目標値55％削減に対して削減量43.3％という御報告をいただきました。本委員会でも私のほうで庁舎のＬＥＤ化の推進ということで、かなり提案とかをさせていただいておりますけれども、着実に進めていただいているということで認識をしております。ここから先、温室効果ガスを削減すること、昨今、本当に暑い猛暑が続く状況ですけれども、今後の取組について、中央区として、ここから先、どういう取組をして温室効果ガスの削減をさらに一歩進めていくか、そのあたりの御見解といいますか、見通しを少しお聞かせいただければと思います。",,2025/9/3,環境建設委員会,議員
,令和7年 環境建設委員会(9月3日),鎌田環境課長,川畑善智,"温室効果ガス排出の今後の見通しでございます。

今、委員からもお話がありました庁舎のＬＥＤ化でございますけれども、こちらは、まず2027年12月で蛍光灯の製造・輸入等の中止という動きがある中で、企画部の施設整備課のほうにおきましても、公共施設のＬＥＤ化、順次切り替えるといったような話も聞いてございますので、こういったところが進めば、省エネルギー化はますます図られるだろうというふうに感じているところでございます。

それと、これからさらに一層進めていくためにはといったところでございますけれども、中央区は、太陽光パネルを設置するですとか、風力発電を設置するとか、そういったところで自らエネルギーを創り出すというのはなかなか難しい土地柄であろうかと思っております。そうした中で、やはり再生可能エネルギーへの切替えを行っていくといったところが軸になっていくだろうと考えておりますので、リバースオークション、また都市間連携を有効に活用しながら行っていくといったところが主な路線かと考えております。また、それ以外にも、日々、新しい技術、いろいろなところで実証実験が行われたりですとか、私たちも全然知らないような新しい取組が、国・都、また事業者等で様々行われているところでございます。そういった中で、中央区という場所におきましても取り入れることができるようなものが出てくれば、そういったものも有効活用しながら、ゼロカーボンシティの実現に向けて取組を進めてまいりたいと考えております。

以上でございます。",,2025/9/3,環境建設委員会,理事者
,令和7年 環境建設委員会(9月3日),川畑委員,川畑善智,"丁寧な御説明ありがとうございます。

中央区の取組として、今、省エネ機器の導入に関する助成をされていると思うんですけれども、その中で、ＬＥＤの照明機器についても助成対象になっているんですよね。そのＬＥＤの照明機器なんですけれども、実は、集合住宅の場合ですと共用部に限定されているということで、今後の検討課題として、先ほども御説明がありましたように、2027年に水銀の使用禁止で蛍光灯が全て使えなくなりますので、住戸内への助成もぜひとも検討されるべきではないかというふうに認識をしておるんです。まだまだ古い蛍光灯を使われている住宅はかなりの戸数がありますので、そこのＬＥＤ化を進めることは、区内全体、日本全体のカーボンニュートラルに向けて前進につながるかなと思っております。いろいろ考えなければいけない課題はあるんですけれども、ぜひともそのあたりの御検討も進めていただきたいというふうに思っております。

次に、資料12の築地の件ですけれども、環境問題という側面から私は質問します。

先般、事業者説明会がこちらの場所でございまして、私は非常に衝撃を受けたんです。というのは、住宅の戸数が800戸というようなお話がありまして、しかも、事業者側としては、風の通り道は地上50メートルの高さを風が通っているということを認識していらっしゃった。でも、今回の計画で環２と浜離宮の間に210メートルのレジデンス棟を建てるんだという計画をされて、計画を表明されている。これは、完全に風の通り道を塞ぐということになると私は思ったんです。現状を申し上げますと、パリ協定で気温の上昇は２度以下に抑えたいというのを必達目標として出しているわけです。でも、今年の６月から８月までの気温上昇、2.36度のプラスなんです。２度を超えてしまっている状況があります。これを非常に危惧しておりまして、今回、築地の浜離宮庭園を囲む形での建物が建ってしまった場合、我が中央区、そして東京に対する影響、環境インパクトというのはかなり大きいのではないかと考えています。ですので、中央区としても、今回申入れをされるのであれば、できましたら建物の高さは50メートルに抑えてもらいたいと。実際、たしか東京建物さんか何かが浜離宮の対面のブリリアタワーを117メートルまで下げましたよね。タワーは建っていますけれども。やはりそのあたりのことを申し入れるぐらいの環境負荷の状況が今あるのではないかというふうに考えています。しかも、４棟ですから。確かに、傾斜をつけるということで発表されていましたけれども、環境負荷がかなり高い。東京都との話になりますので、地元自治体といえども、関与できる余地はなかなかないのかもしれないですけれども、申入れはできるかと思うんです。そのあたり、もし区として何か御見解があれば、お聞かせ願いたいと思います。",,2025/9/3,環境建設委員会,議員
,令和7年 環境建設委員会(9月3日),吉田副区長,川畑善智,"風の道の確保というのは、やはりここの開発の中で大きなテーマだと思います。実態的には、事業者の意識としては、基本的には、南北に風が結構吹くところでございますので、その部分において、浜離宮庭園と、それから、実は、事業者としては、どうもスタジアムの上部の空間が、いわゆる風の道になるのではないかというふうな考え方の中で基本的な設計をされていると思います。そういう部分について、今御指摘いただいたような部分、実態的に風の道との関連においてどうなんだという部分については、事業者とも率直にそれは話し合っていく必要があると思います。

ただ、前委員からお話がございましたように、建設費もたくさん上がっているから、そう簡単に低くしろとか、ボリュームとか、なかなか言えない部分もあります。そういういろいろな制約の中で、どういうことが可能なのかというものについては、今の御指摘も踏まえて協議をさせていただきたいと思っております。",,2025/9/3,環境建設委員会,理事者
,令和7年 環境建設委員会(9月3日),川畑委員,川畑善智,"前向きな御答弁、本当にありがとうございます。

浜離宮庭園は国宝級と言われる庭園で、庭としては我が国の宝だと思いますので、決して今の景観を塞ぐような形にならないような計画に導いていただくというのが区として課せられた使命かと思いますので、ぜひとも御検討のほどよろしくお願い申し上げます。

以上で質問を終わります。",,2025/9/3,環境建設委員会,議員
,令和7年 環境建設委員会(9月3日),かみや委員長,かみや俊宏,"それでは、ここで質疑半ばではありますが、休憩を取りたいと存じます。午後３時５分再開でお願いをいたします。

（午後２時56分 休憩）

（午後３時５分 再開）",,2025/9/3,環境建設委員会,議長/委員長
,令和7年 環境建設委員会(9月3日),かみや委員長,かみや俊宏,"再開をいたします。

それでは、議題（１）環境保全及び建設行政の調査について、質問者の御発言を願います。",,2025/9/3,環境建設委員会,議長/委員長
,令和7年 環境建設委員会(9月3日),上田委員,上田かずき,"私から２点お伺いをいたします。

１点目、前委員の御発言でもありましたが、猛暑の中でエアコンは必需品だと考えますが、買換えが負担になるケースもあるものだと思っています。そこで、現在、事業所向けに実施されているエアコンの助成制度、特に中央エコアクトに対しての利用状況を御教示ください。

その上で、より多くの区民の生活に直結する居住用マンションについて同様の助成制度を創設することについて、今後検討を進めるお考えはあるか、区の見解をお伺いします。

２点目は、気温の上昇に伴い、一部の公衆便所はどうしても臭気が著しく強くなり、利用をためらう状況も見受けられます。公衆衛生の観点から、区はこの現状をどう捉え、どのような対策を講じているのかお聞かせください。",,2025/9/3,環境建設委員会,議員
,令和7年 環境建設委員会(9月3日),鎌田環境課長,上田かずき,"事業所エアコンのエコアクト等の状況でございますけれども、令和６年度の実績で申し上げますと、省エネ助成全体132件中、事業所のエアコンが43件ございました。そのうち、エコアクトでの助成割合の増額の対象だったケースが、エアコンに関しては４件という状況でございました。

また、２点目、共用部等への助成というところでございますけれども、現在、対象とはなっていないところでございますが、これまでも対象の要件ですとか、助成額の拡充もしくは縮小といった面、様々そのときの状況を捉えまして見直しは行っているところでございます。今後もいろいろ、取り入れたほうがいいだろうという新しい技術も出てくることも考えられますし、また、いろいろな区民のニーズですとか、他の自治体の動向も踏まえながら考えていく必要は、必要に応じてあろうかというふうには考えているところでございます。

私からは以上でございます。",,2025/9/3,環境建設委員会,理事者
,令和7年 環境建設委員会(9月3日),白石水とみどりの課長,上田かずき,"私からは、公衆便所の臭気対策ということでございます。

臭気に関しましては、やはり換気と、においのもととなる原因の清掃、清掃に伴って除去をするといったことが重要かというふうに考えているところです。区内の公衆便所に関しましては、屋外にありまして、比較的風通しがよいということがありますので、換気の部分に関しては取られているかなというふうに認識しているところでございます。また、清掃に関しましては、公衆便所には１日２回入っておりまして、それに加えて１年に１回の集中清掃がございます。また、臭気が気になる公衆便所に関しては、それに加えて、さらに次亜塩素酸を使った消毒なり消臭も実施しているところでございます。

今後も、清潔で利用者の方が安心して使える公衆便所を維持管理していきたいというふうに考えているところでございます。

以上でございます。",,2025/9/3,環境建設委員会,理事者
,令和7年 環境建設委員会(9月3日),上田委員,上田かずき,"それぞれありがとうございます。

エアコンの件については、やはり２つあるかと思っていて、１つは本当に高齢者向けの熱中症対策、東京都さんも始めましたが、その文脈と、さっき少し出ましたが、築年数が一定程度たったマンションだと、多分共用部のエアコンを全部換えるだけで、かなりエコになるということも踏まえますと、一定程度このあたりというのは他区の事例も比較しながら検討する余地は、脱炭素に受けてあるだろうと考えております。

２点目については、中央区はあまりにもいい商業ビルが多過ぎて、多分毎時間清掃するのが割と当たり前で、密閉型で非常にきれいなトイレが多いんだと思うんです。そうすると、どうしても比較すると、平均値としては正しいけれども、公園に行って、私もですけれども、子供を連れて、そうすると、ぺたぺたさわるわけです。いろいろなところをさわって、さわって大丈夫かみたいなことは出てくるかなと思っています。いろいろお取組をされているのはよく理解しました。その上で、やはり区の中の状況も踏まえて、少しレベルを上げられたら幸いだと思っております。

以上です。",,2025/9/3,環境建設委員会,議員
,令和7年 環境建設委員会(9月3日),かみや委員長,かみや俊宏,副委員長は委員席へお移りください。,,2025/9/3,環境建設委員会,議長/委員長
,令和7年 環境建設委員会(9月3日),青木委員,青木かの,"それでは、私からも少しだけ質問させていただきます。

まずは、先ほど、ここに委員がおりますが、本当に気持ちは通じ合っているなということ、といいますのは、私もやはり今回、報告12の中で、都への要望書であり、事業所への要望書ということになりますが、それが大変分かりやすく書かれているということで、区民の皆さんにもこれをお伝えすることで、特に歩行者のデッキイメージは、前委員もおっしゃっていたように、高速晴海線ができないと区有施設もできない。区有施設ができないと、その上に歩行者デッキもできないというイメージ、中央区としては大変すばらしいアイデアがありながら、先ほど資金の問題の話もありましたが、なかなかスムーズにこれからいかないかもしれませんが、そのときは本当に役所の方、そして区議会も一緒になって取り組んでいくための材料を今回はたくさん与えていただいたなと、まずは質問に入る前に述べさせていただきます。

私の質問というのは、いろいろ具体的な質問はもう出ましたので、ちょっと漠然としてしまうんですけれども、私もまだまだ４期目で、ひよっこではあるんですが、築地市場に関しては、議員になった頃にちょうど移転の延期がありました。移転が決まるまでも大変だったと思うんですが、そこはまだ議員ではありませんでした。議員になったときは、もう移転は決まっていた。ところが、2016年11月７日に予定していた築地市場の移転が、小池知事はいろいろな思いがあるんでしょう。政治的手段、考えということもあるかもしれませんが、急に延期されてしまったことがあった。その後、これは自然界のことということになりますが、コロナ禍がありまして、そのとき、たまたま都市の真ん中にあれだけの土地がありましたので、ワクチン接種会場にしたりですとか、医療施設、酸素ステーション、この言葉もあまり聞かなくなりましたが、酸素ステーションとして使われました。こうして役に立った場面もありますが、その後、ようやくオリパラ、これも１年延期、しかも無観客開催という形での、予想していたものとは違った開催となりました。何を言いたいかといいますと、築地は、最初イメージしていたものから、どんどん大変なことが増えてきて、その中でも何とかその都度そのバーを乗り越えて乗り越えて、そして今があるわけです。これからまた新しくつくり替えるという、さらにいばらの道といいますか、大変なことが待っているわけですが、今回は夢に向かってということになります。

まず、今日この時点で、区の中では総括などを行っていらっしゃると思いますが、ぜひこの場で、ここまでの、築地移転が決定してきて、そして再開発に入る、もう具体的に始まるという点、今日この日において、ぜひ御意見、御感想など、あるいはこれからどうしていきたいかということをお聞かせいただければと思います。",,2025/9/3,環境建設委員会,議員
,令和7年 環境建設委員会(9月3日),吉田副区長,青木かの,"考えてみると、本当に長い道のりなんですよ。市場が移転するかどうかという話が起きて、少しガタガタし始めたというのは、実は昭和60年代ですから。やはり現在地で再整備しなければいけないよと私どもの区としては思っていましたから。正直、そのときに今の、例えば私どもの築地魚河岸などがあるところの部分は川だったんですけれども、そこの川を埋め立てて、基本的には、現在地の再整備のためにも使えるではないかと。築地川東支川が隅田川にも抜けていましたので、市場の中でも埋立てをしたというようなことを60年代にもう始めているわけです。移転の問題についていろいろ話があって、そのときに鈴木都知事の時代でしたけれども、汐留がまだできていませんでしたから、あそこを仮市場にして、ここの市場を本格的な市場として再編したらどうかなどという話もあって、昭和から平成にかけては、そういう議論があったんです。平成５年に一応一つの決着がついて、基本的には、現在地再整備でいきましょうということで、あそこで起工式もやっているんです。ただ、実際のところ、起工式みたいなことをやりながら、実態的には、あのときに青果市場と仲卸と荷受け、大卸の方と３つの大きな島ができるわけですけれども、どこかが２階に上がらないと、２階建てにしないと市場として難しいという話になって、中のもめごとがずっと深刻化してしまったもので、具体的な計画が進捗しなかった。それが、平成10年ぐらいに大変怪しい動きになってきて、市場の中で、もう築地では駄目だという話が一部表に出始めて、えっ、何を言っているんだという状態が平成10年のときです。その辺の議論が出始めて、うちの区としても、冗談じゃないよ、現在地再整備だということを、前区長の矢田をはじめとして、かなり言っていった時代です。ところが、非常に残念なことに、実は、ちょうど平成13年ですかね、石原都知事の時代に東ガスの豊洲の土地を買収して市場にするんだという話になった。それでも、私どもは諦めていませんで、豊洲はろくでもない土地だ、築地でやれよと言って、現在地再整備で、そのときは区一丸となって反対運動を展開しておりました。

ところが、東京都のほうがかたくなにそういう姿勢になっていって固まっていきまして、今でも記憶していますけれども、東日本大震災があったときに、ちょうどその日に都議会で予算の議決がございまして、豊洲で工事を始めるぞと。その大規模な予算を成立させたのが東日本大震災の当日でございました。それで、それではしようがないということでセカンドベストを考えて、実は、あの当時は生ものは全部市場の中で売っていて、場外には生ものがなかったものですから、それでは築地の名前がすたれてしまうぞ、もし行ってしまったとしたら困るぞというのがあって、今の築地魚河岸の部分を造ることになったわけです。造って、さあ、できたから、引っ越しをするならどんと来いと言ったら、今、委員がおっしゃったように突然２年延期とか言って、豊洲は危ないとか。あの頃の日刊ゲンダイ、非常に憎しみがあるので固有名詞を出しますけれども、豊洲大爆発なんて書きまして、そんなことを書いてくれたおかげで、本当に２年間延期になってしまったんです。実際には、仮オープンと言わざるを得なくて、築地魚河岸を一緒に併設して動かしながら移転に備えたというような、非常に苦しい局面もあった。その後は、御存じのようにコロナがあったり何かしながら今日までやってきたわけです。

ただ、今、若干観光市場的な雰囲気になってきつつはあるけれども、今でも食の築地というブランドを何とか維持しながら今日までまいっているし、その部分をちゃんと残しながら、跡地開発というものについて、基本的には、何回も申し上げておりますように、場外市場とぴかぴかの跡地開発とをどういうふうに連携させて、交通需要の支障がないようにしながら、お互いに繁栄できるような組立てが必要だということで、これも何度か申し上げていますが、共存共栄を目指したまちづくりを進めていきたいと思っています。

その上で、もう委員も御案内のとおり、40年以上みんな真剣になって、現在地再整備か移転かなんていうところも含めて、みんな真剣になってやってきたものが、単純に単なる建て替え計画で終わってはしようがないので、社会的な意義も、もうちょっときちんとしたコンセプトも立てていただかないと困るということも含めて、共存共栄と、それから築地の歴史を踏まえた社会的意義の確立みたいなことを、私どもの区としては事業者にも東京都にも望んでいる。その目標を実現するために、それぞれのスケジュールや何かの調整のために区としても動いていきたい。その問題点をさらに明らかにするために、今日、分かりやすい資料として、こういった資料も出させていただいている、そういう状況でございます。",,2025/9/3,環境建設委員会,理事者
,令和7年 環境建設委員会(9月3日),青木委員,青木かの,"すみません。じーんときて感動してしまいましたが、今と同じことをぜひ、改めて東京都と、そして事業者、今回、株式会社という形を取るそうですけれども、三井不動産、トヨタ、読売など大企業が含まれておりますが、そういう方々にも知っていただいて、ぜひすばらしい築地、新しい築地になるよう、中央区議会としてもみんなと一緒に頑張っていきたいと思います。どうもありがとうございました。

以上で質問を終わります。",,2025/9/3,環境建設委員会,議員
,令和7年 環境建設委員会(9月3日),かみや委員長,かみや俊宏,"青木委員は副委員長席にお戻りください。

では、議題（１）、環境保全及び建設行政の調査については、継続審査ということでよろしいでしょうか。",,2025/9/3,環境建設委員会,議長/委員長
,令和7年 環境建設委員会(9月3日),かみや委員長,かみや俊宏,"ありがとうございます。さよう取り扱わせていただきます。

次に、議題（２）、請願第８号、日本橋室町一丁目地区市街地再開発事業に係る区道廃道に関する請願の審査について、質問者の御発言を願います。

それでは、継続審査ということでよろしいでしょうか。",,2025/9/3,環境建設委員会,議長/委員長
,令和7年 環境建設委員会(9月3日),かみや委員長,かみや俊宏,"ありがとうございます。さよう取り扱わせていただきます。

第三回区議会定例会における委員長報告の取扱いについて、正副委員長一任ということでよろしいでしょうか。",,2025/9/3,環境建設委員会,議長/委員長
,令和7年 環境建設委員会(9月3日),かみや委員長,かみや俊宏,"ありがとうございます。さよう取り扱わせていただきます。

それでは、環境建設委員会を閉会いたします。

なお、委員の方と担当部長はお残りをいただければと思いますので、よろしくお願いいたします。

（午後３時23分 閉会）

－委員会を閉じた後－

環境建設委員会行政視察は10月29日から31日で、視察目的として、広島県呉市では呉駅から呉港にかけての駅周辺地域総合開発について、愛媛県松山市ではウォーカブル推進事業について、それぞれ実施することを協議し、決定した。",,2025/9/3,環境建設委員会,議長/委員長
,令和7年 区民文教委員会(9月4日),木村委員長,木村克一,"ただいまより区民文教委員会を開会いたします。

本日、理事者報告の関係で日本橋特別出張所長及び図書文化財課長が出席いたしますので、御了承願います。

それでは、理事者報告を願います。",,2025/9/4,区民文教委員会,議長/委員長
,令和7年 区民文教委員会(9月4日),木村委員長,木村克一,"お疲れさまでございました。

発言の時間制についてでございます。発言の持ち時間制につきましては、既に御承知のとおりですので、よろしくお願いいたします。ただいまの時刻は午後１時56分です。自由民主党さん40分、かがやき中央さん30分、立憲民主党・無所属さん30分、区民クラブさん30分、日本共産党さん30分、士魂の会さん10分となります。なお、持ち時間には、この後の議題である請願審査の時間も含まれます。

それでは、理事者報告に対する質疑に入ります。

発言を願います。",,2025/9/4,区民文教委員会,議長/委員長
,令和7年 区民文教委員会(9月4日),押田委員,押田まり子,"それでは、理事者報告に対して１つだけ質問させていただきます。

区施設の指定管理者の評価結果についてということでございますけれども、私たちもそれを頂いて、いつも、Ａが２つなんだ、Ｂが３つなんだとか、その程度の感覚でしか見ていないんです。ただ、こういう評価をなさって、どのようにその結果を捉えていらっしゃるか、まず、考え方を伺わせていただけますか。",,2025/9/4,区民文教委員会,議員
,令和7年 区民文教委員会(9月4日),鷲頭区民生活課長,押田まり子,"指定管理者の評価結果についてでございますけれども、まず、評価項目、評価基準ということで、全部で５つの評価項目があり、それぞれについて様々な評価基準があるところでございます。こうした点について、事業者からの報告を基にしました各所管からの報告を受けての評価ということになってまいりますけれども、そういった審議過程の中で各評価委員の方々から、やはり利用者としての声をいただくことが多くございます。こうしたお話というのは、やはり施設、まさに利用された生の声ということで、各所管の施設におきましても、利用者の要望、また御意見ということで、評価に反映する内容として重く受け止めまして、それぞれに基づきました対応を取っていくということになります。また、そうした観点と併せまして、各指定管理者に対しての課題という部分についても、この評価委員会の中でも御議論いただいているところでございますので、そういったものも併せまして、指定管理者のさらなる精査と区民サービスの向上に努めていこうと考えているものでございます。

以上でございます。",,2025/9/4,区民文教委員会,理事者
,令和7年 区民文教委員会(9月4日),押田委員,押田まり子,"ありがとうございます。

こういう調査をしたり何かをするというのは、実施することは行政が必ず必要でやっていることだから大事なことなんですけれども、それによってどのように変わってきたか、それから、どのようなところがよくなってきたかというのは、どういうふうに考えていらっしゃるのかと思います。見るとＢが３つ、Ａが２つとか、大体そんな感じなんですが、では、ＢをＡにするためにはどういう努力があるのか、それとも現地調査もあるから、どういうふうに指導をなさったり忠告をなさったりしているか、そのような点の取組方を教えていただけますか。",,2025/9/4,区民文教委員会,議員
,令和7年 区民文教委員会(9月4日),鷲頭区民生活課長,押田まり子,"まず、今、委員からも具体的なお話としまして、評価項目ＢのところをＡにどのようにしていくかといったようなお話がございました。まず、指定管理者の評価におきましては、Ｂ自体も妥当ということで決して悪い評価ではないということが前提となりますけれども、やはり区民サービスの向上という観点では、こうした施設の管理運営の在り方というのは常に向上し、改善していかなければならないものと考えております。そうした意味では、各事業者からの報告の内容につきましても、それぞれ各年度ごとに起きました事案について真摯に各指定管理者が向き合い、それについての評価を行っているものと考えております。また、区側におきましても、それをそのまま受け止めるというだけではなく、区の施策の観点も含めまして、総合的な観点からその評価の妥当性を吟味し、場合によっては、各指定管理者の自己評価よりも厳しい評価をすることも私どもはございます。ただ、こうした指定管理者と区との関係が、より施設の管理運営を改善し、区民サービスの向上につながっていくものであると考えているところでございます。

以上でございます。",,2025/9/4,区民文教委員会,理事者
,令和7年 区民文教委員会(9月4日),押田委員,押田まり子,"ありがとうございます。

今の話を伺うと、Ａを取るのはとても大変なことなのかなという感じはいたします。ただ、Ｂの指定管理者がＢのままではなくて、Ａになれるための努力をどういうふうにしているか、そういうものを役所、理事者の方たちがどういうふうに見ていらっしゃるかということが大事だと思います。いろいろなものを私は、この前の不登校に関する報告をいただいたときもですが、数字だけではなくて、その後どうなったかを教えてという話をよくするんですけれども、なさることはなさった、やっていますではなくて、やった結果がどういうふうに動いてきましたかというところも見ながら私どものほうにお知らせをいただく、一緒に考えていただくということをこれからもしていきたいと思いますので、どうぞ御努力をよろしくお願いいたします。ありがとうございました。",,2025/9/4,区民文教委員会,議員
,令和7年 区民文教委員会(9月4日),小坂委員,小坂和輝,"では、よろしくお願い申し上げます。

まず、１点目といたしまして、区民館の話がございました。現豊海区民館を取り壊さなければならない何か事情があるのでしょうか。普通、引っ越しは一回で済みたいんです。なので、今のところから新しくできたところに即入れれば一番楽ではないですか。今のところを即取り壊す事情は何か教えてください。これが１点です。

教育の点検・評価は非常に重要で、私も毎年楽しみにしている資料でありますが、出されております。そこについて入っていきたいと思いますけれども、坂野先生と野口先生がコメントを出しております。野口先生がコメントの中で人口激増への対応と。激増という言葉を使っているのだ、野口先生も問題意識を持たれているのだと、この表現から改めて私は感じるところであります。

すみません。１つ飛ばしておりました。晴海二丁目都有地の学校整備に関して、まず、月島第一小学校等の建て替えがあります。これに関して晴海中学校の推計も出ておりますけれども、念のための確認ですが、中学校の教室数というのは、中学校も35人学級にすることを織り込んでの数なのかどうか、念のために確認させてください。これが１点目です。

２点目は、これしかやりようがないのだろうとは思うけれども、子供たちにとっては大変厳しい。すなわち、月島第一小学校の現在地から離れた晴海二丁目まで通学しなければならない。子供たちにとっては大変負担のあるやり方で、これしか仕方ないとは思うけれども、負担になるところなので、学校の通学路とかを何とかしていかねばならないと思います。例えば通学路は、清月橋とか朝潮橋とか、非常に狭い。そのあたりの通学路の安全をどう考えているのか。また、晴海通りの大変広いところを、月島三丁目の子供たちはガードレールで渡れているんですけれども、ガードレールもない状況の下、このあたりの通学路の安全をどのように確保していくのかという考え方が２つ目です。

３つ目は構造です。日本橋中学校は鉄骨造を中心としたやり方のものですが、ここで建てるものは、鉄骨造よりも鉄筋コンクリート造や鉄骨鉄筋コンクリート造というものをしっかりと建てて、災害にも備えた建物とするのかどうか、その構造についてが次の点です。

もう一つ、改築準備協議会はいつ頃設置して話をしていくのか、このあたりの時間的な考え方、まずはこのあたりをお願いします。",,2025/9/4,区民文教委員会,議員
,令和7年 区民文教委員会(9月4日),平川地域振興課長,小坂和輝,"私からは、豊海区民館の建て替えに当たりまして移転の部分でございます。

現行の区民館については、現在もございますので、使える状態でございますが、資料２で説明しましたとおり、市街地再開発の区域の中に存するために建て替えを行うものでございます。

私から以上でございます。",,2025/9/4,区民文教委員会,理事者
,令和7年 区民文教委員会(9月4日),古賀庶務課長,小坂和輝,"晴海二丁目都有地の活用の関係で、中学校の今後のクラスに関して35人学級を想定しているかというところですけれども、こちらについては、当然、35人学級を想定した形で見込んでいるところでございます。

以上でございます。",,2025/9/4,区民文教委員会,理事者
,令和7年 区民文教委員会(9月4日),清水学務課長,小坂和輝,"私からは、通学路の部分についてお答えをいたします。

月島第一小学校の部分、仮校舎になったときにも安全に通学できるように通学路を設定していくというのは当然のことでございまして、地域の実情に即して、関係機関と連携しながら検討していくというものでございます。実際、晴海二丁目の校舎になった場合、現在のところから、距離として遠いところで１キロとか1.2キロとか、そのぐらいになるかなというところですけれども、区内の他の通学区域で一番遠い距離となるところと比較しても同等程度かなというところではございます。ただ、時間帯ですとか、場所によっては月島第三小学校に通学する児童と重なってしまう部分も考えられますので、そういったところの安全対策なども含めまして、通学路を設定するに当たりましては、しっかりと現地調査をして安全確認、また学校、警察、交通管理者、地域の方々と調整をしながら、その時点での交通状況の実態を踏まえて検討いたしまして、しっかり通学路の安全を確保してまいります。

以上でございます。",,2025/9/4,区民文教委員会,理事者
,令和7年 区民文教委員会(9月4日),田中学校施設課長,小坂和輝,"私のほうから、まず、構造のところについて回答させていただきたいと思います。

こちらの資料にお示しのとおり、令和14年から開始される工事に向けて、どのような学校を造るのか、もちろん基本設計ですとか、実施設計を開始することになっていきます。こちらは、教室不足を招かないように、工期ですとか、建設費とかがありますので、そういったところで様々な要因を検討して設計していくことになるんですけれども、専門部署と連携を密にしながら、安全・安心な学校を造っていきたいと考えております。

続いて、準備協議会のところになるんですけれども、こちらは、直近でいきますと、日本橋中学校ですとか、晴海西小学校の第二校舎とか、それぞれの学校に準備協議会をつくっております。こちらは、学校関係者とか地域の関係者、区の関係者を交えてやっているところであるんですけれども、いつからかというところは、まだこの場でお答えはできないですが、適切な時期にきちんと開催してやっていきたいと思っております。

私のほうからは以上です。",,2025/9/4,区民文教委員会,理事者
,令和7年 区民文教委員会(9月4日),小坂委員,小坂和輝,"豊海区民館に関しては、もちろん敷地内のものは壊します。ただ、壊すタイミングというものがありますので、そのあたりをうまく工夫すれば仮移転は要らなかったのではないかと思ったりするもので、このあたりはまた御検討いただければというか、やる計画ではありますけれども、やらなくても大丈夫なのではないかというふうにも思います。

次に、月島第一小学校と晴海中学校の件でありますけれども、通学路が大変気になるところであります。通学路をどうするかというところは款を越えてしまいますけれども、橋が狭いので、拡幅工事なども必要かもしれませんし、何だったら人道橋を架けるなどすることもありかと思います。また、晴海のほうの晴海通りをどう越えるかというところは、歩道橋を架けるということも必要なのではないかとも思いますが、そのあたりは安全な通学路をぜひ検討いただければと。幼稚園生も通いますので、安全な通学路の御検討をぜひともお願いします。

また、構造に関してや改築準備協議会に関しても、適切な時期でということで、時間もありますから、ぜひしっかりとした建物、ＲＣかＳＲＣの建物を、資材は高騰しておりますけれども、しっかりとした建物を建てていただければと私は思うところであります。災害にも強い学校を建てていただければと思います。

また、新たに誕生する学校でありますので、ぜひとも時代に即した魅力的なもの、何かは言えないですけれども、やはりＩＣＴなども活用して、いろいろ新たなものが入るというところをより研究していただいて、改築準備協議会でも議論して、夢のあるモデル校となるようなものを晴海二丁目、そして月島第一小学校の現在地の再整備において造っていただければと思います。このあたりは要望しておきます。

では、すみません。先ほど述べました点検・評価に移っていきます。

点検・評価につきましては、まず学力のところでは、これは何度も言われているところでありますけれども、内容において、例えば22ページの習熟度別指導の実施のところで理科と社会の問題に関しても述べられていて、中学校第２学年及び中学校第３学年の社会科並びに中学校理科では、実施内容である前年度の学年で履修した両教科の知識及び技能の定着に問題がある、というようなところで、やはり理科、社会が弱いということはここでも出てきているところであります。このあたりに関して、中学校の理科、社会科をどう高めていくかということはやはり課題かなと思い、その取組に関してどのように点検・評価して取り組んでいくかというあたりを、昨日の教育委員会定例会でも議論があったところではありますけれども、こちらで点検・評価も改めて取組をよろしくお願い申し上げます。ここが１点目です。

２点目は、魅力ある学校づくりという中で、85ページと32ページに学校サポートチームという言葉が出てきているんです。学校サポートチームというものが野口氏の分析においても取り上げられていて、学校間や関係機関との連携強化、学校サポートチームの活躍は、学校が問題を抱え込むことなく、関係諸機関が一体となって問題解決の方向を探れるものであり、さらなる連携強化に期待する、というふうにコメントをいただいているところであります。このように、地域と学校が一緒になって学校の課題を解決していくというのがとても重要であり、そのことが述べられているわけでありますけれども、この学校サポートチームは、もう各校に配備できているということでよいのかどうか。また、地域を巻き込んだ、地域と学校が一緒になって学校の課題を解決していくという取組が進んでいるのかに関してお答えいただければと思います。

取りあえず、この２点をお願いします。",,2025/9/4,区民文教委員会,議員
,令和7年 区民文教委員会(9月4日),畝尾指導室長,小坂和輝,"それでは、まず、学力に関することについてお話をいたします。

中学校の理科、社会につきまして課題があるというのは、本区の課題として私どものほうも認識しているところであります。理科、社会ともに、やはり読解力というようなところに課題が見られるのかなというふうに考えておりまして、読解力というのは、何も文章を読むことだけではなくて、例えば地図であるとか、グラフであるとか、そういった表グラフみたいなものと事象を組み合わせて関連づけて文章化するというようなところの思考的な部分に課題が見られるかなということで捉えております。そこで、社会科につきましては、今年度より社会科の指導教諭の職を新たに設け、メンタティーチャーとしても任用して、各学校の社会科の授業改善に寄与するということで進んでいるところであります。理科につきましても、やはり探求力というようなところで課題が見られるのかなというようなところでございますので、今後、また社会科の指導教諭、メンタティーチャーの取組の成果などをしっかりと検討して、追随するような取組ができるかどうか、しっかりと検討してまいりたいと思うところであります。

２点目の学校サポートチームについてでございます。

こちらは、本区でいいますと平成22年に学校サポートチームの設置についてということで指導室より通知を発出し、各学校に全校整備、配備をされているところでございます。昨年度の例を見ますと、年に１回から、多いところでは25回の学校サポートチームを開催しているという記録も把握しておりまして、各学校の問題、課題に応じて、地域の方々も含めて、まさに学校のサポートをしていただいているということであります。

私からは以上です。",,2025/9/4,区民文教委員会,理事者
,令和7年 区民文教委員会(9月4日),小坂委員,小坂和輝,"理科、社会の取組ということでおっしゃいました。そこで、理科、社会のところで、今おっしゃった社会の先生というのは、小学校だけではなくて、中学校もというところですね。特に、小学校においてはパイロット校があるわけで、理数ということで城東小学校がありますが、何だったら中学校にも理科、社会のパイロット校などもつくって、もう一歩踏み込んだ取組などをやってみてはどうかと思うわけです。社会の先生を入れたりというところももちろんありますが、それだったら社会により踏み込んでというパイロット校的なやり方もあるのではないかとは思います。このあたりの考え方が１つと、理社が弱いというのであれば、この点検・評価の最後には、第４期教育振興基本計画に示された指標における中央区の状況ということで、最初に国語と算数、国語と数学の平均正答率のグラフを出しているわけです。ここに、理科、社会も問題なのだから、この変化を注目すべき指標として入れながら評価していくということもありなのではないかと思うんですけれども、このあたり、考えがあればと思います。理科、社会への取組のさらなる強化という点で、もう一度質問させていただきます。

魅力ある学校づくりということで、地域の人も学校の問題に入り込んでいるということでの学校サポートチームということです。学校サポートチームに関しまして、よく似たものとしては、学校評議員会もここで書かれておりますけれども、それもあります。どのように学校評議員会で審議されているか、その内容をあまり地域の人は知らないんです。だったら、学校にどんな問題があるか分からないということにもなりますので、学校評議員会の内容などもさらに地域に知らせていくというふうに仕組みをつくったほうがいいと思います。どの学校のホームページを見ても、学校評議員会はどんな内容で会議をしているということが分からない。ここへの、学校評議員会も併せて、このあたりが書かれておりますけれども、さらに学校の課題を地域に知らせ、地域と一緒に学校の課題を解決するという姿勢をさらに進めていってもいいのではないかと思います。このあたりの考え方をもう一歩踏み込んでということでお聞きをさせてください。これが再質問としてです。

進めさせていただきますけれども、教育支援に関して質問させていただきます。

私が注目していた、先ほど述べた指標で大事なものが飛んでいるんです。消えているんです。今まであった学校内外の機関等で相談・指導等を受けていない不登校児童・生徒の割合の改善というものが、今まであったにもかかわらず、今回の点検・評価では消えてしまった。ただ、この数字は昨年度悪化しているわけで、前年度は、223人の不登校の子供のうち、関係機関とつながっていない子が45人いて、割合が20％だったんです。それがさらに悪化していて、31.2％まで悪化しているんです。悪化している指標にもかかわらず、この大事な指標が落ちているんです。これは落としてはいけないと思うんですけれども、このあたりの事情などを教えていただければと思います。

それと、それがあったところの上の数字は、通級・通室による指導を受けている児童・生徒の数というものが書かれており、令和５年度464人だったものが30人ぐらい増えているというのが書かれております。この数もすごい数だというふうに思うところであります。この子たちへの指導を何とかよりうまくしていくというところでの確認でありますけれども、点検・評価の中で書かれておりますが、個別の指導計画や個別の教育支援計画をつくりながら対応していくと書かれております。であれば、これら500人近くの子供たち全てに個別の指導計画や個別の教育支援計画はつくられているというふうに考えてよいのかどうかについて確認させてください。

教育支援に関して、このあたりをお願いします。",,2025/9/4,区民文教委員会,議員
,令和7年 区民文教委員会(9月4日),木村委員長,木村克一,小坂委員、ただいまの質問の中で、理事者報告に関する資料６を中心に質問されていると思うんですが、その中で理事者報告の中に入っていない、例えば中学校のパイロット校についてのお話等々は入っておりませんので、その点を理解して質問をしていただければと思います。あくまでもその質問をするのであれば、理事者報告ではなくて、議題で質疑という形になると思いますので、よろしくお願いします。そのほかにも、理事者報告に関する資料６以外の点に関することもかなり質問があると思いますので、その点に関しましては、小坂委員のほうから改めて理事者報告以外で、議題として質問をして答弁をしていただきたいと思いますので、質問を省きます。今までの質問の中で、関連の質問に対する御答弁をお願いいたします。,,2025/9/4,区民文教委員会,議長/委員長
,令和7年 区民文教委員会(9月4日),畝尾指導室長,木村克一,"それでは、関連するところといたしまして、まず１点目、指標のつくり方ということで、理社を入れないことについてということです。

御存じのとおり、理科、社会につきましては、毎年、学力テストで行うと決まっているわけではないので、経年変化も含めて年度で締める点検・評価として理科、社会というところの指標をつくっていないというようなことでございます。

続きまして、学校評議員会のことについてです。

こちらにつきましては、本区の要綱で守秘義務がうたわれておりまして、よって、傍聴であるとか、議事録についての公表が難しいというところになっております。

なお、外部評価につきましては、こちらで学校評議員会で議論されたことをしっかりと報告書として、ホームページ等も含めて、報告をさせていただいているところでありまして、今後また、どのようなことができるか考えていきたいかなというふうに思います。

私からは以上です。",,2025/9/4,区民文教委員会,理事者
,令和7年 区民文教委員会(9月4日),村上教育センター所長,木村克一,"私のほうからは、教育支援の部分の指標について２つ御質問にお答えさせていただきます。

まず、学校内外の機関等で相談・指導等を受けていない不登校児童・生徒の割合の改善が落ちたというような表現をされておりますけれども、こちらに関しましては、まず指標でどういったものを掲載していくか、毎年度見直しを進めているところでございます。また、外部の学識経験者の方にも御意見をいただきながら進めているところでございます。その上で、子供たちがどことつながっているかというのもとても大事なんですけれども、学校であったり、教育相談であったり、フリースクールであったり、どことも誰ともつながっていない子供たちがいるかいないかという部分が一番重要ではないかと考えております。そういった部分では、令和５年度、６年度ともに、つながっていない子供たちは一人の児童・生徒もいないという部分がやはり最重視されるのではないかと考えております。ですので、落ちたというよりは、それをここに掲載する必要がないのではないかという判断を事務局でもしましたし、外部の学識経験者の方とも意見を交換する中で判断をさせていただいた部分でございます。ですので、今後、ここにない指標が新たに出てくることも当然ありますので、そのときそのときに応じた指標をしっかり掲載していきたいと考えているところです。

２点目の通級・通室の指導を受けている児童・生徒が増えている。あわせて、個別の指導計画、個別の教育支援計画はイコール育ちのサポートカルテという部分でありますけれども、こちらにつきましては、区としましては、特別支援学級に通っているお子さんについては、必ず個別の教育支援計画、育ちのサポートカルテの作成を求めているところであります。また、一方で、個別指導計画については、通室している全て、100％のお子さんのものを必ず記載するようにというふうにしております。また、通常の学級、また教室に通っているお子さんの中でも、保護者と相談しながら、必要なお子さんに関しては個別の教育支援計画、また育ちのサポートカルテを作成しております。もう一度確認、報告させていただきますと、個別指導計画については、通室しているお子さん100％、作成させていただいておりますが、個別の教育支援計画は、必要なお子さんに関しては作成をしている。必ず作成をしなければいけないという義務のものではないというふうな形で述べさせていただきます。

私からは以上です。",,2025/9/4,区民文教委員会,理事者
,令和7年 区民文教委員会(9月4日),小坂委員,小坂和輝,"それぞれに指標なり、ありがとうございます。

評議員会に関しては、地域の課題、地域の方々が学校でどのようなことが話されているかということに関して知る必要があると思うので、会議の趣旨と、評議員会で何をテーマに話し合われて、どういう結果を得たということを知らしめることとは別物ですから、それに関しては広く知らせていく必要があるかと思います。このあたりは、また引き続き、会議が開かれたものとなるように、そして、さらに地域と学校が一緒に運営できるという状況をつくっていけるようにというところを一緒に考えていきたいと思いますので、このあたりはよろしく願います。

また、個別の指導教育計画なり、個別の教育支援計画なり、そのあたりは十分にできているというところを確認させていただきました。

ここでの質問は終わります。",,2025/9/4,区民文教委員会,議員
,令和7年 区民文教委員会(9月4日),永井委員,永井佳代,"よろしくお願いいたします。私からは、資料２、資料７について質問いたします。

まずは、資料２の豊海区民館の仮施設への移転についてお尋ねいたします。区民館は、単なる部屋の貸出し施設ではなく、町会の活動、子育てサークル、高齢者の交流や学習会など地域コミュニティを支える生活の拠点であると思っております。だからこそ、仮施設の在り方は、単なるつなぎではなく、区民生活とコミュニティの持続性をどう守るのかという視点で順次質問してまいります。

まず、私が現状の課題と捉えているバリアフリーについて、バリアフリー改善の好機としてお尋ねいたします。現行の豊海区民館にはエレベーターがなく、車椅子やベビーカー利用者は階段を使わざるを得ませんでした。車椅子対応のトイレも２階にしかなく、バリアフリー面に課題があると認識しております。事前に申込みをすれば、介助を受けることができるとのことのようですが、バリアフリーについては課題があると認識しています。一方、仮施設は鉄骨造の１階建てで、従来の課題を改善する機会となります。特に、これまで２階にしかなかった車椅子対応トイレについては、仮施設では誰でもトイレを設置すると御説明をいただきました。これは大きな前進であり、子育て世帯や高齢者、障害のある方など多様な利用者に安心をもたらすと期待をしております。

そこで、お尋ねいたします。

この誰でもトイレは、オストメイト対応やベビーチェアを備えた多目的使用となるのか、また、この取組を一時的な改善にとどめず、将来の本設豊海区民館に確実に引き継ぎ、ユニバーサルデザインを徹底する仕組みをどう整えていくのか、本区の御見解をお伺いいたします。まず、よろしくお願いいたします。",,2025/9/4,区民文教委員会,議員
,令和7年 区民文教委員会(9月4日),平川地域振興課長,永井佳代,"豊海区民館の仮設の区民館と新設する区民館の施設的な面でのバリアフリーの対応のところでございます。

お話しいただきましたとおり、現行の区民館におきましては、なかなかバリアフリーに対応しづらい点があるところでございますが、仮設区民館に、今御紹介いただきました誰でもトイレを設置する予定でございます。基本的に、設計の中では、オストメイトに対応したものをつける予定でございまして、ベビーチェアにつきましては、施設の広さの関係上、今、設置がかなわないかなというところでございます。

また、そういったバリアフリーの観点を新しい区民館への引継ぎというところでございますが、同じく、誰でもトイレでございますとか、シャワーの部分ですとか、先ほど説明にもありましたけれども、豊海運動場、テニスコートの受付、クラブハウス的な部分もございますので、そういったシャワーの設置、オストメイトに対応した誰でもトイレの設置を検討しているところでございます。

以上でございます。",,2025/9/4,区民文教委員会,理事者
,令和7年 区民文教委員会(9月4日),永井委員,永井佳代,"ありがとうございます。

バリアフリー対応に関しても、新しいお取組の一つであると認識しておりますが、仮施設だから不便で仕方ないと考えるのではなく、仮施設だからこそ新しい試みを導入するという発想が必要ではないかと思っております。例えば、現施設には整備されていないＷｉ－Ｆｉ環境や可動式家具を導入することで利便性を高め、これまでにない利用形態を実現することができるのではないかと思います。仮施設において、こうした新しい取組を導入するお考えはあるのかお聞かせください。お願いいたします。",,2025/9/4,区民文教委員会,議員
,令和7年 区民文教委員会(9月4日),平川地域振興課長,永井佳代,"仮設区民館での新しい施設のしつらえ、設備の考え方でございます。

仮施設、仮設でございます。限られた期間で使うというところもありますので、基本的には費用対効果を最大限発揮するために、まず利用者の方に御不便をかけないという観点かと思ってございます。今回の施設につきましては、お部屋の数が減るということもございますが、そういった中で、利用していただくためのお部屋のしつらえをしっかりするというところ、また、こちらは仮設施設で、その後、取壊しをするものでございますので、基本的に必要最低限のものを備えていくというのが考え方が基本かというふうに考えてございます。そのため、御紹介いただいたＷｉ－Ｆｉでございますとか、稼働する設備等、例えば棚みたいなものかと思いますけれども、そういったものの設置は、今、考えていないところでございます。

以上でございます。",,2025/9/4,区民文教委員会,理事者
,令和7年 区民文教委員会(9月4日),永井委員,永井佳代,"ありがとうございます。

導入予定はない、仮施設は期間が限られているから必要最低限であるといった御答弁の内容だったと理解しております。仮施設は期間限定で、期間が限られているからこそ、例えば小規模に試せる実証実験の場にもなり得るのかなと思います。利用者の反応や運営上の課題を把握できれば、本施設での整備判断にも役立つのではないかと思います。そうした実験的な導入の可能性について御検討いただければと思います。

続きまして、使用料についてです。

今回の条例改正で定められる使用料は、単純にお部屋の面積を基準に算定されていると認識しておりますが、この理解は正しいでしょうか。ほかの自治体では工夫が見られるところがあります。例えば、仮施設専用の料金表を設ける自治体や、築年数や利便性に応じて、駅からどれくらい離れているかなど、利便性に応じて傾斜をつける仕組みを検討している自治体もあるようです。つまり、料金設定をより納得感のあるものとするために、面積以外の要素を反映しているのです。そこで、本区でも条例や規則にこうした考え方を反映し、現状の料金体制を柔軟に見直すお考えはあるのでしょうか、御見解をお聞かせください。お願いいたします。",,2025/9/4,区民文教委員会,議員
,令和7年 区民文教委員会(9月4日),平川地域振興課長,永井佳代,"区民館の使用料についての考え方でございます。

まず、１点目でございますが、今般、豊海区民館の仮施設の使用料の改めでございますが、こちらについては、基本的には平米、お部屋の広さに基づく使用料の設定でございます。また、御紹介いただいたほかの自治体等の取組、施設ごとの特色といいましょうか、立地ですとか、設備面での使用料に傾斜をつけていくかというところでございますが、考え方は様々あるかなというところでございます。例えば、建物を更新すると建物の評価額が上がるというところで、それによって、すなわち使用料が上がるのかといったところですとか、駅が近いということで利便性の中で使用料が高くなってしまうのかというところでございますと、基本的に区民館は、今御紹介いただいたとおり地域コミュニティの活動の拠点というふうに認識してございますので、基本的には低廉な値段、また減免の制度等を活用いただいて、なるべく区民活動、地域活動を促進していきたいという考え方を持ってございます。現状、下限、下のレベルのところで基本的には使用料を設定しているのかなというふうに認識してございます。、例えば駅が近いことでございますとか設備が整っていることで使用料を高くしてしまうというところにおいては、基本的に、先ほど申し上げました地域活動の促進の阻害要因になるおそれもあるというふうに認識してございますので、現状の中では、それぞれの使用料に差をつけるといった考え方は持ってございません。

以上でございます。",,2025/9/4,区民文教委員会,理事者
,令和7年 区民文教委員会(9月4日),永井委員,永井佳代,"御丁寧に御答弁ありがとうございます。料金についての考え方については、理解いたしました。区民活動が途切れないよう最大限工夫された結果が、この料金表に反映されているということを理解いたしました。

それでは、さらに、区民活動が途切れないように工夫するための質問なんですが、まずは現在の集会室の稼働率をお示しください。その上で、万が一、仮施設で不足が生じる場合に備え、地域資源を活用する工夫が必要であると考えています。例えば、所管は違いますが、近隣の豊海小学校の学校開放との連携や、橋を渡った先のはるみらいとの連携が考えられると思います。リスクマネジメントとして、今回の仮施設において集会室の数、面積も減少しますので、本区としてどのようなことを検討されているのか、何かお考えがあればお聞かせください。お願いいたします。",,2025/9/4,区民文教委員会,議員
,令和7年 区民文教委員会(9月4日),木村委員長,木村克一,永井委員、例えば今の集会室の稼働率に関しては、これは豊海区民館に関しての理事者報告になってございますので、ほかの区民館の稼働率等々という質問もあったかと思うんですけれども、それに対しては理事者報告ではなくて、議題として質問をしていただければと思いますので、よろしくお願いいたします。,,2025/9/4,区民文教委員会,議長/委員長
,令和7年 区民文教委員会(9月4日),永井委員,永井佳代,"豊海区民館についての稼働率をお伺いいたします。

その上で、仮に集会室で不足が生じる場合に備えて、すみません。繰り返しになりますが、豊海小学校の学校開放との連携や、橋を渡った先のはらみらいとの連携など、リスクマネジメントとして何かお考えがあればお聞かせください。お願いいたします。",,2025/9/4,区民文教委員会,議員
,令和7年 区民文教委員会(9月4日),平川地域振興課長,永井佳代,"豊海区民館の稼働の状況でございます。

年によって少し差はあるものの、おおむね25％前後というふうな数字でございまして、ほかの区民館と比べますと少し低い傾向にございます。

そういった中で、今、御懸念のありましたリスクとしてというところで、御利用の阻害が今回の仮施設であるというところでございます。

周辺の施設というところでございますと、同じく所管してございます地域交流センターはるみらいは、人道橋があることによってアクセスが容易でございます。その中にも集会室を備えてございますので、そういったことの周知をするというところでリスクを回避したいというふうに考えてございます。

以上でございます。",,2025/9/4,区民文教委員会,理事者
,令和7年 区民文教委員会(9月4日),永井委員,永井佳代,"ありがとうございます。現在の集会室の稼働率は25％ということで、私が心配するまでもいかないのかもしれませんが、ただ、リスクマネジメントとして、人道橋を渡った先のはるみらいとの連携も既にお考えがあるとのことで安心をいたしました。

豊海区民館の仮施設移転に関しては、これまでの課題を改善すると同時に、新しい取組を導入し、今回、指定管理者の評価が出されたばかりですが、指定管理者との協働や地域資源との連携を通じて、より使いやすい区民館へと進化させていただければと思います。本区がこの機会を積極的に生かし、地域の声を、先ほどアンケートで生の声、皆さんのアンケートの声が非常に重要だという御答弁をいただいておりますが、皆様の声を丁寧に吸い上げながら、新しい豊海区民館を区民の皆様と共に形づくっていただくことを強く期待しております。

続きまして、資料７の晴海二丁目都有地における学校整備についてお尋ねいたします。

まず、前提条件の見通しの妥当性について確認をさせてください。資料に示されている最大想定については、人口推計や就学率、さらには、例えば３ＬＤＫのお部屋に子供が２人入居するといった住居形態を前提とする過去のデータを基に算出されていると承知しています。さらに、私立中学校への進学率に対しても、過去のデータを基に算出されているのではないかと思っております。本区としても、ディベロッパーにアンケートを行うなど、積極的にデータ収集を進め、正確な推計に努められていることは重々理解しておりますが、その一方で、晴海西小学校の学区では、既に過去のデータとは必ずしも一致しない事態が生じているのも事実です。人口激増への対応については、点検・評価の中でも学識経験者の方から高い評価をいただいているところですが、最大想定とは、従来と同じ推計手法に基づくものなのか、それとも、さらなる上振れリスクを含んだ数字なのか、過去のデータとは異なる前提を置いて算出しているのか、具体的な算出方法を改めてお示しいただきたいと思います。

加えまして、先ほども御答弁の中で少しお話が出ましたが、日本橋中学校の改築工事が入札不調や人手不足で遅延した事例があるように、建築業界の逼迫状況によっては晴海でも同様のリスクが考えられます。こうした事態に備え、本区としてどのような柔軟なシナリオや代替案をお持ちなのか、併せて御見解をお願いいたします。お願いいたします。",,2025/9/4,区民文教委員会,議員
,令和7年 区民文教委員会(9月4日),古賀庶務課長,永井佳代,"２点あったと思うんですけれども、まず１点目の晴海二丁目の児童・生徒の数の見込みの仕方についてでございます。

基本的に、毎年、教育委員会のほうでは、各通学区ごとに児童・生徒の数を推計しまして、将来的な改築あるいは学区域も含めた変動に対応できるように構えをしているところでございます。児童推計のデータの作成の流れといたしましては、区の実施しております人口推計を基本のベースに使いまして、それを学区域別に分けていくわけですけれども、さらに、先ほど御案内があったような就学率ですとか、就学の制度、そういったことも加味しているところでございます。区全体として、そういった形で数字を出しておりまして、今回の月島地域に関して申し上げますと、通常、マンション規模、住宅規模、50戸以上のものを区の人口推計では想定していると思うんですが、今回、月島地域につきましては、具体的な開発計画、内容が濃く、再開発組合ができているようなもの以外にも、想定される場所ですとか、まだ相談レベルですとか、まだ実際やるかどうか分からないけれどもというところも含めて推計をさせていただいております。あくまでも、これについては、先ほど過去の実績に基づいてという手法を御紹介いただきましたけれども、なかなか将来にどんな変動要素、社会的な変化が起こるというのを確実に見ることはとても難しいことでして、推計の限界というところもありまして、どうしても過去の実績に基づいた推計係数ですとか、そういった数値を使うことにはなるんですけれども、区の人口推計に加えて、まだこれからもあるだろうというところも含めてやってございます。

それと、最大推計につきましては、勝どきエリアの再開発なども含めて、こちらとしては想定しながら推計をしてございますので、そういった意味では、私どもの推計の妥当性というところでいいますと、私どもでできる範囲での推計の確度は設けているというふうに考えております。

それから、計画の緊急時のシナリオというところですけれども、今申し上げたとおり、まず工事関係につきましては、昨今の建設業界の働き方の部分ですとか、そういった現状も踏まえて、交付金のほうも考えて設定しているところでございます。また、現時点で子供の数の上振れですとか、下振れですとか、大幅に工期を短縮しなければいけないほどの上振れの要因ですとか、逆の要因、減少するような要因という確実な要因は確認できておりませんので、現状の計画でスムーズにやっていけるように実施していきたいと思っております。これから設計に入っていく中で、設計するだけではなくて、様々な手続、いろいろなものがございますので、例えば同時並行でやって効率的にできるのかだとか、そういったところも含めまして、工期をしっかり守れるようなスケジュール管理をしてまいりたいと思っております。

以上でございます。",,2025/9/4,区民文教委員会,理事者
,令和7年 区民文教委員会(9月4日),永井委員,永井佳代,"ありがとうございます。生徒数の最大想定に関しては、やり方、方法そのものは過去のデータを参考にしているものの、推計の範囲を今回は大きく広げていただいたということで、時代や状況の変化に応じて柔軟に御対応いただいているのかなと思います。ありがとうございます。

続きまして、仮校舎を月島第一小学校・幼稚園で先に使用し、その後に晴海中学校へ転用する二重利用の設計についてお尋ねいたします。

まず、小学校、幼稚園の児童や園児が現状と変わらない教育環境を受けられるのか、改めて確認させてください。

運動場やプールなどの教育施設、運動会をはじめとした学校行事の対応など、仮校舎における環境整備の内容を具体的にお示しください。

次に、地域への校庭の開放についてお伺いいたします。

現在、月島第一小学校の運動場では、公園ではできない遊びをするすぽぐらとして、地域の方々がキャッチボールなどに活用されていると承知しております。今回整備される仮校舎に関しても、同様に運動場を地域に貸し出すお考えがあるのかどうか、現時点でのお考えをお示しいただけますでしょうか。

さらに、中学校への転用に当たって、余計なコスト増や工期延長が生じないように、設計上どのような工夫を盛り込まれているのか。現時点で把握される範囲で構いませんので、御説明をお願いいたします。

以上３点お願いいたします。",,2025/9/4,区民文教委員会,議員
,令和7年 区民文教委員会(9月4日),古賀庶務課長,永井佳代,"晴海二丁目に建設する学校の関係です。

まず、１点目の二重利用ということで、小学校、幼稚園、その後、中学校ということで、学校の教育環境に影響があるかどうかというか御質問かと思うんですけれども、今回の校舎整備計画については、資料のほうにも記載させていただきましたが、まず、きちんとお子さんの学びの場が確保できるだけの教室スペースをしっかり用意すること、それから、学校教育活動に付随する必要な設備は当然用意していく考えでございますので、月島第一小学校が晴海に仮移転した際に、学校の設備上で、例えばプールがないとか、いろいろな設備がないとかというような制限は、現時点では具体的に考えていることはないですけれども、設計はこれから入っていきますので、地域の方の御意見なども踏まえて、しっかりと対応させていただきたいというふうには思っているところでございます。

それから、学校の地域開放の話ですけれども、こちらも、晴海の地域の方からお話を聞く際には、子供たちのいろいろな活動の場としてという話も聞かせていただくことはあります。こちらについては、例えばスポーツ開放ですとか、学校施設開放、いろいろな開放の仕方はあるかと思うんですけれども、地域のニーズもきちんと聞きながら、学校においてどういったことが今回の整備の中で対応できるのかというところは、今後、地域の方の意見も聞きながら進めていきたいというふうに考えているところでございます。

最後の３点目ですけれども、中学校に転用する際の工夫というところです。これもこれから設計に入ってまいる中で、やはり最終的には中学校として使っていきますので、小学校、幼稚園等で使いつつも、その後の改修がなるべく軽微といいますか、費用的にも期間的にもしっかり無理なくできるようなことを想定して、こちらで仕様書の中で設計を伝えていく形になるかと思います。そういったところも注意しながら、今後、計画設計、工事のほうを進めてまいりたいと考えております。

以上でございます。",,2025/9/4,区民文教委員会,理事者
,令和7年 区民文教委員会(9月4日),永井委員,永井佳代,"御答弁ありがとうございます。様々な御答弁の中でも、地域の方の声をとても大切にしていただいていると強く感じました。ありがとうございます。

さらに、中学校への転用、二重設計に関しても、余計なコストや工期延長が生じないよう最大限の努力、工夫をされていると認識いたしました。ありがとうございます。引き続きお願いいたします。

続きまして、児童・生徒、保護者への説明の機会についてです。

私が申し上げるまでもなく、仮校舎整備や教室不足対応は子供や保護者にとって大きな影響を与えます。先日の晴海西小学校の仮設増築棟に関する説明では、非常に丁寧な対応がされていたことを確認いたしました。この点は改めて評価したいと思います。こちらに関しては、後ほど質問をさせていただきたいと思います。

晴海二丁目仮校舎に関しても同様に、保護者の方や子供たちが安心できる丁寧な説明がなされるものと期待しておりますが、現時点ではどのような対応をお考えなのかお示しください。すみません。こちらもあくまでも現時点で構いませんので、分かる範囲でお願いいたします。",,2025/9/4,区民文教委員会,議員
,令和7年 区民文教委員会(9月4日),古賀庶務課長,永井佳代,"学校を改築する際には、先ほども答弁をさせていただいたところに関連しますけれども、学校やＰＴＡの方はもちろんですが、地域の自治会の方、町会の方、あとは青少年委員ですとか、学校を支えてくれる方々も含めた協議会を設定しております。そういった中で回数を重ねて、いろいろな意見を聞きながら丁寧に改築、移転のほうを進めてまいりたいと考えております。

以上でございます。",,2025/9/4,区民文教委員会,理事者
,令和7年 区民文教委員会(9月4日),永井委員,永井佳代,"ありがとうございます。

晴海二丁目の仮校舎整備は、一見すると不便を伴う一時的な対応に見えるかもしれません。しかし、工夫次第では、子供たちにとって新しい学びや体験の場となる可能性を秘めています。保護者への丁寧な御説明を重ねながら、子供たちが安心して学校生活を送ることができる環境を整えていただき、多様な子供たちにとって過ごしやすい環境づくりにつなげていただきたいと思います。このお取組が将来の学校づくりに資する前向きな実例となることを強く期待し、理事者報告からの質問は終わります。ありがとうございました。",,2025/9/4,区民文教委員会,議員
,令和7年 区民文教委員会(9月4日),木村委員長,木村克一,"ただいま質問のさなかではございますが、暫時休憩を入れます。委員会再開時刻を午後３時５分といたしますので、よろしくお願いいたします。

休憩に入ります。

（午後２時54分 休憩）

（午後３時５分 再開）",,2025/9/4,区民文教委員会,議長/委員長
,令和7年 区民文教委員会(9月4日),木村委員長,木村克一,"休憩前に引き続き委員会を再開いたします。

質問者の発言を願います。",,2025/9/4,区民文教委員会,議長/委員長
,令和7年 区民文教委員会(9月4日),山本委員,山本理恵,"私からは、資料７と資料９について質問をしてまいりたいと思います。

まず、資料７、晴海二丁目都有地における学校整備についてです。

こちらについては、今回、スケジュールが示されたことと思います。令和14年の夏に月島第一小学校及び幼稚園の仮校舎としての使用、令和18年に内部改修があり、令和19年春に晴海中学校の新校舎として使用するということです。まず、それぞれの段階で想定される課題についてお聞かせください。

次に、将来的な財政負担の見込みについても伺います。

今回、都有地を借り受けて、そこに施設整備をするということですけれども、前回の委員会において、この都有地の借受けについては、区の資産として年間６億円ぐらいという御回答がございました。今後、その上に施設を整備していくことになるんですけれども、まず、施設が晴海二丁目校舎の建設、そして月島第一小学校及び幼稚園の改修工事、そして、その後、小学校から中学校の運用に変えるときの改修工事、さらには現行の晴海中の改修などと続くことになるかと思うんです。この辺の教育施設の整備費、財政負担についてどのようにお考えか、試算などが出ているのであれば、お聞かせいただければと思います。まずは２点、お願いします。",,2025/9/4,区民文教委員会,議員
,令和7年 区民文教委員会(9月4日),古賀庶務課長,山本理恵,"スケジュールの中での各段階、引っ越しですとか、移転だとか、各段階での課題感という御質問だと理解しております。

まず、今回、スケジュールとしては、かなり長いスパンで、それぞれ逐次、順序よく計画を進めて、設計から工事、移転の作業も含めて実施していくことが必要になっております。それは、子供の数というところも基準にしまして、ある意味、このぐらいの時期に学校が教室不足になるということを想定しての部分もございますし、これからいろいろな変動要素が起こらないとも限らないというところがございますので、全体を通して言えることは、やはりスケジュール管理をしっかりしていくこと、時期、情勢に応じた見立てをしっかり立て、設計、工期なりといったところをしっかり遺漏なく管理していくというところが全体を通しての課題かと思っております。

また、引っ越しに当たっては、どうしても実際いろいろな作業に当たっていただく学校現場のことも考えていかなければいけないと思いますので、今回、夏休みの時期に引っ越しとしておりますが、これが一番、時期としてはベターだと考えて設定しておりますけれども、そういった学校側の負担というところもしっかり考慮しながら、事前の調整なども含めて、こちらもしっかりと準備を進めていかなければならないと思っております。スケジュールがしっかり進められるのか、あるいは修正が必要なのかというのは、毎年やっている子供の数の推計ですとか、先ほど言った建設業界の状況ですとか、そういった情報は日々変わることもありますので、そういったところをしっかりと捉えていきたいと思っております。

１点目の課題感については、以上でございます。

あと、今回の学校整備に当たっての費用ですとか、財政負担につきましては、現時点で正確な試算はまだ出来上がっていないところでございますけれども、学校整備に当たっては、様々な国の支援ですとか、活用できる財政的な支援はしっかりと活用しながら、区の負担を少しでも軽減できるような視点で工事を進めてまいりたいというふうに思っております。

以上でございます。",,2025/9/4,区民文教委員会,理事者
,令和7年 区民文教委員会(9月4日),山本委員,山本理恵,"それぞれ御答弁ありがとうございます。今回、本当に長期的なスパンのスケジュールが示されたと思っております。でも、長期ですから、不確定要素がたくさんあり、あくまでもスケジュールであり、状況によって柔軟に対応していくということで理解いたしました。また、できるだけ学校の負担を軽減できるよう、引っ越しの時期等も考えて検討していくということで理解いたしました。

資料の６の全体スケジュールを見ますと、最後、黄色いところ、晴海中学校の最後のところ、改修の後、区立小学校の不足教室対応と書かれております。令和20年頃です。現在の晴海中学校が最終的に、令和20年頃に区立小の不足教室に対応していく箱物となるということだと思うんですけれども、これはどの辺の小学校の教室不足を想定されて、こちらに書かれたのか、これについて確認をさせてください。

あわせて、通学区域、通学路についても伺いたいと思います。

先ほども前委員とのやり取りがございました。通学路の距離の問題、また安全性の問題、こちらについて質疑がなされたところです。今後しっかりと関係機関と連携しながら、調整しながら安全性を確保していくということでした。もちろん、それはぜひお願いしたいところですけれども、様々な建設工事期間中、新たな仮校舎に通う子供たちの安全性も大事ですが、既存の学校、月島第三小学校であったり、晴海中学校に通っている子供たちの通学の安全性もしっかりと確保していかないといけないと考えております。また、最終的に、物すごく狭い範囲に非常に多くの学校が集まることになるかと思うんです。既存の月島第三小、晴海中学校、そして月島第一小学校が移転してきて仮校舎に入って、さらに東京都の特別支援学校も令和９年度から工事が始まって、令和11年から16年の間、使われるということで、非常に多くの児童・生徒がこの場所に通うことになると思うんです。こちらについても、通学ルートであったり、通学の安全性等をしっかりと考慮して考えていってほしいと思うんですけれども、見解を伺います。",,2025/9/4,区民文教委員会,議員
,令和7年 区民文教委員会(9月4日),古賀庶務課長,山本理恵,"まず、最大規模になる時期、こちらの資料の表でいうと晴海中学校の小学校の対応の黄色の図のところですけれども、こちらの時期とどのエリアかというところにつきましては、まず、今回、既存の学校の中でのクラスを今後見通ししていくのに併せまして、先ほど申し上げたとおり、月島地域全体での開発情報を可能性があるところを含めて、算定基礎に加味して試算しているところでございます。今、既に内容が濃いといいますか、組合も含めて開発事業が進んでいるエリアとしては、勝どき地域が見られますけれども、あくまでも、今回、どの学校がというよりも地域全体で考えているところでございますので、これから蓋然性というか、発生する可能性があるところ全部でありますと、相当複数の学校になる可能性もあるんですが、今、内容の濃いところとしましては、令和18年度に開発の完成を見込んでいる勝どきエリアの需要が高くなるのではないかというふうに思っているところでございます。

それから、３点目の東京都の特別支援学校の仮設の校舎ができることに当たりましては、現在、東京都のほうが、これは中央区の学校より前倒しで設置されますので、そういったところの校舎の設計ですとか、それから当然、通学に当たってはバスなどの利用も考えられますので、そういったところの動線だとかというのは、東京都のほうで検討されているというところで、今後、適切な時期に説明があろうかというふうに考えております。

以上でございます。",,2025/9/4,区民文教委員会,理事者
,令和7年 区民文教委員会(9月4日),清水学務課長,山本理恵,"私からは、通学路に関してお答えをいたします。

今、御説明いただいたように、狭い範囲に多くの学校が集まるといったところの御懸念があります。先ほどの答弁とも重複するところがあるかと思いますけれども、やはり月島第三小学校に通学する児童と、時間帯によって交差だとか、重複するとか、そういったところも考えられますので、ルートの設定もそうですし、例えば人的な配置をしたほうがよいのかどうかとか、そういったところも含めまして、しっかりとその時点での交通状況や人流の実態を踏まえて検討してまいりたいと考えております。

以上でございます。",,2025/9/4,区民文教委員会,理事者
,令和7年 区民文教委員会(9月4日),山本委員,山本理恵,"それぞれ御答弁いただき、ありがとうございます。

今後も、本当に月島地域においては、地域全体で学校教育施設、教室不足を考えていかなければならないと思っております。その際に、通学区域であったり、通学路が、今回だけでなくても、ほかの地域でも非常に問題になってくるかと思いますので、先々を見据えながら設定していただければと思います。

最後に、教室不足への対応というのはもちろんですけれども、学校施設の改修に伴って、やはりよりよい教育環境の整備が期待されると思います。晴海中学校においては、校庭が広くなるといったお話がございました。また、行く行くは特別支援学級の検討もなされているかと思います。では、月島第一小学校の新校舎・園舎の整備においては、どのようなイメージをお持ちなのか、これからの教育施設の在り方についてもお聞かせいただければと思います。",,2025/9/4,区民文教委員会,議員
,令和7年 区民文教委員会(9月4日),古賀庶務課長,山本理恵,"月島第一小学校の新たな校舎、設備のイメージというところですけれども、中央区は大きな土地がなかなか取れないというところで、学校の活動の中でも特に体を動かす、運動するようなところは、特に体力づくりという意味で力を入れている部分もありますし、通常必要なスペックといいますか、ものは当然用意しながらも、中央区の学校あるいは地域の課題をしっかりと捉えて、子供たちがよりよい教育環境になるようにということになりますけれども、具体的な設計ですとか、内容につきましては、この後、数年先あるいはちょっと長いスパンになりますので、その時々の学校設備の最新といいますか、いろいろな状況を考えながら、子供たちによりよい教育環境、学習の場、学びの場を提供できるように、そういったことを念頭に置きながら設計、工事をしていきたいと思っております。

以上でございます。",,2025/9/4,区民文教委員会,理事者
,令和7年 区民文教委員会(9月4日),山本委員,山本理恵,"御答弁ありがとうございます。これから設計が入るということで、その時々のニーズであったり、教育施設の先進的なものなども取り入れながら設計していっていただきたいと思います。

では、こちらについては終了させていただいて、資料９、区立図書館の指定管理者の評価結果についても少し伺ってまいりたいと思います。

区立図書館の指定管理者の導入は、遡ると令和３年４月に日本橋・月島図書館に初めて導入されたかと思います。令和４年４月に京橋図書館に、そして12月には移転した本の森ちゅうおうに引き継がれました。さらに、令和６年７月、去年の７月に晴海図書館がオープンして現在に至っているかと思います。４館全て株式会社図書館流通センターが管理運営を行っております。指定期間が５年間ということです。今年は、図書館に指定管理者が導入されてから５年目を迎えたかと思います。今回の資料を拝見しますと、単年度の評価であり、前年度の課題は特になかったと書かれておりました。指定管理者制度において、民間のノウハウを活用した住民サービスの向上であったり、区民の利便性の向上、新たなサービスの展開、管理運営の効率化など、そういったものが期待されるわけですけれども、今回、指定管理を導入して最終年度を迎えるに当たって、導入の効果や課題などがありましたら、お聞かせください。

また、晴海図書館については、今年、１年が経過して、現在の利用状況と課題などがありましたら、お聞かせいただければと思います。",,2025/9/4,区民文教委員会,議員
,令和7年 区民文教委員会(9月4日),植木図書文化財課長,山本理恵,"指定管理者の評価に関して、まず、指定管理者制度導入における効果であるとか、課題についてです。

先ほど委員御案内のとおり、令和３年度から指定管理者制度導入ということで、４年間分評価をしてきたわけです。利用者代表の委員等がいらっしゃるんですけれども、特に利用者の方からしますと、指定管理者を導入したことによって、例えば開館時間が延びたり、そういった部分についても効果的な対応ができておりますし、こちらについては、施設が京橋図書館あるいは晴海図書館では、本の森ちゅうおうとか、大きな場所ができたというところはあるんですが、特にイベント系、読書に係るイベント、こういったことが以前よりもかなり多くできるようになったというところは、特に大きな効果であるかなというふうに考えております。

課題につきまして、今後の取組については、そういう意味では、４館体制というところで、いわゆる図書館の建設整備の部分につきましては、一定程度整ったという状況でございますので、むしろこれからソフト面の整備という部分について、さらに力を入れていく必要があるのではないかと考えるところでございます。

それから、晴海図書館についてですけれども、こちらは昨年７月１日に新しく開設されたところですが、２階分を備えた比較的大きな図書館であるというところと、施設の中を御覧いただきますと、従前の日本橋・月島図書館と比較すると、どちらかというと閲覧席を多く設置したというところ、それからまた、４階部分、上の階につきまして、ヤングアダルトというか、10代、20代の方向けのコーナーをかなり大きく取りまして、そちらに集中的にいろいろな本を入れたというところが特に大きな特色となっているところでございます。利用者の度合いというか、利用者数等につきましては、どちらかというと、他の図書館に比べますと、まだ開設したばかりということで、若干少なめになっておりますけれども、こちらは晴海の今後のまちづくり、整備に合わせてどんどん増えていくのかなというふうに考えているところでございます。

私からは以上です。",,2025/9/4,区民文教委員会,理事者
,令和7年 区民文教委員会(9月4日),山本委員,山本理恵,"それぞれ御答弁いただき、ありがとうございます。

私も、本の森ちゅうおうであったり、晴海図書館によく伺わせていただくんですけれども、本当に広くてきれいで、またイベントも本当に多く開催されていて、使いやすくなったと思っております。管理運営もしっかりしていますし、利用者の評価も非常に高いと私自身も認識しております。今後も、より一層ソフト面の整備に力を入れてほしいと思います。

図書館というのは、収益が生じない施設であります。収益が生じない施設ですけれども、指定管理者制度において、どのようにインセンティブを高めていくのか、自主的な経営努力を促す工夫などがございましたら、お聞かせいただければと思います。

また、今年の８月、つい先日まで２週間ほど臨時休館がございました。図書館全館を臨時休館して、システム改修がなされたかと思います。今回のシステム改修によって、どのように図書館が変わったのか。また、夏休み期間にシステム改修がなされて２週間使えなかったわけですけれども、区民からどのようなお声が寄せられているのか。なければないでいいんですけれども、もし何か寄せられていたら、お聞かせいただければと思います。",,2025/9/4,区民文教委員会,議員
,令和7年 区民文教委員会(9月4日),植木図書文化財課長,山本理恵,"まず、指定管理者の事業者の経営上のインセンティブでございます。

委員お話しのとおり、収益事業ではないというところで、経営の金銭的な利益とはまた別なところではあろうかと思いますが、現在の事業者であります図書館流通センターにつきましては、当然ながら、都内でも幅広くいろいろな図書館事業を受けている事業者でございます。こういった中で、実際に導入、運営している施設に関する評判というような類いのものが、いろいろ業界というか、同業の中でも評価されているという部分は聞き及んでおりますので、こういったところは、事業者側にとっての一つのインセンティブ、大きな部分になるのかなというふうに考えております。

それから、図書館のシステム改修に係る部分でございます。

夏休み期間、８月の中・下旬に２週間ということで図書館システムの改修を行わせていただいたところでございます。システム改修によって大きく変わったところは、いわゆるシステムの使い方や利用方法の改善、もう一つは図書館のホームページがそれに伴って改修されて新しくなっております。システム業者のほうでもいろいろな改修を年々行っておりますので、当然、順次他区や他市等でのシステム改修が行われるごとに新たな機能が追加されているところですけれども、そういう意味では、利用方法全般について、より便利な在り方が追加されているところでございます。

それから、休館に係る御意見ということですけれども、２週間休みを取ったことにつきましての御意見というのは幾つかいただいているところでございますが、細かい具体的なお話という部分ではなくて、とにかくなるべく休みを取らないようにしていただきたいとか、そういう類いの御意見でございました。

私からは以上です。",,2025/9/4,区民文教委員会,理事者
,令和7年 区民文教委員会(9月4日),山本委員,山本理恵,"それぞれ御答弁ありがとうございます。

今後もよりよい図書館運営をお願いするところでありますけれども、区民が今増えていて、利用者ニーズも非常に多様化しているかなと感じております。もうそろそろ終わりなので、最後に要望だけさせていただきたいと思うんですけれども、今、外国人人口が非常に増えております。また、学校では英語教育がどんどん低学年化していたりとかまた国際理解教育に力を入れていたりとか、そんな状況の中で、図書館においても少し英語の絵本であったり、書籍もぜひ置いていただきたいと思っております。今でも日本語と英語、両方書かれたような絵本であったり、書籍はあるんですけれども、やはりすごく少ないんです。今、人口が非常に増えて、また多様化している現状を踏まえて、そういった図書の選定もお願いしたいと要望して、質問を終わります。",,2025/9/4,区民文教委員会,議員
,令和7年 区民文教委員会(9月4日),白須委員,しらす夏,"よろしくお願いいたします。資料３で御報告いただきました新富区民館の工事に伴う休館についてお伺いしたいと思います。

区民館は、地域の皆様にとっても、日常的に集い、活動を行う大切な拠点であります。今回の工事による休館に際して、地域団体や高齢者の活動が途絶えてしまうことを避けなければなりません。工事期間中の代替施設などの確保についてお考えがあるかどうか、そして、区としてどのような対応を取っているのか。また、その間、使っていた方々がどのようにお過ごしになるか、考えていらっしゃるのかお伺いしたいと思います。また、利用者の方々への周知方法はどのように工夫されているのか伺いたいと思います。特に、インターネットやＳＮＳにアクセスできない高齢者の方々にも確実に情報が届く仕組みを講じているのか確認させていただきたいと思います。よろしくお願いいたします。",,2025/9/4,区民文教委員会,議員
,令和7年 区民文教委員会(9月4日),平川地域振興課長,しらす夏,"新富区民館の改修工事に当たりまして、休館することについては、地域の方をはじめ、皆さんに大変御迷惑と御不便をかけるところでございます。そういった中で、代替施設でございますとか、地域活動を阻害しないためにというところでございますけれども、基本的には、近隣の区民館等への御案内ということになりますが、ただいま八丁堀の区民館も大規模改修しているところでございますので、そういったところでは、こちらですと京橋プラザ区民館が近傍の施設になろうかと思います。また、団体によってはブーケのほうの御利用を、重複して使っていただいている団体もあろうかと思います。

そういった中で、丁寧な周知ということはもちろんでございます。基本的には、資料でも説明をさせていただいた区のおしらせ、ホームページでの周知というところでございますが、区民館の御利用でございますと、やはり特定の団体、基本的にそちらをよく使っていただいている団体というところもございます。そういった中で、受付の職員等とも顔なじみになっていただいていて、例えばこの時期に御利用があるというところも、区民館のほうでは把握がございますので、そういったところで御不便をかけないように、しっかりと御案内をしていく、そういったところのきめ細かさを出していきたいというふうに考えてございます。

以上でございます。",,2025/9/4,区民文教委員会,理事者
,令和7年 区民文教委員会(9月4日),白須委員,しらす夏,"御答弁ありがとうございました。

近隣でも休館中のところがあるということで、リピーター、多く使っていらっしゃる方、決まった方もいらっしゃる、顔見知りの方がいらっしゃるようですので、利用団体ごとに個別相談なども行っていただいて、柔軟な対応をどうぞよろしくお願いいたします。地域に根差した区民館活動が工事のために細くなってしまうことがないように、きめの細かい伴走支援を引き続きよろしくお願いいたします。ありがとうございました。",,2025/9/4,区民文教委員会,議員
,令和7年 区民文教委員会(9月4日),木村委員長,木村克一,副委員長は委員席へお移りください。,,2025/9/4,区民文教委員会,議長/委員長
,令和7年 区民文教委員会(9月4日),小栗委員,小栗智恵子,"それでは、私からも資料７の晴海二丁目の件で何点か質問をさせていただきたいと思います。

御説明では、令和５年度当時の児童数推計において、令和９年度の狭隘化が見込まれたということで、令和７年度に通学区域の変更を行った後の改築のスケジュールをいろいろ検討したというふうに説明がありました。通学区域変更後の児童数ということで数字が出ていますけれども、これを見ますと、逆に、令和９年度は児童数が減ったり、必要な学級数が減ったりしている数字が出ている。そして、令和15年度でいくと、急に600人ぐらいの児童数という想定になっております。この辺の数の想定、例えば令和８年度に584人に増えています。これは、今、月島三丁目北とか南で大きな開発ありますが、そういうものが完成した後の児童数の増を見込んだ数として出ているのか、この数字の根拠となる見方を御説明いただけたらというふうに思います。

２つ目に、御説明の中で勝どき駅周辺の開発などもいろいろこれからもあるというお話もありましたけれども、月島第一ではなくて第二小学校の区域のほうも含めた児童数の増加とか、教室数の必要とか、そういうものもこの数字の中に含まれているのかという点の確認をさせていただきたいと思います。

２ページ目に、晴海中学校を改築して16室から30室に増やすと。晴海西中学校についても、晴海西小学校の第二校舎が出てきた後に、そこに晴海西中学校としての教室を確保するという内容で示されております。中央区の場合は私立に行くお子さんが多いということで、半分ぐらいが私立に進学ということもあったりしますが、これは晴海西中学校に進学する生徒さんが予想を上回るような、区立中学校への進学が増えている、そういう中での対応だという理解でいいのかお伺いしたいというふうに思います。

最初に、月島第一小学校としての校舎を造るわけですけれども、これは晴海中学校として利用する新校舎にふさわしいような中学校仕様の建物をまず建てるのか、仮校舎としてプレハブのようなものを建てるのか、その辺の問題についてもお願いしたいと思います。

以上です。",,2025/9/4,区民文教委員会,議員
,令和7年 区民文教委員会(9月4日),古賀庶務課長,小栗智恵子,"それでは、順次お答えさせていただきます。

まず、月島第一小学校の子供やクラス数の推移についてです。

まず、先ほども申し上げたとおり、子供の数の推計につきましては、今年の人口推計を学区域ごとに分けて推計をしている結果として出てきております。令和８年度は、学区域の変更をしたにもかかわらず増えているところ、これが目立つと思うんですけれども、こちらについては、実は、令和７年度、８年度は経過措置期間になっておりまして、この２年間は、今年から変更したんですが、現行の学区域、月島第一小学校にも通えるような状況になっておりますので、そういったところを推計の中で加味している状況があります。

月島三丁目の開発につきましては、こちらの把握では令和８年度からの入居ということで、令和９年度以降の推計値に加味しているものとなってございます。こちらの子供の数については、先ほど言った基本的な推計の考え方に基づいて実施しておりますので、そこの学区域エリアの変更が令和９年度には効果が出てきて、当初の９年度に狭隘化がというところが後ろ倒しになったといいますか、少し先に延びているような認識でございます。

それから、月島第二小学校も含めた学区、学級、クラスを加味しているかというところですが、これは月島地域全体の小学校、中学校の全体の数として、子供の数がこれくらいになる。なので、必要なクラス数はこれぐらいだということで集計しております。当然、勝どきエリア、月島も含めた推計値となってございます。

それから、中学校への進学についてですけれども、こちらも毎年過去の各学校の就学率を実績に基づいて数値をつくってございますので、晴海中学校などに出てきている数字というのは、当然、各学校ごとの過去の就学率を反映しているものとなって、数字としてあらわれているところでございます。

それから、晴海二丁目の校舎の造り方、仕様ですけれども、最終的には中学校として内部改修をして運営していくことを前提としていますので、大きな軀体の変更が伴うような耐震だとか、そういった大きなものについては、当然、しない前提で、各区割というんですか、小さな内部改修でできるように設計をしていった上で、必要な拠出を簡便に変更できるといいますか、中学校を想定して造るんですけれども、小学校の、幼稚園の教室の確保ができるような設計、つくり込みを考えているところです。

以上でございます。",,2025/9/4,区民文教委員会,理事者
,令和7年 区民文教委員会(9月4日),小栗委員,小栗智恵子,"人口の推計もなかなか難しいですし、どれだけ学校に入学する児童・生徒が出てくるのかというのも、10年先の推計とかというのはなかなか難しいと思いますけれども、考えてつくったけれども、やはり足りなくなってしまったといって、今、晴海西小などもやっていますけれども、なるべくそういう事態にならないように、長期的な視点に立って、必要な教室数が確保できるように御努力をお願いしたいというふうに思います。

これについては、以上で終わります。ありがとうございます。",,2025/9/4,区民文教委員会,議員
,令和7年 区民文教委員会(9月4日),木村委員長,木村克一,"小栗委員は副委員長席へお戻りください。

続いて、議題（１）、区民生活及び教育行政の調査について、質疑のある方は挙手を願います。",,2025/9/4,区民文教委員会,議長/委員長
,令和7年 区民文教委員会(9月4日),押田委員,押田まり子,"１点だけ質問させていただきます。多分それはちょっと難しいですとか、無理ですというお答えが返ってくるのではないかなということを分かりつつ聞かせていただきます。

例えば、学校の今の公開の仕方というか、学校を広げるということについて、子供さんたちだけを考えても、始業前、終業後の校庭などの使い方とか、学校全体の公開される使い方について伺いたいと思っています。安全性の面であるとか、責任所在の在り方であるとか、これは非常に難しいのはよく分かるんです。でも、今の学校の校門のロック状態を見ていると、確かに、あれがあると悪いものは絶対阻めます。だけれども、いいものを少し締め出してしまっているような、雰囲気ですよ、雰囲気があるのではないかという感じがするんです。今の学校の全体の在り方については、どのように思っていらっしゃるか教えていただけますか。",,2025/9/4,区民文教委員会,議員
,令和7年 区民文教委員会(9月4日),平林教育長,押田まり子,基本的に、学校については、義務教育というお題目ということではないですけれども、大変な大義があって、義務教育に支障のない限り、基本的には、私は学校は全て開放すべきだという考え方でおります。したがいまして、今も時間的に使わない時間帯については、なるべくその開放に向かって、中央区の資源として学校を使っていただきたいという考え方がございます。今、委員が言われたように、少しハード的にセキュリティが厳しいというのは、ある意味、昼間は学校として使っておりますので、そこは御容赦いただきながら、いかにして区民の方々に区の財産として学校を開放できるかというのは、引き続き検討もし、昨今においては、例えばプレディ、プレディプラスということで、福祉との連携の中で新たな行政課題についても学校の中で解決していけるような、そういった課題も行っておりますし、また、公園の不足などという問題も、校庭をいかに有効利用できるかということで、先ほども少しお話がありましたように、例えばキャッチボールができるとか、自転車が乗れるようなところとか、そういったところも安全な学校の校庭を利用しながら今行っている。したがいまして、これから造る学校につきましても、学校施設の体育館であったり、校庭であったり、それ以外にも使える部分があれば、積極的に開放していきたいという考え方でおります。よろしくお願いします。,,2025/9/4,区民文教委員会,理事者
,令和7年 区民文教委員会(9月4日),押田委員,押田まり子,"ありがとうございました。

何でこんな質問をするかというと、まちのおじさんたちもよく言うんですよ。俺たちは早い時間に学校へ行って校庭で野球をしていたよなと。授業が始まったら、もう疲れて居眠りしそうになったよなとか、おばさんたちは、一人ではできない大縄跳びをしたねというような、学校の校庭ですごく遊んでいた思い出がたくさんあります。それから、地域の人たちも学校の校門が開いているので、のぞいたら、今日、学校でこんなことをやっていたよと地域のうわさになったりする。学校と地域が非常に近いものだったという感じがしているんです。私は、とてもいいことも阻んでしまうのではないかなというのは、先ほど地域でサポーターのお話がありましたけれども、サポーターとか、そういう堅苦しい考え方ではなくて、自然発生的にまちの人が学校のみんなの面倒を見てあげようということがあったんです。一例としますと、私どものいるところの学校が建て替えのときに、ほかの学校に通わなければならなかった。通学路が当然変わりますよね。そうすると、その間に住んでいる近いおじさんたちが、子供たちが通っていくのに、道が変わって大丈夫かなというので、出てきて、みんなが子供たちを指導してくれたり、安全を見守ってくれていた。それはサポーターでも何でもないの。ただ、まちのおじさんが子供たちのためにやってくれたという状況があるんです。ですから、そういうことを考えたときに、もう少し、昼間でも学校と地域の関わりがうまくできないか、学校の校庭も子供たちがうまく使えないか。難しいことは分かるんだけれども、その辺がもうちょっと、改善という言葉は違います。変えることが少しできるのかどうかというのは、もう一回お尋ねさせていただいてもいいですか。",,2025/9/4,区民文教委員会,議員
,令和7年 区民文教委員会(9月4日),平林教育長,押田まり子,学校のセキュリティに関しては、以前は本当に開かれた学校ということで本当に開放だったんですけれども、皆さん御存じの大阪の池田小の事件があってから、セキュリティが厳しくなって、いわゆるロック式になってしまった。今言った地域との関わりという意味では、やはり学校というコミュニティの核は地域の核なんです。ですから、学校を中心にしたコミュニティというのを、これからも中央区というのは果たしていくだろうというふうに私は思っております。できる限り開かれた学校ということを目指しながら、生徒の安全性も考えながら、積極的にできることはやっていきたいというふうに考えてございます。よろしくお願いします。,,2025/9/4,区民文教委員会,理事者
,令和7年 区民文教委員会(9月4日),押田委員,押田まり子,"ありがとうございます。今お尋ねしたのは、少しでもそういうコミュニティができていくということがありがたいというふうに思うんです。

１つ、昔、私がある卒業式に出ましたときに、校長先生のおっしゃった話があった。卒業生の皆さん、学校の門はいつでも大きく開いてあります。だから、いつでも学校にいらっしゃいという言葉が、私はそのときはすごく印象的だったんです。でも、それは本当に今は言えない時代だ、ちょっとむなしいという感じがしながら、教育長のおっしゃることは非常によく分かりながらも、何とか少しでもそういうところができないかと思う観点から質問させていただきました。大変無理だとは思うんですが、御考察をよろしくお願いいたします。ありがとうございました。",,2025/9/4,区民文教委員会,議員
,令和7年 区民文教委員会(9月4日),小坂委員,小坂和輝,"では、１点お願いします。前委員から、地域の人が学校に入っていく、すばらしいことだと思います。このあたりは私も議論を深めていきたいと思うところでありますが、ここでは、先生の仕事を減らすために、外部のプロが入っていくということを私はお伺いしたい。

この11月には、就学時健診が行われる。それに対して外部委託をして、先生方がオペレーションをするところが、外部の東京都教育委員会の方々とか、関連の団体が入ってきて、就学時健診を楽にすると。学校医はそのまま来ます。ただ、来られる新入学の方々のオペレーションを外部の人にするという取組がいよいよ始まろうとしているというあたりは大変すばらしいと思いますので、これを導入した意図なり、これを展開する考えなりを教えてください。",,2025/9/4,区民文教委員会,議員
,令和7年 区民文教委員会(9月4日),清水学務課長,小坂和輝,"御紹介いただきました内容に関しては、東京都の教員の働き方改革推進事業の一環というところで、教員が担わなくてもいい部分は外部の人を入れていくといった考え方でやるものでございます。今年度は、小学校17校のうち６校で試行的といいますか、まずはそこで実施していきたいというようなものでございます。

以上でございます。",,2025/9/4,区民文教委員会,理事者
,令和7年 区民文教委員会(9月4日),小坂委員,小坂和輝,大変すばらしい取組かと思います。実際にそのようなオペレーション、新入学生の親御さんを誘導するとか、それは先生でなくてもできますよね。それを外部の人に委託して、就学時健診の核となるところは学校医の先生に来てもらうけれども、うまく健診が回るようにする。その仕組みを入れる。そのような外部委託をさらに考えていただき、極力、先生方の働き方改革を進めていただければと思います。本当にすばらしい取組が、まず６校で始まるということは本当にすばらしいと思いますので、ここであえて取り上げさせていただきました。今後とも引き続き、外部委託などを入れつつ、先生方の仕事は生徒に向き合うという方向に全力を尽くせるような学校環境をこれからも整えていただくことをお願いして、終わります。,,2025/9/4,区民文教委員会,議員
,令和7年 区民文教委員会(9月4日),永井委員,永井佳代,"引き続き、よろしくお願いいたします。残り時間はあまりありませんが、７月に開催されました晴海西小学校仮設増築棟説明会についてお尋ねいたします。

まず、今回の説明会を実施された上での御所感についてお尋ねいたします。

そして、私自身もホームページ上で当日のやり取りを拝見させていただきましたが、参加者からの質問に対して非常に丁寧に回答されていたと感じております。設備規模、給食、運動場、安全対策といった運営面の懸念は一通りカバーされていたように思います。一方で、保護者の多くの関心は、当面の教室不足をどう乗り切るかということに集中しており、第二校舎完成後も本当に十分に対応できるのかという長期的な視点ではまだ不透明さが残っていると考えます。

そこで、お尋ねいたします。

今回の仮設増築と将来の第二校舎整備によって、晴海地域の児童・生徒の急増に持続的に対応することができるとお考えなのでしょうか。長期的な見通しについては、現時点で確定的にお話しすることが難しいということは重々理解しておりますが、だからこそ、将来のリスクに備え、どのような柔軟な方針を描いているのか、ぜひお聞かせください。

さらに、説明会では、運動場の代替や給食の運搬といった物理的な課題については議論がありましたが、子供たちが分散された環境で学ぶことによる学校生活の安心感や行事の一体感への影響については、あまり話題にならなかったように思います。この点について、子供たちの心理面や学びの質への影響をどのように受け止められているのか。

さらに、物理的な不足対応にとどまらず、学校行事の一体感をどのように守っていくのか。

この３点、以上お願いいたします。よろしくお願いいたします。",,2025/9/4,区民文教委員会,議員
,令和7年 区民文教委員会(9月4日),古賀庶務課長,永井佳代,"私からは、学校説明会の所感の部分と、それから今後の見通しのところについてお答えさせていただきます。

まず、とても暑い中、４日間開催する中で、保護者の方に来ていただいて、時間的にも所定の時間を超えて御質問を受けたりですとか、それから、その後も個別にというところもありましたので、かなり熱心に聞いていただいて、こちらがお伝えしたい中身は聞いていただけたかなと思っております。

それから、今後の見通しにつきましては、全体で今回は当初のまちの規模からする子供の数の最大想定については、見通しとしてあまりぶれてはいないと思っています。その中で、早くに子供たちが増えていくというスピード感のところで、ちょっとあったんですけれども、全体で第二小学校も含めて90クラス相当が確保できますので、今後についても大丈夫だというふうに現時点では考えております。

以上でございます。",,2025/9/4,区民文教委員会,理事者
,令和7年 区民文教委員会(9月4日),畝尾指導室長,永井佳代,"それでは、晴海西小学校の校舎が分断されることによる、学校としての一体感であるとか、子供たちに与える精神的な影響等についてお答えさせていただきます。

まず、行事の一体感でございますけれども、これは現晴海西小学校長も申し上げておりますとおり、行事での一体感というのは、学校としては大変大事なものでございます。ですので、例えば１年生が晴海西小第二校舎に入ったときに、１年生を迎える会があったりするわけですが、こんなときには１年生を移動させるのではなくて、３から６年生みんなが第二校舎に行って、そこで新しい子供たちをお迎えするというような工夫をして一体感を行うということを考えているというところで、しっかりとしていきたいというふうに思っております。

以上です。",,2025/9/4,区民文教委員会,理事者
,令和7年 区民文教委員会(9月4日),永井委員,永井佳代,"ありがとうございます。

すみません。子供たちに与える心理面の影響について、簡単で構いませんので、お願いいたします。",,2025/9/4,区民文教委員会,議員
,令和7年 区民文教委員会(9月4日),畝尾指導室長,永井佳代,新しい校舎に初めて入る子供たちなので、大人から見ると違う校舎にというふうに見えるんですけれども、子供たちからしてみると、自分たちの校舎というところで、最初から校舎があるので、そう大きなメンタル面での不安はないかというふうに考えます。,,2025/9/4,区民文教委員会,理事者
,令和7年 区民文教委員会(9月4日),永井委員,永井佳代,終わります。,,2025/9/4,区民文教委員会,議員
,令和7年 区民文教委員会(9月4日),小栗委員,小栗智恵子,"それでは、埋蔵文化財の件で質問をさせていただきたいと思います。

築地市場跡地の埋蔵文化財の調査ですけれども、既に、今、築地の跡地では準備工事として埋蔵文化財の調査、そして土壌汚染対策工事が始まっています。築地跡地にあった旧跡、浴恩園について、もう既に東京都による埋蔵文化財の試掘調査が行われて、報告書も出ていますし、その埋蔵文化財の試掘調査の際には、中央区教育委員会も立ち会って進めてきたというふうに聞いています。その報告書を見ると、汐入庭園だった当時の石積みとか、いろいろ貴重な史跡も既に見つかっているということが報告されています。中央区教育委員会として、埋蔵文化財の調査というのは、これからも関わっていくことだと思うんですけれども、これから大きな敷地全体についてきちんと調査をして、貴重な文化財として保存したり再生したりすることについて、どういう手順で行われるのか、中央区教育委員会として、どの部署がどういうふうにそれに関わっていくのかという点について御説明をいただきたいと思います。お願いします。",,2025/9/4,区民文教委員会,議員
,令和7年 区民文教委員会(9月4日),植木図書文化財課長,小栗智恵子,"築地市場跡地に係る埋蔵文化財の御質問でございます。

まず、委員からもお話のとおり、築地地区のまちづくりということで、市場跡地に係る埋蔵文化財調査につきましては、東京都におきまして都市整備局のホームページ等で随時公開しておりまして、そちらにおいて、埋蔵文化財の試掘調査結果あるいは埋蔵文化財の予備調査として浴恩園跡地についての調査、こういった調査報告書が随時掲載されているところでございます。

まず、試掘調査の状況についてですけれども、試掘調査につきましては、埋蔵文化財の有無や状況を事前に確認するために、小規模で場所をピンポイントずつ調査していくというものでございまして、先ほど申し上げたホームページにも載っておりますけれども、令和２年度からスタートして、ピンポイントでの調査結果が出されているところでございます。試掘調査につきましては、中央区教育委員会図書文化財課の学芸員の関与の下、実施をしておりまして、現状、最新で、まだ調査報告書が上がっていないものもありますけれども、試掘の工事そのものにつきましては、おおむね必要な部分は調査が行われているものと認識しております。ただ、こちらにつきましては、今後の状況を見て再度試掘をしていくとか、そういった状況の変更はあり得るものと考えております。

その後の埋蔵文化財調査、よく本掘とか、そういう言い方をしますけれども、こちらの調査につきましては、東京都教育委員会のほうで指導していく形で実施が行われていくということで、８月、９月に実施というふうに聞いていた部分ですので、あるいはもう着手自体は始まったのかなというふうに認識しているところです。かなり大規模な調査になるものというふうに考えますので、実際の期間については、かなり長期間にわたるものと考えているところでございます。

もともと埋蔵文化財の調査につきましては、東京都教育委員会のほうに届け出たりとか、そちらの指導等も受けてという形で、中央区が立会いをしたりというやり方で通常実施しているところですけれども、今回につきましては、都有地であり、東京都自体が事業主となっておりますので、その関係もあって、あるいは規模が大分大きいという部分あるいは都有地である点でやるんですけれども、例えば土地の利用状況における歴史、そういった部分も、都立施設、市場が建っていたりということで、東京都自身がかなり詳しい情報を持っているといったような部分もございまして、都の教育委員会、それから東京都埋蔵文化財センターという埋蔵文化財調査に係る都立施設があるんですけれども、こういったところが指導・関与しながら調査を行っていくというような予定になってございます。

それから、東京都の指定で文化財となっております浴恩園跡地について、それに係る遺構というか、出土品等も幾つか発見されているという状態にはございます。ただ、こちらは東京都が文化財指定しているところですので、当然ながら、これに係る調査、保存については、文化財指定をしている関係もございますので、東京都のほうで適切に対応していくものというふうに認識しております。

私からは以上です。",,2025/9/4,区民文教委員会,理事者
,令和7年 区民文教委員会(9月4日),小栗委員,小栗智恵子,"東京都が事業者として、この調査をするというお話だったんですけれども、東京都のほうは事業者に、実際に掘ったりとか、何かが出てきたときに東京都の埋蔵文化財のところと連携して調査はするんでしょうけれども、工事自体は、東京都が埋蔵物の調査を直接やるのではなくて、事業者がやると。かかった費用は東京都が出すというやり方だというふうに私は聞いていたんですけれども、そうではなくて、埋蔵文化財センターが調査をきちんとやるというスキームでいいのかという確認をさせていただきたいというふうに思います。

そして、中央区教育委員会としては、これまでの試掘調査などにも立ち会ったりしていると思うんですけれども、これからは、具体的に言えば、立ち会って何か必要なものが出てきたとか、そういうものを記録したりとか、そういう関わりはこれから中央区としてはどういうふうになるのかという点をお伺いしたいというふうに思います。

貴重なものとか、今までも出てきている出土品なども含めて、現地にそのまま残して、例えば汐入のそういうものを残して、そこに池を再現してみようとか、そういう判断はどこがどういうふうにやるのかという点についても併せてお伺いできればと思います。お願いします。",,2025/9/4,区民文教委員会,議員
,令和7年 区民文教委員会(9月4日),植木図書文化財課長,小栗智恵子,"まず、埋蔵文化財に係る事業スキームに関連したお話ですけれども、すみません。私の説明のほうの不備もございまして、もともと埋蔵文化財の本格調査につきましては、そこの施主というか、事業主のほうが経費を持って工事対応するという形になっております。ということで、負担につきましても、施主のほうが持った上で、いわゆる開発事業者から、工事の一部、特に埋蔵文化財に係る発掘工事について、いわゆる発掘支援業者さんという、どちらかというと専門性の高い事業者のほうに委託というか、工事を任されるというスキームになっておりますので、それ自体は大きく変わらない部分ですけれども、１つは、東京都が施主対応をする中で、教育委員会、通常ですと中央区のケースや東京都教育委員会なんですが、東京都の教育委員会のほうが発掘支援に係る発掘調査に関するいろいろな部分について意見を申し述べたり、そういった調査に関わっていくという部分になっておりまして、今回につきましては、特に、先ほど申し上げました都立埋蔵文化財センターというところがございますので、こちらがかなり専門的な指導に大分強く入っていくのではないかというふうに思われるところでございます。

それから、次に、中央区教育委員会の埋蔵文化財に係る関わり合い方ですけれども、今回については、東京都教育委員会のほうで埋蔵文化財そのものに関する調査指導等は行っていくという対応になっておりますので、中央区教育委員会は先ほど申し上げました図書文化財課の学芸員となりますけれども、こういった者については、適宜その辺の状況に応じて、あるいは立会いや参考意見を聴取されたり、そういった中での関わり合いになっていくものです。場所や状況によりますので、必ずしも定例的に決まった形では言いかねる部分ですけれども、いわゆる歴史の地史、ここの土地の歴史や来歴調査、そういった部分や地質における細かい部分で中央区特有の区としての知見を要する部分を中心に意見を聞かれたりとか、そういった形で関わっていくものと考えております。

それから、お話の中で、例えば土地活用の中で、遺構等を残存した形で保存していくといった部分については、あくまでも、まず土地の所有者の方が、その辺についてどのような対応ができるのかという部分がかなり大きいものと考えております。今回、特に浴恩園などは都の指定の旧跡ということになっておりますので、その辺の、必要であるという意見については、都の教育委員会のほうから必要に応じて出されていく中で、東京都さん、都市整備局なり、そういったところが検討していくことになるのかなと考えているところでございます。

私からは以上です。",,2025/9/4,区民文教委員会,理事者
,令和7年 区民文教委員会(9月4日),小栗委員,小栗智恵子,汐留の大きな開発のときも、鉄道の遺構とかいろいろ出てきて、本当に部分的ですけれども、線路のモニュメントみたいな形で残したりとか、高輪築堤でも明治時代に敷設した石積みがずっと残っていて、途中で、そこは国としての史跡の指定をして残そうということで、本当は全部残してほしいという大きな声はあったんですけれども、一部だけですが、残して、それが見られるように整備するとかいうような話もあります。そのようなことが築地の浴恩園で、東京都がそういう必要性があるということで判断すれば、そういうこともあるというふうに考えていいのか。それをぜひ中央区としても、そういう重要な歴史ある土地でもあるし、浜離宮と並ぶような浴恩園、旧跡として前も指定されていますけれども、その当時の図面、絵なども残っている中で、やはりこの土地に合わせて、そういうものを残していこうというような判断をぜひ東京都もして、事業者もそれを酌んで計画を変更するというのを私はぜひやってほしいというふうに思っているんです。そういうふうになる可能性としては、どこにどういうふうに、どういう状況になったら、それが可能なのかというような見通しについて、お考えがあればお伺いしたいと思います。お願いします。,,2025/9/4,区民文教委員会,議員
,令和7年 区民文教委員会(9月4日),植木図書文化財課長,小栗智恵子,"先ほど来お話ししていますとおり、土地の開発というか、どういったものを建てていくか、あるいはそこの中でどういったものを造っていくかについては、やはり開発事業者なり、そういった方の御意向とかが強く関わっているところでございます。というところでございますので、なかなか私のほうから、どういった形であれば、そのあたりが、例えば委員お話しのような在り方になっていくのかについて、特にこういう形だからというところは、申し訳ありません。答弁しにくい部分というか、よく分からない部分かなというところです。

以上です。",,2025/9/4,区民文教委員会,理事者
,令和7年 区民文教委員会(9月4日),小栗委員,小栗智恵子,ぜひ、文化財保護という立場で力を発揮していただきたいということを希望して質問は終わります。ありがとうございました。,,2025/9/4,区民文教委員会,議員
,令和7年 区民文教委員会(9月4日),木村委員長,木村克一,"小栗委員は副委員長席へお戻りください。

議題（１）、区民生活及び教育行政の調査については、継続審査ということでよろしいでしょうか。",,2025/9/4,区民文教委員会,議長/委員長
,令和7年 区民文教委員会(9月4日),木村委員長,木村克一,"続きまして、議題（２）、請願第６号、入船湯存続を求める請願の審査について、質疑のある方は挙手を願います。

継続審査ということでよろしいでしょうか。",,2025/9/4,区民文教委員会,議長/委員長
,令和7年 区民文教委員会(9月4日),木村委員長,木村克一,さよう取扱いいたします。続きまして、第三回区議会定例会における委員長報告の取扱いについてでございます。正副委員長一任ということでよろしいでしょうか。,,2025/9/4,区民文教委員会,議長/委員長
,令和7年 区民文教委員会(9月4日),木村委員長,木村克一,"さよう取扱いいたします。以上をもちまして区民文教委員会を閉会といたします。

お疲れさまでした。

（午後４時17分 閉会）

－委員会を閉じた後－

区民文教委員会行政視察は10月20日から10月22日で、視察目的として、富山県富山市では観光戦略と都市ブランディングについて、石川県金沢市では石川県立図書館について及び石川県立歴史博物館の歴史と文化の学習拠点となる取組について、それぞれ実施することを協議し、決定した。",,2025/9/4,区民文教委員会,議長/委員長
,令和7年 築地等都市基盤対策特別委員会(9月5日),礒野委員長,磯野忠,"ただいまより築地等都市基盤対策特別委員会を開会いたします。よろしくお願いいたします。

本日、竹内委員は欠席をいたしますので、御了承願います。

過日の行政視察の実施に当たりましては、所期の目的を十分果たすことができたと思いますので、今後の施策の参考になればと考えております。なお、内容につきましては、第三回定例会での委員長報告で報告をさせていただきます。

議題の審査に入りますが、まず、理事者報告及び議題（１）都心再生のまちづくり及び基盤整備等に関すること並びに築地市場跡地における「築地地区まちづくり事業」に関することに対する質疑を併せて行い、その後、議題（２）「浴恩園」の再生と、築地市場跡地再開発の見直しを求める請願の審査を行いますので、よろしくお願いいたします。

それでは、理事者報告をお願いいたします。",,2025/9/5,築地等都市基盤対策特別委員会,議長/委員長
,令和7年 築地等都市基盤対策特別委員会(9月5日),礒野委員長,磯野忠,"ありがとうございました。

発言の持ち時間制につきましては、既に御承知のとおりでございますので、よろしくお願いいたします。ただいまの時刻は午後１時43分です。自由民主党53分、かがやき中央31分、立憲民主党・無所属31分、公明党31分、日本共産党31分、参政党10分となります。なお、持ち時間については、この後の議題である請願審査の時間も含まれます。

それでは、理事者報告及び議題（１）に対する質疑に入ります。

発言を願います。",,2025/9/5,築地等都市基盤対策特別委員会,議長/委員長
,令和7年 築地等都市基盤対策特別委員会(9月5日),瓜生委員,瓜生正高,"私のほうからは、築地市場の跡地の開発に関連して質問をさせていただきます。

先日、事業者から築地地区まちづくり事業基本計画が公表され、それを踏まえて全員協議会等も開催され、やっと議論が進みやすい状況になってきたと認識しております。そこで、先日、環境建設委員会でも我が会派の塚田議員から、交通課題や歩行者ネットワーク等について質問をさせていただきました。これからの具体設計に向けて、地元区としての要望を盛り込んでいただくための折衝が進んでいくことだと思っております。要望として、事業者には地元区の気持ちを酌み取った設計をしていただきたいと思いますが、本区が行政の立場として、この施設に期待をすること、機能、役割等について改めてお示しをいただければと思います。",,2025/9/5,築地等都市基盤対策特別委員会,議員
,令和7年 築地等都市基盤対策特別委員会(9月5日),落合都心再生推進課長,瓜生正高,"築地のまちづくりについてでございます。

築地地区というのは、これまで培ってきた食文化の拠点といったところがございます。こういう歴史・文化をしっかり継承していく開発を求めていく。これまで要望書なども提出させていただいております。地元に配慮しながら、しっかりと共存共栄を果たしていく、そういったまちづくり、また再開発を行っていただきたいという思いで、これまでも協議等を進めておりました。この築地というのは、やはり歴史のあるものでございます。外国人居留地などとして、これまでの歴史がございます。国際交流の拠点といった場として、しっかりと整備がされていくことが必要になってくるというふうに考えております。こちらは、多くの方々に海外からも来ていただける場、国内外から来ていただける場となっていく。そういう中においては、やはり交通環境をしっかり整備して、誰もが安全・安心に築地に訪れてもらえるような環境をしっかり整備していく必要があるというふうに考えております。そういったことから、今回、こちらのビジュアル化ということで、要望書を皆さんに分かりやすく示すものとして絵を描いてきたということでございます。

事業予定者が決定してから、今まで１年余りたっております。そういう中で要望書を提出して様々協議等も進めてきましたが、いろいろな課題等もございます。なかなか進んでいない状況です。そういう中においては、こういったところをしっかりお示ししながら、共存共栄を果たしていかれる場となるよう協議を進めていきたいというふうに考えております。

以上でございます。",,2025/9/5,築地等都市基盤対策特別委員会,理事者
,令和7年 築地等都市基盤対策特別委員会(9月5日),瓜生委員,瓜生正高,"ありがとうございます。

その中で、ちょっと個別具体的な話に進んでいきますけれども、先日の環境建設委員会では、この施設の進捗と、高速晴海線や地下鉄新線などの完成時期のずれ、進むスピードが違う旨の答弁がありました。これ以外にも、周辺の民間施設の開発等も進むことが想定されている中で、ある側面では築地のまちづくりが周辺開発のきっかけとなり、進んでいくものでもあると思っております。周辺民間施設に対する本区の考え方を改めてお示しいただきたいと思います。",,2025/9/5,築地等都市基盤対策特別委員会,議員
,令和7年 築地等都市基盤対策特別委員会(9月5日),吉田副区長,瓜生正高,"今、ここにビジュアル化して、一応絵を描きましたけれども、民間の事業者のほうが今まで矢印でしか示さなかったものを、私どもはこういうふうな形で具体的に、デッキとはこういうイメージだという形でお示しをしているわけですけれども、実態的には、民間の事業者のほうとすれば、正直言うと、矢印でしか描けない部分もあるわけです。というのは、隣の土地というのは、向こう側は例えば私どもの区の施設であり、隣はがんセンターであり、朝日新聞ということでございますので、なかなか事業者としては絵を描きにくい。現実の問題として、ここではそこを描いております。正直言うと、朝日新聞にもがんセンターにも、ある種、私どもはお断りしているからでございます。この図面の中で、残りのデッキの周辺の部分については、実は、現存の建物のまま絵を描いておりまして、そこは変わっておりません。例えば、この図面で見ていただいて、実は、新橋演舞場は存在するんですが、それは今の形のまま絵を描いております。実際は、高速道路の環状線の改修などがございますから、実は、新橋演舞場に関して言うと、その形では残れないと思います。

ただ、今、そこの部分について具体的に最終的な了解を取っているわけではないから、我々としては絵を描けないし、逆に、演舞場の最終的な絵図柄も入っていませんから、これは我々としても描けないから、描いていません。同様に、実は、高速道路の銀座の出入口のところには南海東京ビルとか、それから時事通信社のビルであるとか、演舞場の後ろには旧日産本社がございましたところがございまして、そういうビルもございます。そういった部分の民間の開発というのも、これを契機に行われる可能性はある。それから、晴海通りに面したほうでいきますと、例えば今の東劇がある部分、それから京橋郵便局のある部分などは、基本的には変わっていく可能性がある。演舞場の移転先も含めて、変わっていく可能性があります。

それらについては、早い時期から、今申し上げたビルの所有者の方々とは、私どもとしては、こういう可能性がありますよということを含めて、何度か連絡会を持ちながら話合いをさせていただいております。そういうものも含めて、将来形として、ある種の全体の絵を最終的にまとめ上げていくというようなことを、跡地開発と並行しながら作業としてやっていかなければならないものだと考えておりまして、そういう部分については、今後とも引き続きやらせていただきたいと思っています。",,2025/9/5,築地等都市基盤対策特別委員会,理事者
,令和7年 築地等都市基盤対策特別委員会(9月5日),瓜生委員,瓜生正高,"ありがとうございます。

まだまだ公にできる前の、今回この絵をつくっていただいたということは大変感謝申し上げます。その前の段階で様々な根回しという部分があるという中で、しっかりと吉田副区長が先頭に立っていただいてやっているということは認識をしております。こういう絵が出る前の段階の連絡会だとか根回しというのが、こういった再開発で一番欠かせないものだと思いますので、引き続きよろしくお願いいたします。

続いて、その中を踏まえて高速晴海線の話ですけれども、なかなか絵にできづらい部分がある中で、今回の跡地のまちづくりで一番肝になる部分かと思っております。都市計画変更も含めて、早期に強く、東京都だとか国土交通省、首都高速道路に働きかけをしていただきたいという思いがありますけれども、そのあたりについてどのように区のほうとしてはお考えなのか。もしくは、多分言えない範囲の中でも折衝が進められている部分もあるのかもしれないですけれども、お答えできる範囲でお示しをいただければと思います。",,2025/9/5,築地等都市基盤対策特別委員会,議員
,令和7年 築地等都市基盤対策特別委員会(9月5日),吉田副区長,瓜生正高,"実は、今回、主たる人の動線として、かなり大きなデッキを描いておりますけれども、そのデッキを描いた下は、実は高速道路が通っているんです。それも、深ければ、すごく深いところを通っていたら、別に大深度でいいんだけれども、現実の掘り割りのところで合流させるような、今の区役所の前を通っている高速道路と同じような高さで合流させるようなことがありますから、実は、すごく浅いわけです。だから、工事をするのでも、シールドでやるところではなくて、開削になってしまうわけです。開削になっていくと、どうなるかというと、実は、築地市場跡地の、いわゆる私どもの場外と市場が接して波除さんから直接来ている道路の部分でも工事は開削になる可能性がある。そこがいつまでたっても開削では、実は、人も車もなかなか取りにくい話になってしまうので、なるべく早く線形を決めてもらって、その上に物が建つようにしないと困るというところは、この計画の最大の問題でございます。

ただし、実は大変恐縮ですが、例えば東京都において、高速道路の線形を描く部隊と築地の部隊との中にしっかりした連携があるかというと、必ずしもそうではなくて、高速道路は高速道路で別の仕事が忙しいというようなこともあります。うちの地下化のほうを先にやりたいみたいな話もありますから、日本橋のほうが忙しいんだという話もございます。そういう意味で、いろいろスケジュールが合わない。でも、それだったら永遠に困ってしまいますので、私どもとしては、国、首都高に対して、ある意味で影響も与えられる国の部分であるとか、東京都の部分、引き続き協議をしながら、早くこういったものを決めてほしいということは重ねて要望しているわけでございます。現時点で、今年の４月から、いずれにしても線形の具体的な絵を描こうということで、東京都、首都高、それから事業者も交えてくれて協議を始めていただいておりますけれども、まだまだスピードがちょっとゆっくりしているものですから、我々からも強く働きかけていきたいと思っている。今、そういう状況でございます。",,2025/9/5,築地等都市基盤対策特別委員会,理事者
,令和7年 築地等都市基盤対策特別委員会(9月5日),瓜生委員,瓜生正高,それと併せて、今の状況の説明の中で、今回、絵というか、図としても全員協議会のとき、資料を頂いておりますけれども、築地ゲートに全てが連なってくる部分もあるかなというふうに考えています。そして、2032年度ですか、スタジアムとか、ＭＩＣＥ機能等ができるときに、スタジアムとかの会場と併せて、高速晴海線の問題もそうですけれども、築地ゲートをしっかりつくり込んでいってほしい。デッキという地元の要望もあると思いますけれども、それによって、場外市場、あと場内の人流、銀座、東銀座につながる流れというものが変わってくる部分がある。逆に、今、何が一番嫌なのかというと、新橋ゲートのほうが先にしっかりつくり込まれてしまって、そちらに人流がいってしまったりとか、様々な部分、うちの区にとってプラスになるというか、どちらかというと新橋ゲートは港区のほうとの人流等の流れになりますので、一番最初のつくり込みのところが肝腎で、どうここの人を呼び込めるのか、人の流れをつくれるのか。何でも一番最初が肝腎だという言葉もありますけれども、そのあたりについて御見解をお示しいただければと思います。,,2025/9/5,築地等都市基盤対策特別委員会,議員
,令和7年 築地等都市基盤対策特別委員会(9月5日),吉田副区長,瓜生正高,普通に言って、築地に来ようという人が主として来るのは、やはり銀座、東銀座だよね。僕は、確かに心配しているというところもあると思うけれども、結構距離感もあるし、歩いてあまり面白いところではないから、結局、銀座、東銀座から来ると思うんです。実際に、これは大事なことですが、部分的な開業をするというときに、実は、今描いているゲートが、デッキが何らかの形でできていて、銀座と連携ができているということがなければ、私はドームは開業すべきではないと思っているし、そのことはきちんとやらないと、混雑だけが残るようなことをいつまでも続けるわけにいきませんから、これは絶対やらせない、そのぐらいの覚悟で人の流れをちゃんとつくってくれというふうに要求するつもりでございます。,,2025/9/5,築地等都市基盤対策特別委員会,理事者
,令和7年 築地等都市基盤対策特別委員会(9月5日),瓜生委員,瓜生正高,"前向きな御答弁ありがとうございます。

主となるところは、もちろん銀座、東銀座というところは主な部分だと思うんですけれども、中に、来街者以外にも、働いている人だとか、現況の築地市場が機能していたときには、やはりある一定数は新橋から歩いたりとか、あちらのターミナルを使って通勤や訪れる人もいるという観点もあったので、中央区議会の議員ですから、やはり区のためにも、吉田副区長に釈迦に説法になってしまうのかもしれないんですけれども、ある部分はそういったことも踏まえて、ほとんどの流れは銀座とそこから来るのだと、今、御答弁いただきましたとおりに強く推し進めて、連携を図っていっていただければと思います。

私のほうの質問を終わります。",,2025/9/5,築地等都市基盤対策特別委員会,議員
,令和7年 築地等都市基盤対策特別委員会(9月5日),小坂委員,小坂和輝,"大変すばらしい基本計画をお示しいただきました。感謝申し上げるところです。この基本計画であれば、スタジアムの５万人の歩行者の波も何とかなるのではないかと思うところです。ぜひこれを実現していけるように、私たちも知恵を絞るということをやっていければと思います。環境建設委員会で我が会派の青木のほうからも質問させていただきまして、この絵に至るまでの長い経過を吉田副区長が御説明くださいました。その重みのある基本計画でありますので、我々も真摯に、この実現に向け、取り組んでいければと思うところです。よろしくお願い申し上げます。

築地におきまして、まず、どのように実現をしていくかということが環境建設委員会のときから課題かと思いますけれども、その実現をどうしますかというところは、次のやり方としては、きっと手続的な細かなことの積み重ねで実現ということになりますけれども、でしたら、要望書1.1をつくって、それと一緒に出していくというふうなことのステップで、この要望書の、基本計画の修正の中央区の絵、基本計画というところが、今、ちょっとごっちゃになってしまいましたので、すみません。事業者が書いた基本計画と、吉田副区長らがまとめられたこの絵をどのように実現していくかということで、基本計画は事業者のほうでちょっと問題があるので、すみません。そこをごっちゃにしてはいけません。述べていて、ごっちゃになっておりましたが、要は、事業者が出してきた基本計画を、今回区が出した絵のように修正しなければならない。それをどのようなステップでやっていくのかというところをもう一度お聞かせください。",,2025/9/5,築地等都市基盤対策特別委員会,議員
,令和7年 築地等都市基盤対策特別委員会(9月5日),吉田副区長,小坂和輝,"先ほどからも申し上げているとおり、ひとまずは高速晴海線のありようを具体的なものとして、国、首都高と話し合わないといけないです。その話合いが早急に持たれるように、首都高も東京都も高速晴海線の計画をある種固めてもらわないと困る。実際、工事の手順も含めて、どう考えても、この部分が開削の工事になってしまうとすれば、高速の道路の部分を造って、その上に柱を立てて、基本的にはデッキを持ち上げて中間施設として区の施設を造るみたいな感じにならないとできないわけですから、何せ首都高の問題を早く決着がつくような状況になるように、基本的には、国や東京都に働きかけていくというのが最大の課題でございます。

先ほどから申し上げているように、非常に浅いところにありますので、基本的に開削になってくる。高速道路の線形がはっきりしないと、例えばデッキを持ち上げている柱を、それでは首都高の高速道路の道路の部分の、例えばセンターラインのところに柱を置くとしたら、線形はどうするんだとか、側壁に置いても、どういうふうな形で造るんだということが構造的にありますから、ただ単に絵に描いたように空中にぶら下がるわけではないので、基本的には首都高の部分を何が何でも早く片づける、そのことが最大の課題です。",,2025/9/5,築地等都市基盤対策特別委員会,理事者
,令和7年 築地等都市基盤対策特別委員会(9月5日),小坂委員,小坂和輝,そうですよね。そこをどうするかですが、例えば国、都、首都高、事業者の４つと、あと中央区で何か定期的な会議体などをつくるとかということは難しいんでしょうか。前委員の御質問では、そのような会議体があるような、４月に何か会議体があって、国と都と首都高と、その辺を話し合っていたということでありますが、我々中央区も入って、もしくはこのような会議体を中央区が主催してつくって、そうでないと、都市計画決定の権限を持っているのは我々中央区なのだから、このようなものは認めないよというような強いカードを我々が持っているのだから、我々が会議体を主宰するというのは難しいんでしょうか。,,2025/9/5,築地等都市基盤対策特別委員会,議員
,令和7年 築地等都市基盤対策特別委員会(9月5日),吉田副区長,小坂和輝,我々が認めないということはできる。こういうものをきちんとつくらないと混乱が起きるから、こういう都市計画は認めないよということは、我々はできる。ただ、首都高を造るのは国のお金と東京都のお金だから、基本的には、国や都のお金で最終的には造るとしても、途中過程で事業者がある意味で代行するなり何なりというようなことも含めて調整しないといけないから、だから、申し訳ないのだけれども、認めないよということを我々は言えますし、現実に認めるつもりもない。ただし、現実の問題として、急げよというのは、やはり相当いろいろな意味で働きかけをしながら、我々の実情も含めて理解してもらって、そういうところに急いでくれということを伝えなければいけないし、それはずっとやっていることだけれども、さらに拍車をかけて急いでくれというふうに言わざるを得ない。そのことを必死に愚直にやっていきたいと思っています。,,2025/9/5,築地等都市基盤対策特別委員会,理事者
,令和7年 築地等都市基盤対策特別委員会(9月5日),小坂委員,小坂和輝,都市計画のところ、確認ですが、首都高の線形の変更の決定権、都市計画の決定は我々がする。また、築地地区まちづくり事業の都市計画のほうの決定も中央区がするということでよろしいでしょうか。,,2025/9/5,築地等都市基盤対策特別委員会,議員
,令和7年 築地等都市基盤対策特別委員会(9月5日),吉田副区長,小坂和輝,実は、ほとんど東京都の決定で、基本的には、うちは地元として同意をするかという形になる。ただ、私ども地元区として同意しませんということは、すごいことですから、例えばこれができていなければ、その部分については同意しませんとやりますよ。ただ、都市計画自体をどういうふうな組立てにするか以前に、実際にどこにどういう形で線形が入ってきて、それを手順としては、どういうスケジュールで組んでいくかという話を決めていただければいいんです。そこのところは、形式的に我々がどう関与するかという問題ではなくて、そのスケジュールを督促して早く出してもらうということが、今、何より大事なんです。,,2025/9/5,築地等都市基盤対策特別委員会,理事者
,令和7年 築地等都市基盤対策特別委員会(9月5日),小坂委員,小坂和輝,"極力、中央区が持つカードを使いながら、早くできればいいかなと思いますが、よい案がなかなかない中で、おっしゃいましたので繰り返しになりますが、首都高が急いでいるのは日本橋の地下化の話だとかいうことで、こちらが置いてけぼりになれば、晴海のほうの首都高の話は置いてけぼり。でも、これを置いてけぼりにしていれば、2032年のこともできないから、どうするのか悩むところです。悩んでいても仕方がないので、先にいきます。

先にいきますが、本当にすばらしい絵を今回出してくださっております。これは念のための確認ですが、ある意味、地元と一緒につくって、こういう絵になったと思うんですけれども、どのようなプロセスで地元の声を反映させながら、今日、我々区議会が見た、中央区が提案した絵になったのか、そのプロセスを教えてください。",,2025/9/5,築地等都市基盤対策特別委員会,議員
,令和7年 築地等都市基盤対策特別委員会(9月5日),吉田副区長,小坂和輝,地元とは、当然のこと、まち協や何かを通じた公式の会議もございますし、それから非公式にも、地元と形で決めていついつなんていうことも関係なく、具体的にはこういうことが必要なんだよねという話はしょっちゅう、常時させていただいております。ただし、例えばここに出させていただく場合には、基本的には、まちの方々には、当然、ある意味で内々、こんな形でいきますよということは御了解を最終的には取っています。常時話合いを進めているところでございます。,,2025/9/5,築地等都市基盤対策特別委員会,理事者
,令和7年 築地等都市基盤対策特別委員会(9月5日),小坂委員,小坂和輝,"ある意味、非公式ながらも民主的な手続を踏みながら、今回の中央区の絵が出てきたということを確認させていただきました。

さらに言うのであれば、事業者とも水面下でやりながら一緒に、この絵が８月22日に出ることは難しかったということでしょうか。",,2025/9/5,築地等都市基盤対策特別委員会,議員
,令和7年 築地等都市基盤対策特別委員会(9月5日),吉田副区長,小坂和輝,８月22日の基本計画というのは、えらくつまらない話ですけれども、東京都の事業者を選定するときのマネジメント委員会が言い残した話を事業者と話をして、東京都のプロデュースでできた基本計画ですから。私どもは、それを見るまでもなく、別にそこでこういうところまで踏み込んだ話は絶対出てこないと思っていますから、我々はその部分について同日発表なんていうことは考えませんが、東京都が肝煎りで事業者につくらせた計画について、ある意味で、全然駄目だよなんて、すぐ当日否定したりしたら、あまりいい格好の話ではない。先ほども申し上げたように、首都高を先にやってくれと、いろいろお願いもしているんですから、やはり礼儀というものがありますから。これでも相当礼儀を外していると思いますけれども、それでも少し時間ぐらいはずらして、こういうふうに資料を公表させていただいています。,,2025/9/5,築地等都市基盤対策特別委員会,理事者
,令和7年 築地等都市基盤対策特別委員会(9月5日),小坂委員,小坂和輝,"出される絵は、８月22日に出されたイメージ図は、中央区のこの絵で築地地区のまちづくり事業という計画が出なかったのかということなんです。基本計画をつくるに当たって、地元区と事業者が水面下で調整して基本計画ができなかったのかというところは思うわけで、それは私もずっと議会の一般質問で言っているところです。基本計画が公式な場で表に出たのが８月22日、それよりも前に、中央区も基本計画になるであろうものが分かっているのであるから、それをうまく、ここのデッキの部分はこのようにしませんかというふうにして調整して絵が描ければよかったのではないかというふうに思うところです。

ただ、ぜひ早急に、この事業者が出している基本計画の修正を求めていく必要があると思いますけれども、その動きはなさるんでしょうか。",,2025/9/5,築地等都市基盤対策特別委員会,議員
,令和7年 築地等都市基盤対策特別委員会(9月5日),吉田副区長,小坂和輝,基本計画の絵がああいう形で出ているということは、基本的には、東京都はそれなりに首都高の問題について切迫感をまだ持っていない表れですから、委員がおっしゃったような形で東京都が全庁的に臨んでいるのであれば、あんな絵になるわけがない。そこを分かりながら、我々としてもいろいろやっているわけです。基本的には、この辺は我々も東京都のそれぞれの担当部局と連携をしながら、基礎的な自治体のほうで逆に東京都の各部局を縫いながら調整をし、督促をしているところですし、その動きは、我々はさらに加速させてやっていくつもりです。その点は、我々のほうとしてきちんとやっていくつもりですので、御理解いただきたい。,,2025/9/5,築地等都市基盤対策特別委員会,理事者
,令和7年 築地等都市基盤対策特別委員会(9月5日),小坂委員,小坂和輝,まさに、この事業者が出した基本計画で環境アセスメントなんかできないと僕は思います。ただ、１つ、環境アセスメントの環境影響評価調査計画書はつくってきたと。ＣＯ２、温室効果ガスまで評価するというところはいいと思うんだけれども、この基本計画で環境アセスメントも通らないと思うんです。特に何が通らないかというと、歩行環境の快適さとか、交通渋滞が生じるとか、そういうことは、このような環境アセスでは通らないと思うんですが、ここを無理やり通すような言葉を書いてくるんでしょうか。環境アセスメントの点から、どのような所感をお持ちでしょうか。,,2025/9/5,築地等都市基盤対策特別委員会,議員
,令和7年 築地等都市基盤対策特別委員会(9月5日),吉田副区長,小坂和輝,環境アセスメントをやるというときには、ある意味で基本的な計画の骨格がきちんとできていないと、その計画に基づいて環境アセスメントをやるわけです。だから、申し訳ないですけれども、今の基本計画で環境アセスメントをやるなんていうことは我々は考えていない。事業者が出してきた今の基本計画では、あり得ないと思っている。だって、絶対通らないですよ。単純に言いますと、新大橋通り、晴海通りのところで、あの歩道を使いながら、あそこの施設に６万人入りますよとやったら、単純に言いますけれども、築地四丁目の交差点でどれだけ横断のために滞留で人が集まってしまうか、それを考えただけで、実際に通らないと思いますよ。通るという計算をしたとしたら、それはペテンだと思います。えらく露骨に言いますけれども、無理です。,,2025/9/5,築地等都市基盤対策特別委員会,理事者
,令和7年 築地等都市基盤対策特別委員会(9月5日),小坂委員,小坂和輝,そこでの環境影響アセスメントは無理なんだけれどもというところはあるんですが、やや不安なのが、歩行環境の快適性及び交通渋滞について、現状においては評価するというふうには調査項目に入っていないんです。そこを抜かして自然環境情報だけ通るというような絵を、環境アセスメントを通してくるというのが見えているんですけれども、ただ、本当にやるべき環境アセスは、交通渋滞なり歩行者環境の快適さなんです。これは、しっかりと環境アセスしてもらえるというふうに東京都に言っていけますでしょうか。,,2025/9/5,築地等都市基盤対策特別委員会,議員
,令和7年 築地等都市基盤対策特別委員会(9月5日),三留環境土木部長,小坂和輝,"環境アセスに関しましては、先ほど来、吉田副区長が申し上げているように、現計画において計画されたものでございますので、きちんと計画がつくり直されて、それをもって評価をしていくということであるのであれば、それはきちんと評価がされるものと考えております。

以上でございます。",,2025/9/5,築地等都市基盤対策特別委員会,理事者
,令和7年 築地等都市基盤対策特別委員会(9月5日),小坂委員,小坂和輝,この環境影響評価調査計画書では、歩行環境の話と交通渋滞の話は入っていないんですが、中央区としては、ここもきちんと環境アセスをしろと言っていけますでしょうか。,,2025/9/5,築地等都市基盤対策特別委員会,議員
,令和7年 築地等都市基盤対策特別委員会(9月5日),礒野委員長,磯野忠,小坂委員、先ほどから同じやり取りになっておりますので、角度を変えて。,,2025/9/5,築地等都市基盤対策特別委員会,議長/委員長
,令和7年 築地等都市基盤対策特別委員会(9月5日),小坂委員,小坂和輝,"ここが落ちていると私は思うので、要望として、歩行環境、また交通渋滞の評価をするように、そちらも同じ気持ちだと思いますので、環境アセスがしっかりとなされるように、チェックのほどはよろしくお願い申し上げます。これは要望で止めます。

全員協議会で我が会派のほうからお伺いした重要な点として、ほづみ議員から出ましたが、エリアマネジメントなるものをつくっていくというようなことで、いいなと。事業者も、子供の目線も入れながらつくっていくよというふうなことまで書いてくださっているところであります。そのエリアマネジメントがどのような組織でなされるかというところは非常に重要で、一般区民も入ったらどうかというのが、ほづみ議員からも我々からも主張させていただいたことですけれども、地元区として、エリアマネジメントにどのような構成であるべきかというようなことを届けていく必要があると思いますが、何かお考えはありますか。",,2025/9/5,築地等都市基盤対策特別委員会,議員
,令和7年 築地等都市基盤対策特別委員会(9月5日),落合都心再生推進課長,小坂和輝,"エリアマネジメントについてでございます。

先日の基本計画の内容の説明の中で、現在の計画状況ということで、要望事項に関することについても事業者のほうから説明があったところでございます。そういう中で、エリアマネジメントについては、早期に準備会等を立ち上げて取り組んでいきますと。また、情報発信等を行っていくなどの説明があったところでございます。基本的には、このエリアの中でエリアマネジメントが立ち上がる。また、周辺の方々と連携をしていきながら、地域の活性化、にぎわいの創出、そういったことに取り組んでいくものというふうに考えております。その組成をどういうふうにやっていくか、そういったところは、事業者のほうで今後検討がなされるものではございますが、地元の方々とも意見交換等を行いながら進めていくとも聞いておりますので、そういった中においては、様々な人の意見を取り入れられるようなものとしていっていただきたいというふうに考えているところでございます。

以上でございます。",,2025/9/5,築地等都市基盤対策特別委員会,理事者
,令和7年 築地等都市基盤対策特別委員会(9月5日),小坂委員,小坂和輝,その構成を事業者任せにするのではなくて、地元区としても、こういうメンバーは入れてくださいというのは、ある程度考えを持っておくべきだと思うんですけれども、区として、どのような構成になる、どのような区関係の人が入るべきというふうに考えているのか、青写真を教えてください。,,2025/9/5,築地等都市基盤対策特別委員会,議員
,令和7年 築地等都市基盤対策特別委員会(9月5日),落合都心再生推進課長,小坂和輝,"エリアマネジメントの構成についてでございます。

今、どういうふうな人たちを入れながらやっていくのかといったところを求めていくというのは、なかなか難しいのかなというふうに考えております。まずは、どういった取組をやっていくのか、また、地域の活性化に向けて、どういうものを段階的に、フェーズごとにやっていかれるのか、こういったところをしっかり地元の方を入れながら話合いを進めていく。そういう中で最終的な姿を描いていく必要があるのではないかというふうに考えております。

以上でございます。",,2025/9/5,築地等都市基盤対策特別委員会,理事者
,令和7年 築地等都市基盤対策特別委員会(9月5日),小坂委員,小坂和輝,少なくとも、最低落としてはならないのは、食のまちづくり協議会のメンバーや築地魚河岸の運営者である都市整備公社、このあたりは落ちないということで、普通に考えて入るとは思うんですが、入りますよね。,,2025/9/5,築地等都市基盤対策特別委員会,議員
,令和7年 築地等都市基盤対策特別委員会(9月5日),落合都心再生推進課長,小坂和輝,エリアマネジメントの中に入るかどうかといったところでございますが、こちらについては、まず地元の方々の考え等もございます。連携をしていくというやり方も１つあると思っておりますので、必ずしもその中に入っていく、それが必要かどうかというのは、今後、意見交換等を行いながら進めていく必要があるというふうに考えております。,,2025/9/5,築地等都市基盤対策特別委員会,理事者
,令和7年 築地等都市基盤対策特別委員会(9月5日),小坂委員,小坂和輝,"エリアマネジメントが築地の全体のまちづくりを進めていくべきものと考えられますから、普通に、やはり中央区のまちの意見なり考え方が反映できるような構成にはなってほしいと思っております。なので、先ほど述べたところとともに、例えば広く京橋築地小学校のメンバーや中央区教育委員会のメンバー、また一般区民というふうなところの、広くメンバー構成ができるようにしていっていただければありがたいかなと私は考えますので、要望として届けさせていただきます。

次に、問題としては、先ほどの部分にもちょっと変えてしまいますけれども、区有地施設整備がどうなるかというところが大変頭が痛い。必ず首都高の晴海線が延びてくるので、壊さなければならないということになります。その再編に関して、区としても準備していくという中で、恐らく令和８年度の予算編成方針でも書かれている施設マネジメントの考え方で、使いながら、これらも含めた施設マネジメントの在り方を考えているとは思うんですけれども、検討状況はいかがですか。",,2025/9/5,築地等都市基盤対策特別委員会,議員
,令和7年 築地等都市基盤対策特別委員会(9月5日),吉田副区長,小坂和輝,基本的には、築地に関連して、区の財産はたくさんあります。例えば、隣接したところで言えば、私どもの仮店舗施設のＡ棟と、それから立体駐車場棟、区の施設がございます。それから、市場橋公園、それから築地保育園があって、築地社教があります。その部分もデッキの下に入ってくる資産になりますけれども、そういったものが、事後、どういう形の資産に置き換えられて、その資産としての所有形態がどんな形になるかというのは、私どもとすれば、先ほど申し上げているように、ここの中の交通計画やら何やら具体的な計画が決まった上で、それぞれの中で我々の区の施設がどこに配置されて、どういう部分で、どういう資産で持つのかということが決まっていく。今、検討状況として、基本的な大枠の都市計画の話をしておりますから、併せて頭には置いておりますけれども、詳細までの検討は、また別の問題として切り離して検討をさせていただきます。その部分は、資産の持ち方と、具体的に現実に、今、形として何を計画化するか、それぞれ具体的に検討を並行して進めていく。だけれども、先に進むのは、やはり基本的な計画だということで御理解をいただきたい。,,2025/9/5,築地等都市基盤対策特別委員会,理事者
,令和7年 築地等都市基盤対策特別委員会(9月5日),小坂委員,小坂和輝,別の角度からお伺いしますけれども、公共施設マネジメントの予算編成で書かれているところの施設マネジメントという中に、築地のそれら社会教育会館複合施設なりが施設マネジメントの考え方の再編の中に入っているということでよいのでしょうか。築地は築地で考えてくださいというのか、施設マネジメントの考え方の中にそれも織り込んでいるのか、区のほうの準備の具合はどうでしょうか。,,2025/9/5,築地等都市基盤対策特別委員会,議員
,令和7年 築地等都市基盤対策特別委員会(9月5日),吉田副区長,小坂和輝,もちろん、そういう意味では、区全体の施設の在り方の検討対象の部分でございます。,,2025/9/5,築地等都市基盤対策特別委員会,理事者
,令和7年 築地等都市基盤対策特別委員会(9月5日),小坂委員,小坂和輝,"分かりました。せっかくの公共施設マネジメントの予算編成方針にも盛り込んだ話ですので、全体として、重要な施設の再編に向けて、うまく配分ができるようにというところをお願い申し上げます。

時間が僅かでありますので、１点だけ、教育委員会の部分からのつなぎで確認だけさせてください。

晴海二丁目の都有地を借りるということであります。これは、まちづくり協議会の報告とも関連しますけれども、そこに学校施設ができるということで、そこに子供たちが通うということになります。長い距離をかけて清月橋なり、朝潮橋などを渡り、そして大きな晴海通りも越えて月島第一小学校の子供たちや月島第一幼稚園の子供たちが通う。このような通学路の安全に向けて、この款として、道路を今後整備していくとかいう考えに関しては、御準備されていきますでしょうか。念のための確認です。",,2025/9/5,築地等都市基盤対策特別委員会,議員
,令和7年 築地等都市基盤対策特別委員会(9月5日),礒野委員長,磯野忠,小坂委員、今の質問に関しては区民文教委員会の所管になりますので。,,2025/9/5,築地等都市基盤対策特別委員会,議長/委員長
,令和7年 築地等都市基盤対策特別委員会(9月5日),小坂委員,小坂和輝,道路整備なり、歩行環境のことを聞いていますけれども、いかがでしょうか。,,2025/9/5,築地等都市基盤対策特別委員会,議員
,令和7年 築地等都市基盤対策特別委員会(9月5日),礒野委員長,磯野忠,小坂委員、学校の通学路に関してということでの道路整備という話でしたので、角度を変えて質問をしていただきたいと思います。お願いいたします。,,2025/9/5,築地等都市基盤対策特別委員会,議長/委員長
,令和7年 築地等都市基盤対策特別委員会(9月5日),小坂委員,小坂和輝,ですので、歩行者が増えると思うんです。だから、小学生、幼稚園児を含め、歩行環境は非常に問題かと思いますけれども、いかがですか。,,2025/9/5,築地等都市基盤対策特別委員会,議員
,令和7年 築地等都市基盤対策特別委員会(9月5日),三留環境土木部長,小坂和輝,"道路整備に関しての御質問でございますけれども、道路整備に関しましては、計画的に、それから補修の必要なところは順次やってございますので、安全面に関しまして、今後もきちんと取り組んでまいりたいと思います。

以上でございます。",,2025/9/5,築地等都市基盤対策特別委員会,理事者
,令和7年 築地等都市基盤対策特別委員会(9月5日),小坂委員,小坂和輝,ちょうど2032年に、スタジアムもできるし、また、晴海のところでは１つ新たな学校もできる。2032年が非常に夢のある中央区の開発となることを祈りまして、質問を終わらせていただきます。ありがとうございました。,,2025/9/5,築地等都市基盤対策特別委員会,議員
,令和7年 築地等都市基盤対策特別委員会(9月5日),田中（広）委員,田中広一,"それでは、築地市場跡地開発とまちづくりについて１点質問させていただきます。

築地市場跡地開発につきましては、これまで共存共栄、そして社会的意義をテーマにしながら、皆さんとずっと議論を重ねてまいりました。今回、事業者のほうから基本計画が示されたところでありますけれども、前回の特別委員会から今のこの間、限られた時間ですが、今回御報告いただいたように、歩行者、車両のネットワークの要望事項をいただいたわけであります。改めて、区としてどのように、この間、関係者と協議して取り組んできたのか、状況を少し教えていただければありがたいというのがまず１つ。

２つ目は、まち協などを行っておりますけれども、改めて今の地域の方の声をどのように受け止めていらっしゃるのか、その点、所感をいただければと思います。

そして、今回、報告の中でいただきました交通のイメージ、中央区は、東京都、また事業者の方々の動向がある中で、いつも難しい課題を突きつけられながら、本当に苦労しながら取り組んできたということを感じております。今回も、このように国、都、首都高さん、また関係者、しっかり急いでほしいという思いも込めて、地元の一番区民と接する、責任を持っている区がこのように積極的に取り組んでいることは本当に大変なことだというふうに感じております。だからこそ、いいものにしていかなければならないんですが、ただ、これから御答弁いただくわけですけれども、やはり多くの方が不安に思っているというのが現実だと思います。この不安をどう解消していくのかが区の取組になるわけです。

頂いたイメージ図は、本当に分かりやすくしていただいてありがたいと思うんですが、やはり大事なのは、区が主体的に動けるわけではありませんし、まず狙いは関係機関にしっかり危機感を持ってもらいたいというところですけれども、ただ、スタジアムで５万人で、そのほかにもオフィスやホテルがあって、全部で９つの建物があるわけです。ですから、５万人だけの移動ではなくて、もっと多くの方々がこのエリアを動いているわけです。それをどのように分析して、歩行者の動向を分析していくのか。それから、車においても、晴海通り、新大橋通りと、特に晴海通りは臨海エリアから都バスが通るだけでも大変なんです。さらに、これから増便したいという思いも持っている中で、車の動向もどう分析して、これを加味していくのか。この点の御見解もいただければありがたいと思います。よろしくお願いします。",,2025/9/5,築地等都市基盤対策特別委員会,議員
,令和7年 築地等都市基盤対策特別委員会(9月5日),落合都心再生推進課長,田中広一,"築地市場跡地開発についてでございます。

まず、事業者との協議の状況でございます。

事業者のほうからは、今回、基本計画が示されたところでございます。その中では、跡地開発の内容については、この中で示されているものですが、区が要望しております要望事項、大きく４点ございますが、こういったところについては、まだ触れられていない部分が多くある状況です。そういう中においては、これまでも、この要望事項について協議を進めております。具体的には、交通の話であったり、また、車両の渋滞を緩和するための海上輸送ができないのかなど、様々なところにおいて協議を進めております。ただ、一個一個が大きなものとなっております。今、すぐにこうできますといったものが出てくる状況ではないですが、一歩一歩しっかりと協議を重ねながら、要望事項の合意に向けて進めていきたいというふうに考えております。

また、地域の声についてでございます。

まちづくり協議会を８月29日に開催させていただきました。その中では、交通ネットワークに関する要望などを多くいただいております。また、レジデンス棟がどうなっているのか、また、跡地開発内だけでにぎわいなどを完結するのではなくて、地域にしっかりにじみ出てくるようなにぎわいの動線、そういったところもしっかり考えてほしい、また、周辺の交通のことをしっかりと考えてほしいなどの声をいただいております。こういったところは、まさに要望事項に書いてある内容につながってくるものかなというふうに考えております。そういう中では、こういったところを一個一個しっかりと着実に話合い、協議を進めながら、解決、また皆さんにお示ししていきたいというふうに考えております。

また、地域の方々の不安の解消といったところでございます。

今回、具体的なイメージパースなども示させていただいております。要望事項を言葉で書いてみると出てくるんですが、それがどういったものかというのはなかなかイメージしづらい部分がございます。そういう中では、こういったものをしっかり整備していくことによって、交通、人の流れ、そういったところが地域に影響を与えないようなものになっていくんだと。また、夢のあるようなところをしっかり描いていくことで、皆さんにお示ししていく、こういったところをやっていく必要があるのかなというふうに考えております。なかなか見えないものというのは不安になってきてしまいますので、そういったところをお示ししながら、一個一個要望についても、合意等が図られているものは順次皆様にお示ししながら、跡地開発が社会的意義をしっかり達成できる、また共存共栄を行っていかれるような場となるよう、協議・調整を引き続き区としてしっかりと進めていきたいというふうに考えております。",,2025/9/5,築地等都市基盤対策特別委員会,理事者
,令和7年 築地等都市基盤対策特別委員会(9月5日),田中（広）委員,田中広一,"ありがとうございます。

本当に難しい課題がある中で、しっかり取り組んでいただいているということを御答弁で感じることができます。やはり本当に難しいですよね。本来だったら事業者さんにどんどん積極的に動いていただきたいところですが、あまりにも未確定なところもあり、複雑な関係があるものですから、思うようにできない。そこを区がしっかりと問題意識を持っているからこそ、今回、このような具体案を出していただいたわけであります。とにかく本当に心配なのは、交通量の分析をしっかりやらないと、何となくハードだけを整備して、これだけ頑張ったんだからいいでしょうというわけにはいかない。本当にこれで区民の方々の不安を解消できるのかどうか、しっかりした分析を行っていただきたいと思うんです。こうしたまちづくりで大事なことは、協議を何度も重ねていく、何度もお会いして、何度も繰り返していく。その中にしっかり見えてくるものがあるんだと思うんです。ですので、今もいろいろな取組をされているかと思うんですが、やはりどこか見える形で、協議しているという状況が多くの方に伝わるような協議体ができないのかどうか。これは前から申し上げてはいるんですけれども、今後、この点をどのようにしていくのか教えていただければと思います。

それから、交通に関して、特に歩行者ネットワークはこのように頂いたわけですが、たしか事業者さんも鉄道機関と調整・協議を行っているというお話がありますけれども、事業者さんがどんな形で行っているのか、何か区として情報をつかんでいるところがあれば、教えていただければと思います。

それから、話は飛ぶんですけれども、まちづくりの各論で恐縮なんですが、前回、７月の特別委員会で熱中症対策に付随するお話をさせていただきました。まちづくりの中で、例えば再開発を進めていって、今、これだけの暑さですので、何か熱中症対策でこういった取組をしてきたとか、まちづくりの中で何かあるようでしたら、ちょっと話は飛ぶんですけれども、各論ですが、教えていただければありがたいかなと思います。よろしくお願いします。",,2025/9/5,築地等都市基盤対策特別委員会,議員
,令和7年 築地等都市基盤対策特別委員会(9月5日),落合都心再生推進課長,田中広一,"今後の協議体といったところでございます。

現在は、まちづくり協議会などを通しながら、地元の方々に現状、また計画の内容といったところを意見交換等をさせていただいているところでございます。今後、事業の進捗、現在でいいますと、例えば埋蔵文化財の調査なども進んできております。そういう事業の進捗などを踏まえながら、どういった会議体、また皆様にお伝えする場を設けていくのがいいのかを、しっかり事業者、また地主といいますか、底地を持っております東京都などもいますので、そういったところの関係者としっかり話合いをして、皆様にスムーズにお伝えできる協議会はどういうものがいいかを決めていきたいというふうに考えております。

また、鉄道事業者との現在の状況でございます。

事業者のほうからは、まちづくり協議会等でも、大江戸線などの混雑緩和をどう考えているのか、既存の駅等についてどう考えているのかなどの御意見をいただいているところでございます。そういう中で、例えば東京都交通局であったり、鉄道事業者と協議を進めているというふうに聞いております。具体的には、実際、輸送力がどうなのか、こういったところをまず初めに話合いの中で上げていきながら、どういった対策が取れるのか、ハード面でいいますと、出入口を大きくするとか、そういったところはなかなか難しい状況であるというのも聞いております。また、ソフト面などの対策も踏まえながら、併せていきながら解決できるように進めていきたいと聞いているところでございます。

私からは以上でございます。",,2025/9/5,築地等都市基盤対策特別委員会,理事者
,令和7年 築地等都市基盤対策特別委員会(9月5日),小笠原まちづくり事業担当課長,田中広一,"私からは、熱中症防止に向けたこれまでのまちづくりの取組についてお答えをさせていただければと思います。

非常に暑い日が続いておりますけれども、先日の銀座・築地合同のまちづくり協議会の中でも、実は、構成員の方から、当日、会場にお越しいただくまでの間も非常に暑くてというような御意見をいただいておりました。これまでのまちづくりというところで開発のハード面の中でいいますと、いかに日陰をつくっていくかというところかと思いまして、緑陰、いわゆる緑の植栽計画をどのようにつくっていくか。また、空地ということで、いわゆる従来の青空の空地ではなくて、そこは雨天という気候の部分もありますけれども、昨今の暑さを和らげるというところでは、準屋外型ということで大屋根を造るような計画もなされてきております。特に、事例で申し上げますと、室町三丁目のコレド室町のところは、非常に道路に面したところで広い空間で広場を地区施設で設けておりますけれども、そこは当時から暑さ対策ですとか、雨のときでも広く何かイベントでも使えるように、皆様が憩えるようにということで大屋根を造っていただいて、そこは非常に好評をいただいているというふうに聞いております。あとは、細かな部分で、ミストですとか、涼を感じるような取組は今までやってきているところですけれども、今後もより一層というところでは、地元の方からもお声をいただいておりますので、そのような視点でどういう空間づくりができるのかというのは、区としても協議をさせていただければと思います。

以上でございます。",,2025/9/5,築地等都市基盤対策特別委員会,理事者
,令和7年 築地等都市基盤対策特別委員会(9月5日),田中（広）委員,田中広一,"ありがとうございます。

まず、熱中症対策からですが、本当にいろいろ工夫していただいて、ありがとうございます。今後の取組の中の一つに加えていただきたいと思うのが、給水スポットをつくっていただけないかと思うんです。今回、テレビでも随分取り上げられていたようですが、関西万博で給水スポットをつくって、皆さんはマイボトルを持っていますが、あまりの暑さで大体なくなってしまうんです。それを補充するための給水スポットなんです。これが大変好評だったということで、これは熱中症対策でもありますし、廃プラという視点、地球温暖化対策ということにもつながっていきます。例えば、今、日本橋エリアですとか、八重洲エリア、築地も当然そうですけれども、様々な再開発の中に、熱中症対策の一つとして給水スポット、これは今後の環境にもつながっていくかと思いますので、ぜひ検討の一つに加えていただければありがたいと思いますので、よろしくお願いします。

築地市場跡地の開発についてでございます。

今、御答弁いただいたとおり、本当にあまりにも広範囲、多岐にわたる中で、でも協議はしっかり続けていただいているわけでありますので、力を入れていただきたいというふうに思います。

そこで、今、鉄道駅のお話もありましたけれども、今まで区内でいろいろな再開発がありましたが、鉄道に関する問題というのは毎回出てきているんです。普通に考えたら、築地の跡地だったら、大江戸線の築地市場駅を一定程度もう少し拡張して広場空間をつくって、多くの方が、まず、そこ直結で、さらに、それぞれのオフィス等に行くにも地下通路を使って行けるような、いわゆる歩行空間にあまり影響が出過ぎない環境も必要かなと思いますし、また一方で、地域のにぎわいという点も大事なので、このバランスはすごく難しいところであるんですけれども、いずれにしても、区として混乱がないようにしていきたいということでありますので、そういった視点もこれから推進していただければありがたいと思います。

さらに、各論ですが、要望事項がたしか４つありまして、今言った歩行者交通量、車の交通、これが解決できなければ、当然、私たち地元、地域としても、この計画になかなか賛同できないところがあるわけでありますけれども、また一方で、現状の中で不安に思っているのは、やはり防災だと思うんです。特に、防災と環境という点をしっかりしていくことが大事かなと思っております。その前に、一番大事なのは、まず築地場外市場のにぎわいの継承、これも地元としっかりやっていただいておりますので、その点は地域の方の御努力に本当に敬意を表しているところでありますが、しっかりお願いしたいと思います。その上で、防災と環境、特に未来に向けてどういう手を打っているのか、まちづくりをしているのかというのが大変見られているところであります。

ここの借地が大体70年と言われている中で、70年たった後にしっかり防災に取り組んできたのかどうか、環境に取り組んできたのかどうか、ここが見られると思います。また、土地の歴史についても、議論の中でよくいただくところでありますけれども、たしか築地ができるに当たっては明暦の大火、あるいは築地市場の移転については関東大震災を機に引っ越してこられたという、まさに災害が契機となった縁があるわけです。そういった意味で、防災ということについて、現在のところ、まちづくり部隊として、関係機関とどのような協議を行っているのか、この点を教えていただければと思います。

それから、もう一つは、環境ということになりますと、ずっと取り組んでおります緑豊かな環境であります。これまでも何度も申し上げておりますけれども、今、工事費が本当に高騰しておりまして、本計画が動き出すときには、またどんな状況になるか分からない。そういったときに、どうしても緑とか、そういうところにはなかなか予算が回りづらくなる環境も心配をするところであります。それはある側面ではありますけれども、そういう心配もありますので、現在のところ、緑豊かな環境づくりというのはどんな協議をされているのか、また、どんな成果が得られているのかも教えていただければと思います。お願いします。",,2025/9/5,築地等都市基盤対策特別委員会,議員
,令和7年 築地等都市基盤対策特別委員会(9月5日),落合都心再生推進課長,田中広一,"築地跡地開発の防災面、また環境面についてでございます。

防災につきましては、区の要望の中でも、地域の防災に資するような施設になっていってほしい、そういった意味も含めて、防災面の強化といったところを要望事項の中に入れさせていただいているところでございます。そういう中では、事業者のほうから、この場所は、陸上だけでなく海上なども活用できる、また空なども活用しながら、陸海空を使いながら防災時の交通結節機能、ハブ機能として機能していくようなもの、こういった機能などについて関係機関と協議を進めているというふうに聞いているところでございます。区といたしましては、こういった機能も非常に大切なものであります。また、地域に対しても、例えば帰宅困難者対策であったり、また、地域の拠点となるような施設にしていっていただきたいというふうに考えております。具体的には、中には９棟の建物が建ちますので、例えばマルチスタジアムは大規模なハブ的な機能であったり、その周辺にはほかに８棟の建物がありますので、こういったところを使いながら、様々な防災機能の強化につながるようなものを求めていきたいというふうに考えております。現在、関係機関、都、また国などと協議を進めている状況でございます。具体的にどういったものを取り入れていかれるのか、引き続き協議を進めながら、皆様にお示ししていきたいというふうに考えているところでございます。

また、環境についてでございます。

環境につきましては、事業者のほうから、グリーンインフラの整備といったところで緑を増やしていく計画にしていきたい。また、近くには隅田川も流れていますので、水と緑を感じられるような場所にしていきたい、そういう計画を進めていきたいというふうに聞いているところでございます。実際、緑化率40％以上を目指していくといったもので、今回、緑化率を採用したというのは、目に見える形で皆さんに触れていただけるような視点での緑を増やしていきたい、そういったことがあるというふうに聞いております。やはり単発的に緑を用いていくのではなくて、つながりを持った緑形成をしっかり求めていきたいというふうに考えております。お隣には浜離宮もございますので、こういったところのつながりをしっかりつけていきながら、憩える場所となるようにしていただきたいというふうに考えているところでございます。",,2025/9/5,築地等都市基盤対策特別委員会,理事者
,令和7年 築地等都市基盤対策特別委員会(9月5日),溝口都市活性プロジェクト推進室長,田中広一,"ちょっと補足をさせていただきます。

今、都心再生推進課長が答えたとおりでございまして、実は、基本計画が出てきました。そこで防災について、環境についても、それぞれ記載がされておりまして、まさにここから具体的にいろいろなものを進めていくところかなと私どもも考えております。先ほど地域の区民の方も不安に思っているというのは、そのあたりがまだ具体的に何も見えてこないというところも大きいのかなと感じておりまして、防災についても、地域に向けて、こういうことをやっていくとか、また、環境、水と緑につきましても、基本計画の中でも子供から子供の意見を聞いて、またお年寄りまでというワードも出てきておりますけれども、実際にそういう方たちに向けて区民の方もこういう憩える場になるというのを、区からも要望しますし、事業者もこれから具体的にそういう部分に次の段階で入っていけるのかなと考えております。地元区としましても、そういう視点も持って、これからも事業者と協議してまいりたいと考えてございますし、また、ウェブも立ち上げたということで、これからそういう部分で事業者からも発信していっていただきたいと考えていますので、そういう観点でもこれから積極的に進めてまいります。

以上です。",,2025/9/5,築地等都市基盤対策特別委員会,理事者
,令和7年 築地等都市基盤対策特別委員会(9月5日),田中（広）委員,田中広一,"ありがとうございます。今、御答弁いただいたとおり、基本計画がこうして出てきたことから、改めて各項目に従ってしっかり協議していくということで、ぜひよろしくお願いをいたします。

特に、防災は、そのエリア内の防災というのは、ある意味、これもしっかりやっていただくのは当然として、今、御答弁でありましたとおり、陸、空、それから海、舟運を使うということになれば、区内全域なのか、京橋エリアなのか、防災対策にも資するようなことを想定してということも含まれているんだと思いますけれども、ここまで考えているんだなと区民の皆さんが感じられるような、本当にしっかりとした防災対策をお願いしたいと思います。当然、スタジアムが空いていれば、そこの中を活用できますけれども、スタジアムが稼働している中で災害が起きたときの混乱というのも大変重要な問題となってまいりますし、様々なケースをしっかり考えた上で、築地の跡地にはここまでの防災を整えていただいたんだなと伝わってくるような協議を、ぜひ御担当の部署と共に進めていただきますようお願いをいたします。

そして、緑豊かな環境ということでお話をさせていただきました。先日、築地等都市基盤対策特別委員会で視察に行った帰りに、大阪のうめきた２期、グラングリーン大阪も見てまいりました。計画段階でも視察して、今回、竣工後、行ってきたわけですけれども、本当に敷地の半分がまさに緑のオープンスペースなんです。それが真ん中にあって、周りに建物が建っているような環境でありました。当時はあまりの暑さで、芝生も養生していますので、入れないところもあるんですが、さすがに炎天下の中、そこでくつろぐ方は少なかったわけでありますけれども、ただ、植栽がありますので、緑陰の木陰のところでくつろいでいらっしゃる方がおられましたし、御高齢の方も何かグループで来られたんでしょう。ベンチに座って懇談している姿も拝見しました。

こうして、日本の中でもこういうまちづくりが行われておりますので、ぜひ築地の跡地の中で防災でしっかり取り組んでいる、また環境でもここまでやっている。特に、環境、緑を強調するのは、区民全体あるいは都民全体につながっていく、還元されるものだという思いで、ずっとお願いしているところであります。よく御答弁の中で、明治期、昭和と、まさに隅田川に沿って時代が変わってきたというお話をいただきますけれども、建物は更新されて変わっていきますが、江戸期から隅田川は変わっていないわけです。築地の跡地を形成するけれども、隅田川は変わっていない。ただ、隅田川を見る景色、この基本計画の中でいうとランドスケープなんて、なかなか難しい言葉で表現されていますけれども、隅田川を見ながら、多くの区民の方が、また都民の方が思いをはせられるような憩いの場となるような、多くの方に還元されるような計画をこれから詰めていただきたいと思います。私もこうやって議論して、要望する、お願いしますと言うのはすごく簡単ですけれども、実際にそれを受け止めて協議・調整していくというのは大変なことだと存じますが、どうか、今回報告いただいている交通の問題をしっかりやっていただきながら、今申し上げたとおり防災、環境というのは未来に向けて大事な問題になってまいりますので、その点を踏まえながら取り組んでいただきますよう要望いたしまして、質問を終わります。ありがとうございました。",,2025/9/5,築地等都市基盤対策特別委員会,議員
,令和7年 築地等都市基盤対策特別委員会(9月5日),礒野委員長,磯野忠,"ただいま質疑の半ばではありますが、暫時休憩し、午後３時10分に再開いたしますので、御参集願います。

休憩といたします。

（午後２時57分 休憩）

（午後３時10分 再開）",,2025/9/5,築地等都市基盤対策特別委員会,議長/委員長
,令和7年 築地等都市基盤対策特別委員会(9月5日),礒野委員長,磯野忠,"それでは、休憩前に引き続き会議を再開いたします。

発言を願います。",,2025/9/5,築地等都市基盤対策特別委員会,議長/委員長
,令和7年 築地等都市基盤対策特別委員会(9月5日),小栗委員,小栗智恵子,"それでは、何点か質問をさせていただきます。

最初に、築地市場跡地開発に関連する要望書の具体的なイメージについての資料についてです。

歩行者ネットワークのイメージが２ページにありますけれども、地上のネットワークとかデッキのネットワークということで、それぞれ示されております。地上のネットワークに新大橋通りとか晴海通りを歩行者用として書いていないのは、発生する新しい交通量を処理するためということで、ここはネットワークとして考えないというイメージでつくっているのか、その辺の御説明をいただけたらと思います。

次の車両交通ネットワークのイメージについてですが、これも御説明いただいています。環状２号線の敷地内での出入りのところで、豊洲から来て環２を敷地内で右折するところを造りたいということで、迂回というお話もありましたけれども、立体交差みたいなことを想定しての提案なのかという点をお示しいただきたいというふうに思います。

そして、デッキのイメージが３枚にわたって出ておりますけれども、先ほどの御説明ですと、鳥瞰イメージの築地四丁目交差点から見た図で見ますと、新橋演舞場のところのＳ字のカーブを解消した後のイメージみたいな説明があったように記憶しているんです。今の段階での建物の位置は変わっていないというお話が先ほど答弁にもあったんですが、この図としては、何年頃、いつ頃のデッキの想定として、イメージ図として示しているのかというのを御説明いただければと思います。

具体的なイメージとして、今ある社会教育会館とか保育園とか、そこの上もデッキにする、その下にそういう施設を入れるような構想だということで、特に高速道路が大深度ではなくて地下１階ぐらいから上がるようなところなので、そうすると、地下はあまり使わないというような想定でやるのかという点です。今のイメージをつくった前提となっている利用の仕方は、この断面イメージを見ると、高速道路が地上すれすれまで使うみたいになっているので、地下は使わずに八、九メートル程度のところで区の施設を今の規模ぐらいでできるのではないかというような想定になっているのか、このイメージ図の基になった構想についてもう少し御説明をいただければと思います。お願いします。",,2025/9/5,築地等都市基盤対策特別委員会,議員
,令和7年 築地等都市基盤対策特別委員会(9月5日),落合都心再生推進課長,小栗智恵子,"歩行者ネットワークのイメージについてでございます。

新大橋通り、晴海通りなどの大通りはネットワークの線として引かれていないといったところでございます。

こちらにつきましては、築地市場跡地のほうから新たに発生する交通を、例えば築地川アメニティ構想であったり、ＫＫ線、こういったプロジェクトなどに接続する動線のイメージとして描いております。こちらを通ってもらわないとか、そういうものではなくて、こちらはもう既存の大通りとして動線はありますが、今描いております新たな動線なども活用しながら、しっかりと歩行者ネットワークを構築していくといったものを描いているものでございます。

次に、車両の交通ネットワークについてでございます。

環状２号線との接続については、要望事項にも書いてある内容となっております。豊洲市場のほうから跡地開発のほうに車両でやってきた場合に、左折での入場、さらにはＵターンをして跡地開発の中に入るといった動線を描いております。既存の環状２号線のところでもＵターン路は造られておりまして、こちらをうまく活用して、しっかりと入場できるようにしていただきたいと考えております。しかしながら、交通の状況とか安全面をしっかり確保していきながら造る必要があることから、交通管理者としっかり協議を行った上で、こういった動線を確保していただきたいというふうに考えているところでございます。

デッキのイメージについてでございます。鳥瞰イメージ②でＳ字カーブのところをどういうふうに描いているかといったところでございます。

こちらにつきましては、現在、この絵の中では、Ｓ字カーブの解消は盛り込んでおりません。そのため、既存の建物を組み込んで絵を描いていたり、そういったものは行っていない状況でございます。こういった歩行者動線をしっかり確保していきながら交通ネットワークを構築していく、そういったイメージを描いているものとなっております。

また、社会教育会館辺りの断面の構成といった、前提となるところでございます。

現在、高速晴海線につきましては、線形ルートの見直しを図っていくと言われておりますが、どういった線が引かれるかというのは、まだ示されておりません。しかしながら、Ｓ字カーブの解消であったり、晴海線の接続を考えていきますと、やはり今あります区有施設の辺りに高速晴海線が来るのではないかというふうに考えられます。そういう意味では、６ページ目に断面イメージでも描かせていただいておりますが、地下の部分、ちょうど太い線で描いてあるところが地上と地下を分ける部分の舗装面ぐらいの高さになっております。その地下の部分に高速晴海線が来るイメージと、また、その上に区有施設が来て、さらにその上が歩行者デッキとなっていき、誰もが憩えるような公園的機能なども備えたものといったところで考えているところでございます。

以上でございます。",,2025/9/5,築地等都市基盤対策特別委員会,理事者
,令和7年 築地等都市基盤対策特別委員会(9月5日),吉田副区長,小栗智恵子,"ちょっと補足させていただきますけれども、３ページ目の車両交通ネットワークのところで、その図面をお開きいただきますと、隅田川から環状２号線が入ってきて、水色の線が点々々となっているところがあります。そこは立体交差です。橋台といいますか、現実に築地大橋の橋台の裏側を、そこは橋の上ですから、ある程度高いので、そこの裏側を立体交差して地上レベルでぐるっと回ってくるという路線、これは豊洲市場のほうから入ってきた車が赤い丸で表示をされていて、ピンク色で左折しています。その左折した部分が、水色の路線で浜離宮に沿ってずっと下がってきて、点々々の部分は橋台の下を立体交差している部分でございます。そういうものも含んでいる。

Ｕターンしてという部分については、そのまま直進して水色で行っている。直進して右折をしているわけですけれども、その部分がいって、それが流れに乗っていって、うちの場外施設のいわゆる荷さばきとか何かを想定されている部分にたどり着くようになっている。そこのところは２ルート確保しているという形でございます。",,2025/9/5,築地等都市基盤対策特別委員会,理事者
,令和7年 築地等都市基盤対策特別委員会(9月5日),小栗委員,小栗智恵子,"車に乗らないので、よく分からないところがあるんですけれども、ピンクで右に、上に行ってから横にぴゅっとなっていますけれども、そこは立体とかではなくて、ひゅっと曲がれるようにするということですか。そんなことができるんだ。はい。こういうふうにして流れを止めることなく処理できるようにしてほしいという案として出したということで、その内容については、理解をいたしました。

デッキなどは、事業者に、こういうデッキをずっと新橋演舞場のほうまで造ってもらおうと。区の施設もついでに一緒に整備してもらおうと。費用負担というんですか、そういう状況はどういうふうに想定しているのか。事業者としては、敷地の中での問題はちゃんとやらなくてはいけないと思うんですけれども、それよりはみ出たところを、関係するからということで、これをやってもらわないと本当にパンクしてしまいますし、この施設ができることによる人の流れのスムーズな処理ということで欠かせない施設なので、事業者の責任でやってもらうというのが私は当然ではないかというふうにも思いますけれども、その辺はどのように想定しているのかという点を確認したいということと、築地跡地の開発の出来上がりの時間がいろいろ違いますよね。暫定的施設が開業するのが2026年から2027年、シアターホールなどができるのが2029年、まちびらきの第１期としては2030年代前半という話でありますけれども、こういうデッキなどはいつ頃できているようにしてもらわないと困りますという想定なのか、その点についても併せて伺いたいと思います。

先ほど来もいろいろな質疑の中で、とにかく今のままの８月に事業者が出してきた基本計画のままでは駄目なんだ、あり得ない、このままの計画でいけるはずがないし、環境アセスの面でも問題があるということでお話もありましたけれども、私は、そういう点でも計画そのものの見直しも本当に必要になってきているのではないかというふうに思います。５万人が収容できるスタジアムということですけれども、そのスタジアムのイベントなどを支える従業員の人とか、あとオフィスやほかの商業施設もあるわけですから、そういうところの来場者やそこで働く人とか、そういう人を合わせると、もっと集中した人がここの地域に集合するということを考えると、とても大変な事業になるし、本当にこれで処理できるのか、やはり規模そのものを考え直していかなくてはいけないのではないかということも視野に入れて検討することが必要ではないかというふうに私は考えるんですけれども、その辺のお考えについて伺いたいと思います。",,2025/9/5,築地等都市基盤対策特別委員会,議員
,令和7年 築地等都市基盤対策特別委員会(9月5日),吉田副区長,小栗智恵子,"小栗委員と意見が一致することはまれなんですが、この区有施設の造り方については、上は、我々も基本的にはここの上、20メートル幅のデッキを通りますけれども、ここはきっと、現実には区としては立体公園みたいにしたいと思っている。現実に絵でも描いてあるように、立体公園にしますけれども、その立体公園と下の区有施設については、やはり基本的には、上は事業者が使って、下は高速道路が使っているわけだから、そこのお金は当然、両方の事業者から金を出してもらうでしょうというのは、意見が珍しく一致していると思います。基本的には、そのぐらいは当たり前に考えないといけないと思っています。

実態的に、人の流れを現実にどう処理するかというのは、本当にかなり深刻な話で、実は、この部分について言えば、最低このぐらいの配慮をしないと、2032年の一部開業なんていうものもできませんよというふうに私どもは申し上げている。いわゆる暫定的な、いろいろ前置きされる施設は別に構いませんけれども、本当にこういったスタジアムだ、ビルだというものがオープンする第１期とかいうときには、やはりこれだけのものができていないと駄目ですよと。これははっきり言えるのだと思うし、また、そうでないと、地域の混乱はとんでもないことになる。

施設のありようについては、そこは意見の分かれるところでございまして、これは東京都が地主としてこういう計画でということで認知をして、基本的には、基本計画まで御丁寧に発表していただいたところでございますので、その辺の議論は東京都議会でぜひお願いをいたしたい。",,2025/9/5,築地等都市基盤対策特別委員会,理事者
,令和7年 築地等都市基盤対策特別委員会(9月5日),小栗委員,小栗智恵子,"都の事業ですから、本当に東京都でちゃんともんで、こんな計画でいいのかということは大いに議論も必要だと思いますし、地元区として、この計画で本当にいいのかという点で、今、ずっと議論しているように、人流の処理とか、交通の処理とか、これでは駄目だということでどんどん意見を出しているわけですから、そういう中身も含めて、やはりそういうものができないのだったら、もっと建物自体も減らすとか、そういうこともやってもらわなくては困りますよということを言うのは大いにやったほうがいいと私は思いますし、いろいろな意見が出てきて収拾がつかないという話が前にありましたけれども、そういうものも含めて、ちゃんとしたものにしていくという意味では、中央区からも中央区議会からもどんどん意見を出していったほうがいいというふうに私は思っております。

また言っていると言われてしまいますけれども、今、浴恩園の埋蔵文化財の調査もやっているわけなので、そういうもので本当に貴重なものが出てきたときに、やはりこれはこの場所で現地で残そうではないかということも全く想定がなく、東京都はそういうことをやらないということではなくて、貴重なものがあったときは、それをどういうふうに残していくのかとか、そういうことも含めて計画を考えていくということをぜひやっていただきたいというふうに思います。事業者は収益性が大事とかいって、全然もうからないことはやらないという感じでしたけれども、収益性よりも、やはり環境とか持続可能性とか、あと地域への還元とか、とにかく緑地や公園を中心とした計画にしていくということを私は強く望みたいというふうに思います。

次に、市街地再開発事業の事業施工期間の変更の問題について質問をいたします。

今年の５月28日付の東京都広報で、市街地再開発組合の定款及び事業計画の変更の認可が２件、それと市街地再開発組合の事業計画の変更認可２件、これはいずれも区内の事業についての変更の手続が取られています。八重洲一丁目北地区の市街地再開発と日本橋室町一丁目地区の市街地再開発では、定款の変更、そして事業計画の変更ということで認可が下りております。室町一丁目地区の問題で言えば、区道の廃止の手続の際にも、今、事業計画の変更の手続をしているというお話がその時点であったんですけれども、これで認可が下りたということだと思いますが、どういう定款の変更があったのか、どういう事業計画の変更があったのかという点について確認をさせていただきたいと思います。

事業の期間の延長ということについては、ここに書いてあるので、室町一丁目地区でいえば、令和13年に竣工する予定だったのを、令和17年、2035年３月31日まで延長ということで変更の認可が下りているというふうになっております。この辺の内容と、変更になった理由などを区のほうで分かっていれば、お示しいただきたいと思います。お願いします。",,2025/9/5,築地等都市基盤対策特別委員会,議員
,令和7年 築地等都市基盤対策特別委員会(9月5日),小笠原まちづくり事業担当課長,小栗智恵子,"室町一丁目地区の事業計画の変更認可が下りたというところで、その内容でございます。

委員のお話にありました５月付で変更認可が下りているところでございまして、主な変更内容といたしましては、お話にもありましたけれども、設計内容の変更、これは実施設計の進捗に伴う変更と聞いてございます。また、施工期間、いわゆる建築工事期間の変更は、工程の見直しによるもの、そして事業費というところで資金計画の変更、そして定款の変更、この定款の変更というのは参加組合員の追加等がなされたというふうに聞いてございまして、主な変更としては、こういった内容で変更をしております。

なお、この変更認可を受けておりますので、諸手続を経て、今、区のホームページでも御覧いただけるようになってございます。

以上でございます。",,2025/9/5,築地等都市基盤対策特別委員会,理事者
,令和7年 築地等都市基盤対策特別委員会(9月5日),小栗委員,小栗智恵子,"設計内容の変更ということですけれども、平米数が変わったりとか、何かそういう大きな変更なのか、内容をお示しいただければと思います。事業費も変更になったと。事業費が今までの計画では間に合わないということで積み増しになっているのだろうと思うんですけれども、もしその辺の詳しい内容が分かれば、お示しいただきたいと思います。

この２つの事業以外にも、日本橋一丁目中地区の事業、出来上がると日本で４番目に高くなるという事業では、令和８年に出来上がる予定が令和９年、2027年３月31日まで延長となっています。そして、東京駅駅前の八重洲一丁目東Ａ地区も１年延びて令和９年、2027年８月31日まで延長という内容になっています。今、資材の高騰とか人手不足で工期の変更が相次いでいるということですけれども、区としてどのように対応しているのかお伺いしたいというふうに思います。

それと、今、中央区では、市街地再開発事業だけではなく、個別の大規模な事業も含めて、29の大規模開発が取り組まれているんですけれども、こういう中で、今、資材の高騰とか人手不足、そして資金をどういうふうに調達するのかということで、いろいろ大変な状況がある中で、区としては、これからの再開発の事業の在り方、やはり一旦立ち止まって見直しをしていくことが必要ではないかと私としては思うんですけれども、その辺の今動いている事業の見通しなどについてもお伺いしたいと思います。お願いします。",,2025/9/5,築地等都市基盤対策特別委員会,議員
,令和7年 築地等都市基盤対策特別委員会(9月5日),小笠原まちづくり事業担当課長,小栗智恵子,"幾つか御質問いただいておりますので、順次お答えをさせていただきます。

まず、室町一丁目の変更認可の内容として、大きな設計変更ですとか、事業費はどうだったかというところにつきましては、申し訳ございません。資料を持ち合わせておりませんので、詳細はお答えできかねますが、先ほど答弁いたしました内容で主には変更をしているというところでございます。

また、昨今、各地区で資材の高騰と、さらに事業費、また人手不足というところで、そういった課題がありますけれども、区といたしましては、やはり社会情勢を踏まえて、各地区とは一層丁寧に各地区の事情などもお聞きしながら、公的な事業というところでは、もちろん補助金という制度もございますので、区としてのできる限りの支援というところでは、各地区ごとの状況を見ながら適切にこれまでも支援をしているところでございます。引き続き、やはり非常に全国的な問題にもなっておりますので、その中での都心区中央区として、やはり進めていかなければならない再開発については、丁寧に御意見をいただきながら区としても検討をし、それを実行していきたいというふうに思ってございます。

また、全体的な、今、29の開発がというところでお話がありましたけれども、繰り返しになりますが、やはり区としては今の築地市場跡地開発、さらには日本橋川沿いの首都高の地下化事業と併せて、川沿いの再開発が進められているように、なかなかまれに見る都市基盤のインフラの更新という時期を迎えております。区といたしましては、この時期を逸することなく、確実に基盤の更新をしていくということと、また、それに併せて、まちづくりとこれを一体的にやっていかなければならない事業ばかりですので、そういった部分については、引き続き区としては慎重にかつ丁寧に進めていくものというふうに思ってございます。

以上でございます。",,2025/9/5,築地等都市基盤対策特別委員会,理事者
,令和7年 築地等都市基盤対策特別委員会(9月5日),小栗委員,小栗智恵子,補助金も使っていろいろ支援していくというお話だったんですけれども、国の補助金の問題でいうと、この３月に市街地再開発事業等関連要綱の改正が行われて、社会資本整備総合交付金等による支援の対象を必要性、緊急性の高い事業に絞り込むという方向性が示されています。こういうことで、国としても事業費がどんどん膨らむということもあって、補助金を出すお金もどんどん膨らんでいるという中で、対象を絞り込んでいくというようなことも実際に始められようとしているわけです。その辺の影響について、区としてはどのように考えているのか、併せて御答弁をお願いしたいと思います。お願いします。,,2025/9/5,築地等都市基盤対策特別委員会,議員
,令和7年 築地等都市基盤対策特別委員会(9月5日),菊池地域整備課長,小栗智恵子,"工事費高騰について、再開発への影響というところです。

これまで国の補助で、国が100％支払う補助金があったんですけれども、それは一時期に急激に上がったということで国が当時設定していて、令和４年11月までに事業計画の認可が下りたものに対して対象になるものです。でも、それが変わって、どちらかというと、上がるというのは、ある程度今後も先々続くだろうということで、そういった前提で事業計画を立てなさいということで、今回、こういった取扱いのところが変わってきているのかなというふうに捉えています。区内でこれだけ再開発がありますので、やはり国の補助を使ったりですとか、一部には社会資本整備の補助金については、区の補助金のほうも入っているところでございます。様々なメニューを使いながら、再開発が円滑に、とにかく止まらないようにしていく必要があるというふうに思っています。それに向けては、事業者と日々調整しながら、補助金が満額つかないところは再度つくように調整をしたり、例えばほかの区で補助金が余ったときに、早く東京都に対して手を上げるとか、事業者とも、都、そして国とも調整をしながら、極力補助金がもらえるように調整を図っていきたいというふうに思っています。

以上です。",,2025/9/5,築地等都市基盤対策特別委員会,理事者
,令和7年 築地等都市基盤対策特別委員会(9月5日),小栗委員,小栗智恵子,事業が途中で止まってしまって、例えばタワーマンションなどで権利変換で入る予定だったところが途中で頓挫してしまったとか、そういうふうになったら大変なので、それはそれでちゃんとした対策は必要なのかもしれないですけれども、今、そういうやり方でどんどん超高層とかを建てていくこと自体が大変リスクのある問題になっているということで、そういう計画全体を見直していく必要があるのではないかということを申し述べて、私の質問を終わります。ありがとうございました。,,2025/9/5,築地等都市基盤対策特別委員会,議員
,令和7年 築地等都市基盤対策特別委員会(9月5日),黒原委員,黒原裕司,"参政党の黒原です。よろしくお願いいたします。私からも、資料２、要望書に対するイメージというところについて質問させていただければと思います。

今回の資料の右下の２ページというところで、歩行者ネットワークのイメージをお示しいただきまして、るる前委員の質疑の中で様々触れられておりましたので、関連する形にはなりますけれども、今回、こうした地上ネットワークがこのようにつながっていく必要があるのだということを改めてお示しいただき、区内の計画の中でも、ＫＫ線の在り方ですとか、築地川アメニティ、新橋のほうも含めて、そうしたところから人を引っ張ってくるんだといったことが図示されたのかなと思います。

その中で、今回、歩行者デッキを造っていくところで、先ほどまさにお話のあった公園のようにしていくんだというところも含めて、鳥瞰イメージでいいますと、まさに築地川アメニティのところはかなりしっかりとつくり込みをされ、一方で、そうではない新橋側といいますか、そうしたところはイメージ図の中ではあまり触れられていないと言うと言い方は悪いですけれども、緑の充実といった点も含めまして、さほど違いはないのかなというふうに私は感じました。

そうした中で、そもそもの築地の再開発の中でも緑を充実させていくというところも含めて、今回、そこに入っていく動線もしっかり整備するんだと。事業者の方々にそこの部分もしっかり見てほしいということも言われる中で、そういう複数の動線全部に、例えば、私たちも緑を充実させてほしいという思いはありますので、そういった要素をもっと付与していってもいいのかなと思っております。今回のイメージでは、そこまで示されていなかったところですけれども、この点、どのように区として考えられているのか。つまり、歩行者の動線のところは絶対要るというところがある中で、どの範囲までこういう緑の充実、歩行者空間をつくる、まちづくり協議会の中でもありました暑くて歩けないよというような話も含めて、動線それぞれを充実させていくというところをどこまでやろうと思っているのか、そのあたりのお考えを、今回、イメージとしては築地川アメニティというところが中心かと思いますが、現時点のお考えをお聞かせいただければと思います。お願いいたします。",,2025/9/5,築地等都市基盤対策特別委員会,議員
,令和7年 築地等都市基盤対策特別委員会(9月5日),吉田副区長,黒原裕司,"先ほどから答弁でも申し上げたと思うんですが、例えば新大橋を渡っているデッキについても、基本的には、私どもの社教会館がありますところのデッキについては、かなり具体的に描いておりますが、がんセンター、それから朝日新聞、それから朝日新聞の奥のほうに渡しているデッキについては、一応そこにデッキが入りますよということは、実は我々は相談しています。了解も得ています。それが必要だろうということは、相手の事業者としても了解されています。

ただ、そのときに、その部分にどういう昇降施設を設けるかというようなことは相手側の計画によるわけでございまして、その中で、どの程度のレベルのデッキにしていくか、そこの中での、例えば実際に表層をどういうふうにして、植栽などをどうするかというようなものについては、実はこれからでございます。今、その部分については、むしろ今後、ある意味で事業者と御相談させていただきながら、端的に言えばがんセンターであり、朝日新聞であり、そういうところの増築計画なり増設計画なりと調整をさせていただきながら、植栽等のありようについても御相談をさせていただいて協議をさせていただこうというふうに思っています。",,2025/9/5,築地等都市基盤対策特別委員会,理事者
,令和7年 築地等都市基盤対策特別委員会(9月5日),黒原委員,黒原裕司,"御答弁ありがとうございました。

現状での要望書ということで、これから協議のためにということでお示しいただいたということは理解しております。その中で、これは私の個人的な願望もあった話でありますけれども、まさに先ほど来ありました緑を充実させるといったような観点も、一帯の再開発の中で、それが築地再開発の場所につながっていくんだというところを示していくというのが、例えば道のありようで、こういう緑のこういう道は最終的には築地再開発の跡地につながるんだみたいな話とかが見た目で分かる。例えば、築地川アメニティはそういった形のイメージをされているわけですけれども、そうしたところが複数路線というか、複数の歩行者空間を整備するという中で、少なくとも新線ができるまでは必要だろうと思われている中で、ぜひそうしたところも併せて、事業者にお金を使ってもらえば、なおのこといいのかと思いますが、そういった整備と一緒につなげていただくことがいいのではないかと思っておりますので、質問をさせていただきました。

歩く環境を広げていくということ、実際に歩いてもらうためにも、そういった場所を造るというところをぜひより深めていっていただきたい。改めてこのイメージ図を見ましたけれども、やはりスタジアムの存在感が非常にあって、個人的にはもったいない使い方をしているというふうにも思っております。そうであれば、このまちは広がりのところで緑の部分ができるというようなところをぜひ御検討いただければと思っております。ありがとうございます。

そして、これもまち協の中でも少し質問にもあったかと思います。先ほどの御答弁の中でもありましたが、今回、事業者の出していた基本計画が物足りない状況であると。率直に言ってしまえば、事業者が決まったときから進んでいないというのが状況であって、その中で、東京都も承知しながら、まだこのぐらいの状況感であり、先ほどの吉田副区長の御答弁からすれば、切迫感ももしかしたらないのかなというような感じもしました。そうした中で、まさに期限を切って迫ってはどうかというようなお話がまち協の中でも御質問であったわけですけれども、そのあたりのところを今後進めていく中で、今やらなければいけないことをいつまでに詰めていかなければいけないのか、進展のないところを切迫感を、特に東京都に持ってもらわなければいけないのかなと思うんですけれども、そのあたりのお考えをお示しできるところがあれば教えてください。お願いいたします。",,2025/9/5,築地等都市基盤対策特別委員会,議員
,令和7年 築地等都市基盤対策特別委員会(9月5日),吉田副区長,黒原裕司,"例えば、第１期分のエリアの工事は一応2032年というような、沿道の事業者に説明しているわけですが、正直言うと、今の時点でほぼぎりぎりいっぱいというか、絶対無理だなみたいな感じもあるぐらいで、実態的に第１期分の工事だけでも四、五年かかるだろうと思っていますから、実態的には、全体的な計画の取りまとめをこの２年の間にきっちりやらないといけないと思います。実際は、これから結構前途遼遠なんです。今、お話がございましたように、緑という問題もございますけれども、同時に、例えば歩行者空間にしても、実態的には８メートル上がれと言っているんですから。そうすると、階段自体だって、イメージ図ですから簡単に階段と分かるように書いてありますけれども、そこのところに、実は踊り場を造るのかとか、エスカレーターはどう使うんだとか、それからバリアフリーはどういうふうに処置するのだとか、そういったことが、ある種、トータルの計画として組み入れられていかなければいけない。

それから、先ほどの田中委員の御質問で、本当に我々も、そういう意味で別に触れますのは、完成したときの交通も確かに大変でございますが、工事期間中の交通をどうするんだと。建築資材等については、川を使えというような話をしつこくしておりますが、そういうような課題も含めて、工事期間中から完成後まで含めたスケジュールと計画の骨格、その部分を、やはりここ一、二年の間にきちんと決めないといかんだろうというふうに思っています。その部分だけが我々の基本的なスケジュールだと。

いずれにしても、いつまでもあそこを空き地で置くつもりはないので、こういうふうになりますよと胸を張って言えるような状況を早急につくっていきたい、そういうふうに思います。",,2025/9/5,築地等都市基盤対策特別委員会,理事者
,令和7年 築地等都市基盤対策特別委員会(9月5日),礒野委員長,磯野忠,議題（１）都心再生のまちづくり及び基盤整備等に関すること並びに築地市場跡地における「築地地区まちづくり事業」に関することについては、継続審査ということでよろしいでしょうか。,,2025/9/5,築地等都市基盤対策特別委員会,議長/委員長
,令和7年 築地等都市基盤対策特別委員会(9月5日),礒野委員長,磯野忠,"さよう取り扱わせていただきます。

議題（２）の請願第５号、「浴恩園」の再生と、築地市場跡地再開発の見直しを求める請願の審査についてですが、御質問のある方はいらっしゃいますか。

継続審査ということでよろしいでしょうか。",,2025/9/5,築地等都市基盤対策特別委員会,議長/委員長
,令和7年 築地等都市基盤対策特別委員会(9月5日),礒野委員長,磯野忠,"さよう取り扱わせていただきます。

第三回区議会定例会における委員長報告の取扱いについては、正副委員長一任ということでよろしいでしょうか。",,2025/9/5,築地等都市基盤対策特別委員会,議長/委員長
,令和7年 築地等都市基盤対策特別委員会(9月5日),礒野委員長,磯野忠,"さよう取り扱わせていただきます。

長時間ありがとうございました。

以上をもちまして築地等都市基盤対策特別委員会を終了いたします。

ありがとうございました。

（午後３時52分 閉会）",,2025/9/5,築地等都市基盤対策特別委員会,議長/委員長
,令和7年 防災等安全対策特別委員会(9月8日),太田委員長,太田太,"それでは、ただいまより防災等安全対策特別委員会を開会いたします。よろしくお願いいたします。

本日、堀田委員は欠席いたします。

また、理事者報告の関係で総務部副参事（防災計画等・特命担当）が出席しますので、併せて御了承願います。

過日の行政視察の実施に当たりましては、所期の目的を果たすことができたと思いますので、今後の施策の参考になればと考えております。なお、内容につきましては、第三回定例会での委員長報告で報告させていただきたいと存じます。

議題の審査に入りますが、質疑につきましては、既に御承知のとおり、理事者報告に対する質疑と併せて行いますので、よろしくお願いいたします。

それでは、理事者報告をお願いいたします。",,2025/9/8,防災等安全対策特別委員会,議長/委員長
,令和7年 防災等安全対策特別委員会(9月8日),太田委員長,太田太,"発言の持ち時間制につきましては、既に御承知のとおりですので、よろしくお願いいたします。ただいまの時刻は午後１時35分です。自由民主党71分、かがやき中央37分、立憲民主党・無所属37分、公明党37分、無会派10分となります。

それでは、質疑に入ります。

発言を願います。",,2025/9/8,防災等安全対策特別委員会,議長/委員長
,令和7年 防災等安全対策特別委員会(9月8日),木村委員,木村克一,"それでは、私から質問をさせていただきます。

まず、資料１に関して、陸上自衛隊による災害対処訓練への支援についてです。

中央区内の狭い敷地内で、ああいう大きなヘリコプターがどこへ着くことができるのかというと、いろいろな問題があって難しい中、今回、月島運動場が使えるという形になって、この訓練が行われました。最初、私たちにも議員送付されていて、見学ができるかなと思っていたんですけれども、その後、天候等々の問題もありまして、議員の方々の参加は御遠慮くださいみたいな形になって、直接見ることができなかったというのはすごく残念だったと思います。

また、先日、新潟県中越地震のときの３匹の子犬と親犬の物語をＢＳテレビでやっていました。それこそ今からもう二十数年たっているということですが、山古志村で災害が起こったときに、やはり木造家屋が多くて、家屋倒壊に伴って孫とおじいちゃまが家屋の下敷きになっていたというような実写報告というか、実体験に基づいたドラマということで、約２時間番組でやっていたのを大変興味深く見せてもらいました。捨て犬が家で飼われるようになって、その犬が子供を３匹産んでというようなドラマだったんですが、地震で家屋が倒壊して、おじいちゃまと孫が家の中に閉じ込められたときに、飼い犬が一生懸命その２人を助けるために活動していたというようなドラマで、すごく胸を打たれるような感動がございました。特に、そのときに思ったのは、自衛隊のヘリコプターが山古志村のほうへ飛んできて、現地で道路が遮断されていることによって、陸上からの救出は難しいということで、ヘリコプターを使っての救助ということが、そのドラマで行われていたわけです。そのときに、山古志村では闘牛も有名だし、ニシキゴイも有名だし、当然、そのほかにもいろいろ有名なものがあるんだけれども、まずは人命救助が第一だということで、飼っている動物よりも、まず人命救助ということで、そのおじいちゃまとお孫さんが助けられたというドラマだったんです。普通では探していてもなかなか見つからないところを、飼い犬が自分の飼い主のために自衛隊員を引っ張ってきて自分の家に行って、そこから救助されたという、まさに感動的な映画で、つい最近行われたドラマで、私も印象深く残っています。その際に、この自衛隊のヘリコプターを大いに活用して、道路が遮断された場所にも行って、そこから人命の救助のために人員が動いて救助していくというような形になっていったものだと思います。

特に、23区中２番目に面積の小さい本区としては、ヘリコプターの有効活用というのはなかなか難しいかもしれませんが、その点について、まず、本区の防災に対するお考えを聞かせていただきたいと思います。",,2025/9/8,防災等安全対策特別委員会,議員
,令和7年 防災等安全対策特別委員会(9月8日),石丸副参事（防災計画等・特命担当）,木村克一,"ヘリコプターの防災上の運用ということでの御質問であります。

ヘリコプターの離着陸場につきましては、東京都の地域防災計画に規定されておりまして、本区におきましては月島運動場が、医療機関近接ヘリコプター緊急離着陸場に選定されてございます。そこで、自衛隊側が今まで着陸した経験がないというところから、実効性を向上するという目的で訓練をしたいという申出があって、訓練が実施されたわけであります。

本区の地域防災計画上、東京都が指定している月島運動場、このヘリコプターを中心に防災上の運用を考えてございます。ただ、ヘリコプターというのは、基本的に、東京都が警察、消防、自衛隊のヘリコプターを総合的に運用するというところから、我々としては、中央区内の医療機関で、例えば区内で治療が難しい重症患者を他区の病院に運ぶとか、そういう場合にヘリコプターを要請して、東京都がそれを決定してヘリコプターが運用されるというところで認識をしてございます。また、患者輸送だけではなくて、緊急の物資などもあると思うんですけれども、ヘリコプターですから、なかなかたくさんの量は運べませんので、本当に緊急で重要な人命に関わるようなものをヘリコプターで輸送すると。それを東京都として全体として考えた上で、支援をしていただけるといったような運用になるというふうに考えてございます。要するに、本区としてヘリコプターを自由に運用するというよりも、要請をしてお願いをして、東京都全体の優先順位を考えた上で使わせていただける、そういった認識でございます。

以上です。",,2025/9/8,防災等安全対策特別委員会,理事者
,令和7年 防災等安全対策特別委員会(9月8日),木村委員,木村克一,"御答弁ありがとうございます。

先ほども言いましたように、本区にはこういうヘリコプターが離着陸できるスペースがなかなかない中で、月島運動場ぐらい、あるいは浜町グラウンドもという案もあったとは思うんだけれども、近隣に大きなビルもあるし、なかなか難しいということで、こういう形になったと思うんです。ドクターヘリというような形でドラマもありますけれども、ぜひ、その中でも緊急性に配慮した形で、そのような活用ができるスペースとして活用していただければと思いますので、よろしくお願いいたします。

また、防災等安全対策特別委員会におきまして、７月、視察という形で皆さんと一緒に石川県七尾市、そして金沢市を視察させていただきました。特に、昨年の１月１日に石川県で大震災が起こって、あれから既に１年半ぐらいたっている状態で、その現状を私たちみんなで視察させていただいたということは大変有意義な視察ができたのかなというふうに感じています。

特に、七尾市に関しては、どちらかというと、まちの商店街等々、古い木造家屋があって、そこも視察させていただいて、現地の商店街の会長さんが私たち全員を引率して視察をさせてくれたということは、本当に身近な場所の方々の生の声を私たちに聞かせてくれたということで、大変有意義な視察ができたのかなと思います。また、そこには商店街があったんだけれども、現状１年半たっている状態でも、なかなか復興ができていない。というのは、倒れかけの家屋もあったりして、更地になっているところもあるのだけれども、一括して復活に向けた取組がなかなかできないという現状も実際見てきたというところでは、かなり有意義な視察だったのかなと。

２日目に関しては、そこから電車に乗って金沢市役所へ行って、現状のお話を聞かせてもらいました。どちらかというと、石川県金沢市役所近辺は都心のど真ん中というか、石川県の駅からすぐのところで、近江町市場も近い、兼六園も近い、金沢城も近い、そういうところに市庁舎があってということで、お話を聞かせていただいたんですが、金沢市のまち自体は、被害がそれほど大きくなかったということだったので、特に日本海側の地域の市等々に向けて、本部としてそこを活用するような形になってから、いろいろな手配がそっちからできたという中継点という形で、大変有意義だったという報告を受けたことに関しても、大変いい視察ができたのかなと思います。

その後、太田委員長をはじめ、海老原幹事長、私、自民党会派の３人は１日延泊をして、特に輪島市と珠洲市、ちょうど石川県の先端にある２つの市を個人視察させていただいたんです。そこには電車はもう既に、私たちが泊まった七尾市の１駅先が和倉温泉になっているんですが、通常のルートでもそこまでしかＪＲが行っていない。七尾市は、その和倉温泉の１個手前のところだったということで、ＪＲが運行しているので、本委員会の視察もそこでさせていただいたということがあったんですが、そこまで行くにも、ほとんど電車がない状態なので、金沢市で解散後、レンタカーを借りて延々、日本海側の海岸沿いを通って、輪島市、珠洲市を視察させていただいたということは、大変有意義だったと思います。

特に私は、何年か前に、まだ石川県でああいう大震災が起こる前、通常の生活を行っているときに、１回、金沢市を視察させていただいた後、個人視察で石川県のまちを回ってきた形で見ていますので、平常時の段階の石川県の輪島、珠洲の状態、それから今回災害が起こった後の輪島、珠洲の状態という、その差があまりにも激しいというか、ひどい状態になっている。当然、私が以前行ったときは、輪島の朝市なども、普通の商店街の前にそれぞれの方々が簡単なテントを張り出しながら、自分が収穫されたものを販売していたというので、輪島の朝市もかなり盛況だった。そこが一切何もなくて、木造家屋に関しては、まだ倒れたまま、あるいは火災が起きているものですから、ほとんどが更地、それから輪島市の本当に歩いて数分のところには大きな輪島の名物になっているキリコという、要は大きな山車みたいなものを展示しているキリコ会館というところもあるんですが、そこも完全封鎖。中はガラスが割れていて入ることができない状態でした。本来であれば、伝統文化であるキリコというすばらしいものが、多くの方々の観光名所として、あそこへ来て、そういうものも見ていただけるところだったんですが、キリコ会館も閉鎖。その前に関しては、すごい数の仮設住宅が建ち並んでいたというようなこともありました。

特に、そういうことも踏まえながら、いかに仮設住宅を素早く造って、そこに住んでいた方々の生活をまず維持していくのが大事かということも考えたんですけれども、まずは、その点、本区の考え方についてお聞きしたいと思います。よろしくお願いします。",,2025/9/8,防災等安全対策特別委員会,議員
,令和7年 防災等安全対策特別委員会(9月8日),菅沼防災危機管理課長（参事）,木村克一,"今、るる御紹介いただいた視察に関しましては、私も同行させていただいて、本当に勉強になりました。特に、今御質問のあった、本区のいざ首都直下地震を想定しながらという防災対策と、昨年の元日に起きた能登半島地震をきちんと照らし合わせてという視点を持って、私も視察に同行させていただいたところでございます。

そういう意味でいうと、大地震とか大規模災害が発災したときに、これは七尾市でも金沢市でも同様のことが言えたんですけれども、まず何より職員の初動体制をいかに人員として確保するかという話、そして発災の時期、季節であったり、発災の時間帯によって、そこの初動対応の遅れだったり、情報発信が遅れるという部分は、委員に紹介していただいた視察の中でも改めて本当に大事だと認識したところでございます。

とりわけ、七尾市では、まず何を優先したかという点でキーワードが出てきたのは、避難所生活、避難所の運営を優先したといったところが挙げられていました。とりわけ、避難所の運営優先にあっては、地元の人同士のつながりの輪がすごく大きい。あわせて、ボランティアの力が本当に重要だったということを生の声で聞けました。我々も、本区中央区にあっては、これも常々日頃からの顔の見える関係ということを言っていますけれども、事防災に限らず、学校、教育現場であったり、あるいは日常の地域イベントあるいはお祭り、そういったところでのコミュニティの醸成とか、人々のつながりが、いざ災害時に役に立つということを、我々は防災対策上、本当に共助の力として、変えていく力として、そこをつくっていかなければいけないのが防災部局の務めであるということも認識したところでございます。

その後、出てきたのが、発災直後、１日目、２日目、３日目という時間経過の中でキーワードとして上がったのは対口支援、カウンターパートで、一自治体に対して派遣側となる自治体、都道府県を決めて、集中的に、そこの人であり、物の応援をするという話が聞けました。そのときに、我々もきちんといま一度点検しなければいけないのは、受入れをする体制、とりわけ被災地では何が困難か、輪島市と珠洲市は本当にそのとおりのことになってしまったのは、受け入れたくても受入れの宿泊施設が足りないという話がございましたので、我々も、そういったところに注意を向けながら、点検をしていかなければいけない、かように感じたところでございます。

いずれにしましても、やはり大規模災害という部分についての初動あるいは受援体制を含めまして、点検をより一層強めていかなければいけないというふうに認識しているところでございます。

以上でございます。",,2025/9/8,防災等安全対策特別委員会,理事者
,令和7年 防災等安全対策特別委員会(9月8日),木村委員,木村克一,"ありがとうございます。

まず、石川県の地震が起こったときは１月１日ということもあったので、通常の、当然、会社も行政も市役所も皆さんがお休みになっているから、そこには誰もいなかった。みんな各自御自宅にいて、ゆっくりした正月を過ごしていて、夕方近くにあのような地震が起きたということだったものですから、初動が大変難しかったのかなと。これが通常の平日であれば、皆さん、市役所等々にもいらっしゃって、そこからの体制が取れて、それぞれ指示が出せる状態だったのかもしれないけれども、なかなか難しいという日にち柄の問題もあったのではないか。また、先ほど防災危機管理課長からもお話ししていただきましたけれども、そこに住んでいる方々が、ふだんからの住民のつながり、あるいはボランティアで来ていただいた方々と住民との連携がいかに大事かということを、視察したときに感じたということもありました。

また、特に委員会視察の最後に、太田委員長から防災危機管理課長のほうに質問を振られて、防災危機管理課長も金沢市の方に質問をしていただいたんだけれども、今回は１月１日ということもあったんですが、東日本大震災があったときも、都心では駅構内に誰も入れない状態で封鎖をしてしまったことによって、帰宅困難者が増えてしまった。私たちが東日本大震災を経験したとき、３月だから予算特別委員会の最中で、ちょうど休憩時間で、それぞれの会派がみんな控室に戻っていて、３時前の休憩後、また予算特別委員会が始まるという休憩のときに、あの大地震がありました。最初は私も自民党の控室にて、予算委員会のメンバーではなかったので、傍聴していたものですから、あっ、地震だというのがこの庁舎でも分かった。そのうち、だんだん揺れが出てきて、これは大きいぞと。控室のテレビ等々も動き出したというので、テレビを押さえた人間もいて、そのとき人間の行動というのは、本当になってみると分かるんだけれども、リモコンのスイッチを持ったまま全然動かないでいる人間もいれば、瞬時の行動はなかなか取れないということも経験した一つだと思います。そのときに思ったのは、東日本大震災は金曜日だったのですが、本来、うちの防災課のほうも、ＢＣＰの考え方で、働いている職員の方々のほうにも、皆さん、そのまま職員の方を帰宅させないで、まず会社で待機してくださいとすべきだった。現在は、そのために中央区も助成しますから、社内の防災備蓄も用意しながら、来客のお客様の分まで対応してくださいよというような形でやっていただいたということに関しても、うちの区は大変進歩した形で対策を取ってきているのではないかと思います。

そのようなことも含めて、企業に対する防災対策並びに帰宅困難者に対するうちの防災対策についても、いま一度確認のために質問させていただきます。",,2025/9/8,防災等安全対策特別委員会,議員
,令和7年 防災等安全対策特別委員会(9月8日),菅沼防災危機管理課長（参事）,木村克一,"いま一度というところで、本区が重きを置いている部分は、何といっても本区の居住形態、94.2％という高いマンション居住率の中でのマンション防災対策は、何より区民の財産、生命を守り抜くという部分の対策をきちんと打っていかなければいけない、強めていかなければいけないというのが１つ目でございます。

それから、委員に例示を挙げていただきました３万3,000を超える事業所が集積しているという、本区にとって、にぎわい、経済活動の根源をなす日中の顔としての本区の顔の部分に対する事業所防災対策は本当に意識していかなければいけない。有事のときに、あなたはどこに住んでいるのかとか、あなたはどこに勤めているのかということは、基本、線引きはなくなります。そこに働いている人が共助の力となっていくというところも、容易に災害の場面では想像できますので、そこのネットワークも重要な話ですし、委員に御紹介いただいた事業所ごとが強くなっていくというところも、本当に我々は日頃からの普及啓発を含めて、やっているところでございます。

また、事業所防災対策という観点でいうと、金沢の例示でも挙げていただいた帰宅困難者対策、我々11路線27駅を有する区にとって、基本、やはり日中電車が動いているときには必ず帰宅困難者が発生します。帰宅困難者が発生しないのは、電車が止まってから電車が動き出すまでの時間帯であるならばというところはありますけれども、基本、絶対帰宅困難者は発生します。そういう意味でも、やはり鉄道事業者、そして近隣の事業所の役目を含めまして、いかに混乱を抑えるかというところとか、あるいはどうしても行き場のない帰宅困難者の方の受入れをいかにスムーズに展開していくかというところは、待ったなしの対応だと思ってございます。

最後、３点目の部分につきましては、防災拠点運営委員会と連携、連動しながら、一つ一つの拠点をいかに機能させるかというところが本当に重要でございます。今、９月の第１週目、第２週目に入りましたけれども、これから10月、11月と、各拠点、22委員会で持っている各拠点で、それぞれ年に一遍の防災拠点訓練のシーズンに入ってきます。そこでは多くの区民の方と、そして拠点の委員メンバーの人と協働しながら、一つ一つの初動対応の訓練確認がやはり重要ですし、そういう意味では、顔の見える関係もそこでつくっていっていただきたいというところで、我々職員総出で、この10、11月を乗り切っていきたい、きちんと乗り切っていきたいというのは支援していきたいというふうに考えているところでございます。

そこの部分の３つの取組、３つの防災対策を主にしながら、我々区独自の防災対応、防災対策も織り交ぜながら、区の地域特性に沿った形で防災対策をさらに強化していきたい、そのように考えているところでございます。

以上です。",,2025/9/8,防災等安全対策特別委員会,理事者
,令和7年 防災等安全対策特別委員会(9月8日),木村委員,木村克一,"大変前向きな御答弁をいただいて、ありがとうございます。

特に、私たちが住んでいる、生活をしている中央区というのは、日中人口と夜間人口の差があまりにも大き過ぎる。日中人口に関しても、約65万から70万人ぐらいの方々がこの中央区で活動されている。夜間に関しては、人口が一時は７万人を切るところまで落ち込んだんだけれども、今、それが18万人に増えてきている。倍以上、３倍近くになってきているというような状況で、この差というのはかなり大きいのかなと。そのために、皆さんが苦労しながら、日頃の防災拠点や防災訓練等々を行って、指導していただいているんだなということも考えています。

特に、この間の輪島、珠洲で感じていたのは、先ほど防災危機管理課長もお話しになった他の都道府県から皆さんに応援に来ていただいていて、私も珠洲に行ったときには、佐賀県から来ていますよと。車で丸々１日以上かけてここまでたどり着いたんですというような方もいらっしゃったり、いろいろなところから応援に来ていただいている。こういう職員の方々の受入れ体制をうまくつくっていかなくてはいけないのだなと。そこが難しいところだと思います。特に、そこら辺は、中央区の16小学校、４中学校、プラス３の京華スクエア等々を入れた形で、ボランティアで来てくださった方々を中央区がいかにうまくそこに配分していくのか。うまくいくか、いかないか、そこによって災害の度合いが大分違ってくると思うので、そこら辺は要注意をしながら、今後の防災拠点委員会にも取り組んでいただきたいと思います。

特に、今回の防災拠点に関しましては、全ての拠点に大きなポスターが貼り出されたというので、小学校にもポスター、ここは防災拠点ですよと。お住まいの方々に対する避難場所ですというようなものが、１防災拠点ずつ３枚貼っていただいたのかな。貼っていただいたことに関しても、分かりやすくて感謝しなくてはいけない。最初に貼ったときには、私は防災拠点運営委員会でクレームを出したんだけれども、ここではなくて、こっちのほうがいい場所なのでというのを、その拠点で避難生活をしようとしている地元の方々と相談をしながら、それでは、どこに貼り出そうかというのも、本来であれば相談して、こことこことここだったら見やすくていいよねというような形の一言があってもよかったのかなと。それが、まちに住んでいる方々と防災の担当の方々とのコミュニケーションも取れるし、災害が起こったときに、ここはお住まいの方々の場所なので、帰宅困難者の方々は東京都が運営しているとか、区が運営している一時滞在施設のほうへ避難してくださいというような誘導をしていく形になれば、スムーズにそういう方々の混乱も避けられるのかなというふうに感じています。

特に言いたかったのは、昨日行われた中央区の総合防災訓練に関しては、本来であれば、昨年、月島地域で行われる形だったのが、昨年は延期になってしまって、今年久々に行われたということで、この訓練に関して特に目立ったのは、親子連れの方々が増えていた。月島地域は特にそうだと思うんだけれども、住民の方々、親子連れというか、子育て世代の方々も含めて移り住んできている地域で、大変大盛況だった。小さいときから、万が一災害が起こったときにどうするんだという親子での経験を積んでいくことによって、子供たちもこれから小学校や幼稚園、中学校に上がったときには、また違った形の防災訓練を受けてくるとは思うんだけれども、まず小さいときに受ける、災害が起こったときにはどうしよう、このときにはお父さんがいないかもしれない。そういうときに関しても、第一次初動が大切だと思います。

特に、総合防災訓練について、昨年はなかったので、２年ぶりに行われた訓練の実施について、当然、昨日のことなので、データ的にはなかなか出ていないというのは十分承知の上で、総括的なもので感じたことをまず教えていただければと思います。",,2025/9/8,防災等安全対策特別委員会,議員
,令和7年 防災等安全対策特別委員会(9月8日),石丸副参事（防災計画等・特命担当）,木村克一,"総合防災訓練に関する所感ということでの質問でございます。

今回の総合防災訓練につきましては、委員の御指摘のとおり、多世代型というか、お子様に来ていただいて、そのお父さんに来ていただく。また、年を取った方もそうですし、多世代の方にできるだけ来ていただいて、防災について理解をしていただくというところが大きな一つの目的と、もう一つは警察、消防、自衛隊がいかに連携するか、そこをよく確認する。そこをまた区民に見ていただいて御安心いただく、こういった大きな２つの目的で実施をいたしました。

特に、お子さんのという御指摘がありましたけれども、今回は例年に比して、少し広い区域を使えましたので、警察、消防、自衛隊の連携訓練についても、ある程度車両を動かしながら、動的なというか、そういった訓練をお見せできたのかなと。あわせて、警察、消防、自衛隊の特殊な車両を展示して、お子様方がそういったものを見て喜ばれる。そういったところを考えたんですけれども、そこはよく皆様に楽しんでいただけたと。また、体験型のものも準備をしまして、例えば綱渡り体験といって、自衛隊とかにやってもらいながら、お子さんたちに喜んでいただいた。また、ミニ消防車に乗っていただいて、お子さんたちが喜んだ。また、災害時入浴体験ということで、夏で暑いので、お水でしたけれども、足湯体験をして、そういったところでお子さんに来ていただいたところでございます。

そういったことで、非常に多くの方々に来ていただいて、非常に楽しんでおられたというところで、非常に成果があったのではないかというふうに感じているところでございます。

以上です。",,2025/9/8,防災等安全対策特別委員会,理事者
,令和7年 防災等安全対策特別委員会(9月8日),木村委員,木村克一,"今回、晴海が会場になっている総合防災訓練というのは、今、副参事にもお話ししていただいたように、かなり広いスペースだったので、いろいろな展示もできて、ゆったりと見ることができたのかなと。特に、コの字型になっているので、ぐるっと会場を回りながら、いろいろなブースでいろいろなものが体験できて、やるということに関しては、すごく有意義だったと思います。特に、今、多世代型ということで、私は特に親子連れの話をしたんだけれども、高齢者の方々にとっても、やはりこういう訓練にも来ていただけることによって、日頃からのことを考えていただけるということも重要ではないかなと思いました。特にまた、子供たちにとって一番楽しいのは、行って楽しくて学べることということだと思うので、さっき課長におっしゃっていただいた体験型、体験することによって、それを身近な関係で覚えていくということも重要なのではないかと思います。

特に、その中で、私も3.11のときに、2011年の３月の３か月後の６月に石巻に視察させていただいたんだけれども、そのときに被災地の方が一番困っていたのは、当然、３月ということもあったので、石巻市は寒い雪の中というような状態でした。その中で、やはり自衛隊が作ってくれたお風呂が有意義に活用されているんだということで、今回、展示スペースとしては、暑いさなかだったので、水の足湯という形なんだけれども、そういうことも子供たちが経験することによって、万が一災害が起こったときには、自分たちでつくることはできないけれども、自衛隊が協力してくれて、それぞれの地域のところにこういう形でお風呂をつくってくれるような形にもなれるということも、そういう意味では一番重要だったのかなというふうに思います。

特に、そのようなことも踏まえて、１年、昨年はできなかったんだけれども、ある程度スペースが大きくて、いろんな経験ができるような形を、日本橋、京橋、月島で毎年１年ごと、順繰りに回っているんだけれども、そのようなスペースも考えながら、多くの経験ができるようなことを要望して、質問を終わらせていただきます。ありがとうございました。",,2025/9/8,防災等安全対策特別委員会,議員
,令和7年 防災等安全対策特別委員会(9月8日),青木委員,青木かの,"よろしくお願いいたします。

昨日、総合防災訓練がありました。前委員と重なる部分もありますが、違う視点から、そして、それら別のことも含めまして、内容的にはヘリの訓練、２番目に総合防災訓練、それから３番目に、これは定期的に私も１年に一度は必ず委員会等で質問しておりますが、豪雨あるいは雨による被害ということで内水氾濫について、そして最後に防災士について、この４点お聞きしてまいります。

まずは、自衛隊による訓練、本当に間近に目の前で見られるということで、ただし、議員は見てはいけなかったです。私は動画で見ることができました。動画で見ていても、すごく迫力がありまして、すごくスピーディなんです。離着陸といっても、地面に着陸するわけではなくて、ホバリングというんですか、１メートルぐらいのところで止まって、あっという間に３人の隊員の方が降りて、そして活動なさるということで、ヘリコプターのほうはそのまま戻っていくということを見ることができました。御報告いただいた中で、４、区として得られた知見の②ですが、自衛隊の災害派遣部隊の受入れ及び活動態勢について適時情報共有を図ることにより、災害時における自衛隊との連携体制を確認ということを読みまして、やはり直接の権利は東京都のほうにありますので、そこが知りたかったんですが、前委員に対するお答えの中で、やはり最初は都のほうに要請を出し、そして区に連絡が来る。このようなオペレーションができているということをお聞きいたしまして、納得いたしました。確認させていただきました。

それから、昨日行われました総合防災訓練、晴海二丁目は場所も広いし、いわゆる新住民の方もいらっしゃる。親子連れ、お子さん連れの方がたくさんいらっしゃったということが第一の印象です。まさに、今、お答えの中にありましたが、総合防災訓練については、私たちは会派で分散して、メインの会場だけではなく、いろいろな会場で、小さい会場でも行われているので、会派で分散して訪れたりもしております。私は今回はメイン会場に行きましたので、物資水上輸送訓練と人員水上輸送訓練、それから医療救護所訓練の３つについて特に報告をいただければと思います。正式な報告は、また一、二か月後ということになると思いますが、今の時点でこの３つについてお聞きしたいと思います。

すみません。１個忘れていました。この総合防災訓練なんですけれども、私も毎年参加していますが、昨日初めて気づいたことがあって、９時に防災スピーカーが鳴るんですよね。４秒鳴って２秒休んで、４秒鳴って２秒休む。これは今日やりますよというお知らせなのか。というのは、私はそのときに清澄通りの某スーパーの前にいたんですけれども、近いので、すごい音が聞こえるんです。みんなで、何だろう、何だろうとおっしゃったので、これに何か特別な意味があるとすれば、皆さん、知っておいたほうがいいと思いますので、すみません。これを最初にお聞きします。９時の防災スピーカーについて、その後、その他の会場についての報告をお願いいたします。",,2025/9/8,防災等安全対策特別委員会,議員
,令和7年 防災等安全対策特別委員会(9月8日),石丸副参事（防災計画等・特命担当）,青木かの,"まず、防災行政無線のスピーカーの件ですけれども、これは総合防災訓練を実施するというところで、スピーカーを鳴らしたというところでございます。

２点目のメイン会場、あと物資水上輸送訓練についてでございます。

メイン会場につきましては、先ほどと重なるところはあるんですけれども、多世代型の体験コーナーや展示を行って、たくさんの方々に理解をしていただくという目的は達成できたのかなというふうに思ってございます。また、水上物資輸送訓練でございますけれども、これは、当初、浜町の船着場から晴海の船着場まで物資を輸送しまして、その物資を陸に揚げた後、その陸に揚げたものを、東京トラック協会が協定を結んでいる業者ですけれども、に渡して、月島地域の防災拠点に陸上輸送するという訓練を実施したものであります。また、船については、物を下ろした後、人が待機しておりまして、人員輸送訓練ということで、臨港の消防少年団の方々を船に乗せて、月島、晴海を一周してきて人員輸送をしたところでございます。それぞれ、船に乗っている間もお子さんたちに防災講話をしながら、お子さんたちに防災についての認識を深めていただくというところもできたということと、あと東京公園協会、船を運営する会社ですけれども、実際に我々が要請して、それを運ぶ、そういった調整要領とかも含めて訓練ができたものと考えてございます。

私からは以上です。",,2025/9/8,防災等安全対策特別委員会,理事者
,令和7年 防災等安全対策特別委員会(9月8日),武藤生活衛生課長,青木かの,"医療救護訓練のほうは保健所で所管しておりますので、こちらでお答えをさせていただきます。

こちらにつきましては、医師会、聖路加国際病院、また歯科医師会、あと薬剤師会と連携をする訓練になっておりまして、負傷者のトリアージですとか、医療救護、また医薬品の処方などについて、作業手順の流れですとか、各機関の連携について確認を行ったものでございます。

以上でございます。",,2025/9/8,防災等安全対策特別委員会,理事者
,令和7年 防災等安全対策特別委員会(9月8日),早川防災危機管理室長,青木かの,"すみません。１点目の御質問、若干補足させていただきます。

防災行政無線による放送でございますが、これは総合防災訓練を月島地域で実施しますよということで、月島地域のみスピーカーから４秒鳴らし２秒休むというのを３回繰り返すということで、それをもって、本日訓練をしますよという号令のようなものでございます。あらかじめ区のホームページ、区のおしらせ等で周知のほうをさせていただいたところでございます。

以上でございます。",,2025/9/8,防災等安全対策特別委員会,理事者
,令和7年 防災等安全対策特別委員会(9月8日),青木委員,青木かの,"ありがとうございました。

防災スピーカーということで、今日はやりますと。昨日はお天気がよかったので、やることはもう分かっておりましたが、今日はやりますよということプラス、やはりその場で防災スピーカーの確認をする。確実に皆さんに聞こえているか。お部屋の中にいると聞こえないかもしれませんが、外にいれば、かなりはっきりと聞こえましたので、ある意味、そういう訓練になったのかなと思います。

それから、水上訓練です。輸送訓練のほうは、東京トラック協会とも災害協定を結んでいたと思います。陸に揚げた後に、トラック協会が陸上の輸送するという訓練だった。それから、人員輸送訓練です。これは臨港消防少年団の方に乗っていただいたということで、今日もお話に出ているように、やはり小さいときから実際に経験をしていただくということで、これは大変よかったと思います。子供たちなので、一旦別のところで降りると戻ってこなければいけないので、地図を見ますと、ちょうど月島地域、晴海、佃をぐるっと回って、晴海を回って、勝どきという形で戻ってくる。このコースも、とてもいいと思いました。ぜひ、これは子供たち、それから場合によってはシニアの皆さん、高齢者の皆さんに乗っていただいたりとか、やはりいろいろな方に乗っていただいて、乗って楽しむのではなく、これは災害時を想定した訓練ですので、いろいろな方に体験していただければと思います。

それから、最後に、医療救護所についてです。医療救護所のトリアージ訓練ということですが、今のお答えの中では、こういうことをやりましたということを確認しましたというお答えでした。医療救護所の運営において、現在、どのようなところに課題があると考えているかということ、それから、もう一つ、医師会、歯科医師会、薬剤師会、柔道整復師会、看護師会の連携の強化、先ほどから出ている顔の見える関係の構築、こちらは医療救護所でも必要になると思います。この点に絞って、もう一度お答えをいただければと思います。",,2025/9/8,防災等安全対策特別委員会,議員
,令和7年 防災等安全対策特別委員会(9月8日),菅沼防災危機管理課長（参事）,青木かの,"訓練というところで私のほうからお答えしますけれども、医療救護は、実態的には、今、委員御紹介のとおり、トリアージ、いわゆる救える命を優先的な選別をしながらというところが入り口になります。誠に申し訳ございませんけれども、本当に重度の受傷者で、どう手を施しても無理だということは、早く言うと後回しにするという救護活動が入り口になります。そういう意味でいうと、医療救護のトリアージの部分については、御案内のとおり、まず、聖路加国際病院がトリアージの災害拠点病院としての機能を有する。そこで、保健所の職員、そして聖路加のスタッフが病院１階の裏口の救急医療のところでトリアージのテントを張って、軽傷者は保健所、重傷、中等傷者につきましては、直ちに聖路加が受け入れるというオペレーションが確実にできるかというところが課題であり、点検箇所でありというところだと我々は認識してございます。

一方で、これは常日頃からというわけではないですけれども、きちんと都度都度、聖路加病院側と確認しているのは、自分たちの医療資源についても限りがある。限りある医療資源をいかに有効に使わなければいけないかという部分については、やはり必要な医療物資、感染症対策物資を点検しようではないかというところは、我々は様々な会議体を使って確認しているところでございます。

いずれにしましても、今般の総合防災訓練の中でやる訓練については、そういったところを前提に置きつつ、委員に紹介していただいた各医師会さんを含めての連携、関係者が一堂に会してという訓練を今般行っているところでございます。私はそこには行っていませんけれども、有意義な訓練が行われたというふうに伺っているところでございます。

以上です。",,2025/9/8,防災等安全対策特別委員会,理事者
,令和7年 防災等安全対策特別委員会(9月8日),青木委員,青木かの,"ありがとうございます。

総合防災訓練、総合ですので、メイン会場に多くの区民の方はお集まりになりますが、それ以外でも訓練は行われていますので、今のように、行けなかったところについて報告がいただけると助かりました、今の報告、どうもありがとうございました。

それでは、次に移ります。次は水害対策についてです。

私も、最初は水による災害、どこの自治体もそうだと思いますが、まず津波を前提として、私もいろいろな勉強をし、想定をし、そして取り組んできたという部分がありますが、本当にこの二、三年だと思います。いわゆるゲリラ豪雨ですとか、線状降水帯とか、新しい言葉がどんどん出てくるほど、異常気象というのは早くても10年単位ぐらいで変わっていくものですが、毎年毎年どんどん悪化ですよね。人間の生活、動物の生態系にとっては、悪化になりますが、それが進んでいるということで、まずは中央区としてどのような対策を取っているかということを毎年お聞きしているわけです。内水氾濫です。中央区で津波による被害はゼロに近いと私は考えておりますが、内水氾濫は都市災害と言われている。水を吸収する土の部分が少ない。多くがコンクリートで覆われているということで、内水氾濫が都市災害の一つとして、ここ数年注目されております。ちょうど先週の金曜日、予報で大雨になるということが出ておりまして、金曜日はずっと、区のちゅうおう安全・安心メールで、近くの排水口、それから雨水ますのお掃除、そこが詰まってしまうと内水氾濫になってしまいますので、その点検、お掃除をお願いしますというのがどんどん流れていて、私も、あっと思い出しまして、月島地域をぐるっと回って、問題はありませんでした。

中央区からの具体的なお知らせなり、指示なり、アドバイスなどが送られてきているわけですが、内水氾濫について、今あるいはこれから新しい取組が始まっているとしたら、あるいはこれから始まるとしたら教えてください。",,2025/9/8,防災等安全対策特別委員会,議員
,令和7年 防災等安全対策特別委員会(9月8日),菅沼防災危機管理課長（参事）,青木かの,"内水氾濫は、御紹介していただいたとおり、全く同じ認識でございます。とりわけ大事なのは、区民皆様方の目というか、作業に及ぶ話としては、台風が来る前とか、なるべく日常的にというところが本当にお願いするところですけれども、排水口、排水ますの掃除、点検は非常に大事です。これに落ち葉がたまると処理能力はがくんと落ちてしまいますので、本当に重要な取組でございます。

その上で、現状、どういったところが区としてというところにはなってくるんですけれども、実際、区としてというか、これは東京都事業という受け止めをしていただきたいんですが、区内は、基本、雨水の下水処理管は、１時間の時間雨量50ミリについては十分耐え得る下水処理能力を持っています。例えば、銀座とか、東京駅、八重洲駅前の地下街を有しているところについては、今、70ミリ対応になってございます。そこで、東京都はというところで、今なお推進していることという質問があったんですけれども、実態的には、これから本当に多くの気候変動というところを含めて、基本、やはり70ミリ管に将来的には向かっていこうと東京都は明確に言ってございます。これも御案内のとおり、東京都の下水事業については、本当に時間と大きなお金と労力がかかってきますので、一朝一夕というわけにはいきませんけれども、逐次、順次、幹線道路を含めて、70ミリ管への変更といいますか、増強というところが一番大きな話かと思います。

それから、環状７号線だったり、環状８号線の向こう側、上流側の部分についての貯水池、貯水場みたいな、言わば大きなたまり空間の機能も強化しようという話がございますので、そこの部分を環境土木部、そして防災危機管理課、そして東京都が一つ一つの事業の重要性を共通認識として推進していくという考え方でございます。

以上です。",,2025/9/8,防災等安全対策特別委員会,理事者
,令和7年 防災等安全対策特別委員会(9月8日),青木委員,青木かの,"ありがとうございました。

以前は、中央区内で１時間に50ミリの雨が降るというのは考えられなかったというか、本当の台風のときだけという認識がありましたが、今は50ミリが、普通にとは言いませんが、中央区内でも、臨海部でも多々起こるようになる。ごめんなさい。70ミリです。70ミリも起こるということで、中央区ではありませんが、別の線状降水帯が発生した地域などは、今回、１時間に100ミリという数字をニュースで見まして、本当に異常だなと。異常の100倍みたいな感じで受け取っております。中央区に関しましては、現在、１時間当たり70ミリに耐え得る下水管に対応できるように取り組んでいるということを確認いたしました。

環境建設委員会の視察で、勝どきポンプ所がいつも気になっていたんですけれども、第二溜池幹線から下水道施設、直径10メートルぐらいある、本当に大きな下水道施設で、第二溜池幹線と、それを外に流さなければいけないので、それが勝どきポンプ所の役目であるということを視察で勉強してまいりました。これについては、また、別の機会にお聞きしたいと思います。

いずれにしても、内水氾濫は水をためないということです。これから、津波だけではなく、大変重要な災害として取り組んでいく必要があると思いました。

それでは、最後に、防災士についてお尋ねいたします。

防災士につきましては、地域防災リーダーの育成ということで、今年度、およそ200万円の予算がついています。私は自腹で防災士の資格を取ったんですが、約７万円弱ですので、予算200万円ということは30名分の予算が出ているということです。今年度、令和７年度の予算ということで30名は取れるわけですが、今の応募状況を教えていただければと思います。",,2025/9/8,防災等安全対策特別委員会,議員
,令和7年 防災等安全対策特別委員会(9月8日),早川防災危機管理室長,青木かの,"本年度の新規事業、防災士に対する助成事業でございます。

その実績でございますけれども、各防災区民組織、マンション、防災拠点運営委員会等に周知を図りまして、手が挙がってきているところでございます。実を言いますと、30名で予算を取っているんですが、相談ベースでは、今、30人を超えまして、31名でございます。といいながらも、お申込みいただいてから実際にカリキュラムをこなし、実際に試験に合格しないと防災士は取れませんので、実際の補助という面でいくと、まだ３名程度といったところでございます。手を挙げている方が31名という状況ですので、少し予算をオーバーするか、ぎりぎりのところで進めているところでございます。

以上でございます。",,2025/9/8,防災等安全対策特別委員会,理事者
,令和7年 防災等安全対策特別委員会(9月8日),青木委員,青木かの,実際になるかどうかは別にして、この時期で31名の方から手が挙がっているということです。もっと少ないのではないか、そうしたらどうしようと思っていたんですが、31名の方から手が挙がっている。ぜひ、この方々には防災士に挑戦していただきたいと思っています。中央区の場合、地域防災リーダーの育成ということで、今、答弁にもありましたが、例えば防災拠点から一人推薦者を出す。自ら手を挙げてもいいですし、推薦をする。あるいは……,,2025/9/8,防災等安全対策特別委員会,議員
,令和7年 防災等安全対策特別委員会(9月8日),太田委員長,太田太,青木委員、マイクに声が入っていないですよ。,,2025/9/8,防災等安全対策特別委員会,議長/委員長
,令和7年 防災等安全対策特別委員会(9月8日),青木委員,青木かの,"ごめんなさい。ちょっと離れていましたね。失礼しました。

防災士、各防災拠点に一人ですとか、あるいは消防団からとか、地域防災組織からとかのリーダー、あるいは防災に関して中心になっていただくというのがとてもいいと思います。というのは、個人的に取ってしまうと、私がそうなんですが、すごく勉強はするんです。ためになったな、と思って。ただ、試験を受けて、合格証が送られてくる。そこが気持ちのピークなんです。取ってしまって、次、何をしようとなってしまう。これを私は心配しております。ですから、防災リーダーとして、あるいは防災拠点の方に取っていただくのがいいかなと思っている。

もう一つ、やはり個人で取る方もいらっしゃると思いますが、私自身も含め、今後どういう活動をしていこうかと思ったときに、皆さんもお聞きになったかどうか分かりませんが、安田大サーカスというお笑い芸人さんなんですが、そこの団長、サーカスとは関係ない、お笑い芸人の団長さんなんですが、その方が防災士の資格を持っていた。お仕事でいろいろなところに行かれますが、この週末、お仕事で行った先のすぐ近くで火事が起こったと。この火事は、残念ながら、火元の女性が亡くなるという、かなり大きな火事だったんですが、団長はすぐ消防署に電話をいたしまして、僕は防災士ですが、何をやったらいいでしょうかと。そうしたら、火元のほうは十分な消防自動車、それから消防署員がもう向かっている。もうそこにおりますので、近くに神社があるので、延焼しないように、そこで火が止まるように、その神社へ行って、神社の消火を手伝ってくださいと言われて、すぐ神社へ向かって、そばにありますので、そのお手伝いをしたということがかなり広くＳＮＳで回っておりました。ＳＮＳだけではなく、ここで質問する以上、確認をいたしましたが、事実、そういうことがあったそうです。

つまり、一人の場合でも、防災士は何が重要かというと、自分は防災士ということで、災害に対して常に危機感を持っておく。そして、身の回りで何か災害に遭ったときに、何ができるかということを考えて、それを素早く行動する。何もないと、素早く行動するというのが、かえって邪魔になるのではないかとか、いろいろ考えるんです。しかし、逆に、防災士という資格を持っていることで、電話ができる。初めて行った場所で消防署に電話をする。そして、その対応をやる。これは本当にいい例だなと。それから、ＡＥＤを使った心肺蘇生ですけれども、これももちろん持っておりますので、それも真っ先にやる。それから、気象に関する講座も入っております。気象予報士の方が講義をするという、気象に関する講座も入っておりまして、先ほどお話しした異常気象もそうですが、これからの災害対策については、気象に関する知識が大変重要になってくると思います。こうした３つ、ほかにもたくさんあると思いますが、そういうことを私も一つ一つお話ししながら、防災士の方も増やしていければと思っています。

これは１つお願いなんですが、消防団の方は消防団の制服がありますので、避難所ですとか、いろいろな訓練、今はお祭りとか、人がたくさん集まるところに、警戒というか安全を確保するために皆さんが行く。そのときは制服を着ています。防災士も、これは防災士会のほうに言ったほうがいいのかもしれませんが、腕章を作って、災害の場合、防災士であるということを自分から言わなくても分かる。そうすると、被害者、被災者の方もいろいろ相談をしたり、一般の方よりも相談しやすいのではないかということを考えておりますが、皆さんの考えをお聞かせください。",,2025/9/8,防災等安全対策特別委員会,議員
,令和7年 防災等安全対策特別委員会(9月8日),菅沼防災危機管理課長（参事）,青木かの,"今、るる防災士の資格の部分を含めまして御紹介いただきました。

防災士の３原則は自助、共助、協働、つまり、自分たちのまちは自分たちで守るということが基本理念、活動理念で、きっかけとなったのは阪神・淡路大震災以降というふうに伺っています。これは、助けられる側ではなくて助ける側へという人材育成、つまり、私どもの地域防災リーダーの、まさに今回の助成の部分につきましても、御紹介いただいた防災区民組織であったり、優良マンションであったり、あるいは拠点委員会などからの推薦というところがベースになっています。委員に御紹介いただいた個の力ではなくて、やはり協働、皆様方で力を合わせてというところが基本理念になってございますので、防災士の資格を取った方々が社会でどんな活躍ができるのか、そして地域の、いざ有事のときのみならず、日常的な場面場面でそれらの知識が普及啓発でお互いが支え合う、本当に地域の人脈、ネットワークなのだという風土をこれからつくっていくべきだろうというふうに考えてございます。今年度は、先ほど防災危機管理室長が答弁した話の状況でございますけれども、我々としては、来年度以降も引き続き継続していきたい、力を強めていきたいというふうに考えているところでございます。

以上です。",,2025/9/8,防災等安全対策特別委員会,理事者
,令和7年 防災等安全対策特別委員会(9月8日),青木委員,青木かの,"ありがとうございます。

今日、ご報告いただいた結果、31名ということをまだ知りませんでしたが、その時点でも、これは引き続きやっていただきたいということで、来年度の予算要望にも我が会派からは入れております。来年からも続けていくという御答弁をいただきましたので、安心いたしました。

以上で質問を終わります。ありがとうございました。",,2025/9/8,防災等安全対策特別委員会,議員
,令和7年 防災等安全対策特別委員会(9月8日),永井委員,永井佳代,"よろしくお願いいたします。まず、理事者報告における資料２、築地警察署との連携による特殊詐欺防止対策の実施、国際電話を利用した詐欺電話の封じ込めについてお伺いいたします。

初めに、先日御報告を受けた第55回区政世論調査の結果に触れたいと思います。防犯対策に対して区民の皆様が最も不安に感じている犯罪は、特殊詐欺でありました。空き巣や自転車盗難よりも不安度が高く、特殊詐欺が区民生活における最大のリスクの一つであることを改めて示したものと受け止めております。そのような状況の中で、今回の取組は、区役所庁舎内にブースを設置し、築地警察署員の方が区民の方に注意喚起を行うとともに、本人の了解を得た上で、固定電話に係る国際電話利用休止申込みの手続を代行するものと理解をしております。

ここで２点確認をさせていただきます。

まず、１点目、今回のお取組は固定電話に限定されていると承知しております。近年は携帯電話への詐欺電話も増えている中で、携帯電話に対してはどのように対策していくべきとお考えでしょうか。本区として、警察署と連携し、周知や啓発を広げていく必要があると思いますが、御見解をお聞かせください。

そして、２点目です。区民の皆様が本庁舎で実際に持参するのは、電話機ではなく、あくまでも電話番号等の情報であり、書類上の手続を代行するという理解でよろしいのでしょうか。特に、高齢者の方々の中には、電話機そのものを持っていくのかと誤解されるケースも考えられます。図解などの具体例を交えた周知が必要だと考えますが、どのように分かりやすく伝えていくお考えでしょうか。

以上２点、よろしくお願いいたします。

なお、今回の実施主体は警察署であることは重々承知しております。お分かりになる範囲で構いませんので、お答えをお願いいたします。",,2025/9/8,防災等安全対策特別委員会,議員
,令和7年 防災等安全対策特別委員会(9月8日),坪川副参事（交通安全対策・特命担当兼生活安全・特命担当）,永井佳代,"今、委員から御質問のあった２点について、順次お答えをさせていただきます。

まず、今回、理事者報告にもありましたとおり、現在、特殊詐欺の被害状況が急増している状況に鑑み、実態は国外からかかってくる電話が大半を占める。そういったところで、国、総務省や警察庁を含めまして、そこの指示の下、警視庁も含めました各警察がこういった国際電話の休止を図るというところを、今、重点的に進めているものと伺っております。

その中で、１点目の固定電話に限定されている点ですが、現在、残念ながら、携帯電話に係る休止申込みはしていないということで、固定電話に限らせていただいているという話でございます。確かに、固定電話になりますと、若い世代の方にありましては、なかなか持ち合わせていない状況も考えられます。今回、築地警察署の係員の方々にお話を伺いますと、固定電話をお持ちになっている中高年層の世代にとっては、固定電話休止はもちろんのことですが、若い世代の方々は携帯電話しか持っていないかもしれませんが、その親御さんの世代の方々が持っている固定電話を、親御さんの了解を得て、休止に何とか持っていきたい、そういったところもあると伺っております。また、携帯電話への休止のところについては、今後、技術等が進んだ上で可能になるものではないかとは思っておりますが、そういった技術開発の動向等を踏まえまして、区も迅速に警察と連携しながら対応していきたいと思ってございます。

また、２番目の手続の方法ですが、当然ながら、固定電話の本体を現場、窓口のほうに持っていくといったものではございません。その場で書類を書いていただいて、警察のほうからしかるべき機関に提出するという形になってございます。委員から御質問がありました、電話本体を持っていかなければならないのかといった懸念が生じるのではないかということは、築地警察署のほうにお伝えして、そういった誤解がないように事前の広報に反映していければと考えております。

以上です。",,2025/9/8,防災等安全対策特別委員会,理事者
,令和7年 防災等安全対策特別委員会(9月8日),永井委員,永井佳代,"御丁寧にありがとうございます。

特殊詐欺の注意喚起に関しては、既に丁寧な対応が各地域でなされており、特に月島地域では警察署員の方々が一軒一軒お宅を訪問して注意喚起を行っていると以前に伺っているところです。まさに、現場に寄り添ったきめ細やかな対応であり、区民の皆様の安心につながっていくものと強く感じております。

次に、昨日行われました総合防災訓練についても触れてまいります。

私自身、４歳の息子とともに参加させていただきました。まず、特筆すべきは暑さ対策であったと感じております。入り口では水分の配布があり、会場内には休憩用のテント、ブースで並ぶ列にも日除けのテントが設置されておりました。さらに、会場内には大型のファンが稼働し、冷え冷えタオルを冷やすための専用水おけまで用意されていました。以前の委員会で私自身も暑さ対策について質問させていただいた経緯がありますが、正直に申し上げて、想像以上の対策が講じられていたことに大変驚き、そして評価をさせていただきたいと思います。親子で楽しみながら学べる内容が多く、来場者の中にも親子連れや若い世代の方々が大変多かったと実感いたしました。既に御答弁の中でもありましたが、多世代型訓練として、本区として多世代の参加を意識して工夫された結果だと感じており、大変評価しております。

その上で、お尋ねいたします。実際に、今回の訓練のどのような工夫やどのような取組によって、子供からお年寄りまでの多世代型訓練になったのか、改めてお示しください。お願いいたします。",,2025/9/8,防災等安全対策特別委員会,議員
,令和7年 防災等安全対策特別委員会(9月8日),石丸副参事（防災計画等・特命担当）,永井佳代,"親子参加の工夫というところでの質問でございます。

まず、先ほどとちょっと重なるかもしれないですけれども、大きく３点を考えております。１つは、今回、広いところという話で、警察、消防、自衛隊の車両を中心とした動きをするというところで、そういった車両を展示して、お子さんが喜ぶような展示をしたというところが１つ。２つ目は、体験コーナーをつくったというところで、綱渡りとか、入浴体験とか、ミニ消防車とか、お子さんが喜ぶような体験コーナーを調整してつくった。３点目ですけれども、これが一番大きいかもしれないですが、準備をしても、知らなければ全く来られないので、小学校、中学校、幼稚園、保育園、児童館、そういったところにチラシとか、ｔｅｔｏｒｕとかルクミーとかネットを使った周知とか、そういうものを含めて、お子様たちに情報がいくようにした結果、今回来ていただけたのかなと。大きくこの３点で工夫をしたところでございます。

以上です。",,2025/9/8,防災等安全対策特別委員会,理事者
,令和7年 防災等安全対策特別委員会(9月8日),永井委員,永井佳代,"ありがとうございます。

当日、親子参加のコーナーや体験型コーナーを設けるだけではなく、事前のＰＲに工夫をしていただいたことで、より多世代型の参加を意識した訓練になったということを確認させていただきました。さらに、災害時には特に支援が必要となる障害者の方や高齢者、また日本語に不安のある外国人区民の方々にとっても、実際に参加しやすく、かつ有意義な体験となる工夫が必要だと考えております。実際に、昨日の訓練では親子連れをはじめ、若い世代の参加が多く見られましたが、それだけではなく、ヘルプマークをつけた方や外国語を話す外国人の方の参加者も実際にお見かけいたしました。さらに幅広い世代、多様な区民の方に参加していただいたことを実感いたしました。

今回の訓練において、通訳者の活動はお見かけいたしましたが、これらの方々への配慮に関しては、どのように工夫されていたのか、具体的にお示しください。お願いいたします。",,2025/9/8,防災等安全対策特別委員会,議員
,令和7年 防災等安全対策特別委員会(9月8日),石丸副参事（防災計画等・特命担当）,永井佳代,"多様な方々をお迎えする工夫というところでございます。

まず１つは、ユニバーサルトイレという、いわゆる全ての人々が使用できるバリアフリー設計の多機能トイレを準備いたしまして、そういった配慮が１つ。あと、外国人対応というところでは、それぞれのブースの看板に、日本語表記に併せて英語表記もつけまして、外国人の方が理解できるようにしたというところ。あとは、今回、ブースでもありましたけれども、手話通訳の方々をお招きして、特に区長の講評のときなどに手話を交えて、耳が不自由な方々にも配慮した、こういった対策、工夫を考えたところでございます。

以上です。",,2025/9/8,防災等安全対策特別委員会,理事者
,令和7年 防災等安全対策特別委員会(9月8日),永井委員,永井佳代,"御丁寧に御答弁いただき、ありがとうございます。いわゆる誰でもトイレ、ユニバーサルトイレ、多言語対応、手話対応を通して、障害者の方や高齢者、そして外国人区民の方々にも配慮した取組が行われていたことを確認いたしました。多世代、そして多様な背景を持つ方々にとって、誰もが参加できる訓練となるよう、引き続きの工夫を強く要望いたします。

昨日の訓練では、私自身、息子と一緒に炊き出しのカレーをテントの下でいただきました。そのときのエピソードを御紹介させてください。私たちの隣にいた小学校低学年ぐらいの男の子が、机がないからカレーが食べられないと駄々をこねていると、お母さんが、災害時に机なんてないんだよ、災害のときに工夫して食べられるようになるのが大事で、そのための訓練なのよと伝えているのが聞こえました。まさに、こうした体験を通じて、子供から大人までが災害時の備えや心構えを自然に学ぶことができる、それが総合防災訓練の大きな意義であると改めて実感いたしました。

また、前委員のお話にもありましたが、先日、七尾市に視察に伺い、災害時の避難所、防災拠点における物資の振り分けにおいて、フォークリフトの重要性を伺いました。私自身も今年はフォークリフトの免許を取得しようと試みておりますが、このような多世代が集まる防災訓練の場で災害時に役立つ、先ほども質疑が出ましたが、防災士や救命救急士だけでなく、様々な資格を既に取得している区民の方の名簿を集める機会としても大変有効ではないかと思いました。

改めまして、本区や関係者の皆様がここまで丁寧に準備を重ねてくださったことに感謝申し上げ、私の質問を終わります。ありがとうございました。",,2025/9/8,防災等安全対策特別委員会,議員
,令和7年 防災等安全対策特別委員会(9月8日),上田委員,上田かずき,"改めまして、無会派の上田かずきです。どうぞよろしくお願いいたします。

私からは３点お伺いをさせていただきます。

まず、職員の災害対応経験についてです。先日の視察におきまして、発災時に的確な判断を下すためには、やはり発災対応の経験がいかに重要であるかということを改めて認識いたしました。

そこで、２点お伺いします。

第１に、本区の幹部職員のうち、実際の災害現場での対応経験を持つ職員はどの程度在籍しておりますでしょうか。

第２に、今後の災害派遣の応援要請等について、担当レベルの職員だけではなく、意思決定を担う管理職が実務経験を積むことは、本区の防災体制を強化する上で大変重要だと考えますが、区の見解をお伺いします。

次に、避難者情報のデジタル化について伺います。

品川区では、防災の日に災害時の避難情報をＬＩＮＥで把握する実証実験を行いまして、来年度より本格実施を目指していると伺いました。これは、ＱＲコードで避難所の受付作業を大幅に簡素化するとともに、在宅で避難している方の安否確認を迅速に行うという仕組みです。在宅避難者が特に多い本区において、このようなデジタル技術を活用した安否確認システムは極めて有効と考えますが、導入に向けた区の見解をお聞かせください。

最後に、在宅避難者向けの備蓄品に対して伺います。

災害時における備えの基本は自助ということは言うまでもありませんが、万が一の事態のときに、区がどの程度の食料や物資を備蓄しているのか、その情報を区民が事前に知ることは、過度な不安を和らげ、各家庭での備えをより実効性の高いものにすると考えます。現状、備蓄品の種類や数量はウェブサイト等で公開されていませんが、区民の安心と自助努力を後押しするためにも、これらの情報を公開するべきだと考えますが、区の見解を伺います。

以上、よろしくお願いします。",,2025/9/8,防災等安全対策特別委員会,議員
,令和7年 防災等安全対策特別委員会(9月8日),菅沼防災危機管理課長（参事）,上田かずき,"私からは、前段の御質問にお答えします。

例えば、主な災害といいますと、1990年以降の災害として、95年の阪神・淡路大震災とか、あるいは2011年の東日本大震災、そして16年の熊本地震、さらには昨年の能登半島地震が挙げられるかと思います。阪神・淡路大震災は、御承知のとおり30年経過してございますので、実態的に、今の幹部職員の年齢構成を考えますと、経験といえるところの経験は恐らくないというところが一つと、それから熊本あるいは直近の能登半島では幹部職員は被災地派遣を行っていないというところを含めますと、主に、私の記憶で言うと、14年前の東日本大震災では係員とか係長レベルできちんと被災地への支援を、具体的に特に石巻市を中心に、相当数の派遣をしたところでございます。今、手元に正確な数字はございませんので、後ほどお答えさせていただきたいと思いますけれども、感覚的には、今の幹部職員のうち３割は優に超えて被災地派遣の経験をしているというふうに認識しているところでございます。

２つ目の現場のリーダー、幹部職員が活躍するという派遣の考え方でございます。

これは私自身の経験としてですけれども、阪神・淡路大震災では、具体的には須磨区役所に罹災証明の発行事務で２週間行っていたり、あるいは東日本でも石巻に応急危険度判定に１週間従事してという経験を申しますと、やはり被災地の支援業務はもとより、被災者と直接話ができる機会を持てるんです。そこは、前委員からの御紹介もありましたけれども、本当に発災直後の被災地行動とか避難生活、さらにはその方にとっての本当につらい経験を生の声で聞く経験から考えますと、私自身も本当にそこは強く記憶に残っていますけれども、大変貴重な財産、経験になり得るだろうというふうに思っています。

ただし、実際に被災地に現幹部職員が向かえるかというと、それはやはり難しい問題が多々あろうかと思います。具体的には、まさに通常業務を一定期間外すということは、我々区政にとってのという話が１つ、現実的に難しいという話、それから対口支援で被災地側が求め得る被災地支援業務というのが特定業務として上がってきますので、そこは経験上、通常業務として照らし合わせたときに、そこに適した職員を、被災地にとって、おまえ、頑張ってこいよというところを含めまして、適材適所の職員を派遣できるかというところが要件になったりしますので、そうした点からも難しいと認識しているところでございます。

最後に、品川区のＬＩＮＥの話でございます。

在宅避難者数の把握も、今回、品川区でやった実証実験の中に含まれているのは私も確認をしてございます。ただ、私どもの現状のオペレーションでいうと、マンション単位ごとに在宅避難者数がどれくらいいるんだという数の把握のほかに、マンションごとに不足する物資をきちんと拠点のほうに情報を届けてほしいとか、共有させてほしい。その上で、個々の住民の人たちが拠点のほうに、ごめんなさい、私はＡという者ですけれども、食料物資が足りなくなりそうですとか、備蓄しているトイレが底をつきましたみたいな話を、個々ではなくマンション単位できちんと手当てできる体制をつくっていくというところに取り組んでございます。そうした意味からしても、ＬＩＮＥというツールは今後研究していくべきものだと思いますけれども、現状、私どもはつぶさに品川区を横引きするような形での導入は、今のところ考えていなくて、むしろ防災ＴＵＭＳＹの効果を見てとか、あるいは今後、中央区総合アプリみたいなところを包括しながら、全体の災害オペレーションに役立てることの研究を重ねていきたいというふうに考えているところでございます。

私からは以上です。",,2025/9/8,防災等安全対策特別委員会,理事者
,令和7年 防災等安全対策特別委員会(9月8日),早川防災危機管理室長,上田かずき,"私は、備蓄の公開について答弁させていただきます。

区がどの程度備蓄品を備蓄しているかといったところでございますけれども、まず、これを公開しているか、していないかと言われれば、しております。区のホームページに備蓄と入れていただければ、品目ですとか、考え方を分かりやすく表示しているといった部分があります。ただ、どこの場所に何がどのぐらいという話になってきますと、これは区の地域防災計画の資料編に最新の改定の令和６年版の資料が載っておりまして、そこには載せてございます。しかしながら、備蓄の考え方というのは、人口推計に基づきまして、翌々年の４月１日の人数に係数を掛けて備蓄しているものですから、リアルタイムに正確に公開するというのはなかなか難しいといったところがございます。地域防災計画等を御参照いただければというふうに考えてございます。

以上でございます。",,2025/9/8,防災等安全対策特別委員会,理事者
,令和7年 防災等安全対策特別委員会(9月8日),上田委員,上田かずき,"それぞれありがとうございます。

まず、１点目のところ、３割近くが何らかの被災地派遣経験があるということは大変心強く感じております。私は、東日本大震災のときは大学生だったんですけれども、研究室長として全員の安否も確認しましたし、私は水素ガスとか、結構危険な薬品を扱っていたので、ガラスは割れていないかというところからの確認だったことを今でも覚えていて、そのオペレーションの仕方とか、これは吸気していいのかとか分からないんです。換気している間に爆発するかもしれないとか、そういう話を本当にしながらやった記憶があって、３回ぐらい防犯ベルも鳴りまして、結構騒然とした記憶があります。それを知っていると、２回目はすごくやりやすいというか、余震のときは判断が楽だったということも踏まえると、その経験値を持っている幹部がやるのは重要だろうと思っております。

２点目については、方向性としては理解をいたしましたが、特に賃貸マンションを中心に、チームで取りまとめができない、あるいはなかなか難しいマンションをどうしていくのかということは、引き続きＬＩＮＥ等も含めて研究課題として取り組んでいただきたいと思います。

最後、３つ目について、公開しているということで、大変失礼いたしました。区民からの相談を受けて、私自身もさっと調べた感じ、ちょっと出てこなかった。私自身も、これを教えていただいた中で、リアルタイムではなくても、実数が分かる仕組みが大事かなと思っております。

以上です。",,2025/9/8,防災等安全対策特別委員会,議員
,令和7年 防災等安全対策特別委員会(9月8日),太田委員長,太田太,では、議題、防災、防犯、交通問題等児童生徒及び区民生活の安全に関すること並びにコロナウイルス感染症等の対策に関することについては、継続審査ということでよろしいでしょうか。,,2025/9/8,防災等安全対策特別委員会,議長/委員長
,令和7年 防災等安全対策特別委員会(9月8日),太田委員長,太田太,"さよう取り扱わせていただきます。

第三回区議会定例会における委員長報告の取扱いについて、正副委員長一任ということでよろしいでしょうか。",,2025/9/8,防災等安全対策特別委員会,議長/委員長
,令和7年 防災等安全対策特別委員会(9月8日),太田委員長,太田太,"さよう取り扱わせていただきます。

それでは、防災等安全対策特別委員会をこれにて閉会といたします。

ありがとうございました。お疲れさまでした。

（午後３時５分 閉会）",,2025/9/8,防災等安全対策特別委員会,議長/委員長
,令和7年 子ども子育て・高齢者対策特別委員会(9月9日),山本委員長,山本理恵,"それでは、子ども子育て・高齢者対策特別委員会を開会いたします。よろしくお願いいたします。

過日の行政視察の実施に当たりましては、所期の目的を十分果たすことができたと思いますので、今後の施策の参考になればと考えています。なお、内容につきましては、第三回定例会での委員長報告で報告させていただきたいと存じます。

議題の審査に入りますが、質疑におきましては、既に御承知のとおり、理事者報告に対する質疑と併せて行いますので、よろしくお願いいたします。

初めに、理事者報告を願います。",,2025/9/9,子ども子育て・高齢者対策特別委員会,議長/委員長
,令和7年 子ども子育て・高齢者対策特別委員会(9月9日),山本委員長,山本理恵,"ありがとうございます。

発言の持ち時間制につきましては、既に御承知のとおりですので、よろしくお願いいたします。ただいまの時刻は午後１時36分です。自由民主党さん48分、かがやき中央さん34分、公明党さん34分、区民クラブ34分、日本共産党さん34分、士魂の会さん10分となります。

それでは、質疑に入ります。

発言を願います。",,2025/9/9,子ども子育て・高齢者対策特別委員会,議長/委員長
,令和7年 子ども子育て・高齢者対策特別委員会(9月9日),かみや委員,かみや俊宏,"それでは、私から質問させていただきます。

今回も子供に関連して、子供の居場所ということで質問したいと思います。区立幼稚園の預かり保育の安全ですとか、学童とプレディの在り方とか、制度のところとか、いろいろ御意見をいただいているところはあるんですが、今日は１点に絞って、保育料の無償化について質問したいと思っております。御案内のとおり、2025年、今年の９月から第１子の無償化も進んできているところでありまして、少し振り返ってみますと、ちょうど２年前の秋でしたでしょうか、決算特別委員会だったと思っております。第２子の無償化の議論も始まっていた頃だと思います。そして、本日は第１子の無償化ということで、改めて質問したいと思っております。

この間、２年間の間も個人的な問題認識で様々な観点から質疑させていただいておりましたし、会派としても、重点要望、子供たちへの支援策を様々提言してきたと思っておりますし、区としても、区の考え方に基づいて様々に取組を前に進めてきたと思っております。その上で、現在、認可保育所、認証保育所、そしてそれ以外の認可外保育所ということで、助成の考え方、どのように支援策を講じているのか。私の認識ですと、認可、認証を中心に待機児童対策を進めてこられていて、その考え方に基づいて取組を進めていらっしゃるということは認識をしておりますけれども、一方で、国が様々な施策を用意しながら、東京都が別途用意をしている。そして、区の考え方に基づいて施策を構築されていると思います。

認可、認証とそれ以外の認可外という形になると思いますけれども、支援額の設定の考え方、在り方をどういうふうにお考えになられて、現状、どういうふうに制度としておつくりになっているのか、この現状、状況をまずお聞かせいただきたいと思います。お願いをいたします。",,2025/9/9,子ども子育て・高齢者対策特別委員会,議員
,令和7年 子ども子育て・高齢者対策特別委員会(9月9日),金広保育課長,かみや俊宏,"保育料の設定の考え方についてでございます。

委員お示しのとおり、本区の待機児童対策につきましては、認可保育所の整備及びそれを補完する機能として認証保育所によって対応してまいりました。認可保育所につきましては、今年の９月から、第１子から全て許可の保育料は無償化となってございます。その上で、認証保育料の補助につきましては、都の認可外保育施設利用支援事業を使っているんですけれども、その事業の目的にある待機児童の解消に向けて、区市町村が実施する認可外保育施設の利用者を支援するとともに、地域の実情に応じた保育サービスの整備促進や質の向上を図るという趣旨に基づいて補助金を活用してまいりました。その結果、地域によっては入りやすさに差はありますが、国の基準に基づいた待機児童は４年連続ゼロとなってございます。

その中で、認証保育所につきましては、待機児童対策の解消に向けた中央区の実情に対応すべく、需要が高いゼロから２歳児につきまして、認可保育所の補完的施設としての役割を強化させるため、令和６年度からゼロから２歳児の保育料の補助の見直しを行ったところです。そして、今回、区としては、認証保育所のゼロから２歳児につきましては、引き続き、待機児童の解消の維持に向けて、認可保育所の受皿としてさらなる強化を図るため、都の補助の充実分を活用しまして、上限を８万円まで引き上げさせていただいたところでございます。

一方、認可外に通う課税世帯のゼロから２歳児の第２子以降につきましては、たくさんの数ある認可外保育所の中から、認可外における指導監督基準を満たした施設へ誘導するという目的で、基準を満たす施設を利用している場合には、令和６年４月から、非課税世帯のゼロから２歳児についての国の施設等利用給付額、これは４万2,000円なんですが、その考えを横引きさせていただいて、国の無償化の範囲内の考えの下、都の補助事業を活用して補助を実施してきたところでございます。そして、今回の第１子無償化に合わせて、認可外に通う第１子につきましても、今回、その４万2,000円の補助を拡大させていただいたところです。

このように、都の補助事業の目的を考慮した上で、認証、認可外と施設ごとに補助額を変えて支給しているところとなってございます。

以上です。",,2025/9/9,子ども子育て・高齢者対策特別委員会,理事者
,令和7年 子ども子育て・高齢者対策特別委員会(9月9日),かみや委員,かみや俊宏,"ありがとうございます。補助事業の趣旨に従って、区として、認可、認証、認可外、認証以外の認可外ということで、それぞれ目的に沿って補助金の活用を既にされている。そういう制度にされたということで理解をいたしました。

区として、過去の答弁を拝見しても、安全・安心を第一にする、そうした視点からというところも含めて、認可を大切にしているということは理解をしております。国の見解、こども家庭庁の資料等あるいは方針等を拝見しても、そういう考え方は公になっているのか。例えば、幼児教育・高等教育無償化の制度の具体化に向けた方針、これは平成30年12月28日の関係閣僚合意として公表されておりますけれども、この中の文言を拝見すると、待機児童問題により、認可保育所に入りたくても入れず、やむを得ず認可外保育施設等を利用せざるを得ない子供たちについても、代替的な措置として、しっかりと無償化をしていくんだ、こういう考え方が示されているところで、今のは区の御答弁の趣旨とも近いのかなと、私はそういう理解をしているところでございます。

そこの考え方、区としては、一定の質を担保するなどということも、過去の答弁などですとあったのかなと認識をしているんですけれども、区として、認可を大切にする、認証を補完的に大切にしていく、こういう考え方をどうして取られているのか。ここの考え方、理由、そして、それに基づいて、今、区としてはどんな認識を持っているのか。事例などがあるのであれば、そうしたところもお示しいただきながら、この考え方をお聞かせいただけますでしょうか。お願いいたします。",,2025/9/9,子ども子育て・高齢者対策特別委員会,議員
,令和7年 子ども子育て・高齢者対策特別委員会(9月9日),金広保育課長,かみや俊宏,"委員にお示しいただきました、入れなかったお子さんが認可外に、そのときには無償化をというところにつきましては、区としても、認可だけでは足りない部分、それは認証になりますけれども、認証も認可外保育施設の一部ですので、そこについては、しっかりと無償化に向けて対応しているところでございます。

その上で、委員がおっしゃった認可にどうしてこだわるというか、どういうふうに考えているかというところですけれども、過去の答弁におきましても、認可保育所は、開設後、保育運営について直接指導・助言できるですとか、認可保育所の安定的な運営というところは何度かお話しさせていただいておりますけれども、今おっしゃった具体的にどういったことを考えて、させていただいているかという具体例を少し挙げさせていただければと思います。

まず、区として、特に幼児期に大切にしたいのは、区内で幼児期を過ごした子供たちが区立の小学校へスムーズに上がれるための土台づくりでございます。認可外保育施設におきましては、様々な教育方針に基づいた独自のプログラムを特徴として認識してございますけれども、認可保育所におきましては、保育指針にのっとったカリキュラムによって、幼児期の過ごし方がその先の小学校生活に直結するという考えの下、大体これは平成27年頃からかと認識しているんですが、小学校への接続期に、本人も、そして学校も困らないように、教育委員会と福祉保健部とが連携しまして、小学校教育の接続に向けた保幼小連携を積極的に行いまして、幼児期の終わりまでに育ってほしい10の姿、そしてまた１年生終了までに目指す児童像に向けて、日々、研究・実践を進めているところでございます。これは、保育所で過ごす幼児期を点として捉えているところではなくて、その先の小学校を見据えた線のスタートラインというふうに捉えた考え方によるものでございます。この取組は、実は、先日、都より好事例として発表依頼を受けまして、都内全自治体に対して、福祉保健部と教育委員会とともに発表をさせていただいたところでもございます。こういった土台づくりを実現するには、区が運営等に関与する区立幼稚園ですとか、開設後、保育状況について直接指導・助言できる認可保育所によるものでございまして、区としては、認可保育所の５歳児クラスに、いろいろな特別なプログラムもいいけれども、まずこの土台づくりをしっかり行うことを全園に要請しているところでございます。

また、別の福祉の視点から考えてみますと、区内の認可保育所の半数以上が医療的ケア児の受入れ目安を整えておりまして、本区のように区内全エリアで医ケア児を受け入れる目安を入園案内等に御紹介できているというのは、周辺区を見ても、決して多い状況ではございません。これは、令和３年の医ケア児の支援法の成立を受けて、保育内容へ直接指導・助言できる認可保育施設に対して区が積極的に働きかけた結果というふうにも考えてございます。

さらに、認可保育所の安定的な運営というような視点で申し上げると、やはり認可保育所というのは、福祉施設であるため、基本的に、保護者の状況ですとか、お子さんの状況にかかわらず、保育の必要性の高い順に入園が決定されます。一方で、認可外保育施設は、面談で入所者を決めて、保育の必要性の有無にかかわらず、そういう方を決定する。認可外保育施設とは、その点、異なるかなというふうに考えてございます。他区においては、認可外保育施設は、そもそも待機児童対策として最初から取り組んできた自治体も一定数あるというふうに認識してございますけれども、本区としては、認可外基準を満たしていない認可外保育施設も過去多数あったことや、保育の必要性の高い方から入所していただきたいという思いから、平成16年に13園でしかなかった認可保育所を、令和６年４月までに80園以上整備し、地域に入りやすさの差はもちろん今もございますけれども、保育の必要性の高い方から身近な場所で入園できる認可保育所の整備を区内全体に進めてまいりまして、待機児童ゼロにつなげてまいりました。このタイミングで認可外保育施設の補助の充実を図っていくということは、利用者を取り合う結果になりまして、整備していった認可保育所の安定的な運営に支障が生じるおそれもあることから、現在、そこについては、ある程度差をつけて、慎重な姿勢で取っているところでございます。

こうした小学校のつながりの視点ですとか、今後も乳幼児人口が維持・上昇すると予測される中におきまして、福祉施策として５年、10年、20年後の保育施設の基盤を維持するという視点におきましては、引き続き、認可保育所についてしっかりと安定的な運営を大切にしていきたいというふうに考えてございます。

以上でございます。",,2025/9/9,子ども子育て・高齢者対策特別委員会,理事者
,令和7年 子ども子育て・高齢者対策特別委員会(9月9日),かみや委員,かみや俊宏,"詳しくありがとうございます。

御答弁を伺っておりまして、認可、認証とそれ以外の認可外のところで、今、差をつけている。導入していないということではなくて、少し差をつけて対応しているということで、その考え方は、多分保幼小の連携として、中央区としての指導・監督が及ぶ園によって保幼小の連携の強化をしている。そして、それを東京都によって発表されたとおっしゃっていたかと思うんですが、福祉保健部と教育委員会が東京都とどういう場所で発表されたかというのをもう一度お聞かせいただきたいと思います。

結果として好事例として紹介されるような取組ができているので、それはいい取組なので、そのような福祉施策として、保育園の運営、教育の観点を含めてやっていきたいという思いなのかなということで理解をしました。もう一つが安定運営ということで、保育園の経営のときに、真に保育が必要な方々に対して通っていただける場を安定的に福祉施策として取り組んでいかなければならないという理由だということで理解をいたしました。

その中で、一方で、御意見を伺っていると、同じ区の子供を預かっているんだという御意見を私も聞いたりするんです。ぜひともそういうお子さんを大切にしたいということは、これまでも大切にしたいという思いで質問してきましたし、中央区としても、今のお考えの中でできることはやってきていただいていると思っております。その上で、そこをさらにというところはどういう議論があるのかと思っているんです。まず、この施策の考え方というところだと、今の区のお考えというところが１つ理由になっている。一方で、お困りの方あるいはそういうところに対する声はこれまでもあった。今もある。こうしたことに対して、どう対応するのか、できるのか、できないのかということを考えると、今の区のお考えは、お聞かせをいただいたような差をつけてあるということだと思います。理屈としても、理由が２つあるということで理解をいたしましたが、その上で、その理屈のままで、例えば冒頭で御紹介を申し上げました今の基準額、国の示している金額を調べてみますと、繰り返しになりますけれども、平成30年12月28日の関係閣僚合意で示されている具体的方針の全国の平均の基準額に基づいて、その金額を横引いているということなので、そこから７年たっていると、物価がどれぐらい上がっているのだろうか、上がっていないのか、少し上がっているのではないのか。考え方は別として、国に示されている金額に基づいてやっているのであれば、そこの考え方が変われば、違う対応も可能なのか。いわゆる物価高騰の影響をどう考えるのか。このことについては、議論の余地があるのか。このあたりのお考えをお聞かせいただきたい。

すみません。長くなりましたけれども、質問は２点で、１つ目が、好事例として発表された場の会議というか、そこの概要をもう少し教えていただきたいということ、そして、考え方を変えるということではなくて、物価高騰対策の観点ということをどうお考えいただけるのか、この２点、御答弁をお願いできればと思います。お願いいたします。",,2025/9/9,子ども子育て・高齢者対策特別委員会,議員
,令和7年 子ども子育て・高齢者対策特別委員会(9月9日),俣野子ども施策推進室長,かみや俊宏,"私は、物価高騰のほうから少しお答えをさせていただければと思っております。

委員から御紹介されております平成30年12月の関係閣僚合意につきましては、当時の議論を少し私も拝見したところ、まずは、こうした会議体の中では、認可外の施設に補助をするに当たりましては、例えば３歳から５歳児に関しては幼児教育・保育の無償化の議論の中で、国としても施設型利用給付をしっかりと支援していこうではないかということを通して議論されたという認識でございます。また、その議論の中では、例えばゼロ歳から２歳児の、いわゆる課税世帯と非課税世帯というふうに、たしか議論では分かれていたかと思っておりますけれども、一般的には課税世帯の方を主に対象としている部分につきましても、そういった施設等利用給付、いわゆる給付的な支援を行うことではなくて、まずは受皿を日本全国すべからく広めていこうではないかというような議論の中で、施設等利用給付は行わず、施設整備に国のほうはかじを切っているというような認識でございます。そうしたことから、そもそも施設等利用給付の当時の国の取扱いは３歳から５歳児、それからゼロ歳から２歳児と分かれているのは、そういった経過かなというふうに、当時の議論としてはあったというふうに認識してございます。

ただ、委員からも御紹介いただいたように、平成の終わりの頃の議論から、さらに令和のこの時期まで大分時間もたってございまして、これまで区を取り巻く環境は、物価高騰、他国の紛争をはじめ、資源高騰ですとか、様々な人件費の上昇、こういったものに我が国自体が全体として包まれている中で、そういったお声は多分あるのだろうというふうに考えているところでございます。現時点におきましては、認可保育所、認証保育所を中心に、本区はそういった保育設備が保育政策上の基盤だというふうに私どもは考えてございます。ですので、認可外保育所のほうに、いわゆる安易な補助をやることによって、私どもの保育政策の基盤が揺らいでは元も子もないというふうに考えていることから、こういった国の施策に準じた取扱い、補助額等を横引いているものでございます。

委員からありました物価高騰につきましては、平成30年の議論にもなかったことで、そういったことが改めて国のほうで議論され、織り込まれ、施設等利用給付等などにおいて、改めて自治体のほうに支援給付などで物価高騰見合いを給付するというような議論が深まれば、当然、私どものほうといたしましては、そういったものにしっかりと対処してまいる考えでございます。

以上でございます。",,2025/9/9,子ども子育て・高齢者対策特別委員会,理事者
,令和7年 子ども子育て・高齢者対策特別委員会(9月9日),金広保育課長,かみや俊宏,"発表させていただいたところは東京都待機児童対策協議会の部会でございまして、東京都待機児童対策協議会というのは、小学校就学前の子供の保育に係る子供の子育て支援に関する施策を広域的な見地から各区市町村の取組の支援を共有し合うことによって、実効的なものとするために設置された東京都の協議会でございます。

以上でございます。",,2025/9/9,子ども子育て・高齢者対策特別委員会,理事者
,令和7年 子ども子育て・高齢者対策特別委員会(9月9日),かみや委員,かみや俊宏,"ありがとうございます。

まず、協議会のほうから、都のそういう場面で好事例、ベストプラクティスということで紹介されたものということで、ありがとうございます。承知いたしました。

子ども施策推進室長のほうから御答弁をいただきましたところ、基盤があって、基盤は認可、認証と考えていらっしゃるということで、その先の認可外についても、一定の役割をお持ちなので、通っていらっしゃる方がいる。この間、内閣府の資料ですとか、過去の資料をいろいろ読ませてもらったんですけれども、お子さんを大切に預かって育ててくださるというのは大切なことなので、そこに対して、基盤である認可、認証をやりながら、認可外についても必要な支援は行っていただいている。なので、今回でも、国の基準を満たしながらやっている。一方で、基盤となるところに対してまで影響を及ぼしてしまうことに対する懸念、そして好事例というのも今やっているところを含めてやられているということで理解いたしました。

ただ、一方で、現に、それ以外の事情というところも含めて、状況が変わってきております。第二回定例会の一般質問のときにも別の流れで申し上げましたけれども、いわゆる骨太の方針、経済財政運営と改革の基本方針2025でも、物価上昇に合わせた公的制度の点検・見直しということで、公定価格、これは医療・介護・保育・福祉等と書いてあるので、福祉も恐らくこの間、省庁横断的に推進する旨の記載が入っています。こうした考え方と少し別の方向性になるかもしれませんけれども、結果として、反射的な利益として、そういうことが出てくる。結果として、これが区民の皆様に寄り添っている形になるというのは必要なことではないかというふうに思っておりますので、今後とも子供施策、保育施策の推進、これまでも会派として様々要望してまいりましたけれども、これからもしっかりと取り組んでいただきたいということを最後に要望させていただきまして、長くなりましたけれども、この質問を終わらせていただきたいと思います。ありがとうございました。",,2025/9/9,子ども子育て・高齢者対策特別委員会,議員
,令和7年 子ども子育て・高齢者対策特別委員会(9月9日),田中（耕）委員,田中耕太郎,"私のほうからは、資料のほうで数点、確認を込めて質問させていただきます。既に福祉保健委員会のほうにも同内容のものを御報告いただいておりまして、議論や御答弁もあったかと思いますので、一部重複する点があるやもしれませんが、確認も含めまして、簡潔に御回答いただけたらというふうに思います。

資料１のこども誰でも通園制度についてであります。

こちらは、こども家庭庁、政府の事業として制度化、導入されるということで、この趣旨については、ホームページ等も拝見いたしておりまして、理解しておりますし、重要性は非常にあるものというふうに考えております。一方で、本区への導入に当たって課題等がないのかという点を、念のため、お知らせしていただきたいです。改めてですけれども、本区は、現在、待機児童は解消しているという前提となっていると思いますが、ゼロ歳児から２歳児クラスの定員等の充足率が現在どうなっているのかというのを、もしお手元ですぐに分かるようでしたら、お知らせをしていただきたいというふうに思っております。

今回、制度化に当たって、ゼロ歳児から２歳児クラス相当の方でどなたでも月20時間を上限としてという形になっていると思います。こちらを拝見いたしますと、本区で現在行われている一時預かり保育と類似した事業であるというふうにも考えられるんですけれども、本区で現在行われている一時預かり保育との相違点や、制度導入に当たって、差別化、区別化をどのように考えておられるのかというのをお知らせしていただきたいと思います。

特に、一時預かり保育は、現行ですと１時間当たり800円で、今回は政府からの補助もあるということで、無償化ということでございます。ターゲットとなる、利用していただくお子様、御家庭の状況というのは、ゼロ歳から２歳は完全に重なるというふうに思いますので、料金設定等についてどのようになっていくのか、改めてお知らせしていただきたいと思います。

また、今回の通園制度、類似の制度を既に先行導入されている自治体も、23区内を含めて幾つかあるというふうにお伺いしておりますので、そちらでの効果や課題等、本区として認識しているものがありましたら、お知らせをしていただきたいというふうに思います。

また、制度化をして、素人的な考えになってしまうかもしれませんけれども、一般の枠が減ってしまって、結果的に待機児童が生まれたり、この制度があることによって、入りたかった園に入れないというケースがどうしても生まれてしまうのではないかという懸念が一般の区民の方もあるというふうに聞いておりますし、私自身も、枠を設けて、いつ来るか分からない、月20時間という不定期の形ですので、常に一定数の枠は空けて待っていなければいけない状態かというふうに思いますので、一番最初にお聞きしました充足率との関係も含めて、区民の方から不満や不安の出ない制度設計や運営設計をしていただいているのかという点について、まとめて御報告をお願いいたします。

以上の点をお願いいたします。",,2025/9/9,子ども子育て・高齢者対策特別委員会,議員
,令和7年 子ども子育て・高齢者対策特別委員会(9月9日),金広保育課長,田中耕太郎,"誰でも通園制度につきまして、まず、課題につきましては、委員に御紹介いただいたとおり、待機児童対策と誰でも通園制度の展開のバランスが課題だというふうに考えてございます。そもそも定員に空きがあって余裕がある施設、そして誰でも通園制度の趣旨に御賛同いただく事業者があった際には、区としても、まさしく育児の孤立化を防いで一人でも多くのお子さんに多様な経験をしていただく場の提供ができるというところで、積極的に定員確保をお願いしたいというふうに考えてはおりますけれども、保育所の本来の役割をおろそかにしてでも、誰でも通園制度を拡充していく、拡大していくという考えは持ってございません。この事業は全国一律の事業ですので、待機児童やゼロから２歳児の空きの状況によって積極的に展開することが可能な自治体もあるとは思うんですけれども、委員御紹介のとおり、乳幼児人口が増えている中央区においては、やはり一定の制限がかかってしまうかなというところが課題というふうに認識してございます。

そして、充足率というお話が出たんですけれども、手元に充足率という数字は出ていないですけれども、例えば９月の空き状況についてお伝えしますと、対象であるゼロ・１・２歳児につきまして、ゼロ歳の空きは全ての地域でないというところで、１歳児が35人、２歳児は93人の空きがあるという状況になってございます。

そして、20時間の根拠というところがあったかと思っているんですけれども、試行的事業として先行して、国の示す10時間でやっている自治体の話を聞きますと、10時間でやるのはどうやってやるのかというと、大体１日２時間、決まった曜日を定期利用される方が多いというお話をお聞きしました。しかし、２時間ですと、本来の目的である子供の良質な成育環境、これはざっくり言いますと、多様な経験を子供が踏めるという意味なんですけれども、その経験を踏むことなく、泣きっ放しで２時間過ごしてしまうですとか、寝たまま預かって寝たままお返しする、そういったお話も多く、実際にやった自治体からは、保護者の方からも10時間では使いづらいというお声をいただいたということをお聞きしまして、区としては、国の制度にプラスして、都の10時間を上乗せして設定いたしました。

ちなみに、都の制度につきましては、10時間というのは上限がなく、もっともっと上乗せすることは可能ですけれども、そもそも本区においては、先ほどから何度もお話しさせていただいているとおり、ゼロから２歳児の空きがほとんどなくて、やはり在園児や利用者の安全性、保育の質の維持を重視して、国基準を上回る受入れ体制を考えている中で、誰でも通園制度の枠をどの程度確保できるかという視点もございますので、限られた枠の中で一人でも多くの方に利用していただくのは、そういったバランスを考えますと、現在では都の事業を上乗せしても20時間が限度だろうというふうに考えてございます。その上で、この設定におきまして、各事業者のほうにもお話を聞いたところ、76％がちょうどいいのではないかというお声をいただきましたので、20時間と設定させていただいたところでございます。

続きまして、一時預かりとの違いというところでございます。

一時預かりというのは、一時的に家庭での保育が困難となる場合の支援や、保護者の心理的・身体的負担を軽減するための事業となっております。誰でも通園制度は、この資料にございますとおり、全ての子供たちの育ちを応援しというふうになっておりまして、まず、視点がどこを向いているかというところで、制度で保護者の方が利用するものなのか、子供の目線で利用するものなのかによって、まず、そこについて違いが出ていくかなというところです。あくまで、その目的を踏まえて、子供に多様な経験をさせたいという子供目線で、決まった日に、決まった時間で御利用していただく場合は、誰でも通園制度を御利用していただく。一方で、あくまで保護者の方のいろいろな御都合で好きな時間、好きな曜日を選んでスポット的に利用される場合は、一時預かりを御利用していただくイメージでございます。そのため、こちらは対象年齢や利用時間の上限、人員配置基準などには２つの事業に差が生じてございます。そういったところの違いがございます。そういった違いがございまして、あくまで保護者目線でというところですので、こちらの利用設定につきましては、現状、800円というところで一時預かりは対応させていただく考えでございます。

先行自治体の取組についてのお話は、先ほどと答弁が重なるところがございますので、10時間で実施したところにつきましては、先ほど申し上げたような課題があったというふうに説明させていただきます。

やっている自治体の効果といたしましては、それなりに慣れてくると、いろいろな関わりができるとか、保護者の方からしてみても、家では見えなかった子供の活動の様子が見られるといった御意見があったという話は聞いてございます。

あとは、待機児童の御心配があったと思いますが、私どもも、待機児童を度外視してまで、この通園制度を実施する考えはございません。その中で、通年、ゼロから２歳児で空きがあって、この制度について賛同していただく事業者に対してお声をかけて実施していただくことを考えてございますので、基本的に、待機児童に影響を与えるといった考えは持ってございません。

以上になります。",,2025/9/9,子ども子育て・高齢者対策特別委員会,理事者
,令和7年 子ども子育て・高齢者対策特別委員会(9月9日),田中（耕）委員,田中耕太郎,"待機児童については、理念を共有していただいているということで、安心というか、その方向でお取組を進めていただけたらありがたいと感じます。

今、御報告いただきましたけれども、ゼロ歳児については、引き続き空きがほぼないという状況かと思いますので、来年、定員の拡大等が、新規園も含めて、あったとしても、現実問題としては、そうすると、今のままの流れだと、来年、この制度をゼロ歳児が利用するというのは実質的には結構難しいという理解でよいのか。これは、実際の事業者さん、園の意向ですとか、どれだけの申込みがあるかによって、当然、状況は日々変わるものではありますが、今のお話だけを聞くと、ゼロ歳児は厳しいという理解でよろしいのか否かという点は、念のため、お知らせしていただきたいというふうに思います。

また、これも私は一部取り違えていた点がありましたが、今の御答弁の内容ですと、月20時間を上限として、そうすると、曜日ですとか、時間を定例化して、毎月毎週何曜日に何時間という形での保育が想定されているという認識でよろしいでしょうか。一時預かり保育は、確かに、冠婚葬祭も含めて、緊急時の対応だというのは認識しておったんですけれども、今回の誰でも通園制度はそういった事態にも対応し得るものなのかなというふうに個人的には考えていたんですが、それは違って、定例化、定期化した申込みの方のみを受け付けるという認識でよろしいのか、それとも空きがあれば一時預かりのような、今回だけ、今週だけ、今月だけというようなパターンも想定し得るのか否か。これも実情に合わせて最後はやっていくという話になると思いますが、現段階での区のお考えは、定例化、定期化ということでよろしいのか否かという点について御見解を教えてください。",,2025/9/9,子ども子育て・高齢者対策特別委員会,議員
,令和7年 子ども子育て・高齢者対策特別委員会(9月9日),金広保育課長,田中耕太郎,"まず、ゼロ歳児のところにつきましては、委員おっしゃるとおり、通年においてゼロ歳児は途中で埋まってしまう傾向がございます。今、空き状況のお話は認可保育所についてさせていただきましたが、認可保育所のゼロ歳児で実施するというのは、来年はなかなか厳しいのではないかなというところでございます。あとは認証のところで御協力がいただけるかどうかというところを今後お話をさせていただければと思っているところでございます。

そして、曜日とかを固定化するんですかというお話ですけれども、基本的には、資料の（４）利用時間・方法にも記載させていただいておりますとおり、定期利用、月を単位として複数月の利用契約として、利用する曜日や時間帯を固定することを基本として考えてございます。その中で、利用者さんと事業所と、契約というか、打合せしながら、どういうふうに利用するかという話はしていくところではございますが、基本的に定期利用になりまして、一時預かりのようなスポット利用とは違うという認識でございます。

以上でございます。",,2025/9/9,子ども子育て・高齢者対策特別委員会,理事者
,令和7年 子ども子育て・高齢者対策特別委員会(9月9日),田中（耕）委員,田中耕太郎,"ありがとうございます。

有効な、有用な制度であるというふうには考えておりますので、本区の実情、実態に、今、非常に丁寧に対応していくという御見解だったというふうに思いますので、お子様のためはもとより、家庭にとって有効、有意義な形にぜひともしていただきたいというふうに思います。

終わります。",,2025/9/9,子ども子育て・高齢者対策特別委員会,議員
,令和7年 子ども子育て・高齢者対策特別委員会(9月9日),ほづみ委員,ほづみゆうき,"よろしくお願いいたします。私から、まず、資料１についてお伺いします。

こちらについては、先ほど説明もいただいたとおり、令和８年度から全国一律の取組として制度化されることに伴い、本区においても事業整備を行うものということです。先日、福祉保健委員会の質疑の中で、導入に当たってアンケートを行われて、10園程度の施設が関心があるということで伺っております。この点について、こちらの中に区立の園も含まれるのか、もしくは私立の園のみなのかというところについて、まず確認ができればと思います。先ほどの質疑の中でも、待機児童との兼ね合いというところがあったかと思いますので、その観点からということです。

もう一つ、こちらの資料につきまして、基準についてです。

本区として条例で定める受入れ基準は、国基準を上回るというふうにされております。これは、保育の質ですとか、安全性という観点では望ましいものの、施設が本制度を導入しようとする際に、過度な負担になることで、結果として、区として本制度を利用できる場所がないようなことにもなりかねないのではないかというふうに考えております。こちらの基準の考え方について、近隣自治体などの状況も踏まえて、その妥当性についてお示しいただけたらと思います。

まず、２点お願いします。",,2025/9/9,子ども子育て・高齢者対策特別委員会,議員
,令和7年 子ども子育て・高齢者対策特別委員会(9月9日),岡田子ども子育て支援課長,ほづみゆうき,"誰でも通園制度における公立保育園の扱いでございますけれども、公立保育園につきましては、これまでの待機児童対策の中で、各園において、施設の有効面積に対して最大限人数を増やして対応してきているところでございます。そういった中で、現状、保育ニーズを考えますと、現時点では、公立保育園での受入れというのはなかなか難しいという認識でございます。

以上でございます。",,2025/9/9,子ども子育て・高齢者対策特別委員会,理事者
,令和7年 子ども子育て・高齢者対策特別委員会(9月9日),金広保育課長,ほづみゆうき,"国の基準のハードルを上げることにつきましては、まず、区としての考え方は、誰でも通園制度を利用する児童、そして在園児について安心・安全な運営を実施すること、そして、在園児の保育の質を下げない配慮、そして現場の保育士の負担を最大限考慮して実施したいというふうに考えております。その考えに基づき、実施園を国より上げているところでございまして、誰でも通園制度の実施園を増やすこと以上に、こういった考えは大切なことだというふうに捉えておりまして、区としては、国の基準を上回ることによって手が上がる事業者が少なくなったとしても、こちらについてはやむを得ないかなというふうに認識してございます。その上で、周辺の区はどういうふうなのかというところはあるんですが、今、まさしく周辺の区も考えながら、どういうふうな制度スキームにするかというところは調整しているところでございまして、今、一律に並べて発表することはできない状況でございます。

以上です。",,2025/9/9,子ども子育て・高齢者対策特別委員会,理事者
,令和7年 子ども子育て・高齢者対策特別委員会(9月9日),ほづみ委員,ほづみゆうき,"ありがとうございます。

まず、区立園に関しては、既に最大限定員を準備していただいているので難しいということで、基本的には、私立の園ということで理解をいたしました。

基準に関しては、保育現場における負担ですとか、安全性の担保という範囲でお考えということで理解をいたしました。この場合、先ほどのやり取りの中にもありましたけれども、現実として、どこからも手が挙がらないということも考えられるのかなというふうに思っております。

制度自体に関しましては、保護者の方の孤立感や不安の解消、様々な子育て支援サービスにつながるきっかけになるということ、お子さんに関しては、家族以外の方と関わる機会ですとか、年齢の近い子供との関わりによって、成長、発達に資する豊かな経験が得られる効果が挙げられておりますので、これらの理由に関しては、新支援としても理解をするところです。これがどの程度ニーズがあるのかという点についても、先日の福祉保健委員会でも議論がありましたけれども、実際にスタートしてみないと、なかなかそのニーズが可視化できないという面もあるかと思いますので、どこかしらの制度が利用できるような場所が確保できるよう、ぜひ進めていただけたらというふうには思っておるところです。

次に、資料２について伺います。

こちらは特認校へのプレディの設置ということで、以前から要望させていただいていた点でありまして、これまで御調整いただき、実現に至ったことは大変ありがたく思っております。こちらの条件については、他のプレディと同等となっているかと思いますけども、気になった点としましては登録の部分です。今回の資料においては、主に通学区域内の児童向けの場所としての利用を想定というふうにありますけれども、特認校においては、御存じのとおり、通学区域以外からも児童が来られているケースがございます。例えば、学区としては明石小だけれども、通っている学校は城東小というような形で、その中で、各家庭において、今回でいうところの城東小のプレディを選択することも、明石小のプレディを選択するということも可能かどうか確認できればと思います。

もう一つ、プレディの利用に関しましては、現状の仕組みでいうと、登録が１施設のみとなっているかと思います。これも同じような形で、今回の特認校におけるプレディにおいても適用されるのかというところについても確認できればと思います。

最後に、もう一点、運営方法のところです。今回、常盤小学校に関しては、業務委託ということでした。特に、事業者選定のようなスケジュールについて示されていないところです。これは、既にどこか別のプレディを運営されている事業者の方に、常盤小について運営を委託するような形なのかというふうに思うんですけれども、そこについてお示しいただけたらと思います。お願いします。",,2025/9/9,子ども子育て・高齢者対策特別委員会,議員
,令和7年 子ども子育て・高齢者対策特別委員会(9月9日),藤原放課後対策課長,ほづみゆうき,"特認校のプレディの選択と利用についてでございます。

もともと、特認校のプレディに関しましては、背景としましては、特認校の通学区域内に居住する子供が増えている中で、学区域ごとにお子さんが安全で安心に過ごせる放課後の居場所を確保する重要性が高まっているということを踏まえて設置を決めたところでございます。

また、先ほどの委員の御指摘のあった例についてでございますけれども、明石小の学区域の子が城東小に通う場合、どちらのプレディを選択できるのかというところに関しましては、いずれのプレディも選択できます。こちらについては、現在も、通学区域内の学校と異なる学校に通学していて双方の学校にプレディがある場合につきましては、通学区域内の学校か、実際に通学している学校のプレディのいずれかを選択していただくということになってございます。こうした運用につきましては、今般開設する特認校においても、対応に変わりはないところでございます。したがいまして、通学区域の学校と実際に通っている学校と双方でプレディの登録できないという運用は、現状と同様でございます。

また、運営についてでございますが、常盤小学校の委託の部分につきましては、堀留町児童館の指定管理者との連携というところ、これは常盤小学校に限らずですけれども、もともとプレディプラスの運営をしていく中で、地域の児童館と各プレディとの連携という話がある中で、地域ごとに各学校の連携する児童館が決まっているところでございます。今般の常盤小につきましては、堀留町児童館との連携を図っていくというところでございますので、そちらの指定管理事業者が受託するということで準備を進めているところでございます。

以上でございます。",,2025/9/9,子ども子育て・高齢者対策特別委員会,理事者
,令和7年 子ども子育て・高齢者対策特別委員会(9月9日),ほづみ委員,ほづみゆうき,"ありがとうございます。まず、委託の件については、お示しいただきまして、ありがとうございます。あと、登録については、その考え方の部分に関しては今までと変わらずということで理解をいたしました。

特認校においては、十分御存じだと思いますけれども、学校ですとか、学年によっては通学区域の児童の方が極めて少数というケースもあるというふうに伺っております。通学区域外から特認校にお子さんを通わせる保護者の方からは、居場所の充実ですとか、多様化というような観点から、日によって特認校と地元校と選択できるとありがたいという要望もお聞きしております。現状の仕組みがあって、今回新たにというところもありますので、難しい部分もあるかと思いますけれども、どういった形であれば実現可能かなど、今後検討をぜひお願いできればというふうに思っております。

次に、議題で幾つかお伺いをいたします。

まず、子ども・子育て会議の新たな委員の選任の状況について伺います。

今回は、これまでも設定されていました子育て当事者の方とは別に、新たに若者当事者も追加するということで、これまで御説明いただいております。任期としましては、この９月からで、このスケジュールに合わせて、７月に公募が行われていた認識です。この選任の状況について、現状、もう既に選任されているかと思いますけれども、そこについて確認できればと思います。お願いします。",,2025/9/9,子ども子育て・高齢者対策特別委員会,議員
,令和7年 子ども子育て・高齢者対策特別委員会(9月9日),岡田子ども子育て支援課長,ほづみゆうき,"子ども・子育て会議の区民公募についてでございます。

委員御案内のとおり、これまでの子育て当事者３名に加えまして、次期委員の構成メンバーにつきましては、新たに若者２名を加えるというような形で募集をかけたところでございます。この周知に当たりましては、区広報紙をはじめとしまして、ホームページ、ＳＮＳ、そういったところを活用するとともに、庁内において若者が参画する事業等を展開している部署等にも働きかけをいたしまして、関係団体等への周知も行ったところでございます。そうした中で、区民公募の若者につきましては、４人の方の申込みがありまして、評価、審査しまして、構成の２名を決めたところでございます。

以上でございます。",,2025/9/9,子ども子育て・高齢者対策特別委員会,理事者
,令和7年 子ども子育て・高齢者対策特別委員会(9月9日),ほづみ委員,ほづみゆうき,"ありがとうございます。

今回、若者当事者の枠としては４名応募があって、もともと枠として設定されていた２名を選任されたということだと思っています。今回、新規の募集であるということと、募集期間が２週間程度とかなり短かったということ、あとは区政世論調査などを見ていましても、これらの年代の方はあまり区のおしらせなどを見ていないことを踏まえると、手が挙がるのはなかなか難しいのではないかというふうに思っていたところだったので、４名応募があって、２名を無事選べたというところで、よかったと思っております。これまで子ども・子育て会議においては、子育て当事者の方の声を積極的に拾っていただいて、その実現につなげてきていただいたというふうに考えております。子育て当事者の方については引き続き、そして、それと同時に、今回新たに選任された若者当事者の方の意見もぜひ積極的に聞いていただいて、今後の政策に生かしていただくことを期待しております。

次に、前委員に引き続き、認可外保育施設への補助についてお伺いします。

前提の部分については、前委員のお話と重なるところから、省略いたしますけれども、９月から東京都の助成拡大によって、様々な自治体において、もともとの補助額以上に補助が行われているような例が多々ございます。23区の状況を確認しますと、月当たりの補助額が８万円もしくはそれ以上に増額されている区は23区中15区ありました。４万円台の補助となっている区は、本区を含め、６区程度にとどまっております。基本的な考え方としては、先ほどの質疑にもありましたとおり、区として、より厳格な基準がある認可のほうをできる限り使っていただきたいというようなお考えは十分理解をするところです。他方で、本区の事情としては、これも先ほど説明がありましたけれども、必ずしも認可園に十分な空きがなく、一定程度、これらの施設は待機児童の対策としての役割もあるということ、あと、今回、東京都の助成もあるということ、さらに、先ほど御説明したとおり、近隣の状況などを見ますと、既に多くの区で導入実績があることを踏まえますと、こちらは本区としても進めていくべき段階にあるのかなというふうに考えております。特に、既に他区で導入されているにもかかわらず、本区で導入されていないという点については、やはり実際の利用者の方からの要望は根強く、現在、署名活動のようなことも行われております。本区としても、導入をぜひ進めていくべきと考えますけれども、先ほどの質疑を見ますと、まだ慎重な立場というところについては確認をさせていただきました。

こちらについて幾つかお伺いしたいのは、まず１つとして、先ほどの質疑の中で、通常の認可園に対して、取り合いをする可能性というような話があったかと思います。こちらについては、実際、今後起こり得る話だと思うんですけれども、先ほどもあったとおり、現状でいうと、認可園についてもゼロから２歳枠でいうと、かなり枠が少なくなっている、定員に余りがないというような状況では、少なくとも現状においては取り合いということについては考える余地はないのではないかというふうに思っています。一つの考え方としては、例えば待機児童である、要するに、認可園に申し込んだけれども、待機児童になってしまったというような前提条件を設けた上で、そういった方に対して補助をするような考え方もあるのかなというふうに思いますので、そちらの考え方について、ひとつお伺いできればと思います。

もう一つ、先ほど中央区の保幼小連携の事例が東京都の場で発表されたというような話がありましたけれども、それに関しては、要するに、中央区の認可園、幼稚園も含めてだと思いますが、そちらの実践によって安定的に小学校段階に移ることができるというようなことで発表されたのではないかというふうに思います。こちらについては、要するに、どこの施設に入られていたかというところは、当然、いろいろな情報で分かるところかと思うんですけれども、認可保育園なり、区立の幼稚園に行かれていたお子さんと、認可外の保育施設に行かれていた方で、学校への適用状況に対して何かしら違いがあったのかみたいなところに関しても、そういった発表の中で分析のようなものがあったのかどうか。それがもしあるのであれば、もう少し簡略化してで結構ですけれども、お示しいただけたらと思います。

２点よろしくお願いします。",,2025/9/9,子ども子育て・高齢者対策特別委員会,議員
,令和7年 子ども子育て・高齢者対策特別委員会(9月9日),金広保育課長,ほづみゆうき,"委員の先ほどの御指摘のとおり、やはりゼロから２歳児は、本区において厳しいところは確かでございます。そのため、区としては、ゼロから２歳児につきましては、認証保育所を、今まではゼロから５歳児のところをゼロから２歳児に、もともとの認証保育所の役割を踏まえた上で、ゼロから２歳の保育料を手厚くすることで、全体的にゼロから２歳の受皿に移行させていっているところでございます。そういった対応をしておりますので、ゼロから２歳児についても、今後そういった整備が行われていく考えもございますので、その中で、あえて認可外について、また、そこにさらにという考えはございません。

あとは、認可外に行かれた方の小学校の適用状況というところについては、個別に一人一人、この子は認可外だから駄目だとか、認可だからよかったというような統計は取ってはございませんけれども、全体的に、小学校に上がるときに、お子さんにどういったことを保育園の中でやっていってほしいという話を共有しながら対応していって、小学校に上がったときに困らないような対応を保幼小の中で取っているところでございます。

以上です。",,2025/9/9,子ども子育て・高齢者対策特別委員会,理事者
,令和7年 子ども子育て・高齢者対策特別委員会(9月9日),ほづみ委員,ほづみゆうき,"補助の考え方について、認証保育所でそういった役割を担っているので、認可外ではそこの考えは現状でないということであったかと思います。認証のほうでやられている部分があるということなのであれば、今後のニーズ等も踏まえて、認可外も認証保育所に準ずるような扱いをするですとか、そういった考え方もあるかなというふうに思いますので、こちらについては引き続き要望してまいりたいと思います。

もう一つ、保幼小の連携の効果に関してですけれども、こちらについては具体的なデータはないということでおっしゃっていただいたところですが、こちらについて何かしら効果を示すことができるのであれば、保護者の方にそれをアピールすることによって、区としてはこう考えているし、こういう成果もあるのだから、こちらのほうが望ましいというような考え方、誘導もできるかと思いますので、そこについては、ぜひ引き続き調査検討をしていただけたらというふうに思っております。

一方で、保護者の方々のそういった要望は現状もあるところです。こちらについて、聞いているところによりますと、本日が締切りで署名についても提出されるようなことを伺っております。当事者の方の課題意識とかを踏まえて、こちらについても、ぜひ前向きに御検討いただけたらというふうに思っております。

次に、保育園における、タイミーなど、いわゆるスポットワークの利用状況についてお伺いをいたします。

保育業界に限った話ではないですけれども、近年、様々な業界で人不足という課題がありまして、その一つの対応策として活用が進んできているのが、この手のスポットワークのサービスです。近年では、保育園でも利用されている例があるというふうに伺っております。人不足の中で、すぐに必要な人材を確保できることや、実際に働いている姿を見られるということで、今後の採用の機会としても活用できるというメリットが挙げられています。他方、十分に身元確認ができない方が保育の現場に入ることに対して、保護者の方から不安という声もございます。区内の保育施設において、これらのスポットワークの利用状況について把握されているかどうかという点と、区としてのこれらに対する考え方についてお伺いできればと思います。お願いします。",,2025/9/9,子ども子育て・高齢者対策特別委員会,議員
,令和7年 子ども子育て・高齢者対策特別委員会(9月9日),金広保育課長,ほづみゆうき,"スポットワーク、いわゆる隙間バイトにつきましては、利用している園があることについては認識してございます。どれぐらいの園が利用しているかというところについては、今、手元に資料はないですけれども、やはり年度途中の急な退職、そして急なお休みなどの際に、配置基準を満たさずに預かることがないように、一時的に利用しているということについては聞いているところでございます。その上で、こども家庭庁が２月に通知を出しまして、隙間バイトにより採用された職員を最低基準上の保育士の定数の一部に充てることは望ましくない、一方で、病気等のやむを得ない事情により当日の欠員が急遽出た場合に活用する等のことは、一概に避けられるものではないということと、短期の隙間バイトの利用を繰り返すことについては望ましくないですよといった内容の通知がございまして、こちらについては、全園に周知したところでございます。引き続き、区としては、この通知がちゃんと浸透しているかどうか改めて確認しながら、保育の質に影響が出ていないかどうか、巡回を通じて確認していく考えでございます。

以上です。",,2025/9/9,子ども子育て・高齢者対策特別委員会,理事者
,令和7年 子ども子育て・高齢者対策特別委員会(9月9日),ほづみ委員,ほづみゆうき,"ありがとうございます。こども家庭庁の通知等々を活用して、周知に当たっていただいているということで理解をいたしました。

一方的にネガティブとは思っておりませんで、先ほども申し上げたとおり、実際に働いている姿を見ることによって、採用の機会というケースもあり得ると思っております。そういったポジティブな面も含めて、適切に管理していただいて、利用いただくということを今後も徹底していただけたらというふうに思っております。

続けます。次に、敬老大会についてお伺いをいたします。

今年度は歌舞伎座で開催されておりまして、予算書を拝見しますと9,263万円で、招待者数は9,040名とされております。こちらについて、対象者は70歳以上で、近年でいうとおおよそ２万人程度おられる中での申込みということで、申込みの状況によっては、全員当選されたり、一部の落選の方がおられたりという状況と認識をしております。以前、2023年度の状況について伺った際には全員が参加できたというふうに伺っておりますけれども、今年度については、どういった状況なのかという点について確認させていただけたらと思います。お願いします。",,2025/9/9,子ども子育て・高齢者対策特別委員会,議員
,令和7年 子ども子育て・高齢者対策特別委員会(9月9日),阿部高齢者福祉課長,ほづみゆうき,"今年度は歌舞伎座さんで５日間ですけれども、申込みされた方が合計で9,350人ほどいらっしゃいまして、抽せんになりました。350人ほど落選となったんですけれども、150人以上の方のキャンセルが出たため、結果的に、お席が用意できなかった方の人数は約200人となっております。

以上です。",,2025/9/9,子ども子育て・高齢者対策特別委員会,理事者
,令和7年 子ども子育て・高齢者対策特別委員会(9月9日),ほづみ委員,ほづみゆうき,"ありがとうございます。9,350名申込みで、結果的には200名の方が落選ということであったかと思います。

こちらについて、以前、本件を伺った際に、本事業は1974年から続いている歴史のある伝統事業ということで伺っております。敬老慶祝という意義については理解いたしますけれども、23区の中で本区ほどの規模感、予算額で事業を行っているような区は、調べた限りではないというふうに思っております。その中で、今後さらに事業規模を拡大するという方向性は考えにくい一方、さらに高齢の方が増えるというところもありますので、こちらについて当選する確率というのは、現状でいうと申し込めばほぼ当たるという状況かと思いますけれども、この割合についても少しずつ下がってくるものだと思っております。こちらにつきましては、当たらなかったというようなお声をいただくこともあるんですけれども、こちらについては、常に毎年当たるものではないというところ、ただし、以前にもお伺いしたんですけれども、２年に一度は当たるような形の設計になっているということで伺っておりますので、そういったところについては、ぜひ引き続き周知をしていただけたらというふうに思っております。

次に、いきいき館に関してお伺いをいたします。

社会的な孤立の防止ですとか、フレイル予防、生きがいづくりといった観点から、ぜひ施設の登録利用者は増やしていくべきというふうに考えているところです。行政評価には登録者数が示されていまして、令和５年度末では5,668人ということです。同年４月１日の人口を見ますと、60歳以上は３万5,200人で、割合を見ますと16.1％です。登録されてしばらく来館がない方にはお電話するような仕組みがあるなど、登録された方に関しては、何らかの支援なり、接点になるというふうに考える一方で、この数字を見ると、８割以上の方がまだ登録されていないという点は課題に感じるところです。これまでも周知等を行っていただいているところかと思いますけれども、どういった形で周知をやられているかですとか、現状の数字の受け止めというところについてお伺いできればと思います。

また、この登録割合につきまして、年代によっても、かなり登録者数は変わってくるかと思いますので、こちらの分析なども、もしあればお示しいただけたらと思います。お願いします。",,2025/9/9,子ども子育て・高齢者対策特別委員会,議員
,令和7年 子ども子育て・高齢者対策特別委員会(9月9日),阿部高齢者福祉課長,ほづみゆうき,"いきいき館、敬老館は区内に３館ありまして、こちらにつきましては、登録者数が対象者数の16％ほどということなので、周知にはかなり力を入れてやっているところでございます。先ほどの敬老大会では、毎回、参加者全員に敬老館のチラシを配布しておりますし、その他、敬老館の近隣の町会・自治会さんや郵便局や薬局などに御了解いただいて、毎月行事予定が載っている館だよりの配布や掲示をしております。それから、敬老館の職員が、高齢者通いの場ですとか、高齢者クラブなどに直接行きまして、館のＰＲを行うなどしまして、登録者数を増やす努力をしております。人口も増えているので、割合については、６年度末の時点でもあまり変わらないですけれども、登録者数が６年度末時点で6,183人になりまして、前年度と比較しますと500人増えております。実際、60歳以上の人口の増を見ますと、1,700人ぐらい増えている中の500人の方に登録していただいているということでは、かなり周知は成功しているのではないかと考えております。

前は、区の広報を見ていらっしゃるという方が多かったんですけれども、最近ですと、口コミといいますか、利用者さんが誘って来るというようなパターンも増えてきているということで、実際に来ていただいている方には大変満足していただいている表れかと考えておりますので、引き続き周知には力を入れていきたいと考えております。

以上です。",,2025/9/9,子ども子育て・高齢者対策特別委員会,理事者
,令和7年 子ども子育て・高齢者対策特別委員会(9月9日),ほづみ委員,ほづみゆうき,"ありがとうございます。

様々な場面で周知いただいているというところ、あと直近の数字としては6,000人を超えているというところだったと思います。新型コロナウイルス感染症の影響等もあって一時的に下がっていたところが、少しずつ上がってきているという面もあるのかなというふうに思っているところです。

すみません。先ほどお伺いしたところで、年代によっての登録者数の割合ですとか、その辺についてお示しいただきたいというところが１つと、先ほど1,700名近くから500人程度増加されているという話があったんですけれども、前年度比で対象の年代の方の人口が増えて、その中でということではなくて、登録者数の前後比較で500名程度増えたということなのかと思います。要するに、今まで住んでいらっしゃった方も、そこの500名の中に含まれているのではないかと思いますけれども、そこの考え方について確認できればと思います。お願いします。",,2025/9/9,子ども子育て・高齢者対策特別委員会,議員
,令和7年 子ども子育て・高齢者対策特別委員会(9月9日),阿部高齢者福祉課長,ほづみゆうき,"先ほどの年代別の割合ということでは、人口が毎年度増えていくに伴って、令和３年度以降は毎年度増えていっているところではございますけれども、令和２年度、令和３年度につきましては、やはりコロナの影響で休館しましたり、事業自体が休止となっていた関係で、登録者数が増えていかなかったということもありまして、そのときだけは特別に少なかったんですけれども、それ以外は毎年度増加をしているところです。

5,668人が、同じ１年後の時点で6,183人になったので、ここは500人増なんですけれども、転入された方ばかりではなく、自然に年齢を重ねて60歳になった方も当然いらっしゃるんですが、実際の60歳以上の人口が３万4,600人ぐらいだったのが、３万6,400人ぐらいに増えているんです。１月１日時点で見ているんですけれども、実際、人口が1,700人増えている中で、500人の登録者が増えているということで、転入者も従来から住んでいる方もいらっしゃるというふうに考えています。

すみません。年代というのは、年齢別ということでしたか。ごめんなさい。正確な数字は今すぐ出ないですけれども、70代が多いです。60代は比較的少なくて、70代以上の方がたくさん使っているという状況になっております。

以上です。",,2025/9/9,子ども子育て・高齢者対策特別委員会,理事者
,令和7年 子ども子育て・高齢者対策特別委員会(9月9日),ほづみ委員,ほづみゆうき,"ありがとうございます。すみません。分かりにくい表現で失礼いたしました。

60代は少なくて、70代が多いということでしたので、そうすると、年代のボリュームを見ても、今の16.1％という数字に関しては、意外と多いという見方もできるのかなというふうに思いました。こちらについては、十分御承知のところかと思いますけれども、本区でひとり暮らしの高齢者の方も多く居住しておられますので、いかに積極的に接点を持っていただくかというところが今後の医療、福祉につながって、より健康に長生きしていただくことにも直結するかと思いますので、ぜひ周知について引き続きお願いできればというふうに思っております。ありがとうございます。",,2025/9/9,子ども子育て・高齢者対策特別委員会,議員
,令和7年 子ども子育て・高齢者対策特別委員会(9月9日),墨谷委員,墨谷浩一,"私からは、理事者報告、資料３の中から質問させていただきたいと思います。

新型コロナウイルス感染症定期予防接種の自己負担額の減額についてということで、接種を希望されている方にとっては、負担額が軽減されるということはよい取組というふうに考えております。75歳以上の方については、自己負担額がゼロ円ということで、また65歳から74歳については、従来の3,500円から2,500円に減額されるというふうに、今回、報告をいただいているところでございます。

まず最初に、本区の接種者の見込み、また価格設定の考え、そしてまた対象者への御案内についてどのように考えていらっしゃるのかお聞かせいただきたいと思います。",,2025/9/9,子ども子育て・高齢者対策特別委員会,議員
,令和7年 子ども子育て・高齢者対策特別委員会(9月9日),武田健康推進課長,墨谷浩一,"まず、今年度のコロナの定期予防接種の接種者数の見込みについてでございます。

昨年度の実績が、年代によって少しずつ接種率は異なるものの、押しなべて28％ほどでございましたので、５％ほど増えても、のみ込めるというようなことで考えて、全年齢を平均すると33％ほどと、年代ごとに設定したパーセンテージは異なりますが、おおむねその程度を見込んでおります。

それから、価格の設定ですけれども、昨年度は、国の国庫負担金があって、もともと１万5,000円を超えるぐらいのものだったところに8,300円ほどの国からのお金があって、そこから各自治体がどのように価格設定するかというところでございました。昨年度は、直前に、今回と同じように都の1,000円補助があったんですけれども、1,000円の補助の発表がある前には、今年度と同じように3,500円というふうに考えておりました。それは、もともと無料で臨時接種、特例接種が行われていたところから考えると、大きな変化を来すべきではなかろうというようなことで、その価格に設定したところでございます。今年度につきましても、令和６年度とそこまで大きな価格の変動を来すべきではないのではないかということで、当初、3,500円というふうに設定しております。今回、都の1,000円の自治体への補助が発表されたということで、2,500円という自己負担額に変更となったところでございます。

周知につきましては、区報でもお伝えしますのと、ホームページ、またＳＮＳなどでもお知らせをしていく予定でございます。価格が一部変更になりましたので、その点も併せて区報では今後お伝えしていく考えでございます。

以上です。",,2025/9/9,子ども子育て・高齢者対策特別委員会,理事者
,令和7年 子ども子育て・高齢者対策特別委員会(9月9日),墨谷委員,墨谷浩一,"御丁寧にありがとうございます。

まず、例年から見て、接種する方をおおむね33％ぐらいと見込んでいるということでお話しいただきました。また、案内については、区報やＳＮＳを駆使していただくということで、高齢者なので、何かお知らせがいくのではないかというふうに思うんですけれども、その辺をもう少し詳しく教えていただきたいと思います。

新型コロナウイルスの接種ですけれども、受けたほうがいいのか、受けないほうがいいのかという質問を私も時々いただくんです。これは任意というか、自分で考えたほうがいいのではないかと。私は、やったほうがいいとか悪いとかと言うことは避けているんです。その辺の本区として接種についてのお考えを教えていただきたいのと、今回、オミクロン系統から派生したニンバス株は、調べてみると、感染力、免疫回避能力が高い。また、喉の強い痛みや発熱が比較的多い。重症化リスクは従来のオミクロン株と同等ということが出ております。また、日本で使用されている主なワクチンの製品ですけれども、例えばファイザー、モデルナ、第一三共、武田薬品、Ｍｅｉｊｉ Ｓｅｉｋａファルマ、その中でｍＲＮＡワクチンが４社、武田薬品は不活化ワクチンということで、当初も選べるような状況ではなかったかもしれないですけれども、そういうメニューがあるということで、病院に行ったときに惑うことはないのか。その辺の情報をお知らせしたほうが、不活化ワクチンとか、違いがあるのだということなどもちゃんとお伝えしたほうがいいのではないかというふうに思いまして、本区のお考えを教えていただきたいと思います。",,2025/9/9,子ども子育て・高齢者対策特別委員会,議員
,令和7年 子ども子育て・高齢者対策特別委員会(9月9日),武田健康推進課長,墨谷浩一,"まず、すみません。先ほど周知の中で、私、答弁が一部漏れてしまいまして、接種の対象の方には個別に通知をお送りしております。予診票とともにお送りしておりますので、接種対象の方には確実にお知らせがいっております。

それから、ワクチンそのものに対する考え方ですけれども、こちらはＢ類疾患とされますので、例えばはしかなどのように、接種の努力義務はないものでございます。ですので、個人の重症化を防ぐですとか、そういったことが目的とされるもので、世間一般の流行を抑えるために接種するものではないということでございます。ただ、効果については、国の厚労省の委託事業で研究がこれまでもなされておりまして、発症の予防ですとか、65歳以上や60歳以上での発症予防や入院予防の効果も示されているところでございますので、そういったところから、Ｂ類疾患として、国のほうで定期接種という形で実施をされているというふうに考えております。

それから、ワクチンのメニューについてですが、委員御指摘のとおり、種類としては複数ございますし、会社も異なるところですが、どのワクチンを各医療機関で卸すかというのは、医療機関ごとの選択となりますので、区としてこれを勧めしますとか、そういったところまでは申し上げられないところでございます。

以上でございます。",,2025/9/9,子ども子育て・高齢者対策特別委員会,理事者
,令和7年 子ども子育て・高齢者対策特別委員会(9月9日),墨谷委員,墨谷浩一,"御答弁ありがとうございます。先ほどの周知については、個別通知の中で入れていただくということで安心しました。

個人の重症化を防ぐという意味で、高齢になると、必要な方はしっかりと打ったほうがいいのではないかというような考えもあるのかなというふうに思いました。

最後に、介護施設等、この接種はどういうふうに考えるのか。また、そこで働いている方への接種の支援というのは、本区としてどのように考えているのか、その点について教えていただきたいと思います。",,2025/9/9,子ども子育て・高齢者対策特別委員会,議員
,令和7年 子ども子育て・高齢者対策特別委員会(9月9日),武田健康推進課長,墨谷浩一,介護施設での接種及び介護施設にお勤めの方々に対する接種については、区として特に勧めているところではございません。特に、お勤めの方々につきましては、定期接種の対象となる年齢でない方々もおられるところでございますので、現時点では、そういった方々に対する接種というのは勧めてはいないところでございます。,,2025/9/9,子ども子育て・高齢者対策特別委員会,理事者
,令和7年 子ども子育て・高齢者対策特別委員会(9月9日),墨谷委員,墨谷浩一,"御答弁ありがとうございます。介護施設での接種、また働く方への接種は、本区としては考えられていないということで、介護施設で、例えば接種を受けたいという方はいるんですか。それとも、お医者さんが行って接種の人を決めているようなところもあるのか。介護施設でも風評で、コロナが出たよとか、お父さん、お母さんが入所しているので、行って私も話を聞いたりとかするんですけれども、そういった方はどういうふうになるのかなというふうに思ったのと、金額なんです。例えば、介護施設で働いている方が自分で受けようとなった場合は、現状、本当は幾らぐらいになるんですか。3,500円引く幾らというのでなく、病院に行くと幾らぐらいになるのか、その点について教えていただきたいと思います。",,2025/9/9,子ども子育て・高齢者対策特別委員会,議員
,令和7年 子ども子育て・高齢者対策特別委員会(9月9日),武田健康推進課長,墨谷浩一,"まず、自己負担、定期接種によらない形での接種となりますと、医療機関ごとに価格の設定は異なりますが、おおむね１万5,000円ほどになるのではないかと、これは推測の域を出ませんけれども、そのように考えます。

それから、例えば介護施設でコロナの集団発生があったような場合には、保健所に報告があれば、こちらのほうで専門職を中心に職員が参りまして、どういう感染対策をしているか、もし足りないようなところがあれば、その点の指摘と、対策等をどうしていこうかというようなことを助言するようなことも行っておりますし、介護施設など高齢者の方が御利用になる福祉施設向けのマニュアルなども都が出しておりますので、そういったものも用いて御説明をするというようなこともしております。

以上でございます。",,2025/9/9,子ども子育て・高齢者対策特別委員会,理事者
,令和7年 子ども子育て・高齢者対策特別委員会(9月9日),阿部高齢者福祉課長,墨谷浩一,"コロナのワクチンにつきましては、５類感染症移行後は各自の判断というところもございますけれども、確かに、介護施設でクラスター等が起きてしまう場合もございますので、検査薬などにつきましては、ちゃんと常備するようにしておりますし、区立の特養のほうは医師が常駐しておりますので、そういったところとしっかり相談しながら、クラスターが起きないような、しっかりした感染予防対策についてはやっているところでございます。

以上です。",,2025/9/9,子ども子育て・高齢者対策特別委員会,理事者
,令和7年 子ども子育て・高齢者対策特別委員会(9月9日),墨谷委員,墨谷浩一,"介護施設等にいらっしゃる方、また働く方への支援というのは、私は何か必要ではないかなというふうに感じていたんですけれども、本区としては、介護施設で新型コロナにならないように、しっかりと支援をしているというところが分かりました。大事なお父さん、お母さんが入所されたりとかしていて、会えなくなってしまうとか、そういったことがあると思いましたので、私は質問させていただきました。これからも新型コロナというのはまた続くのではないかなというふうに思いますので、さらなる対策をよろしくお願いいたします。

以上です。ありがとうございます。",,2025/9/9,子ども子育て・高齢者対策特別委員会,議員
,令和7年 子ども子育て・高齢者対策特別委員会(9月9日),山本委員長,山本理恵,"ありがとうございます。

質疑の途中ではありますが、ここで休憩に入らせていただきます。再開は午後３時15分でお願いします。

（午後３時３分 休憩）

（午後３時15分 再開）",,2025/9/9,子ども子育て・高齢者対策特別委員会,議長/委員長
,令和7年 子ども子育て・高齢者対策特別委員会(9月9日),山本委員長,山本理恵,"それでは、委員会を再開いたします。

次の質疑のある方。",,2025/9/9,子ども子育て・高齢者対策特別委員会,議長/委員長
,令和7年 子ども子育て・高齢者対策特別委員会(9月9日),白須委員,しらす夏,"よろしくお願いいたします。

子どもの居場所づくりについては、これまで多くの議論が重ねられてまいりましたが、単身高齢者も増加する中で、高齢者の居場所や孤立などについて大きな課題が出てきていると感じております。

まず、本区における高齢者の現状、特に単身高齢者の実態についてどのように把握しているのかお聞かせいただけますでしょうか。また、孤立や孤独を防ぐために、見守り体制がとても大切だと考えております。おとしより相談センターや民間事業者、町会・自治会などとの連携について、今後広げていく必要性があると、区としては感じているかどうか、お考えを伺いたいと思います。",,2025/9/9,子ども子育て・高齢者対策特別委員会,議員
,令和7年 子ども子育て・高齢者対策特別委員会(9月9日),阿部高齢者福祉課長,しらす夏,"調査の結果により、本区におきましては、国や都に比べますと単身高齢者世帯が多いといったデータがありますので、やはりひとり暮らしの高齢者は増えていると考えております。ひとり暮らしの高齢者だけではなく、高齢者のみ世帯もたくさんありますので、高齢者の方の居場所につきましては、敬老館、いきいき館は、60歳以上の方でしたら、どなたでもいらしていただいて、健康づくりですとか、生きがいづくり等、そこでお友達をつくることもできますし、そういった形で孤立防止を特にやっております。また、敬老館になかなか来られない方につきましては、地域の方が主体になって運営していただいています高齢者通いの場もどんどん増えているところでございますので、そちらに参加していただいて、体操ですとか、いろいろな歌を歌ったりですとか、そういった形で過ごしていただくというような場も、今、つくっているところです。

見守りにつきましては、地域の方の御協力を得て見守り団体を結成していただいたところには助成金を出すなどして支援をして、最低でも月１回は訪問して見守りしていただくような形を取っていただいたり、また、高齢者クラブも、クラブの会員同士での見守り等もやっていただいているところです。今後も見守り体制は強化していきたいとは思っておりますけれども、やはりおとしより相談センターを中心として、民生委員ですとか、地域のいろいろな方と連携しながらやっていきたいと考えております。

以上です。",,2025/9/9,子ども子育て・高齢者対策特別委員会,理事者
,令和7年 子ども子育て・高齢者対策特別委員会(9月9日),白須委員,しらす夏,"御答弁ありがとうございました。

本区におきましては、若い世代の方が多く入っている中で、ひとり暮らしの高齢者が多いという特徴があると認識しておりますので、しっかりと把握していただいて、お声かけなどをしていただけたらと考えております。

また、先ほどの委員のお話でも出ましたように、敬老会やいきいき館、通いの場等もありまして、全然出てこられない方も多いと思いますので、常連さんだけではなくて、出てこられるように、知らない誰かとの出会いを見つける方、私もお話ししてみると、探していらっしゃる方々がいらっしゃいますので、チラシとか、いろいろお声かけをしていただけたらと考えております。

また、本区におきましては、ひとり暮らしの高齢者の方々には配食弁当のサービスも行っておりますし、ボランティア団体さんでもやっていらっしゃると思うんですが、近年、お取りになる方が増えているかということと、やはりボランティアの方々が作っている弁当は手作りということで、かなり評判がよくて、そちらのほうも人気であると伺っております。区で補助をしている配食弁当のほかに、ボランティアさんが作っているお弁当をお取りになりたいという、この違いはどういうふうになっているんでしょうか。手作り弁当を作っていることを知らない方もいらっしゃるんですけれども、うわさで聞いたという方もいらっしゃいます。お声かけなどをして知っているのか、配食弁当とボランティアさんが作る弁当の取り方の違いについてお聞かせいただけたらと思います。",,2025/9/9,子ども子育て・高齢者対策特別委員会,議員
,令和7年 子ども子育て・高齢者対策特別委員会(9月9日),阿部高齢者福祉課長,しらす夏,"高齢者食事サービスにつきましては、社会福祉協議会に委託して実施しているものでございます。こちらは、基本的に毎日、昼食と夕食を１週間分ですとか、御自分の御希望に応じてやっているところですけれども、民間の配食サービスを利用する区民の方のほうがどちらかというと多いというところもございまして、そちらがどうしても目立ってしまうというところはあるんですが、社会福祉協議会のほうでは、それぞれこういったものがありますよということではお知らせはしているところです。

協力員の方による配食というのは、前にやっていた団体が活動を終了してしまったりですとか、協力員の方による提供がなかなか難しくなっている状況もあります。協力員の方が高齢化しているですとか、常時募集しているけれども、なかなか増えないですとか、そういった状況もございまして、今、回数も月に２回、昼のみやっていただいているというような形になってしまうので、どうしても日々の見守りという形では民間の配食サービスを御利用していただくことが多くなっている状況でございます。特に民間以外のところを強くＰＲしているということではないですけれども、いろいろな事情がありまして、民間のサービスのほうを使う方が一般的になっております。

以上です。",,2025/9/9,子ども子育て・高齢者対策特別委員会,理事者
,令和7年 子ども子育て・高齢者対策特別委員会(9月9日),白須委員,しらす夏,"御答弁ありがとうございました。

ボランティアの協力員の方々が高齢になられて、なかなか継続も難しいですし、増やしていくのも困難である状況は把握しております。また、若い方々のボランティアの機会を増やすのもすばらしいと思いますので、中央区に唯一ある大学にお声かけしましたり、小・中学生や高校、大学生の方にも、高齢者の方にお弁当を作って、お届けしませんかというようなお声かけも今後強化していただけたらと考えております。よろしくお願いいたします。

次に、世代間交流というものはすばらしいと考えております。子供と高齢者が交流、触れ合うというのはなかなか難しく、そんなにうまくはいかない、簡単ではないと考えておりますが、お互いにとって、学びや安心につながる大切な機会だと考えております。区内でそのような交流の場を増やしていったらいかがかと考えております。また、既存施設の活用や新たな整備、またイベントなどを通じた取組についても今後増やしていただけたらと考えておりますが、お考えをお聞かせください。",,2025/9/9,子ども子育て・高齢者対策特別委員会,議員
,令和7年 子ども子育て・高齢者対策特別委員会(9月9日),阿部高齢者福祉課長,しらす夏,"やはりまた敬老館というところになってしまうんですけれども、敬老館では、特に多世代交流に力を入れてやっておりまして、高齢者向けの施設ですので、高齢者の方を中心に考えますと、高齢者にとって若い世代との交流がすごく活力になったりですとか、認知症予防にもつながるなどのメリットがあるということから、近隣の保育園や児童館、また小学校のお子さんたちを敬老館に招待して、歌ですとか、楽器演奏などを一緒に楽しんだりといった事業を年々増やしていって、多世代交流には非常に力を入れているところです。年に１回、まるごとミュージアムの日には、勝どき敬老館で利用登録者以外の若い方でも、どなたでも入館を可能としていて、そういった取組もしております。まず、そちらを敬老館で特にやっているところでございます。

以上です。",,2025/9/9,子ども子育て・高齢者対策特別委員会,理事者
,令和7年 子ども子育て・高齢者対策特別委員会(9月9日),白須委員,しらす夏,"御答弁ありがとうございました。敬老館では、多世代交流を盛んに行っているということで安心しました。今後も、すばらしい取組の強化を広げていただけたらと考えております。よろしくお願いいたします。

また、区民の皆様が、年齢にかかわらず、孤立することがないように安心して暮らせる中央区の実現に向けて、引き続きの御努力をお願い申し上げまして、私の質問を終わらせていただきます。ありがとうございました。",,2025/9/9,子ども子育て・高齢者対策特別委員会,議員
,令和7年 子ども子育て・高齢者対策特別委員会(9月9日),山本委員長,山本理恵,副委員長は委員席へお移りください。,,2025/9/9,子ども子育て・高齢者対策特別委員会,議長/委員長
,令和7年 子ども子育て・高齢者対策特別委員会(9月9日),奥村委員,奥村暁子,"それでは、初めに、資料１の乳児等通園支援事業（こども誰でも通園制度）について質問をします。

ほかの委員の方などからもいろいろと質問や課題などが出されていましたけれども、議論を通じて、やはり区として積極的に進めるべき制度ではないのではないかというふうに感じています。今日、御報告の中では、定期利用ということで、利用する曜日や時間帯も固定するというお話がありました。もともと、この制度は、予約方法としてスマホアプリで予約すれば、全国どこでも市区町村が認定した保育施設に預けられるような制度設計にしていたと思うんですけれども、そのあたりは、先行している自治体などからの要望ですとか、声なども聞きながら変わったということなのか、それとも区として独自にこういう定期利用という考え方を取ることとしたのか、まず、その点についての確認をさせていただきたいと思います。

それと、新たに預かる子供を増やすということですと、その分の職員の配置なども手厚くしていく必要があると思いますが、職員の配置についての財政支援というものがどのようになっているのかという点もお示しいただきたいと思います。

それと、実際に新たに子供を、定期的であれ、例えば週１回とか、そういう頻度で預かるということであれば、今いる保育士の方などにも負担は大きいというふうに思います。慣らし保育のような制度というものはないのかどうか、事前の顔合わせなどの機会はないのかということと、保育士の方たちの負担感という点について、保育士の方たちの声はどのように聞き取っているのか。現場で保育に当たる当事者の方たちの声も大事だと思いますが、その点についてもお示しいただきたいと思います。",,2025/9/9,子ども子育て・高齢者対策特別委員会,議員
,令和7年 子ども子育て・高齢者対策特別委員会(9月9日),金広保育課長,奥村暁子,"誰でも通園制度につきまして、委員御紹介のあったとおり、国では気軽に一回一回単発で利用できるスポット利用というものも可能としているところですけれども、区のほうで改めてこの事業目的を考えてみましても、子供の育ちを支援して良質な生育環境を整備する、こちらは多様な経験をさせてあげるという意味にもつながりまして、それが果たしてスポット利用だと実現可能かというところも考えさせていただいた上で、区として独自に定期利用にさせていただいたところでございます。

配置について等々のお話ですけれども、少し説明させていただきますと、定期利用にしただけでなくて、区独自の取組として利用定員制というものを導入させていただいております。こちらについて説明させていただきますと、誰でも通園制度で乳幼児を受け入れる方法として、一般型と余裕活用型というものがございます。一般型イコール利用定員制ということで聞いていただければと思うんですけれども、一般型というのは、誰でも通園制度の子供たちの過ごす部屋によって、また、その中で２つに分かれるんですが、１つは通常の保育園の歳児の部屋とは別に専用の部屋をつくる。そして、もう一つは、普通の歳児別の部屋の中で、通常の保育の定員とは別に、誰でも通園制度用の定員を設けて、そこで実施するというものでございます。専用室というのは、なかなか本区において実現的には難しいかなというところになりますと、通常のとは別に定員を設けるほうが現実的であるかなと思うんですけれども、これらの一般型は、どちらも通常保育の定員の外側に定員を設けるというところでございますので、新たに保育士の配置が必要となるものでございます。このように、最初からそれぞれ誰でも通園用に定員を設けて、それぞれの保育所に配置を求めるのが一般型、それがここに記載させていただいている利用定員制という扱いになってございます。一方で、もう一個、国のほうとして認められているのが余裕活用型というものですが、これはどういうことかというと、定員が15名のところ、当初、入園が10名しかなかった。その５名について、定員が埋まるまでの間、誰でも通園制度用に入れてしまおうという考えでございます。そうすると、特に職員の配置も不要になるといったすみ分けになってございますけれども、本区においては、事業を利用する乳幼児の安全や在園児の保育の質を維持するという視点から、最初から利用定員制とさせていただいているところでございます。

その上で、保育士の負担についてどう考えるかというところでございますけれども、委員御紹介のとおり、本事業においては、子供によって在園時間ですとか、利用日時が異なること、日々利用する子供が異なるなどで、保育士にとって、通常の保育とは異なる難しさや負担が想定されます。実際に我々もアンケートを取らせていただいたり、お話を聞かせていただいたところによりますと、やはり現場の保育士の負担を考えて、手を挙げるのは控えたいという事業者のお声も確かにございました。そのため、区は、保育士が通常業務をしながら誰でも通園制度を受け入れる体制とならないように、余裕活用型をやめて、先ほど御紹介させていただいた利用定員制とさせていただいたところでございます。

あと、慣らし保育につきましては、慣らし保育をしなさいということは強制というところではございませんけれども、利用に当たって、まず保護者と事業所は面談をさせていただいております。その中で、どういうふうにしたら子供が自然と慣れていくかという話になってくると思います。例えば、慣らし保育で少しずつ預かることであったりとか、最初のうちは親子で一緒に通園しようとか、そういう話も出てくるかなと思いますが、そちらについては事業所と保護者と相談しながら、また区のほうも、子供にとって、そして現場にとって負担がないように、しっかりと指導していきたいというふうに考えてございます。

以上です。",,2025/9/9,子ども子育て・高齢者対策特別委員会,理事者
,令和7年 子ども子育て・高齢者対策特別委員会(9月9日),奥村委員,奥村暁子,"答弁漏れがありましたかね。では、また後でお答えいただければ。すみません。私のほうが早く手を挙げてしまったかもしれないです。

職員の配置については、子供を１人受け入れるごとに幾らとか、単価が決まっているようなお話もあるようですけれども、そういう方法でいうと、この新たな制度を加えることによって、必要な保育士を確保するだけの費用というものが、子供を何人受け入れられるかによって計算をして、採算が合うのか合わないのかということを事業者ごとに計算していくということになると思うんです。保育士を増やす場合には、どの程度の子供を受け入れていけば、保育士を新たに増やしても事業者として採算が合うとか、そういう採算ラインというものはどのようになっているのか、そういうイメージというものが分かれば、お示しいただきたいと思います。

それと併せて、この制度では、事業者も、そして利用者についても自治体が認可していくということになるので、事故などが起きた際には自治体にも当然責任が出てくるものだと思います。もちろん、事業者の方や保育士の方にも責任がかかってくると思いますが、定期的な利用とはいいながらも、短時間の保育、週に１日とか、そういったものの中で事故などが起きるリスクについては、どう考えているのか、そのリスクに対する責任の果たし方というものを区はどう捉えているのか。事業者のほうも、そのあたりをどのように認識しているのかという点についてもお示しいただきたいと思います。",,2025/9/9,子ども子育て・高齢者対策特別委員会,議員
,令和7年 子ども子育て・高齢者対策特別委員会(9月9日),山本委員長,山本理恵,では、先ほどの答弁漏れの職員配置に伴う財政負担についてと、今御質問いただいた導入の採算ラインと、自治体が認可するということで事故等のリスクについて、この３点で大丈夫ですか。,,2025/9/9,子ども子育て・高齢者対策特別委員会,議長/委員長
,令和7年 子ども子育て・高齢者対策特別委員会(9月9日),奥村委員,奥村暁子,はい。,,2025/9/9,子ども子育て・高齢者対策特別委員会,議員
,令和7年 子ども子育て・高齢者対策特別委員会(9月9日),山本委員長,山本理恵,お願いします。,,2025/9/9,子ども子育て・高齢者対策特別委員会,議長/委員長
,令和7年 子ども子育て・高齢者対策特別委員会(9月9日),金広保育課長,山本理恵,"申し訳ございません。先ほど答弁漏れがございました。

財政負担につきましては、職員加配というか、誰でも通園制度用に職員を配置した場合には、その分の補助につきましては、都の補助金を活用しながら検討をしているところでございます。

その上で、採算ラインが幾らかというところになると、これは非常に計算が難しくて、一概にこれだったら採算が取れるというところは、ぱっとお示しすることができないところになっております。例えば、誰でも通園制度の利用が４時間といったときに、朝の８時から12時まで、そして12時から４時まで、きちんと全ての日にちに人が入って初めて比較できるとか、そういったところがあるかないかなどによって変わってきます。話合いのときに、例えばお母様が私は10時から２時で預けたいわとなったら、２時から先はどうするのとか、そういう話にもなってきますので、必ずしも採算ラインがここだったら取れますというお話は、今の段階ではなかなかできないかなというところになってございます。

今後実施したときのリスクについてのお話ですが、もちろん、こちらの事業を実施しましたら、ふだんの保育の巡回指導を併せて一緒にやってまいります。きちんと安全に誰も通園制度が実施されているかどうかについては、区のほうでしっかり確認していく考えでございます。

以上です。",,2025/9/9,子ども子育て・高齢者対策特別委員会,理事者
,令和7年 子ども子育て・高齢者対策特別委員会(9月9日),奥村委員,奥村暁子,"区としても責任が大きくかかってくることですし、採算が本当に合うのか合わないのか見通しが立たない中で、そういったリスクも取りながら、事業所が本当に実際に手挙げをしてくるのだろうかというところは、大いに疑問を持ちます。区としても、多様な経験を子供たちにしてもらうという制度のよい面ですとか、そういうものは認識しながら制度に取り組んでいくということだとは思うんですけれども、それでも、こういう細切れの利用の中で、子供たちがその園の中でほかの子供たちと関係性を築きながら多様な経験をしていくということが、この短時間の中で本当にできるのかということも疑問です。家庭だけではなくて、地域社会も含めて、子供たちの育ちを協働で公的に支えていくということ自体は大事なことだと思うんですけれども、子供たちにそういう経験を積ませるということが、この制度の中で本当に可能だと区では考えるのかどうかという点について、ひとつ質問したい。

それと、これは国の制度として区でも条例を定めるわけですけれども、条例で定めながら、区としてこれを積極的に周知しないというか、制度に参加していくことを促さないということもできるのかどうかという点についてもお示しいただきたいと思います。",,2025/9/9,子ども子育て・高齢者対策特別委員会,議員
,令和7年 子ども子育て・高齢者対策特別委員会(9月9日),金広保育課長,奥村暁子,"短時間でこの目的が達成できるかどうかについては、確かに、実際にやってみないと分からないところは正直ございます。ただ、先行自治体の中では、先ほど申し上げたとおり、今まで子供と親とだけの関係だったのが、こういうふうにうちの子はほかの子と関わることができるのだなという新たな発見につながったですとか、保護者としても、自分の親族以外に相談できる相手ができたというようなプラスの面のお話も聞いてございますので、そういったプラスの面も意識しながら対応していけたらというふうに思っております。

この事業は、やはり国としては絶対にやらなくてはいけない事業ということで制度設計をしているところなので、どれぐらい枠が取れるかは分かりませんが、それをやった中で、あえてそれを促さないというのはなかなか難しいかなと思っております。実施するに当たっては、こういった制度がございます、全ての御希望に応えるか分かりませんけれども、それについては区のほうでこうやって取り組んでいきますという周知はしっかりやっていきたいというふうに考えてございます。

以上です。",,2025/9/9,子ども子育て・高齢者対策特別委員会,理事者
,令和7年 子ども子育て・高齢者対策特別委員会(9月9日),大久保福祉保健部長,奥村暁子,"今の周知の話です。

保育課長が今お話ししたとおりなんですけれども、やはり区全体としては、先ほど前委員からもお話が出ましたが、ゼロから２歳については、かなり余裕がある状況ではございませんので、大いに利用いただくような状況では、現在は、ございません。ただ、個別の園をもう少し中期的に見ますと、空いているところが出てきたりとか、特に認証保育所でゼロ・１・２歳とも空いている状況ということもございますので、個別の園ごとで、こういった制度を活用して、その園の取組を見ていただいて、逆に、今度、３歳以降、認証はなかなか３歳は難しいですけれども、園を使った後に、その後、その保育園に入っていただくとか、園の周知とか、園の取組の周知の強化にもつながると思いますので、それは園の運営、経営の中で、より子供を受け入れるというか、経営に資するという観点も含めて、利用というのは、事業者ごとに判断していただければというふうに考えております。

以上です。",,2025/9/9,子ども子育て・高齢者対策特別委員会,理事者
,令和7年 子ども子育て・高齢者対策特別委員会(9月9日),奥村委員,奥村暁子,"園のアピールにも、ＰＲにもつながるという点はありながらも、結局、空いているところを埋めるための制度として活用されるようなことがあってはいけないと思います。私は、全体を通じて非常に課題が多いと思いますし、積極的に進めるべき制度ではないというふうに思っています。

次の質問に移りますが、エアコン購入費助成について伺います。

中央区でも、高齢者や所得が低い世帯を見込んで、エアコン購入費の助成制度が進んでいますけれども、東京都のほうでもエアコンの購入費への助成制度を創設するということで、８月22日に記者会見が行われました。対象となる方が省エネ性能の高いエアコンを温室効果ガス排出量ゼロの東京ゼロエミポイントの登録店で購入して自宅に設置する際には、ポイント分となる８万円相当を値引きする仕組みになっているということですが、この東京都のエアコン購入費の助成と中央区のエアコン購入費の助成を両方同時に使うことはできるのかという点について確認をさせていただきたいと思います。

エアコンの購入については、御相談を受けることもあるんですけれども、中央区の制度ですと、１世帯につき１台ということで、１つの世帯のお部屋をぐるっと担当の方がチェックしながら、一台もエアコンがないことですとか、エアコンが壊れていて動かないことを確認した上で助成を受けられる仕組みになっていると思いますが、部屋に１台では足りないという声も聞きます。１部屋だけで生活している方ばかりが対象ではない、エアコンがなくて困っているということではないので、東京都の制度と併用すれば、１つの世帯でも２台設置できることになるのかと思うんですけれども、その点についての制度の活用の仕方についてお示しいただきたいと思います。",,2025/9/9,子ども子育て・高齢者対策特別委員会,議員
,令和7年 子ども子育て・高齢者対策特別委員会(9月9日),山本委員長,山本理恵,エアコン購入費については、高齢者に限って御答弁ということでよろしいですか。,,2025/9/9,子ども子育て・高齢者対策特別委員会,議長/委員長
,令和7年 子ども子育て・高齢者対策特別委員会(9月9日),植木地域福祉課長（参事）,山本理恵,エアコン購入費助成につきましては、経済的な理由から自宅用のエアコンの購入が困難な世帯に対して、熱中症による健康被害を予防することを目的に、今年の２月から助成を始めたものでございます。東京都のゼロエミポイントにつきましては、買ったときにポイントでその部分を引くといった形になりますので、その後の支払った金額については、区のほうの対象になると考えているものでございます。また、夏季の熱中症ということで区が負担するといったところで、一家１台は区のほうで負担しましょう、２台以上に関しましては御自分で考えていただければというところで、最低限のことは区として見ていくといったところで１世帯１台とさせていただいているところでございます。,,2025/9/9,子ども子育て・高齢者対策特別委員会,理事者
,令和7年 子ども子育て・高齢者対策特別委員会(9月9日),奥村委員,奥村暁子,購入の手順として、東京都のほうでは１世帯１台という制限がないと思うんですけれども、その理解でよいかという点と、そうでない場合には区のほうの補助を使ってエアコンを１台購入して設置した後に、やはりその１台だけでは暑さをとてもしのげないということであれば、東京都の補助でさらに追加して買うということも可能なのかなと思うんですけれども、そういうことでよいかどうか、もしお分かりになればお願いいたします。,,2025/9/9,子ども子育て・高齢者対策特別委員会,議員
,令和7年 子ども子育て・高齢者対策特別委員会(9月9日),植木地域福祉課長（参事）,奥村暁子,"東京都のこちらの制度につきましては、高齢者の方や障害者の方がエアコンを購入する際に８万ポイントを付与するといったところですので、使い方に関しましては、御本人の判断かと思います。区としては、やはり先に東京都の制度を使っていただいた上でのほうがよろしいかと思うんですが、正直、どう使われているかまでは、区のほうはそこまで今のところは制限をかけておりませんので、今年度につきましては、取りあえず、先に使われてあったとしても、そこの差額の部分はお支払いしますというところになるかとは思います。正直、東京都の８万ポイントを使うエアコンは非常に高価なものになりますので、そういったところも多分御本人の判断の中で、東京都のポイントを使うか、安いもので区の助成だけを受けるのかというのは、あくまでも世帯での御判断かと思います。

以上でございます。",,2025/9/9,子ども子育て・高齢者対策特別委員会,理事者
,令和7年 子ども子育て・高齢者対策特別委員会(9月9日),奥村委員,奥村暁子,"もともと、本当に夏の暑さが厳しくて熱中症で健康を害したり、命を落とすことがないようにということで制度が始まっているわけですから、命を守るためにエアコンがどうしても必要で、それが１台では難しいということであれば、東京都の制度と区の制度は別の制度として存在しているわけなので、一つ一つそれぞれ使いながら、必要であれば２台でも設置ができるような仕組みであるべきだというふうに私は考えています。もうちょっと東京都の制度のほうも私のほうで勉強してみたいと思いますが、この質問はこれで終えます。

次に、区民の方からいただいた声ですけれども、車椅子の貸出しについて、今、社会福祉協議会が無料で車椅子の貸出しを行っていると思います。緊急的な利用に対応するサービスとして行っているもので、１か月間は無料で、やむを得ない事情があれば、社会福祉協議会の会員になって、会費を１口1,000円払えば、６か月まで利用延長が可能だということで、ただし、介護保険などでサービスを受けている方はそちらのサービスを使ってくださいという仕組みのようです。今、区内では、月島特別出張所と晴海区民センター、日本橋特別出張所、さわやかワーク中央、八丁堀の社会福祉協議会、それと佃のシニアセンターと、計６か所で貸出しを行っていると思います。佃のシニアセンターは、年末年始を除き、毎日借りられるということで、時間も９時から21時までということですが、ほかの施設での貸出しは、開館時間、開館日時などに合わせて土日は休みで、時間が８時半から17時ということで時間も制限されているんです。まちの高齢者の方で、佃リバーシティにお住まいの方がスーパーでお買物をしていたときに、お友達が倒れて転んでしまって、すぐに佃のシニアセンターに行って車椅子を借りられて、手続も簡単で大変助かったと。こういうサービスがもっといろいろなところで広がればいいという声をいただいたんです。車椅子の貸出しについて、佃シニアセンターのように、夜間は難しいですけれども、基本的に１年間いつでも借りられるようなサービスを増やしていくということについて、区として必要性をどう考えるか検討いただきたいと思いますが、その点について御見解をお示しいただきたいと思います。",,2025/9/9,子ども子育て・高齢者対策特別委員会,議員
,令和7年 子ども子育て・高齢者対策特別委員会(9月9日),植木地域福祉課長（参事）,奥村暁子,"社会福祉協議会で行っている車椅子貸出しについてでございます。

こちらは、社会福祉協議会のほうで独自に行っている事業で、区のほうも貸出し場所に協力しているところでございます。確かに、委員がおっしゃるとおり、いつでも借りられるといったところは、それはそれでいいかなと思うんですが、今、区の施設の活用の中で行っておりますので、そこにつきましては、こういった御意見があったということを社会福祉協議会のほうにお話しさせていただいて、今後については、どのような形になるかは分かりませんが、検討させていただければと思っているところでございます。

以上でございます。",,2025/9/9,子ども子育て・高齢者対策特別委員会,理事者
,令和7年 子ども子育て・高齢者対策特別委員会(9月9日),大久保福祉保健部長,奥村暁子,"今、委員から御紹介いただいた事例ですけれども、正直言いますと、こういった事例で車椅子を活用するべき内容なのか。今の事例だと、どちらかというと、例えば救急車で緊急対応するのか、車椅子のサービスというよりも、そこでけがをされたので、そのデパートなり、その店にある何かで対応するとか、そういった緊急避難的なものだというふうに思います。一般的には、けがをして一定期間、日常生活をどう支えるかというのがこの事業の趣旨でございますので、その辺は利用の仕方についてもしっかり周知する必要があるかと思っております。ただ、今、委員からお話がありましたように、できるだけ長い時間貸出しが可能というのはいいことだと思いますので、担当の課長もお話ししたとおり、社会福祉協議会に意見を伝えさせていただければと思います。

以上でございます。",,2025/9/9,子ども子育て・高齢者対策特別委員会,理事者
,令和7年 子ども子育て・高齢者対策特別委員会(9月9日),奥村委員,奥村暁子,"ぜひよろしくお願いいたします。

あまり時間もないので、１点だけ。今、区議団でアンケート調査などを行っていて、いろいろな方から声をいただいているんですけれども、中央区で学童指導員をしている方から、大変な仕事だけれども、給料が安くて、いつも人手不足だという声が寄せられたんです。中央区で学童指導員の方などの募集の状況、応募の状況はどうなっているのか。中央区のホームページで募集をかけていても、なかなか集まっていないような状況が見られるんです。５月２日に掲載されているホームページ上での学童指導員の募集が、今、４か月たっていても、いまだに掲載されているということで、集めるためにどういうふうに区は改善を図っていこうと思うのかという点について、よろしくお願いします。",,2025/9/9,子ども子育て・高齢者対策特別委員会,議員
,令和7年 子ども子育て・高齢者対策特別委員会(9月9日),藤原放課後対策課長,奥村暁子,"給料等々を含めて、学童指導員の人手不足への対応でございます。

我々が募集しているところは、あくまでもプレディの指導員でございまして、学童クラブにつきましては、各事業者のほうで募集を行っているところでございます。そうした中では、学童クラブに関しましては、各事業者のほうで待遇改善を図りながら、人手の確保をしているところでございまして、我々も、その点については、必要に応じて財政的な支援をしているところでございます。また、プレディの指導員につきましても、御案内のとおりホームページで募集をしたりですとか、また、今、実際に勤務いただいている方の御紹介をもって新しい人を御案内いただいたりというところも行ってございますので、我々も、その点、引き続き人手の確保については取り組んでいきたいというふうに思ってございます。

以上でございます。",,2025/9/9,子ども子育て・高齢者対策特別委員会,理事者
,令和7年 子ども子育て・高齢者対策特別委員会(9月9日),奥村委員,奥村暁子,"やはりきちんと必要な人は確保していただかないといけないと思いますし、ずっと述べていますが、処遇の改善というものにもぜひ力を入れていただきたいと思います。

終わります。",,2025/9/9,子ども子育て・高齢者対策特別委員会,議員
,令和7年 子ども子育て・高齢者対策特別委員会(9月9日),山本委員長,山本理恵,"では、奥村委員は副委員長席にお戻りください。

議題、子育て環境の整備及び高齢者対策に関することについては、継続審査ということでよろしいでしょうか。",,2025/9/9,子ども子育て・高齢者対策特別委員会,議長/委員長
,令和7年 子ども子育て・高齢者対策特別委員会(9月9日),山本委員長,山本理恵,それでは継続審査といたします。第三回区議会定例会における委員長報告の取扱いについて、正副委員長一任ということでよろしいでしょうか。,,2025/9/9,子ども子育て・高齢者対策特別委員会,議長/委員長
,令和7年 子ども子育て・高齢者対策特別委員会(9月9日),山本委員長,山本理恵,"さよう取扱いいたします。ありがとうございます。

それでは、本日の子ども子育て・高齢者対策特別委員会を閉会いたします。

ありがとうございました。

（午後４時 閉会）",,2025/9/9,子ども子育て・高齢者対策特別委員会,議長/委員長
,令和7年 地域活性化対策特別委員会(9月10日),渡部委員長,渡部博年,"ただいまより地域活性化対策特別委員会を開会いたします。よろしくお願いいたします。

本日、広報課長は欠席いたします。

また、理事者報告の関係で区民生活課長、スポーツ課長及び日本橋特別出張所長が出席しますので、御了承願います。

過日の行政視察の実施に当たりましては、所期の目的を十分果たすことができたと思いますので、今後の施策の参考になればと考えております。なお、内容につきましては、第三回定例会での委員長報告で報告させていただきたいと存じます。

それでは、議題の審査に入りますが、質疑につきましては、既に御承知のとおり、理事者報告に対する質疑と併せて行いますので、よろしくお願いいたします。

初めに、理事者報告をお願いいたします。",,2025/9/10,地域活性化対策特別委員会,議長/委員長
,令和7年 地域活性化対策特別委員会(9月10日),渡部委員長,渡部博年,"ありがとうございます。

発言の持ち時間制につきましては、既に御承知のとおりですので、よろしくお願いをいたします。ただいまの時刻は午後１時38分です。自由民主党さん86分、立憲民主党・無所属さん42分、区民クラブ42分、都民ファーストさん10分、れいわさん10分でございます。

それでは、質疑に入ります。

発言をお願いいたします。",,2025/9/10,地域活性化対策特別委員会,議長/委員長
,令和7年 地域活性化対策特別委員会(9月10日),塚田委員,塚田秀伸,"私から１点、アンテナショップについてお尋ねいたします。

今年の１月に茅場町に宮城県のアンテナショップができまして、例えばラジオでそこのプロモーションをしているとか、それから実際に宮城県お生まれなのか、縁のある方が買いに来られたり、それまで茅場町にあまり関係なかった方がいきなり結構来られていて、なかなかこれもいいなと。実際に近所のスーパーで売っているものなどとまた違うものを売っていて、自分で買物するにも、なかなかこれは面白いというところで見ておりましたが、大変残念なことに、半年ほどで交通会館のほうに出店が決まったということで、誠に残念なことに撤退されてしまいました。

再来週、秋にまたスタンプラリーが始まるんですけれども、今回は千代田区と一緒に、タイアップといいますか、千代田区、中央区で連携してスタンプラリーをやるということを聞いております。今言いましたように千代田区が入るということは、交通会館も入るので、何道府県になるのか分からないですが、相当にぎやかなものになるなと。そういう意味では、私も一ファンとして楽しみにしておりますが、今回、ここに至るまで、どんな経緯で千代田区と連携することになったのかお聞かせください。",,2025/9/10,地域活性化対策特別委員会,議員
,令和7年 地域活性化対策特別委員会(9月10日),黒田商工観光課長,塚田秀伸,"千代田区とアンテナショップスタンプラリーということで、今回、中央区のスタンプラリーが20回を迎えるということ、また、千代田区のほうも交通会館を中心に、今回、スタンプラリーの参加については、千代田区のアンテナショップは全部で17店舗参加いただきます。中央区でも20店舗に参加いただく中で、千代田区さんのほうといろいろ、アンテナショップのそれぞれ事業をやっていく中で、中央区の20回を記念に、もうちょっと広い範囲というところで、特にアンテナショップは銀座にもありますので、近い、隣接しているという部分もあります。そういったところで、千代田区さんのほうと、交通会館も含めまして、20回記念に大々的にということで、いろいろ話を進めてきた中でございます。

今回、スタンプラリーにつきましても、なるべく広い範囲を回遊していただくということも含めまして、参加賞なり、今回、千代田区賞ですとか、そういったところも含めまして様々工夫を凝らしながら、千代田区、中央区のアンテナショップを巡っていただくというような工夫をさせていただいております。その中で、さらにアンテナショップのスタンプラリーだけではなくて、より多くの方にアンテナショップで売っている物産を知っていただこうということで、９月27日には全国ふるさとうまいもの市ｉｎ有楽町ということで、ここにつきましては、参加店舗は両区合わせて22店舗で、御当地の食べ物とか物産を物産展の中で御紹介いただきながら、いろいろな人に御購入、また地域を知っていただくというような取組も考えているところでございます。当然、中央区、千代田区は隣接している区ということでもありますので、東京の中心でいろいろな自治体のアンテナショップを紹介するということが、広く周知に効果的ということもありまして、今回、交通会館を含めて共催という形で進めさせていただくことになったということでございます。

以上でございます。",,2025/9/10,地域活性化対策特別委員会,理事者
,令和7年 地域活性化対策特別委員会(9月10日),塚田委員,塚田秀伸,"ありがとうございます。

特に、コロナ禍では、あそこを回ると日本中を旅したような気分になって、スタンプラリーはすごくまた別の意味合いもありました。交通会館というのは、歩くと銀座の先であり、逆に、交通会館からちょっと歩けば銀座になるという意味では、本区とも非常に密接、隣接していて、かつ文化圏としても、商圏としても非常に近いところにございます。この件に限らず、交通会館さん辺りで、ちょうどあそこはスペースもあるし、いろいろイメージが膨らむところでありますので、これからもぜひ何か連携していただくというのはいいのかなという思いでございます。

それから、ここで言う話でもないですが、来年、80周年もございます。最近、視察で各地に行きますと、あの銀座にアンテナショップを出したとか、今、日本橋にうちの県のがございましてみたいな話をよく聞きますので、やはり地方からのこの地域への期待感もございますし、また、東京にいらっしゃる、もともと地方の方のよりどころとしても、非常に何か特別な存在になっているような感じを受けております。それと、地域の年配の方も、あそこへ行くのは楽しみなんだという方を結構耳にしますもので、ぜひとも何かまた拡張、全部やってくださいということではないですが、やはり少し特別な存在として考えていただいて、これからも地域の皆さんに楽しんでいただける、あるいは有益なものになるように、こういったイベント事をしていただければよろしいのではないかと思っております。引き続き、どうぞよろしくお願いいたします。

以上でございます。",,2025/9/10,地域活性化対策特別委員会,議員
,令和7年 地域活性化対策特別委員会(9月10日),アルール委員,アルールうた子,"よろしくお願いいたします。私からは、昨日、全議員送付されました大江戸まつり盆おどり大会のことについてお伺いいたします。

今回、区民の方から、お年寄りが一休みできるような場が少ないというお声をいただきました。一方、来賓テントは大きく設営されていて、満席になることは少なかったというふうに見受けられますけれども、この点についてどのように分析し、改善策を検討できるのかお伺いいたします。",,2025/9/10,地域活性化対策特別委員会,議員
,令和7年 地域活性化対策特別委員会(9月10日),平川地域振興課長,アルールうた子,"大江戸まつり盆おどり大会についてでございます。

御指摘があったとおり、今、会場内は多くの方にお越しいただくというところと、町会等の縁日も出していただいているところのテントも、暑さの関係で日除けの対策を講じておりまして、そのために、以前、例えばテント１張りで済んでいた部分に、陰をつくるテントを２張り要していたり、浜町グラウンド内の会場が非常に密な、ぎゅっと集まっている状態にございます。そういった中で、高齢者に限らず、お休みをしていただく場所、例えば飲食していただく場所の確保というお声については、今年に限らず、実際にあるところでございます。

そういった中、今年度につきましては、少しグラウンドの角の部分になりますけれども、ベンチを設けさせていただきまして、高齢者と障害者の方の優先のコーナーということで設置をさせていただいたところでございますが、時間帯によっては、やはり混み合ったり、３世代で来る方もいらっしゃったり、高齢の方とお孫さんがベビーカーと一緒にベンチで座っていたりというところで、時間帯によっては混み合っていたかなというふうに認識してございます。そういった中で、会場に限らず、例えば公園側の部分ですと、少し暑さが弱まって、風が時折吹きますと公園側には涼しい部分もありますので、そういったところも有効に活用していただきたいというところでございます。先ほど申し上げたグラウンド内の状況につきましては、新たなスペースの確保はなかなか難しい観点がございますので、公園側も含めた部分での有効活用を、また今年度の反省の部分、課題等を抽出する中で検討してまいりたいというふうに考えてございます。

以上でございます。",,2025/9/10,地域活性化対策特別委員会,理事者
,令和7年 地域活性化対策特別委員会(9月10日),アルール委員,アルールうた子,"ありがとうございます。

私も、グラウンドの角のベンチが満席になっているのは拝見しておりました。区民の方から、来賓のテントはこんなにがらがらだというお声を頂戴しました。来賓のテントが満席になるということは見受けられなかったので、来年度以降、ぜひ御検討していただきたいと思います。

続きまして、熱中症対策の充実についてお伺いいたします。

熱中症対策として冷却ファンの扇風機が設置されていたり、その台数などは十分だったかどうか、特に高齢者の多い時間帯での対策は適切だったのか。そして、今回、体調不良の方が５名ほど救護所を利用されたというふうに報告を拝見いたしましたが、その重症度はどうであったかお知らせください。",,2025/9/10,地域活性化対策特別委員会,議員
,令和7年 地域活性化対策特別委員会(9月10日),平川地域振興課長,アルールうた子,"大江戸まつり盆おどり大会においての熱中症対策というところでございます。

２つの観点でございまして、まず、来場される方につきましては、今年度、新たに２台のミストつきの扇風機を増強しまして、入り口の付近と出口の付近、首都高側の部分につきましては２台増設しまして、入り口のところで少し涼しい風を送れるようにというところ、また、屋外でございますので、会場内を冷やすことがなかなかかなわない部分もございます。そういった中で、やはり来場される方お一人お一人の対策というところで、例えば水分を適宜取ってくださいということで、本部のほうからのアナウンスを適宜入れさせていただきました。

お手伝いいただく方、従事いただく方も、昼の時間から非常に暑い中、町会等をはじめ、縁日のコーナーがございましたので、そういった中では、先ほど申し上げました個別の対策をしていただくとともに、例えば工場扇という大きな扇風機を各ブースにつけさせていただいたり、そういったところで対策をさせていただいたところでございます。また、こちらについても、今後、縁日分科会という、それぞれの専門の部会を設けておりますので、そういった中での反省点、先ほどの答弁と重なりますけれども、対策が十分であったかというところをお聞きしたいというふうに考えてございます。

また、救護の状況でございますが、委員から御案内がありましたとおり、転んで等の傷の方が５名、また体調不良の方が５名ということで、10名の方が救護所にお越しになったところでございます。その中で体調不良の方につきましては、やはり熱中症の疑いという部分でございました。人それぞれでございましたけれども、今回、５名のうち、お一人の方につきましては、救急車での搬送、また、その後、病院が見つかって搬送されたというところまで伺ってございます。

以上でございます。",,2025/9/10,地域活性化対策特別委員会,理事者
,令和7年 地域活性化対策特別委員会(9月10日),アルール委員,アルールうた子,"熱中症対策、いろいろありがとうございます。

特に、会場でＰＴＡの方だったり、町会の方であったり、踊られる団体の方々、大勢の方に作業していただいております。踊られる団体の方に伺ったところ、浴衣の人には冷えピタとか冷却シートを貼ったり、様々な対策をお取りになっていたということです。ボランティアや、いろいろ参加、協力していらっしゃる方々に、何か体を冷やすものであったり、そういった装備を区として提供しているのかどうか、それについてもお伺いしたいと思います。",,2025/9/10,地域活性化対策特別委員会,議員
,令和7年 地域活性化対策特別委員会(9月10日),平川地域振興課長,アルールうた子,"当方として、実行委員会の主催側として、そういった装備の用意はないところでございますけれども、例えばお弁当の際に、お弁当の提供をさせていただいているんですが、そのときにしっかり飲み物をつけていくというところ、あとは、お会いするたびに、やはり今年暑いということは、参加される方もいろいろお話がありましたので、それぞれ、どういったものが好みかというところもございますので、それを含めて対策をしてくださいということでお願いしていました。そういったところでございます。

以上でございます。",,2025/9/10,地域活性化対策特別委員会,理事者
,令和7年 地域活性化対策特別委員会(9月10日),アルール委員,アルールうた子,"様々な方の協力あってのお祭りだと思います。行政側のほうで何か予算を立てて、そういった装備について少しお手伝いできるのであれば、できたらいいというふうに思いました。

もう一つ、出演者選定についてです。

例年、生歌で踊る盆踊りについては大変好評で、今年は、徳川家康が江戸に移って400年で始まった大江戸まつりは35回目を迎えました。1990年に完成した「これがお江戸の盆ダンス」の演歌歌手の出演により、初日だけ来ようと思っていた高齢者の方が、会場のアナウンスで、では明日も来なくてはということで、２日連続来たということも私のほうにはお声を頂戴しております。一方で、区民の中で一番人気のある曲目の歌手の生歌で踊りたいというようなお声も頂戴しております。私自身も、そこの会場だけでなく、様々な盆踊り会場で、「東京音頭」や「大東京音頭」よりも、「ダンシング・ヒーロー」などは小さなお子さんから大人まで、国籍を問わず、多くの方が踊って一つの輪になっているというのを確認しております。来年度の出演者選定に対する方針をお聞かせください。",,2025/9/10,地域活性化対策特別委員会,議員
,令和7年 地域活性化対策特別委員会(9月10日),平川地域振興課長,アルールうた子,"盆踊りの歌い手でございます。

今年度、第35回という記念の大会でございましたので、「これがお江戸の盆ダンス」の歌唱者であります金沢明子様をスペシャルゲストとしてお呼びしたところでございます。スペシャルゲストにつきましては、周年でございますとか、そういったタイミングで適宜選定していくというところでございます。それがこれまでの考え方でございます。来年度以降、どういった方をお呼びするかというところにつきましては、皆様の反応でありますとか、そういったところを考えていきたいと思ってございます。また、盆踊りの曲目については、こちらは好みがある部分かなというところで、盛り上がる曲と、やはりクラシックな定番のものがお好きな方もいらっしゃいますので、そういったところで皆様にどう楽しんでいただくか、どうやって大江戸まつりに花を添えていただくかという観点が肝要かなというふうに感じてございますので、そういった視点の中で、今後もよりよいものにしていくという考えでございます。

以上でございます。",,2025/9/10,地域活性化対策特別委員会,理事者
,令和7年 地域活性化対策特別委員会(9月10日),アルール委員,アルールうた子,"ありがとうございます。

また、今年はＱＲコードのアンケートなども行っているかと思います。ぜひ、そちらの声を検討していただいて、来年度以降、またすばらしいものにしていただきたいと思います。「ダンシング・ヒーロー」は、非常にお声が私のほうにも届いておりますので、ぜひ考えていただきたいと思います。

以上です。",,2025/9/10,地域活性化対策特別委員会,議員
,令和7年 地域活性化対策特別委員会(9月10日),川畑委員,川畑善智,"中央区議会れいわ新選組の川畑でございます。本日もよろしくお願いいたします。

私のほうからは、資料１、区民施設の指定管理者の評価結果について若干質問させていただきまして、それ以外のことを少しお尋ねしたいと思います。

まず、資料１の指定管理者の評価結果について、総合評価を拝見いたしました。軒並み優良ということで、まずは問題なく運営されているのだなということを確認いたしました。日本橋公会堂だけがＢということで妥当だという評価でございますけれども、例えば中央会館、ブロッサムで、以前の委員会でも少し御議論がありましたが、ホールに関しましては、稼働がかなり上向いているという御報告が以前ありました。いろいろな企画、アニメ関係ですとか、いろいろなものをやって、７割等々の稼働率に達しているというような御報告があったと記憶しております。他方で、集会室に関しましては、稼働率がたしか２割台のような御報告があった記憶があるんですけれども、違いましたか。そのあたり、私の記憶も定かではなくて、中央会館の集会室の稼働状況がどのぐらいなのかお示しいただければと思います。",,2025/9/10,地域活性化対策特別委員会,議員
,令和7年 地域活性化対策特別委員会(9月10日),平川地域振興課長,川畑善智,"中央会館の稼働率でございますが、集会室等ですと、直近の数字等を含めて約２割５分、25％程度というところが集会室の御利用です。月によって増減はあるものの、年間を通じますと25％程度というところです。

御参考までに、ホールでございますけれども、70％弱がホールの利用率でございます。

以上でございます。",,2025/9/10,地域活性化対策特別委員会,理事者
,令和7年 地域活性化対策特別委員会(9月10日),川畑委員,川畑善智,"ありがとうございます。

やはり２割台だったという記憶がありまして、いろいろな評価基準、評価軸というものがあると思うんですけれども、現状、公共施設ですから、利益を追求する、利益を上げなければいけないということでは全くないと思っています。区民の利便性、区民の方の使い勝手のよさとか、使いたいときに使える、これが一番望ましいわけでありまして、決して利潤を出さなければいけないということを私は言うつもりは全くないです。ただ、稼働率が25％というのは非常に低いという問題意識、課題意識を持たざるを得ないところでもあります。

区として、例えば、今回、審査員の先生方、明治学院大学の先生方とかが入られていますけれども、先生方から、もともと低い稼働に関して、これはもうちょっと何とかならないのかねというような、例えば最低でも５割の稼働を目指すとか、恐らく民間では事業として成り立たないレベルかなと思っておりまして、このあたりの区としてのお考え、先生方がいろいろ多方面からの評価をされた上で、この評価ということになっているのだとは思うんですけれども、中央会館は、特に利用実績の改善とか、そのあたりでもかなり高い評価をいただいている。Ａ評価です。このあたりは若干、私はけげんなものを感じてしまうんです。細かくは、また決算特別委員会等々でも聞かせていただきますけれども、この評価に関して、何か示唆をいただけるようなものがあればお教えいただきたいと思います。",,2025/9/10,地域活性化対策特別委員会,議員
,令和7年 地域活性化対策特別委員会(9月10日),平川地域振興課長,川畑善智,"中央会館の利用率という所感、また指定管理者の総合評価の部分でございます。

先ほど示させていただいたとおり、決して高い数字ではないところでございます。２割５分というところで、やはり評価委員会の識者の方からも、ホールの稼働状況については、おおむね良好であるという御説明と、そこについての話、御納得はいただいた部分でございますけれども、やはり集会室の利用はまだまだ伸ばせるのではないかというお声もあったところでございます。具体的には、やはり周知でございますとか、集会室でどういった御利用ができるのかというところが、いまいち地域の中でも浸透していない部分があるのではないかといった御指摘もいただいたところでございます。どういった活用の仕方があるかというところは、周知を含めて、区としてもしっかりと取り組んでいかなければならないという認識を強く持ったところでございます。

また、評価の観点でございますが、この１点、集会室の利用、稼働率を挙げますと、やはりなかなか評価の点数として伸び悩む部分でございますが、ほかの部分で、例えば先ほどのホールを堅調に維持していることでございますとか、自主事業で多種多様な取組があるといった御評価をいただいてのＡという総合評価をいただいているものというふうに認識してございます。

以上でございます。",,2025/9/10,地域活性化対策特別委員会,理事者
,令和7年 地域活性化対策特別委員会(9月10日),川畑委員,川畑善智,"ありがとうございます。

るる御説明は分かるところと、まだけげんなところがあるんですけれども、１つ考え方として、例えば区の会議室が不足しているという問題、以前にもお話がありましたけれども、例えば区の会議室としての積極的な活用、ただ、その場合、中央会館のホールの部分に関しては、やはり運営ノウハウを持っていらっしゃる松屋さんが適当ではないかというのは、確かにそのとおりで、決して全てを直営にするという必要性はないと思うんですけれども、集会室に関して、区の直営に切り替えるとか、そういったことを御検討いただくようなことはないのか。例えば、委託費の問題もありますので、そういった稼働を考えますと、少し発想の転換も必要なのかなと感じたところでございます。この件に関しましては、また決算特別委員会のほうでも質問させていただきますので、よろしくお願いいたします。

あと、昨日、台東区さんのほうで発表がありまして、全世帯にお米券を配布することを決定したということで、うちの同僚議員のほうからも報告がありまして、１世帯当たり5,000円相当のお米券を、御家族のいる方、３人以上の方には倍とかいう話があったんです。これは地域振興というところで、少し前振りとして聞いていただきたいんですけれども、その理由が、地域経済、地域の事業を活性化するというところが目的として挙げられております。実は、私も、近隣の飲食店でよく行きつけているところで、廃業するところが何軒かありまして、個人的にもかなりショックを受けていまして、理由を聞きますと、人件費の高騰、人手不足、それと原材料、資材の高騰、このあたりが非常に大きな負担になっているということでお話がありまして、地域の経済を活性化するというところで、何か中央区として手を打てないものかなということを、やはり求められているのではないかなというふうに感じているんです。

やはり地域、地元で生活をするに当たっても、中央区もいろいろまばらな、地域によっていろいろな状況の違いはあるかと思うんですけれども、先ほど前委員のほうからも、宮城県の物産のショップが千代田区のほうに転出ということ、それは廃業ではないですけれども、そういったところも含めて、中央区として、どういった地域振興ができるのか、お考えを少しお示しいただければと思うんです。ざっくりとした質問で申し訳ないんですけれども、何か一言答えていただければと思います。",,2025/9/10,地域活性化対策特別委員会,議員
,令和7年 地域活性化対策特別委員会(9月10日),渡部委員長,渡部博年,川畑委員、時間的にきついのではないかなと。申し訳ありません。よろしいですか。,,2025/9/10,地域活性化対策特別委員会,議長/委員長
,令和7年 地域活性化対策特別委員会(9月10日),川畑委員,川畑善智,終了で結構でございます。すみません。,,2025/9/10,地域活性化対策特別委員会,議員
,令和7年 地域活性化対策特別委員会(9月10日),渡部委員長,渡部博年,"別の機会に聞いていただきたいと思います。すみません。ありがとうございます。

議題、区内各地のにぎわいにつながる地域、文化、観光・産業振興に関すること並びに区制施行80周年（シティプロモーションの推進を含む）に関することについては、継続審査ということでよろしいでしょうか。",,2025/9/10,地域活性化対策特別委員会,議長/委員長
,令和7年 地域活性化対策特別委員会(9月10日),渡部委員長,渡部博年,さよう取り扱いいたします。第三回区議会定例会における委員長報告の取扱いについては、正副委員長一任ということでよろしいでしょうか。,,2025/9/10,地域活性化対策特別委員会,議長/委員長
,令和7年 地域活性化対策特別委員会(9月10日),渡部委員長,渡部博年,"さよう取り扱いいたします。ありがとうございます。

川畑委員におかれましては、途中で大変申し訳ございませんでした。

では、以上をもちまして閉会させていただきたいと思います。

どうもありがとうございました。

（午後２時６分 閉会）",,2025/9/10,地域活性化対策特別委員会,議長/委員長
,令和7年 議会運営委員会(9月17日),押田委員長,押田まり子,"ただいまより、議会運営委員会を開会いたします。

まず、理事者報告をお願いいたします。",,2025/9/17,議会運営委員会,議長/委員長
,令和7年 議会運営委員会(9月17日),押田委員長,押田まり子,"なお、議案は本日、ＳｉｄｅＢｏｏｋｓに格納します。

追加提出議案の審査方法についてです。追加提出議案の委員会付託について（案）をご覧ください。この案のとおり整理いたしたいと思いますが、よろしいでしょうか。",,2025/9/17,議会運営委員会,議長/委員長
,令和7年 議会運営委員会(9月17日),押田委員長,押田まり子,"そのように決定いたします。

次に、一般質問通告者の氏名についてです。一般質問の第１日目は、公明党 墨谷浩一議員１人、区民クラブ 山本理恵議員１人、日本共産党 奥村暁子議員１人です。一般質問の第２日目は、自由民主党 瓜生正高議員、海老原崇智議員の２人、かがやき中央 ほづみゆうき議員１人、立憲民主党・無所属 高橋元気議員１人、無会派 上田かずき議員です。

なお、一般質問の各質問事項を、本日、議会運営委員会終了後、速やかに中央区議会ホームページに掲載いたします。

次に、決算特別委員会の氏名を発表願います。",,2025/9/17,議会運営委員会,議長/委員長
,令和7年 議会運営委員会(9月17日),海老原委員,海老原崇智,礒野忠議員、木村克一議員、竹内幸美議員、田中耕太郎議員、私、海老原の５名です。,,2025/9/17,議会運営委員会,議員
,令和7年 議会運営委員会(9月17日),青木委員,青木かの,小坂和輝議員１名です。,,2025/9/17,議会運営委員会,議員
,令和7年 議会運営委員会(9月17日),梶谷委員,梶谷優香,永井佳代議員１名です。,,2025/9/17,議会運営委員会,議員
,令和7年 議会運営委員会(9月17日),堀田委員,堀田弥生,田中広一議員１名です。,,2025/9/17,議会運営委員会,議員
,令和7年 議会運営委員会(9月17日),渡部委員,渡部恵子,山本理恵議員１名です。,,2025/9/17,議会運営委員会,議員
,令和7年 議会運営委員会(9月17日),奥村委員,奥村暁子,私、奥村１名です。,,2025/9/17,議会運営委員会,議員
,令和7年 議会運営委員会(9月17日),押田委員長,押田まり子,"ありがとうございます。なお、一人会派につきましては８月27日開会の議会運営委員会において了承されておりますとおり、士魂の会、白須夏議員、都民ファースト、アルールうた子議員、れいわ、川畑善智議員となり、計13名となります。

次に、定例会第１日、本日の議事の進め方ですが、次の順序で行います。

日程に入り、日程第１、会議録署名議員の指名を行います。木村克一議員並びに永井佳代議員です。

日程第２、会期の決定を行います。９月17日、水曜日から10月16日、木曜日まで、会期30日間です。

日程第３、諸般の報告を行います。

報告１ 区議会定例会の招集の通知について

報告２ 議案の送付について

報告３ 「職員に関する条例」に対する人事委員会の意見聴取について（照会）

報告４ 「職員に関する条例」に対する人事委員会の意見聴取について（回答）

報告５ 損害賠償の額の決定に関する専決処分の報告について

報告６ 損害賠償の額の決定に関する専決処分の報告について

報告７ 地方自治法第243条の３第２項の規定に基づく書類の提出について（中央区都市整備公社、中央区勤労者サービス公社及び日本橋プラザ株式会社）

報告８ 健全化判断比率の報告について

報告９ 令和７年度教育に関する事務の管理及び執行の状況の点検及び評価（令和６年度分）の結果に関する報告書の提出について

報告10 中央区債権管理条例第13条第２項の規定に基づく報告について

報告11 議案の送付について

日程第４、委員会の中間報告を受けます。

その後、動議により散会。以上のような会議の流れとなります。

本日の本会議の開会時刻について、定刻午後２時でよろしいでしょうか。",,2025/9/17,議会運営委員会,議長/委員長
,令和7年 議会運営委員会(9月17日),押田委員長,押田まり子,"そのように決定いたします。

次回の本会議の開会日時について、明９月18日、木曜日、午後２時でよろしいでしょうか。",,2025/9/17,議会運営委員会,議長/委員長
,令和7年 議会運営委員会(9月17日),押田委員長,押田まり子,"そのように決定いたします。

次回の議会運営委員会の開会日時について、明９月18日、木曜日、午後１時でよろしいでしょうか。",,2025/9/17,議会運営委員会,議長/委員長
,令和7年 議会運営委員会(9月17日),押田委員長,押田まり子,"そのように決定いたします。

その他、何かありますか。",,2025/9/17,議会運営委員会,議長/委員長
,令和7年 議会運営委員会(9月17日),堀田委員,堀田弥生,明日の一般質問において、墨谷浩一議員の写真撮影の許可をお願いいたします。,,2025/9/17,議会運営委員会,議員
,令和7年 議会運営委員会(9月17日),押田委員長,押田まり子,よろしいでしょうか。,,2025/9/17,議会運営委員会,議長/委員長
,令和7年 議会運営委員会(9月17日),押田委員長,押田まり子,"そのように決定いたします。

その他、何かありますか。

それでは、議会運営委員会は一応休憩とし、何もなければそのまま閉会といたします。

（午後１時６分 閉会）",,2025/9/17,議会運営委員会,議長/委員長
,令和7年 議会運営委員会(9月18日),押田委員長,押田まり子,"ただいまより、議会運営委員会を開会いたします。

青木かの委員より、本日の議会運営委員会及び本会議を欠席する旨の申出がありましたので、御報告いたします。

また、青木委員は欠席のため、ほづみ議員から代理出席の申出がありましたが、よろしいでしょうか。",,2025/9/18,議会運営委員会,議長/委員長
,令和7年 議会運営委員会(9月18日),押田委員長,押田まり子,"そのように決定いたします。ほづみ議員は、委員席へお願いします。

定例会第２日、本日の議事の進め方ですが、次の順序で行います。

日程に入り、日程第１、一般質問を行います。公明党 墨谷浩一議員１人、区民クラブ 山本理恵議員１人、日本共産党 奥村暁子議員１人です。

公明党を終えたところで、動議により休憩を入れます。また、区民クラブを終えたところで、動議により会議時間を延長し、休憩を入れます。日本共産党を終えたところで、動議により散会。以上のような会議の流れとなります。

本日の本会議の開会時刻について、定刻午後２時でよろしいでしょうか。",,2025/9/18,議会運営委員会,議長/委員長
,令和7年 議会運営委員会(9月18日),押田委員長,押田まり子,"そのように決定いたします。

次回の本会議の開会日時について、明９月19日、金曜日、午後２時でよろしいでしょうか。",,2025/9/18,議会運営委員会,議長/委員長
,令和7年 議会運営委員会(9月18日),押田委員長,押田まり子,"そのように決定いたします。

次回の議会運営委員会の開会日時について、明９月19日、金曜日、午後１時でよろしいでしょうか。",,2025/9/18,議会運営委員会,議長/委員長
,令和7年 議会運営委員会(9月18日),押田委員長,押田まり子,"そのように決定いたします。

一般質問のラジオ放送及び映像配信について、本日の一般質問を、中央エフエムのラジオ放送により午後２時から午後７時まで生中継するとともに、中央区議会ホームページで映像をライブ配信し、さらに、録画した映像を、後日、配信します。

その他、何かありますか。",,2025/9/18,議会運営委員会,議長/委員長
,令和7年 議会運営委員会(9月18日),奥村委員,奥村暁子,本日の一般質問において、私、奥村の写真撮影の許可をお願いいたします。,,2025/9/18,議会運営委員会,議員
,令和7年 議会運営委員会(9月18日),押田委員長,押田まり子,よろしいでしょうか。,,2025/9/18,議会運営委員会,議長/委員長
,令和7年 議会運営委員会(9月18日),押田委員長,押田まり子,"そのように決定いたします。

その他、何かありますか。

それでは、議会運営委員会は一応休憩とし、何もなければそのまま閉会といたします。

（午後１時２分 閉会）",,2025/9/18,議会運営委員会,議長/委員長
,令和7年 議会運営委員会(9月19日),押田委員長,押田まり子,"ただいまより、議会運営委員会を開会いたします。

定例会第３日、本日の議事の進め方ですが、次の順序で行います。

日程に入り、日程第１、一般質問を行います。自由民主党 瓜生正高議員、海老原崇 智議員の２人、かがやき中央 ほづみゆうき議員１人、立憲民主党・無所属 高橋元気議員１人、無会派 上田かずき議員です。

自由民主党を終えたところで、動議により会議時間を延長し、休憩を入れます。

また、かがやき中央、立憲民主党・無所属、無会派を終えたところで、それぞれ動議により休憩を入れます。

次に、日程第２及び日程第３の、議案第74号 令和７年度中央区一般会計補正予算、議案第75号 令和７年度中央区介護保険事業会計補正予算、以上２議案を一括上程し、提案説明があります。

動議により、企画総務委員会に付託します。

次に、日程第４から日程第12までの、議案第76号 中央区職員の配偶者同行休業に関する条例等の一部を改正する条例、議案第78号 災害に際し応急措置の業務等に従事した者に係る損害補償に関する条例の一部を改正する条例、議案第84号から議案第86号までの中央区立佃区民館等複合施設大規模改修工事（建築工事）、（機械設備工事）及び（電気設備工事）請負契約、議案第87号 学校給食用備品の買入れについて、議案第88号から議案第90号までの中央区立日本橋中学校改築及び中央区立千代田公園整備工事（建築工事）、（機械設備工事）及び（電気設備工事）請負契約、以上、９議案を一括上程し、提案説明があります。

議長発言により、企画総務委員会に付託します。

次に、日程第13、議案第82号 中央区立小学校及び中学校の学校医、学校歯科医及び学校薬剤師の公務災害補償に関する条例の一部を改正する条例を上程し、提案説明があります。

議長発言により、区民文教委員会に付託します。

次に、日程第14、議案第79号 中央区乳児等通園支援事業の設備及び運営の基準に関する条例を上程し、提案説明があります。

議長発言により、福祉保健委員会に付託します。

次に、日程第15から日程第17までの、議案第77号 中央区事務手数料条例の一部を改正する条例、議案第80号 中央区地区計画の区域内における建築物の制限に関する条例の一部を改正する条例、議案第81号 中央区借上住宅条例の一部を改正する条例、以上、３議案を一括上程し、提案説明があります。

議長発言により、環境建設委員会に付託します。

その後、動議により散会。以上のような会議の流れとなります。

本日の本会議の開会時刻について、定刻午後２時でよろしいでしょうか。",,2025/9/19,議会運営委員会,議長/委員長
,令和7年 議会運営委員会(9月19日),押田委員長,押田まり子,"そのように決定いたします。

次回の本会議の開会日時について、各常任委員会に付託される議案の審査の関係もあるので、明20日から24日までを休会とし、来る９月25日、木曜日、午後２時でよろしいでしょうか。",,2025/9/19,議会運営委員会,議長/委員長
,令和7年 議会運営委員会(9月19日),押田委員長,押田まり子,"そのように決定いたします。

次回の議会運営委員会の開会日時について、来る９月25日、木曜日、午後１時でよろしいでしょうか。",,2025/9/19,議会運営委員会,議長/委員長
,令和7年 議会運営委員会(9月19日),押田委員長,押田まり子,"そのように決定いたします。

一般質問のラジオ放送及び映像配信について、本日の一般質問を、中央エフエムのラジオ放送により午後２時から午後７時まで生中継するとともに、中央区議会ホームページで映像をライブ配信し、さらに、録画した映像を、後日、配信します。

その他、何かありますか。",,2025/9/19,議会運営委員会,議長/委員長
,令和7年 議会運営委員会(9月19日),春貴議会局長,押田まり子,無会派上田議員より、本日の一般質問について写真撮影の許可の申し出がありました。,,2025/9/19,議会運営委員会,理事者
,令和7年 議会運営委員会(9月19日),押田委員長,押田まり子,よろしいでしょうか。,,2025/9/19,議会運営委員会,議長/委員長
,令和7年 議会運営委員会(9月19日),押田委員長,押田まり子,"そのように決定いたします。

その他、何かありますか。

それでは、議会運営委員会は一応休憩とし、何もなければそのまま閉会といたします。

（午後１時４分 閉会）",,2025/9/19,議会運営委員会,議長/委員長
,令和7年 企画総務委員会(9月22日),瓜生委員長,瓜生正高,"おはようございます。これより企画総務委員会を開会いたします。

本日、梶谷委員は欠席いたします。

まず初めに、私より御挨拶を申し上げます。

（挨拶）

続いて、議長、挨拶をお願いいたします。",,2025/9/22,企画総務委員会,議長/委員長
,令和7年 企画総務委員会(9月22日),原田議長,原田賢一,（挨拶）,,2025/9/22,企画総務委員会,議長/委員長
,令和7年 企画総務委員会(9月22日),瓜生委員長,瓜生正高,区長、挨拶をお願いいたします。,,2025/9/22,企画総務委員会,議長/委員長
,令和7年 企画総務委員会(9月22日),山本区長,瓜生正高,（挨拶）,,2025/9/22,企画総務委員会,理事者
,令和7年 企画総務委員会(9月22日),瓜生委員長,瓜生正高,続いて、審査方法についてであります。議案第74号、令和７年度中央区一般会計補正予算及び議案第75号、令和７年度中央区介護保険事業会計補正予算については、一括して説明を受け、一括して質疑を行い、質疑終了後、それぞれの議案を別々に起立採決によりお諮りすることでよろしいでしょうか。,,2025/9/22,企画総務委員会,議長/委員長
,令和7年 企画総務委員会(9月22日),瓜生委員長,瓜生正高,"さよう取り扱わせていただきます。

理事者の説明を願います。",,2025/9/22,企画総務委員会,議長/委員長
,令和7年 企画総務委員会(9月22日),瓜生委員長,瓜生正高,"発言の時間制についてであります。本日の審査終了の予定時刻を午後３時とすることが代表者会において確認されております。また、これまでの例に倣い、通常の委員会での例によりますが、採決に係る時間10分を考慮し、各会派の持ち時間を算出することといたします。ただいまの時刻は午前10時44分です。午後３時までの時間に昼食の休憩時間60分及び採決等に係る時間10分を考慮し算出しますと、自由民主党さん44分、かがやき中央さん28分、立憲民主党・無所属さん28分、公明党さん28分、区民クラブさん28分、日本共産党さん28分となります。

それでは、理事者の説明に対する質疑を行います。

発言を願います。",,2025/9/22,企画総務委員会,議長/委員長
,令和7年 企画総務委員会(9月22日),竹内委員,竹内幸美,"それでは、私からは２点お伺いをします。築地場外市場地区における駐車場及び荷下ろし場の移転整備についてと、泰明小学校におけるスクールバスの運行についてお伺いをします。

まず、場外市場の駐車場荷下ろし場につきましては、今までも場外市場に関わる部分で駐車場荷下ろし場の確保に取り組んできていただいていたと思っております。東京都の土地であること、状況によって借受けの場所を変更しながら、今回、また新たに移転場所を調整していただいてのこの補正に至っていると思います。まず、この内容、11月１日から借受けを開始して、令和８年２月予定となっておりますが、ここに至るまでの詳細の部分をお聞かせいただきたいと思います。

そして、泰明小学校におけるスクールバスの運行についてでございます。

特認校の中でも交通の利便性がよいというところで、泰明小学校、京橋築地小学校については、自力で登校していただくことという前提がある中で、やはりスクールバスの運行に至った経緯というものがあると思います。少しここの部分の状況、詳細をお聞かせいただけたらと思います。お願いいたします。",,2025/9/22,企画総務委員会,議員
,令和7年 企画総務委員会(9月22日),菊池地域整備課長,竹内幸美,"私からは、築地の臨時駐車場の移設の詳細について答弁させていただきます。

まず、委員がおっしゃったように、東京都から土地を借りて、区は整備をしているわけですけれども、もともと築地の市場があったときに、築地の市場が近いということで、荷下ろしの機能、すぐそこから持ってこられたというところで、豊洲に市場が移転したということで、そういった機能が新たに必要になったということと、もともと築地市場のところにあった事業者用の駐車場が、豊洲に移転してしまったということで、そういった機能が必要になったということで、豊洲に移転後、そこの部分を東京都と協議をして、都の土地を借りて、区でこれまで何度か整備をして機能を確保してきたという経緯でございます。

今回、東京都の市場跡地で都の埋蔵文化財の調査の進捗がある中で、今、波除通りの角の部分、海幸橋の近くの奥のところを使っているわけですけれども、工事動線上、そこが支障になるので早急に移転してほしいということで、都と、あと都を通じて築地市場跡地の事業者とも協議をして、今回、晴海通りと波除通りの角の部分に移設する運びになったところでございます。

私からは以上です。",,2025/9/22,企画総務委員会,理事者
,令和7年 企画総務委員会(9月22日),清水学務課長,竹内幸美,"私からは、泰明小学校スクールバスの運行の検討に至った経緯をお話しさせていただきます。

御紹介いただきましたように、もともと特認校の３校、城東、常盤、阪本小学校で、特認校制度の開始と同時にスクールバスの運行を実施してきたというところで、やはり月島地域から距離があって、児童にとって通学の負担が大きいというところがございましたので、そういったことでやってまいりました。御紹介いただいた特認校のお申込みの条件で、自力で通学できることというところがある中で、距離的な部分ですとか、都バスなどの既存の交通機関が充実しているということで、これまで泰明小では運行してこなかったところですけれども、昨今の月島地域における人口の増加ですとか、インバウンド、観光客の急増などに伴いまして都営バスの利用者が増えているというところ、また、今後もさらなる増加が見込まれるということで、交通環境の変化が見られるというところです。これまでも御家庭での御指導ですとか、学校での分散乗車の指導とか、そういったことを行ってきているところではございますけれども、自力通学という前提は変わらないものの、児童の安全な通学環境を確保する必要があるということで泰明小のスクールバスの運行を検討してきたところで、このたび関係各所と調整が進みまして、停留スペースの確保などに一定のめどがついたということで、具体的に進めさせていただきたいというところになります。

以上でございます。",,2025/9/22,企画総務委員会,理事者
,令和7年 企画総務委員会(9月22日),竹内委員,竹内幸美,"それぞれに御答弁ありがとうございました。

まず、築地の駐車場荷下ろし場についてでございます。

やはり豊洲市場への移転が大きな影響があるというところで、私も晴海通りをずっと通っていまして、平成から令和に至るまでの交通状況を見ておりますと、朝、環状２号線が通る前に渋滞を起こしていて、皆さん、積荷を下ろしたり上げたりで止まっている車が非常に多かった。もちろん、環状２号線ができて、交通ルートが増えることによって解消されたもの、一方で、やはり場外市場がある中で荷下ろしの場が必要であるというところで、様々にお取組をいただいて、都と協議をして、この場所を確保していただいたと思っております。

今回、晴海通りと波除神社の海幸橋に向かう通りの角に整備をされるということで、やはりそこの動線というものが一番課題になってくるかと思います。晴海通りから入るのか、波除通りというか、神社の前の通りから入るのかという部分には、やはり歩行者の安全、また観光客も非常に多くなっております。時間帯によって、歩行者の安全ですとか、交通環境、渋滞を起こさないようにといった配慮も必要かと思いますので、ここの部分の御見解、整備の方向性という部分もお聞かせをいただきたいと思います。

そして、スクールバスの運行について、人口の増加、またインバウンドの影響も受けた都バスの利用客の増加の中で、子供たちの安全確保、交通環境の変化という部分において様々に御検討いただいたということを理解いたしました。保護者への協力というところで分散登校をする、こうした部分も声をかけてきていただいているというのも、家庭と学校とが協力をし合って改善していく部分でお取り組みいただいてきたということもよく分かりました。

私も、朝、勝どきで子供たちの登校見守りをしていますと、泰明小に通うお子さんは、早い子は７時半ぐらいから都バスに乗って学校に向かう姿をよく見かけております。こうした中で、交通環境、安全な停車位置、様々検討していただいて、このお取組を進めていただいているかと思います。

運行開始が令和８年９月となっておりますが、この時期に設定をしているというところで、どのような状況があるのか、もう少し詳細をお聞かせいただけたらと思います。お願いいたします。",,2025/9/22,企画総務委員会,議員
,令和7年 企画総務委員会(9月22日),菊池地域整備課長,竹内幸美,"築地臨時駐車場の整備と、その後もあると思うんですけれども、現場での安全管理についてということです。

基本的に、工事中については、当然ながら、工事エリアを仮囲いで覆うとともに、工事の出入口のところにはガードマンをつけて警備するという形になります。ただ、委員がおっしゃったように、築地の場外市場は、早朝の時間ですとか、年末には非常に混雑しますし、駐車場、車も比較的止まっている場所になりますので、施設整備課とも連携して、工事会社とも、そういった状況を踏まえて安全管理に努めていきたいと思っております。また、整備した後、駐車場ですとか、荷下ろし駐車場として使っていくに当たっては、出入口にカーブミラーなどを設置していく計画ではあるんですけれども、車が路上に止まってしまったり、見通しが悪い部分などもありますので、そういったところは、施設を運営する都市整備公社とも連携して安全管理に努めていきたいというふうに思っております。

以上です。",,2025/9/22,企画総務委員会,理事者
,令和7年 企画総務委員会(9月22日),早川都市整備部長,竹内幸美,若干補足をさせていただきますけれども、出入口につきましては、晴海通りではなくて、波除通りのほうから出入りを予定してございます。安全管理も当然ですけれども、実際の工事の施工に当たりましては、交通管理者のほうともしっかり協議をした上で、工事を進めてまいりたいと思ってございます。また、工期につきましても、来年にまたがる工事になってございます。年末年始をまたぐことになります。場外市場の繁忙期と一番重なるところでもございますので、しっかりそのあたりは、安全管理を徹底した上で行ってまいりたいと思ってございます。,,2025/9/22,企画総務委員会,理事者
,令和7年 企画総務委員会(9月22日),清水学務課長,竹内幸美,"私からは、スクールバスの運行の開始時期、令和８年９月からというところに関してお答えをさせていただきます。

まず、バスの調達とか、運転手の確保に一定の準備期間が必要だということで、今回お示しさせていただいているところであります。今回、泰明小学校のスクールバス、利用想定をおよそ200人程度というふうに見込んでいるんですけれども、200人以上の規模で一気に開始をするということになりますと、やはり一定の期間が必要だというところで、具体的には、例えば児童の安全確保のための体制の整備とか、停留所の見守りとか、そういったところに関しても、例えば保護者の皆様の御協力をどのようにいただいて進めていくかとか、また、利用児童に対してマナーの指導、また実際のバス乗車によって登校訓練などを実施する必要があると思っております。実際に試行運転も実施して、その上で詳細な運行計画、運行時間なども決定していく、また、改善すべき点などがあれば、夏休み期間なども活用して対応というところです。先ほども申しましたように、200人以上の規模で一気に開始ということで、乗車場所とかに関してもいろいろ調整を要するというところがございまして、今回、９月開始予定ということにさせていただいているところです。

以上でございます。",,2025/9/22,企画総務委員会,理事者
,令和7年 企画総務委員会(9月22日),竹内委員,竹内幸美,"それぞれありがとうございました。

まず、駐車場荷下ろし場の部分は、工事期間も含めて、しっかりと安全対策をお取りいただく、また、先ほど都市整備部長の答弁でもいただきましたが、やはり繁忙期に重なるというところで、場外市場等の業務に支障が出ないような配慮も十分にお願いしていただきたいと思います。そして、完成後、やはり安全対策という部分では、波除神社の通り、海幸橋に向かう通りから入るという部分、御配慮をいただいていること、ありがとうございます。今あるところよりも土地が少し小さくなるという点で、待機する車も出てくるのかなと想像しているところですが、歩行者の安全対策も含めて、引き続きお取組を進めていただきたいと思います。お願いいたします。

そして、スクールバスの運行について、200人ほどの児童が利用することを想定して、安全面の対策、乗降車場所、これは登校も下校も含めて、安全な対策とバスの運転手さんの確保といった部分も含めて、時間帯の状況もそれぞれあるかと思いますので、９月までにしっかりと体制を整えて、夏休みの期間を利用して、改善をするべきところはしていただくという御答弁もいただきました。やはり今までないところに一つの制度を立ち上げるという部分では、区内はスクールバスの運行実績が既にありますので、同じ年齢のお子さんが乗るというところでは、運行を開始した後に想定されるトラブルというか、課題も含めて、今までの経験が十分あるかと思います。そういった部分も含めて、引き続き保護者の御理解、御協力をいただく部分、そして子供たちにもマナーの訓練をしていくというところをしっかりと整えていただきたいと思います。個人的には、地下鉄新線が通れば、こうした課題も割と早く解消されるのかなとは思っておりますが、そうした部分も見据えて、しっかりとした運行の計画を立てて実施をしていただけたらと思います。

以上で私からの質問を終わります。ありがとうございました。",,2025/9/22,企画総務委員会,議員
,令和7年 企画総務委員会(9月22日),ほづみ委員,ほづみゆうき,"よろしくお願いします。私からは、定額減税補足給付金の増額の件、民間学童クラブに対する助成の拡充の件、ベビーシッター利用支援事業の拡充の件、学校給食における米の現物給付費用の増額の件の４点について、それぞれお伺いさせていただけたらと思っております。

まず、定額減税補足給付について伺います。

これは昨年度実施された定額減税に際して減税し切れない方に対する給付で、当初予算では４億円程度の規模感で、今回は当初の想定人数を上回るための増額というふうに伺っております。増額の規模が2.8億円程度と、当初の４億円という規模感から比較しても、かなり増額という点が気になったところです。これは特に想定どおりということだったのか、何かしら想定外の事象があったのかというところについてお伺いできればと思います。お願いします。",,2025/9/22,企画総務委員会,議員
,令和7年 企画総務委員会(9月22日),上村税務課長,ほづみゆうき,"定額減税補足給付金の見込みについて、見込みの乖離についてお答えいたします。

今回、対象者の想定が当初の予算よりも大きく上振れてしまったというところが現状でございます。昨年度見込んでいた部分よりも、全体で6,000人ほど上振れの人数でございます。特に大きく見込みが違いましたのが、昨年度の定額減税の対象になっていなかった方で、こちらは5,000人を見込んだんですけれども、令和６年度の所得税で算定すると7,000人増の１万2,000人ほどの対象者の方がいらっしゃいまして、そちらが上振れいたしました。上振れの対象者で多かったのが、令和６年度の住民税の所得割額がゼロ円だった方で、新たに就職などをされて令和６年分の所得税がある方が約3,300人ほどいらっしゃいました。令和５年の所得税のときになかった所得を見込んで予算を立てるのが非常に難しく、こういった想定外の、予算とちょっとずれてしまったというところがございます。

以上でございます。",,2025/9/22,企画総務委員会,理事者
,令和7年 企画総務委員会(9月22日),ほづみ委員,ほづみゆうき,"内訳について、ありがとうございます。全体としては6,000人程度上振れということで、もともと予算特別委員会では大体１万3,500人という想定がたしかあったかと思いますが、そこにプラス6,000人ということなのかと思います。

これについて、ちょっと気になったのが、今後の申請手続の進捗というところです。もともと想定されていたのが1.3万人程度というところで、今回さらに増えたと伺いました。過去のお知らせを拝見したところ、この給付には申請手続が不要なケースと必要なケースがあるようで、この期日が10月31日という記載を確認しております。現状においての進捗ですとか、10月末までにというところは、基本的に給付をし切るということだとは思うんですけれども、その辺の現状認識についても伺えればと思います。お願いします。",,2025/9/22,企画総務委員会,議員
,令和7年 企画総務委員会(9月22日),上村税務課長,ほづみゆうき,"今年度の補足給付の進捗についてお答えいたします。

８月４日に支給のお知らせを１万6,382通送付いたしました。追加送付の32通を合わせて、対象者１万6,414人の方に、現在、送付を終えているところでございます。先ほど委員からもありましたとおり、プッシュ型といいまして、申請が要らない方がいらっしゃいまして、その方には９月５日に振込を開始しております。申請が必要のないプッシュ型の方も含めまして、９月12日現在で１万1,458件、申請がございまして、69.8％の申請率となっております。昨年度と比べても同程度の申請率ですけれども、今後、10月１日の区のおしらせで申請期限のお知らせの記事を掲載しまして、申請をしていない方に広く周知するとともに、申請をされていない方には、10月３日を予定しているんですけれども、個別に勧奨通知も送付いたします。なるべくたくさんの皆様に申請をしていただけるように努力いたします。

以上です。",,2025/9/22,企画総務委員会,理事者
,令和7年 企画総務委員会(9月22日),ほづみ委員,ほづみゆうき,"ありがとうございます。

全体で９月12日時点で69.8％ということで、昨年度と同等程度というふうに認識をいたしました。今後もさらに周知をしていただくということで理解しました。おっしゃっていただいたとおり、せっかくの給付ですので、対象者の方に漏れなく届くように、様々な機会を見ての周知をぜひ今後もお願いできればと思っております。

次に、民間学童クラブに対する助成の拡充についてです。

こちらは６月の福祉保健委員会において報告いただいた、都の認証を受けた学童クラブに対しての補助内容の拡充のための予算と思われます。こちらの資料ですと、９月に申請者の募集、10月に締切り、11月に都の認証というプロセスをお示しいただいておりました。この点から、今回の補正予算として、このタイミングで予算が増額され、都の支出金が増えているということをどのように理解すればいいのかというところについてお伺いできればと思います。認証をこれから受けるかどうかという話が前回の委員会であったかと思うんですけれども、既にどこか具体的に認証を受ける施設が決まったですとか、決まる予定ですとか、その辺の見通しが立ったということでの予算なのかというところについても、今お示しできる範囲でお願いできればと思います。お願いします。",,2025/9/22,企画総務委員会,議員
,令和7年 企画総務委員会(9月22日),藤原放課後対策課長,ほづみゆうき,"民間学童クラブの補助金の拡充について、このタイミングで補正をしたというところでございます。

もともと、この東京都認証学童クラブ事業につきましては、東京都のほうで策定する要綱にのっとり運営されるものでございまして、東京都のほうで人員配置ですとか、面積基準などの運営基準も定められている。あわせて、都による補助金についても、補助条件等が定められているといったような状況でございます。こうした制度の詳細が示されましたのが今年度に入ってからでございまして、これ以降に、我々区だけでなくて、今、民設民営学童クラブ、全部で３施設やってございますけれども、そうした事業者のほうも実施に向けた対応内容の検討を進めていく中で、人員配置などの検討を行って、必要経費を算出していたというところで、今般、歳出予算の増額が必要になったという認識でございます。

認証学童クラブへ移行する学童クラブの見通しでございますけれども、今年度中に移行する予定の学童クラブは２つございまして、今、ベネッセの学童クラブ月島と晴海を予定しているところでございます。こちらにつきまして認証のめどが立ったということで、今後、９月に募集開始される東京都の募集にも載せて、最終的に11月の認証に向けた取組を進めていくといったような状況でございます。こうしたことで、東京都の補助金についてもある程度めどが立ったというところで、このたび、歳出予算の見合いで補助金を活用させていただくということで増額したところでございます。

以上でございます。",,2025/9/22,企画総務委員会,理事者
,令和7年 企画総務委員会(9月22日),ほづみ委員,ほづみゆうき,"ありがとうございます。

今回、ベネッセさんの２施設で都の認証を受けられる見込みということで、補正予算として計上されたということかと思います。こちらについては、先日、委員会で御説明いただいたとおり、区の単独の補助が減るということと、事業者としては単純に補助金が増えるということになるかと思いますので、基本的に双方にうまみがある話だと思います。ほかの施設、３施設のうちのもう一つもございますので、そちらについても、ぜひ今後、順調に移行されることを願っております。ありがとうございます。

次に、ベビーシッターの利用支援の拡充について伺います。

こちらについては、特に困難を抱える家庭を中心に、対象児童の範囲ですとか、時間の上限の引上げということで、要望等もお聞きしていた部分ですので、大変ありがたいところだと思っております。一方で、これらの対象の条件を見ますと、補助上限時間の拡充の対象には、今回、障害児、ひとり親の家庭が追加された一方で、対象児童の拡充としては障害児のみとなっております。今回の拡充の意図としては、やはり障害児の方ですとか、ひとり親の方ですとか、必要性が高いというところからの拡充だったと思いますけれども、そうすると、対象児童として、ひとり親家庭が入らなかったのかというところが気になるところでございます。こちらの考え方について確認をさせてください。

もう一つは、本区として、ベビーシッター利用支援の中で、補助される時間帯にも制限がかかっているということは認識しているんですけれども、特にその部分の変更は今回の拡充であるのか、もしくはそのままなのかというところについても、併せてお伺いできればと思います。",,2025/9/22,企画総務委員会,議員
,令和7年 企画総務委員会(9月22日),左近士子ども家庭支援センター所長,ほづみゆうき,"今回の拡充についてでございます。

今回は、東京都が令和７年度、今年度の４月より、ひとり親家庭と障害児への支援強化のために、ひとり親家庭につきましては、年間の補助時間を280時間、また障害児につきましては、対象児童を小学校６年生までとして、年間の補助時間を288時間までとしたところでございます。区におきましても、ひとり親家庭の育児負担の多さであったりとか、障害児につきましては、健常児に比べて大人のケアを必要とする量や期間が長くなることや、ベビーシッターを活用した共同保育など、社会的孤立を防ぐ観点もあるということを認識しておりまして、東京都の補助制度の範囲内で最大の時間補助できるようにさせていただくところでございます。

今回は都制度に準じて実施している部分に関して拡充するものでございまして、区の取組として行っている、御家庭で年間を通して計画的に使っていただきたいという、そのあたりの区の取組として行っている月の補助上限ですとか、緊急対応枠等については、特に変更するものではございません。

以上でございます。",,2025/9/22,企画総務委員会,理事者
,令和7年 企画総務委員会(9月22日),ほづみ委員,ほづみゆうき,"ありがとうございます。都の制度の拡充というところに沿って、今回、区としても強化されたということで理解をしました。

こちらの事業に関して、都の要綱などを見ますと、基本的に未就学児が対象ということになっているかと思うんですけれども、注記として、学童クラブ待機児童対策計画を策定した区市町村については小学３年生までというような記載があって、過去の答弁の中でも、本区はこちらをもう策定されているということで、対象になっていないということではないかと思うんです。そこに関しては、対象にはなり得るけれども、今回のところでは拡充していないという認識でよいのかについて、改めて確認よろしいでしょうか。",,2025/9/22,企画総務委員会,議員
,令和7年 企画総務委員会(9月22日),左近士子ども家庭支援センター所長,ほづみゆうき,"小学校３年生までの活用につきましては、小学生の待機児童対策として、計画を提出している区が対象になると認識しているところでございます。本区におきましては、プレディプラス等で受け入れてきているというところで、小学校３年生までの活用は考えていないところでございます。

以上でございます。",,2025/9/22,企画総務委員会,理事者
,令和7年 企画総務委員会(9月22日),ほづみ委員,ほづみゆうき,"ありがとうございます。

冒頭に御説明いただいたとおり、ひとり親の方ですとか、障害者の方ですとか、困難を抱える家庭についての何らかの支援の必要性について、ある程度理解いただいている部分はあろうかと思います。その意味で、ひとり親の家庭についても、ぜひ今後の拡充を要望していきたいと思っているところです。

また、時間帯の制限に関して、こちらも以前から要望しているところです。本区の事業として、過去に子どもショートステイという事業が、23区の中でも、仕事を理由に使えないということについて問題提起してまいりました。この場合、出張など宿泊を伴うような仕事がある方、特にひとり親の方が困っているというような声もいただいております。その代替となり得るのがベビーシッター利用支援事業なのかなというふうに思っておりますけれども、やはりそこのネックとなっているのが時間帯の制限というところです。区としての思いもあるのは理解するところですけれども、そういった制度のはざまで困っている方もいらっしゃるということも御認識の上で、今後の改善をぜひ期待したいと思っております。

最後に、学校給食における米の現物給付費用の増額の部分についてお伺いをします。

こちらについて、区のウェブサイトには、給食用の米のうち、小・中学校で週３回の実施分を区が購入し、現物給付することによって保護者負担の軽減を図っている旨の情報がありました。今回、区による購入費用が、昨今の物価高騰により予算が不足するということでの増額というふうに認識しております。これ自体は理解するところですけれども、気になったのは、米以外の部分は特に問題ないのかというところです。本区としては、既に給食費の無償化を実現いただいていて、こちらは予算にも計上されております。今回の米の購入の部分も含めての数字で、その内訳は不明ですけれども、全体で7.3億円程度になっているかと思います。今回については、米というふうに明記されておりますので、あくまで米の現物給付費用の増額かと思うんですけれども、その他の、無償化されている米以外の給食費については、もろもろ、もちろん物価の高騰等あるかと思うんですが、特に増額等に関して今時点でその必要性等はないのかというところについてお伺いできればと思います。お願いします。",,2025/9/22,企画総務委員会,議員
,令和7年 企画総務委員会(9月22日),清水学務課長,ほづみゆうき,"学校給食費の部分に関してでございます。

お米のほうは見込んだ予算よりも値上がりの幅が大きかったということで、今回、増額ということでさせていただいておりますけれども、お米の部分だけではなく、食材料費の部分に関しては、令和７年度予算は、平均で６％ぐらい増で見込んで既に予算を立てております。こういった増額を見込んでいて、要は、適切な栄養が摂取できるように取り組んでいますので、予算の範囲内で対応できるというふうに見込んでいるところです。

以上でございます。",,2025/9/22,企画総務委員会,理事者
,令和7年 企画総務委員会(9月22日),ほづみ委員,ほづみゆうき,"ありがとうございます。米に関しては値上がり幅が大きかったというところと、全体に関しては、当初予算のほうでもある程度多めに確保していただいたということで、現状としては、まだ対応できているというところかと思っております。ありがとうございます。

先ほど予算の説明の中であった話で、ついでにお伺いできればと思うんですけれども、諸収入に関しての283万９千円というところです。こちらについて、米の現物給付に係る雑入というふうに伺ったんですけれども、この中身はどういうものなのか伺ってよろしいでしょうか。",,2025/9/22,企画総務委員会,議員
,令和7年 企画総務委員会(9月22日),清水学務課長,ほづみゆうき,"雑入の283万円に関しましては、教職員が食べる分の給食費を徴収しておりまして、その分の歳入となります。

以上でございます。",,2025/9/22,企画総務委員会,理事者
,令和7年 企画総務委員会(9月22日),ほづみ委員,ほづみゆうき,"ありがとうございます。教職員の方の納入されるお金ということで理解いたしました。

給食費に関しましては、過去、令和６年度の数字ですけれども、他区の給食費の情報と比較等々をしたときに、中央区は極端に高いという状況にはなかった。大体真ん中ぐらいだったという認識です。適宜、物価高騰に対して単価も上げていただいているということも理解しておりますけれども、他区もさらに上げているというところは御認識があるかと思います。こちらの給食費、子供たちにおいしい給食をおなかいっぱい食べていただくということに関しては、反対する方は誰もいらっしゃらないと思いますので、必要な予算措置があれば、ぜひ提案いただくようにお願いいたします。

私からは以上です。ありがとうございます。",,2025/9/22,企画総務委員会,議員
,令和7年 企画総務委員会(9月22日),奥村委員,奥村暁子,"それでは、何点か質問させていただきます。

初めに、定額減税補足給付金の増額についてです。

定額減税は、給与明細への減税額記載の義務づけだけではなく、減税と給付金が一体になっている上に、１人４万円の減税の内訳が所得税と住民税に分かれているなど、仕組みが非常に複雑なため、自治体や企業に膨大な負担がかかる制度となっていますが、今回の増額分の金額には事務経費が含まれているのかどうかということを確認させていただきたいと思います。これまでにかかった事務経費はどの程度になるのかという点、そして、事務経費については、国からの補助金などがあるのかどうかということについてもお示しいただきたいと思います。

続けて、地域見守り活動支援事業についてです。

東京都の補助金が引き上げられたことに伴って、実績増となり、それに対応する補正予算ということです。今回、補助の割合が、東京都の補助はこれまでの24分の14から24分の18に引き上げられて、区の補助の負担割合は24分の８から24分の５に引き下がって、地域団体の負担が24分の２から24分の１に引き下げられたというふうに伺っていますが、東京都の補助がこうして引き上げられたことに伴って、区の補助も、引き下げるのではなく、東京都の補助で埋められない分を区が負担するという形にすれば、地域団体の負担がゼロになるのではないかと思うんです。これまで区の負担が24分の８だったものを24分の６に引き下げるだけで、６と18で24なので、24分の24で地域団体の負担はゼロになるのではないかというふうに思ったんですけれども、そういう対応を取らなかったのはなぜなのかという点について伺いたいと思います。

続けて、民間学童クラブに対する助成の拡充について質問します。

民間学童クラブについては、来年４月の開設を目指して、中央区も募集をかけているものの、応募がなく、現在、再募集中ということになっていると思うんですけれども、今回こうして新たに補助が拡充されるということで、区が募集をしている民間学童の募集に対して手を挙げてくる事業者が見込まれるとか、そういう可能性が高まるという影響があるのかどうかという点の認識について伺いたいと思います。

そして、この補助の対象経費及び限度額については、資料で、基本額が上限618万円、常勤複数配置加算が上限200万円、場所の複数確保加算が上限192万円ということになっていて、そのほかサービスの内容により各種加算の措置を行うという説明となっています。そのほかのサービスというのは、どういうことがあるのかという点についてお示しいただきたいと思います。

それと、この制度の助成の拡充の目的は、利用環境の充実や利用者負担の軽減を促して利用率向上を図るということですけれども、この補助の仕組みの中で、利用者の負担軽減というのはどういう仕組みで行われるのか。利用負担の軽減に、この仕組みがどうつながってくるのかという点について伺いたいと思います。

あわせて、利用料が確実に軽減されることになるか。こういう補助を受けたことでの利用額の軽減については、どのように確認をしていくのか、どう担保されるのかという点についても併せてお示しいただきたいと思います。",,2025/9/22,企画総務委員会,議員
,令和7年 企画総務委員会(9月22日),上村税務課長,奥村暁子,"定額減税補足給付金についてお答えいたします。

補正予算に事務経費が含まれているかというお尋ねですけれども、含まれておりまして、内訳1,883万７千円が役務費、委託料の事務費分として含まれております。これまで今年度の給付事務にかかった事務経費ですけれども、当初予算で算定しております１億267万５千円が支出経費としてかかっております。

また、国からの補助ですけれども、今回、補正のほうにあります物価高騰対応重点支援地方創生臨時交付金で歳入されます。額が２億8,490万７千円となっておりまして、この中で事務費は一部の補助となっております。1,667万７千円となっております。

以上でございます。",,2025/9/22,企画総務委員会,理事者
,令和7年 企画総務委員会(9月22日),菅沼防災危機管理課長（参事）,奥村暁子,"私のほうから、地域見守り活動についての補助でございます。

今、委員の御説明にあったとおり、補助率の東京都の引上げという部分でございますけれども、区がそれに伴って、これまでの区の分も、引下げではなく引き上げることによって、地域団体の負担がゼロという考え方は、確かにそういう考え方はあろうかと思いますが、そこの考え方は東京都も我々区も持ち得ないというふうに認識してございます。

といいますのは、全額負担になってしまいますと、地域団体の負担がゼロになるということは、実際上、その後のカメラの維持であったり、所有者の話の概念から、やはり地域の安全は地域で守るという考え方から少し外れてくるという話がございます。そもそも、今回、臨時的に補正予算として上げる部分については、東京都の事業の枠組みが変わったことに伴うものでございますけれども、区としても、それにきちんと協調補助として枠組みを持ったという考え方が根本でございまして、この負担割合についても同様の考え方でいくという考え方でございますので、全額補助という考え方は持ち得ないというふうに考えてございます。

以上です。",,2025/9/22,企画総務委員会,理事者
,令和7年 企画総務委員会(9月22日),藤原放課後対策課長,奥村暁子,"私からは、民間学童クラブの助成の拡充につきまして４点お答えさせていただきます。

まず、１点目でございます。現在、民設民営学童クラブ、来年の４月の募集に向けて再募集を行っているところでございますけれども、当初の募集の段階から、既に今般の認証学童クラブの運営を前提とした募集をかけてございましたので、そうした中では、補助条件というのは既に拡充された状態で募集をかけている状況でございます。こうした中、その募集に当たっての事業者募集説明会には、昨年４者だったんですけれども、今回、９者にお越しいただきまして、事業者からの関心の高さは感じたところでございます。しかしながら、どうしても物件が見当たらないといったところでございまして、補助金の引上げ等によりましてオーナーと交渉できる物件は増えているものの、お子さんを扱うというところで、なかなか理解が得られないような状況もございますので、この点については、粘り強く引き続き、事業者のほうで対応していただきたいというふうに思っているところでございます。

続いて２点目でございます。今般の民間学童クラブ補助対象経費のその他のサービスでございますけれども、一例を申し上げますと、遊び・体験充実加算といったメニューがございまして、こちらについては、多様な遊び・体験を充実するために、講師の謝礼ですとか、備品購入費の予算を加算するものですとか、あと長時間開所加算といいまして、午前８時より前ですとか、午後７時を超えて開所する場合に、その延長保育の時間数に応じて加算をするといったような補助メニューがございます。

続きまして、３点目、利用者負担の軽減についてでございますけれども、今般、認証学童クラブの認証を予定してございますベネッセ学童クラブにつきましては、現在、利用料を月額３万6,000円でというところでお願いをしているところでございますけれども、東京都の認証学童クラブの制度を受けますと、利用料を月１万4,000円以下に抑えなければいけないというところがございますので、そうした意味では、利用料が３万6,000円から１万4,000円以下に下がるというところで利用者負担は軽減が図られるというふうに考えているところでございます。

また、どう担保されるかというところについてですけれども、これは事業者と利用者の中での利用料の徴収の中で、当然、徴収する金額が下がってまいりますので、そうした中で対応できるというふうに考えてございます。

以上でございます。",,2025/9/22,企画総務委員会,理事者
,令和7年 企画総務委員会(9月22日),奥村委員,奥村暁子,"定額減税については、国からの補助もあるということで、委託している事務費などに対しての補助ということですが、この補助は区で実際に支出している分をカバーするのに十分なだけの金額になっているのかという点についてお示しいただきたいと思います。

地域見守り活動のカメラ、カメラではないですけれども、多くはカメラかもしれませんが、防犯設備の整備・更新というところでは、やはり区の負担を引き下げるのを少し減らせば、地域団体の負担がゼロになるということだと思うので、私としては、そういうことも考えていただきたいというふうに思います。

カメラなどをつけたときの維持にもこれから費用がかかってくるということですが、つけた設備の維持費というものは、東京都の負担あるいは区の負担なのか、地域団体などで負担していくということなのか、その仕組みについてもお示しいただきたいと思います。

民間学童クラブについては、私は民間学童クラブを増やすべきだという立場ではないですけれども、今、こういった補助の制度もできたということで、説明会にも昨年度より多くの事業者が足を運んでいる状況だということです。利用料の軽減の部分というのは、今回の補正で示されている補助の中で可能になるのか。３万6,000円の利用料が１万4,000円に下がるという部分は、今回の補正予算で示されている項目の基本額、上限618万円と書いてある、この中から利用者に対して利用料を下げていくための料金が出るということなのか、今回の補正で出ているものとは別の形で、仕組みの中で引き下げられるのかというあたりがよく分からないので、お示しいただきたいというふうに思います。

次に、ベビーシッター利用支援事業についてです。

ベビーシッターの説明を見ますと、一時的に保育を必要としている保護者や、ベビーシッターを活用した共同保育を必要とする保護者に対しての支援ということですが、ベビーシッターを活用した共同保育を必要としている保護者ではない、一時的に保育を必要としている保護者というのは、ベビーシッターの方だけで子供を見るということなんですか。ベビーシッターだけで子供をケアするパターンと、保護者の方も一緒に共同保育していく２パターンあるということなのかという点について確認をさせていただきたいと思います。

それと、障害児にも対象の児童を今後広げていくということですが、障害のあるお子さん、どういう障害なのか種類にもよりますけれども、そういう方をベビーシッターだけで、保護者もいない中で預かるということが想定されるのであれば、安全性とか、そういうことについてはどうなるのかという点についてもお示しいただきたいと思います。

それと、泰明小におけるスクールバスの運行についてです。

今回、この費用は債務負担行為限度額で7,900万円ということですが、バス何台分なのか。中央区全体で、今、スクールバスは何台で、費用が幾らになっているのか。学校への送り迎え以外の日中の時間のバスはどのように活用されているのかという点についてもお示しいただきたいと思います。

スクールバスの運行を始めることによって、今、運転手の不足も問題になっていますけれども、運転手の確保についてはスムーズにいったのかどうかという点についてもお示しください。

あわせて、築地市場の駐車場と荷下ろし場の移転整備で、これまでの駐車台数は確保できるというふうに説明を受けていますけれども、今後、駐車場の需要が高まるとか、もっと台数が増えていくとか、需要増の見込みはないものなのか、そういうときにはどう対応していくのかという点についてお示しいただきたいと思います。",,2025/9/22,企画総務委員会,議員
,令和7年 企画総務委員会(9月22日),瓜生委員長,瓜生正高,答弁の前に、補正予算でありますから、今回の補正予算の提出議案に関わる部分以上の答弁はなさらないでくださいということでお願いいたします。,,2025/9/22,企画総務委員会,議長/委員長
,令和7年 企画総務委員会(9月22日),上村税務課長,瓜生正高,"定額減税補足給付金の事務費の歳入についてお答えいたします。

区の支出している費用に十分な費用になっているかというところですけれども、補助金の算定基準で、事務費のほうには上限がございます。給付金のほうは全額賄えるんですけれども、事務費については200万円ほどの不足が生じております。

以上です。",,2025/9/22,企画総務委員会,理事者
,令和7年 企画総務委員会(9月22日),藤原放課後対策課長,瓜生正高,"私からは、民間学童クラブの利用料の軽減についてお答えさせていただきます。

利用料の軽減に関しましては、今回の補正予算で示した認証学童クラブの補助金だけでなくて、もともと国の放課後児童健全育成事業としまして、補助対象経費等も定められております。そうした国の補助金の上乗せとして、東京都のほうでも賃借料の上乗せもございますので、そうしたものを活用しまして、補助金全般で利用料を１万4,000円としていくというものでございます。

以上でございます。",,2025/9/22,企画総務委員会,理事者
,令和7年 企画総務委員会(9月22日),左近士子ども家庭支援センター所長,瓜生正高,"私からは、一時預かり保育と共同保育の件ですけれども、一時預かり保育というのは、ベビーシッターがお子様を単独で見るというような預かりでございます。共同保育につきましては、お子さんが何人かいらっしゃるので、一緒に見てほしいというようなところで、一緒に保育をするものでございます。

障害児に拡充するに当たって、安全性の御質問をいただいたんですけれども、こちらの事業につきましては、この事業を行うに当たって、東京都が認定した事業所が行うことになっておりまして、認定するに当たって、東京都が研修等を課しているところでございます。今回、対象児童を拡大するに当たって、研修科目に小児保健ですとか、特に支援を必要とする子供への対応みたいなところの研修を充実して、ベビーシッターのスキル向上ですとか、あとは事業者に働きかけをしているというふうに認識しているところでございます。

ただ、実情は、今、ベビーシッターの人材確保という点でもなかなか難しいと聞いておりますので、現実的には、ベビーシッターが保育できる障害児は比較的障害が軽度な子供であって、未就学児のうちから使っていた子供が小学生に上がった後も継続して使うというようなところを想定しているところでございます。

以上でございます。",,2025/9/22,企画総務委員会,理事者
,令和7年 企画総務委員会(9月22日),清水学務課長,瓜生正高,"私からは、泰明小学校のスクールバスの運行に関して、まず、バスの台数をお答えさせていただきます。今回、泰明小で運行するに当たってのこの費用に関しましては、バス５台分というところで、内訳としては、大型バス４台、中型バス１台の計５台想定としております。

次に、運転手の不足の部分、確保がスムーズにいくのかというところですけれども、今回、債務負担行為ということで計上させていただいておりますが、この時期からの準備ということであれば、確保できるだろうというところで進めております。

以上でございます。",,2025/9/22,企画総務委員会,理事者
,令和7年 企画総務委員会(9月22日),菊池地域整備課長,瓜生正高,"築地臨時駐車場の車両台数について、需要増の見込みというところです。

そもそも、築地の臨時駐車場ですけれども、築地川第一駐車場と一体として、連携して駐車場の機能を担っているところであります。築地の臨時駐車場の台数だけで見ましても、令和３年から５万3,000台、令和４年で５万6,000台と、大体このぐらいの数字という形で推移してきているところでございまして、引き続きこれぐらいの数字が続いていくのかなというふうに考えています。

以上です。",,2025/9/22,企画総務委員会,理事者
,令和7年 企画総務委員会(9月22日),奥村委員,奥村暁子,"定額減税については、区で負担せざるを得ない事務経費もあるということですが、やはり国の制度で自治体にも多大な負担をかけているわけですから、かかった費用は請求して、それに国がきちんと応えていく、そういう制度にしていく必要があるというふうに思いますので、その点は国に対しても求めていただきたいと思います。

泰明小におけるスクールバス、今回の所管から外れる中身もあったかと思うんですけれども、日中の活用として、送迎しない間、公園に保育園で連れていく事業とか、そういうところで活用されているのか分からないですが、そういう活用もさらに広げるなど、有効にバスを使っていただきたいということは要望として述べさせていただきます。

学校給食における米の現物給付費用の増額ということですが、子供たちが食べているお米は、古米とか古々米とか、そういったものが入っているのか、新米なのかとか、そのあたりを教えていただきたいと思います。

米飯の頻度は今後も、米の価格が上がったからといって、下げるということではなく、ずっと継続していくような予算になっているのかという点についてもお示しいただきたいのと、今、学校だけでなく、家庭も物価高騰で大変で、豊島区でしたり、台東区は、子育て世帯や、また、台東区の場合は全世帯ですけれども、おこめ券を給付するという事業を補正予算で組んでいます。区として、こういう各地で進んでいるような補正予算を組んでいくというお考えはなかったのかどうか。ぜひ実施していただきたいと思いますので、よろしくお願いします。",,2025/9/22,企画総務委員会,議員
,令和7年 企画総務委員会(9月22日),瓜生委員長,瓜生正高,質疑がありましたけれども、本補正予算に沿った形で端的に答弁をお願いいたします。,,2025/9/22,企画総務委員会,議長/委員長
,令和7年 企画総務委員会(9月22日),清水学務課長,瓜生正高,"学校給食における米の現物給付費用の件に関してです。

古米とか、そういったものを使っているのか、どういったものを使っているのかというところですけれども、使っているものは、いわゆる備蓄米とか、そういったものを使ってはおりません。今、東根市のはえぬきというものともち米、あとブレンド米という３種類を使っているところでございます。

お米の給食は週３回実施しておりまして、そちらの頻度に関して、変更する予定はございません。週３回継続してまいる予定です。

以上でございます。",,2025/9/22,企画総務委員会,理事者
,令和7年 企画総務委員会(9月22日),野末財政課長,瓜生正高,"今回の補正以外の物価高騰対策についてでございます。

委員御案内のとおり、長引く物価高騰の影響は幅広い方々に及んでございます。限られた財源を有効に活用するためにも、物価高騰の状況や、本年度予算あるいは６月補正、また今回の９月補正の補正予算で組みました事業の執行状況も踏まえながら、対策については考えていく必要があるのかなというふうに考えてございます。物価高騰対策については、やはり国と地方と連携を図りながら進めていく必要がありますので、引き続き物価高騰の状況とか影響度合いも慎重に見極めながら、必要に応じて、対応については考えていきたいと考えております。

以上でございます。",,2025/9/22,企画総務委員会,理事者
,令和7年 企画総務委員会(9月22日),奥村委員,奥村暁子,物価高騰については、国としても、国民の願いである消費税の減税も行わず、また対策も不十分だということがあります。補正予算ですから、緊急的に必要なことについて対応していくということは大変大事だと思いますので、お米券の配布なども検討していただきたいということを求めて質問を終わります。,,2025/9/22,企画総務委員会,議員
,令和7年 企画総務委員会(9月22日),瓜生委員長,瓜生正高,副委員長は委員席へお移りください。,,2025/9/22,企画総務委員会,議長/委員長
,令和7年 企画総務委員会(9月22日),田中（広）委員,田中広一,"それでは、１点質問させていただきます。

今回、補正予算の中身を見せていただいて、本当に区を取り巻くいろいろな環境の変化にしっかり対応していこうということで取り組んでいただいております。その中の一つで、これまで一般質問で取り組んでまいりました泰明小学校のスクールバスについてでございます。

先ほどの議論を伺っておりまして、これから様々な細かい調整を行っていくという御答弁を伺ってきました。改めてですけれども、こうして補正予算を計上していただいたわけでありますが、ここに来るまでどういった御苦労があったのか、その辺を教えていただければありがたいと思います。よろしくお願いします。",,2025/9/22,企画総務委員会,議員
,令和7年 企画総務委員会(9月22日),清水学務課長,田中広一,"今回の泰明小スクールバス運行に当たっての準備ということになりますと、交通管理者との調整などで停留スペースの確保にめどがついたというお話をさせていただいておりますけれども、先ほども答弁申し上げましたように、今回、バス５台ということで、どこに停留場所を持ってくるか、地域との調整ですとか、そういったところも含めまして、いろいろと細かく丁寧に調整をしてきたところが、これまで少し時間を要していたところでございます。ただ、そこが一定のめどがついたというところで、これから具体的に進めさせていただければと存じます。

以上でございます。",,2025/9/22,企画総務委員会,理事者
,令和7年 企画総務委員会(9月22日),田中（広）委員,田中広一,"ありがとうございます。

今、停留所の調整でいろいろ御苦労があったというお話がありました。本当に、関係者の皆様、また停留所の位置の御近隣の皆様、いろいろな方の御協力があってのことだと拝察申し上げます。このように補正予算として書面でいただくわけでありますが、この背景には本当に多くの皆さんの思いがあったり、御苦労があったのだろうということを改めて感じた次第でございます。

いずれにしましても、多くの関係者の御支援、また御協力をいただきながら、安全第一で進めていただきますよう要望いたしまして質問を終わります。ありがとうございました。",,2025/9/22,企画総務委員会,議員
,令和7年 企画総務委員会(9月22日),瓜生委員長,瓜生正高,"質疑を終了いたしましたので、これより採決に入ります。

まず、議案第74号、令和７年度中央区一般会計補正予算について、起立により採決いたします。本案を可決することに賛成の皆さんは御起立を願います。",,2025/9/22,企画総務委員会,議長/委員長
,令和7年 企画総務委員会(9月22日),瓜生委員長,瓜生正高,"全員起立と認めます。――御着席願います。

よって、本案は原案のとおり可決すべきものと決定いたしました。

次に、議案第75号、令和７年度中央区介護保険事業会計補正予算について、起立により採決いたします。本案を可決することに賛成の皆さんは御起立を願います。",,2025/9/22,企画総務委員会,議長/委員長
,令和7年 企画総務委員会(9月22日),瓜生委員長,瓜生正高,"全員起立と認めます。――御着席願います。

よって、本案は原案のとおり可決すべきものと決定いたしました。

副委員長は元の席にお戻りください。

本会議における委員長報告の取扱いについて、正副委員長一任ということでよろしいでしょうか。",,2025/9/22,企画総務委員会,議長/委員長
,令和7年 企画総務委員会(9月22日),瓜生委員長,瓜生正高,"さよう取り扱わせていただきます。

これにて企画総務委員会を閉会いたします。

お疲れさまでした。

（午前11時52分 閉会）",,2025/9/22,企画総務委員会,議長/委員長
,令和7年 区民文教委員会(9月24日),木村委員長,木村克一,"ただいまより区民文教委員会を開会いたします。

本日、押田委員は欠席いたします。

また、議会局長は欠席いたします。

去る９月19日の本会議におきまして本委員会に付託された議案の決定に当たり、その内容を十分に審査する必要があるとして、本日、開会いたした次第であります。本委員会の運営につきましては、委員各位の特段の御理解と御協力をいただきますよう、何とぞよろしくお願い申し上げます。

まず、審査方法についてでございます。付託された議案について説明を受け、質疑を行い、質疑終了後、起立採決によりお諮りすることでよろしいでしょうか。",,2025/9/24,区民文教委員会,議長/委員長
,令和7年 区民文教委員会(9月24日),木村委員長,木村克一,"さよう取り扱わせていただきます。

それでは、理事者の説明を願います。",,2025/9/24,区民文教委員会,議長/委員長
,令和7年 区民文教委員会(9月24日),木村委員長,木村克一,"発言の時間制についてでございます。発言の時間制につきましては、通常の委員会での例によりますが、採決に係る時間10分を考慮し、各会派の持ち時間を算出することといたします。ただいまの時刻は午前10時２分です。自由民主党さん26分、かがやき中央さん18分、立憲民主党・無所属さん18分、区民クラブさん18分、日本共産党さん18分、士魂の会さん10分となります。

それでは、理事者の説明に対する質疑を行います。

発言を願います。",,2025/9/24,区民文教委員会,議長/委員長
,令和7年 区民文教委員会(9月24日),小坂委員,小坂和輝,"今回も大変重要な条例改正、ありがとうございます。

少しだけ確認をさせてください。これは、いつ起こるかも分からない首都直下型地震に対しての準備ということかと思います。議案第78号の条例改正も同時にかかっており、そこでは消防団ということもありますし、ここでは学校医ということでありますが、この日曜日には３団合同の防災訓練、大変厳しい訓練がなされたところで、私も訓練にも参加しましたけれども、訓練でさえ、けがをするかも分からないものであり、本番だったら本当にけがをするだろうと。でも、万が一けがをしたときに、このような補償があるということで、安心して臨むことができると思っております。大変重要な条例改正かと存じます。

そこで、確認をさせていただきますけれども、今回もまた価格が上昇するということで御提案いただいております。毎回この条例改正は出てくるわけだけれども、価格においても丁寧に審議するために、その都度その都度出してきてくださるということは、前回も同条例改正が出たときに我が会派からも確認させていただいたところであり、このように丁寧に条例改正を進めてくださるという姿勢、感謝申し上げます。

そこで、その価格です。価格に関しまして、今回の改正理由、都がやったからということでありますけれども、この背景として、なぜ都が価格を上昇させたのか、その背景などが分かれば御説明いただければと思います。この価格を上昇させた背景を教えてください。これが１点目です。

２点目は、またこれも価格と関連するところでありますけれども、結局、全国一律でこのような条例改正がなされているところであり、全国一律基準におけるものであります。首都と地方都市等ではいろいろな環境が変わる中で、全国一律の価格上昇だというところでありますけれども、都心部における様々な要因を考えた場合に、これで十分なのかということもまた問題となってくるわけであります。公平性の観点におきまして、全国一律でよいのか、中央区は中央区基準をさらに上乗せなどをする必要はなかったのかどうか、公平性の観点から教えてください。これが２点目です。

３点目は、同時に条例改正されている議案第78号では消防団の件でのものかと思います。こちらでは学校医ということでありますけれども、学校医の災害における負傷は、どのような感じで学校医が負傷に至るのか、どのような適用がなされるのかということを教えていただければと思います。このあたりの基本的なところから確認をさせてください。",,2025/9/24,区民文教委員会,議員
,令和7年 区民文教委員会(9月24日),清水学務課長,小坂和輝,"では、今回の条例改正の背景等、順次お答えいたします。

まず、１点目の介護補償の部分に関してです。

こちらは、まず、国のほうで政令の改正がありました。公立学校の学校医、学校歯科医及び学校薬剤師の公務災害補償の基準を定める政令の一部を改正する政令ということで、それに合わせて都のほうも条例改正をした。また、そこに準じて区のほうも改正しているという流れになっております。国のほうの改正理由としては、人事院規則で人事院が定める国家公務員の公務災害補償における介護補償の額が引き上げられたことによって、今回、学校医等に関しても、その基準を改正しているというところになります。

２点目に、全国一律ではなくて、中央区のほうでは上乗せが必要なのではないかというところですけれども、今申しましたように、国の基準に合わせて、都のほうでも既に改正が行われているところで、東京都と同じ基準でやっていますので、特段、区のほうで上乗せをするような考えはないところでございます。

そして、３つ目ですけれども、どのような適用がというところです。基本的に、学校医に関しては、学校保健安全法で決められている職務として、例えば学校における定期診断であるとか、健康相談だとか、そういった業務を行っていただいているんですが、その職務上におけるというところになりますので、実際、これまでこの条例の適用を受けた案件はございませんので、そういったところになります。

以上でございます。",,2025/9/24,区民文教委員会,理事者
,令和7年 区民文教委員会(9月24日),小坂委員,小坂和輝,"私は質問させていただいたのは、国が何で変えたのかというところであったわけですけれども、恐らく物価上昇や介護の実費が増加しているという背景に鑑み、国が上げ、都が上げ、そして、このように来たと思います。このような背景のほうも十分に説明していただきながら、適用される皆様に、背景を含め、説明していただければと思うところであります。

また、全国一律でよいのかどうかというところは、都がそうだからということでありますが、都心と地方都市とは、やはり物価の上昇の具合とか、また介護の難しさとか、様々なところもありますので、そのあたりを加味する必要もあるのではないかというところはあるんですけれども、そのあたりはまた一緒に考えていければと思うところであります。

また、今までないのは、もちろん分かっているんですけれども、これからいつ首都直下型地震が起こるかも分からないということに備えるための条例改正かと思います。そこからすると、学校医が災害に従事して、それで負傷を負うということがあろうかと思います。このあたりへの災害時における学校医に適用があるのではないかというところに関し、どのようにお考えなのか、念のために教えていただければと思います。",,2025/9/24,区民文教委員会,議員
,令和7年 区民文教委員会(9月24日),清水学務課長,小坂和輝,"区のほうでは、特段これまでの適用はないと申し上げましたけれども、確かに、東京都のほうでそういう案件があったりということは聞いているところではあります。今後、災害時にというところですけれども、災害時に中央区の学校医が学校医の業務として行った内容に関してというところで、適用に関しては、それぞれ１つずつの案件に照らし合わせて、何が適用されるかというところはしっかりと確認をしながら対応していきたいと思います。

以上でございます。",,2025/9/24,区民文教委員会,理事者
,令和7年 区民文教委員会(9月24日),小坂委員,小坂和輝,"災害に際し、学校医も学校保健安全法に基づき災害対応をするというふうになっており、恐らく学校医も防災拠点の皆様と子供たちを守るために一緒に活動するということであろうかと思います。このあたりの学校医の災害への対応、役割は非常に重いものがあろうかと思い、それへの適用もあろうかと思うところであります。そのあたりの役割に関して整理していただきたいと思います。

もちろん、防災訓練においても、災害への本番の対応においても、助けに行く人がけがをしない、自らがけがをしないということが一番大事な点でありますが、万が一のけがに対しての補償をしてくださっているという点、感謝を申し上げ、質問を終わります。ありがとうございました。",,2025/9/24,区民文教委員会,議員
,令和7年 区民文教委員会(9月24日),木村委員長,木村克一,副委員長は委員席へお移りください。,,2025/9/24,区民文教委員会,議長/委員長
,令和7年 区民文教委員会(9月24日),小栗委員,小栗智恵子,"それでは、何点か確認をさせていただきたいと思います。

今回、補償基礎額について、配偶者の関係の項目が削除されているんですけれども、この理由についてお示しいただきたいと思います。

次に、介護補償の関係で、常時介護と随時介護という区分があります。教育委員会規則で定めるものに該当する場合と、条例の第12条に書いてありますけれども、大きく言うと介護認定みたいなものと連動しているのか、それを御説明いただけたらというふうに思います。親族の介護を受けた場合というふうになっていますけれども、例えば入院している場合などでも適用されるのか、その点を確認させていただきたいと思います。よろしくお願いします。",,2025/9/24,区民文教委員会,議員
,令和7年 区民文教委員会(9月24日),清水学務課長,小栗智恵子,"配偶者の扶養加算のところが削除された理由ですけれども、今回の改正は、先ほど申しましたように国のほうの政令改正から来ているところではあるんですが、まず、国のほうで一般職の職員の給与に関する法律の一部を改正する法律ということで扶養手当の支給額の改定が行われました。ですので、国が職員の給与手当を改定したことに伴って、都が改定して、区においても改定するというところで、国のほうでは配偶者の働き方に中立的な制度に向かう社会状況の変化に対応ということで、要は、配偶者控除の手当を廃止していって、その一方で、子供のほうに係る手当額を引き上げるというような改正をしているところです。そこに合わせた形で、今回、補償基礎額の改定をしているところになりまして、区も同じ考え方でやっているところでございます。

今回の条例の親族またはこれに準ずる者の介護によるというところになりますけれども、これは、要は、介護サービスを利用しないで介護を行う者に対する介護補償の最低限度額というところで、こちらは最低賃金に基づいて決められているんですが、そちらが上昇して改定ということになっています。

適用の条件に関して、実際、介護がどのような状況かというところは、こちらの規則のほうに照らし合わせて、その状態を判断して適用していくというところになります。

以上でございます。",,2025/9/24,区民文教委員会,理事者
,令和7年 区民文教委員会(9月24日),小栗委員,小栗智恵子,"そうすると、介護サービスの、例えばヘルパーさんとか、そういうものを全然利用しないで家で親族が見ている場合に適用すると。もちろん、入院とか特養に入ったりとか、そういう場合は適用されないという制度になっているのか、改めてもう一度御答弁いただきたいと思います。

配偶者の関係は、控除の関係とか、よく理解できなかったんですが、これによって配偶者への補償がなくなる、プラスがなくなるということで、その点においては、前よりも補償が、金額全体が上がっているのは分かるんですけれども、配偶者の部分でいえば、200円の分が減るという理解でいいのか、その点をもう一度お願いしたいと思います。",,2025/9/24,区民文教委員会,議員
,令和7年 区民文教委員会(9月24日),清水学務課長,小栗智恵子,"１点目の親族またはこれに準ずる者による介護を受けた日があるときというところなので、介護サービスを使わずにというところになりますので、介護サービスで例えば特養に入っているとかいうところではなくということになります。

配偶者のところに関しては、おっしゃるとおり、配偶者の加算のところが、改正後、200円の部分が削除になります。その分、結局、子に対する補償を手厚くするということになっているので、22歳に達する日以後の最初の３月31日までの間にある子というところの金額が改正になっているということになります。

以上でございます。",,2025/9/24,区民文教委員会,理事者
,令和7年 区民文教委員会(9月24日),小栗委員,小栗智恵子,"実際にこの制度を適用した例が区内ではないというお話もありましたけれども、親族が介護した場合も、１日でも２日でも、月単位でそれを補償額として出すということなので、全体としては補償されるという意味ではいいと思うんですが、もしそういう状態になったときに、全く介護サービスを使わないということは、今の時代はあまりないのではないかという気もするので、そうすると全然補償がないというのもどうなのかなと思いました。きちんとした介護の保障がされるということを望みたいと思います。

以上で終わります。",,2025/9/24,区民文教委員会,議員
,令和7年 区民文教委員会(9月24日),木村委員長,木村克一,"質疑を終了いたしましたので、これより採決に入ります。

議案第82号、中央区立小学校及び中学校の学校医、学校歯科医及び学校薬剤師の公務災害補償に関する条例の一部を改正する条例について、起立により採決いたします。本案を可決することに賛成の皆さんは御起立を願います。",,2025/9/24,区民文教委員会,議長/委員長
,令和7年 区民文教委員会(9月24日),木村委員長,木村克一,"全員起立と認めます。――御着席願います。

よって、本案は原案のとおり可決すべきものと決定いたしました。

副委員長は元の席にお戻りください。

本会議における委員長報告の取扱いについては、正副委員長一任ということでよろしいでしょうか。",,2025/9/24,区民文教委員会,議長/委員長
,令和7年 区民文教委員会(9月24日),木村委員長,木村克一,"さよう取り扱わせていただきます。

以上をもちまして区民文教委員会を閉会といたします。

（午前10時22分 閉会）",,2025/9/24,区民文教委員会,議長/委員長
,令和7年 企画総務委員会(9月24日),瓜生委員長,瓜生正高,"これより企画総務委員会を開会いたします。

本日、梶谷委員は欠席いたします。

また、議会局長は欠席いたします。

なお、議案の関係で経理課長が出席しますので、御了承願います。

去る９月19日の本会議におきまして本委員会に付託された議案の決定に当たり、その内容を十分に審査する必要があるとして、本日、開会いたした次第であります。本委員会の運営につきましては、委員各位の特段の御理解と御協力をいただきますよう、何とぞよろしくお願いをいたします。

審査方法についてであります。付託された各議案について一括して説明を受け、一括して質疑を行い、質疑終了後、それぞれの議案を別々に起立採決により、お諮りすることでよろしいでしょうか。",,2025/9/24,企画総務委員会,議長/委員長
,令和7年 企画総務委員会(9月24日),瓜生委員長,瓜生正高,"さよう取り扱わせていただきます。

それでは、理事者の説明を願います。",,2025/9/24,企画総務委員会,議長/委員長
,令和7年 企画総務委員会(9月24日),瓜生委員長,瓜生正高,"発言の時間制についてであります。発言の時間制につきましては、通常の委員会での例によりますが、採決に係る時間10分を考慮し、各会派の持ち時間を算出することといたします。ただいまの時刻は午後１時36分です。自由民主党さん44分、かがやき中央さん28分、立憲民主党・無所属さん28分、公明党さん28分、区民クラブさん28分、日本共産党さん28分となります。

それでは、理事者の説明に対する質疑を行います。

発言を願います。",,2025/9/24,企画総務委員会,議長/委員長
,令和7年 企画総務委員会(9月24日),ほづみ委員,ほづみゆうき,"よろしくお願いします。私から、日本橋中学校改築及び中央区立千代田公園整備工事に関して幾つかお伺いします。

こちらの調達は、もともともう少し前の段階で契約する予定でしたけれども、応札事業者がおらず、不調となり、今回、改めての入札によって落札されたものという認識です。先日の一般質問でも何度も出てきておりましたとおり、建築費の高騰がありまして、他区を見ても、同様の建築工事において複数回、調達手続を行っても、落札事業者がいないという話も聞いておりますので、今回２度目で契約に至ったということで、まずはよかったと思っているところです。その上で幾つか確認をさせてください。

まず、調達に当たっての要件というところです。不調の場合には、改めて入札を行うに当たって、要件の緩和などを行っている旨を過去の委員会等で伺ったと記憶しております。今回について、何らかの見直しを行った上で再度調達を行ったものかというところについて、まず確認をさせてください。お願いします。",,2025/9/24,企画総務委員会,議員
,令和7年 企画総務委員会(9月24日),遠藤経理課長,ほづみゆうき,"日本橋中学校及び千代田公園の整備でございます。

こちらにつきましては、委員からお話があったように１回不調という形になりました。これは、建築と機械設備のほうで申込みがなかったということでございます。こちらは、施設整備の担当部署が区内の事業者にヒアリング等を行いまして、やはり人の不足、技術者あるいは技能労働者が不足しているということで体制が取れないということと、昨年の４月以降、残業規制も適用されてございますので、その影響が物流にも及んでいるということで、工期であるとか、あるいは工事費の見直しというところも少し必要になってきたところでございます。そうしたことを踏まえて、工事側での対応を行ったのと、私ども契約、入札のほうでも様々な緩和といいましょうか、条件を変えたところでございます。１つは、本来、ＪＶの共同企業体による工事となってございますけれども、なかなかＪＶが組みづらいという状況がございまして、ＪＶであっても、あるいは１者であっても入札ができるという混合入札という形に変えてございます。それと、従来、２者申込みがいない場合には不調とさせていただいておりましたけれども、他区などもこちらを緩和してございますが、１者の申込みで、それが応札までした場合には、これを有効とさせていただくという緩和を行ってございます。競争性ということでいいますと、今、電子自治体で行ってございますので、何者が参加しているというのが分からないという状況もございます。また、１者入札を従来行っているところについては、公告の段階から競争が始まっているということでやってございますので、本区につきましても、そうした緩和を行ったところでございます。やはり大きな工事でありますし、区民あるいは、学校でありますので、児童・生徒の教育環境への影響が大きいところでございますので、意欲のある事業者がいた場合には、１者であっても、応札した場合には予定価格以内で確保していきたいという考え方でございます。

以上です。",,2025/9/24,企画総務委員会,理事者
,令和7年 企画総務委員会(9月24日),ほづみ委員,ほづみゆうき,"詳しくありがとうございます。条件として、ジョイントベンチャーによる工事の制約の見直しですとか、また、もともとは２者いないと不調であるという条件の見直しですとか、そういった入札条件の見直しを行われた上で、今回、落札に至ったということで確認をさせていただきました。

もう一つは、調達の予定価格とその中身について伺います。

当初の調達では応札者がおらず、今回改めて実施ということで、入札経過結果表を確認させていただきました。こちらによれば、建築工事では、当初は約141億円、今回は約146億円と５億円程度の予定価格の増額が行われて、今回はほぼ同額で落札されております。そして、今回３つの調達を合わせると、税込みですと205億円程度の規模感で、この総額も、当初の調達の予定価格と比較しても上昇しているかと思います。このように再入札で予定価格が引き上げられるということであれば、本来的には、追加で予算措置が必要となるような話かと思いますけれども、今回、特に補正予算として本件に係るものはなかった認識です。

その上で、当初予算を確認しますと、関連すると思われる予算は日本橋中学校の改築の工事費の中の全体計画というところで、これはおよそ224億円とありました。この中に収まっているということなのかとも思いますけれども、その後の６月補正で債務負担行為の金額が変わっているようなところもありまして、これらの金額についての考え方について確認をさせてください。

また、今回、改めて調達に向けて予定価格が変わったというところについて、これは調達の中身が変わったのか、それとも内容はそのままで、単価等を見直した結果として予定価格が上がったということなのか、そこについても確認できればと思います。お願いします。",,2025/9/24,企画総務委員会,議員
,令和7年 企画総務委員会(9月24日),栗村施設整備課長,ほづみゆうき,"日本橋中学校及び千代田公園整備工事の予算の考え方についてでございます。

委員御指摘のとおり、補正予算のほうで、前回、債務負担行為の金額の変更をさせていただきました。今回の入札に関していきますと、その予算の中で予定価格も収まっているというところで、特段、予算の変更をすることなく入札に至ったということでございます。金額の考え方につきましては、そういった意味でいきますと、前回の補正予算の金額の中から、当初の建築工事、機械工事、電気工事の予算の枠の中で予定価格を組んでおりまして、今回、その中できちんと応札されたというところで、そういった意味では特段問題のない部分かと思っております。

前回の第１回目の入札のときの予定価格から変動した部分につきましては、幾つかの要素がございます。建築工事、機械工事、電気工事、それぞれ別々の工事の考え方、例えば、具体的にいきますと、もともとは建築、機械、電気工事で解体工事の部分をそれぞれの工事に割り振りながらやっていたという部分がございます。その部分について、不調後、いろいろ各種業者にヒアリングする中で、特に機械工事、電気工事といいますのは、解体工事をする中で、どちらかというと建築工事の解体工事ですので、必ずしも機械工事の業者でないと解体工事ができないということでもないというところがあって、そういったところも踏まえて、今回は建築工事の業者のほうに機械の分も電気の分も含めてやるということで、そういった意味でいきますと、もともとの第１回目の予定価格を組んでいたところから、ざっくりと今の話でいきますと、機械工事、電気工事の解体工事の部分を１つに、建築工事にまとめているというところがあって、それぞれの工事の中で額の増減が出ているといったところ、もろもろ、これだけではないですが、幾つかの要素を踏まえまして、結果として、このような形の予定価格の金額になったところでございます。

以上です。",,2025/9/24,企画総務委員会,理事者
,令和7年 企画総務委員会(9月24日),ほづみ委員,ほづみゆうき,"詳しくありがとうございます。いろいろあるとは思うんですけれども、大きなところとしては解体工事の部分について見直しをされた上でということで理解をいたしました。あと、全体の金額感に関しては、６月の補正で見直した金額の中で収まっているということで、今回、特に補正云々はなかったということで理解をいたしました。

最後に、調達という観点で、今回、２回目で落札が決まったというところではあるんですけれども、もちろん１度目の調達で事業者が決まるにこしたことはないというふうに考えるところです。特に、今回のような大規模な調達、かつ今回でいいますと浜町校舎の利用期間など、ほかのもろもろの関連するスケジュール等も踏まえた上で、調達が複数回にわたるということでいうと、全体のスケジュールを見直すという手もあるかと思います。この点で、最初に確認させていただいた２回目での見直しというところがあったかと思うんですけれども、そちらの考え方、もともとの調達の理念は大事にしつつも、何かしら今回みたいな大規模な案件ですとか、ほかにももろもろ関係するスケジュールがあるですとか、そういった条件を踏まえた上で、法令等にはもちろん抵触しない範囲で、当初から入札要件を見直すような考え方もあるのかと思うんですが、こういうところに関しては、どういったことが実現可能で、実現が難しいのかですとか、その辺の感触をお伺いできればと思いますが、いかがでしょうか。お願いします。",,2025/9/24,企画総務委員会,議員
,令和7年 企画総務委員会(9月24日),遠藤経理課長,ほづみゆうき,"委員からもお話があったように、複数回これを繰り返すというのは、区民サービスへの影響であるとか、先ほどもお話ししました学校の教育活動への影響が非常に大きいものでございます。他区においては、同じ中学校で４回入札をしたけれども決まらない、随意契約という方法で契約をしたということも聞いてございます。工事の様々な、工期、それと、先ほどのお話もありましたように影響も、仮設の校舎であるとか、あるいは公園の利用というところにも関わってきます。なるべく不調がないようにということで、工事主管課と契約部門で非常に密接に連携を図りながら、状況等の分析をしながら適切な対応、建築費もそうですし、工程もそうですし、契約のタイミングというのもございますので、そうしたところにしっかりと取り組んで、受注者の確保に努めてまいりたいと考えております。

以上です。",,2025/9/24,企画総務委員会,理事者
,令和7年 企画総務委員会(9月24日),ほづみ委員,ほづみゆうき,"ありがとうございます。

いろいろ難しい事情の中で、御努力いただいていると理解をいたします。今回のようなスケジュールありきのものについては、特に入札要件の緩和ですとか、今後考慮していくべきと考えております。御説明もいただいたんですけれども、随意契約というところに関しても、双方の事務負担の軽減ですとか、作業期間、調達期間を圧縮できるという点では、個人的には一概に否定されるべきではないと考えております。今後もこれまで以上に今回のような事態は発生し得ることを踏まえますと、競争性を担保しつつ、よりよい事業者をより速やかに決定できるような仕組みづくりについて、改めて議論してまいりたいと思っております。

私からは以上です。ありがとうございます。",,2025/9/24,企画総務委員会,議員
,令和7年 企画総務委員会(9月24日),奥村委員,奥村暁子,"それでは、初めに、議案第76号、配偶者同行休業に伴う代替職員採用制度の導入について伺います。

代替職員は、これまで派遣など臨時的な採用だったものを任期付採用や臨時的任用をできるようにするということで、代替職員の身分保障もよりされることになって、休暇についても一定保障されるようになります。説明の文書ですと、組織への負担も軽減されて、そして休業を取得する職員にとっても円滑な復帰につながるとか、負担を軽減する効果があるということなんですが、これまで派遣などの臨時的な採用だったときには、どういう課題、問題があったのかという点についてお示しいただきたいと思います。

今度の制度を導入することによって、組織への負担、そして配偶者同行休業を取得する職員にとっての負担がどういうふうに軽減されていくことにつながるのかという点についても伺いたいと思います。

それと、任期付職員などとして一定の専門の知識などを持つ人材を確保していくということであると、そういう人材確保の見通しという点については、どのように考えているのかという点についてもお示しいただきたいと思います。",,2025/9/24,企画総務委員会,議員
,令和7年 企画総務委員会(9月24日),岩田職員課長,奥村暁子,"配偶者同行休業に伴う任期付職員の採用制度ということで、今回、御提案させていただいております。

これまでの配偶者同行休業に対する代替職員、その代わりにどういった対応をしていくかというところでいきますと、これまではほとんど実績がなかったというところもありまして、配偶者同行休業でお休みをしたところに常勤職員を人事異動などで配置していくというようなことを、令和元年、１人のときにやっていたという状況でございます。令和７年度になりまして、事務職で２人、土木職で１人ということで、今、３人の方が取っているところですけれども、そこの段階でも、事務職員については人事異動等で１人、常勤の職員を配置しておりまして、土木の職員のところにつきましては、土木職のそもそもの欠員状態というのもありまして、現時点では派遣職員で対応しているという状態でございます。そうした中で、今後も常勤職員の確保というのはなかなか難しい状況、社会的な情勢はこれからも続いていくというところもありますので、今回、任期付職員の採用でそういったことに対応していくというような、この制度の導入の趣旨でございます。

実際、任期付職員の採用の状況でございますけれども、今も育児休業を取られる方の任期付の代替職員の制度を導入しておりますが、募集を年３回行っておりまして、１回募集すると30人とか40人とか、そういった人数の方にお申込みをいただいている状況で、育児休業の方の代替職員については、任期付職員で対応している。同じように、今回、配偶者同行休業を取られる方の任期付職員も、同じこのスキームで募集をしまして、同じ条件で採用するというような形ですので、見通しというところでいきますと、１回当たり30人、40人あたりが申込みをしてくれて、必要な人数を採用するというような形で考えているところでございます。

以上でございます。",,2025/9/24,企画総務委員会,理事者
,令和7年 企画総務委員会(9月24日),奥村委員,奥村暁子,こういった新たに採用をされた職員の方たちも、本人が希望して、また区にとっても有用だということであれば、再度契約を結びながら、継続して働くということもできる仕組みとなっているのかという点についてお示しいただきたいと思います。,,2025/9/24,企画総務委員会,議員
,令和7年 企画総務委員会(9月24日),岩田職員課長,奥村暁子,"今回の配偶者同行休業、先ほど申し上げた育児休業の代替職員もそうですけれども、育児休業を取得する期間、配偶者同行休業を取得する期間が任期ということになりますので、まずは配偶者同行休業をした職員、育児休業をした職員が復帰をしたら、その任期付職員は任期が終了して、そのまま採用は続かないというような状況でございます。

ただ、その後も育児休業を取られる職員、配偶者同行休業を取られる職員もやはりこれから見込まれるというふうに考えておりまして、そのときはまた本区の任期付職員の採用選考を受けていただきまして、そこで合格をするということになれば、また引き続き本区で活躍をしていただくというようなところでございます。

以上でございます。",,2025/9/24,企画総務委員会,理事者
,令和7年 企画総務委員会(9月24日),奥村委員,奥村暁子,"全体として、なかなか職員の採用が難しい、特に土木は難しいということがずっと言われていますけれども、こういう機会を通じて、有能な方で御本人も続けたいということであれば、継続して働く道も開くものにぜひしていただきたいということを求めたいと思います。

次に、議案第88号、89号、90号の中央区立日本橋中学校改築及び中央区立千代田公園整備工事請負契約、建築工事、機械設備工事、電気設備工事について質問します。

千代田公園の部分についてお聞きしたいんですが、千代田公園は立体都市公園制度を使った整備になるということで、この制度ですと、渋谷の宮下公園のように、既存の公園の地下を利用するのではなくて、商業施設の上に公園を造るような手法が取られて、むしろ商業施設の建物のほうが目的でこの制度を利用しているのではないかと思われるケースなど、中には問題があるケースもあるものの、今回の千代田公園の場合は、土地をかさ上げして、公園の下の地上階に当たる部分には防災倉庫やトイレが造られて公園面積自体も増える、そういう工事の内容だと思います。建築工事の契約金額が約160億円ということになっていますけれども、建築工事にはどういう費用が含まれるのかということを確認させていただきたいと思います。設計の費用ですとか、樹木を植える費用とか、遊具ですとか、そういったものも建築工事の費用に入るのかどうかということをお示しいただきたいと思います。

そして、今回の工事が、日本橋中学校と千代田公園を分けずに、セットでの入札となっているのはなぜなのかという点についてもお示しいただきたいと思います。",,2025/9/24,企画総務委員会,議員
,令和7年 企画総務委員会(9月24日),栗村施設整備課長,奥村暁子,"日本橋中学校及び千代田公園の整備工事の建築工事の内容ということでございます。

それぞれの出す工事の中で、建築工事がどこまでやるのかというのは、必ずしも常に一定ではないという中での今回の日本橋中学校及び千代田公園整備工事の建築工事というところでございますが、千代田公園の整備工事と一体としている理由としましては、委員も御承知のとおり、今回の整備は公園と中学校の敷地を合わせた形で、まず、今の公園施設、それから中学校の今の校舎を解体しまして、その中で、今まであった公園の部分と中学校の敷地の部分を再度整理しながら、ある意味、２つの敷地を一体的に使いながら再整備をするといったところでいきますと、公園と中学校の工事をそもそも分けるということが物理的には難しい。解体前と解体後で同じ敷地でも、公園になったり、中学校になったりというところでいきますと、一緒にせざるを得ない部分がございます。

あと、今回の建築工事の中にどこまで含まれるかというところでございますが、先ほど例示のありました、いわゆる外構部分、植栽ですとか、公園の整備の部分については、今回の建築工事の入札内容には入っておりません。これはなぜかといいますと、工事のやり方に起因するところなんですが、今回、敷地をまず更地にした上で、将来的に千代田公園になる部分に、建築工事だけではないですが、建物を建てる工事の資材置場ですとか、あるいは現場の事務所、職人さんが詰める事務所とか、そういったところを公園の部分に整備していくというところでございます。建物の整備がある程度段取りとして終わった時点で、次の時点で公園の整備ですとか、あるいは校庭の整備、校庭の植樹も含めて、そういったところの整備に入るということで、現時点では、まだどういう形で現場の資材置場とかに使うかによって、いろいろ整備のやり方が異なってくるというところで、なかなか設計としてやり切れない、読み切れない部分がございますので、こちらについては、また後ほど追加工事という形で外構の工事を出すことを考えているところでございます。ですので、今回の中には、いわゆる緑の部分は含まれていないということでございます。

以上です。",,2025/9/24,企画総務委員会,理事者
,令和7年 企画総務委員会(9月24日),奥村委員,奥村暁子,"仕組みというものを丁寧に御説明いただいて、理解することができました。

千代田公園の部分については、都市計画審議会で私も意見を述べたりしていたという経緯があります。千代田公園が浜町河岸通りの上に架かる連絡橋から続く２階部分から地上部分に下りる部分がスロープ状の傾斜になっていて、このスロープ部分の面積が全体の公園敷地の約４分の１に当たる500平米ということなので、このスロープの部分を活用して、その形状を生かして、滑り台ですとか、アスレチックとか、じゃぶじゃぶ池とか、そういう遊具を入れてはどうかという提案もしていたもので、今回の契約の建築工事の中にこういったものが含まれているのかどうか確認をしたいという意図もあったんですけれども、公園の部分の細かい設計については、今回のこの金額には含まれていないと。そういう部分については、今後また考えながら、再度の契約を結んでいくことになるということでよいのかという点についてお示しいただきたいと思います。

あわせて、これは意見なんですけれども、こういうふうに議案として入札の経過など報告はしていただいているんですけれども、公園ですとか、建物がどういう形で整備されるのかとか、具体的なイメージ図ですとか、そういったものは議会に報告されていないと思います。本来であれば、こういう入札の報告を受ける前に、いろいろ建物や公園の整備などもイメージ図のようなものが議会に示されて、議会で一定議論もされて、こういう契約につながっていくべき、そういう流れが本来あってもよいのではないかと思うので、その点は意見として述べさせていただきます。質問について、１点だけ御答弁いただきたいと思います。",,2025/9/24,企画総務委員会,議員
,令和7年 企画総務委員会(9月24日),瓜生委員長,瓜生正高,質問の部分だけお答えください。,,2025/9/24,企画総務委員会,議長/委員長
,令和7年 企画総務委員会(9月24日),栗村施設整備課長,瓜生正高,"立体公園部分と地上部分をつなぐ部分等の遊具についてということでございますが、今回入札した工事の中には入っておりません。

以上です。",,2025/9/24,企画総務委員会,理事者
,令和7年 企画総務委員会(9月24日),奥村委員,奥村暁子,ぜひ今後検討していただきたいということを述べて、質問を終わります。,,2025/9/24,企画総務委員会,議員
,令和7年 企画総務委員会(9月24日),瓜生委員長,瓜生正高,"副委員長は委員席へお移りください。

それでは、質疑を終了いたしましたので、これより採決に入ります。

まず、議案第76号、中央区職員の配偶者同行休業に関する条例等の一部を改正する条例について、起立により採決いたします。本案を可決することに賛成の皆さんは御起立を願います。",,2025/9/24,企画総務委員会,議長/委員長
,令和7年 企画総務委員会(9月24日),瓜生委員長,瓜生正高,"全員起立と認めます。――御着席願います。

よって、本案は原案のとおり可決すべきものと決定いたしました。

次に、議案第78号、災害に際し応急措置の業務等に従事した者に係る損害補償に関する条例の一部を改正する条例について、起立により採決いたします。本案を可決することに賛成の皆さんは御起立を願います。",,2025/9/24,企画総務委員会,議長/委員長
,令和7年 企画総務委員会(9月24日),瓜生委員長,瓜生正高,"全員起立と認めます。――御着席願います。

よって、本案は原案のとおり可決すべきものと決定いたしました。

次に、議案第84号、中央区立佃区民館等複合施設大規模改修工事（建築工事）請負契約について、起立により採決いたします。本案を可決することに賛成の皆さんは御起立を願います。",,2025/9/24,企画総務委員会,議長/委員長
,令和7年 企画総務委員会(9月24日),瓜生委員長,瓜生正高,"全員起立と認めます。――御着席願います。

よって、本案は原案のとおり可決すべきものと決定いたしました。

次に、議案第85号、中央区立佃区民館等複合施設大規模改修工事（機械設備工事）請負契約について、起立により採決いたします。本案を可決することに賛成の皆さんは御起立を願います。",,2025/9/24,企画総務委員会,議長/委員長
,令和7年 企画総務委員会(9月24日),瓜生委員長,瓜生正高,"全員起立と認めます。――御着席願います。

よって、本案は原案のとおり可決すべきものと決定いたしました。

次に、議案第86号、中央区立佃区民館等複合施設大規模改修工事（電気設備工事）請負契約について、起立により採決いたします。本案を可決することに賛成の皆さんは御起立を願います。",,2025/9/24,企画総務委員会,議長/委員長
,令和7年 企画総務委員会(9月24日),瓜生委員長,瓜生正高,"全員起立と認めます。――御着席願います。

よって、本案は原案のとおり可決すべきものと決定いたしました。

次に、議案第87号、学校給食用備品の買入れについてについて、起立により採決いたします。本案を可決することに賛成の皆さんは御起立を願います。",,2025/9/24,企画総務委員会,議長/委員長
,令和7年 企画総務委員会(9月24日),瓜生委員長,瓜生正高,"全員起立と認めます。――御着席願います。

よって、本案は原案のとおり可決すべきものと決定いたしました。

次に、議案第88号、中央区立日本橋中学校改築及び中央区立千代田公園整備工事（建築工事）請負契約について、起立により採決いたします。本案を可決することに賛成の皆さんは御起立を願います。",,2025/9/24,企画総務委員会,議長/委員長
,令和7年 企画総務委員会(9月24日),瓜生委員長,瓜生正高,"全員起立と認めます。――御着席願います。

よって、本案は原案のとおり可決すべきものと決定いたしました。

次に、議案第89号、中央区立日本橋中学校改築及び中央区立千代田公園整備工事（機械設備工事）請負契約について、起立により採決いたします。本案を可決することに賛成の皆さんは御起立を願います。",,2025/9/24,企画総務委員会,議長/委員長
,令和7年 企画総務委員会(9月24日),瓜生委員長,瓜生正高,"全員起立と認めます。――御着席願います。

よって、本案は原案のとおり可決すべきものと決定いたしました。

次に、議案第90号、中央区立日本橋中学校改築及び中央区立千代田公園整備工事（電気設備工事）請負契約について、起立により採決いたします。本案を可決することに賛成の皆さんは御起立を願います。",,2025/9/24,企画総務委員会,議長/委員長
,令和7年 企画総務委員会(9月24日),瓜生委員長,瓜生正高,"全員起立と認めます。――御着席願います。

よって、本案は原案のとおり可決すべきものと決定いたしました。

副委員長は元の席にお戻りください。

本会議における委員長報告の取扱いについてであります。正副委員長に一任ということでよろしいでしょうか。",,2025/9/24,企画総務委員会,議長/委員長
,令和7年 企画総務委員会(9月24日),瓜生委員長,瓜生正高,"さよう取り扱わせていただきます。

これをもって企画総務委員会を閉会いたします。

お疲れさまでした。

（午後２時11分 閉会）",,2025/9/24,企画総務委員会,議長/委員長
,令和7年 議会運営委員会(9月25日),竹内副委員長,竹内幸美,"ただいまより、議会運営委員会を開会いたします。

押田まり子委員長より、本日の議会運営委員会及び本会議を欠席する旨の申出がありましたので、御報告いたします。

また、議会局長は、本日の議会運営委員会及び本会議を欠席しますので、御了承願います。

定例会第４日、本日の議事の進め方ですが、次の順序で行います。

日程に入り、日程第１、諸般の報告を行います。

報告12 委員会報告書（企画総務委員会）

日程第二について、議事日程をご覧ください。

日程第２、議案第74号 令和７年度中央区一般会計補正予算、議案第75号 令和７年度中央区介護保険事業会計補正予算（９月19日企画総務委員会付託に続いて）を上程し、企画総務委員会委員長の報告があります。

ここで、まず、議案第74号 令和７年度中央区一般会計補正予算について各派の態度を伺います。",,2025/9/25,議会運営委員会,議長/委員長
,令和7年 議会運営委員会(9月25日),小倉議事係長,竹内幸美,私から、日程第２の各議案に対する一人会派の態度について御報告申し上げます。無会派、士魂の会、都民ファースト、参政党、れいわは、いずれも日程第２の全ての議案に賛成でございます。,,2025/9/25,議会運営委員会,理事者
,令和7年 議会運営委員会(9月25日),竹内副委員長,竹内幸美,"即決となります。

次に、議案第75号 令和７年度中央区介護保険事業会計補正予算について各派の態度を伺います。",,2025/9/25,議会運営委員会,議長/委員長
,令和7年 議会運営委員会(9月25日),竹内副委員長,竹内幸美,"即決となります。

日程第３、議案第83号、令和６年度中央区各会計歳入歳出決算の認定についてを上程します。

動議により決算特別委員会を設置し、付託いたします。その後、議長より委員を指名。その際、委員名簿をＳｉｄｅＢｏｏｋｓにより配付いたします。

なお、本会議終了後、決算特別委員会を開会いたします。

その後、動議により散会。以上のような会議の流れとなります。

本日の本会議の開会時刻について、定刻午後２時でよろしいでしょうか。",,2025/9/25,議会運営委員会,議長/委員長
,令和7年 議会運営委員会(9月25日),竹内副委員長,竹内幸美,"そのように決定いたします。

次回の本会議の開会日時について、令和６年度各会計歳入歳出決算及び各常任委員会に付託されている議案の審査の関係もあるので、明26日から10月15日までを休会とし、来る10月16日、木曜日、午後２時でよろしいでしょうか。",,2025/9/25,議会運営委員会,議長/委員長
,令和7年 議会運営委員会(9月25日),竹内副委員長,竹内幸美,"そのように決定いたします。

次回の議会運営委員会の開会日時について、来る10月16日、木曜日、午後１時でよろしいでしょうか。",,2025/9/25,議会運営委員会,議長/委員長
,令和7年 議会運営委員会(9月25日),竹内副委員長,竹内幸美,"そのように決定いたします。

その他、何かありますか。

それでは、議会運営委員会は一応休憩とし、何もなければそのまま閉会といたします。

（午後１時４分 閉会）",,2025/9/25,議会運営委員会,議長/委員長
,令和7年 福祉保健委員会(9月26日),堀田委員長,堀田弥生,"おはようございます。ただいまより福祉保健委員会を開会いたします。よろしくお願いいたします。

本日、議会局長は欠席いたします。

去る９月19日の本会議におきまして本委員会に付託された議案の決定に当たり、その内容を十分に審査する必要があるとして、本日、開会した次第でございます。本委員会の運営につきましては、委員各位の特段の御理解と御協力をいただきますよう、何とぞよろしくお願いいたします。

審査方法についてですが、付託された議案について説明を受け、質疑を行い、質疑終了後、起立採決により、お諮りすることでよろしいでしょうか。",,2025/9/26,福祉保健委員会,議長/委員長
,令和7年 福祉保健委員会(9月26日),堀田委員長,堀田弥生,"さよう取り扱わせていただきます。

では、理事者の説明を願います。",,2025/9/26,福祉保健委員会,議長/委員長
,令和7年 福祉保健委員会(9月26日),堀田委員長,堀田弥生,"ありがとうございます。

発言の時間制についてでございます。発言の時間制につきましては、通常の委員会での例によりますが、採決に係る時間10分を考慮し、各会派の持ち時間を算出することといたします。ただいまの時刻は午前10時１分です。自由民主党さん43分、立憲民主党・無所属さん21分、公明党21分、都民ファーストさん10分、参政党さん10分となります。

それでは、理事者の説明に対する質疑を行います。

発言を願います。",,2025/9/26,福祉保健委員会,議長/委員長
,令和7年 福祉保健委員会(9月26日),アルール委員,アルールうた子,"確認をさせてください。質問になります。

こちらの新しいこども誰でも通園制度は、すばらしいというふうに思っておりまして、この設備等も私はいいかというふうに思っております。１つだけ確認したいのは、ゼロ歳６か月から行かれるお子さんを受け入れる施設は、ショーテージが見込まれるエリア、特に湾岸エリアだと思うんですけれども、そちらでどのくらいきちんと受け入れられるのかどうか、それだけ確認をしたいと思っております。お願いいたします。",,2025/9/26,福祉保健委員会,議員
,令和7年 福祉保健委員会(9月26日),金広保育課長,アルールうた子,"ゼロ歳児につきましては、やはり湾岸エリアで、通常の保育においてもかなり厳しい状況となっておりまして、区の考えといたしましては、通常の保育の必要がある方が利用できなくなってまで、こども誰でも通園制度を実施する予定はございませんので、基本的には、厳しいエリアについては、数年は、やはりゼロ歳児とかの受入れはなかなか難しいものかなと考えております。その中で、例えば認証保育所のほうで少し定員に余裕があるとか、そういったお話があれば、そこについて受入れを検討していきたいというふうに考えてございます。

以上です。",,2025/9/26,福祉保健委員会,理事者
,令和7年 福祉保健委員会(9月26日),アルール委員,アルールうた子,"ありがとうございます。

本当に必要とされている方がこちらを利用していかれるように、適切に運営をしていっていただきたいというふうに思います。引き続きよろしくお願い申し上げます。",,2025/9/26,福祉保健委員会,議員
,令和7年 福祉保健委員会(9月26日),堀田委員長,堀田弥生,"では、副委員長並びに議長は委員席へお移りください。

質疑を終了いたしましたので、この後、採決に入りますが、奥村議員より委員外議員として発言したい旨の申出がございましたので、区議会会議規則第89条第２項に基づき、お諮りいたします。委員外議員発言を許可することについて御異議ございませんか。",,2025/9/26,福祉保健委員会,議長/委員長
,令和7年 福祉保健委員会(9月26日),堀田委員長,堀田弥生,御異議なしと認めます。よって、奥村議員からの委員外議員発言を許可いたします。発言については、５分以内で簡潔に願います。,,2025/9/26,福祉保健委員会,議長/委員長
,令和7年 福祉保健委員会(9月26日),奥村議員,奥村暁子,"議案第79号、中央区乳児等通園支援事業の設備及び運営の基準に関する条例に対する反対意見を述べます。

本議案は、子ども・子育て支援法等の一部を改正する法律等の施行に伴い、来年度から新たに実施される乳児等通園支援事業、いわゆるこども誰でも通園制度の設備及び運営に関する基準を定めるものです。

目的として、全ての子供の育ちを応援し、子供の良質な成育環境を整備するとともに、全ての子育て家庭に対して、多様な働き方やライフスタイルに関わらない形での支援を強化することが掲げられています。

中央区の条例案によると、対象は、認可保育所、認定こども園、地域型保育事業、企業主導型保育施設に入園していない生後６か月から３歳到達後の年度末までの子供で、利用時間は子供１人当たり月20時間、１日当たり８時間を上限とし、利用する曜日や時間帯を固定する定期利用を基本とするとのことです。

国基準の保育士配置５割以上を若干上回る６割にすることや、ゼロ歳児１人当たりの保育面積についても、国基準の1.98平米を上回る3.3平米にするなどの対応は取られるものの、慣らし保育もない週１回程度の利用を想定した制度には様々な問題があり、制度の根本にある危険性を是正するものではありません。

子供にとって、生後６か月から３歳という、人見知りが始まり、親の後追いが激しい時期に、慣れない場所で見知らぬ保育士に預けられる心的な影響は計り知れません。また、通常保育で毎日過ごしている子供たちの集団に短時間利用の子供が入ってくることが及ぼす、子供たちに与える不安も拭えません。

受け入れる側の保育現場にとっても、短時間保育や初めての子供を受け入れるには十分な体制と保育のスキル、経験が必要なのに、通常保育でさえ保育士不足や低過ぎる処遇で疲弊している上に、新たな負担を強いられることになりかねません。

公的責任の後退も問題です。先行実施している自治体もある中、現在は、事業の実施主体が市区町村となっていますが、2026年度の本格実施からは、利用者と事業者の直接契約になります。市区町村は、利用者の認定、事業者の認可を行った後は、利用状況を確認した上で、施設からの請求書を確認し、施設が代理受領する給付費を支払うことだけになります。実際の事業については当事者任せとなり、公的に関わりづらくなることが懸念されます。指導監督や事故等への対応の責任の所在も曖昧です。

子育ての孤立化が進む中、家庭で育つ未就園児への支援の仕組みづくりが求められていることは事実です。しかし、こども誰でも通園制度は、法律上は乳児または幼児の遊び及び生活の場の提供であって、保育ではありません。事業者が子供の状態を十分に把握することが難しい中、子供の安全や育ち、多様な経験が担保されるとは言えず、保育現場に負担を強いるものとなります。

現在、各園で行われている一時預かり事業との類似性、整合性も指摘される中、一時預かり事業の条件整備を進めて、拡充する対応こそ必要ではないでしょうか。

以上の理由により、日本共産党区議会議員団は、議案第79号に反対します。

以上です。",,2025/9/26,福祉保健委員会,議員
,令和7年 福祉保健委員会(9月26日),堀田委員長,堀田弥生,"それでは、これより採決に入ります。

議案第79号、中央区乳児等通園支援事業の設備及び運営の基準に関する条例について、起立により採決いたします。本案を可決することに賛成の皆さんは御起立を願います。",,2025/9/26,福祉保健委員会,議長/委員長
,令和7年 福祉保健委員会(9月26日),堀田委員長,堀田弥生,"全員起立と認めます。――御着席願います。

よって、本案は原案のとおり可決すべきものと決定いたしました。

副委員長並びに議長は元の席にお戻りください。

本会議における委員長報告の取扱いについてでございますが、正副委員長一任ということでよろしいでしょうか。",,2025/9/26,福祉保健委員会,議長/委員長
,令和7年 福祉保健委員会(9月26日),堀田委員長,堀田弥生,"さよう取り扱わせていただきます。

以上をもちまして福祉保健委員会を閉会いたします。

ありがとうございました。

（午前10時11分 閉会）",,2025/9/26,福祉保健委員会,議長/委員長
,令和7年 環境建設委員会(9月26日),かみや委員長,かみや俊宏,"ただいまより環境建設委員会を開会いたします。

本日、議会局長は欠席をいたします。

また、議案の関係で住宅課長及び建築課長が出席しますので、御了承願います。

去る９月19日の本会議におきまして本委員会に付託された議案の決定に当たり、その内容を十分に審査する必要があるとして、本日、開会いたした次第であります。本委員会の運営につきましては、委員各位の特段の御理解と御協力をいただきますよう、何とぞよろしくお願いを申し上げます。

審査方法について、付託された各議案について一括して説明を受け、一括して質疑を行い、質疑終了後、それぞれの議案を別々に起立採決により、お諮りすることでよろしいでしょうか。",,2025/9/26,環境建設委員会,議長/委員長
,令和7年 環境建設委員会(9月26日),かみや委員長,かみや俊宏,"さよう取り扱わせていただきます。

それでは、理事者の説明を願います。",,2025/9/26,環境建設委員会,議長/委員長
,令和7年 環境建設委員会(9月26日),かみや委員長,かみや俊宏,"発言の時間制につきましては、通常の委員会での例によりますが、採決に係る時間10分を考慮し、各会派の持ち時間を算出することといたします。ただいまの時刻は午後１時34分です。自由民主党さん83分、かがやき中央さん41分、公明党さん41分、無会派さん10分、れいわさん10分となります。

それでは、理事者の説明に対する質疑を行います。

発言を願います。",,2025/9/26,環境建設委員会,議長/委員長
,令和7年 環境建設委員会(9月26日),川畑委員,川畑善智,"すみません。手短に、分からないところをお聞きしたいと思います。

資料３の借上住宅の件ですが、先ほど住宅課のほうにお聞きしたところ、グリーンホームズ、晴海のほうで68戸、アイタワーで９戸、今、入居している方がいらっしゃるというふうにお聞きしました。区の方針として、今後、借上住宅に関しては、どういうスタンスで進めていかれるのか。行政の施策として、このまま維持していく方向性なのか、それとも何らかの方向性を持って進めていくのか、そのあたり、もし今後のお考え等がありましたら、お聞かせいただければと思います。",,2025/9/26,環境建設委員会,議員
,令和7年 環境建設委員会(9月26日),吉田副区長,川畑善智,"今後の方向性ということですが、その前に、借上住宅というものを区として何でやったかということを説明しておかないといけないと思うんですが、実は、この借上住宅制度というのは、人口回復政策を始めたばかりのときに創出した制度なんです。実は、そのときに指導要綱上で100平米以上の敷地の建物については、要綱上の届出をさせ、500平米以上の敷地のあるものについては、住宅附置制度といいまして、開発したものには住宅をつけろと民間に指導しておったんです。民間に指導しているのに、区側がきちんとした、公が関わる住宅を持っていないというのはちょっとつらいというところがございまして、実は、グリーンホームズとアイタワーにつきましては、ちょうどそのときに、私どもは京橋プラザなどが計画中でございましたから、実際のところ、実態的に区が本来的に初めから計画している住宅というのは一切なかったものですから、ここに、やはり基本的には、少し数をそろえようということがありまして、グリーンホームズとアイタワーで住宅を始めたわけでございます。民間に住宅を造らせる以上、我々も持たなければいかんということで始めた制度でございます。

そういう意味で、実は、ある意味で、平成の後半になりましたときには、借上住宅の目標は達成をしていたので、実態的には廃止の方向にいきたいというところがずっと私どもにございましたけれども、入居者の方がいらっしゃいましたので、やはり入居者が転出されるまではやらざるを得ないというようなことも含めて、借上住宅が今日まで来ているわけでございます。そういうことからしますと、本質的には、借上住宅というのは、もう基本的にはやらないというのが方向性になっていくだろうというふうに思っております。",,2025/9/26,環境建設委員会,理事者
,令和7年 環境建設委員会(9月26日),川畑委員,川畑善智,"ありがとうございます。過去の歴史から話をお聞かせいただいて、本当に理解が進みました。

今、悩ましいところは、もう皆様御存じのとおりの昨今のマンション価格高騰、それから家賃のほうも徐々に転嫁されてきておりまして、借上住宅、区民住宅等を含めまして、いろいろ諸条件、家賃とか収入の部分とか見せていただいているんですけれども、やはり民間の一般の住宅に比べますと、かなり低廉であるというところはあるんです。それ自体、私は非常に好ましく思っているところなんですけれども、一方では、非常に市場の価格との乖離が大きくて、不公平感というものも広がっていくというところと、この25年、都営住宅の新築がない中で、都営住宅の募集、ごめんなさい。外れないようにしますけれども、新規の公的住宅の募集が非常に少ないというところも実際ありまして、そういったところで、やはり低廉な区立の住宅を必要とされる方々のニーズは、本区であるとしても、やはり現状でもまだあるという認識で私もおりまして、この住宅政策を今後どうされるのかというところ、低廉な住宅の提供というところで、全ての区民の方が１億円以上のマンションを購入できる方とは限りませんし、また、いろいろな諸事情で生活環境が変わることもありますので、ぜひとも、区立住宅、区営住宅というもの、今回、条例改正になりますけれども、今後の区の方向性としては、区立住宅の借上住宅を含めまして、何らかの廃止という方向があるという話だったんですけれども、代替案といいますか、そういったところも考慮されていく必要性は、公的な責任の部分として、あるのではないかと感じておりまして、質問させていただきました。

現在、入居されている方々、今回、アイタワーの建て替えということになるんですけれども、この方々は全て新しいところに転居されるという形になるんでしょうか。そこは、もう確認されているということでしょうか。",,2025/9/26,環境建設委員会,議員
,令和7年 環境建設委員会(9月26日),青柳住宅課長,川畑善智,"現在のアイタワーの居住者の方の今後についてでございます。

アイタワーの借上住宅は９戸ございまして、建て替えの協議が行われた際に、新たに入居をする方がいらっしゃると、移転の協議等々ございましたので、協議が始まってからは、入居は一旦ストップをさせていただいておりまして、現在、８戸８世帯が居住されている状況でございます。ウォールビルへの移転について、それぞれの居住者の方と協議を行いまして、移転が決定している方が１戸、協議中の方が２戸、その他の５世帯については、外部の住宅に移転するというような形で協議のほうは進んでございます。

以上でございます。",,2025/9/26,環境建設委員会,理事者
,令和7年 環境建設委員会(9月26日),川畑委員,川畑善智,"ありがとうございます。

移転される方、それから協議中の方がいらっしゃるということで、くれぐれも懇切丁寧な話合いに努めていただければと思っております。よろしくお願いします。

以上で質問を終わります。",,2025/9/26,環境建設委員会,議員
,令和7年 環境建設委員会(9月26日),かみや委員長,かみや俊宏,"それでは、副委員長は委員席へお移りください。

それでは、質疑を終了いたしましたので、この後、採決に入りますが、小栗議員より委員外議員として発言したい旨の申出がありましたので、区議会会議規則第89条第２項に基づき、お諮りいたします。委員外議員発言を許可することについて御異議ありませんでしょうか。",,2025/9/26,環境建設委員会,議長/委員長
,令和7年 環境建設委員会(9月26日),かみや委員長,かみや俊宏,異議なしと認めます。よって、小栗議員からの委員外議員発言を許可します。発言については、５分以内で簡潔にお願いをいたします。,,2025/9/26,環境建設委員会,議長/委員長
,令和7年 環境建設委員会(9月26日),小栗議員,小栗智恵子,"日本共産党の小栗智恵子です。

議案第80号、中央区地区計画の区域内における建築物の制限に関する条例の一部を改正する条例に対する反対意見を述べます。

本議案は、東京都市計画日本橋兜町・茅場町一丁目地区地区計画の区域内に新たな地区整備計画が追加されたことに伴い、当該地区整備計画の区域内における建築物の用途、構造及び敷地に関する制限を定めることを主な内容としています。この茅場町一丁目地区のＡ－２街区の計画は、既に竣工しているＡ－１街区のＫＡＢＵＴＯ ＯＮＥビルの平成通りを挟んだ日枝神社を含む場所に、敷地面積3,715平米、延べ床面積４万2,410平米、地上27階地下３階、高さ135メートル、ＫＡＢＵＴＯ ＯＮＥの２倍の高さのビルを建設することを主な内容としている計画です。

この計画は、第一種市街地再開発事業ですが、非都市計画事業、個人施行となっており、通常の組合施行の再開発と異なり、土地の所有は従前の所有のまま、１つのビルの敷地を使う総合借地のような形となるとのことです。建築計画は、最大の土地を持つ日枝神社の敷地を含めた全体を再開発の１つの敷地として設定し、日枝神社の社殿部分などを除いた上空の容積分を再開発ビルに上乗せする計画で、それによって135メートルの高さのビルの建設が可能となります。

この地区は、もともとは指定容積率が加重平均で約620％ですが、容積率の最高限度を1000％とし、400％上乗せしています。今回の条例改正では、建築物の高さの最高限度をＡ－１街区では90メートルでしたが、Ａ－２街区の高層部は140メートルに変更する項目も含まれています。

まちづくりの方針として、金融貢献機能の導入、地下鉄茅場町駅から地上へのバリアフリー動線、地域の防災性向上に寄与する機能整備などが掲げられていますが、こうした整備は、ビルの価値を高めるなど、事業者側にもメリットをもたらすことから、本来は事業者の社会的責任として当然行われるべきであり、地域貢献として評価して、容積率緩和などの恩恵を与える必要はないと考えます。

今、国や東京都は、世界で一番ビジネスのしやすい国際都市づくり、国際金融都市構想などを口実に、グローバルな都市間競争に勝ち抜く国際競争拠点都市へと東京大改造を進行させていますが、こうした都市政策は、財界、大手金融企業、大手デベロッパーなど、特定大企業のもうけに奉仕するものとなっています。

また、立派な建物を建てれば国際金融都市になるわけでもありません。

今回のＡ－２街区は、国際金融都市東京構想に資する拠点の整備をうたっています。今回の条例改正で超高層ビルを建築できるようにして、特定の開発業者の利益を最大限に増幅させるために、建築物の制限の変更を行うことは容認できません。

以上の理由により、日本共産党区議団は議案第80号に反対します。

以上です。",,2025/9/26,環境建設委員会,議員
,令和7年 環境建設委員会(9月26日),かみや委員長,かみや俊宏,"それでは、これより採決に入ります。

まず、議案第77号、中央区事務手数料条例の一部を改正する条例について、起立により採決いたします。本案を可決することに賛成の皆さんは御起立を願います。",,2025/9/26,環境建設委員会,議長/委員長
,令和7年 環境建設委員会(9月26日),かみや委員長,かみや俊宏,"全員起立と認めます。――御着席願います。

よって、本案は原案のとおり可決すべきものと決定いたしました。

次に、議案第80号、中央区地区計画の区域内における建築物の制限に関する条例の一部を改正する条例について、起立により採決いたします。本案を可決することに賛成の皆さんは御起立を願います。",,2025/9/26,環境建設委員会,議長/委員長
,令和7年 環境建設委員会(9月26日),かみや委員長,かみや俊宏,"全員起立と認めます。――御着席願います。

よって、本案は原案のとおり可決すべきものと決定いたしました。

次に、議案第81号、中央区借上住宅条例の一部を改正する条例について、起立により採決いたします。本案を可決することに賛成の皆さんは御起立を願います。",,2025/9/26,環境建設委員会,議長/委員長
,令和7年 環境建設委員会(9月26日),かみや委員長,かみや俊宏,"全員起立と認めます。――御着席願います。

よって、本案は原案のとおり可決すべきものと決定いたしました。

副委員長は元の席にお戻りください。

本会議における委員長報告の取扱いについてでありますが、正副委員長一任ということでよろしいでしょうか。",,2025/9/26,環境建設委員会,議長/委員長
,令和7年 環境建設委員会(9月26日),かみや委員長,かみや俊宏,"さよう取り扱わせていただきます。

それでは、環境建設委員会を閉会いたします。

ありがとうございました。

（午後１時50分 閉会）",,2025/9/26,環境建設委員会,議長/委員長
,令和7年 議会運営委員会(10月16日),竹内副委員長,竹内幸美,"ただいまより、議会運営委員会を開会いたします。

押田まり子委員長より、本日の議会運営委員会及び本会議を欠席する旨の申出がありましたので、御報告いたします。

また、吉田副区長は、本日の議会運営委員会及び本会議を欠席しますので、御了承願います。

定例会第５日、本日の議事の進め方について、次の順序で行います。

日程に入り、日程第１、諸般の報告を行います。

報告13 委員会報告書（企画総務委員会）

報告14 委員会報告書（区民文教委員会）

報告15 委員会報告書（福祉保健委員会）

報告16 委員会報告書（環境建設委員会）

報告17 委員会報告書（決算特別委員会）

日程第２について、議事日程をご覧ください。日程第２に記載された９議案（９月19日企画総務委員会付託に続いて）を上程し、企画総務委員会委員長の報告があります。

ここで、まず、議案第76号 中央区職員の配偶者同行休業に関する条例等の一部を改正する条例について各派の態度を伺います。",,2025/10/16,議会運営委員会,議長/委員長
,令和7年 議会運営委員会(10月16日),春貴議会局長,竹内幸美,私から日程第２の各議案に対する一人会派の態度について御報告申し上げます。無会派、士魂の会、都民ファースト、参政党は、日程第２の全ての議案に賛成でございます。れいわは、議案第76号、議案第78号及び議案第84号から議案第87号までの各議案については賛成、議案第88号から議案第90号までの各議案については反対でございます。,,2025/10/16,議会運営委員会,理事者
,令和7年 議会運営委員会(10月16日),竹内副委員長,竹内幸美,"即決となります。

次に、議案第78号 災害に際し応急措置の業務等に従事した者に係る損害補償に関する条例の一部を改正する条例について各派の態度を伺います。",,2025/10/16,議会運営委員会,議長/委員長
,令和7年 議会運営委員会(10月16日),竹内副委員長,竹内幸美,"即決となります。

次に、議案第84号 中央区立佃区民館等複合施設大規模改修工事（建築工事）請負契約について各派の態度を伺います。",,2025/10/16,議会運営委員会,議長/委員長
,令和7年 議会運営委員会(10月16日),竹内副委員長,竹内幸美,"即決となります。

次に、議案第85号 中央区立佃区民館等複合施設大規模改修工事（機械設備工事）請負契約について各派の態度を伺います。",,2025/10/16,議会運営委員会,議長/委員長
,令和7年 議会運営委員会(10月16日),竹内副委員長,竹内幸美,"即決となります。

次に、議案第86号 中央区立佃区民館等複合施設大規模改修工事（電気設備工事）請負契約について各派の態度を伺います。",,2025/10/16,議会運営委員会,議長/委員長
,令和7年 議会運営委員会(10月16日),竹内副委員長,竹内幸美,"即決となります。

次に、議案第87号 学校給食用備品の買入れについてについて各派の態度を伺います。",,2025/10/16,議会運営委員会,議長/委員長
,令和7年 議会運営委員会(10月16日),竹内副委員長,竹内幸美,"即決となります。

次に、議案第88号 中央区立日本橋中学校改築及び中央区立千代田公園整備工事（建築工事）請負契約について各派の態度を伺います。",,2025/10/16,議会運営委員会,議長/委員長
,令和7年 議会運営委員会(10月16日),竹内副委員長,竹内幸美,"起立採決となります。

次に、議案第89号 中央区立日本橋中学校改築及び中央区立千代田公園整備工事（機械設備工事）請負契約について各派の態度を伺います。",,2025/10/16,議会運営委員会,議長/委員長
,令和7年 議会運営委員会(10月16日),竹内副委員長,竹内幸美,"起立採決となります。

次に、議案第90号 中央区立日本橋中学校改築及び中央区立千代田公園整備工事（電気設備工事）請負契約について各派の態度を伺います。",,2025/10/16,議会運営委員会,議長/委員長
,令和7年 議会運営委員会(10月16日),竹内副委員長,竹内幸美,"起立採決となります。

日程第３について、議事日程をご覧ください。日程第３に記載された１議案（９月19日区民文教委員会付託に続いて）を上程し、区民文教委員会委員長の報告があります。

ここで、議案第82号 中央区立小学校及び中学校の学校医、学校歯科医及び学校薬剤師の公務災害補償に関する条例の一部を改正する条例について各派の態度を伺います。",,2025/10/16,議会運営委員会,議長/委員長
,令和7年 議会運営委員会(10月16日),春貴議会局長,竹内幸美,私から日程第３の議案に対する一人会派の態度について御報告申し上げます。無会派、士魂の会、都民ファースト、参政党、れいわは、いずれも日程第３の議案に賛成でございます。,,2025/10/16,議会運営委員会,理事者
,令和7年 議会運営委員会(10月16日),竹内副委員長,竹内幸美,"即決となります。

日程第４について、議事日程をご覧ください。日程第４に記載された１議案（９月19日福祉保健委員会付託に続いて）を上程し、福祉保健委員会委員長の報告があります。

ここで、議案第79号 中央区乳児等通園支援事業の設備及び運営の基準に関する条例について各派の態度を伺います。

反対－日本共産党〕",,2025/10/16,議会運営委員会,議長/委員長
,令和7年 議会運営委員会(10月16日),春貴議会局長,竹内幸美,私から日程第４の議案に対する一人会派の態度について御報告申し上げます。無会派、士魂の会、都民ファースト、参政党、れいわは、いずれも日程第４の議案に賛成でございます。,,2025/10/16,議会運営委員会,理事者
,令和7年 議会運営委員会(10月16日),竹内副委員長,竹内幸美,"起立採決となります。

日程第５について、議事日程をご覧ください。日程第５に記載された３議案（９月19日環境建設委員会付託に続いて）を上程し、環境建設委員会委員長の報告があります。

ここで、まず、議案第77号 中央区事務手数料条例の一部を改正する条例について各派の態度を伺います。",,2025/10/16,議会運営委員会,議長/委員長
,令和7年 議会運営委員会(10月16日),春貴議会局長,竹内幸美,私から日程第５の各議案に対する一人会派の態度について御報告申し上げます。無会派、士魂の会、都民ファースト、参政党、れいわは、いずれも日程第５の全ての議案に賛成でございます。,,2025/10/16,議会運営委員会,理事者
,令和7年 議会運営委員会(10月16日),竹内副委員長,竹内幸美,"即決となります。

次に、議案第80号 中央区地区計画の区域内における建築物の制限に関する条例の一部を改正する条例について各派の態度を伺います。

反対－日本共産党〕",,2025/10/16,議会運営委員会,議長/委員長
,令和7年 議会運営委員会(10月16日),竹内副委員長,竹内幸美,"起立採決となります。

次に、議案第81号 中央区借上住宅条例の一部を改正する条例について各派の態度を伺います。",,2025/10/16,議会運営委員会,議長/委員長
,令和7年 議会運営委員会(10月16日),竹内副委員長,竹内幸美,"即決となります。

日程第６について、議事日程をご覧ください。議案第83号 令和６年度中央区各会計歳入歳出決算の認定について（９月25日決算特別委員会付託に続いて）を上程し、決算特別委員会委員長の報告があります。なお、本会議においては決算特別委員会で了承が得られた委員長報告を朗読いたします。

ここで、本案について各派の態度を伺います。

反対－日本共産党〕",,2025/10/16,議会運営委員会,議長/委員長
,令和7年 議会運営委員会(10月16日),春貴議会局長,竹内幸美,私から日程第６の議案に対する一人会派の態度について御報告申し上げます。無会派、士魂の会、都民ファースト、参政党は、本議案に賛成でございます。れいわは、本議案に反対でございます。,,2025/10/16,議会運営委員会,理事者
,令和7年 議会運営委員会(10月16日),竹内副委員長,竹内幸美,"起立採決となります。

日程第７、議会閉会中の継続審査について、各種委員会委員長から議会閉会中の継続審査の申出がされており、その承認を求めるものです。

動議により会議を閉じた後、区長挨拶があります。

以上のような会議の流れとなります。

本日の本会議の開会時刻について、定刻午後２時でよろしいでしょうか。",,2025/10/16,議会運営委員会,議長/委員長
,令和7年 議会運営委員会(10月16日),竹内副委員長,竹内幸美,"そのように決定いたします。

その他、何かありますか。

それでは、議会運営委員会は、一応休憩とし、何もなければそのまま閉会とします。

（午後１時13分 閉会）",,2025/10/16,議会運営委員会,議長/委員長
,令和7年第二回定例会会議録（第5日 7月3日）,議長（原田賢一議員）,原田賢一,"ただいまより本日の会議を開きます。

本日、梶谷優香議員より欠席の申出がありましたので、御報告いたします。",,,第二回定例会会議録（第5日 7月3日）,議長/委員長
,令和7年第二回定例会会議録（第5日 7月3日）,議長（原田賢一議員）,原田賢一,"これより本日の日程に入ります。

日程第一、「諸般の報告」を行います。

十一、委員会報告書（企画総務委員会）

十二、委員会報告書（区民文教委員会）

十三、委員会報告書（福祉保健委員会）

十四、委員会報告書（環境建設委員会）",,,第二回定例会会議録（第5日 7月3日）,議長/委員長
,令和7年第二回定例会会議録（第5日 7月3日）,議長（原田賢一議員）,原田賢一,報告を終わります。,,,第二回定例会会議録（第5日 7月3日）,議長/委員長
,令和7年第二回定例会会議録（第5日 7月3日）,議長（原田賢一議員）,原田賢一,"次に、日程第二を議題といたします。

日程第二

請願第九号 日本政府に核兵器禁止条約の参加・調印・批准を求める意見書採択を求める請願",,,第二回定例会会議録（第5日 7月3日）,議長/委員長
,令和7年第二回定例会会議録（第5日 7月3日）,二十三番（押田まり子議員）,押田まり子,"議事進行について動議を提出いたします。

ただいま上程されました請願第九号は、内容の朗読を省略し、企画総務委員会に付託されるようお諮り願います。",,,第二回定例会会議録（第5日 7月3日）,議員
,令和7年第二回定例会会議録（第5日 7月3日）,議長（原田賢一議員）,原田賢一,"ただいま提出されました動議は賛成者がありますので、成立いたしました。

お諮りいたします。ただいまの動議に御異議ありませんか。",,,第二回定例会会議録（第5日 7月3日）,議長/委員長
,令和7年第二回定例会会議録（第5日 7月3日）,議長（原田賢一議員）,原田賢一,御異議なしと認めます。よって、ただいまの動議のごとく決します。,,,第二回定例会会議録（第5日 7月3日）,議長/委員長
,令和7年第二回定例会会議録（第5日 7月3日）,議長（原田賢一議員）,原田賢一,"次に、日程第三を議題といたします。

日程第三

議案第三十四号 中央区職員の勤務時間、休日、休暇等に関する条例の一部を改正する条例

議案第三十五号 中央区職員の育児休業等に関する条例の一部を改正する条例

議案第三十六号 中央区特別区税条例の一部を改正する条例

議案第三十九号 中央区防災会議条例等の一部を改正する条例

議案第四十号 災害に際し応急措置の業務等に従事した者に係る損害補償に関する条例の一部を改正する条例

議案第五十号 中央区役所本庁舎機械室内部補修工事請負契約

議案第五十一号 中央区立日本橋小学校等複合施設受変電設備改修工事請負契約

議案第五十二号 中央区立泰明小学校及び中央区立泰明幼稚園内部改修工事（建築工事）請負契約の一部変更について

議案第五十三号 京橋プラザ分庁舎外壁及び防水改修工事請負契約の一部変更について

議案第五十四号 中央区立八丁堀区民館等複合施設改築工事（建築工事）請負契約の一部変更について

議案第五十五号 中央区日本橋特別出張所等複合施設大規模改修工事（機械設備工事）請負契約の一部変更について

議案第五十六号 中央区日本橋特別出張所等複合施設大規模改修工事（電気設備工事）請負契約の一部変更について

議案第五十七号 中央区立日本橋保健センター等複合施設大規模改修工事（建築工事）請負契約の一部変更について

議案第五十八号 中央区立日本橋保健センター等複合施設大規模改修工事（機械設備工事）請負契約の一部変更について

議案第五十九号 中央区立日本橋保健センター等複合施設大規模改修工事（電気設備工事）請負契約の一部変更について

議案第六十号 橋梁長寿命化修繕工事（鎧橋）請負契約の一部変更について

議案第六十一号 中央区立常盤小学校等内部改修工事（建築工事）請負契約の一部変更について

議案第六十二号 中央区立常盤小学校等内部改修工事（機械設備工事）請負契約の一部変更について

議案第六十三号 中央区立常盤小学校等内部改修工事（電気設備工事）請負契約の一部変更について

議案第六十四号 中央区立久松小学校等大規模改修工事（建築工事）請負契約の一部変更について

議案第六十五号 中央区立久松小学校等大規模改修工事（機械設備工事）請負契約の一部変更について

議案第六十六号 中央区立久松小学校等大規模改修工事（電気設備工事）請負契約の一部変更について

議案第六十七号 中央区立銀座中学校大規模改修工事（建築工事）請負契約の一部変更について

議案第六十八号 中央区立銀座中学校大規模改修工事（機械設備工事）請負契約の一部変更について

議案第六十九号 中央区立銀座中学校大規模改修工事（電気設備工事）請負契約の一部変更について

議案第七十一号 中央区立総合スポーツセンター大規模改修工事（建築工事）請負契約

議案第七十二号 中央区立総合スポーツセンター大規模改修工事（機械設備工事）請負契約

議案第七十三号 中央区立総合スポーツセンター大規模改修工事（電気設備工事）請負契約

（六月二十六日 企画総務委員会付託に続いて）",,,第二回定例会会議録（第5日 7月3日）,議長/委員長
,令和7年第二回定例会会議録（第5日 7月3日）,議長（原田賢一議員）,原田賢一,本案について、企画総務委員会の報告を瓜生委員長より願います。,,,第二回定例会会議録（第5日 7月3日）,議長/委員長
,令和7年第二回定例会会議録（第5日 7月3日）,二十五番（瓜生正高議員）,瓜生正高,"ただいまより、去る六月二十六日の本会議において本委員会に付託を受けました議案につきまして、審査結果の御報告を申し上げます。

本委員会は、七月一日に開会し、慎重な質疑を行いました。

付託された議案第三十四号「中央区職員の勤務時間、休日、休暇等に関する条例の一部を改正する条例」、議案第三十五号「中央区職員の育児休業等に関する条例の一部を改正する条例」、議案第三十六号「中央区特別区税条例の一部を改正する条例」、議案第三十九号「中央区防災会議条例等の一部を改正する条例」、議案第四十号「災害に際し応急措置の業務等に従事した者に係る損害補償に関する条例の一部を改正する条例」、議案第五十号「中央区役所本庁舎機械室内部補修工事請負契約」、議案第五十一号「中央区立日本橋小学校等複合施設受変電設備改修工事請負契約」、議案第五十二号「中央区立泰明小学校及び中央区立泰明幼稚園内部改修工事（建築工事）請負契約の一部変更について」、議案第五十三号「京橋プラザ分庁舎外壁及び防水改修工事請負契約の一部変更について」、議案第五十四号「中央区立八丁堀区民館等複合施設改築工事（建築工事）請負契約の一部変更について」、議案第五十五号及び議案第五十六号の「中央区日本橋特別出張所等複合施設大規模改修工事（機械設備工事）及び（電気設備工事）請負契約の一部変更について」、議案第五十七号から議案第五十九号までの「中央区立日本橋保健センター等複合施設大規模改修工事（建築工事）、（機械設備工事）及び（電気設備工事）請負契約の一部変更について」、議案第六十号「橋梁長寿命化修繕工事（鎧橋）請負契約の一部変更について」、議案第六十一号から議案第六十三号までの「中央区立常盤小学校等内部改修工事（建築工事）、（機械設備工事）及び（電気設備工事）請負契約の一部変更について」、議案第六十四号から議案第六十六号までの「中央区立久松小学校等大規模改修工事（建築工事）、（機械設備工事）及び（電気設備工事）請負契約の一部変更について」、議案第六十七号から議案第六十九号までの「中央区立銀座中学校大規模改修工事（建築工事）、（機械設備工事）及び（電気設備工事）請負契約の一部変更について」、議案第七十一号から議案第七十三号までの「中央区立総合スポーツセンター大規模改修工事（建築工事）、（機械設備工事）及び（電気設備工事）請負契約」につきましては、いずれも原案のとおり可決すべきものと決しました。

以上、本委員会の結果報告といたします。（拍手）",,,第二回定例会会議録（第5日 7月3日）,議員
,令和7年第二回定例会会議録（第5日 7月3日）,議長（原田賢一議員）,原田賢一,"報告を終わります。

まず、議案第三十四号について、お諮りいたします。本案を可決することに御異議ありませんか。",,,第二回定例会会議録（第5日 7月3日）,議長/委員長
,令和7年第二回定例会会議録（第5日 7月3日）,議長（原田賢一議員）,原田賢一,"御異議なしと認めます。よって、日程第三、議案第三十四号は原案のとおり可決されました。

次に、議案第三十五号について、お諮りいたします。本案を可決することに御異議ありませんか。",,,第二回定例会会議録（第5日 7月3日）,議長/委員長
,令和7年第二回定例会会議録（第5日 7月3日）,議長（原田賢一議員）,原田賢一,"御異議なしと認めます。よって、日程第三、議案第三十五号は原案のとおり可決されました。

次に、議案第三十六号について、お諮りいたします。本案を可決することに御異議ありませんか。",,,第二回定例会会議録（第5日 7月3日）,議長/委員長
,令和7年第二回定例会会議録（第5日 7月3日）,議長（原田賢一議員）,原田賢一,"御異議なしと認めます。よって、日程第三、議案第三十六号は原案のとおり可決されました。

次に、議案第三十九号について、お諮りいたします。本案を可決することに御異議ありませんか。",,,第二回定例会会議録（第5日 7月3日）,議長/委員長
,令和7年第二回定例会会議録（第5日 7月3日）,議長（原田賢一議員）,原田賢一,"御異議なしと認めます。よって、日程第三、議案第三十九号は原案のとおり可決されました。

次に、議案第四十号について、お諮りいたします。本案を可決することに御異議ありませんか。",,,第二回定例会会議録（第5日 7月3日）,議長/委員長
,令和7年第二回定例会会議録（第5日 7月3日）,議長（原田賢一議員）,原田賢一,"御異議なしと認めます。よって、日程第三、議案第四十号は原案のとおり可決されました。

次に、議案第五十号について、お諮りいたします。本案を可決することに御異議ありませんか。",,,第二回定例会会議録（第5日 7月3日）,議長/委員長
,令和7年第二回定例会会議録（第5日 7月3日）,議長（原田賢一議員）,原田賢一,"御異議なしと認めます。よって、日程第三、議案第五十号は原案のとおり可決されました。

次に、議案第五十一号について、お諮りいたします。本案を可決することに御異議ありませんか。",,,第二回定例会会議録（第5日 7月3日）,議長/委員長
,令和7年第二回定例会会議録（第5日 7月3日）,議長（原田賢一議員）,原田賢一,"御異議なしと認めます。よって、日程第三、議案第五十一号は原案のとおり可決されました。

次に、議案第五十二号について、お諮りいたします。本案を可決することに御異議ありませんか。",,,第二回定例会会議録（第5日 7月3日）,議長/委員長
,令和7年第二回定例会会議録（第5日 7月3日）,議長（原田賢一議員）,原田賢一,"御異議なしと認めます。よって、日程第三、議案第五十二号は原案のとおり可決されました。

次に、議案第五十三号について、お諮りいたします。本案を可決することに御異議ありませんか。",,,第二回定例会会議録（第5日 7月3日）,議長/委員長
,令和7年第二回定例会会議録（第5日 7月3日）,議長（原田賢一議員）,原田賢一,"御異議なしと認めます。よって、日程第三、議案第五十三号は原案のとおり可決されました。

次に、議案第五十四号について、お諮りいたします。本案を可決することに御異議ありませんか。",,,第二回定例会会議録（第5日 7月3日）,議長/委員長
,令和7年第二回定例会会議録（第5日 7月3日）,議長（原田賢一議員）,原田賢一,"御異議なしと認めます。よって、日程第三、議案第五十四号は原案のとおり可決されました。

次に、議案第五十五号について、お諮りいたします。本案を可決することに御異議ありませんか。",,,第二回定例会会議録（第5日 7月3日）,議長/委員長
,令和7年第二回定例会会議録（第5日 7月3日）,議長（原田賢一議員）,原田賢一,"御異議なしと認めます。よって、日程第三、議案第五十五号は原案のとおり可決されました。

次に、議案第五十六号について、お諮りいたします。本案を可決することに御異議ありませんか。",,,第二回定例会会議録（第5日 7月3日）,議長/委員長
,令和7年第二回定例会会議録（第5日 7月3日）,議長（原田賢一議員）,原田賢一,"御異議なしと認めます。よって、日程第三、議案第五十六号は原案のとおり可決されました。

次に、議案第五十七号について、お諮りいたします。本案を可決することに御異議ありませんか。",,,第二回定例会会議録（第5日 7月3日）,議長/委員長
,令和7年第二回定例会会議録（第5日 7月3日）,議長（原田賢一議員）,原田賢一,"御異議なしと認めます。よって、日程第三、議案第五十七号は原案のとおり可決されました。

次に、議案第五十八号について、お諮りいたします。本案を可決することに御異議ありませんか。",,,第二回定例会会議録（第5日 7月3日）,議長/委員長
,令和7年第二回定例会会議録（第5日 7月3日）,議長（原田賢一議員）,原田賢一,"御異議なしと認めます。よって、日程第三、議案第五十八号は原案のとおり可決されました。

次に、議案第五十九号について、お諮りいたします。本案を可決することに御異議ありませんか。",,,第二回定例会会議録（第5日 7月3日）,議長/委員長
,令和7年第二回定例会会議録（第5日 7月3日）,議長（原田賢一議員）,原田賢一,"御異議なしと認めます。よって、日程第三、議案第五十九号は原案のとおり可決されました。

次に、議案第六十号について、お諮りいたします。本案を可決することに御異議ありませんか。",,,第二回定例会会議録（第5日 7月3日）,議長/委員長
,令和7年第二回定例会会議録（第5日 7月3日）,議長（原田賢一議員）,原田賢一,"御異議なしと認めます。よって、日程第三、議案第六十号は原案のとおり可決されました。

次に、議案第六十一号について、お諮りいたします。本案を可決することに御異議ありませんか。",,,第二回定例会会議録（第5日 7月3日）,議長/委員長
,令和7年第二回定例会会議録（第5日 7月3日）,議長（原田賢一議員）,原田賢一,"御異議なしと認めます。よって、日程第三、議案第六十一号は原案のとおり可決されました。

次に、議案第六十二号について、お諮りいたします。本案を可決することに御異議ありませんか。",,,第二回定例会会議録（第5日 7月3日）,議長/委員長
,令和7年第二回定例会会議録（第5日 7月3日）,議長（原田賢一議員）,原田賢一,"御異議なしと認めます。よって、日程第三、議案第六十二号は原案のとおり可決されました。

次に、議案第六十三号について、お諮りいたします。本案を可決することに御異議ありませんか。",,,第二回定例会会議録（第5日 7月3日）,議長/委員長
,令和7年第二回定例会会議録（第5日 7月3日）,議長（原田賢一議員）,原田賢一,"御異議なしと認めます。よって、日程第三、議案第六十三号は原案のとおり可決されました。

次に、議案第六十四号について、お諮りいたします。本案を可決することに御異議ありませんか。",,,第二回定例会会議録（第5日 7月3日）,議長/委員長
,令和7年第二回定例会会議録（第5日 7月3日）,議長（原田賢一議員）,原田賢一,"御異議なしと認めます。よって、日程第三、議案第六十四号は原案のとおり可決されました。

次に、議案第六十五号について、お諮りいたします。本案を可決することに御異議ありませんか。",,,第二回定例会会議録（第5日 7月3日）,議長/委員長
,令和7年第二回定例会会議録（第5日 7月3日）,議長（原田賢一議員）,原田賢一,"御異議なしと認めます。よって、日程第三、議案第六十五号は原案のとおり可決されました。

次に、議案第六十六号について、お諮りいたします。本案を可決することに御異議ありませんか。",,,第二回定例会会議録（第5日 7月3日）,議長/委員長
,令和7年第二回定例会会議録（第5日 7月3日）,議長（原田賢一議員）,原田賢一,"御異議なしと認めます。よって、日程第三、議案第六十六号は原案のとおり可決されました。

次に、議案第六十七号について、お諮りいたします。本案を可決することに御異議ありませんか。",,,第二回定例会会議録（第5日 7月3日）,議長/委員長
,令和7年第二回定例会会議録（第5日 7月3日）,議長（原田賢一議員）,原田賢一,"御異議なしと認めます。よって、日程第三、議案第六十七号は原案のとおり可決されました。

次に、議案第六十八号について、お諮りいたします。本案を可決することに御異議ありませんか。",,,第二回定例会会議録（第5日 7月3日）,議長/委員長
,令和7年第二回定例会会議録（第5日 7月3日）,議長（原田賢一議員）,原田賢一,"御異議なしと認めます。よって、日程第三、議案第六十八号は原案のとおり可決されました。

次に、議案第六十九号について、お諮りいたします。本案を可決することに御異議ありませんか。",,,第二回定例会会議録（第5日 7月3日）,議長/委員長
,令和7年第二回定例会会議録（第5日 7月3日）,議長（原田賢一議員）,原田賢一,"御異議なしと認めます。よって、日程第三、議案第六十九号は原案のとおり可決されました。

次に、議案第七十一号について、お諮りいたします。本案を可決することに御異議ありませんか。",,,第二回定例会会議録（第5日 7月3日）,議長/委員長
,令和7年第二回定例会会議録（第5日 7月3日）,議長（原田賢一議員）,原田賢一,"御異議なしと認めます。よって、日程第三、議案第七十一号は原案のとおり可決されました。

次に、議案第七十二号について、お諮りいたします。本案を可決することに御異議ありませんか。",,,第二回定例会会議録（第5日 7月3日）,議長/委員長
,令和7年第二回定例会会議録（第5日 7月3日）,議長（原田賢一議員）,原田賢一,"御異議なしと認めます。よって、日程第三、議案第七十二号は原案のとおり可決されました。

次に、議案第七十三号について、お諮りいたします。本案を可決することに御異議ありませんか。",,,第二回定例会会議録（第5日 7月3日）,議長/委員長
,令和7年第二回定例会会議録（第5日 7月3日）,議長（原田賢一議員）,原田賢一,御異議なしと認めます。よって、日程第三、議案第七十三号は原案のとおり可決されました。,,,第二回定例会会議録（第5日 7月3日）,議長/委員長
,令和7年第二回定例会会議録（第5日 7月3日）,議長（原田賢一議員）,原田賢一,"次に、日程第四を議題といたします。

日程第四

議案第三十八号 中央区立中央会館条例の一部を改正する条例

議案第四十九号 中央区立幼稚園教育職員の勤務時間、休日、休暇等に関する条例の一部を改正する条例

（六月二十六日 区民文教委員会付託に続いて）",,,第二回定例会会議録（第5日 7月3日）,議長/委員長
,令和7年第二回定例会会議録（第5日 7月3日）,議長（原田賢一議員）,原田賢一,本案について、区民文教委員会の報告を木村委員長より願います。,,,第二回定例会会議録（第5日 7月3日）,議長/委員長
,令和7年第二回定例会会議録（第5日 7月3日）,二十六番（木村克一議員）,木村克一,"ただいまより、去る六月二十六日の本会議において本委員会に付託を受けました議案につきまして、審査結果の御報告を申し上げます。

本委員会は、七月一日に開会し、慎重な質疑を行いました。

付託された議案第三十八号「中央区立中央会館条例の一部を改正する条例」、議案第四十九号「中央区立幼稚園教育職員の勤務時間、休日、休暇等に関する条例の一部を改正する条例」につきましては、いずれも原案のとおり可決すべきものと決しました。

なお、議案第三十八号について、上田議員より、委員外議員の発言として、反対の意見表明がありました。

以上、本委員会の結果報告といたします。（拍手）",,,第二回定例会会議録（第5日 7月3日）,議員
,令和7年第二回定例会会議録（第5日 7月3日）,議長（原田賢一議員）,原田賢一,"報告を終わります。

まず、議案第三十八号について、起立により採決いたします。本案を可決することに賛成の皆さんは御起立を願います。",,,第二回定例会会議録（第5日 7月3日）,議長/委員長
,令和7年第二回定例会会議録（第5日 7月3日）,議長（原田賢一議員）,原田賢一,"起立多数と認めます。──御着席願います。よって、日程第四、議案第三十八号は原案のとおり可決されました。

次に、議案第四十九号について、お諮りいたします。本案を可決することに御異議ありませんか。",,,第二回定例会会議録（第5日 7月3日）,議長/委員長
,令和7年第二回定例会会議録（第5日 7月3日）,議長（原田賢一議員）,原田賢一,御異議なしと認めます。よって、日程第四、議案第四十九号は原案のとおり可決されました。,,,第二回定例会会議録（第5日 7月3日）,議長/委員長
,令和7年第二回定例会会議録（第5日 7月3日）,議長（原田賢一議員）,原田賢一,"次に、日程第五を議題といたします。

日程第五

議案第三十七号 中央区事務手数料条例等の一部を改正する条例

議案第四十一号 中央区特定教育・保育施設及び特定地域型保育事業の運営の基準等に関する条例の一部を改正する条例

議案第四十二号 中央区子ども・子育て会議条例の一部を改正する条例

議案第四十三号 中央区保育の提供等に関する条例の一部を改正する条例

議案第四十四号 中央区家庭的保育事業等の設備及び運営の基準に関する条例の一部を改正する条例

議案第四十五号 中央区難病患者福祉手当条例の一部を改正する条例

（六月二十六日 福祉保健委員会付託に続いて）",,,第二回定例会会議録（第5日 7月3日）,議長/委員長
,令和7年第二回定例会会議録（第5日 7月3日）,議長（原田賢一議員）,原田賢一,本案について、福祉保健委員会の報告を堀田委員長より願います。,,,第二回定例会会議録（第5日 7月3日）,議長/委員長
,令和7年第二回定例会会議録（第5日 7月3日）,二十八番（堀田弥生議員）,堀田弥生,"ただいまより、去る六月二十六日の本会議において本委員会に付託を受けました議案につきまして、審査結果の御報告を申し上げます。

本委員会は、七月二日に開会し、慎重な質疑を行いました。

付託された議案第三十七号「中央区事務手数料条例等の一部を改正する条例」、議案第四十一号「中央区特定教育・保育施設及び特定地域型保育事業の運営の基準等に関する条例の一部を改正する条例」、議案第四十二号「中央区子ども・子育て会議条例の一部を改正する条例」、議案第四十三号「中央区保育の提供等に関する条例の一部を改正する条例」、議案第四十四号「中央区家庭的保育事業等の設備及び運営の基準に関する条例の一部を改正する条例」、議案第四十五号「中央区難病患者福祉手当条例の一部を改正する条例」につきましては、いずれも原案のとおり可決すべきものと決しました。

以上、本委員会の結果報告といたします。（拍手）",,,第二回定例会会議録（第5日 7月3日）,議員
,令和7年第二回定例会会議録（第5日 7月3日）,議長（原田賢一議員）,原田賢一,"報告を終わります。

まず、議案第三十七号について、お諮りいたします。本案を可決することに御異議ありませんか。",,,第二回定例会会議録（第5日 7月3日）,議長/委員長
,令和7年第二回定例会会議録（第5日 7月3日）,議長（原田賢一議員）,原田賢一,"御異議なしと認めます。よって、日程第五、議案第三十七号は原案のとおり可決されました。

次に、議案第四十一号について、お諮りいたします。本案を可決することに御異議ありませんか。",,,第二回定例会会議録（第5日 7月3日）,議長/委員長
,令和7年第二回定例会会議録（第5日 7月3日）,議長（原田賢一議員）,原田賢一,"御異議なしと認めます。よって、日程第五、議案第四十一号は原案のとおり可決されました。

次に、議案第四十二号について、お諮りいたします。本案を可決することに御異議ありませんか。",,,第二回定例会会議録（第5日 7月3日）,議長/委員長
,令和7年第二回定例会会議録（第5日 7月3日）,議長（原田賢一議員）,原田賢一,"御異議なしと認めます。よって、日程第五、議案第四十二号は原案のとおり可決されました。

次に、議案第四十三号について、お諮りいたします。本案を可決することに御異議ありませんか。",,,第二回定例会会議録（第5日 7月3日）,議長/委員長
,令和7年第二回定例会会議録（第5日 7月3日）,議長（原田賢一議員）,原田賢一,"御異議なしと認めます。よって、日程第五、議案第四十三号は原案のとおり可決されました。

次に、議案第四十四号について、お諮りいたします。本案を可決することに御異議ありませんか。",,,第二回定例会会議録（第5日 7月3日）,議長/委員長
,令和7年第二回定例会会議録（第5日 7月3日）,議長（原田賢一議員）,原田賢一,"御異議なしと認めます。よって、日程第五、議案第四十四号は原案のとおり可決されました。

次に、議案第四十五号について、お諮りいたします。本案を可決することに御異議ありませんか。",,,第二回定例会会議録（第5日 7月3日）,議長/委員長
,令和7年第二回定例会会議録（第5日 7月3日）,議長（原田賢一議員）,原田賢一,御異議なしと認めます。よって、日程第五、議案第四十五号は原案のとおり可決されました。,,,第二回定例会会議録（第5日 7月3日）,議長/委員長
,令和7年第二回定例会会議録（第5日 7月3日）,議長（原田賢一議員）,原田賢一,"次に、日程第六を議題といたします。

日程第六

議案第四十六号 中央区立公園条例の一部を改正する条例

議案第四十七号 中央区まちづくり基本条例の一部を改正する条例

議案第四十八号 中央区地区計画の区域内における建築物の制限に関する条例の一部を改正する条例

議案第七十号 特別区道の路線の廃止及び変更について

（六月二十六日 環境建設委員会付託に続いて）",,,第二回定例会会議録（第5日 7月3日）,議長/委員長
,令和7年第二回定例会会議録（第5日 7月3日）,議長（原田賢一議員）,原田賢一,本案について、環境建設委員会の報告をかみや委員長より願います。,,,第二回定例会会議録（第5日 7月3日）,議長/委員長
,令和7年第二回定例会会議録（第5日 7月3日）,十三番（かみや俊宏議員）,かみや俊宏,"ただいまより、去る六月二十六日の本会議において本委員会に付託を受けました議案につきまして、審査結果の御報告を申し上げます。

本委員会は、七月二日に開会し、慎重な質疑を行いました。

付託された議案第四十六号「中央区立公園条例の一部を改正する条例」、議案第四十七号「中央区まちづくり基本条例の一部を改正する条例」、議案第四十八号「中央区地区計画の区域内における建築物の制限に関する条例の一部を改正する条例」、議案第七十号「特別区道の路線の廃止及び変更について」につきましては、いずれも原案のとおり可決すべきものと決しました。

なお、議案第四十六号及び議案第七十号について、小栗議員より、委員外議員の発言として、反対の意見表明がありました。

以上、本委員会の結果報告といたします。（拍手）",,,第二回定例会会議録（第5日 7月3日）,議員
,令和7年第二回定例会会議録（第5日 7月3日）,議長（原田賢一議員）,原田賢一,"報告を終わります。

まず、議案第四十六号について、起立により採決いたします。本案を可決することに賛成の皆さんは御起立を願います。",,,第二回定例会会議録（第5日 7月3日）,議長/委員長
,令和7年第二回定例会会議録（第5日 7月3日）,議長（原田賢一議員）,原田賢一,"起立多数と認めます。──御着席願います。よって、日程第六、議案第四十六号は原案のとおり可決されました。

次に、議案第四十七号について、お諮りいたします。本案を可決することに御異議ありませんか。",,,第二回定例会会議録（第5日 7月3日）,議長/委員長
,令和7年第二回定例会会議録（第5日 7月3日）,議長（原田賢一議員）,原田賢一,"御異議なしと認めます。よって、日程第六、議案第四十七号は原案のとおり可決されました。

次に、議案第四十八号について、お諮りいたします。本案を可決することに御異議ありませんか。",,,第二回定例会会議録（第5日 7月3日）,議長/委員長
,令和7年第二回定例会会議録（第5日 7月3日）,議長（原田賢一議員）,原田賢一,"御異議なしと認めます。よって、日程第六、議案第四十八号は原案のとおり可決されました。

次に、議案第七十号について、起立により採決いたします。本案を可決することに賛成の皆さんは御起立を願います。",,,第二回定例会会議録（第5日 7月3日）,議長/委員長
,令和7年第二回定例会会議録（第5日 7月3日）,議長（原田賢一議員）,原田賢一,起立多数と認めます。──御着席願います。よって、日程第六、議案第七十号は原案のとおり可決されました。,,,第二回定例会会議録（第5日 7月3日）,議長/委員長
,令和7年第二回定例会会議録（第5日 7月3日）,議長（原田賢一議員）,原田賢一,"次に、日程第七、「議会閉会中の継続審査」について。

ここで、ただいま各種委員会委員長より、各委員会に付託を受けております事件及び請願について、議会閉会中の継続審査の申出がなされておりますので、その一覧表をお手元に配付いたします。",,,第二回定例会会議録（第5日 7月3日）,議長/委員長
,令和7年第二回定例会会議録（第5日 7月3日）,議長（原田賢一議員）,原田賢一,お諮りいたします。本件の申出をそれぞれ承認することに御異議ありませんか。,,,第二回定例会会議録（第5日 7月3日）,議長/委員長
,令和7年第二回定例会会議録（第5日 7月3日）,議長（原田賢一議員）,原田賢一,御異議なしと認めます。よって、本件の申出をそれぞれ承認することに決しました。,,,第二回定例会会議録（第5日 7月3日）,議長/委員長
,令和7年第二回定例会会議録（第5日 7月3日）,二十三番（押田まり子議員）,押田まり子,"議事進行について動議を提出いたします。

今期定例会に提出されました案件は、全て終了したことと存じますので、これをもって閉会されるようお諮り願います。",,,第二回定例会会議録（第5日 7月3日）,議員
,令和7年第二回定例会会議録（第5日 7月3日）,議長（原田賢一議員）,原田賢一,"ただいま提出されました動議は賛成者がありますので、成立いたしました。よって、直ちにこれを議題といたします。

お諮りいたします。ただいまの動議に御異議ありませんか。",,,第二回定例会会議録（第5日 7月3日）,議長/委員長
,令和7年第二回定例会会議録（第5日 7月3日）,議長（原田賢一議員）,原田賢一,御異議なしと認めます。よって、会議を閉じます。,,,第二回定例会会議録（第5日 7月3日）,議長/委員長
,令和7年第二回定例会会議録（第5日 7月3日）,議長（原田賢一議員）,原田賢一,ここで山本区長より挨拶があります。,,,第二回定例会会議録（第5日 7月3日）,議長/委員長
,令和7年第二回定例会会議録（第5日 7月3日）,区長（山本泰人君）,原田賢一,"区議会終了に当たり、一言御挨拶申し上げます。

去る六月二十四日から本日に至る今期定例会に御提案申し上げました案件につきましては、いずれも原案どおり御決定をいただき、誠にありがとうございます。

この間、一般会計補正予算のほか、条例等の案件につきましては、各所管の常任委員会にその審査を付託され、極めて御熱心なる審査をいただいた上、いずれも原案どおり可決を賜り、厚く御礼を申し上げます。

本会議及び各委員会においていただきました貴重な御意見等につきましては、今後の区政運営に可能な限りこれを反映させ、より一層区民福祉の向上のために全力を傾ける所存でございます。

今後とも、議員各位の御指導、御協力をお願いいたしまして、御挨拶といたします。

誠にありがとうございました。",,,第二回定例会会議録（第5日 7月3日）,理事者
,令和7年第二回定例会会議録（第5日 7月3日）,議長（原田賢一議員）,原田賢一,挨拶を終わります。,,,第二回定例会会議録（第5日 7月3日）,議長/委員長
,令和7年第二回定例会会議録（第5日 7月3日）,議長（原田賢一議員）,原田賢一,"これをもって、令和七年第二回中央区議会定例会を閉会いたします。

午後二時四十四分 閉会",,,第二回定例会会議録（第5日 7月3日）,議長/委員長