ID,会議の名称,発言者,人分類,発言内容,年度,年月日,委員会/本会議名称,議事関係
,令和7年　決算特別委員会(第1日　9月25日),原田議長,原田賢一,"ただいまより、決算特別委員会を開会いたします。

本日、議会局長は欠席します。

委員長選任について、いかが取り計らいましょうか。

議長一任とのことでありますので、私より御指名いたします。

委員長には、礒野忠委員を御指名いたします。礒野委員は委員長席にお着きいただくとともに、就任の挨拶をお願いいたします。",2025,2025/09/25,決算特別委員会,議長/委員長
,令和7年　決算特別委員会(第1日　9月25日),礒野委員長,磯野忠,"（挨拶）

副委員長選任について、いかが取り計らいましょうか。",2025,2025/09/25,決算特別委員会,議長/委員長
,令和7年　決算特別委員会(第1日　9月25日),礒野委員長,磯野忠,委員長一任の声が先にありましたので、委員長一任についてお諮りいたします。委員長一任について、賛成の方は御起立願います。,2025,2025/09/25,決算特別委員会,議長/委員長
,令和7年　決算特別委員会(第1日　9月25日),礒野委員長,磯野忠,"起立多数と認めます。――御着席願います。

よって、委員長一任とするものと決定いたしました。

それでは委員長一任ということでありますので、私よりご指名いたします。

副委員長には、田中広一委員を御指名いたします。田中委員は副委員長席にお着きいただくとともに、就任の挨拶をお願いいたします。",2025,2025/09/25,決算特別委員会,議長/委員長
,令和7年　決算特別委員会(第1日　9月25日),田中(広)副委員長,田中広一,（挨拶）,2025,2025/09/25,決算特別委員会,議長/委員長
,令和7年　決算特別委員会(第1日　9月25日),礒野委員長,磯野忠,"進行役の選出について、当委員会の進行役を、海老原崇智委員にお願いいたしますので御了承願います。

次回の決算特別委員会開会日時について、本日のところはこの程度とし、決算の審査は来る９月29日午前10時30分より開会することといたしますので、御承知おき願います。

なお、９月29日は開会に先立ちまして、午前９時30分より10階会議室にて打合せを行いますので、各会派より１名、代表者の御出席をお願いいたします。

また、当日は、区議会だより用として写真撮影を行いますので、御了承願います。

なお、写真撮影時は、クールビズ期間中でありますが、上着、ネクタイの着用及び記章のはい用をお願いいたします。

それでは、散会とさせていただきます。

（午後２時20分　散会）",2025,2025/09/25,決算特別委員会,議長/委員長
,令和7年　決算特別委員会(第2日　9月29日),礒野委員長,磯野忠,"おはようございます。ただいまより決算特別委員会を開会いたします。よろしくお願いいたします。

私より一言挨拶を申し上げます。

（挨拶）

次に、議長より挨拶をお願いいたします。",2025,2025/09/29,決算特別委員会,議長/委員長
,令和7年　決算特別委員会(第2日　9月29日),原田議長,原田賢一,（挨拶）,2025,2025/09/29,決算特別委員会,議長/委員長
,令和7年　決算特別委員会(第2日　9月29日),礒野委員長,磯野忠,次に、区長より御挨拶をお願いいたします。,2025,2025/09/29,決算特別委員会,議長/委員長
,令和7年　決算特別委員会(第2日　9月29日),礒野委員長,磯野忠,本特別委員会に付託を受けました議案の審査方法については、いかがいたしましょうか。,2025,2025/09/29,決算特別委員会,議長/委員長
,令和7年　決算特別委員会(第2日　9月29日),礒野委員長,磯野忠,ただいまの動議に御異議ありませんか。,2025,2025/09/29,決算特別委員会,議長/委員長
,令和7年　決算特別委員会(第2日　9月29日),礒野委員長,磯野忠,"御異議なしと認めます。よって、動議のごとく決します。

ここで委員各位に申し上げます。先ほど代表者会において、「令和７年決算特別委員会確認事項」、「決算特別委員会における質問者の取扱いについて」及び「決算特別委員会委員長報告及び委員会記録の取扱いについて」がそれぞれ了承されたので、ＳｉｄｅＢｏｏｋｓに格納いたしました。

資料にありますとおり、各款等の質疑に当たり、総括質疑を除いて１会派２人まで質問を行うことができます。また、副委員長にあっても質疑を行うことができます。

なお、これらを行う際は、あらかじめ私までお申し出いただきたいと存じます。

さらに、本委員会記録作成に当たり、録音データの反訳により調製を行いますので、細部の取扱いについては、資料を御参照願います。

また、各委員並びに各理事者の発言の際におかれましては、録音を行いますので、マイクのスイッチを忘れずにオンにしていただきたいと存じます。

なお、理事者におかれましては、答弁の際、挙手をし、職名を述べてから発言されるようお願いいたします。

さらに、一般の方につきましては、第３委員会室において音声による傍聴、また、議員につきましては、第１委員会室において傍聴もしくは各会派の控室において音声による傍聴ができることとなっておりますので、発言の際はマイクを近づけていただくようお願いいたします。

続きまして、審査に当たり要求される資料については、遅くとも前の款の冒頭に申し入れてくださるようお願いいたします。

なお、一般会計歳入及び議会費について資料要求があれば、この際、申し入れていただきたいと思います。",2025,2025/09/29,決算特別委員会,議長/委員長
,令和7年　決算特別委員会(第2日　9月29日),礒野委員長,磯野忠,それでは、まず、理事者から総括説明をお願いいたします。,2025,2025/09/29,決算特別委員会,議長/委員長
,令和7年　決算特別委員会(第2日　9月29日),礒野委員長,磯野忠,"御異議なしと認めます。よって、動議のごとく決します。

一般会計歳入について、理事者の説明を願います。",2025,2025/09/29,決算特別委員会,議長/委員長
,令和7年　決算特別委員会(第2日　9月29日),礒野委員長,磯野忠,"先ほど写真撮影も終了いたしました。今日もまだまだ暑い日が続いておりますので、今後、決算特別委員会が終了するまで、クールビズ対応で、皆様、健康管理等をよろしくお願いいたします。

それでは、一般会計歳入について質問者の発言を願います。",2025,2025/09/29,決算特別委員会,議長/委員長
,令和7年　決算特別委員会(第2日　9月29日),礒野委員長,磯野忠,"御異議なしと認めます。よって、動議のごとく決します。

午後１時に委員会を再開いたしますので、御参集願います。

なお、先ほどの資料要求の一覧につきましては、後ほどＳｉｄｅＢｏｏｋｓに格納しておきます。

暫時休憩いたします。

（午前11時46分　休憩）

（午後１時　再開）",2025,2025/09/29,決算特別委員会,議長/委員長
,令和7年　決算特別委員会(第2日　9月29日),礒野委員長,磯野忠,"休憩前に引き続き委員会を再開いたします。

資料要求がありました11点について、ＳｉｄｅＢｏｏｋｓに格納いたしました。

一般会計歳入について、質問者の発言を願います。",2025,2025/09/29,決算特別委員会,議長/委員長
,令和7年　決算特別委員会(第2日　9月29日),礒野委員長,磯野忠,次の質問者の発言を願います。,2025,2025/09/29,決算特別委員会,議長/委員長
,令和7年　決算特別委員会(第2日　9月29日),礒野委員長,磯野忠,"御異議なしと認めます。よって、動議のごとく決します。

一般会計歳出について、理事者の説明を願います。",2025,2025/09/29,決算特別委員会,議長/委員長
,令和7年　決算特別委員会(第2日　9月29日),礒野委員長,磯野忠,"御異議なしと認めます。よって、動議のごとく決します。午後２時45分に委員会を再開いたしますので、御参集願います。

暫時休憩いたします。

（午後２時27分　休憩）

（午後２時45分　再開）",2025,2025/09/29,決算特別委員会,議長/委員長
,令和7年　決算特別委員会(第2日　9月29日),礒野委員長,磯野忠,"休憩前に引き続き委員会を再開いたします。

第１款「議会費」について、質問者の発言を願います。",2025,2025/09/29,決算特別委員会,議長/委員長
,令和7年　決算特別委員会(第2日　9月29日),礒野委員長,磯野忠,川畑委員、これは議会費ですので、区としての考え方ではなくて、これは議会の中のお話で質問をお願いいたします。,2025,2025/09/29,決算特別委員会,議長/委員長
,令和7年　決算特別委員会(第2日　9月29日),礒野委員長,磯野忠,はい。,2025,2025/09/29,決算特別委員会,議長/委員長
,令和7年　決算特別委員会(第2日　9月29日),礒野委員長,磯野忠,"御異議なしと認めます。よって、動議のごとく決します。

第２款「企画費」及び第３款「総務費」について、質問者の発言を願います。",2025,2025/09/29,決算特別委員会,議長/委員長
,令和7年　決算特別委員会(第2日　9月29日),礒野委員長,磯野忠,"御異議なしと認めます。よって、動議のごとく決します。

明30日午前10時に委員会を開会いたしますので、御参集願います。

本日はこれをもって散会いたします。

お疲れさまでした。

（午後４時４分　散会）",2025,2025/09/29,決算特別委員会,議長/委員長
,令和7年　決算特別委員会(第3日　9月30日),礒野委員長,磯野忠,"おはようございます。ただいまより本日の委員会を開会いたします。よろしくお願いいたします。

本日、議会局長は欠席いたします。

資料要求がありました23点について、ＳｉｄｅＢｏｏｋｓに格納いたしました。

第２款「企画費」及び第３款「総務費」について、質問者の発言を願います。",2025,2025/09/30,決算特別委員会,議長/委員長
,令和7年　決算特別委員会(第3日　9月30日),礒野委員長,磯野忠,次の質問者の発言を願います。,2025,2025/09/30,決算特別委員会,議長/委員長
,令和7年　決算特別委員会(第3日　9月30日),礒野委員長,磯野忠,ただいまの動議に御異議ありませんか。,2025,2025/09/30,決算特別委員会,議長/委員長
,令和7年　決算特別委員会(第3日　9月30日),礒野委員長,磯野忠,"御異議なしと認めます。よって、動議のごとく決します。

午後１時に委員会を再開いたしますので、御参集願います。

暫時休憩いたします。

（午前11時56分　休憩）

（午後１時　再開）",2025,2025/09/30,決算特別委員会,議長/委員長
,令和7年　決算特別委員会(第3日　9月30日),礒野委員長,磯野忠,"休憩前に引き続き委員会を再開いたします。

資料要求がありました49点について、ＳｉｄｅＢｏｏｋｓに格納いたしました。

第２款「企画費」及び第３款「総務費」について、質問者の発言を願います。",2025,2025/09/30,決算特別委員会,議長/委員長
,令和7年　決算特別委員会(第3日　9月30日),礒野委員長,磯野忠,"御異議なしと認めます。よって、動議のごとく決します。

午後２時40分に委員会を再開いたしますので、御参集願います。

暫時休憩いたします。

（午後２時22分　休憩）

（午後２時40分　再開）",2025,2025/09/30,決算特別委員会,議長/委員長
,令和7年　決算特別委員会(第3日　9月30日),礒野委員長,磯野忠,"休憩前に引き続き委員会を再開いたします。

第４款「区民費」について、質問者の発言を願います。",2025,2025/09/30,決算特別委員会,議長/委員長
,令和7年　決算特別委員会(第3日　9月30日),礒野委員長,磯野忠,"御異議なしと認めます。よって、動議のごとく決します。

明10月１日午前10時に委員会を開会いたしますので、御参集願います。

本日はこれをもって散会いたします。

お疲れさまでした。

（午後３時40分　散会）",2025,2025/09/30,決算特別委員会,議長/委員長
,令和7年　決算特別委員会(第4日　10月1日),礒野委員長,磯野忠,"おはようございます。ただいまより本日の委員会を開会いたします。よろしくお願いいたします。

資料要求がありました42点について、ＳｉｄｅＢｏｏｋｓに格納いたしました。

第４款「区民費」について、質問者の発言を願います。",2025,2025/10/01,決算特別委員会,議長/委員長
,令和7年　決算特別委員会(第4日　10月1日),礒野委員長,磯野忠,次の質問者の発言を願います。,2025,2025/10/01,決算特別委員会,議長/委員長
,令和7年　決算特別委員会(第4日　10月1日),礒野委員長,磯野忠,ただいまの動議に御異議ありませんか。,2025,2025/10/01,決算特別委員会,議長/委員長
,令和7年　決算特別委員会(第4日　10月1日),礒野委員長,磯野忠,"御異議なしと認めます。よって、動議のごとく決します。

午後１時５分に委員会を再開いたしますので、御参集願います。

暫時休憩いたします。

（午前11時59分　休憩）

（午後１時５分　再開）",2025,2025/10/01,決算特別委員会,議長/委員長
,令和7年　決算特別委員会(第4日　10月1日),礒野委員長,磯野忠,"休憩前に引き続き委員会を再開いたします。

資料要求がありました85点について、ＳｉｄｅＢｏｏｋｓに格納いたしました。

第４款「区民費」について、質問者の発言を願います。",2025,2025/10/01,決算特別委員会,議長/委員長
,令和7年　決算特別委員会(第4日　10月1日),礒野委員長,磯野忠,"御異議なしと認めます。よって、動議のごとく決します。

これより福祉保健費に入りますので、関係理事者の方は席の移動をお願いいたします。

第５款「福祉保健費」について、質問者の発言を願います。",2025,2025/10/01,決算特別委員会,議長/委員長
,令和7年　決算特別委員会(第4日　10月1日),礒野委員長,磯野忠,ただいまの動議に御異議はありませんか。,2025,2025/10/01,決算特別委員会,議長/委員長
,令和7年　決算特別委員会(第4日　10月1日),礒野委員長,磯野忠,"御異議なしと認めます。よって、動議のごとく決します。

午後３時５分に委員会を再開いたしますので、御参集願います。

暫時休憩いたします。

（午後２時48分　休憩）

（午後３時５分　再開）",2025,2025/10/01,決算特別委員会,議長/委員長
,令和7年　決算特別委員会(第4日　10月1日),礒野委員長,磯野忠,"休憩前に引き続き委員会を再開いたします。

第５款「福祉保健費」について、質問者の発言を願います。",2025,2025/10/01,決算特別委員会,議長/委員長
,令和7年　決算特別委員会(第4日　10月1日),礒野委員長,磯野忠,"御異議なしと認めます。よって、動議のごとく決します。明２日午前10時に委員会を開会いたしますので、御参集願います。

本日はこれをもって散会いたします。

（午後３時44分　散会）",2025,2025/10/01,決算特別委員会,議長/委員長
,令和7年　決算特別委員会(第5日　10月2日),礒野委員長,磯野忠,"おはようございます。ただいまより本日の委員会を開会いたします。よろしくお願いいたします。

資料要求がありました36点について、ＳｉｄｅＢｏｏｋｓに格納いたしました。

第５款「福祉保健費」について、質問者の発言を願います。",2025,2025/10/02,決算特別委員会,議長/委員長
,令和7年　決算特別委員会(第5日　10月2日),礒野委員長,磯野忠,次の質問者の発言を願います。,2025,2025/10/02,決算特別委員会,議長/委員長
,令和7年　決算特別委員会(第5日　10月2日),礒野委員長,磯野忠,ただいまの動議に御異議ありませんか。,2025,2025/10/02,決算特別委員会,議長/委員長
,令和7年　決算特別委員会(第5日　10月2日),礒野委員長,磯野忠,"異議なしと認めます。よって、動議のごとく決します。

午後１時に委員会を再開いたしますので、御参集願います。

暫時休憩いたします。

（午前11時58分　休憩）

（午後１時　再開）",2025,2025/10/02,決算特別委員会,議長/委員長
,令和7年　決算特別委員会(第5日　10月2日),礒野委員長,磯野忠,"休憩前に引き続き委員会を再開いたします。

資料要求がありました32点について、ＳｉｄｅＢｏｏｋｓに格納いたしました。

第５款「福祉保健費」について、質問者の発言を願います。",2025,2025/10/02,決算特別委員会,議長/委員長
,令和7年　決算特別委員会(第5日　10月2日),礒野委員長,磯野忠,子育て支援に関しての御答弁をお願いします。,2025,2025/10/02,決算特別委員会,議長/委員長
,令和7年　決算特別委員会(第5日　10月2日),礒野委員長,磯野忠,アルール委員、ただいまの質問は、こちらの款、福祉保健費ではなくて、環境土木費のほうになってしまいますので、環境土木費のほうで御質問いただければと思います。衛生の質問に限って、こちらのほうにということでよろしいですか。,2025,2025/10/02,決算特別委員会,議長/委員長
,令和7年　決算特別委員会(第5日　10月2日),礒野委員長,磯野忠,"御異議なしと認めます。よって、動議のごとく決します。

午後２時35分に委員会を再開いたしますので、御参集願います。

暫時休憩いたします。

（午後２時19分　休憩）

（午後２時35分　再開）",2025,2025/10/02,決算特別委員会,議長/委員長
,令和7年　決算特別委員会(第5日　10月2日),礒野委員長,磯野忠,"休憩前に引き続き委員会を再開いたします。

第６款「環境土木費」について、質問者の発言を願います。",2025,2025/10/02,決算特別委員会,議長/委員長
,令和7年　決算特別委員会(第5日　10月2日),礒野委員長,磯野忠,"御異議なしと認めます。よって、動議のごとく決します。

明３日午前10時に委員会を開会いたしますので、御参集願います。

本日はこれをもって散会いたします。

（午後３時57分　散会）",2025,2025/10/02,決算特別委員会,議長/委員長
,令和7年　決算特別委員会(第6日　10月3日),礒野委員長,磯野忠,"おはようございます。ただいまより本日の委員会を開会いたします。よろしくお願いいたします。

資料要求がありました54点について、ＳｉｄｅＢｏｏｋｓに格納いたしました。

第６款「環境土木費」について質問者の発言を願います。",2025,2025/10/03,決算特別委員会,議長/委員長
,令和7年　決算特別委員会(第6日　10月3日),礒野委員長,磯野忠,次の質問者の発言を願います。,2025,2025/10/03,決算特別委員会,議長/委員長
,令和7年　決算特別委員会(第6日　10月3日),礒野委員長,磯野忠,ただいまの動議に御異議ありませんか。,2025,2025/10/03,決算特別委員会,議長/委員長
,令和7年　決算特別委員会(第6日　10月3日),礒野委員長,磯野忠,"御異議なしと認めます。よって動議のごとく決します。

午後１時に委員会を再開いたしますので、御参集願います。

暫時休憩いたします。

（午前11時50分　休憩）

（午後１時00分　再開）",2025,2025/10/03,決算特別委員会,議長/委員長
,令和7年　決算特別委員会(第6日　10月3日),礒野委員長,磯野忠,"休憩前に引き続き委員会を再開いたします。

資料要求がありました17点について、ＳｉｄｅＢｏｏｋｓに格納いたしました。

要求資料につきましては、今回をもって全て提出済みとなっております。

第６款「環境土木費」について、質問者の発言を願います。",2025,2025/10/03,決算特別委員会,議長/委員長
,令和7年　決算特別委員会(第6日　10月3日),礒野委員長,磯野忠,"御異議なしと認めます。よって動議のごとく決します。

これより都市整備費に入りますので、関係理事者の方は席の移動をお願いいたします。

第７款「都市整備費」について、質問者の発言を願います。",2025,2025/10/03,決算特別委員会,議長/委員長
,令和7年　決算特別委員会(第6日　10月3日),礒野委員長,磯野忠,"御異議なしと認めます。よって動議のごとく決します。午後３時に委員会を再開いたしますので、御参集願います。

暫時休憩いたします。

（午後２時43分　休憩）

（午後３時　再開）",2025,2025/10/03,決算特別委員会,議長/委員長
,令和7年　決算特別委員会(第6日　10月3日),礒野委員長,磯野忠,"休憩前に引き続き委員会を再開いたします。

第７款「都市整備費」について、質問者の発言を願います。",2025,2025/10/03,決算特別委員会,議長/委員長
,令和7年　決算特別委員会(第6日　10月3日),礒野委員長,磯野忠,先ほど満了の世帯数が分かればということだったんですが、お分かりになれば。,2025,2025/10/03,決算特別委員会,議長/委員長
,令和7年　決算特別委員会(第6日　10月3日),礒野委員長,磯野忠,"御異議なしと認めます。よって動議のごとく決します。

明４日、明後５日を休会とし、来る10月６日午前10時に委員会を開会いたしますので、御参集願います。

本日はこれをもって散会いたします。

（午後３時52分　散会）",2025,2025/10/03,決算特別委員会,議長/委員長
,令和7年　決算特別委員会(第7日　10月6日),礒野委員長,磯野忠,"おはようございます。ただいまより本日の委員会を開会いたします。よろしくお願いいたします。

第８款「教育費」について、質問者の発言を願います。",2025,2025/10/06,決算特別委員会,議長/委員長
,令和7年　決算特別委員会(第7日　10月6日),礒野委員長,磯野忠,次の質問者の発言を願います。,2025,2025/10/06,決算特別委員会,議長/委員長
,令和7年　決算特別委員会(第7日　10月6日),礒野委員長,磯野忠,ただいまの動議に御異議ありませんか。,2025,2025/10/06,決算特別委員会,議長/委員長
,令和7年　決算特別委員会(第7日　10月6日),礒野委員長,磯野忠,"御異議なしと認めます。よって、動議のごとく決します。

午後１時に委員会を再開いたしますので、御参集願います。

なお、各会派の代表者の方は、この後、直ちに10階会議室において代表者会を開会いたしますので、タブレットを御持参の上、お集まりください。

暫時休憩いたします。

（午前11時47分　休憩）

（午後１時　再開）",2025,2025/10/06,決算特別委員会,議長/委員長
,令和7年　決算特別委員会(第7日　10月6日),礒野委員長,磯野忠,"休憩前に引き続き委員会を再開いたします。

第８款「教育費」について、質問者の発言を願います。",2025,2025/10/06,決算特別委員会,議長/委員長
,令和7年　決算特別委員会(第7日　10月6日),礒野委員長,磯野忠,"御異議なしと認めます。よって、動議のごとく決します。

午後２時55分に委員会を再開いたしますので、御参集願います。

暫時休憩いたします。

（午後２時43分　休憩）

（午後２時55分　再開）",2025,2025/10/06,決算特別委員会,議長/委員長
,令和7年　決算特別委員会(第7日　10月6日),礒野委員長,磯野忠,"御異議なしと認めます。よって、動議のごとく決します。

これより第９款「公債費」、第10款「諸支出金」及び第11款「予備費」に入りますので、関係理事者の方は席の移動をお願いいたします。

第９款「公債費」、第10款「諸支出金」及び第11款「予備費」について、質問者の発言を願います。",2025,2025/10/06,決算特別委員会,議長/委員長
,令和7年　決算特別委員会(第7日　10月6日),礒野委員長,磯野忠,"御異議なしと認めます。よって、動議のごとく決します。

明７日午前10時に委員会を開会いたしますので、御参集願います。

本日はこれをもって散会いたします。

（午後４時４分　散会）",2025,2025/10/06,決算特別委員会,議長/委員長
,令和7年　決算特別委員会(第8日　10月7日),礒野委員長,磯野忠,"ただいまより本日の委員会を開会いたします。よろしくお願いします。

本日、議長は欠席をいたします。

第９款「公債費」、第10款「諸支出金」及び第11款「予備費」について、質問者の発言を願います。",2025,2025/10/07,決算特別委員会,議長/委員長
,令和7年　決算特別委員会(第8日　10月7日),礒野委員長,磯野忠,ただいまの動議に御異議ありませんか。,2025,2025/10/07,決算特別委員会,議長/委員長
,令和7年　決算特別委員会(第8日　10月7日),礒野委員長,磯野忠,"御異議なしと認めます。よって、動議のごとく決します。

３特別会計歳入歳出決算について、理事者の説明を願います。",2025,2025/10/07,決算特別委員会,議長/委員長
,令和7年　決算特別委員会(第8日　10月7日),礒野委員長,磯野忠,３特別会計歳入歳出決算について、質問者の発言を願います。,2025,2025/10/07,決算特別委員会,議長/委員長
,令和7年　決算特別委員会(第8日　10月7日),礒野委員長,磯野忠,次の質問者の発言を願います。,2025,2025/10/07,決算特別委員会,議長/委員長
,令和7年　決算特別委員会(第8日　10月7日),礒野委員長,磯野忠,"御異議なしと認めます。よって、動議のごとく決します。

これより総括質疑に入りますので、関係理事者の方は席の移動をお願いいたします。

総括質疑について、質問者の発言を願います。",2025,2025/10/07,決算特別委員会,議長/委員長
,令和7年　決算特別委員会(第8日　10月7日),礒野委員長,磯野忠,"御異議なしと認めます。よって、動議のごとく決します。

午後１時10分に委員会を再開いたしますので、御参集願います。

暫時休憩いたします。

（午後０時６分　休憩）

（午後１時10分　再開）",2025,2025/10/07,決算特別委員会,議長/委員長
,令和7年　決算特別委員会(第8日　10月7日),礒野委員長,磯野忠,"休憩前に引き続き委員会を再開いたします。

総括質疑について、質問者の発言を願います。",2025,2025/10/07,決算特別委員会,議長/委員長
,令和7年　決算特別委員会(第8日　10月7日),礒野委員長,磯野忠,"御異議なしと認めます。よって、動議のごとく決します。

午後３時20分に委員会を再開いたしますので、御参集願います。

暫時休憩いたします。

（午後２時54分　休憩）

（午後３時20分　再開）",2025,2025/10/07,決算特別委員会,議長/委員長
,令和7年　決算特別委員会(第8日　10月7日),礒野委員長,磯野忠,"御異議なしと認めます。よって、動議のごとく決します。

明８日午前10時に委員会を開会いたしますので、御参集願います。

本日はこれをもって散会いたします。

（午後４時16分　散会）",2025,2025/10/07,決算特別委員会,議長/委員長
,令和7年　決算特別委員会(第9日　10月8日),礒野委員長,磯野忠,"ただいまより、本日の委員会を開会いたします。よろしくお願いいたします。

総括質疑について、質問者の発言を願います。",2025,2025/10/08,決算特別委員会,議長/委員長
,令和7年　決算特別委員会(第9日　10月8日),礒野委員長,磯野忠,次の質問者の発言を願います。,2025,2025/10/08,決算特別委員会,議長/委員長
,令和7年　決算特別委員会(第9日　10月8日),礒野委員長,磯野忠,ただいまの動議に御異議ありませんか。,2025,2025/10/08,決算特別委員会,議長/委員長
,令和7年　決算特別委員会(第9日　10月8日),礒野委員長,磯野忠,"御異議なしと認めます。よって、動議のごとく決します。

午後１時５分に委員会を再開いたしますので、御参集願います。

暫時休憩いたします。

（午前11時59分　休憩）

（午後１時５分　再開）",2025,2025/10/08,決算特別委員会,議長/委員長
,令和7年　決算特別委員会(第9日　10月8日),礒野委員長,磯野忠,"休憩前に引き続き委員会を再開いたします。

総括質疑について質問者の発言を願います。",2025,2025/10/08,決算特別委員会,議長/委員長
,令和7年　決算特別委員会(第9日　10月8日),礒野委員長,磯野忠,"御異議なしと認めます。よって、動議のごとく決します。

午後２時に委員会を再開いたしますので、御参集願います。

暫時休憩いたします。

（午後１時45分　休憩）

（午後２時00分　再開）",2025,2025/10/08,決算特別委員会,議長/委員長
,令和7年　決算特別委員会(第9日　10月8日),礒野委員長,磯野忠,"休憩前に引き続き委員会を再開いたします。

総括質疑について、質問者の発言を願います。",2025,2025/10/08,決算特別委員会,議長/委員長
,令和7年　決算特別委員会(第9日　10月8日),礒野委員長,磯野忠,"御異議なしと認めます。よって、動議のごとく決します。

明９日午前10時に委員会を開会いたしますので、御参集願います。

本日はこれをもって散会いたします。

（午後２時48分　散会）",2025,2025/10/08,決算特別委員会,議長/委員長
,令和7年　決算特別委員会(第10日　10月9日),礒野委員長,磯野忠,"ただいまより本日の委員会を開会いたします。よろしくお願いいたします。

総括質疑について、質問者の発言を願います。",2025,2025/10/09,決算特別委員会,議長/委員長
,令和7年　決算特別委員会(第10日　10月9日),礒野委員長,磯野忠,ただいまの動議に御異議ありませんか。,2025,2025/10/09,決算特別委員会,議長/委員長
,令和7年　決算特別委員会(第10日　10月9日),礒野委員長,磯野忠,"御異議なしと認めます。よって、動議のごとく決します。

午後１時に委員会を再開いたしますので、御参集願います。

暫時休憩いたします。

（午前11時47分　休憩）

（午後１時　再開）",2025,2025/10/09,決算特別委員会,議長/委員長
,令和7年　決算特別委員会(第10日　10月9日),礒野委員長,磯野忠,"休憩前に引き続き委員会を再開いたします。

総括質疑について、質問者の発言を願います。",2025,2025/10/09,決算特別委員会,議長/委員長
,令和7年　決算特別委員会(第10日　10月9日),礒野委員長,磯野忠,次の質問者の発言を願います。,2025,2025/10/09,決算特別委員会,議長/委員長
,令和7年　決算特別委員会(第10日　10月9日),礒野委員長,磯野忠,ただいまの動議に御異議はありませんか。,2025,2025/10/09,決算特別委員会,議長/委員長
,令和7年　決算特別委員会(第10日　10月9日),礒野委員長,磯野忠,"御異議なしと認めます。よって、動議のごとく決します。

午後２時５分に委員会を再開いたしますので、御参集願います。

暫時休憩いたします。

（午後１時47分　休憩）

（午後２時５分　再開）",2025,2025/10/09,決算特別委員会,議長/委員長
,令和7年　決算特別委員会(第10日　10月9日),礒野委員長,磯野忠,"休憩前に引き続き委員会を再開いたします。

休憩前の総括質疑で全ての質疑が終了いたしましたので、これより本特別委員会に付託を受けました議案第83号に対する各会派の態度表明をお願いいたします。

まず、自由民主党。",2025,2025/10/09,決算特別委員会,議長/委員長
,令和7年　決算特別委員会(第10日　10月9日),礒野委員長,磯野忠,次に、かがやき中央。,2025,2025/10/09,決算特別委員会,議長/委員長
,令和7年　決算特別委員会(第10日　10月9日),礒野委員長,磯野忠,次に、立憲民主党・無所属。,2025,2025/10/09,決算特別委員会,議長/委員長
,令和7年　決算特別委員会(第10日　10月9日),礒野委員長,磯野忠,次に、公明党。,2025,2025/10/09,決算特別委員会,議長/委員長
,令和7年　決算特別委員会(第10日　10月9日),礒野委員長,磯野忠,次に、区民クラブ。,2025,2025/10/09,決算特別委員会,議長/委員長
,令和7年　決算特別委員会(第10日　10月9日),礒野委員長,磯野忠,次に、日本共産党。,2025,2025/10/09,決算特別委員会,議長/委員長
,令和7年　決算特別委員会(第10日　10月9日),礒野委員長,磯野忠,次に、士魂の会。,2025,2025/10/09,決算特別委員会,議長/委員長
,令和7年　決算特別委員会(第10日　10月9日),礒野委員長,磯野忠,次に、都民ファースト。,2025,2025/10/09,決算特別委員会,議長/委員長
,令和7年　決算特別委員会(第10日　10月9日),礒野委員長,磯野忠,次に、れいわ。,2025,2025/10/09,決算特別委員会,議長/委員長
,令和7年　決算特別委員会(第10日　10月9日),礒野委員長,磯野忠,"各会派の態度表明が終わりましたので、これより採決に入ります。

副委員長は委員席へお移りください。

議案第83号、令和６年度中央区各会計歳入歳出決算の認定について、起立により採決いたします。

本案を認定することに賛成の皆さんは御起立を願います。",2025,2025/10/09,決算特別委員会,議長/委員長
,令和7年　決算特別委員会(第10日　10月9日),礒野委員長,磯野忠,"起立多数と認めます。――御着席願います。

よって、議案第83号、令和６年度中央区各会計歳入歳出決算の認定については、これを認定すべきものと決定いたしました。

副委員長は元の席へお戻りください。

さらに、ここでお諮りいたします。来る16日開会の本会議において、本特別委員会の委員長報告をいたしますが、その報告については、いかが取り計らいましょうか。",2025,2025/10/09,決算特別委員会,議長/委員長
,令和7年　決算特別委員会(第10日　10月9日),礒野委員長,磯野忠,"正副委員長一任の声がありますので、さよう取り扱わせていただきます。

なお、委員長報告案が出来上がりましたら、次の委員会で御検討をお願いすることになります。その際、各会派の態度表明部分の朗読を省略したいと存じますが、これに御異議ありませんか。",2025,2025/10/09,決算特別委員会,議長/委員長
,令和7年　決算特別委員会(第10日　10月9日),礒野委員長,磯野忠,"御異議なしと認め、態度表明部分の朗読を省略いたします。

それでは、次回の委員会開会日時については、いかがいたしましょうか。",2025,2025/10/09,決算特別委員会,議長/委員長
,令和7年　決算特別委員会(第10日　10月9日),礒野委員長,磯野忠,"御異議なしと認めます。よって、動議のごとく決します。

来る16日午前11時に委員会を開会いたしますので、御参集願います。

それでは、私より一言御挨拶を申し上げます。

（挨拶）

次に、議長より挨拶を願います。",2025,2025/10/09,決算特別委員会,議長/委員長
,令和7年　決算特別委員会(第10日　10月9日),原田議長,原田賢一,（挨拶）,2025,2025/10/09,決算特別委員会,議長/委員長
,令和7年　決算特別委員会(第10日　10月9日),礒野委員長,磯野忠,次に、区長より挨拶を願います。,2025,2025/10/09,決算特別委員会,議長/委員長
,令和7年　決算特別委員会(第10日　10月9日),礒野委員長,磯野忠,"本日はこれをもって散会いたします。

ありがとうございました。

（午後３時４分　散会）",2025,2025/10/09,決算特別委員会,議長/委員長
,令和7年　決算特別委員会(第11日　10月16日),礒野委員長,磯野忠,"ただいまより、本日の委員会を開会します。本日、吉田副区長は欠席い

たしますので、御了承願います。

これより、副委員長が委員長報告（案）を朗読いたします。",2025,2025/10/16,決算特別委員会,議長/委員長
,令和7年　決算特別委員会(第11日　10月16日),田中副委員長,田中広一,"ただいまより、決算特別委員会に付託を受けました、議案第83号、令和６年度中央区各会計歳入歳出決算の認定についてにつきまして、その審査経過並びに結果の御報告を申し上げます。

本特別委員会は、去る９月25日の本会議において委員13名をもって設置され、本案の付託を受けたものであります。

当日は、本会議散会後、議長招集による初の委員会が開会され、私が委員長に、副委員長には田中広一委員が選任され、即日就任し、ここに本委員会の構成が行われました。

次に、９月29日に委員会を開会し、議長並びに区長挨拶の後、会計管理者より、各会計全般にわたり総括説明を受けた後、一般会計歳入決算より説明を求め、質疑に入り、その後、一般会計歳出決算を原則各款ごとに質疑し、続いて、国民健康保険事業会計、介護保険事業会計及び後期高齢者医療会計の各歳入歳出決算は、一括により質疑を進めることと決し、審査を開始いたしました。

令和６年度の本区各会計歳入歳出決算のうち、一般会計における歳入決算額は、1,426億8,347万9,324円で、前年度と比較して15.1％の減、また、歳出決算額は、1,386億5,744万5,301円で、前年度と比較して14.9％の減となっており、歳入歳出差引額40億2,603万4,023円のうち、翌年度へ繰り越すべき財源14億5,240万4,000円を差し引いた実質収支額は、25億7,363万23円となっております。

国民健康保険事業会計における歳入決算額は、141億90万7,428円で、前年度と比較して3.9％の増、また、歳出決算額は138億1,279万4,613円で、前年度と比較して3.1％の増となっており、歳入歳出差引額は２億8,811万2,815円となっております。

介護保険事業会計における歳入決算額は、97億6,543万2,236円で、前年度と比較して2.6％の増、また、歳出決算額は95億222万593円で、前年度と比較して1.3％の増となっており、歳入歳出差引額は２億6,321万1,643円となっております。

後期高齢者医療会計における歳入決算額は、37億3,700万4,217円で、前年度と比較して7.9％の増、また、歳出決算額は37億409万488円で、前年度と比較して7.5％の増となっており、歳入歳出差引額は3,291万3,729円となっております。

当該年度における本区財政は、特別区民税や特別区交付金に一定の伸びが期待できるものの、ふるさと納税による税の流出拡大、景気の下振れや長引く原材料価格・物価高騰などを背景に所得環境・企業収益が悪化するリスクも懸念され、依然、予断を許さない状況の下、拡大かつ多様化する行政需要や区民ニーズに対し、可及的速やかな施策の対応が求められたところであります。

本特別委員会は、決算認定の審査に当たり、これらを踏まえ、本区の行政運営が限られた財源と権能の中で、区民の要望と意向を捉えつつ、区民の福祉向上のために、いかに適正かつ効果的に予算執行がなされたか、かかる観点から、去る９月25日の本会議での付託以来、本日まで、延べ11日間にわたり慎重に審査を行ってまいりました。

すなわち、９月29日には、まず、一般会計「歳入」より質疑を開始し、これを終了し、同日、「歳出」第１款「議会費」の質疑に入り、これを終了し、さらに同日、第２款「企画費」及び第３款「総務費」を一括して質疑に入り、９月30日にこれを終了し、同日、第４款「区民費」の質疑に入り、10月１日にこれを終了し、同日、第５款「福祉保健費」の質疑に入り、２日にこれを終了し、同日、第６款「環境土木費」の質疑に入り、３日にこれを終了し、同日、第７款「都市整備費」の質疑に入り、これを終了し、６日に第８款「教育費」の質疑に入り、これを終了し、同日、第９款「公債費」、第10款「諸支出金」、第11款「予備費」以上三款を一括して質疑に入り、７日にこれを終了し、同日、国民健康保険事業会計、介護保険事業会計及び後期高齢者医療会計の各歳入歳出を一括して質疑に入り、これを終了し、さらに同日、総括質疑に入り、９日にこれを終了し、全ての質疑を終了した次第であります。

さらに、令和６年度中央区各会計歳入歳出決算の審査が終了したことに伴い、同日、各会派の態度表明を受けたものであります。

続いて、採決状況の御報告を申し上げます。

本特別委員会は、本議案について、起立により採決いたしましたところ、起立多数をもって認定すべきものと決しました。

よって、本特別委員会の決定どおり認定していただきますようお願い申し上げまして、付託を受けました議案の審査経過並びに結果の御報告といたします。",2025,2025/10/16,決算特別委員会,議長/委員長
,令和7年　決算特別委員会(第11日　10月16日),礒野委員長,磯野忠,"ただいま朗読いたしましたとおりでございます。

なお、本会議における委員長報告の際は、既に確認がなされております決算特別委員会委員長報告及び委員会記録の取扱いについてのとおり、ただいまの朗読で省略いたしました各会派の態度表明につきましても朗読いたします。

ここでお諮りいたします。

本案をもって、当委員会の委員長報告とすることに御異議ありませんか。",2025,2025/10/16,決算特別委員会,議長/委員長
,令和7年　決算特別委員会(第11日　10月16日),礒野委員長,磯野忠,"御異議なしと認め、本案をもって本会議に報告することといたします。

これをもって、決算特別委員会を閉会いたします。

（午前11時７分　閉会）",2025,2025/10/16,決算特別委員会,議長/委員長
,令和7年　決算特別委員会(第2日　9月29日),山﨑総務部長,川畑善智,"早速調製の上、提出させていただきますが、今回新たに要求のございました資料あるいは新しい要素が含まれるものにつきましては、場合により、事前に御相談をさせていただくことがあろうかと存じます。その際は、どうぞよろしくお願いいたします。

以上でございます。",2025,2025/09/29,決算特別委員会,理事者
,令和7年　決算特別委員会(第2日　9月29日),野末財政課長,竹内幸美,"令和６年度歳入決算における全体の所感でございます。

予算の編成のテーマとして、委員から御紹介のありましたとおり、「人がつながり　まちもつながる　安全安心なまちを目指して」と題して、予算編成を行ったところでございます。予算編成時の区を取り巻く状況といたしましては、国内の経済環境は、新型コロナウイルス感染症が５類に移行し、社会経済活動の正常化に伴い、雇用・所得環境が改善する下で緩やかな回復が続くことが期待される一方で、世界的な金融引締めなどが続く中、海外景気の下振れリスクや物価上昇などによる影響に十分注意が必要な状況でございました。区財政におきましては、区民税はふるさと納税による税流出拡大など先行き不透明であり、特別交付金も物価高騰や円安などを背景に企業収益の悪化が懸念され、財政環境は予断を許さない状況の中、予算編成を行いました。

令和６年度の歳入の決算状況でございますけれども、こちらは当初予算と比較いたしますと、歳入決算は1,426億円ということで、当初予算比で91億円ほどの上振れになったところでございます。ここ数年から考えますと、やはり晴海地区の施設の整備が竣工を迎えたということで、歳入歳出につきましては大きく減となったところでございます。その意味では、令和６年度決算というのは比較的落ち着いた決算年度になったというふうに理解してございます。

その上で、当初予算との比較ですけれども、令和６年度を振り返りますと、今回、決算と当初予算ですが、特別区税が特別区たばこ税とか定額減税などの影響により１億7,000万円ほど微減となったんですけれども、こちらは定額減税の影響がございまして、その減収補塡の地方特例金を合わせますと、当初予算比で約６億2,000万円の上振れになりました。そのほかに、特別区交付金が、その原資である市町村民税法人分などの調整税の増などになりまして、当初見込みよりも約37億円ほど、20％の上振れとなりました。また、財産収入が、八重洲二丁目南地区の市街地再開発事業に係る土地貸付収入の増によりまして、当初見込みよりも28億円ほどの上振れということで、また、その他にも諸収入などの増もありました。一方、減要因といたしましては、当初見込みより上振れで収支改善が行われたということに伴いまして、基金の取崩しを差し控えることができたということで、繰入金が当初予算に比べて74億円ほどの減となったところでございます。このように考えますと、令和６年度につきましては、人口増加を背景とした納税義務者数の増加に加え、景気の緩やかな回復もあって、区の財政を支える主要な財源が堅調に推移したことにより、当初見込みを上回る歳入決算になったという所感でございます。

以上でございます。",2025,2025/09/29,決算特別委員会,理事者
,令和7年　決算特別委員会(第2日　9月29日),上村税務課長,竹内幸美,"まず、定額減税がありましたが、決算で昨年度を上回る特別区民税の増収があったことについての分析をお答えいたします。

主な増要因といたしましては、先ほど委員がおっしゃっていただいたとおり、納税義務者数が2,580人増加したことや、１人当たりの負担額が増額となったことと考えております。決算書上では特別区民税の収入済額352億円余となっておりまして、昨年度比は８億8,000万円余の増となっているんですけれども、定額減税の影響額の実績額が約８億円であったため、約360億円の収入があったと考えられまして、減収分は地方特例交付金で補塡されるので、実際は令和５年度と比べまして16億8,000万円超の増収となっているということが言えると思っております。

また、増収の伸びの理由ですけれども、納税義務者数の増加と賃上げの効果による所得の増、また分離譲渡所得の増を分析として上げております。先ほど委員におっしゃっていただいたとおり、高所得層が増加しているということもあります。また、所得区分の比較では、給与所得の方の所得が２％増、営業の所得の方も９％増えておりまして、サラリーマンの方、個人事業主の方、双方とも所得が上がっていることが分かります。また、分離譲渡所得については、令和５年度と比較して増加していることも特徴でありまして、分離長期譲渡所得の増が一番突出して多くなっております。分離長期譲渡所得は、一般的には持家の売却、持っている不動産の売却の益でございますけれども、転入者が転入前に自宅を売却した所得などが大きいのではないかと考えられます。あわせまして、株価の上昇に伴いまして、株式等譲渡所得も増加しておりまして、投資をしている区民が多いことがうかがえます。令和６年から令和７年中もこの状況が続いておりまして、今後も区民税増収の要因となると期待しております。

続きまして、収入未済の減少の傾向ですけれども、人口が増えますと、おっしゃるとおり滞納者の数と滞納金額も増加しているんですが、こちらはキャッシュレスの納税の導入や滞納整理のノウハウの向上というところで、そこを補うように収入率が下がらないように工夫をしてやっております。令和６年度の徴収方針の変更といたしましては、滞納額が多い方から取りかかっていくというような滞納金額別の着手順序の変更や、ベテランの職員をコーディネーターとして任命いたしまして、初心者といいますか、経験の少ない職員のフォローを念入りに行うことなどを行うことで、収納率を下げない試みをしておるところでございます。

以上です。",2025,2025/09/29,決算特別委員会,理事者
,令和7年　決算特別委員会(第2日　9月29日),野末財政課長,竹内幸美,"財調制度の課題といったところでございます。

先ほど委員から御紹介ございましたとおり、都心４区、千代田、中央、港、新宿から上げられる調整税の一つである固定資産税が43.1％、それに対する還元率が都心４区で6.1％という水準にとどまっているという状況でございます。こちらは今回だけではなく、これまでもずっと課題感を思いながら、対応というか、考えというか、都心区でなるべく区側提案といったものにつなげていけるように様々努力はしてきているんですけれども、財調制度というものが基準財政需要額に対して算定されるというところで、やはり歳入に対してどういった需要があるのかというところが一つのポイントとなってしまいます。そういったところもございますけれども、やはり都心区の中で上げられている税を少しでも還元していく、歳入を増やしていくという努力は、引き続き行っていく必要があるのかなというふうには考えております。

その上で、これまでの取組といたしましては、やはり都心区ならではの需要をいかに算定していくのか、そういう視点でこれまでも取り組んできております。一例を挙げますと、令和６年度でいきますと、再調整で商工業融資の緊急融資分、こちらは測定単位が事業所数となりますので、比較的都心区に強い、手厚い測定単位となっております。そういったものを第１ブロックで提案させていただきながら、それが算定に結びついたというところがございます。また、もう一つが、令和７年度になってしまうんですけれども、路上喫煙の対策につきまして、今回、昼間人口補正を第１ブロックのほうから提案させていただきまして、これは令和７年になりますが、算定に反映されたといった状況もございます。

そういったことで一つ一つ積み上げていきながら、少しでも還元率を増やしていく、地道な取組ですけれども、そういった形で今後も取り組んでいきたいということを考えております。あわせて、普通交付金では算定されない特別交付金を、こちらも積極的に粘り強く、都心中央区ならではの需要についても訴えかけて、算定のほうに結びつけるように努力していきたいと考えております。

以上でございます。",2025,2025/09/29,決算特別委員会,理事者
,令和7年　決算特別委員会(第2日　9月29日),野末財政課長,竹内幸美,"特別交付金の算定というところでございます。

特別交付金は、御案内のとおり普通交付金では算定されていない需要、言わば、その区の特有な需要に基づいて申請を行う。それは東京都の一件算定という形になりますので、毎年毎年算定内容も異なっているというのが実情でございます。また、普通交付金では算定されていない中には、突発的な災害対応とか、普通交付金では算定し切れないもの、それは算定技術上のことも含みますけれども、そういったもの、また、その他特別な事情と、本当にその区特有の事情といったものが算定されるというところでございます。

令和７年度につきましては、今、申請の最中ですので、具体的な事業名については差し控えさせていただきますけれども、例えば令和６年度でありますと、施設整備とか公共施設の整備で普通交付金の単価では足りないといったところも、改修経費なども含めて算定されていたりとか、今回、令和６年度は防災対策、６月補正で手厚く充実いたしましたので、そういったものも申請を行っているところでございます。当然、その中には本区特有の高層マンションの備蓄を充実させるといった特有な需要といったことも、申請のほうはさせていただいています。基本的には、普通交付金で算定されるのがベースにはなりますけれども、そこでは補い切れない部分については、中央区の特有な事由にはなりますが、そういったものは漏れなく申請のほうはしていきたい、そのような方針で考えてございます。

以上でございます。",2025,2025/09/29,決算特別委員会,理事者
,令和7年　決算特別委員会(第2日　9月29日),野末財政課長,竹内幸美,"ふるさと納税による減収に対する財政への影響でございます。

委員御案内のとおり、令和７年度は46億円流出してございます。この減収額につきましては、学校給食費や保育所等の副食費の無償化に係る経費の約６年分、また、高校生までの子に関わる医療費助成の約４年分に相当します。さらに、制度発足時からの累計流出額につきましては、約241億円が区外に流出しております。こちらの金額につきましては、令和６年度末の施設整備基金の残高が約240億円になりますので、それに匹敵する規模でございます。流出額が年々増加しているということを考えますと、やはり財政運営に与える影響も年々拡大しているという状況でございます。

以上でございます。",2025,2025/09/29,決算特別委員会,理事者
,令和7年　決算特別委員会(第2日　9月29日),小林総務課長,竹内幸美,"ふるさと納税の制度を活用した我々の応援寄附でございます。

団体応援寄附をはじめ、中央区に思いを寄せて、中央区ならではの返礼品をこちらで用意をいたしまして、中央区をより一層好きになってもらう、楽しんでもらうというようなところを主眼に置いて、そうしたものの拡充を図っているところでございます。実際、デジタルの活用ですとか、様々な事例が他自治体でも行われているということは我々も承知をしてございまして、デジタル技術の活用、他自治体での導入事例も参考にしながら、今申し上げたような制度本来の趣旨にのっとった形で中央区の魅力を発信するというようなところで活用が可能であれば、こちらもしっかりと検討していきたいというふうに考えてございます。

以上でございます。",2025,2025/09/29,決算特別委員会,理事者
,令和7年　決算特別委員会(第2日　9月29日),野末財政課長,小坂和輝,"財政運営をするに当たっての視点というところでございます。

委員から御紹介のありました、まず経常収支比率でございますけれども、前年度が60.4％だったのが73.3％といった形で、前年度よりも上昇してございます。こちらの中身に着目いたしますと、まず、こちらの分母の経常の一般財源の総額が、都区財調が大きく減となったことに伴いまして、分母が減になったということ、分子の経常的に充当している一般財源が、物価高騰とか各種事業を行った結果、扶助費、物件費で14％ほど上昇となったというところで、分母が下がって分子が上昇したということに伴いまして、経常収支比率については前年度よりも上がったという状況でございます。ただ、経常収支比率につきましては、一般的には70％から80％が適正な水準というふうに言われてございまして、人口増に伴いまして、本区の行政需要は伸びてはおりますけれども、その中にあっても、標準的な水準の中に収まったというふうに受け止めているところでございます。

あと、１人当たりの資産が低下しているということもありますけれども、本区の場合、人口の著しい伸びがございますので、その上昇によって100万円ほど減になったというふうに捉えてございます。

あと、１人当たりのコストが66万円から69万円に上昇したというところもございますけれども、令和６年度は能登半島地震の教訓を踏まえまして、防災対策といったところも強化したと。人口が伸びますと、当然、扶助費とか、これまで借金とかもしておりますので、公債費も上昇したということで、１人当たりコストも上がったと捉えております。ただ、この金額が上がったから良し悪しというわけではなくて、人口増がある中でも行政コスト、行政サービスにしっかり財源を充てたというふうに捉えているところでございます。

今後、どういった指標に着目してというところでございますけれども、御案内のとおり、財政指標は数々ございます。健全化４指標とか、また、先ほどありました経常収支比率、公債費比率、そういった数値をいろいろ見ながら、毎年度毎年度こういった決算のタイミングで、健康診断ではないですけれども、ちゃんとそこら辺のチェックをしながら、引き続き健全な財政運営に生かしていきたい、そのように考えてございます。

以上でございます。",2025,2025/09/29,決算特別委員会,理事者
,令和7年　決算特別委員会(第2日　9月29日),遠藤経理課長,小坂和輝,"まず、八重洲二丁目南地区の貸付けでございます。

こちらは、今回、権利金ということで27億6,000万円ほど入ってございます。この金額につきましては、従来からお話をさせていただいているように、不動産鑑定という形で出してございます。特に２社、信託銀行のほうに依頼をしまして、周辺の地価等を踏まえた金額として出てきた金額を参考としながら貸付けをしているものでございます。

以上でございます。",2025,2025/09/29,決算特別委員会,理事者
,令和7年　決算特別委員会(第2日　9月29日),菊池地域整備課長,小坂和輝,"私からは、ＨＡＲＵＭＩＦＬＡＧのスカイデュオの約1,400戸の開発協力金について答弁させていただきます。

令和７年度予算で14億3,700万円を計上させていただいておりまして、今、この手続を行っているところになります。

以上です。",2025,2025/09/29,決算特別委員会,理事者
,令和7年　決算特別委員会(第2日　9月29日),遠藤経理課長,小坂和輝,"先ほどの鑑定評価ということでございます。

２社の信託銀行ということで、今、金額では約30億円になるかと思います。すみません。今、細かい数字を持ち合わせてございませんけれども、基本的には平均というところで取っているところでございます。

以上でございます。",2025,2025/09/29,決算特別委員会,理事者
,令和7年　決算特別委員会(第2日　9月29日),菊池地域整備課長,小坂和輝,"住宅系の大規模開発での協力金についてです。

今回、ＨＡＲＵＭＩ　ＦＬＡＧのスカイデュオは、結果的には１戸当たり約100万円ということで、指導要綱の、大規模ではない住宅系の１戸当たり100万円という数字に近くなっているということで、その辺の考えのベースみたいなものはあるかもしれないですけれども、要綱上は、あくまで大規模の開発の場合は、そういったところではなくて、計画全体で地域貢献ですとか、そういった施設がどれぐらいあるのかというのを総合的に見まして、先方、事業者側と協議の上で金額を決めるというふうになっております。それで、それぞれという形で協定を結んで金額を御負担いただいている形になります。

以上です。",2025,2025/09/29,決算特別委員会,理事者
,令和7年　決算特別委員会(第2日　9月29日),遠藤経理課長,小坂和輝,"先ほどお話ししました２社、信託銀行の平均的なところということでございます。

かなり分析された金額を出すまでのデータ等もいただいておりますので、そうしたところも勘案しながらということになりますけれども、基本的なところとしては平均的なところで、これは出し方がやはり多少違っているというところがございますので、その辺を勘案しながらということでございます。様々な要素を勘案しながら判断をするわけでございますけれども、基本的には平均的なところを取っているというのが現状でございます。",2025,2025/09/29,決算特別委員会,理事者
,令和7年　決算特別委員会(第2日　9月29日),菊池地域整備課長,小坂和輝,"開発協力金についてです。

大規模開発でない住宅の場合ですと、戸数10戸以上の場合、９戸差し引いて、それに100万円を掛けるということで、これは要綱に定められている基準になります。大規模開発については、繰り返しになるんですけれども、当然、規模も一戸一戸違いますし、事務所系なのか店舗系なのか、あと様々な地域貢献施設みたいなものがどれぐらい入っているかとか、そういったものを総合的に勘案して、事業全体の総事業費などもある中で、住宅系であれば要綱の100万円というのは一つのよりどころにはなるんですけれども、要綱上もそうなんですが、金額に関しては一件一件協議ということで、それぞれ、例えば数があれば、それだけの数のそれぞれの金額になりますので、特段細かいルールとか、平米幾らとかいうものがあるものではないという形でございます。

以上です。",2025,2025/09/29,決算特別委員会,理事者
,令和7年　決算特別委員会(第2日　9月29日),野末財政課長,永井佳代,"本区にとっての特別区交付金の位置づけでございます。

本区の直近３年間の推移を見ますと、歳入全体の15％から18％強の歳入割合を示しております。また、特別区民税に次ぐ一般財源の規模となっているところでございます。また、財調交付金の原資である調整三税などについては、その税は、本来、市町村税であり、特別区固有の財源でもありますので、本区にとっても主要な財源の一つという位置づけと認識しているところでございます。

以上です。",2025,2025/09/29,決算特別委員会,理事者
,令和7年　決算特別委員会(第2日　9月29日),野末財政課長,永井佳代,"特別区交付金の決算額の増減理由でございます。

委員御案内のとおり、前年度比98億7,000万円、率にして31.3％の減となったところでございます。その内訳でございますけれども、まず普通交付金が199億4,000万円で、こちらが前年度比96億4,000万円、率にして32.6％の減となりました。その要因といたしましては、基準財政需要額が、都市計画交付金に関わる地方債収入相当額の前倒し算定の皆減などによる経常的経費の減のほか、晴海西小・中学校の整備完了に伴う投資的経費の減などにより、前年度比80億5,000万円、率にして11.7％となりました。その一方で、基準財政収入額は、特別区民税、特別区たばこ税、地方特例交付金など、前年度比15億8,000万円、率にして４％の増となったことによるものでございます。

なお、特別交付金については、晴海特別出張所複合施設の整備の皆減となったこと、これらを合わせた特別区交付金全体といたしましては、前年度比98億円ほどの減となったところでございます。

以上です。",2025,2025/09/29,決算特別委員会,理事者
,令和7年　決算特別委員会(第2日　9月29日),野末財政課長,永井佳代,"本区の人口の急増などの特性が算定に反映されているかについてでございます。

財調算定につきましては、基本的には、測定単位と単位費用、各種補正などを掛け合わせながら算定を行っており、測定単位に人口なども含まれていることから、本区の急増する人口の影響は一定程度反映されているものと考えているところでございます。また、昼間人口につきましても補正がありまして、例えば災害対策費や図書館管理運営費、その他行政費などに反映をされてございます。

算定方法につきましては、一定のルールの中で画一的に算定されておりまして、一定程度公平性は担保されておりますが、さきの答弁もさせていただきましたけれども、こちらが区民への還元、固定資産税に比べて財調交付金の還元が少ないということや、また、そのほかにも自主財源率が25％を下回っている区がありまして、本区は22.8％と、下から５番目ぐらいに低い自主財源率になっているというところで、こうした２点が大きな課題であると認識しているところでございます。

以上です。",2025,2025/09/29,決算特別委員会,理事者
,令和7年　決算特別委員会(第2日　9月29日),野末財政課長,永井佳代,"見直しに向けた働きかけでございます。

まず、自主財源率の課題につきましては、特別区長会での議論の中で、23区の自主財源率をおおむね20％から30％に収めるということで整理されておりまして、なかなかそれ以上の議論や区側提案までには至っていないという状況でございます。引き続き、自主財源率の格差が少しでも縮小できるように、見直し案なども提案しながら、粘り強く訴えかけていきたいというふうに考えてございます。

そのほか、各種行政需要についても、意を同じくする千代田、港、新宿などの第１ブロックの各区とも調整を図りながら、都心区ならではの需要についても算定されるよう、引き続き努めてまいります。

以上です。",2025,2025/09/29,決算特別委員会,理事者
,令和7年　決算特別委員会(第2日　9月29日),野末財政課長,永井佳代,"まず、１点目が今後の見通しでございます。

財調交付金の財源である調整税につきましては、景気の変動を受けやすい税を原資としているため、先行きを見通すことはなかなか難しいですけれども、各年度の財政需要であったり、新規・充実項目の内容、景気の状況によって年度間の増減はあるとは思いますけれども、本区は令和９年度内に20万都市が見込まれており、しばらくは人口の増加が続くことで、本区の財政需要も増加することが想定されますので、今後一定程度堅調に推移するのではないかと考えているところでございます。

また、財調交付金の変動が区民サービスに直結しない安定策というところでございますけれども、財調交付金の変動があった場合、年度によって増減の幅がかなりございますので、今回のように過去の前倒し算定が行われたことに伴う反動減や、景気の後退による調整税の落ち込みなどによる減収に対しては、区民サービスに影響が生じないように、効率的な執行によって歳出の純増を抑えたり、また、これまで積み立ててきた基金も活用しながら、必要な財源については確保してまいりたいというふうに考えてございます。

以上です。",2025,2025/09/29,決算特別委員会,理事者
,令和7年　決算特別委員会(第2日　9月29日),野末財政課長,永井佳代,"区民への説明についてでございます。

毎年の財政白書の中で、特別区財政調整交付金について紙面を割いておりまして、制度の仕組みや主な増減内容、あと過去５年間の算定状況などを盛り込んでおります。また、そのほか、財調制度で変更があった場合には、トピックス的な内容についても触れてございます。さらに、先ほどの答弁でも御紹介させていただきました都心４区への財調交付金の還元率や自主財源率の状況などの課題にも触れさせていただいております。

引き続き、こうした取組を通じて、区民の方にも財調交付金の制度や課題について興味を持っていただけるように、引き続き努めてまいります。

以上です。",2025,2025/09/29,決算特別委員会,理事者
,令和7年　決算特別委員会(第2日　9月29日),上村税務課長,田中広一,"私からは、収入未済が増えてしまったことの分析についてお答えいたします。

収入未済額は、委員御指摘のとおり令和５年と比べて令和６年度が増額となってしまっておりまして、収入率も98％から97.8％と0.2％下がってしまっております。要因に関しましては、納税義務者の増などにより、令和５年度と比較しまして滞納人数、滞納金額が増えたこと、また、整理事務を行う職員が育児休業や人事異動などで欠員したことや、定額減税補足給付金事務、こちらは初めて税務課で給付金事務に取り組んだんですけれども、そちらと、システムの標準化対応に人手を取られたことが挙げられます。

転入などにより納税者が増えれば滞納金額は上がりますし、中身を分析しましたところ、滞納金額分が50万円未満の方の人数では全体の約90％と大半を占めますが、滞納金額では約40％となっております。ただし、高額な滞納者の方、100万円以上の方の人数は20％強であるにもかかわらず、金額は全体の約50％となっています。このような傾向を受けまして、先ほども答弁いたしましたけれども、高額な案件を優先に実施する高額滞納案件に集中してノウハウのある職員が対応するなど、滞納整理を行っていくこととしております。

以上でございます。",2025,2025/09/29,決算特別委員会,理事者
,令和7年　決算特別委員会(第2日　9月29日),平川地域振興課長,田中広一,"私からは、晴海地域交流センター、はるみらいの使用料についてでございます。

委員からもお話がありましたとおり、令和５年度から令和６年度大幅に伸びましたのは、令和５年度が３か月の短い期間での開館だったところが、令和６年度、通年の開館になったことによりまして、大幅に使用料自体が伸びております。また、その中で予算現額と比べましても、実際の収入済額が予算比で117％の伸びを示してございます。

この当初予算の額を上振れした原因でございますけれども、開館当時から、例えば音楽スタジオでございますとか、多目的スタジオは少し目玉となるようなはるみらいの特徴的な部分でございましたので、当初より使用率、稼働率が高かったところでございますが、音楽スタジオ、多目的スタジオにつきましては、令和６年度も堅調に伸びたところでございます。また、それに加えまして、例えば５室ございます集会室が、令和５年度につきましては使用率11％だったところが、令和６年度19.9％、20％まで伸びております。こういったところが増額になった要因というふうに捉えてございます。また、集会室の利用につきましては、例えば地域活動、サークル活動ですとか、地域の活動で使っていただくお部屋でございますので、そういったところが伸びてきたことは、晴海交流センターの本来の地域活動の拠点としての位置づけというところの力の部分が発揮されているというふうに認識してございます。

私からは以上でございます。",2025,2025/09/29,決算特別委員会,理事者
,令和7年　決算特別委員会(第2日　9月29日),石川スポーツ課長,田中広一,"私からは、晴海西小学校の温水プールのお話でございます。

昨年の７月から、スポーツ開放ということで、校庭、体育館と併せて、温水プールも開放させていただいております。使用の状況ですけれども、同じ晴海にあります月島第三小学校、例えば個人利用で申しますと、昨年の実績が8,325名でございましたが、晴海西小学校の温水プールにつきましては、昨年の７月から開始したにもかかわらず、１万2,551名の方に御利用いただいているということで、皆さん、非常に良好にお使いいただいているのかなと思います。今後とも、皆様にぜひ御利用いただければと考えております。そのような状況でございます。

私からは以上でございます。",2025,2025/09/29,決算特別委員会,理事者
,令和7年　決算特別委員会(第2日　9月29日),上村税務課長,田中広一,"収納率の向上に関して、八王子市の取組と絡めて中央区の現状をお伝えいたします。

八王子市の市税収納率の99.9％の計算は、市民税を含む固定資産税、たばこ税など全ての税の合計であり、滞納繰越分を含まない現年度課税の収納率であることが分かりました。中央区では、決算書で特別区税の現年度課税分を抽出した収納率を計上していないため、改めて計算しましたところ、こちらは98.9％でございました。とはいえ、99.9％という収納率は、課税をする身としては身が引き締まるような数字でございます。

八王子市で行われている金融機関の照会に関しましては、令和４年度から中央区でも文書と併せて電子での照会を導入しております。また、調査照会の回答システム入力ですけれども、こちらもＲＰＡで行うことで、職員がより多くの件数に取り組めるように工夫をして、令和６年度は267時間の削減という成果が出ているところでございます。また、ちょうど昨日ですけれども、休日の納税相談を行いまして、幅広い方の納税の相談にお応えできるように努めているところでございます。今後も、ＤＸや業務改善の好事例を他自治体からも積極的に取り入れまして、適正な課税や収納率の向上に努めてまいりたいと思っております。

以上です。",2025,2025/09/29,決算特別委員会,理事者
,令和7年　決算特別委員会(第2日　9月29日),野末財政課長,山本理恵,"今回の歳入決算の当初予算との比較でございます。

歳入決算額につきましては、委員御案内のとおり、1,426億8,300万円余となりました。こちらを当初予算比で比較いたしますと、91億6,100万円、率にして6.9％の増となったところでございます。こちらの歳入規模につきましては、過去３番目の規模となったところでございます。

以上でございます。",2025,2025/09/29,決算特別委員会,理事者
,令和7年　決算特別委員会(第2日　9月29日),上村税務課長,山本理恵,"特別区民税の当初予算からの上振れについてお答えします。

当初予算に対して、収入済額は4,742万1,000円の減となっておりまして、補正後の予算現額に対しましては、4,257万9,000円の増となっております。昨年度、令和６年度は定額減税が、予算編成後、急遽決定したことがありまして、当初予算352億円余を５月補正で７億9,000万円減額しておりますが、その後、収入見込みから２月補正予算で７億円増額しております。

あと、区民１人当たりの納税額の増加ですけれども、負担額が令和５年度約30万8,000円だったところ、令和６年度は約30万9,000円に増額となっております。

以上です。",2025,2025/09/29,決算特別委員会,理事者
,令和7年　決算特別委員会(第2日　9月29日),上村税務課長,山本理恵,"少々分かりにくい答弁で申し訳ございませんでした。

当初予算額は352億7,500万円余だったところ、収入済額としては352億2,760万円余ということで、当初予算と比べると減収となっているんですけれども、補正予算で７億9,000万円減額したので、予算現額から見ると増収になっております。そして、先ほど申し上げましたように、定額減税の特別区民税への影響額８億円だったことを考えますと、見た目は当初予算額を収入額が上回っているように見えますが、実際は大幅な増であるというところでございます。

また、差押えの件数でございます。差押えの件数については、令和５年が1,221件で、令和６年が963件となっております。

ふるさと納税と区民税の流出のバランスですけれども、ふるさと納税の減収額は、所得割額の20％が上限になっておりますので、そちらを上回る流出額は絶対ないというところでございまして、先ほども申し上げた高額な所得層が増えたことによる増収というところは非常に上回っておりますし、まだふるさと納税の上限額に達しておりませんので、まだまだ余地はあるというところでございます。",2025,2025/09/29,決算特別委員会,理事者
,令和7年　決算特別委員会(第2日　9月29日),野末財政課長,山本理恵,"私のほうからは、人口増に伴う特別区民税をはじめとする歳入増と行政需要とのバランスについてお答えさせていただきます。

大きく見ますと、一つの指標として、経常収支比率といった指標がございます。こちらの指標を見ますと、大体60％から75％の間を推移しているところでございます。こちらの分母の経常的に歳入する一般財源と、分子の、ある意味、経常的な経費に充当する経費のバランスを見ている指標ですけれども、こちらの指標を見ますと、令和６年度は前年度に比べて上昇はしたんですが、おおむね標準的というか、適正な規模には入っている状況でございます。その中身を見ますと、人口増に伴いまして、扶助費をはじめとした義務的経費といったものが分子の部分ですけれども、当然、上昇はしている。ただ、年度によって多少増減はございますけれども、それに応じて、一定程度、経常的な一般財源といったものも増加しているというところで、こちらの73％の水準から見ましても、人口増に伴う経費にあてがう財源確保は一定程度できているのではないかというふうに考えているところでございます。

以上です。",2025,2025/09/29,決算特別委員会,理事者
,令和7年　決算特別委員会(第2日　9月29日),山﨑総務部長,山本理恵,"先ほどのふるさと納税による減収額と増収のところの問題でございますけれども、ふるさと納税での流出額を上回る増収があるということで、これに関しては、中央区には特殊な事情、人口増と高額所得層の流入ということもございまして、そういった減収分のところが見えづらくなっている。

先ほど他の委員からも御質問がございましたけれども、１人当たりで考えれば、やはりかなり高い割合でふるさと納税を利用されている方がいらっしゃる。これ自体が問題だということではなくて、そういったことが起きている影響額というのは、今、人口増に伴う増収によって見えなくなっていることから、中央区として、ふるさと納税をしても特段大きな問題はないように理解されているというような状況があるのではないかというふうに見ているところもございます。ですので、その辺のところについては、やはり区民の方に影響があるんだということを引き続ききちんと訴え続けていく必要がありますし、御理解を求めていただく必要があるというふうに考えているところでございます。

以上でございます。",2025,2025/09/29,決算特別委員会,理事者
,令和7年　決算特別委員会(第2日　9月29日),野末財政課長,川畑善智,"ふるさと納税に関する問題でございます。

委員御案内のとおり、ふるさと納税制度については、返礼品を目的とした寄附が増えている現行、やはり制度創設時の理念から大きくかけ離れているものと感じております。地方税の受益と負担という地方税の本旨に反するものだというふうに考えてございます。こうした状況を、昨年の12月に、納税者でもある区民の方にも、今の状況といったものも広報を通じて周知を図ったところでございます。こちらは、中央区１区だけでやるよりも、課題を共有している23区、ひいては東京都も含めて訴えかけたほうがより効果的だというふうに感じておりますので、廃止も含めた抜本的な見直しについては、引き続き区長会ないし東京都も含めて、国のほうに強く要望していきたいと思っております。

以上でございます。",2025,2025/09/29,決算特別委員会,理事者
,令和7年　決算特別委員会(第2日　9月29日),小林総務課長,川畑善智,"中央区民の皆様が、制度本来の趣旨に基づいて、ふるさと納税を、育った地元のほうにやっていただくのを否定するものではございませんけれども、先ほど財政課長が申し上げたように、理解していただくような様々な発信はしているところでございます。

ただ、区長のほうでも第三回定例会の一般質問の答弁をさせていただきましたけれども、そうした影響の深刻さを十分にお伝えできているような状況には、いまだ至っていないものと我々としても受け止めてございます。今後は、中央区民のふるさと納税をしている利用者の年代別ですとか、所得層ごとの利用率ですとか、寄附額ですとかも現に分析してございます。そうしたものをより具体的なデータに取りまとめまして、図表ですとかデータなどを活用して、そうした税の流出が区に及ぼす影響ですとか、税の公平性の問題点などをより分かりやすく示すことで区民の皆さんの御理解を広く得られるように、今後、積極的に取り組んでまいりたいというふうに考えてございます。

以上でございます。",2025,2025/09/29,決算特別委員会,理事者
,令和7年　決算特別委員会(第2日　9月29日),野末財政課長,田中耕太郎,"令和６年度決算における全体の所感でございますけれども、やはり当初予算を編成するに当たっての周辺状況でございます。

まず、令和６年に晴海地区に新たなまちの形成など、行政需要は今後も増大、多様化することが見込まれる。また、加えて物価高騰対策や、いつ起こるかもしれない災害への備えなど、課題に地域一丸となって取り組むことが不可欠である。さらに、築地市場跡地開発や首都高速の日本橋区間地下化などの将来を支える基盤となるプロジェクトが進展しているなど、喫緊の対応はもとより、誰もが生き生きと暮らし、働き、集うことのできる未来の実現に向け、各種施策を進める取組に重点を置き、予算編成を行ったところでございます。

こちらの令和６年度の決算年度にありまして、それを振り返りますと、晴海地区における晴海西小・中学校や晴海特別出張所複合施設などの公共施設の整備が竣工を迎え、複数年度にわたった整備も一区切りとなりまして、それに伴い、歳入歳出ともに大幅な減となって、令和６年度は一旦落ち着いた決算年度となったところでございます。令和６年１月からＨＡＲＵＭＩ　ＦＬＡＧの入居が開始されまして、令和６年度に新たにまちが動き出すことに伴い、地域コミュニティの醸成として、晴海まつりの新規開催や、令和６年１月１日、能登半島地震が発生し、改めて防災の重要性を認識し、地域防災力のさらなる強化、さらに区民のみならず、東京都、国の将来を担う築地市場跡地開発をはじめとした都市基盤整備の具体化に向けた取組、そのほかにも、喫緊の物価高騰に対する対策、喫緊の課題にも対応して、区民生活を守る取組が求められているなど、これらの課題に対応するべく、災害に強く安全・安心なまちづくり、また、地域コミュニティの活性化、子育て環境の整備など５つの重点分野をはじめ、基本計画2023に掲げる各種施策の推進に向け、当初予算あるいは計６回の補正予算を編成しまして、各種事業の展開を図ったところでございます。

以上でございます。",2025,2025/09/29,決算特別委員会,理事者
,令和7年　決算特別委員会(第2日　9月29日),野末財政課長,田中耕太郎,"物価高騰に対する区政運営でございます。

委員御案内のとおり、長引く物価高騰に伴いまして、物件費を中心に、増となってございます。こちらについては、令和６年度だけでなく、今年度予算においても、内容としては、やはり一般需用費や、特に本区の場合、どこもそうですけれども、委託料といった経費が上がっている。それに伴いまして、行政コストも上昇しているところでございます。そういった物価高騰に対する対応につきましては、区民に対してはもちろんですけれども、本区の行政運営が滞りなく進められるように、必要な財源については手当てをしているところでございます。引き続き、物件費だけではなく、投資的経費、原材料価格の高騰などで建設コストも上がっておりますので、建設コストについても財源の手当てをしていきながら、区民サービスに遅滞なく支障が出ないように、しっかり対応をしていきたいと考えてございます。

以上でございます。",2025,2025/09/29,決算特別委員会,理事者
,令和7年　決算特別委員会(第2日　9月29日),岩田職員課長,田中耕太郎,"職員の処遇の面の対応ということで、物価高を受けての処遇改善というところでございます。

特別区の職員の給与体系というのは、特別区全体で統一で決められているところがございまして、特別区の人事委員会のほうから人事委員会勧告を毎年受けて、そうした中で給与の見直し等が図られていくというところでございます。先日、国のほうの人事院が勧告を先にいたしまして、そこの中身を見ますと、物価高、そして人材不足を受けて、公務員の処遇改善というものをしっかり図っていくべきだという意見が出てきているというところも受けて、国の状況でいけば、そういったところで職員の給与が上がるというような形で勧告が出たところでございます。そうしたところを受けて、特別区の人事委員会のほうも、そうした国の動向ですとか、そうしたところを受けて、来月あたりに特別区のほうも人事委員会として勧告を出す予定となってございます。そこから、特別区の職員の給与の状況については、人事委員会のほうと、区長会を含めて検討がなされていくというような状況でございます。

今、委員のほうでおっしゃっていただいた千代田区での特別手当というところは、中央区では対応しておりませんが、特別区の人事委員会の人事制度全般の中で職員の処遇は改善を図っていくというような形で考えてございます。

以上でございます。",2025,2025/09/29,決算特別委員会,理事者
,令和7年　決算特別委員会(第2日　9月29日),小森広報課長,田中耕太郎,"まず、区のおしらせに関する現状と今後の展望でございます。

お話がございましたように、昨年10月から区のおしらせをリニューアルいたしました。これまで基本的な行政情報をお伝えするというところが主眼だったんですが、リニューアルにおいて、特集記事、重点記事というような区分を設けまして、例えば最近取り扱ったのが、防災拠点というものにフォーカスして、地域の方の声を拾いながら、防災拠点における活動を紹介していくという中身であったり、情報を発信するというより、もう一歩踏み込んで、地域においてどういう活動が展開されていて、そこに関わる人がどのような思いで取り組まれているかというところまで踏み込んだ情報発信をやっていこうということでリニューアルを行っております。

配送につきましても、基本的に、町会配布をそれまで行っておりましたけれども、必要な人にしっかり届くというところで、新たに新聞折り込みと個別配送を取り入れました。個別配送につきましては、御希望がございましたら、必ずお配りさせていただくということを行っております。そういう意味で、まずは御希望があれば、こちらからしっかりお届けいたしますので、個別配送を行っているという情報が皆さんに届くようにお伝えしていくことが重要だと思っています。今の個別配送の状況を言いますと、やはり毎号何件か、まだ届いていない、何回か届かないというようなお声もいただいております。その辺は、個別配送になったり、集合住宅における配送の受入れ、配れる集合住宅、その辺が個々変わってきていますので、事業者ともその辺は都度都度、お声をいただくたびに細かく調整して取り組んでいるところでございます。

続きまして、いろいろな媒体がある中での今後の媒体の優先順位ということでございます。

まさに、お話がございましたように、情報発信、情報収集の、これだけいろいろな情報が日々行き交う中で、情報を取る人においても情報の収集手法が多様化しているという中にございます。広報課においては、昨年、シティプロモーションの方向性の中で、職員の広報力向上を１つ、方向性として示したところですが、その考え方の中で、より皆さんに伝わる情報発信はどういうものなのかというところにフォーカスした整理を行っています。令和６年に、その考え方をまとめた情報発信の在り方を取りまとめたところです。その中に、まさにお話がございましたように、対象に対してどういう媒体で、どういうタイミングで情報を届けるのかというところを、広報とかマーケティングに実務経験のある専門人材のアドバイスを受けながら作成したところでございます。我々は、広報紙というところを基本的にやってきたというのは確かにございます。ただ、そういうアナログということをしっかり生かしつつも、デジタルの活用が進む中で、どういう発信の在り方、対象に合わせた伝わる広報の在り方をどういうふうに考えていくかというのをまとめたものに基づきまして、しっかりと進めてまいりたい、そのように考えております。

以上です。",2025,2025/09/29,決算特別委員会,理事者
,令和7年　決算特別委員会(第2日　9月29日),小森広報課長,田中耕太郎,"広報紙の部数についてでございます。

確かに、町会・自治会を通じて配布していたということがございます。それが個別配送に切り替わった関係で、発行部数としては、従前は１号当たり８万部弱を印刷していたのが、現在は５万2,000部ぐらいになっております。ただ、重ねて申し上げますけれども、紙媒体で発行するのに併せて、ホームページへの誘導、そして今、カタログポケット、アプリとか、そういうものでも多言語での広報紙の配信をやっている。情報を取りたい人が取りたい手法で区のおしらせを閲覧できるようにというところをしっかりと整備していくという流れで今後も進めていく。この部数が区のおしらせ、広報紙の発信力の低下というふうには捉えていないところで、様々な媒体でしっかりと発信していくというふうに考えております。

続きまして、ケーブルテレビでございます。

ケーブルテレビにつきましては、動画広報というふうに捉えております。動画広報を作成する経費と、それをケーブルテレビで放映しているという２つがございます。確かに、ケーブルテレビで放映するに当たって、２社のケーブルテレビ会社にお願いして放映していただいているんですけれども、合わせて年間で500万円ちょっとが放映料になっております。それ以外につきましては、大方、動画の作成費になっております。まずは動画の作成に当たっては、作成した動画をケーブルテレビで流すと同時に、ユーチューブ配信、区のおしらせの公式ユーチューブでも積極的に配信させていただいている。ケーブルテレビを御覧にならない方でも、ここにアクセスすれば御覧いただけるような取組をしています。そういう意味でいうと、当然、ユーチューブの閲覧数を増やすという取組がとても重要になるんですが、あくまでも動画をつくるという経費において、これだけの経費は基本的にはかかるというふうに考えております。

以上です。",2025,2025/09/29,決算特別委員会,理事者
,令和7年　決算特別委員会(第2日　9月29日),宇田川情報システム課長,田中耕太郎,"先ほどＡＩチャットボットの御質問をいただいたんですけれども、答弁が漏れておりまして申し訳ありませんでした。

ＡＩチャットボットですけれども、今、ごみの分別で利用させていただきまして、令和６年度でいいますと、全部で２万6,669件ほどの入力がされております。実際、ＬＩＮＥとホームページのほうから使用できておりまして、その中でも、答えた後に回答がうまくできたかという質問をしているんですけれども、91％の方が回答はちゃんとされているという回答をいただいているところでございます。ＡＩチャットボットについては、今後も活用を広げていきたいというふうに考えております。

以上でございます。",2025,2025/09/29,決算特別委員会,理事者
,令和7年　決算特別委員会(第2日　9月29日),菅沼防災危機管理課長（参事）,田中耕太郎,"地域防災力の強化といいますか、特に酷暑対策という話が出ましたけれども、実際、昨年の１月、能登半島地震が起きまして、私どもが改めて再認識しましたのは、厳寒の状況下における災害のオペレーションとか、あるいは委員が今述べられました酷暑対策をどのように備えとして強化しなければいけないかということを、基本的に、庁内はもとより、防災拠点運営委員会のほうに行って、膝詰めで話をしたというところがありました。

酷暑対策の部分についての強化という話でいいますと、扇風機の増設とか、あるいはクーリングタオルの備蓄、それからＯＳ－１という経口補水液のドリンクによる水分補給に着目点を当てて強化、増設したというところがございます。委員が述べられる多重災害、特に季節を意識したというところだと思いますけれども、今年は特に６月中旬以降、空梅雨というところで、連日、マスコミから本当に災害級の暑さと。まさに、暑さそのものが災害にも結びつくという着目点でございまして、我々はきちんと、そこで大きな地震が起きる、あるいは水害に備えなければいけない。

そこで着目しなければいけないのは、やはりエネルギー対策、エネルギー確保というところだと思っています。実際に、区内の多重化されている東京電力から供給される電源が、現状、災害時にどういったライフラインの途絶が生まれるかという部分と、それから防災拠点を中心にというところでの蓄電池であったり、エネルギーの代替機能の確保というところは、やはり絶えず点検しなければいけない、そのように思っているところでございます。実際、それぞれ明確なる答えに行き着く抜本的なという部分でいいますと、やはり何といっても自助・共助の部分における個々の御自宅、個々のマンションの力を高めつつ、我々が何といっても力を入れなければいけないのは防災拠点をいかに強くしていくか、強化していくかというところのハード・ソフト両面から、多重災害に備えてというところを点検・確認していかなければいけない、そのように思っているところでございます。

それから、２点目の地域防災リーダーの取組、現状でございます。

御案内のとおり、地域防災リーダーとなり得る人材育成というところで、今年から、防災士の取得支援という取組を開始したところでございます。現状、先着30名の方々、それぞれ防災拠点であったり、優良マンションだったり、防災区民組織の推薦をもってというところでのお話でございますけれども、定員30名に対して、今、相談も含めて、実態的には30件を超えるような応募申込みがございまして、基本的に、私どもとしましては、何とか全員の方に資格取得をという調整を取っているところでございます。例えば拠点にリーダーが一堂に集まれるかという話とか、あるいは地域それぞれで活動できるのか、なかなか難しいという御指摘が委員からございましたけれども、実際、震災の発災の時間であったり、曜日であったり、それぞれの場面で、地域防災リーダーがそこに速やかで活動する環境が生まれるかというのは、確かに疑問符は拭えません。

ただし、我々は、いつ何どきというところではなく、一人でも多くの方々が地域のリーダー格となって地域防災を守るんだというところ、そして、その方々がいざ発災時ばかりではなくて、日常的に、うちの防災区民組織はとか、うちのマンションの中はとか、そういった視点を持って、それぞれ何が足りないかとか、私たちはこういうことをすべきだという防災士の役割は、実態的には日常的な動きとして大いに期待するところでございまして、そこの部分について、我々からして、一人でも多くの地域防災を支える担い手ですとか、地域防災の役割を皆さんで手分けしてという取組を今後とも強化していきたいと思ってございます。

あわせて、昨年度から女性防災リーダーという養成講座も併せてやってございます。この部分につきましても、男性のみならず、女性ならではの視点、配慮がどこにあって、そして日常的な取組はどういったことが、例えば女性にとっての必要な生活必需品は何だという話から、あるいは災害時に配慮すべき項目は何だという部分を、皆様方、地域の方々と、養成講座という、これは全５回でやっているんですけれども、私も今年参加させいただきましたが、本当に活発な意見をいただいてございます。そういったところのリーダーも一つ一つの取組をもって、地域に自助の広がりであったり、共助の広がりに結びつけていきたい、そういうふうな思いで、私どもはそういった講座であったり、資格の取得を支援していきたい、今はそのように考えているところでございます。

以上でございます。",2025,2025/09/29,決算特別委員会,理事者
,令和7年　決算特別委員会(第2日　9月29日),宇田川情報システム課長,田中耕太郎,"ＡＩチャットボットの御質問ですけれども、ごみの分別のほうで始めまして、今のところ、まだごみの分別のみという状態でございます。

以上でございます。",2025,2025/09/29,決算特別委員会,理事者
,令和7年　決算特別委員会(第2日　9月29日),小林総務課長,田中耕太郎,"私のほうから簡潔に、私立学校の補助金の経緯ですとか、金額のことについて説明を申し上げます。

こちらは、お問合せいただいたように、３つの国、朝鮮、韓国、それから中国、こうしたところの学校に通っている保護者に対して、月8,000円補助金として支給しているものでございます。経緯としては、昭和57年に第一回区議会定例会において、こうした請願が趣旨採択をされまして、それを受けまして区のほうで検討いたしまして、昭和60年からこの補助金を交付しているところでございます。ですので、まず第一に、こうした議会の請願に基づいて設けられた制度でございまして、現時点でも、各区、様々な取組、その後の時代の変化に応じて見直しを行っているところでございますので、こちらのほうでも状況を注視いたしまして、予算の査定、そうした要求のところで必要性などもきちんと、区としても、機会を捉えて、そうしたものをしっかりと検討してまいりたいというふうに考えてございます。

以上でございます。",2025,2025/09/29,決算特別委員会,理事者
,令和7年　決算特別委員会(第3日　9月30日),上村税務課長,小坂和輝,"私からは、ふるさと納税の寄附先についてお答えいたします。

最初に申し上げますけれども、金額については、こちらでは寄附先別の金額は集計をしておりません。

こちらの把握している数は、全てのふるさと納税の金額の中でワンストップ特例制度を区の中で使っている方の寄附先ということでございまして、ワンストップの利用率が人数では約36％、金額では15％なので、全てのデータを網羅したものではございませんが、令和６年度、金額順の利用状況に関しましては、１位が愛知県名古屋市、２位が北海道紋別市、３位が北海道白糠町でございます。総務省のランキングですと、令和６年度が白糠町、大阪府泉佐野市、宮崎県都城市となっておりまして、また中央区のこの先の５位まで見ますと、同じようなところが続いておりますので、全国的なものと同じようなところに寄附をされているというところで把握しております。

以上です。",2025,2025/09/30,決算特別委員会,理事者
,令和7年　決算特別委員会(第3日　9月30日),小林総務課長,小坂和輝,"続きまして、ふるさと納税でございますけれども、制度本来の趣旨に沿った形で行われていない現行のふるさと納税制度は、結局、返礼品競争になってしまっているということでございます。今、税務課長のほうから答えた内容のほかに、所得別に中央区民のどういう方がふるさと納税をしているかということを参考に申し上げますけれども、調べたところによると、所得別でいきますと200万円から300万円の所得層が利用者数としては6,000人と最も多いんですけれども、利用率は30％にとどまりまして、寄附額全体に占める割合でいうと、利用者数が最も多いにもかかわらず、全体の３％にとどまっている。一方、所得が上がるにつれまして利用率は段階的に大きく上昇いたしまして、1,500万円超でございますと平均の利用率は70％を超えまして、寄附額も全体の半分以上を占める状況になってございます。これが中央区民からのほかの自治体へのふるさと納税です。

もう一方で、中央区に対するふるさと納税の寄附も、調査研究する目的で調べたところ、令和６年の実績でいきますと、件数の内訳が23区内からが約50％になっている。それから、東京都内から中央区に寄附していただいた方が56％、さらに千葉県、埼玉県、神奈川県を加えた１都３県でいきますと77％、約８割弱が流出額の多い自治体から寄附をされているというような実態になってございます。ですので、流出額が多い自治体間での税の移動となってしまっていることを示しております。

さらに、もっと問題点としては、税の奪い合いですとか、移動が行われる中で、全国平均でございますけれども、寄附金の47％が経費で、ある意味、抜け落ちているといったような状況で、これが返礼品ですとか仲介サイトの手数料、広告宣伝費など、寄附を集めるための経費として使われている。地方創生は否定しないですけれども、本来、区民や地域に還元されるべき大切な財源が、他自治体に移動するだけならまだしも、こうした経費で抜け落ちていってしまっているというような実態が明らかになっています。

そのほかにも、様々な問題点があり、先ほど申し上げました高所得者ほど多くの利益を得る逆進性ですとか、それからワンストップ特例も、自治体の財源ではなくて、所得税の控除の分までワンストップ特例という制度は、地方自治体がかぶるような制度になってございます。こうした不合理とかゆがみがあるような現行の制度は様々な問題が山積してございますので、昨日も申し上げましたけれども、こうした実態を区民によく分かっていただいて、この制度の廃止を含めた抜本的な見直しを行ってもらうことを国に対して求めていって、そうしたことが抜本的な解決になりますので、やはり皆さんに分かってもらって世論を喚起して、そういう機運を醸成していくようなことが大事だというふうに考えてございます。

以上でございます。",2025,2025/09/30,決算特別委員会,理事者
,令和7年　決算特別委員会(第3日　9月30日),菅沼防災危機管理課長（参事）,小坂和輝,"私からは、カタログギフトの申込み状況でございます。

さきの委員会で報告しましたとおり、カタログ配布数11万6,000件余に対して、申込率が66.9％でございました。この部分は、私どもの分析というところの視点でいいますと、まず世帯構成別は、こちらの委員会にも報告してございますとおり、４人家族の世帯構成が84.4％で一番高かったというところが１つございます。一方で、世帯数の構成が６割にも満たなかったのが１人世帯で57.3％という申込率でございました。さらに、この部分、年齢別、年代別というところでいいますと、一番低かったのが10代でございます。こちらが申込率29.6％、次いで低かったのが20代の47.4％というところで半数を切ってしまった。一方で、年代別で一番高かった年代は60代の年代の方が77.6％、次いで70代が77.3％でございます。このあたりの分析という話でいいますと、若年層、とりわけ10代、20代は、今紹介した数字が５割にも満たなかったというところが実数でございます。この間、私どもはなるべく多くの周知の機会、そして督促というか、推奨のはがきであったり、あるいはコールセンターの設置というところでの努力をしてきたところでございますけれども、私どもは100％、区民の皆さんのお手元に届いて自助の強化をしていただきたいという事業の狙いというところはございましたが、残念ながら、その数字にとどまってしまったというところが実感でございます。

この部分の経験といいますか、今回の事業を通じての話については、しかと今お話しした若年層というところの話とかを含めまして、きちんと私どもが日頃から普及啓発という力を入れている部分につきましては、区からの発信はもとより、やはり防災拠点運営委員会の活動の場であったり、あるいは町会・自治会、様々な機会を通じながら、区民の皆様方に防災対策を強化してもらうという取組を着実にきちんと広報をかけていかなければいけないという思いでございます。

以上です。",2025,2025/09/30,決算特別委員会,理事者
,令和7年　決算特別委員会(第3日　9月30日),小林総務課長,小坂和輝,"ペーパーレスを進めているところでございます。基本的な我々の考え方とすると、庁内では、狭隘化対策ですとか、業務の効率化、そうした観点から、また、我々はパソコンを備えているため、やはりそういったところについてはペーパーレスを徹底していくというふうに考えております。一方で、委員がおっしゃったような区民や関係機関、関係団体に対しては、必要に応じて紙の冊子も残すこととしております。我々内部には徹底をしていくといったような考え方で、外向けにはまた話が別でございますので、引き続きネット環境ですとか、パソコン、スマホをお持ちでない方にも御覧いただけるようにしていくことも必要でございますし、資料の内容に応じても適切に判断をしていきたいというふうに考えてございます。

以上です。",2025,2025/09/30,決算特別委員会,理事者
,令和7年　決算特別委員会(第3日　9月30日),山﨑総務部長,小坂和輝,"ＩＣＴ化ということで、委員会等の傍聴においても、例えばライブ配信ですとか、あるいはペーパーレスという面でいえば、おっしゃったとおりのタブレット配付ですとか、そういったことをどうするのかというお話かと思いますけれども、タブレットについては、活用できるところは既に会議の中で利用し始めております。もう２年、３年ほど前ですか、区の中での会議として、会議室内にとどまったタブレットを活用したペーパーレス会議は、今、区の中でも庁議ですとか、そういった会議で使っておりますけれども、外部の会議でもそういった活用の仕方はできるというふうにしておりますので、そういった活用をしている部署もございます。

ですので、そういった形でどこまで利用していくかというところでございますけれども、審議会ですとか、協議会のような会議の場合、事前に資料を配付したりするようなケースもございますので、その辺と実際の会議の中でタブレットをどう活用するかということの兼ね合いがございます。ある意味、事前配付の資料を基に会議をする場合には、どうしても紙ベースでやるケースのほうが多いのかなというふうに思ってございます。それぞれメモを取ったりだとか、事前の調べをしたりというようなこともございますので、一概に全てをペーパーレスでというふうには考えてございません。ただ、やり方として、今、まさにそういったものをどのようにやったほうがいいのかということを模索しながらやっている状況でございます。

要は、庁内の会議、職員を中心とした会議については、当然、ペーパーレスを前提としながらやっていくというところでございますけれども、外部の方等々のやり取りについては、やはり機器の限界といいますか、御本人がお持ちのものでできるのかというところも含めまして検討していく必要がありますので、そこは、今、やりながら、どういった活用がいいのかという御意見を伺いながらやっているというところでございます。

以上でございます。",2025,2025/09/30,決算特別委員会,理事者
,令和7年　決算特別委員会(第3日　9月30日),菅沼防災危機管理課長（参事）,小坂和輝,"本区における帰宅困難者対策の考え方でございますけれども、今、委員に御紹介いただいたとおり、確かに、東京都の被害想定では34万人の帰宅困難者が生じるという想定となってございます。一方で、１つ考え方として持っているのが、この方々は、実は事業所にお勤めの方とか、学校に通う方を含めての数という想定でして、我々は実態的にきちんと整理した考え方を持ちたいというところがございます。今、御紹介があった観光客を含めた、買物客もそうですけれども、都外から本区にお越しになった方を含めて、本当に行き場のない帰宅困難者数ということで、その数を約５万4,000人と置いてございます。実態的に、その方々をどう受け止めるのかというところが、まず１つ論点でございまして、そこは御案内のとおり、帰宅困難者の受入れをする一時滞在施設とか一時待機場所の整備を、民間事業者の開発機会を捉えて、協議、確保しているところでございます。

帰宅困難者の方々が誤って防災拠点に来たときに、きちんとその方々に、ここは区民のための施設でございますので一時滞在施設に向かってくださいという御案内をかけるわけですけれども、ただ単に言葉で追い返すということではなくて、私ども防災拠点の500ミリリットルのお水と、例えば軽食、具体的にはバランス栄養食みたいなものを持って、申し訳ございません、こちらの一時滞在施設に向かってくださいというアナウンスをきちんとかけたい。今、そういったところの備蓄をしているところでございます。

以上でございます。",2025,2025/09/30,決算特別委員会,理事者
,令和7年　決算特別委員会(第3日　9月30日),菅沼防災危機管理課長（参事）,小坂和輝,"先ほど案内した帰宅困難者対応用として、バランス栄養食３万食、それから飲料水３万本を備蓄しているところでございます。

それから、百貨店を含めた協定ということですけれども、実態的には、アイデアとしてはなくはないという話はありますが、発災直後に直ちに帰宅困難者の受入れが始まりますよということにはなり得ないと思ってございます。今、私どもが協定を取り交わしている一時滞在施設については、実態的には、発災直後の混乱の状況下において、それぞれの事業所の役割としてお願いしているのは、帰宅困難者に対応する必要な人員、さらには物資、準備品、受付を含めて、そこの準備にまず取りかかりながら、さあ、帰宅困難者の受入れを開始してくださいというオペレーションが始まりますので、おっしゃることは分かりますけれども、食料不足に対応する部分まで協定に書き込めるかというところですと、かなりハードルが高い、そのような認識でおります。

以上でございます。",2025,2025/09/30,決算特別委員会,理事者
,令和7年　決算特別委員会(第3日　9月30日),宇田川情報システム課長,永井佳代,"ＡＩ－ＯＣＲ、ＲＰＡの活用についての御質問でございます。

令和６年度につきましては、ＡＩ－ＯＣＲ、ＲＰＡの予算が973万2,525円、執行額が853万7,760円、執行率は87.7％となっております。執行率は87％になっていますけれども、こちらの執行残は、ＲＰＡの作成、シナリオをつくらなければいけないんですけれども、その作成支援の契約差金となっております。実際に導入した部署ですけれども、14課19係、業務数といたしましては50業務となっております。

こちらのＡＩ－ＯＣＲ、ＲＰＡの導入による削減といたしましては、中央区情報化基本方針、今、第８期ですけれども、こちらで2,000時間を目標としております。６年度につきましては、1,849時間ということで2,000時間を下回ってしまっているんですけれども、今後そちらを引き上げるのが課題というふうに考えております。

以上でございます。",2025,2025/09/30,決算特別委員会,理事者
,令和7年　決算特別委員会(第3日　9月30日),宇田川情報システム課長,永井佳代,"こちらのＲＰＡですけれども、目標を達せなかった原因として、こちらで分析しておりますのは、まず、標準化が今年度末から稼働を始めますが、標準化のほうで行っている業務について、ＲＰＡのシナリオをつくってしまいますと、結構な手間がかかるんですけれども、それがシステムの入替えに伴って使えなくなってしまうというのがございます。そうすると、また標準化に合わせて新しいシナリオをつくり直す必要がございます。その辺がございまして、一部、ＲＰＡ化を待っている業務があるというのが１点ございます。

それから、ＲＰＡ、ＡＩ－ＯＣＲのほうですけれども、デジタルの活用ではございますが、実際、デジタル化につきましては、基本的に手作業をデジタル化するというところについては、もう既に限界が来ておりまして、いわゆるＤＸのＸ、変革のほうをうちでも重要視しているんですけれども、実際は、デジタル化、ＡＩ－ＯＣＲやＲＰＡを活用したときに、こちらを有効に活用できるような事務の流れあるいは作業内容に変えていく必要があるというふうに考えております。そちらを取り入れることによって、さらに効率が上がっていくと考えているのが１点ございます。

そのほかに、当然、ＡＩ－ＯＣＲは紙の媒体を読み込んでＲＰＡで入力するという作業を行っているところでございますけれども、今、もう一つ進めているものがありまして、紙を電子申請に置き換えますと、逆に、紙ではなくなりますのでＡＩ－ＯＣＲを使う必要がなくなる。または、そのデータを直接取り込んでしまえば、ＲＰＡで、いわゆる入力作業をする必要もございません。逆になってしまうんですけれども、電子申請が進むと逆にＡＩ－ＯＣＲ、ＲＰＡの活用が減るというような形になっていきます。その辺のバランスもございますので、2,000時間を目標にしておりますが、単純に2,000時間を何が何でもというよりは、どちらかというと事務の効率化、総合的なところを考えて今後進めていきたいというふうに考えております。

以上でございます。",2025,2025/09/30,決算特別委員会,理事者
,令和7年　決算特別委員会(第3日　9月30日),宇田川情報システム課長,永井佳代,"削減時間の有効活用というお問合せでございます。

こちらですけれども、実際は、まだ検証を進めているところでございます。具体的に全ての削減時間がどこに充てられたというのは、今後の確認と、あとはどのように使っていくというのを考えていくことかと思うんですけれども、1,849時間の中で一番大きな効果を上げているのが税務課になりまして、そちらが798時間を占めております。税務課のほうに残った時間をどう充てたか確認したんですが、内容といたしましては、還付充当、いわゆる払い過ぎたお金等ですけれども、還付充当の業務のほうが、これまでよりもより早く、分かりやすく言うと、お客様のほうにお返しできる時間が短くなった、あるいは過誤納還付等の業務につきましては、いろいろ時間がかかっているそうですが、こちらにかける時間がより取れるようになったために、こちらを丁寧に対応できるようになったというふうに考えております。

削減された時間がありますので、今後、デジタルを使える方にはデジタルを使っていただいて、逆に、デジタルディバイド等、使えない方につきましては、当然、窓口等で丁寧に対応する必要がございますので、そういったところに充てていく、あるいは今まで手が回らなかった業務等にも丁寧に対応していくというところを中心に、今後、有効に時間を活用していきたいというふうに考えております。

以上でございます。",2025,2025/09/30,決算特別委員会,理事者
,令和7年　決算特別委員会(第3日　9月30日),宇田川情報システム課長,永井佳代,"インシデントについての御質問でございます。

こちらにつきましては、今、ＲＰＡ、ＡＩ－ＯＣＲの話があったんですけれども、基本的に、ＡＩ－ＯＣＲ、ＡＩを使って認識率を上げているとはいえ、認識率として九十数％というところで、やはり機械だけに全部任せるわけにはいかないので、当然、人間の目で確認する作業がどうしても発生してまいります。そういったところで、お客様に御迷惑をおかけしないように、ＡＩ－ＯＣＲ、ＲＰＡについても、基本的には、全て主管課のほうでデータの確認を行っております。そちらで誤認識があって何か区民に御迷惑をかけるようなことがあったというような内容については、今のところ報告を受けておりませんので、うちのほうではそういったものはないというふうに考えてございます。

以上でございます。",2025,2025/09/30,決算特別委員会,理事者
,令和7年　決算特別委員会(第3日　9月30日),宇田川情報システム課長,永井佳代,"リスク回避についてですけれども、ＡＩ－ＯＣＲ、ＲＰＡもそうですけれども、基本的には、各企業あるいはベンダーが提供しているツールを使用しているのが実態でございます。当然、ツールを選定する際には、そこの企業もそうですけれども、そこのセキュリティ体制あるいは品質管理、信頼度等を確認しながら業者選定を行っておりますし、また、作業を行ってもらうところでも、やはりこちらのほうで定期的に品質管理等、確認いたしまして、事故がないように十分注意を払いながら業務に当たっているところでございます。

以上でございます。",2025,2025/09/30,決算特別委員会,理事者
,令和7年　決算特別委員会(第3日　9月30日),小林総務課長,永井佳代,"こちらの決算額でございますけれども、7,400万円余というような支出額になってございます。

内訳といたしましては、団体応援寄附をやってございますけれども、そちらに対する団体への支援金が4,900万円余、それからポータルサイトの手数料、こちらは返礼品の費用も含んでございます。ポータルサイトの事業者のほうに、返礼品の費用も含めて委託料として払って、ポータルサイト事業者のほうから返礼品の提供事業者の、それぞれの提供していただいているところにお支払いいただいているということでございまして、そちらが2,400万円余というような金額になってございます。それから、カード決済手数料が50万円余、それからまち歩きツアーが約６万円、その他として約６万円といったようなところになってございまして、2,400万円、総経費の３割強がポータルサイトの手数料という形になっています。これは返礼品を含んだ格好になってございます。

以上でございます。",2025,2025/09/30,決算特別委員会,理事者
,令和7年　決算特別委員会(第3日　9月30日),小林総務課長,永井佳代,"本区のふるさと納税は、現在も地域との連携ですとか、本当に本区には多様な資源がございますので、そうしたことの活用を図りながら本区の魅力発信、それから先進的なプロジェクトの推進を図るために、手段として活用しているといったところでございます。

その中で、現在も歌舞伎座さんですとか、劇場、それから築地魚河岸のバーベキューで食のまちづくり協議会さんと連携したり、あとは観光協会と連携を図りながら、中央区には日本有数の地元企業ですとか、老舗産業ですとか、様々なものが集積しておりますので、中央区ならではの推奨土産品、中央区ならではの名産品を観光協会さんに選定していただいております。そうしたところと連携を図りながらやってございますので、可能性があれば、地元の企業ですとか、ビジネス拠点、そういったものの可能性も、本区の魅力の発信につながるということであれば引き続き検討しまして、本区の強みを広く発信しまして、区内外の方々から共感や支援を得られるような取組は引き続き進めていきたいというふうに考えてございます。

以上でございます。",2025,2025/09/30,決算特別委員会,理事者
,令和7年　決算特別委員会(第3日　9月30日),小林総務課長,永井佳代,"先進的なプロジェクトは、首都高の地下化事業ですとか、また、首都高地下化を契機としまして、日本橋周辺のまちづくり、それから築地川アメニティ整備構想、それから東京高速道路ＫＫ線の活用によるみどりのプロムナードですとか、様々な基盤整備、あとは中央区の森、そうした中央区の先進的な、中央区ならではの事業について、ふるさと納税制度を活用しまして広く発信して、そうしたところへの寄附も募っているところでございます。

また、このたびのポイント還元禁止でございますけれども、本区のふるさと納税は、繰り返しですが、魅力発信でございます。歳入確保や、それから流出額を取り戻すことを目的とした返礼品競争に加わる考えはございません。今回のポイント制度の禁止、そうした総務省の取組というのは、これまでも様々、我々も国のほうに申し上げてきた廃止を含めた抜本的な見直し、そうした取組、要請の成果だというふうに考えてございます。こうした様々な問題を抱える現行制度でございます。ポイントは、ある意味、ポータルサイト事業者の営利活動に資するような制度の一環というふうに受け止めておりまして、本区として、このことを踏まえて、返礼品の再構築を検討する考えはございません。引き続き、中央区を応援していただくような、中央区に思いを寄せて応援していただく、魅力を発信していく取組を引き続き進めていくというふうに考えてございます。

以上でございます。",2025,2025/09/30,決算特別委員会,理事者
,令和7年　決算特別委員会(第3日　9月30日),小林総務課長,永井佳代,"恐らく、ふるさと納税制度の全国的な寄附額の総計としては、影響は出てくるものというふうに思います。それは、本来の目的ではないような、通販的なものを選ぶ目的でふるさと納税を活用する方が減ってくるというようなことでございまして、本区の魅力を発信するような取組に思いを寄せてやっていただけるようなものについては、そうした影響は大きくないものというふうに考えてございます。

以上でございます。",2025,2025/09/30,決算特別委員会,理事者
,令和7年　決算特別委員会(第3日　9月30日),野末財政課長,田中広一,"１点目の物価高騰対策についてでございます。

令和６年度は、まず当初予算で計上しました区内共通買物・食事券について、プレミアム率を20％から30％、発行総額を18億円から26億円にそれぞれ拡充したほか、商工業融資の借換融資制度の延長、保育所等の副食費と小・中学校の給食費の無償化など、物価高騰対策に資する事業を実施いたしました。そのほかにも、物価高騰対応といたしましては、５月補正予算において定額減税補足給付金調整給付と、電力・ガス・食料品等価格高騰重点支援給付金、11月補正予算においては障害・介護サービス事業所、保育所等に対する物価高騰対策事業、そして12月補正予算では、こちらも重点支援給付金というものを計上いたしまして、数次にわたる補正予算を編成し、物価高騰対策に機動的に対応しておりました。

これに充てる財源といたしましては、地方創生臨時交付金の活用も図りながら、また、それで足りない部分については、一般財源を投入しながら対応したところでございます。

以上でございます。",2025,2025/09/30,決算特別委員会,理事者
,令和7年　決算特別委員会(第3日　9月30日),野末財政課長,田中広一,"題名につけた思いと、その取組内容でございます。

令和６年度を振り返りますと、まず、区民の命と生活を守ることが最優先事項と考えまして、令和６年１月に発生しました能登半島地震の教訓を踏まえ、当初予算あるいは６月補正予算において防災対策の強化を図ったほか、長期化する物価高騰への対策も、５月補正予算をはじめ、数次にわたる補正予算を編成し、対応いたしました。また、令和６年１月からＨＡＲＵＭＩ　ＦＬＡＧの入居が開始されまして、新たなまちが動き出すことに伴いまして、地域コミュニティの醸成として晴海まつりを開催し、新たに住民となる方も含め、住民同士の顔の見える交流も充実させました。そのほかにも、築地市場跡地開発においては、事業者や地元との調整、都心・臨海地下鉄新線においては、区が主催する推進大会の開催や駅出入口周辺の歩行者ネットワークに関する検討のさらなる深度化も図り、まちのつながりに寄与する取組も進めてまいりました。さらに、区制施行80周年に向けた取組にもつながる区の魅力向上や地域の魅力発掘・発信への支援など、シティプロモーションの推進事業にも新たに着手したところでございます。これらの施策を通じて、誰もが愛着や郷土愛を持って住み続けたいと思っていただけるまちの実現に向け、各種施策の展開を図ったところでございます。

以上です。",2025,2025/09/30,決算特別委員会,理事者
,令和7年　決算特別委員会(第3日　9月30日),生島企画部長,田中広一,"私からも補足をさせていただきます。

令和５年度に「新たなステージへ！」ということで、新しい計画の見直しとともに、基本計画2023を出させていただいて、それ以降、コロナ禍から明けてきたこと、それから20万都市という新しいステージに向かってということで、基本的には、大きな流れとして20万都市に向けた区民の暮らしを守りながら、コロナ禍等からの回復ですとか、そういったものを目指して、様々な施策、予算の編成をしてきたかと思います。

６年度に関しては、どうしても能登半島地震のことがありましたので、そういった点が厚くなり、ソフト的な部分の色合いがかなり強くなったかなというふうに思っているところですけれども、今後も含めて、６年度の予算テーマにあった、人がつながりまちもつながるというところに関しては、非常に重要な言葉だというふうに捉えております。こういったことに向けて、シティプロモーションの部分を11月の補正予算で入れさせていただいて、地域の皆さんと共に80周年を祝うことも含めて、一緒に、ある意味、遊んでいくような、皆さんが活気づいていくようなところで予算を組ませていただいて、幸いにして、たくさんの応募をいただいて、かなり活気づいた部分もあったかなというふうに考えているところでございます。

それに加えまして、今後のそういったことへの支援のツールとして、共通アプリというものに関しては、昨年度から検討してきていまして、やはり新たなものが１つ欲しいというふうに考えているところでございます。これは、やはり区民の皆さんのさらなる行動変容を促して、地域のコミュニティがさらに醸成されていく部分ですとか、また、ポイントですとか、一般質問の中では地域通貨などのお声もいただきましたけれども、そういったものの活用によって区民の行動が変容し、さらには、そういったものの活用によって個別の区内の事業者のほうにも、その行動の結果が行き渡っていくような考え方ですとか、そういったところのトータルのデザインを、各自治体の取組を確認させていただきながら、都市部の区においてどういった活用ができるかというところを、今、重点的に考えているところでございます。こういったものをさらに加えまして、20万都市に向けたソフト的な基盤、ハード的な基盤も含めて、しっかり取り組んでまいりたいと考えております。",2025,2025/09/30,決算特別委員会,理事者
,令和7年　決算特別委員会(第3日　9月30日),登りシティプロモーション推進課長,田中広一,"私からは、現状のシティプロモーションの取組の中での手応えといいますか、課題につきまして答弁をさせていただきます。

現状の取組状況でございますけれども、大きく、今取り組んでおります歴史アーカイブ発信事業についてでございます。区制施行80周年を迎える令和９年３月の公開に向けてということで、今、中を検討している状況でございまして、こちらにつきましては、まだ制作を進めている状況でございます。先ほど企画部長から答弁がございました地域の魅力発掘・発信支援事業でございますが、令和６年度、３か月間でありながら、10件の御利用をいただき、今年度に入りましても、現在、申請をいただいている件数あるいは申請を前提とした相談まで含めると、既に23件の御活用、御検討をいただいているところでございます。

取組の実績につきましては、令和６年度の部分について実績報告をいただいてございます。参加者の皆様から、いろいろと楽しんでいただいたお声をたくさんいただいてございます。中には、地域活動に参加してみたくなったというような参加者からのお声があったという記載もございまして、本施策の地域への愛着心の醸成といったところで大いに効果があったのかなというふうに考えているところでございます。また、インスタグラムでの魅力発信でございますけれども、こちらにつきましても、フォロワー数が伸びているところでございまして、具体的に申し上げますと、令和６年度、１年間で1,279人増えて、5,365名のフォロワーとなってございます。本年度は、まだ８月末時点で５か月でございますが、既に1,085名増えて、6,450名という形で順調に推移をしているところでございます。こちらも地域への誇りや愛着心の醸成ということを目的とした施策でございますけれども、こちらについては、短期的にすぐに何か効果が出るというようなものではないかというふうに考えてございますので、これからも着実に取組を進めてまいりたいというふうに考えてございます。

以上でございます。",2025,2025/09/30,決算特別委員会,理事者
,令和7年　決算特別委員会(第3日　9月30日),小森広報課長,田中広一,"私からは、広報力向上における令和６年度の取組と成果についてお答えをさせていただきます。

お話がございましたように、広報力の向上をシティプロモーションの方向性の一つとして示させていただいたところでございます。令和６年度には、令和５年度に続きまして、職員向けに、住民に伝わる広報ということをテーマに研修を実施いたしました。定員100人だったところ、70人以上が参加しました。中身として具体的に申し上げますと、伝わる広報に向けたポイント、伝わるチラシや文書を作成するための工夫ということを内容にしたんですけれども、思った以上に職員の参加がありました。これを受けまして、我々としても、今後、広報力の向上ということを進めていく中では、職員も、ふだんから広報に関して課題を持って、それを何とかしたいという意識をお持ちなのだなと。そういう意味でいうと、事後の取組に期待が持てるかなというふうに思ったところでございます。

令和６年度につきましては、広報やマーケティング部門において豊富な実務経験を有する専門人材を活用しまして、情報を分かりやすく伝えるための発信についての考え方、情報発信の在り方を取りまとめたところでございます。加えて、これに基づき、さらに分かりやすい文書やチラシをどうやってつくっていったらいいのかという、技術的な部分までのノウハウを示した情報発信のマニュアルも併せて策定したところでございます。これを令和６年度の中で策定して、庁内での共有を図ったところでございます。シティプロモーションの方向性に基づく取組ではありますが、広報力の向上というのは、広く、それ以後も区の情報発信の効果を高めることに資するものでございます。こういう基本の在り方を策定したことによって、次年度以降の取組につながる基盤をつくったと。令和６年度はそういう成果を得たというふうに考えております。

以上でございます。",2025,2025/09/30,決算特別委員会,理事者
,令和7年　決算特別委員会(第3日　9月30日),登りシティプロモーション推進課長,田中広一,"それでは、まず、シティプロモーション事業の今後でございます。

今、私からも答弁させていただき、委員からも御指摘いただきましたけれども、やはり継続的に取り組んでいくということが、地域への誇り、愛着心の醸成に関しては必要であるというふうに考えてございます。今後の具体的な展望については、まだ現時点でお示しするようなことができるものではございませんけれども、今取り組んでおります区制施行80周年に向けたシティプロモーション、その後の令和９年度以降の展開についても、今後、方向性を検討していきたいというふうに考えてございます。

続きまして、30代以下の愛着心がというところで、区への愛着心の分析でございます。

こちらにつきまして、令和７年５月実施の区政世論調査を見ますと、全体といたしましては、「愛着を感じる」が86.4％、「感じない」が10.2％と、前年と比較をいたしまして、「感じる」が0.8％増、「感じない」が0.9％の減というふうになってございます。全体としては、引き続き、高い水準を維持しているというふうに考えてございますけれども、30代以下ということで見ていきますと、「愛着を感じる」が76.1％、「感じない」が19.8％となってございまして、全体と比較をいたしますと、それぞれ10％程度の乖離が認められるような状況でございます。そのため、30代以下の層に働きかけていくことが重要であると考えてございまして、これまでもインスタグラムでの魅力の発信ということで取り組んでおりますけれども、こちらについて、引き続き取組を進めてまいりたいというふうに考えてございます。

以上でございます。",2025,2025/09/30,決算特別委員会,理事者
,令和7年　決算特別委員会(第3日　9月30日),生島企画部長,田中広一,"将来的には、やはり戦略的に、次の計画等もありますけれども、人がつながりまちもつながるという部分に関して、具体的にどういった施策によって、その効果を確認していくことができるのかというようなところも含めて、やりたいと考えております。例えば、その辺の基盤の部分に関して、今、準備をしている段階かなというところは考えておりまして、初めてシティプロモーション推進課をつくり、インスタグラムでの新しい取組ですとか、それから、地域の魅力発掘・発信支援事業の補助金の部分ですとか、具体的に数字ですとか、区民の方々の行動の変容などを見るにつけて、やれることとか、やっていったほうがいいことみたいなものがこれから見えてくる部分があるのかなというふうに感じているところでございます。

今後、次の計画に向けてというと少し先になってしまいますけれども、こういった部分の各ツールの効果なども見極めながら、企画部内の新しくできたシティプロモーション推進課の今後の取組の中に、庁内全体を調整しながら、全体の施策の効果を上げていけるような手だても含めた検討をして、御報告できるような形にしていくということも重要かなというふうに考えておりますので、前向きに考えていきたいと存じます。",2025,2025/09/30,決算特別委員会,理事者
,令和7年　決算特別委員会(第3日　9月30日),菅沼防災危機管理課長（参事）,山本理恵,"令和６年度決算の特徴と不用額でございます。

まず、令和６年度の予算につきましては、当初予算から感震ブレーカーの配布事業、出火対策というものを入れながら、何といっても大きい取組としてございましたのは６月補正、９月補正の強化に資する取組でございます。御案内のとおり、６月補正におきましては、先ほど来、話が出てございます防災カタログギフト事業をはじめ、エレベーターの防災キャビネットの無償配布、さらには備蓄物資・食料の充実ということで、こちらは暑さ対策、寒さ対策のほか、衛生物資の強化であったり、食料備蓄を３日分から４日分に増強しました。あわせて、それらの適切な配置というところで、新川児童館の改修、防災備蓄倉庫の整備をしたところでございます。また、９月補正におきましては、防災拠点運営委員会、地域からの要請という声もいただきながらという取組を反映するところで、具体的には授乳服あるいは携帯洗浄機あるいはタオルといったような資機材、防災備蓄品の品目の充実、さらには階段を自動に昇り降りできる可動型電動昇降機の導入も各拠点に配備し、強化を図ったところでございます。これら取組としては、自助・共助、そして公助の強化に資するというところを本当に重点的に昨年度から、また今年度にかけてやった事業でございます。

それから、実際上の不用額のお話でございますけれども、時間の関係で、主立ったところの100万円以上の不用額の説明とさせていただきたいんですが、まず１つ目、報償費は260万円余の不用額が出てございます。こちらは、総合防災訓練が台風の影響による中止、あるいは拠点訓練参加者が見込みを下回ったことの執行残が主立った理由でございます。また、需用費の1,500万円余の部分につきましては、通信確保の事業実績が見込みを下回った。それから、区民向けの防災パンフレットが、単純に増刷したというところで200万円余の執行残がございまして、トータル1,500万円余の不用額が出たところでございます。委託料の4,700万円の執行残が出てございますけれども、こちらはカタログギフト事業上の契約差金が約3,600万円、それから防災訓練中止による執行残もここの中に入ってございましたり、あるいは防犯アドバイザーの申請件数が見込みを下回ったことによるものでございます。それから、工事請負費の部分でいうと約2,000万円、こちらは新川の先ほどお話しした備蓄倉庫の整備に係る契約差金が1,600万円程度発生したことと、それから防災行政無線の設置工事費が当初の見込みを下回ったのが約380万円余という数字でございます。あと、備品購入費というところで、こちらも無線機の購入等々の当初見込みを下回った金額が500万円余の不用額として発生してございます。最後、負担金補助及び交付金というところで、こちらはＷｉ－Ｆｉルーターの購入費助成が当初の見込みを下回ったことによるものが250万円余、それから防犯設備費の整備費助成についても当初の見込みを下回ったというところで260万円弱の数字が出てございまして、それが主立った不用額の理由でございます。

以上でございます。",2025,2025/09/30,決算特別委員会,理事者
,令和7年　決算特別委員会(第3日　9月30日),菅沼防災危機管理課長（参事）,山本理恵,"まず、晴海西小・中学校につきましては、御案内のとおり、昨年の４月１日から、学校整備に伴いまして新たな防災拠点運営委員会を設置したところでございます。この間の支援としましては、実態的には、その前年度、令和５年の秋、具体的には10月以降、拠点の円滑な設置に結びつくようにということで、この委員会自体に準備会というものをそもそも設置しまして、この準備会を３回ほど開催して、昨年の４月１日の設置に結びつけたところでございます。具体的には、運営体制の確認であったり、検討事項の確認、それから活動計画書の検討等について地元の委員皆様方と膝詰めで会議を重ねたというところが主立った支援でございます。晴海西は、そういう意味でいうと、現状、もう１年半を経過している中で、当初の委員数からかなり拡充しての取組も経ながら、今、順調に委員の皆様方と拠点運営委員会活動をしていただいている状況でございます。

以上でございます。",2025,2025/09/30,決算特別委員会,理事者
,令和7年　決算特別委員会(第3日　9月30日),菅沼防災危機管理課長（参事）,山本理恵,"いただいた御質問に順番に答弁いたします。

まず１つ目は、ＨＡＲＵＭＩ　ＦＬＡＧのマンション防災の取組につなげていったほうがいいという話ですけれども、実際上、今、実はまさに取組中でございます。具体的に言いますと、今年の３月の頭にＨＡＲＵＭＩ　ＦＬＡＧ自治会を母体とした形で防災区民組織が組成されました。この防災区民組織が中心になって、ＨＡＲＵＭＩ　ＦＬＡＧのうち、４つの住宅街区がございますけれども、パークビレッジを先頭として、我々は災害時活動マニュアル作成支援という協議を、実態上、今年の５月、６月からスタートさせてございます。ＨＡＲＵＭＩ　ＦＬＡＧ内の区民組織としては、このパークビレッジが先行しながら、残りのシービレッジとか、サンビレッジ、ポートビレッジ、それらを横引きする形で展開すれば、効率よくＨＡＲＵＭＩ　ＦＬＡＧ全体の活動マニュアルの策定であったり、いざ発災時の災害対応の話だったり、あるいは安否確認訓練に結びつけられるという思いを当初から私どもと共有してございまして、ぜひその形でやりましょうという形で、御案内しましたとおり、現状、パークビレッジのほうで先行して各街区の代表者、管理組合にも参加してもらいながら、区が適宜、会合等の場に伺って検討を深めている状況でございます。

それから、２番目の実践的訓練の話の部分で、まず、携帯トイレの話でございます。今、委員から御紹介ございましたとおり、令和６年度から訓練用の模擬トイレ、委員にも御紹介していただいたとおりの話なんですけれども、模擬トイレを実際に用いて、便袋という黒い袋を便器にかぶせて、実際上、そこに用を足したという想定で水を流し、そして白い粉末の凝固剤を入れてという体験を区民皆様方に、そうした拠点訓練の場を通じながら実際に体験してもらうという訓練を、防災拠点訓練で100％実施してございます。これは、小さなお子様からお年寄りの方々まで実際に触ってという話がございます。これは本当に好評なので、今年度も各拠点訓練に取り入れていこうというところで継続する考えでございます。やはりトイレは我慢できませんし、我慢してはいけません。先ほど食料の話が出ましたけれども、多少乱暴な言い方をさせていただくと、食事は５時間、６時間、大人でしたら優に我慢できると思います。ところが、トイレについては、能登半島での教訓も含めまして、やはり訓練のみならず、日常的な備蓄、あるいは必要あらば携帯トイレをぜひお出かけの際も携行してくださいというところを、訓練を通じながらお願いしているところでございます。

それから、体験型というより、実践的訓練の機会の創出、東日本大震災の学習プログラムを御紹介いただきましたけれども、結論から言うと、我々防災部局も絶対にそれは意識して、訓練上、取り入れていきたいという思いでございます。先ほど前委員を含めまして、京橋築地小学校のアトラクション訓練も実は実践的だと思っています。共に動き、共に体験し、共に考える、それをアトラクションを通じながら、実際に東日本の学習プログラム、発災直後の様子だったり、避難生活期であったりというところに充て込みながら、その部分を京橋築地小学校の訓練に反映した。また、実践的なというところでいいますと、実は、役員訓練がかなりの拠点訓練で望まれていまして、役員自らが自宅を出発して、その訓練に向かう。そして、初動の対応、本部をどう立ち上げるかとか、備品をどう持ち込むかという話をしているので、こういった部分も含めて、より実践的な機会を地域の拠点の皆様方と話し合いながら結びつけていきたい、そのように考えているところでございます。

以上でございます。",2025,2025/09/30,決算特別委員会,理事者
,令和7年　決算特別委員会(第3日　9月30日),遠藤経理課長,奥村暁子,"公契約条例でございます。

これまでの答弁の中でも申し上げたとおり、本区においては公契約条例を制定してございません。様々な区で取組がされているというのは知ってございまして、ただ、その成果とともに、様々な課題があるということも聞いてございます。やはり公契約条例は、今お話があったような下限額を設けているということで、一定の効果は認められるというところがございますけれども、やはり全体的な、中小企業であれば、その対策というところにあっては少し課題があるのかなと思っております。

報酬につきましては、各区でもそうでございますけれども、ある程度の規模の契約に限って適用させるということになってございます。ですので、その部分でいいますと、全体的な効果というところも課題がございますし、また、工事等でございましたら、やはり一定の限られた工事に従事する方たちの報酬の下限を上げるということになってございますので、例えば、ほかの区、近隣の区で従事する同じ会社の方でも、そちらは適用されないというような課題も言われてございます。また、区の中でも、一定の金額を設定するというものでございますので、その金額を下回るような工事については、同じ労働者あるいは同じ会社の方でも適用されないというような課題があるというところもございます。ですので、本区といたしましても、様々なそうした状況であるとか、御紹介のように23区で増えてございますけれども、全国的にはまだまだ増えていないという状況も見てとれるところでございます。

また、先ほどの検討というところでいいますと、千葉県野田市が一番初めに全国に先駆けてこの条例を制定してございますけれども、やはりその取組の限界というところも明らかにされているところでございます。設定の難しさ、また、それが今、実勢価格を下回るような状況も見てとれる。全国的に広い効果ということでありますと、やはり国のレベル、法律の制定等を求める必要があるのではないかということも言われてございます。そうしたところも分析しながら、この条例についても考えているところでございますけれども、全国的には、下限額を設けているのは全自治体の５％ぐらいということで、なかなか広がっていかないところがございます。

そうした中で、本区は、工事に限っていいますと、昨年度、建築業法等が変わってございまして、国のほうも、やはり標準的な労務費用を設定して示すということになってございます。これは公契約だけではなくて、民間の工事等も含めて対象となるものでございまして、それを守ること、また、それに著しくかけ離れた契約をすることを禁止する、あるいは罰則を設けるというようなこともされてございます。ですので、そういう国の状況等も注視しながら、本区としては、引き続きの検討を進めていきたいというところでございます。

中小企業というお話もございましたけれども、そこの効果というところは、公契約条例を持っているところも、効果が見られるかということはなかなか検証が難しいという状況も聞いてございますので、そういうところも勘案しながら、今後とも検証していきたいと思っております。

以上でございます。",2025,2025/09/30,決算特別委員会,理事者
,令和7年　決算特別委員会(第3日　9月30日),遠藤経理課長,奥村暁子,"公契約条例でございます。すみません。先ほど御質問いただいた外部の委員、外部の方の検討状況でございます。

実は、外部の方ということで、具体的に意見をいただきながら検討というのはしてございません。ただ、区内あるいはこの地域におきます労働組合の方たちについては、そういう検討をする場合には一緒に考えていきたいというようなお話をいただいてございます。定期的に、そうした方たちの御意見あるいは現状の労働環境等をお聞きしながら、一緒に意見交換は行っているところでございます。

また、公契約条例が中小企業の振興に役に立つというところ、公契約条例につきましては、そういう地域の好循環というところを目指しているということは承知してございます。ただ、先ほどお話しさせていただいたように、区の公契約の中で、その中でも限られた契約をもって好循環が実現されたというところは、私どももほかのところのお話をお伺いしたり、こちらで調べている限りでは、なかなか明らかにされていないというところもございます。ただ、やはりそれは大変重要なことと捉えてございます。また、それとともに、質の向上というところも非常に重要と思っております。これは公契約の賃金、下限額だけではなく、適正な工事費であるとか、あるいは委託料を算出しながら、ダンピングのない環境の中で契約を結んでいく、それがサービスの質の向上につながっていく、あるいは中小企業の振興にもつながっていくというところは大切なところでございますので、今後ともそうした適正な契約に努めてまいりたいと考えております。

以上でございます。",2025,2025/09/30,決算特別委員会,理事者
,令和7年　決算特別委員会(第3日　9月30日),宇田川情報システム課長,奥村暁子,"公共施設予約システムの画面の表示についてのお問合せでございます。

基本的に、公共施設予約システムにつきましては、先ほど画面が固まっているとかいう話もございましたけれども、今、新しいシステムへの入替えを行っておりまして、既にスポーツ施設等を除くものについては、新しいシステムに変わっておりまして、スポーツ施設についても、今、改修の準備を進めているところでございます。

こちらの表示につきましては、基本的に登録団体優先とかいうのもございますが、そういったところは各所管課の要望に基づいて仕様を決定して作成しているところでございますけれども、実際、そちらの表示のほうが、何分にも、今、パッケージを使用しておりますので、ものによって対応できるもの、できないものがございます。ただ、利用する側の各所管課の意見、また使っているお客さん、区民の方々の意見等を聞きながら、実現可能なものについては実現していきますし、実現が難しいものについても、もしパッケージのほうで対応ができるようになっていくということであれば、当然、こちらはうちだけではなく他自治体も使っておりますので、当然、進化していくものと考えております。そのときには、なるべく皆様が使いやすいところを取り入れるようにしていきたいというふうに考えてございますが、何分にもそこのところは、一部どうしても見づらい部分とか、あるいは使うときに、使う方が、古いシステムが新しいシステムになると使いづらいと言われることもあって、そこの使い勝手の部分もございますので、そこは各課あるいは区民の方の意見を聞きながら、システムのほうはより使いやすく改修していきたいと考えております。

以上です。",2025,2025/09/30,決算特別委員会,理事者
,令和7年　決算特別委員会(第3日　9月30日),石戸政策企画課長（参事）,しらす夏,"外国人居住者増に伴う区の施策等への反映でございます。

委員がおっしゃるように、多文化共生の社会の実現におきましては、国籍、民族などを理由とした、いかなる差別も許されないものであります。一部で見られるような依拠のない情報に基づきました様々な特定の国籍の方々に対する偏見など、差別を助長するような発言は極めて遺憾というふうに考えているところでございます。区といたしましては、外国人差別を抑制するために、人権週間等の活動におきまして、外国人の人権を尊重しようということで様々な啓発活動を行っているところでございます。いろいろ安全面等も含めまして、外国人にかかわらず、今後の人口増に伴いまして、様々な施策の展開が必要になろうかと思います。今後とも、区民の皆様方のお声を丁寧に伺いながら、区施策等に反映してまいりたいというふうに考えているところでございます。

以上です。",2025,2025/09/30,決算特別委員会,理事者
,令和7年　決算特別委員会(第3日　9月30日),菅沼防災危機管理課長（参事）,しらす夏,"防犯という観点からという話は大変難しゅうございまして、といいますのは、御案内のとおり、94.2％、ほとんどの方がマンション暮らしをしている本区において、例えばマンション１棟を単位とした、住宅戸数が例えば20戸未満の小規模のマンションもあれば、100戸あるいはタワーマンションのように500戸以上の大型マンションという話、それと築年数によって、今おっしゃった宅配ボックスを具備しているマンションもあれば、そうでないマンションもある。そういった観点で、やはり個々のマンションで、今、社会流通の変化とか、あるいは個人サービスの受領といったサービスをどういった形でそれぞれのマンションが受け止める空間を持つのかという話が１点ございます。一方、今まさに、我々は個人宅向けの防犯機器の購入費助成をスタートさせまして、そこには個人向けの防犯カメラであったり、カメラ付インターホン、さらには鍵の強化というところも順次受け付けているところでございます。

したがいまして、委員から御質問のあった、24時間の宅配サービスと、生活が多様な幅の形態をなす区民の方々がそれをどう享受し、それがどう安全として担保されるのかというところは、やはりそれぞれの個々のマンションの、まずは一旦受け止め得るハードの部分、それから、場合によっては、例えば管理人のところに置くといった部分でのソフト面での強化みたいな話は重要である。そういった動向を、我々は、防犯という部分を含めまして、警察署との連携であったり、防犯協会との連携であったりという部分をきちんと課題、問題意識として捉えなければいけない。そういったところをきちんと我々は注視しながら、まちの安全・安心のセーフティネットを張るような施策をきちんと考えなければいけない、そのように捉えているところでございます。

以上です。",2025,2025/09/30,決算特別委員会,理事者
,令和7年　決算特別委員会(第3日　9月30日),小林総務課長,しらす夏,"区公共施設への宅配ボックスの設置についてでございます。

施設それぞれ、施設ごとに施設の目的ですとか、また施設の状況もございます。そしてまた、民間のそうしたサービスもよく見ながら、なかなか難しいところではございますけれども、施設の状況を見ていきたいというふうに思ってございます。

以上でございます。",2025,2025/09/30,決算特別委員会,理事者
,令和7年　決算特別委員会(第3日　9月30日),菅沼防災危機管理課長（参事）,しらす夏,"今、区として、防犯カメラ設置事業、例えば具体的には町会・自治会向け、そして商店会向け、さらにはマンション向けという部分を補助事業としてやってございますけれども、実態的に、区として、正直、目標数値という話はございません。地域の安全は地域で守るというところの防犯カメラが持っている抑止効果という話ももちろん重要な話でございますし、今、委員が御懸念として挙げられた部分も、もちろん区として認識してございます。

したがって、我々区として、きちんと、どこにカメラをつけたほうがより効果的かというところは、防犯アドバイザーの派遣とともに、所轄警察署の方々が町会あるいはマンションの方と同行しながら、そこのアドバイスをいただいているのが実態でございますので、そこの部分を含めて、我々はきちんと制度活用をしながら支援していきたい、そのように考えているところでございます。",2025,2025/09/30,決算特別委員会,理事者
,令和7年　決算特別委員会(第3日　9月30日),岩田職員課長,アルールうた子,"今、るる委員のほうから御質問いただきましたが、まず、今の職員の働き方ですとか、離職の防止というところでいきますと、令和７年３月に改定をさせていただきました特定事業主行動計画ということで、今回は中央区の職員のワーク・ライフ・バランス推進プランということで、誰もが働きやすく、生き生きと持てる力を最大限に発揮できるような労働環境、働く環境を目指して、このプランに基づいて進めているところでございます。

具体的な内容としましては、休暇制度等の周知、そして、そういったものを活用していくような職場風土、意識改革の取組、また、超過勤務の軽減、縮減というところで、様々なＤＸですとか、ＡＩとか、そういった話も前委員のお話でもありましたけれども、そうしたところ取り入れつつ、超過勤務を減らしていくというような取組、また、年次有給休暇の取得促進ですとか、子育てをしながらでも働きやすい柔軟な働き方、また、女性の職員が活躍していけるような推進というところを進めて、何とか職員がやりがいを持って、自分が働いていることがしっかり評価されて、自分が成長しているということを感じていただいて、よりやりがいを持って働いていく職場づくりが離職率の防止につながっていくというふうに考えておりまして、各種施策を進めているところでございます。

そして、委員におっしゃっていただいた出向というお言葉でいただきましたけれども、確かに、本区では、例えば民間の有益な経験を持っている方を任期付の職員として採用したりですとか、例えば東京都ですとか、そういったところから派遣を受けて、東京都の職員の方が中央区の職員として活躍していただき、委員におっしゃっていただいた中央区の職員にはない多角的な大きな視点の中で力を発揮していただいているということは、もちろん中央区職員の能力の成長とか、そういったものにもつながりますし、広く、東京都ですとか、そういったところの視点を区の施策に役立てていただいているところでございます。また、中央区のほうからも、東京都ですとか、他の団体のほうに研修派遣という形で出ている職員も何人もおりまして、そうした職員が２年、３年とほかの組織で経験を積んで、その経験を持ち帰った上で、中央区でまた活躍をしていくというような取組をしっかりとやっているところでございます。

もう少し活発にというお話があったかと思いますけれども、今、中央区の職員の人数自体がなかなか確保できない状況もありまして、各職場からの人員要望とかに対して全て職員を増やしていくということができないような状態でございますので、そうした経験、どんどん外に出していくというのは、今、中央区の職員の状況だとなかなか難しい状態というところでございます。まずは職員の確保をしっかりとやっていった上で、余裕を持った状態の中から交流というようなことを図っていければというふうに思っております。

また、特別区の採用試験の秋試験の状況でございますが、今、技術職のほうで秋試験を、例年は春１回でというところだったんですけれども、人材不足ということで、秋試験も実施しているところでございます。特別区人事委員会のほうでやっているところでございます。いろいろな職種、土木、建築、機械、電気等ありますけれども、204名の採用予定数のところ、今、127人の申込みがあり、一次試験を実施しているという状況でございまして、それ以外にも、経験者採用ですとか、Ⅲ類の試験が秋に実施されておりまして、４月１日の採用に向けて進んでいる状況でございます。まだ中央区のほうにその結果が来ていない状況ですので、中央区にそこから何人採用されるというところは、いまだ分からない状況でございます。できるだけ多くの有能な職員を採用できるように、これから進めてまいりたいと考えております。

以上でございます。",2025,2025/09/30,決算特別委員会,理事者
,令和7年　決算特別委員会(第3日　9月30日),岩田職員課長,アルールうた子,"まず１つ目でございますけれども、外勤を伴う職員の職場、課別の内訳という御質問でございます。

仕事の中でよく外に出られるという職場はこういった職場かなということの把握というか、認識はございますけれども、例えば事務職であっても、外に出る仕事が多い部署もございますし、今言っていただいた土木・建築職の方々ですとか、そうした方々もやはり外に出られたり、様々な状況でございまして、季節によってそういった仕事が多い季節もあったり、様々というところで、職員課のほうで具体的にどのぐらいの職員がどの課で、どの程度外勤で仕事をしているかというのは、明確には把握はしていない状況でございます。

そして、熱中症対策、安全対策は十分かというところでございます。

今言っていただいた、本当に酷暑が続くというところで、今年の夏も本当に暑い状況が続いていましたけれども、そうした中で少しでも安全に安心して職員の方々に働いていただけるように、今年度から、熱中症を防止するような取組を、これまでも各職場でしっかりとやっていただいたところですけれども、改めてその周知をさせていただいて万が一に備えて、熱中症の職員が出てしまったときの連絡体制ですとか、そういったところをしっかりとまとめるようにということで周知をさせていただきまして、職場内で共有をしっかり図っていただくというような呼びかけを図らせていただきました。また、熱中症対策の計画とか、そういったことではないですけれども、週２回以上で外に出る時間が長い職場においては、いわゆる空調服と言われるものを貸与被服として支給させていただいて、対応しているようなところでございます。そうした働きやすい職場環境をしっかりと整えていって、月１回、安全衛生委員会という、各職場の方々と職員の健康管理のことですとか、職場環境について話し合う会議をやっておりますので、そうした安全衛生委員会の中でもしっかりと職員の声を聞いて、その要望をできるだけ反映できるような職場環境づくりをしていくことで、職員の日頃の頑張り、働きに報いていきたいというふうに考えているところでございます。

以上でございます。",2025,2025/09/30,決算特別委員会,理事者
,令和7年　決算特別委員会(第3日　9月30日),菅沼防災危機管理課長（参事）,アルールうた子,"災害時の対応という話も出ましたので、私のほうからは、その観点から。

今、実は、業務継続計画の改定をしている最中でございますけれども、その中で、災害時職員行動マニュアルというものを全庁的に見直しというか、修正作業をしてございます。例えば、今、職員課長が答弁した熱中症以外にも、いざ災害時に、道路点検であったり、あるいは建物の応急判定であったり、実際に技術職員が現場に行く、そういった行動を当然しなければなりません。そうしたところの安全対策をマニュアルの中にきちんと反映しながら、職員のみんな、気をつけて行くんだよ、安全確保はこうするのだという話の部分について、そこの中できちんと反映していくべきところでございますので、そういったことを適宜点検していきたいというふうに考えているところでございます。",2025,2025/09/30,決算特別委員会,理事者
,令和7年　決算特別委員会(第3日　9月30日),野末財政課長,アルールうた子,"こうした中央区の課題といったものの発信でございますけれども、委員御案内のとおり、ふるさと納税に対しては、これまでの質疑の中で非常に重要な課題というふうに捉えております。ただ、ふるさと納税自体を、今回の中央区のふるさと納税の寄附で賄おうという考え方ではございませんで、あくまでそれは中央区の魅力発信という形で、ふるさと納税というものを活用していく。それを回収するというのは、そもそもの国の制度自体を抜本的に見直す、廃止というものが、まず大前提としてあるというふうに考えてございます。

その上で、こういった課題については、本区としても重要に受け止めておりまして、早速、昨年の12月に、不合理な税制改正とホームページで掲載している。特に、昨年の12月からは、ふるさと納税にも着目して、現状、また流出額、これまでの累計の流出額や当該年度の流出額、あと、その流出額がどういった事業の規模に匹敵するのかといったものを、区民の視点からも分かりやすく周知を図ってございます。そういった課題感につきましては、委員と同じ考えでございますので、引き続き、こうした課題については、区民の方には周知を図っていきたいと考えております。

以上です。",2025,2025/09/30,決算特別委員会,理事者
,令和7年　決算特別委員会(第3日　9月30日),岩田職員課長,川畑善智,"職員住宅の今後の考え方でございます。

委員におっしゃっていただいたとおり、一部職員住宅はかなり老朽化が進んでおりまして、特に晴海職員住宅ですとか、新川の職員住宅については、かなりの年数がたっているということで、毎年のように不具合が起きるような状況でもございます。そうした中で、職員住宅を今後どう考えていくかというところでございますが、今、公共施設あり方検討会議で、職員住宅もその一つの検討の対象となっておりまして、あの建物をどうしていくか、今、委員におっしゃっていただいたような民間の借り上げとか、そうしたところも含めて、様々今後検討していく必要があると思っております。そして、委員におっしゃっていただいたとおり、一定程度、災害時の職員体制という意味では、区内に職員が居住している必要性ということも、当然、こちらとしても考えてございますので、そうしたところも含めて、今後、職員住宅をどうしていくかというのは全庁的にも検討していくというところでございます。

以上でございます。",2025,2025/09/30,決算特別委員会,理事者
,令和7年　決算特別委員会(第3日　9月30日),栗村施設整備課長,川畑善智,"本庁舎を含め、本区の公共施設のＬＥＤ化ということでございます。

委員から御指摘のとおり、あと３年で製造が中止されるということを認識しておりまして、順次、公共施設のＬＥＤ化に取りかかっているところでございます。昨年度の段階では、新築の工事が入っているものですとか、あるいはこれまで大規模改修をやってきているところについては、順次ＬＥＤ化を進めているところでございます。例えば、本庁舎につきましては、今年度以降、これからなんですが、ＬＥＤ化の工事に入る予定となっております。

以上です。",2025,2025/09/30,決算特別委員会,理事者
,令和7年　決算特別委員会(第3日　9月30日),菅沼防災危機管理課長（参事）,川畑善智,"先ほど前委員へも答弁しましたけれども、広報の仕方というところの、ある種、区が回数を重ねるということももちろんのこと、今おっしゃったとおり紙からＳＮＳへという媒体の話、さらには、今、委員からの御指摘でいうと、よりインパクトのある文章という話は、我々もそのとおりだというふうに思います。実際的に、行き渡るべき情報を全ての方にという話を絶えずきちんと頭に置いて、そして、その効果も含めてという部分は、今回のカタログギフトの結果もきちんと教訓としなければいけませんし、これから人口増していく区として、新規の方あるいは従来の方を含めた防犯・防災の部分に対して、どうアピールしていくかとか、どう当事者として持ってもらえるかという意識を高揚していく普及啓発のありようは、絶えずチェックしていかなければいけませんし、そこの部分はいろいろなアイデアをお借りしたい、そのように考えてございますので、今後とも引き続き、その辺の効果を含めましての広報を、防災部局としてもしっかり改善といいますか、取り組んでいきたいというふうに考えているところでございます。

以上です。",2025,2025/09/30,決算特別委員会,理事者
,令和7年　決算特別委員会(第3日　9月30日),小森広報課長,川畑善智,"私から広報という観点で説明させていただきます。

委員からお話がございましたように、読み手にとって伝わる表現というのは非常に大切でございます。世代、どういったターゲットに対して、どういった言葉で訴えるか、この辺は我々としても、今年、職員向けに文章力の研修等も行っていきます。そういった中で、庁内全体の広報力の向上という中でも取組を進めてまいりたいというふうに考えております。

以上です。",2025,2025/09/30,決算特別委員会,理事者
,令和7年　決算特別委員会(第3日　9月30日),小森広報課長,川畑善智,"災害時の情報発信について、２社との協定についてでございます。

お話がございましたように、中央エフエム、そして東京ベイネットワーク、ラジオ及びケーブルテレビ会社と災害時の情報発信に関する協定を締結してございます。例えば、中央エフエムであれば、災害時については緊急告知ラジオというものの予算を計上しておりますけれども、これを通じて、有償頒布で多くの方がお持ちでございます。このラジオを通じて情報が発信されるということで、情報が行き渡ることになると思っています。

もう一つ、ケーブルテレビのほうにつきましては、やはり災害時でありますので、災害の情報のインフラとしては、様々な媒体があったほうがいい。これが大前提になってくると思います。そうした中で、やはりケーブルテレビというのも一つの有力な手段というふうに考えてございます。これを身近な情報の受け取りの媒体として区民の皆様に認識していただくために、やはりふだんから魅力的な広報番組、動画広報を展開していく。この辺の番組の内容につきましては、我々の編集、番組内容の検討について、魅力を高めるような取組を引き続き進めていくというふうに考えております。

以上です。",2025,2025/09/30,決算特別委員会,理事者
,令和7年　決算特別委員会(第3日　9月30日),濱田区民部長,竹内幸美,"令和６年度、区民部としての決算への所感でございます。

令和６年度につきましては、コロナが５類になって初めて予算編成作業をした年でありまして、全ての区民部分野での業務とかを日常のベースに着実に戻すことはもちろんですけれども、諸課題に適切に対応しまして、さらなる充実あるいは発展を目指す年でもあったのかなと思っております。そうした中、今、委員のほうからもお話がございましたけれども、いわゆる物価高騰が続きまして、区民生活へ及ぼす影響は区内経済にも影響を及ぼしたということで、ハッピー買物券を過去最大級の規模で発行しましたり、また、商店街に対する補助の充実あるいは借換融資制度の延長なども図ったところです。また、物価高騰対策といたしましては、青少年対策地区委員会に対しますバス代の助成を予算流用によりまして機動的対応も図ったところです。

大きな話題というのは、今、委員からもありましたように、この委員会でも再三出ておりますけれども、ＨＡＲＵＭＩ　ＦＬＡＧの入居ということで、晴海のまちびらきが行われたわけでございまして、これを受けまして、令和６年４月に晴海特別出張所を開設、そして、区民とつながり、交流を深め、さらなる地域コミュニティの醸成が図られるように、晴海地域交流センターはるみらいにおいて、第１回目の晴海まつりを開催したところでございます。当日、晴海連合町会をはじめとしまして、青少年対策地区委員会あるいは各自治会も含めて、地域の方にも運営側として参画をしていただきまして、非常に多くの方々に来ていただいて、本イベントを通して様々なコミュニティの基礎づくりが図られたものと受け止めております。

イベントに関しましては、隔年実施の雪まつりですとか、産業文化展を含めまして、区民部の主要なイベントは全部無事に終了することができました。様々な年代の方に数多く参加していただきまして、そういった意味でもコミュニティの醸成ですとか、地域の活性化、にぎわいづくりに寄与できたものと思っております。施設面でいきますと、日本橋特別出張所の複合施設あるいは総合スポーツセンターの改修、八丁堀区民館の改築等、大きな改修工事がありまして、区民の方には御不便をおかけした面もあると思いますけれども、ニーズに対応した機能改善への対応など、着実に工事を進めた状況でございます。

区民部は、区民の日常を支えることはもとより、区民が豊かな日常生活を送る上で欠かせない部門をたくさん担っていると自負しております。これまで述べましたように、６年度においても、様々な分野での事業展開を図ってきたところでございますけれども、今後も諸課題を乗り越えつつ、また、部内が連携した相乗効果も発揮しつつ、さらなる区民サービスの向上を目指していきたいと考えているところでございます。

以上でございます。",2025,2025/09/30,決算特別委員会,理事者
,令和7年　決算特別委員会(第3日　9月30日),鷲頭区民生活課長,竹内幸美,"私からは、窓口の利便性向上に伴います職員の対応等についての答弁でございます。

先ほど委員からも御案内がございましたようなオンラインを活用した取組ですとか、あとは従前から行っておりますコンビニ交付につきましては、マイナンバーカードの区民におけます保有割合が８割に迫ろうかという状況の中で、住民票ですとか、印鑑登録の証明書についての全発行枚数の半分以上はコンビニで交付されているような状況でございます。こういったことも含めた効率化ということは図られているところでございまして、その部分におきまして生じた時間について、例えばオンラインを活用できない方々への対応ですとか、あとは外国人の方々で不慣れな方々の対応、こういった部分に重点的に時間を割けるようになってきたところでございます。利便性の向上を求めつつも、そうした部分の活用に不慣れな方々への対応ということを私ども窓口では重点的に対応しているところでございます。

以上でございます。",2025,2025/09/30,決算特別委員会,理事者
,令和7年　決算特別委員会(第3日　9月30日),鷲頭区民生活課長,竹内幸美,"私から、まず区内全域におけます外国人の方々の割合等々についてお答えを申し上げたいと存じます。

先ほど委員からもお話がございましたとおり、区内の外国人の方々の割合というのは、全人口におけます７％程度であるという状況でございます。地域的に見ていきますと月島地域が高くなっていまして、高くなっている主要な要因は晴海地区にあるという状況でございます。私が手持ちでまとめた中で見ますと、令和６年４月１日から令和７年４月１日の時点での増加分に限った形で申しますと、晴海地区において増加した人口が約3,000人ほどいらっしゃいまして、そのうち588人ということで、２割近くが外国人の方々であったというような状況でもございます。こういった観点において、比率的な部分で申しますと、先ほど申し上げたように晴海の割合が非常に高い。先ほど委員からも加速度的に人口が増加しているというお話がございまして、実際、９月30日時点で人口が18万9,859人ということで、本当に19万人が目前に迫っている状況でございます。外国人の方々の人口割合も１万3,000人を超えているという状況でございますので、今後ますますこうした方々への対応というのは必要になってくるものと認識しております。そのため、私どもにおきましては、外国人の意識調査を行いまして、外国人の方々の困り事を含めました考え方という部分の把握に努めてまいりたいと考えているところでございます。

私からは以上でございます。",2025,2025/09/30,決算特別委員会,理事者
,令和7年　決算特別委員会(第3日　9月30日),平川地域振興課長,竹内幸美,"本区と町会・自治会との関係、また町会・自治会の考え方でございます。

これまで繰り返し、本区が大事にする地域コミュニティの核であるという表現をさせていただいておりました。それが本区のにぎわいの創出、また伝統や文化の継承といったところの非常に大きな組織といいますか、存在であるということでございます。それは、例えば今般の夏の盆踊りを見てもそうでございますけれども、やはり本区の文化といいましょうか、においであるとか、色といったものをまさに体現されている方々ではないかというふうに、私も実感しているところでございます。そうした活動が、例えば防犯の面でございますとか、また子育てしやすい環境、それがなぜつくり出せるかというところは、やはり人と人の顔が見える関係で生み出されているものであろうというふうに感じてございます。ほかの地域と比べるということではなく、中央区の中でそういったものが根づき、今もって発展していく存在であるというところを、本区としても、先ほど申し上げたように、かけがえのない非常に大切な団体、存在だというふうに認識してございます。これまで、例えばイベント助成といったところの助成の部分でございますとか、先ほども晴海のところでお話が出ました、区と町会とも顔の見える関係ということで、コミュニティ連絡相談員という形で日々お伺いをする中で、ただ行政と一つの任意団体という関係性を超えている部分は非常にあろうかというふうに思います。先ほど申し上げた意識の下、これからもしっかりと町会・自治会を支援させていただくことによって、中央区のにぎわいであるとか、中央区のすばらしい部分を醸成してまいりたいというふうに考えてございます。

以上でございます。",2025,2025/09/30,決算特別委員会,理事者
,令和7年　決算特別委員会(第3日　9月30日),平川地域振興課長,竹内幸美,"町会・自治会が行うイベントに対する区の支援の在り方というところでございます。

まず、御紹介いただいたＳＮＳの部分からでございますけれども、コロナ禍で、接触型というか、人と相対した連絡がなかなかできないということで、区のほうでも、そのときからこれまで引き続いて、ＳＮＳの活用という面でも町会の支援をしていたところでございます。これについては、例えば町会内部の情報の共有、また外部に対しての情報の発信という面での利点があるだろうということで、発信の強化というところで取り組んでまいりましたが、委員に御紹介いただいたとおり、一方で、拡散力が強過ぎるがゆえに、町会が想定する中でのコントロールといいましょうか、制御するのが非常に難しい。これがＳＮＳのもろ刃の部分であろうかというふうに思っております。そういった中で、見直しの部分もかかっているのかなというところもありまして、例えばもう少しクローズといいましょうか、局所的、局地的に、やはり紙での回覧、また掲示板等を活用いただいた中で、拝見しましたところでは、チラシに切取り線がついていて、このチケットを持って町会の方はお越しくださいといったイベントなども、やはり皆さん工夫されていると考えております。

一方で、地域の心意気という部分で、地域の皆さん、特に子供を、例えば学区であるとか、そういったエリアを捉えて、自分の町会だけでなく、地域の子供だという視点も非常に多く持っていただいているというふうに感じてございます。そういった中で、お祭り一つ取っても、物価高騰、人件費の高騰がある中で、なかなか１つのイベントを行うにも、やはり想定を超えるような金額になってきているというところも、お声として入っているところでございます。

そうしたところで、今般、令和７年度の予算になりますけれども、イベント助成の上限額を20％上げたところでございます。そうした中で、先ほども少しお話ししました地域の盆踊り等、伺わせていただきますと、やはり助かったよと。やぐらを組むお金が、昨年度、事業者さんに我慢していただいた部分が、今年度しっかり支払うことができたといったところ、地域の状況を捉えてくれたということで、好意的なお声をいただいているところでございます。そうした中で、委員おっしゃるとおり、まだまだというところも地域の方の本音の部分、確かにあろうかと思います。ただ、20％上限額を上げたところでございますので、そうした中で、まず今年度の動き、後期の秋口からのイベント、また新年に向けての餅つき等のイベントも残ってございますので、そういったイベントの状況、動きをしっかりと検証させていただきたいというふうに考えてございます。

以上でございます。",2025,2025/09/30,決算特別委員会,理事者
,令和7年　決算特別委員会(第3日　9月30日),横田文化・生涯学習課長,竹内幸美,"かえで学級についてでございます。

今、委員に御紹介いただいたとおり、銀座中学校が改修工事中ということで、築地社会教育会館のほうで活動を行っております。かえで学級について説明させていただくと、基本的には、原則として15歳以上、中学生を除く知的障害のある方で、中央区の特別支援学級、心身障害学級の卒業生または中央区内に在住・在勤する方を対象としております。先ほど御説明いただいたとおりで、社会の中で自立して生きていく力を身につけて、豊かな生活を実現すること、それから、いろいろな方がいらっしゃるので、仲間づくりを目指して、多様な年代と交流を持つことを目的とした学級となってございます。

現在、学級生は、３月末ですけれども、37名いらっしゃいまして、年代も様々、20代の方から上は御高齢の方までという方が楽しみながら学級で学んでいるところです。取組としましては、宿泊の研修会を行ったり、レクリエーションをしたり、また、柏学園で合宿を行ったりという活動のほかに、ふだんはグループ学習ですとか、部活動、あとは選択グループ学習など、そういった取組も行っているところです。今、時代に合った取組といいますか、それぞれの時代にあって生活の中で必要な知識であるとか、そういったものを学ぶような取組をしているところでございます。

以上です。",2025,2025/09/30,決算特別委員会,理事者
,令和7年　決算特別委員会(第3日　9月30日),横田文化・生涯学習課長,竹内幸美,"今のかえで学級の学級生のことについてでございます。

今、かえで学級の周知については、区のホームページですとか、かえで学級の御案内を作成いたしまして、１つは銀座中学校、特別支援学級がございますので、そちらでお配りしているほか、例えば福祉センターですとか、グループホームとか、そういったところにお配りをしているところでございます。そういった周知に努めているところではございますが、確かに、委員におっしゃっていただいたとおり、一定程度固定化しているところはございまして、毎年数名の方に入ってきてはいただいているんですが、固定化というところは確かにございます。周知については、これからも努めてまいりたいとは思っているところでございます。

もう一点、オープン学級という学級を行っておりまして、こちらについては、入級を希望する方ですとか、かえで学級に関心のある方、どなたでも御参加いただくことができる学級となっておりまして、実際に、かえで学級の方と一緒に、その日のレクリエーションですとか、そういった取組を通じて、かえで学級を知っていただく。それによって入級していただく方とか、そういった方にもこういう思いが通じればいいと思っているところでございます。

以上です。",2025,2025/09/30,決算特別委員会,理事者
,令和7年　決算特別委員会(第3日　9月30日),平川地域振興課長,竹内幸美,"晴海地域交流センターはるみらいの開館からの状況でございます。

昨日、歳入のところでも少し答弁させていただきましたが、令和５年12月17日の開設以来、まちに人が増える状況に応じて、はるみらいの利用も高まっているところでございます。数値的には、御紹介いただいた会議室、集会室でございますけれども、実は、少し低調なスタートでございました。令和６年１月から３月の利用でございますと、使用率として11.1％だったところが、令和６年度につきましては19.9％、また、直近の数字ですと28.9％というふうに10ポイント近くずつ増加している。これにつきましては、ほかの例えば多目的スタジオは、ヨガ教室であるとか武道とか、様々に使っていただけるスタジオでございますので、当初から稼働が高かった部分がございます。当初から高いスタジオについては、そのまま順調に、例えば多目的スタジオについては、26.6％だったものが次の年度69.9％、直近ですと80.7％ですので、漸増している状況です。その中で、昨日の答弁と重複するところはありますが、集会室の稼働が上がってきたというのが、はるみらいの目的とする地域交流といった部分の地域の活動が徐々に生まれてきている証左、表れではないかというふうに考えてございます。また、音楽スタジオ等も、先ほどの多目的スタジオ等と同じような伸びをしているところでございます。

また、はるみらいにつきましては、コンセプトから設計に至るまで地域の方と一緒につくり上げてきた施設でございます。地域の方からは、ふらっと立ち寄れる、何か用事があるわけでなくても、それこそ散歩の途中でも、暑かったり、寒かったりするときに、ちょっと休もうといったときに、誰かお知り合いの方がいて、お話ができる、そういう施設を目指そうというコンセプトでございました。そういったところを体現しているのが温暖浴のスペースでございまして、こちらは御利用の予約等がなくても来ていただく、言わば公園のような施設でございます。すみません。令和５年度の集計をしていなかったところなんですが、令和６年度から集計を始めまして、例えば月当たり1,360人程度の方がいらっしゃったところが、直近の数字ですと2,170人ですので、用事がなくてもお越しいただいている。特に下校後の小学生の居場所にもなっているかなというところで、様々な利用、目的に応じた、また、目的がなくても集っていただけるようなところでございます。そういった中で、状況としましては、全てのところで稼働が高まっているところでございます。

一方で、課題感としましては、やはり施設運営のノウハウをまだ蓄積している途中でございます。特に、こちらについては、１時間ごとの使用の貸出しというところがありまして、例えば区民館等の３区分とは、使い方、状況が大きく違うところでございます。そういった中で、運営側の至らない部分も当初あったところと、あとは利用者間にルールが浸透し切らないことによる団体同士、利用者同士の、例えばトラブルに発展してしまったり、そういったものをどう防いでいくかについては、今後のノウハウの蓄積といったところが、はるみらいの運営側としての課題感でございます。

また、様々、地域活動スタジオという、音楽ですとか、講演会をしていただくところを持っています。そこについては、地域の方の運営で今後発展していけるようなことを将来的には描いているところでございますが、そちらの部分は、はるみらいの運営側でカバーしないと、まだそこの部分はなかなか難しいところです。今、地域の中にある活動がはるみらいの中でまた起きている。それをつなげていく、まさに交流といった部分に昇華させていくというところが今後の課題であり、目標でございます。

はるみらいの状況については、以上でございます。",2025,2025/09/30,決算特別委員会,理事者
,令和7年　決算特別委員会(第3日　9月30日),平川地域振興課長,竹内幸美,"まず、私のほうから、区内に17館あります区民館の状況等をお話しさせていただきます。

区民館につきましては、館、場所等によっての利便性の違い等もございますので、状況等が一定しているわけではございませんが、50％前後といったところが集会室の稼働率でございます。また、もう一つ、同じく集会施設を持っております中央会館、銀座ブロッサムの状況は、もう少し利用率としては落ちる数字でございまして、例えば昨年度、令和６年度の集会室の利用率ですと25.9％、約25％前後といったところ、一方で、御紹介いただきましたホールにつきましては、非常に稼働があるというところで、令和６年度の数字は66.3％でございまして、直近の数字ですと、ホールは71.4％まで高まっているところでございます。

私からは以上でございます。",2025,2025/09/30,決算特別委員会,理事者
,令和7年　決算特別委員会(第3日　9月30日),横田文化・生涯学習課長,竹内幸美,"私のほうからは、社会教育会館についてお話しさせていただきます。

社会教育会館につきましては、コロナ禍で大分利用率が下がったんですけれども、それが徐々に戻ってきている状態でございまして、まだコロナ禍前までには戻り切れていないところでございます。全体としては７割ぐらいの利用率というところでございまして、特に築地でしたら体育館がございますので、そこの利用率が特に高くて87％、日本橋と月島につきましては、それぞれホールがございますので、そちらの利用率がとても高くなっているという状況でございます。

以上でございます。",2025,2025/09/30,決算特別委員会,理事者
,令和7年　決算特別委員会(第3日　9月30日),黒田商工観光課長,竹内幸美,"私のほうからは、ハイテクセンターと産業会館の利用状況についてでございます。

ハイテクセンターの利用状況につきましては、研修室ですと、令和６年度は年間14.5％の利用率となっております。第１会議室、第２会議室は44から45％の利用率となっているところでございます。令和５年度と比べますと、利用率のほうは若干上がっている状況でございます。

次に、産業会館でございます。産業会館につきましては、展示室の令和６年度の利用率につきましては53.3％。令和５年度については45.6％ですので、上がっているところでございます。また、集会室の利用率につきましては、80.3％になっております。こちらも前年度と比べて若干上昇している状況になっております。

以上でございます。",2025,2025/09/30,決算特別委員会,理事者
,令和7年　決算特別委員会(第3日　9月30日),鷲頭区民生活課長,竹内幸美,"ただいま委員からお話がございましたように、庁内におきましては、公共施設あり方検討会議において、区民館を含みます公共施設の利用の方法について、まさに検討を始めているところでございます。こういった中におきまして、各施設の様々な利用の頻度ですとか、また、施設の仕様といった部分について大きく違いがあるという中で、例えば区民館でいえば、音を出せないですとか、飲食ができない、また揺れにさほど強くはないといったような課題などもございます。様々な利用の用途に供するためには、こういった課題の部分も解決していかなければならないものと考えておりますので、今後、まさに公共施設あり方検討会議を含めまして、様々な形で施設の課題を捉えて検討してまいりたいと考えているところでございます。

以上でございます。",2025,2025/09/30,決算特別委員会,理事者
,令和7年　決算特別委員会(第4日　10月1日),平川地域振興課長,小坂和輝,"プロアクティブ・コミュニティの進捗というところでございますけれども、委員から御紹介いただきましたとおり、基本的に地域の中で様々な活動を通じて地域課題を解決していく、住民自治を体現するような概念でございますけれども、基本的にまず１点、昨日も答弁申し上げた町会活動とか、そういった本区ならではの地域活動を支援することで、伝統の継承とか、にぎわいの創出といった側面、また、所管事項でございますけれども、協働の推進という概念も非常に重要なところでございまして、団体の育成をするといったところで、行政ではなかなか手が届きにくい部分に対しての地域課題といったところを、共にパートナーシップを結び、課題解決に向け進んでいくというところでございます。そのため、本区におきましては、十思スクエアにあります協働ステーション中央の拠点、こちらは中間支援拠点としての運営でありますとか、また協働の事業におきましては、協働推進会議の指針の下、補助事業でございます活動補助金、また協働提案事業といったところの活動を通じまして地域の活動を支援し、それによって地域課題の解決を目指す、そういった姿でございます。

以上でございます。",2025,2025/10/01,決算特別委員会,理事者
,令和7年　決算特別委員会(第4日　10月1日),平川地域振興課長,小坂和輝,"まず私から、今御紹介のありました友好都市でございます東根市とは、来年度、友好都市が始まってから35周年の節目を迎えるタイミングでございます。予算編成を通じまして、どういった来年の事業を進めていくかというところを検討の段階でございますけれども、また来年度につきましては、区制施行80周年ということで、タイミングが合致するところでございます。所管の例えば大江戸まつり盆おどり大会とか、雪まつりとか、晴海まつりとか、あと東根市とは、あちらのイベントに行き来をしております東根まつりとか、また本区の大江戸まつりに、当時パレードを行っていた時期は東根市長にお越しいただいて、そういったイベントのタイミングでも交流を深めてございましたので、そういったところを念頭に置いて、先方東根市とも協議させていただきながら、しっかりと節目といいますか、それを区民の方にＰＲし、本区と東根市等友好都市との交流がさらに深まるようなものにしたいと考えてございます。

私からは以上でございます。",2025,2025/10/01,決算特別委員会,理事者
,令和7年　決算特別委員会(第4日　10月1日),横田文化・生涯学習課長,小坂和輝,"私からは、サザランド市との交流ということでちょっとお話をさせていただきます。

来年がサザランド市との交流35周年ということでございます。30周年のときはコロナ禍ということもございまして、通常であれば、こちらからサザランド市に伺って、向こうからもこちらにお迎えするという形でございましたけれども、コロナで中止ということになってございます。前回が25周年でしたので、今回は10年ぶりの35周年ということにはなるんですけれども、どういったことができるかということは来年度に向けてしっかり考えていきたいとは思っているところでございます。特に今、多文化、外国人の住民の方が増えているという状況もございますし、交流というところはしっかりとどういう形でできるのかを考えていきたいと思ってございます。また、サザランド市を含めて、区民部一丸となって取り組んでいきたいと思っているところでございます。

以上でございます。",2025,2025/10/01,決算特別委員会,理事者
,令和7年　決算特別委員会(第4日　10月1日),濱田区民部長,小坂和輝,"区民部は様々なイベントを持ってございます。今、予算編成に向けて、先ほども答弁させていただきましたけれども、いろいろ検討中でございます。80周年記念ということで、それにふさわしい各イベント等について、内容の充実をこれから検討していきたいと思っております。

以上でございます。",2025,2025/10/01,決算特別委員会,理事者
,令和7年　決算特別委員会(第4日　10月1日),平川地域振興課長,小坂和輝,"区制施行80周年記念事業として行います東京湾大華火祭でございますけれども、両隣にあります江東区、港区も同じく区制施行80周年ということはお聞きしております。ただ、まず東京湾大華火祭を一緒にやっていただけるか、御協力いただけるかというところを今協議してございますので、そちらの部分はまだ明らかになっていないところであります。そのため、80周年事業を双方の区においてどうするかといった議論については、まだなされていないところであります。

以上でございます。",2025,2025/10/01,決算特別委員会,理事者
,令和7年　決算特別委員会(第4日　10月1日),横田文化・生涯学習課長,小坂和輝,"まるごとミュージアムについてでございますが、80周年に向けてどういった形が取れるのかというのは今現在検討しているところでございまして、今後もそこは引き続き充実に向けていきたいなとは思っております。

先ほどのＫＰＩのお話もございましたけれども、多くの方に来ていただくというところについては、きちんと周知を徹底していくということと、あとは新規の事業とか、そこら辺は春先から事業者さんを募集したりということはしてはいるんですけれども、そういったところをしっかりと新しい取組をできるように充実していきたいなとは思っております。

以上でございます。",2025,2025/10/01,決算特別委員会,理事者
,令和7年　決算特別委員会(第4日　10月1日),平川地域振興課長,小坂和輝,"まず私から、協働ステーションを通じて見えますＮＰＯの課題というところでございます。これは、ＮＰＯの隆盛は多分2000年頃の阪神・淡路大震災の頃から始まったところと、時がたっている今でも、あまり大きく課題感というものは変わっていないのかなと思いますけれども、本区の協働ステーションとして見るＮＰＯの課題としましては、活動の継続性というところが大きくなるんではないかなと思います。代表者の方の一人のお力の中で団体を起こすというところは、ＮＰＯに至る前の任意団体、一般社団法人とか、そういったところもあるんですけれども、その中で人の力と、あとはお金、例えば活動を継続する資金といったところでの障壁が出てくる。そうした人と資金力が運営の力となりますので、そのバランスが崩れていくとなかなか継続が難しくなるといった御相談が多く寄せられているところでございます。

そのため、協働ステーション中央では、先ほど好循環のサイクルも御紹介いただきましたけれども、組織運営力を高めることによりまして課題の解決に導いていく、また団体が自走していくというあるべき姿を思い描いてございますので、相談支援業務をはじめとして、例えば資金をどう確保していくかというマネジメントの部分まで御相談に乗っているところでございます。

私からは以上でございます。",2025,2025/10/01,決算特別委員会,理事者
,令和7年　決算特別委員会(第4日　10月1日),鷲頭区民生活課長,小坂和輝,"私からは、まず火葬料についてのお答えでございますけれども、現時点におきまして、火葬料の高騰についてということで、区民の方々とか事業者の方々から特に御相談はいただいていない状況でございます。

次に、ＡＩの活用についてということでございます。ＡＩの活用ということで、区民生活課においてどういったものが該当するかということを考えておりますが、一番ありそうな部分としては、国と連動した形で消費生活関係の相談を行っているところでございます。国がＰＩＯ－ＮＥＴという形で相談記録を取りまとめておりますけれども、これの取りまとめにおいてＡＩ活用を検討されているということは耳にしているところでございます。私どもといたしましては、そういった観点での間接的な活用ということが考えられるかなというところでございます。

以上でございます。",2025,2025/10/01,決算特別委員会,理事者
,令和7年　決算特別委員会(第4日　10月1日),平川地域振興課長,小坂和輝,"協働事業の展開というところでございますけれども、本区で施策事業として取り組んでおりますのが、協働提案事業と社会貢献活動事業補助金といったところがメニューとしてございます。コロナ禍で、協働提案事業につきましては少し一時期低迷いたしました。令和３年、４年というところで提案がなかったことによりまして採択がされなかったものでございますが、令和５年度の採択としまして、女性防災リーダー養成事業というところで、こちらについては防災の所管と今現在、昨年度と今年度という２か年で進んでございます。私も事業を拝見していますと、非常に精力的な方といいますか、防災意識の高まりとともに非常に参加者の熱意を感じる事業でございます。そういったところが、区と団体が協働して行う意義がこの部分で体現されているかと感じております。

また、協働提案事業はそういった重要な部分もございますので、以前は時期を決めて提案の御申請をいただいていたんですけれども、今は通年化して、随時募集するような形にしてございます。そういった中で、所管部署とマッチングをどう調整するかというところも重要な部分でございますので、地域課題、行政課題というものを共に同じ方向を見定め、どういった事業展開ができるかというところを一つずつ団体と所管課と今丁寧に協議を行っているところでございます。

社会貢献活動事業補助金につきましても、少しコロナ禍の低迷もありましたけれども、低迷のところで団体からお寄せいただく、特に先ほど答弁申し上げましたＮＰＯ等団体の課題としましては資金力といったことがございます。事業を行いたいという熱意の中で、なかなかそれを行う資金をどう確保するかといったところで、この事業をうまく御活用いただいているのかと考えてございます。この２つをしっかりと組み合わせて協働提案事業を展開していきたいと考えてございます。

またもう一つ、はるみらいにおいての交流の促進という観点でございますけれども、先ほどお話しいただいた協働ステーションがはるみらいを支援しているという形ではなくて、はるみらいの指定管理事業者から、協働ステーションの取組をはるみらいにおいても展開したいというところです。それも、晴海地域にお勤めの方とか、地域活動をこれからしていきたいという思いのある方がいらっしゃるのではないかと。そういった方を発掘し、つなげていくといった事業のところで、先ほどの協働ステーション中央の運営事業者がそういったことにたけているのではないかというところで依頼をしまして、その事業展開を地域交流会という形で実施してございます。

そういった交流というところで、言葉がちょっと独り歩きしていますけれども、昨日申し上げた交流に昇華させたいということは、各お部屋の中で、言ってしまえば点の動きをされ、団体ごとの動きをされているものをどう有機的につなげていくか、ネットワーク化していくかということが地域交流であると考えてございますので、そういった活動が促進される。例えばイベントとか、先ほどの交流というタイトルをつけた講座、集まりを催していくことによって、そのネットワークが重層化し強くなっていけば、皆さんで自走していただけるような姿を思い描いて事業の展開をしているところでございます。

私からは以上でございます。",2025,2025/10/01,決算特別委員会,理事者
,令和7年　決算特別委員会(第4日　10月1日),鷲頭区民生活課長,小坂和輝,"まず、火葬料金の指導権限についてでございますけれども、本区には火葬場がございませんので、当然のことながら火葬場が所在する区の保健所の関係が公衆衛生の観点で指導権限を持つということはございますけれども、料金設定については、その所在区であったり、都であったり、国であって、いかなるところについても指導権限というものはございません。

次に、ＡＩ活用のお話を先ほど申し上げたのは、あれは国において、チャットボットというか、ＡＩを活用した形でＰＩＯ－ＮＥＴという相談記録を取りまとめるシステムがございます。それは、各自治体が相談記録として提出した情報を吸い上げて、それを編集、取りまとめるに当たってのＡＩ活用を検討しているという状況でございますので、本区においてチャットボットを使って展開するというものではないことを御了承いただきたいと存じます。

以上でございます。",2025,2025/10/01,決算特別委員会,理事者
,令和7年　決算特別委員会(第4日　10月1日),鷲頭区民生活課長,永井佳代,"まず、おくやみコーナーの運営に関係します、亡くなった方等の使用割合といった観点についてでございますけれども、亡くなった方の戸籍上の届出というところですとばらつきがございますので、ここでは実際に住民票が死亡除票された方に限定した形で申し上げますと、そうした方々が昨年度の令和６年７月の開設以降、約900名ほどいらっしゃったような状況でございます。

その上で、おくやみコーナーを利用された件数、これはまだ詳細にこのとき、昨年度について細かく分類をかけているわけではないので、あらゆる御相談、対応等を含めた形になりますけれども、その件数で申しますと500件強といったところになっております。ですので、単純にこの数値だけの割合で見ますと、６割ほどが利用されているということになりますが、実際に今申し上げましたとおり、この御対応というのはあらゆる相談対応についてを含めているものでございますから、あまりこの６割というのは現実的な数字ではないのかなと私どもは捉えているところでございます。そこで、来庁者サポートということで、実際におくやみコーナーを予約されて御利用された方々の割合で申し上げますと、この割合といたしましては、先ほど申し上げた住民票が死亡除票された方々の割合ということで鑑みますと、約２割程度の方々が該当する数字となります。このあたりになってきますと、おくやみコーナーを実際に利用された方と、区民で亡くなられた方との相関関係という点では、一定程度信憑性のある数字であるのかなと私どもは捉えているところでございます。

以上でございます。",2025,2025/10/01,決算特別委員会,理事者
,令和7年　決算特別委員会(第4日　10月1日),鷲頭区民生活課長,永井佳代,"おくやみコーナーの相談枠は、実際の来庁者サポートの枠に対してということで承りますと、現在の利用率としましては、枠に対しましておおむね６割程度といった利用となっております。現時点におきまして、まだ予約が取れないといったほどの状況ではないというところでございますので、私どもといたしましては、現在の運営体制を維持しつつ、その動向については注視してまいりたいと存じます。

以上でございます。",2025,2025/10/01,決算特別委員会,理事者
,令和7年　決算特別委員会(第4日　10月1日),鷲頭区民生活課長,永井佳代,"おくやみコーナーにおける対応でございますけれども、現在、おくやみコーナーでは、区役所に関係します約50強の事務について対応しているところでございます。また、そのうち外部との関連が深いような内容についても承ってはいるところでございます。ただ、いかんせん、どうしても先ほど委員が御案内されたような金融機関の関係とか、あと相続における登記等の関係につきましては、私どもだとなかなか御対応しかねるというところではございますけれども、我々が発行しておりますおくやみハンドブックにおきまして、そうした関係各所の御連絡先等も記載しております。御相談をいただいた際には、そうした御案内なども含めまして、丁寧に御対応しているところでございます。

以上でございます。",2025,2025/10/01,決算特別委員会,理事者
,令和7年　決算特別委員会(第4日　10月1日),鷲頭区民生活課長,永井佳代,"おくやみコーナーにおきましては、今、委員がお話しされたようなグリーフケアの観点も含めまして申し上げますと、現在の運営を委託しております事業者が葬祭関係も担っている事業者でございます。そうした意味で、その社内での研修等を含めました社員教育等を含めて、こうしたグリーフケア、遺族の悲しみに寄り添う姿勢というものは常に身につけており、またこうした相談事業も総合的に行っている事業者でございますので、そうした法律的な観点とか専門用語等についてはできる限り使うことなく、また遺族の方は当然消沈されている中での御対応となりますので、分かりやすい言葉で、またいろいろ我々がふだん手持ちで持っております資料なども活用しつつ、できる限り具体的にイメージをしやすいような御説明を差し上げているところでございます。

以上でございます。",2025,2025/10/01,決算特別委員会,理事者
,令和7年　決算特別委員会(第4日　10月1日),鷲頭区民生活課長,永井佳代,"おくやみハンドブックにつきましては、先ほどもお話にございました、作成を委託しています事業者が関連事業者を含めまして広告を集めまして、その広告費により作成されているものでございます。ですので、一部というわけではなく、全額そうした事業者からの広告出稿料で賄われているものでございますので、区として負担した金額はございません。

以上でございます。",2025,2025/10/01,決算特別委員会,理事者
,令和7年　決算特別委員会(第4日　10月1日),鷲頭区民生活課長,永井佳代,"おくやみハンドブックに掲載されております企業の広告につきましては、先ほど答弁申し上げましたように、事業者のほうでまず広告の出稿主を集めてくるということになっております。ただ、その集められた、また記事として作成された広告内容をそのまま直ちに掲載するという仕組みではなく、私ども区民生活課の職員が一つ一つ内容をちゃんと確認し、また実際に営業実態があるかといった調査も行いました上で、この広告の安全性という部分を一定程度担保する形で掲載に至っているところでございます。我々といたしましても、おくやみハンドブックに掲載された事業者が何らかの不祥事を起こすということはあってはならないことだと考えておりますので、こうした形で、ある程度厳しく、その意味では対応を取りながら広告掲載を認めているというところでございます。

以上でございます。",2025,2025/10/01,決算特別委員会,理事者
,令和7年　決算特別委員会(第4日　10月1日),鷲頭区民生活課長,永井佳代,"昨年度の７月に開始して以来、おくやみコーナーにおきまして現時点で外国人の方の御対応をしたということは、記録として残ってはおりません。ただ、そうは言いながら、外国人の方々が多くなっているという状況については我々も十分認識しておりますので、今後そうした方々が実際に窓口にいらっしゃる可能性は考慮しておく必要はあるものと考えております。

そうした中で、私どもは基本的には、庁内手続を中心とした形で日本国の法律に基づく各種制度の対応をしているということがございますので、外国人の方々の多様な文化的背景の部分まではカバーがし切れないところもあろうかと思いますけれども、まず日本国の法制度の関係で申し上げますと、我々区民生活課の窓口には常日頃多くの外国人の方がいらっしゃっております。そうした方々に対応できるような翻訳機能を備えましたタブレットとか、電話によりますコールセンター等も含めて御対応はできるところでございますので、今後そうした形でおくやみコーナーに外国人の方がいらっしゃった場合は、こういった施設・設備等機能の活用なども行いながら御対応をしっかりと行ってまいりたいと存じます。

以上でございます。",2025,2025/10/01,決算特別委員会,理事者
,令和7年　決算特別委員会(第4日　10月1日),平川地域振興課長,永井佳代,"晴海まつりにおいて地域交流が促進されたのかという観点でございます。予算額、また支出額については御紹介いただいたとおりの数字でございます。主なものとしましては、晴海まつりを実施する際に、例えば会場のしつらえ、ステージを造ったりとか、そういった実施委託、また少し目玉のコーナーになりましたけれども、デジタルアトラクションといったコーナーの設置等を行いましたところが主な支出の委託料の部分で1,000万円でございますので、ほぼその部分が占めたというところでございます。

また、晴海まつりを通じてどの程度地域交流が促進されたかというと、コミュニティの部分を数値化することはなかなか難しいところでございますけれども、令和６年12月14日に行いました第１回の晴海まつりには当日延べ6,300人の方にお越しいただいたところでございますので、その数字からしても、大変多くの方にお越しいただき、楽しんでいただいた。また、こちらにつきましては、晴海連合町会をはじめとします晴海地区の各自治会の方にも運営の協力をいただいたところでございます。住んでいる方が一つのイベント、一つの場所に集うことでの交流といった側面と、また運営に携わっていただく方々の中での地域を支えていただいている方々の交流も当日の場面では見受けられました。一つ象徴的なのは、おみこしの展示を行いました。地域の宝でありますおみこしを大事にされている連合町会長の方が小学生にこのいわれを話しているシーンといいますか、お姿は、非常にその交流の新たな部分、子供に引き継ぐといったところを象徴するようなシーンであったかと感じたところでございます。

以上でございます。",2025,2025/10/01,決算特別委員会,理事者
,令和7年　決算特別委員会(第4日　10月1日),平川地域振興課長,永井佳代,"来場者の方の属性といいますか、傾向といったところなんですけれども、現地でアンケートを行うことをしてございませんので、これは見た当日の様子からの推察になりますけれども、基本的にはファミリー層が非常に多かったというところです。特に、御高齢の方ももちろんいらっしゃるんですけれども、圧倒的にお子様、家族連れの方が多かったところ、またお子さんの年齢も比較的小学校低学年から未就学児の方が多かったのではないかと感じたところでございます。

属性のところについては、どこからいらっしゃっているのか、月島地域の中でお越しになったのか、ほかのエリアからなのかといった属性は確認が取れていないところがありますので、第２回と今年度は少しそういった傾向が取れるのかといったところを今、課題として持っているところでございます。

また、第１回の構成といいますか、内容をどのように決めていったかというところでございます。少し細かい部分でございますけれども、ベース、基礎となる部分につきましては、区のほうである程度構成を、例えば大江戸まつりとか、雪まつりとか、そういった所管のイベントを参考にしつつ、どういったものが地域の方に受け入れていただけるか、楽しんでいただけるかというところをベースに考え、それをはるみらいの運営協議会の前の母体がありましたので、そういったところで地域の方々に少し御相談、例えば連合町会長とか、こういったプログラムを区の中で考えていますが、いかがでしょうかといったところで、様々な御意見をいただいたところでございます。意識したところは、先ほど申し上げたベースとなるほかの祭りのところはありますけれども、地域の魅力とか地域の動きといったものをどうそのイベントの中で見ていただけるか。例えばステージイベントといったところは、地域活動、例えばダンスのサークルとか、そういったことをふだんやられている方の発表となる、そういった部分を意識してきたところでございます。

外側のはるみらいの環境としましては、貫通通路は中の部分と外側を一体化して使える利点がありますので、そこの施設特性を捉えながら、ステージイベントを外側に配置し、中にはみこしをエントランス部分に配置することでインパクトのあるようなところ。左側のふだん地域交流スタジオスペースにしている部分には、縁日コーナーということで町会の方に運営していただく、少し懐かしいような射的とか輪投げ、スーパーボールすくいといったところで、自治会の方がふだんお祭りでされているような活動を展開し、２階以降のところにはオリンピックのレガシーを配置することで選手村のレガシーを継承していく。また、その上のフロアについてはデジタルアトラクションということで、少し新しい施設の魅力的な部分を御紹介したというところです。いずれにしましても、第１回でございましたので、それを踏まえた課題感というところと、これは様々なところで答弁申し上げていますけれども、少し晴海地区の中で拡大していく要素をもって今後の晴海まつりを展開していきたいと考えてございます。

以上でございます。",2025,2025/10/01,決算特別委員会,理事者
,令和7年　決算特別委員会(第4日　10月1日),平川地域振興課長,永井佳代,"晴海まつりにおいての環境配慮といったところでございますけれども、基本的に、御紹介いただいたようなリユース食器の使用はなかったところでございますけれども、この環境に配慮することと、適切な効率的な予算執行をするということは近しいところがあるのかなと考えてございます。要は無駄な支出を減らすということが、例えばチラシの部分ですけれども、周知という観点では、チラシを刷ってＰＲするということは大変有効でございますけれども、そういった数を精査するといったところ、その部分が環境負荷の軽減につながっているのかなと考えてございます。

ただ、一方で、御紹介いただいたような見える形、例えば来場者の方に見えるような形での取組といったところは課題感がありますので、どういったことができるかということを検討していきたいと考えてございます。

以上でございます。",2025,2025/10/01,決算特別委員会,理事者
,令和7年　決算特別委員会(第4日　10月1日),平川地域振興課長,永井佳代,"東京湾大華火祭について、今御紹介いただいたような港区との協議というところでございますけれども、これは遡りますと、令和４年の頃から、その当時は80周年というところを共に目指すという方向性ではなくて、まず東京湾大華火祭を開催するに当たって周辺区との協力関係を得られないかということでスタートしてございます。基本的にはその姿勢というか、方向性は変わっておりませんで、今般、来年度の開催ということで80周年記念事業と、まず中央区の中で位置づけているものでございますので、それに例えば周辺区、港区とかがどのようにお考えになるかというのは別の部分でございます。ですので、あくまでも今は本区としての中央区制施行80周年記念事業として行う方向ですということを港区側にお示ししている状態で、それを今どのようにお捉えになるのかといったところは、中央区としては待ちといいましょうか、こちら側から何か持ちかけるというよりも、どうお考えになるかというお答えを待っているという状況でございますので、すみません、お答えできる範囲がここまででございます。

以上でございます。",2025,2025/10/01,決算特別委員会,理事者
,令和7年　決算特別委員会(第4日　10月1日),平川地域振興課長,永井佳代,"地域経済への波及効果の部分でございますけれども、まず平成27年が最後の大会でございます。当時の状況でございますけれども、例えば、会場内において地元商店街の方に物販を行っていただいていたといったところがございました。また、平成18年のときに経済効果の測定を行ってございます。そのときに、中央区ということだけではなくて、全体的に及ぶ効果として73.7億円の経済効果があるといった数値が出てございます。未来の令和８年度の経済効果の測定は、まだ実績を伴っておりませんので、不可能でございますけれども、物価のスライド等、現在の状況を考えますと、それ以上の経済効果が出ると認識してございます。そういった中で、地元へいかに経済効果が及ぶかというところでございますけれども、まず平成27年当時の物販を再現できるかは、それこそ会場計画、いわゆる観覧席をどういった形で配置するかとか、そういった中でいわゆる余剰スペースをどのように生み出せるかといったところを今、検討の段階でございますので、まだ明確にそういったものができるとは明言できない状況でございますが、東京湾大華火祭の経費の部分は非常に課題でございます。そういったものを区民の方に安心して受け入れて見ていただくといったところでも、地元への経済効果がどのように及ぶのかということも関心が高い部分かと存じますので、そこの観点も踏まえて今後の計画を進めていきたいと考えてございます。

以上でございます。",2025,2025/10/01,決算特別委員会,理事者
,令和7年　決算特別委員会(第4日　10月1日),平川地域振興課長,永井佳代,"東京湾大華火祭における安全性の確保といったところでございますけれども、まず基本的に警備計画を立てるに当たりましては、平成27年度の状況をベースにしていくところでございます。そこから、おっしゃっていただいたとおり、10年間の時を経ておりますので、まず一番大きいのは会場の周辺環境が変わっているといったところを、例えば幹線道路環状２号線が開通したこととか、そういった会場周りの環境という状況をしっかりと把握するということでございます。その上で、安全な警備計画の策定に当たりましては、所轄警察、また警察・消防関係機関との調整というところも十分ございます。そういった中で、雑踏警備の観点とか、アドバイスをしっかりと受けながら、また冒頭に申し上げたとおり、しっかり安全に開催するということが一番の目的でございますので、そこを重要な部分として捉えて計画を進めてまいります。

以上でございます。",2025,2025/10/01,決算特別委員会,理事者
,令和7年　決算特別委員会(第4日　10月1日),黒田商工観光課長,田中広一,"私からは、中央区を取り巻く経済状況とその対策等の取組でございます。

委員御案内のとおり、本区では、買物券をはじめとしまして、区内の中小企業に向けた経済対策に取り組んでまいっております。昨今、新聞報道で見ますと、例えばＧＤＰの上方修正とか、経済の上昇に向けて、少し明るくなっているような記事も多々見受けられるようになっている状況でございます。

本区におきましても、区内の景気動向調査ということで２か月に一遍調査をさせていただいている中でも、企業の動向関連のＤＩ等は前回調査よりも上がったりしている状況でございます。ただ、一方で、先行きというところで考えますと、海外の情勢とか、物価高、人手不足というところがなかなか懸念材料でありまして、楽観視できないという御意見もいただいているところでございます。また、業態とか企業の規模においても差があるような状況でありまして、全体として景気が上がってきているというところではなかなかないのかなという認識でおります。

そんな中、限度額の増額とか新設の融資等、融資の相談等も受けている中では、少し前向きな融資、例えば事業を拡大するための資金とか、人を雇うための資金を借りたいといった御相談もいただいているところでございます。

また、今回、令和７年度で事業承継メニューの部分で既に２件あっせんをしているというところで、区が行ってきている事業の充実につきましては、区内の事業者の方に御利用いただいている状況と考えております。

買物券につきましては、昨年度と２年連続でまた区民の方に落選者が出てしまったということで、この前の再抽せんの結果、当初、区民の方にお申込みいただいた数で言いますと区民の方の97.2％が御購入いただいているというところで、1,400人程度落選者が出ているという状況になっております。

以上が取組となっております。",2025,2025/10/01,決算特別委員会,理事者
,令和7年　決算特別委員会(第4日　10月1日),鷲頭区民生活課長,田中広一,"私からは、消費生活相談とおくやみコーナーについて答弁申し上げます。

まず消費生活相談につきましてですが、状況や変化といった観点で申しますと、中央区ならではというか、私どもの相談の記録には、日々報告を受け、私も全て目は通しているところでございますけれども、美容関係のトラブルが男性、女性を問わず大変多いなということは認識しているところでございます。

そういった観点と併せまして昨今増えておりますのが、インターネット、携帯電話やモバイルＷｉ－Ｆｉといった通信関係の利用に関するトラブルについても報告が多く寄せられてきているという状況がございます。また一方で、高齢者の方々におきましては、従前からもその傾向はございましたが、住宅関係の修繕に関するトラブルの御相談が目に留まるところでございます。

こういった状況がある中で、私どもは、課題といたしましては、まずこういった御相談の事案をいかに区民の方々が受けないようにするか、要はトラブルを未然に防ぐことができるかということが大変重要であると考えております。そうした点で私ども消費者行政の意識啓発の取組といたしましては、消費生活展をはじめとしていろいろと機会がございますので、こういった点を通じて消費者の皆様、区民の皆様に注意喚起を行っていきたいと考えているところでございます。

続いて、おくやみコーナーの関係でどのような相談があるかといった相談内容についてでございますけれども、法律関係の御相談をいろいろとお尋ねになられることが多くございます。また、おくやみコーナーならではというか、お亡くなりになられた方の相続の関係がございますので、戸籍の取得とか、あと亡くなられた方の年金とか、福祉関係の手続の御対応の御相談が多く寄せられているところでございます。私どもといたしましては、こうした御相談についても、同じ課内ということもございますし、また他部局もあれば、連携してこういった御相談に区民の皆様に寄り添いながら御対応さしあげているところでございます。

私からは以上でございます。",2025,2025/10/01,決算特別委員会,理事者
,令和7年　決算特別委員会(第4日　10月1日),平川地域振興課長,田中広一,"まず、公衆浴場の利用状況についてでございます。今、区内にあります浴場は、令和７年度は７つの浴場になってしまっているところでございます。民営の状況については子細に把握していないところでございますが、公設浴場の利用状況と、あとふれあい銭湯の利用状況から考えますに、ほぼ微増ということが続いているところでございます。人口の伸びに対してこの利用状況というのは伸び率としては弱いところでございまして、恐らくこれだけ集合住宅にお住まいの方が多くいらっしゃって、持ち風呂率というお風呂がお家にあるかどうかという率については、ほぼ100％に近い数字ではなかろうかというところでございます。そういった中で、また燃料費の高騰等によりまして料金は、今年度は据置きになっているんですけれども、550円という負担感も一方であろうかなというところで、人口の伸びに対して利用の実績の状況はあまり伸びが高くないというところでございます。

また、保養所の利用者の増の傾向でございますけれども、御紹介いただいたとおり、伊豆高原荘、また区民健康村ヴィラ本栖、両施設とも非常に稼働率は上がってございます。令和６年度は伊豆高原荘ですと83.4％という稼働率でございました。80％を超えると、恐らく区民の方でも思うように予約が取りにくくなっている状況かなというところでございます。ヴィラ本栖につきましても、令和６年度の客室の稼働率は71.8％でございまして、今手元にある直近の令和７年度の数字はそれを上回っているような状況でございます。

非常に御支持いただいているかなというところでございまして、どこに要因があるかということにつきましては、基本的に指定管理事業者のしっかりとしたサービスが好評である。例えば伊豆高原荘ですと、海に近いという立地を生かしたお料理が非常に好評なところ、またヴィラ本栖につきましては、ホテルライク、ホテルのような上質なサービスを受けられるといったところで、よくアンケートからも拝察するに御好評をいただいております。また、これはインバウンドの影響等だと思うんですけども、例えば区内のホテルの価格も一昨年、昨年から比べると非常に上がっている中で、今、区の保養所については料金を据え置いていることから、周辺と比べると非常に低廉であるといったところも好評の一つの要因であると分析してございます。

以上でございます。",2025,2025/10/01,決算特別委員会,理事者
,令和7年　決算特別委員会(第4日　10月1日),黒田商工観光課長,田中広一,"私からは、区内共通買物・食事券の件について答弁させていただきます。

委員の御案内のとおり、令和７年度につきましては発行総額を増やしまして、より多くの区民の方に買っていただけるように実施したわけですけれども、昨年度の区民の方の申込みの数から、令和６年度から７年度にかけて申込み自体が9,000人増えている状況でした。その結果、当初は増額分で何とか区民の方は皆さん購入いただけそうだという見込みでいたんですけれども、想定よりも申込みがかなり多かったというところで、今回も落選者が出てしまったという状況になっております。

今後の買物券の事業の方向性につきましては、今回、発行総額としては30億円、中小企業支援として区内の事業者のにぎわいというところで、区民の方に使っていただいているということになりますけれども、30億円という金額が区内の事業者に落ちるというところを踏まえましては、区としては一定程度効果があると認識しているところでございます。この額をさらに広げるというところにつきましては、なかなか厳しい課題もあるのかなとは考えておりますけれども、あとは区民の方がお申込みいただいて、どうしても抽せんにはなってしまうところでありますので、少なくとも公平性をしっかり感じていただけるような形の事業について、今、課の中でも、どういった方策があるかということに関しましては議論している状況でございます。

以上でございます。",2025,2025/10/01,決算特別委員会,理事者
,令和7年　決算特別委員会(第4日　10月1日),鷲頭区民生活課長,田中広一,"私からは、相談員の研修体制についてでございます。

まず、消費者相談におきましては、私どもの消費生活センターの相談員におきまして、国や国の関係機関、また東京都などを含めまして、様々な研修が対面、オンラインを問わずございます。こういった研修を積極的に受講することによりまして、消費生活、また消費者行政の変遷とか細かな変化に対応できますように、知識習得に努めているところでございます。

以上でございます。",2025,2025/10/01,決算特別委員会,理事者
,令和7年　決算特別委員会(第4日　10月1日),平川地域振興課長,田中広一,"私からは、身近な憩いの場と御紹介いただいた公衆浴場のところでございますけれども、委員の御認識のとおり、同じ認識を所管課長としても持ってございます。伝統といいますか、文化を有しながらコミュニティの醸成に資する重要な部分を、公衆浴場に担っていただいていると考えてございます。

今後というところでございますけれども、まずしっかりと区のふれあい銭湯の実施とか、燃料費助成、設備の改修に資する助成事業というところをしっかり継続していくことで、浴場の経営といいますか、確保といった運営を支援していくというところと、あとおととしから始めましたりんご湯というものがございまして、友好都市の山形県東根市のリンゴを使って、お湯にリンゴを浮かべるという事業をこちらでコーディネートして、浴場組合と協議して開催することができまして、非常に御好評であったというところと、区としても友好都市の東根市をＰＲでき、また浴場にとっては、そういった目玉といいましょうか、イベント的に新しい方もお越しになったといったところがありましたので、相乗効果を狙える余地はまだあるのかなと考えてございます。今７つの浴場がございまして、それをまとめていただいている浴場組合がございますので、そういったところとどういったことを区としても御支援できるかといったことをしっかりと協議して、続けていきたいと考えてございます。

以上でございます。",2025,2025/10/01,決算特別委員会,理事者
,令和7年　決算特別委員会(第4日　10月1日),黒田商工観光課長,田中広一,"私からは、出張経営相談の件にお答えさせていただきます。

委員御案内のとおり、ここ数年、出張経営相談につきましては利用が急増しているところでございます。区としましても予算を増やしながら対応している状況でございます。また、今、出張経営相談の状況におきましては、特に予約が埋まってしまって受けられないとか、そういった状況はなくなっておりますけれども、本事業の数が増えているというところも踏まえまして、迅速に対応できるような体制を取っているところでございます。

また、御案内いただきました東京都中小企業振興公社の専門家派遣事業につきましては、当然、区で今、出張経営相談を無料で行っているという部分、それから東京都のよろず支援拠点でも一応専門家の相談を受けているということになっております。また、区の相談事業の強みとしましては、創業時、出張経営相談を受けた後、事業を継続する中でも中央区の無料の経営相談を受け、いろいろアドバイスを受けながら事業継続ができるというところも強みだと思っておりますので、一時的には中央区の出張経営相談を含む総合的な経営相談の中で相談を受けていきたいと考えております。その中で、相談内容によって、当然、専門家の御意見をより伺ったほうがいいようなものにつきましては、よろず支援拠点や中小企業振興公社のほうの御案内をさせていただいているところでございます。また、この専門家派遣事業の補助の部分につきましては、数区の自治体で補助金を実施しているという実績があることも認識していますので、他の自治体の状況も踏まえながら、また御利用者の要望とニーズなども把握しながら検討していきたいと考えております。

以上でございます。",2025,2025/10/01,決算特別委員会,理事者
,令和7年　決算特別委員会(第4日　10月1日),鷲頭区民生活課長,田中広一,"私から、まずおくやみハンドブックを含めましたおくやみコーナーの運営についてでございますけれども、おくやみハンドブックについては、確かに広告出稿をいただいているところでございます。そうした出資された資金が原資となって、区としての負担なく作成ができているというところで御協力をいただいております。ただ、その事業者にあくまで限定されるものではないということは我々も常に念頭に置いているところでございまして、おくやみハンドブックを実際に構成、作成する作業の中でも、様々な関係の団体の皆様に御協力いただいて作成されているものでございます。私どもといたしましては、こうした関係団体の皆様との協力関係を大事にしながら、引き続き円滑にコーナー及びハンドブックの運営、作成を行ってまいります。

あと、窓口の取組ということで、私どもは区民部なので、代表的な部分で区民生活課と出張所の関係で書かない窓口、行かない窓口というところでの御対応でございますけれども、大きな部分といたしましては、例えば転入手続については、現在マイナンバーカードとマイナポータルを活用して転入の予約ができるようになっておりますし、転出についてはこの２つのみで手続が可能となっているところでございます。我々も特にこうした転入の部分とか、あと戸籍に関する出生、死亡の届けなどについても、様々、オンライン化の検討を含めて国でもなされているという情報は耳にしているところでございます。こういった国、都の動向を見定めながら対応してまいりますとともに、このデジタル活用の利便性をなかなか受けられない方もいらっしゃるということは重々承知しているところでございます。私どもといたしましては、現在におきましても高齢者の方の御対応とか外国人の方々の御対応といった形で、こうしたデジタル化を含めまして効率化できた余剰の時間を割いているところでございます。こういった丁寧な取組を引き続き進めてまいりたいと存じます。

私からは以上でございます。",2025,2025/10/01,決算特別委員会,理事者
,令和7年　決算特別委員会(第4日　10月1日),鷲頭区民生活課長,山本理恵,"おくやみコーナーの課題という点でございますけれども、実は私どもも今一番課題であるなと認識しておりますのが、おくやみコーナーの存在自体の認識。要は区民の方々におけるこのコーナーの認知率の向上を図っていきたいと考えているところでございます。先般、区政世論調査で、こちらは令和６年度新規事業でございますので、状況の確認をしているところでございますが、その結果、あまり区民の皆様への周知が進んでいない状況であるということは我々も捉えたところでございます。ただ、その一方で、クロス集計されたデータなどを見ていますと、高齢者になればなるほどこのコーナーの存在は認識されておりますし、私どもで見ていた中で特徴的だなと思いましたのは、区内で一戸建てをお持ちの方については、おくやみコーナーの認知率が大変高かったということがございます。先般申し上げましたとおり、区民全般の中で見た際の認識という部分についてはまだまだ取り組む余地はあるものと考えておりますので、引き続き様々な機会を捉えまして、おくやみコーナーの周知に取り組んでまいりたいと考えているところでございます。

また、お話がございました通帳を持参していただくことについてなんですけれども、こちらについては、今現在メインとして捉えていますのは、相続人の方とか喪主の方に通帳の御持参をお願いしているところでございます。これは必ずしも該当するわけではないんですけれども、多くの方に当てはまりますのが、例えば後期高齢者医療保険の適用を受けられた方とか、国民健康保険の活用をされていた方におかれましては、葬祭費が支給できる場合がございます。こうした申請に当たりまして、お振込先の確認に必要なものでございますので、通帳を持参していただいているような状況でございます。

以上でございます。",2025,2025/10/01,決算特別委員会,理事者
,令和7年　決算特別委員会(第4日　10月1日),鷲頭区民生活課長,山本理恵,"デジタル遺品というところでございます。今お話にございましたとおり、確かに通帳のデジタル化というのは様々な場面で進んでおりまして、基本的に都市銀行におきましても新規の通帳発行を伴う口座の開設はなかなか行われにくくなっているのかなということについては認識しております。今現在のというところで申し上げますと、現時点を含めまして近い将来まで見通しましても、おくやみコーナーの利用の対象となる方については、相当数の方々が高齢者であるというのは想定されるところでございます。そうした方々については、まだ通帳をお持ちでいらっしゃるということは考えられるところでございますし、またその相続人の方、喪主の方々についても一定程度の所有はされているものかなとは考えているところでございます。ただ、その先というところになりますと、世代が変わっていけばいくほどオンラインを活用しましたインターネットバンキング中心のペーパーレスの銀行の活用ということは進んでいるところかと存じます。

こういった部分について一つ参考になれるかなと考えておりますのは、死亡された方の相続手続について、今は国でも検討されておりますが、例えば死亡された方の戸籍に関係しますデータをまさにＰＤＦのデータとして申請された方に対して提供し、それを添付し登録する様々な法務の手続とかに活用できるような取組が検討されているということを耳にしたことがございます。こういった取組が銀行関係の部分にも展開されるようであれば、まさに基本的にはペーパーレスで全ての必要な手続がオンラインで完結していくものになるのかなと考えております。

委員からもお話がございましたように、デジタル遺品というのは、基本的には亡くなってしまった方の情報というのは、私どもも展開できないものかなと考えますし、私自身もそのあたりの整理というのはちゃんとしておかなければならないなと考えるところではございますけれども、こういったデジタル遺品を生み出さないようにするためということで申しますと、先ほどのお話で言及されました終活の観点でのエンディングノートではないですけれども、生前のうちにできる限り周辺の皆様、また御本人の中でも、公正証書遺言などを含めまして御検討していただくのが大変肝要であるかと考えているところでございます。

以上でございます。",2025,2025/10/01,決算特別委員会,理事者
,令和7年　決算特別委員会(第4日　10月1日),鷲頭区民生活課長,山本理恵,"まず、区民葬儀についてでございますけれども、令和６年度についてはある程度細かく分析をかけているところでございまして、令和６年度の利用といたしましては300件超の利用実績があったところでございます。こうした区民葬儀について、順番は前後いたしますけれども、課題について申し上げますと、区民の方、区民葬儀自体は亡くなった方が区民である場合でも、葬儀を行われる方が区民の場合でも発行いたします。ですので、そうした方々が区内の葬儀会社を直接利用されることになるかどうかということを私どもも把握できかねてしまうというところがございます。我々は、実際の利用状況等については組合から情報などをいただいていますので、葬儀事業者との連携という部分については、今後もより協力関係を深めてまいりたいと考えているところでございます。

あと、こちらの区民葬儀を行うに当たって、葬祭費との関連です。まず、区民葬儀については、現時点の制度といたしますと、葬祭費を受け取られた方々であっても区民葬儀を利用していただくことは可能でございます。

以上でございます。",2025,2025/10/01,決算特別委員会,理事者
,令和7年　決算特別委員会(第4日　10月1日),鷲頭区民生活課長,山本理恵,"まず区民葬儀の在り方という部分について申し上げますと、御案内のとおり、区民葬儀については23区統一の制度として運用されているものでございます。また、その運営に当たりましては、葬儀事業者各社からなります組合に大変協力いただいているというところがございます。ですので、区民葬儀を考えていく上では、この23区共通で運営を行っていくというのが何よりも肝要であろうかなと考えております。その上で、いかに現在、例えば火葬場を使われている方々に対する影響を少なくできるのか、また負担を軽減することができるのかといったところが重要になるものと考えているところでございます。

現時点で、現在のこれまで運営してきております区民葬儀の火葬場の金額と、来年の４月から区民葬儀からの脱退の意向を表明している事業者との金額的な差額が約２万7,000円ほどあるということでございますので、そこの金額を一つ念頭に置きつつ、区民葬儀が年間で約300件ほどあるというところで考えますと、そうした部分についてどのような形での御支援、負担軽減ができるのかということを他区とともに考えてまいりたいと考えているところでございます。

また、区民葬儀では４か所の店舗がありまして、そちらからの反応という点でございますけれども、私どものところには１社から、区民葬儀がなくなるのかどうかといった部分で、まだ報道がなされる前の段階で御不安の声が上がったことについては、我々のところにも寄せられております。ただ、その後、もろもろの報道発表の中で、特別区としては次年度についても区民葬儀をしっかりと行っていくという旨の報道がされているところでございまして、一安心しましたというお声を寄せていただいたところでございました。

私からは以上でございます。",2025,2025/10/01,決算特別委員会,理事者
,令和7年　決算特別委員会(第4日　10月1日),平川地域振興課長,山本理恵,"セレモニーホール及び浜町メモリアルの利用状況と、また課題も含めてでございますけれども、先ほど来の質疑のとおり、お話が出ておりましたけれども、コロナが非常にこの利用の状況に大きな影響を及ぼしたものと分析してございます。例えば、令和６年度のセレモニーホールの利用率は30.6％でございますけれども、コロナの影響が一番大きかったのが令和２年度で、そのときの数字ですと24％でございます。それが、コロナ禍が明けるところで少し上昇といいますか、利用率は高く戻りつつはあったんですけれども、令和４年以降、現在においても下降トレンドといいますか、利用率については下降が続いている状況でございます。こちらの状況は、今セレモニーホールの数値を御紹介しましたけれども、浜町メモリアルも同様の状況でございまして、コロナ禍が明けて少し回復、利用率は戻ってきたんですけれども、今現在、令和５年、令和６年、令和７年の直近の数字を見ても下降しているというところでございます。

恐らく、詳細な分析に至っていないところでございますが、先ほど来お話が出ている葬儀の簡素化といったところは非常に大きいのかなと思っております。お通夜、告別式という一般葬のところから、御家族だけで例えば１日で通夜と告別式をお済ませになるとか、火葬場で式を行う直葬も、例えば葬儀事業者のホームページにもそういった御案内が出ておりますので、恐らくそういった要望が大きいのかな。これについては恐らく、安直なことは申し上げられませんけれども、世の中が以前の状態に戻るといったことは何か大きなきっかけがない限りなかなか難しいのかなと思ってございます。

そういった中で、セレモニーホール及び浜町メモリアルの課題感というところでございますけれども、利用率が低いから不要な施設なのかということは少し議論としては違うのかなと思っておりまして、区民の方が安心して国内で葬儀ができるといった環境を区としてもしっかり御用意するといったところが肝腎な部分でございますので、施設の管理を含めて、しっかりと運営していきたいと考えております。

以上でございます。",2025,2025/10/01,決算特別委員会,理事者
,令和7年　決算特別委員会(第4日　10月1日),黒田商工観光課長,アルールうた子,"観光情報センターの運営につきましては、観光協会からの委託事業ということで行っておりまして、区としては観光協会の事業に対して補助金を支出しているというところで、東京都からの補助金については入っておりません。

以上でございます。",2025,2025/10/01,決算特別委員会,理事者
,令和7年　決算特別委員会(第4日　10月1日),黒田商工観光課長,アルールうた子,"観光情報につきましては、特に中央区の全体の観光情報につきまして、観光情報センター並びに各地区の観光案内所を通して発信しているところでございます。また、近隣、東京都全体も含めて、日本全国のパンフレット等を置きながら情報発信を行っているところでございますけれども、費用の負担につきましては、当然、中央区としてしっかり中央区の情報を発信する中で、必要に応じて事業ごとに、例えば観光財団の補助金とか、そういったものの活用も含めて考えております。

以上でございます。",2025,2025/10/01,決算特別委員会,理事者
,令和7年　決算特別委員会(第4日　10月1日),野末財政課長,アルールうた子,"こちらは観光の振興に資する財源ということにはなりますけれども、先ほど商工観光課長からも答弁したとおり、都の補助金というのはございませんけれども、こちらは一般財源になりますが、都区の財調のほうでは観光振興費といったところで一応算定はされているというところで、そういった財源も活用しながら、当然一般財源も投入しながら、必要な施策については進めていくという考えでございます。

以上でございます。",2025,2025/10/01,決算特別委員会,理事者
,令和7年　決算特別委員会(第4日　10月1日),黒田商工観光課長,アルールうた子,"補助金の活用につきましては、当然、今後、区制施行80周年を迎える、また今、区内で様々な再開発等も行われている中で、まちの様子は変わってきますので、今後、観光の発信につきましては、現在よりも、より発展させていかなければならないと考えております。そうした中で、活用できる部分につきましては積極的に活用していきたいと考えております。

以上でございます。",2025,2025/10/01,決算特別委員会,理事者
,令和7年　決算特別委員会(第4日　10月1日),野末財政課長,アルールうた子,"観光振興費というものは都心区に集まる傾向がございます。台東区もそういう観光資源があるというところで、そういう観光に力を入れていると。当然、中央区も、そういった飲食とか、買物ができる場所とか、いろいろ集まる資源がございます。そういったところも、これまでの議論でもありますとおり、財調の中では昼間人口補正といったところで、そういう都心区ならではの需要といったところも、一応、観光振興費は入ってはいないんですけれども、特別交付金とか、そういったもので都心の需要というものを算定されるように努力していきたいと考えております。

以上です。",2025,2025/10/01,決算特別委員会,理事者
,令和7年　決算特別委員会(第4日　10月1日),黒田商工観光課長,アルールうた子,"旅行中の通信環境につきましては、今、様々な方法が取られているということで、Ｗｉ－Ｆｉのアクセスポイントの設置、モバイルＷｉ－Ｆｉの貸出しも当然ですけれども、例えば短期のＳＩＭの購入とか、そういった様々な方法が今取られているということになっております。観光情報センターで貸出ししているポケットＷｉ－Ｆｉにつきましては、区内の４か所の観光案内所で返却ができるなど、利便性は高めてお貸ししている状況でございます。様々これから通信技術も上がっていく中で、そういったものに後れを取らないような形で新しいサービスができるかどうかにつきましては、観光協会と協力して検討してまいりたいと思います。

以上でございます。",2025,2025/10/01,決算特別委員会,理事者
,令和7年　決算特別委員会(第4日　10月1日),横田文化・生涯学習課長,アルールうた子,"今、委員に御紹介いただきました累計の受講者数というところでございます。こちらにつきましては、令和６年が延べ8,233名ということで御紹介させていただいておりまして、こちらのほうなんですけれども、実際に基本的には文化・国際交流振興協会のほうでやる授業と、あとはボランティアさんが活動していただいている日本語教室と実は分けてございまして、それぞれ、例えば途中で辞められる方もいらっしゃいますし、途中で入られる方もいらっしゃいます。実際にどのぐらいそこに通われるのかというところもまま違ってはくるところでございますので、実際に通われた延べというところで実際の人数を出させていただいているところでございます。

以上でございます。",2025,2025/10/01,決算特別委員会,理事者
,令和7年　決算特別委員会(第4日　10月1日),横田文化・生涯学習課長,アルールうた子,"今御質問いただきました古典芸能の申込みの往復はがきというところでございますが、実はこちらは文化・国際交流振興協会の事業でございまして、こちらでその申込みの方法とか、そういったところを決めているわけではございませんので、協会でそちらを検討した上でこちらのやり方で進めているところでございます。

以上でございます。",2025,2025/10/01,決算特別委員会,理事者
,令和7年　決算特別委員会(第4日　10月1日),横田文化・生涯学習課長,アルールうた子,"まず初めに、文化・国際交流振興協会の事業についてお話をいたします。今、委員に御紹介いただいたとおり、国際交流サロンと国際交流のつどいという事業がございまして、国際交流サロンは、毎月、日本の文化を外国人の方に体験していただきながら日本についての理解を深めるというところで、とても大切な事業だと思っております。

また、国際交流のつどいにつきましては、今、委員に御紹介いただいたとおり、年に１回、11月に実施しているものですけれども、こちらについては相互の理解という意味で、日本の文化、また外国の文化というところを相互に理解いただくようなイベントになってございます。確かに年に１回ではございますが、実際にここに参加される方も年々増えておりまして、こういったことをきっかけとして、相互の理解の促進につながればいいなと思っているところでございます。

また、生活ガイドブックのことでございますが、実際に転入時には必ずお渡しするような形にはなっておりまして、まず中央区で住まわれるに当たって外国人の方が地域のルールを知るのにはとても大事な役割を果たしているものではないかなと認識しております。それ以外にも、今、中央区のホームページでは、自動翻訳機能がございまして、最新の区政情報をそちらのほうで多言語で知ることもできます。また、例えばまち並みのところで、看板とか、そういったものが英語表記であったりとか、そういったところにも工夫を凝らしながら、外国の方でもそういう理解ができるように努めているところでございます。

以上でございます。",2025,2025/10/01,決算特別委員会,理事者
,令和7年　決算特別委員会(第4日　10月1日),横田文化・生涯学習課長,アルールうた子,"今委員におっしゃっていただいた令和６年度の防災訓練についてでございますが、こちらに参加されている方が、日本人の参加者の方、外国人の参加者の方それぞれいるんですけれども、外国人の方で34名の方がいらっしゃっております。その後の地域での防災につなげるというところについてまではこちらでは把握はしていないところでございますが、実際にこうした防災の取組というのは関心が高いものだと思っておりますので、サロンで実施させていただいているところでございます。

あと、町会との連携というところでございますが、確かにそういったところも大事なのかと思いますが、実際にこちらのほうではまだ把握し切れていないところでございます。

以上になります。",2025,2025/10/01,決算特別委員会,理事者
,令和7年　決算特別委員会(第4日　10月1日),横田文化・生涯学習課長,アルールうた子,"今委員から御質問のございました、どのくらいの苦情といいますか、そういったトラブルというのを寄せられているかというところは、こちらでは把握していないところでございますけれども、実際にごみ出しのこととか、そういったお声は聞いているところでございます。また、それぞれの所管で外国人対応は進めているところではございますので、そういったところで対応は取れているのかなと認識しております。

以上です。",2025,2025/10/01,決算特別委員会,理事者
,令和7年　決算特別委員会(第4日　10月1日),平川地域振興課長,アルールうた子,"外国籍の方、外国人の方の町会の加入の状況というところでございますけれども、町会の加入率のところを以前に調査した中において、基本的に、国籍といいますか、そういったものを問うような調査はしていないところでございますので、外国人の方の加入率については把握しておりません。

また、外国の方が町会活動をされている事例等というところなんですけれども、特に区のほうに町会役員名簿といった形で御提出の義務等はございませんけれども、お見かけすると申しましょうか、活動の中で実感というか体感としても増えていらっしゃるのではないかなと思っておりまして、町会のほうで基本的に何か配慮しているとか、そういったことではなく、地域住民の方がたまたま外国人であったという、そういった感覚をお持ちなんではないかなと思ってございます。

以上でございます。",2025,2025/10/01,決算特別委員会,理事者
,令和7年　決算特別委員会(第4日　10月1日),黒田商工観光課長,川畑善智,"ハイテクセンターの利用状況でございますけれども、確かにハイテクセンターの部分につきましては、中小企業向けの事業ということで、それ以外の部分については町会のお祭りでしたり、保育園の運動会、そういったところも含めて京華スクエア全体を使っているという状況でございます。先ほど委員御案内のとおり、公共施設のあり方検討の中で公共施設の在り方については検討されると思いますけれども、確かに今、ハイテクセンターのパソコンルームにつきましても、年数がたってくると当然性能が落ちてくるというところもありますし、今後技術革新がある中でどうつくっていくか、そういったことも含めて検討してまいりたいと考えております。

以上でございます。",2025,2025/10/01,決算特別委員会,理事者
,令和7年　決算特別委員会(第4日　10月1日),平川地域振興課長,川畑善智,"町会支援の在り方と、またそういった周辺環境でございますけれども、基本的に町会の設立、それから自治会の設立に当たっては、地域の自主性が重んじられるべきであろうと考えてございます。

マンションが新たに建設されたイコール自治会の設立を促すわけではなく、基本的に中央区は今、175町会・自治会がある中で、地図の上ですと空白地帯がない状況でございます。すなわち、既存の町会の中にどの建物も基本的には属するといった中で、今のマンションイコール自治会ということになりますと、区が独立を促すような状態として地域の方にも捉えられかねないといったところでは、基本的に、そこにお住まいになって先に町会を構成している方と新たに住まわれる方とのお話合いの中でそういった設立がされるかどうかというのはなされるべきかなと。例としまして、ＨＡＲＵＭＩ　ＦＬＡＧも、事前にそういったお話の中で、今回自治会をああいった形で設立されるということが実際にございましたので、基本的には、その上で区としてはサポートはもちろんさせていただきます。そういった取次ぎでございますとか、考え方の例示でございますとか、他自治体、他町会等の事例等のお話をさせていただいたり、サポートさせていただくという考えは変わるところはございません。

以上でございます。",2025,2025/10/01,決算特別委員会,理事者
,令和7年　決算特別委員会(第4日　10月1日),大久保福祉保健部長,竹内幸美,"今、委員からお話をいただきましたけれども、本当に福祉保健費は、妊婦も含めてですけれども、お子さんが生まれる前から高齢者になるまで、そしてその後まで深く関わる広い分野が関わっております。そういった中で、今、予算面での配分あるいはバランスという話もありましたけれども、特に子供施策については、これまで少し前まで、今も一部課題としてありますけれども、保育所の待機児童をはじめとして、喫緊の課題というのが顕在化していた。それに対してしっかり施設整備を含めて強力に進めていく必要があったというところで、施設整備、そして民間の参入に資するための整備に向けた補助金など、一つ一つの取組に多額の経費がかかっているものが多くあったなと考えております。

また、高齢者施策につきましては、どちらかというと、安全・安心に暮らしていただくための取組が中心になるのかなと。また、豊かに暮らしていただくための、敬老館や敬老大会も含めてですけれども、楽しみながら、あるいは学びながら暮らしていただくための施策ということで、ソフト事業が中心になってきている。また、特養については、施設整備がございますけれども、これまで区としても整備をしっかり進めてきたことによって、この近年についてはソフトを中心とした取組が中心になったのかなというところで、総じてコストが高めにかかる子育て施策。また、子供だけではなくて、子供にはその子供を育てる親という観点もございますので、子供の人数と高齢者の人数は大きくは変わりませんけれども、子育ての方を支えるというところからいくと対象者も多くなるというところで、総じて経費も高くなっていると捉えているところでございます。

そういうことも含めながら、令和６年度を振り返りますと、当然、ＨＡＲＵＭＩ　ＦＬＡＧを中心に人口増加への対応が大きな課題だったなと思っております。そうした中では、晴海地域にも保育所の整備を進め、あるいは定員拡大を図って、無事待機児童ゼロを達成できたことは大きな成果だったなと思っております。また、晴海地域には、晴海区民センターの中に保健センターやおとしより相談センターも含めまして、そうした区民の方を広く支える、あるいは相談に乗れるような基盤も整備できたと思っております。

また、障害分野につきましては、人口増加に対しまして、今御紹介いただきましたけれども、基盤として足りないところのサービスの補助を通じて、区内参入を促すような取組を進めてきました。

また、月島三丁目の再開発の機会を捉えまして、グループホームの整備を進め、これまでレインボーハウス一つに頼っていた施設サービスについて、一つ補強ができたのかなと捉えているところでございます。

また、子供分野におきましては、これまでの保育所と違って、就学後の居場所というところで放課後の対策の強化が求められている中、これまでのプレディと学童クラブのそれぞれの取組を、令和６年度から学校内にも学童クラブを設置しまして、新たにプレディプラスとしてプレディと学童クラブの一体的運用という形で進めております。これも令和８年度までに現行のプレディがあるところには全て設置する見通しが立ってきたということで、大きな成果だと思っておりますし、それでも足りない部分については、民間の学童クラブを誘致する中で、その需要に応じた対応を図っているところでございます。

また、ほかの分野でいきますと、命と健康を守る取組としましては、日頃からの健康意識を高める取組の一つとして、健康アプリの導入を通じて、日常から、そして全ての世代に対して健康の意識を高める取組を進めていること。また、先ほど委員からも御紹介いただきましたけれども、高齢者に対しましては、データを活用した健康リスクを把握した上で、健康相談あるいは指導につなげる取組。そして、それ以外にも、コロナの接種をはじめとする予防接種、そして区民健診を含めた様々な検診。そして、年度の途中においては、小児インフルの予防接種を拡充するなど、その健康と命を守る取組の強化を図ってきたところでございます。

また、中央区だけではないですけれども、大きな社会的な変化としましては、コロナが大きなきっかけだと思っておりますけれども、一人一人とのコミュニティの希薄化、あるいはコミュニケーションが薄くなっていて、隣の人に頼れない、地域の方に頼れないということが顕在化しているというところ。また、中央区は特に、核家族化とか、あとはひとり暮らしの方も多くなっているということで、さらには転入・転出が多いということで、その地域に知り合いが少ないといった特性もあるのかなというところで、そのつながりを求めるということでのニーズも高まっていると考えております。そうした面では、ふくしの総合相談窓口を令和６年度に設置いたしまして、頼れない場合には、福祉に関する相談を一旦受け止め、そして必要なところにつなげるという役割の窓口を設けまして、どこにも頼れないときにはまずここに行ってみようと考えていただけるような体制を構築したところでございます。これについては、本年度においても、月島地域に整備いたしまして、来年度に向けても日本橋地域に整備すべく、今準備を進めているところでございます。

また、子ども家庭支援センターも、昨年７月に保健所の建物に移転いたしまして、これまで以上に、例えば保健所、そしてゆりのきまたは教育センターも含めまして、様々な側面から支援ができるような、連携を強化するような体制も整えております。こうした取組が実を結んで、まず令和７年からのこども家庭センター機能としてのこども家庭ネットワークの整備につながったものと、こちらとしても思っているところでございます。

そのほかにも様々、補正を通じまして、産後ケアに日帰り型を整備するなど、孤立しがちな方を必要な支援につなげるという役割を意識した取組を評価したところでございます。

福祉保健部は、先ほども言いましたけれども、全ての方に、そして日頃の生活にかなり密着した取組となっております。そのサービスの多くは、民間事業所でも多く提供しておりますけれども、行政としてやらなくてはいけないところは、このサービスを提供するだけにとどまらず、そのサービスから何が必要なのか、あるいはその課題が何なのかということを把握して、それを必要な部分につなげていく。そのきっかけとなるのがこのサービスなのかなと思っております。今後も、このサービス利用を通じまして、一人一人のニーズに合った、一人一人の課題に合った、必要な支援につながるような取組を進める観点から、こうした取組を進めていきたいと考えております。

以上でございます。",2025,2025/10/01,決算特別委員会,理事者
,令和7年　決算特別委員会(第4日　10月1日),植木地域福祉課長（参事）,竹内幸美,"ふくしの総合相談窓口は、令和６年４月に本庁舎の地下１階に開設したものでございます。相談件数としましては3,809件になりまして、こちらは生活困窮者の自立支援事業にも関わっているものでございます。そちらを比較しますと、生活困窮者自立支援事業自体が、昨年度3,502件だったところが令和６年度4,756件と約35.8％増加しているような状況でございます。こちらは、ふくしの総合相談窓口ができた結果、相談される方が増えて、そういったところが目に見えて増えたものだと認識しているところでございます。相談内容としましては、令和６年度新規相談者611人のうち約半数、370人の方が生活困窮の御相談にいらっしゃっているところでございます。

そのほかにつきましては、どちらかというと、私はこういう状況なんだけれども、どういった福祉制度が使えますかといった御相談が多いかなというところでございます。そのほか、家族・親族の関係の御相談や、一番多いのは、私はどういった制度を使えますかといった御相談になっていて、今までは結局どこでそれを聞いたらいいか分からないという方が、取りあえずこちらに聞いてみてといったところで御相談いただいているのかなと思っております。それにつきましては、情報提供で終わるものもあれば、違う関係機関につなぐとか、そういったことも行っているところでございます。

それを受けまして、令和７年７月に月島でも開設したところでございまして、今現在、京橋が８月末現在で1,580件の御相談を受けていて、月島は192件と若干少ないところではございますが、中におとしより相談センターと同じところにございますので、連携しながら行っているような状況でございます。

以上でございます。",2025,2025/10/01,決算特別委員会,理事者
,令和7年　決算特別委員会(第4日　10月1日),植木地域福祉課長（参事）,竹内幸美,"地区別の相談ということなんですが、現在、月島に関してはどちらかというと、本当に、これはどうしたらいいのかしらといって、ちょうど７月に開設したときがシルバーパスの更新の時期で、これが来たんだけれども、どうしたらいいのかしらという形とか、今回も国勢調査が来ていまして、それに関して、これをどうしたらいいのかしらと持ってきてというところが、今までおとしより相談センターと同じところで、どちらかというと一番最初にふくしの総合相談窓口で受け付けるということもございますので、そういったことが多いかなというところはございます。

同じく生活困窮で、本当に家賃を滞納して払えないというか、京橋にしても月島についてもそういった御相談を受けている中で、そうなる前にどうにかすべきだなということが今課題になっているところでございます。

また、ふくしの総合相談窓口は、ひきこもり等も一応受けるという形で今回何人かは受けているんですが、そこでも、それを受けたのはいいんだけれども、ひきこもりの解決策というのがなかなかないというところで、そのあたりもちょっと課題だなと感じているところでございます。

以上でございます。",2025,2025/10/01,決算特別委員会,理事者
,令和7年　決算特別委員会(第4日　10月1日),大久保福祉保健部長,竹内幸美,"放課後等デイサービスについてでございます。先ほどの障害の中でも少し触れましたけれども、人口増加とともに障害のある方も増えておりまして、そうした基盤整備というものが課題となっております。とりわけ、学童クラブと同様、障害のある方の学校が終わった後の居場所が不足しているという声をより多く伺っておりまして、そうした対応が必要だということで今回予算化させていただいたところでございます。なかなか月島地域は家賃が高くて整備が進まないという課題もございまして、そうした中で区の補助制度としましては、月島地域に整備した際には家賃補助をするということ、また、ほかの地域に整備されたとしても月島地域の需要も一定程度確保できるようにということで、送迎サービスを行う際の補助制度も設けたというところで、どこに整備しても月島地域を中心とした需要に対応できるような仕組みとして制度設計をしたところでございます。

今回、予算計上に当たりましては、１年間でおおむね４か所程度の整備を目標に予算化したところでございますけれども、結果としましては３か所の整備に至ったというところで、１か所少ないですけれども、おおむね順調に整備が進んだのかなと思ってございます。整備が進めば、身近なところで、あるいは御自身が自力でそこに通える、あるいは送迎サービスができることで、少し離れていてもそのサービス事業者を選択できる範囲が広がり、その基盤整備につながるというところで、今後もこの補助制度の周知に努めまして、さらなる事業所の誘致に取り組んでいきたいと考えております。

以上です。",2025,2025/10/01,決算特別委員会,理事者
,令和7年　決算特別委員会(第4日　10月1日),大久保福祉保健部長,竹内幸美,"場所の確保というのは本当に大きな課題でして、特に障害者サービス事業所は放課後等デイサービスだけではないので、そこだけに特化して区がある意味便宜を図るような取組はなかなか難しいところでございます。そういう意味では、これまでも、かつて保育所の待機児童の解消に向けて、誘致の補助制度のほか、状況によっては区の空いたスペースを活用してそこに入っていただくという取組を進めてきた経緯がございますし、その成果も上がっているのかなと思っております。

今、区の空きスペースというのはなかなかない状況ですけれども、もう少し中長期的に見ると、様々なサービスの需要の変化ということがあるかと思いますので、そうした中でもし生み出された公共施設があれば、そこを例えば貸し出すとかを含めて様々な手法を考えていかないといけないのかなと思っております。単に数だけではなくて、自力で通うということを考えると、地域バランスということも大切ですので、そうしたことも含めて検討を今後進めていきたいと考えております。

以上です。",2025,2025/10/01,決算特別委員会,理事者
,令和7年　決算特別委員会(第4日　10月1日),金広保育課長,竹内幸美,"昨年度の取組ということで、特に昨年度はＨＡＲＵＭＩＦＬＡＧの受入れということが一番の課題だったかなと感じております。そのため、こども園を含む認可保育所３園、あとは晴海西こども園の１園ということで、その長時間部分も併せまして、まず令和５年４月１日の認可保育所の定員が6,219名だったところ、そういった新規開設を行ったことで令和６年４月には6,526人ということで、まず定員の300名増を行ったところです。

また、周辺園への入園も進んだ結果、入所者数としましては、令和５年４月は5,073人だったところが令和６年４月は5,531人ということで、入所率が82％から85％ヘ上がったところでございます。それにとどまらず、特にゼロ歳児から２歳児の需要が高いというところで、まずは期間限定保育の定員の増を図りました。こちらは令和５年、勝どきエリアについて１歳児は８名程度だったところを令和６年、１歳児は22名ということで、そういった部分とか、あと居宅訪問型保育事業の定員を20名から30名にする、また認証保育所の保育料補助の見直しなど、総合的に対応してまいりました。その結果、今回のＨＡＲＵＭＩ　ＦＬＡＧの受入態勢を十分確保することができまして、待機児童ゼロを達成したところでございます。

以上です。",2025,2025/10/01,決算特別委員会,理事者
,令和7年　決算特別委員会(第4日　10月1日),金広保育課長,竹内幸美,"今、委員に御紹介いただきましたとおり、３歳児から５歳児の空きの部分は、いろいろな幼稚園とか、認可外とか、そういった部分の選択肢が多くなっていることから、空きは年々目立つようになってきていることは事実でございます。まずはそういった空きがあるところにつきましては、特に晴海・勝どき地域の部分につきましては、そこの部分でまず期間限定でゼロ・１・２歳児に当てていただくとか、あとはこども誰でも通園制度などの検討をしていただくなどを考えてございます。

一方で、委員御紹介のとおり、学童機能を持たせるなど、そういったところも今後本当にしっかり考えていかなくてはいけない課題だと認識してございます。

以上です。",2025,2025/10/01,決算特別委員会,理事者
,令和7年　決算特別委員会(第4日　10月1日),藤原放課後対策課長,竹内幸美,"主に小１の壁という問題かと思いますけれども、小学生の朝の居場所に関する現状認識でございます。保育所から小学校へ進学することをきっかけとしまして、登校時間前のお子さんの居場所に困るといった朝の小１の壁については、委員御案内のとおり、調査結果等々でもニーズ等もありますし、社会的にも報道されるなどして、一定の社会的課題として認知度が高まってきていると認識しているところでございます。また、共働き世帯が多い本区におきましても、各学校でそれぞれ登校前の状況を工夫しているところではございますけれども、校門前で待機を余儀なくされるといった事例は生じていると認識してございます。

とはいっても、まずお子様の負担を考えますと、家庭で親子の時間を過ごして、規則正しい生活習慣を身につけた上で登校時間に合わせて登校することが望ましいと我々は考えているところでございまして、またお子さんの成長の観点からも、保護者が登校時間前に出勤せざるを得ないとしても、登校時間に合わせて施錠できるようになるということも、成長の観点からは必要なんだろうと考えております。ただ、一方で、小学校入学直後にお子さんが保護者の出勤後に施錠する状況に関しましては、入学前からの急激な変化になりますので、そうした意味でお子さんの安全確保という点では不安を残すだろうということも考えてございます。こうしたお子さんの不安解消に向けたセーフティネットについては構築していく必要があると考えているところでございます。

また、我々としましては、お子さんの朝の遊び場といったものの利用を広く促すというところは考えておりませんけれども、最低限度のセーフティネットとして、保護者がやむを得ず登校時間前に出勤することで家で一人残ってしまうような１年生の安全確保対策としても実施していく必要があるのかなというところで、現在検討しているところでございます。

以上でございます。",2025,2025/10/01,決算特別委員会,理事者
,令和7年　決算特別委員会(第4日　10月1日),大久保福祉保健部長,竹内幸美,"昨年11月に開設いたしましたリヴェール月島についてでございます。今御紹介いただきましたけれども、この施設につきましては、知的障害者のグループホームのほか、同様な類似のサービスとして短期入所ができる施設、そして就労継続支援事業を行うカフェなどを含めて就労継続支援事業を行っている施設でございます。また、障害者の相談支援事業も行うということで、サービス利用に向けた計画相談などを行うところでございます。また、中央区では初めてですけれども、地域生活支援拠点コーディネーターを配置いたしまして、この施設だけではなくて、区内全体の事業所間の連携を図りながら、セーフティネットとしての機能が図られるような仕組みの拠点ともなっている施設でございます。また、この施設にある機械入浴設備を活用いたしまして、区の委託事業といたしまして機械入浴サービスの提供も行っているところでございます。

今の利用状況としましては、まずグループホームにつきましては、体験居室を除くと定員が17名となりますけれども、そのうち15名が今入居してございます。残りお２人分、まだ入居していませんけれども、基本的には入居される方は決まっております。ただ、この施設には重度あるいは医療的ケアを必要とする方も混在で入ってございますので、安全・安心に入っていただくために、人材の確保も含めて、少しずつ慣れていくような形で、それは入居者だけではなくて職員も含めてですけれども、そうした形で今入居の準備を進めておりますので、お２人についても年内を目途に入居できるように今準備を進めているところでございます。

また、短期入所につきましても、家族の緊急な用事などを含めて必要なときに使っていただけるようにということで、順調に利用していただいているところでございます。

就労継続支援事業につきましては、定員20名ですけれども、登録は今のところ４名程度いるということで伺っておりまして、なかなかまだ人数の確保というか、利用にはつながっていないというところでございます。こちらも、カフェがロケーションのいいところにございますし、より多くの方に来ていただくことで、障害のある方の自立に向けた取組の一助にしていきたいと思っております。

そのほか、地域生活支援拠点のコーディネーターも今年度から配置したところでございますけれども、この施設が新しくできたばかりですので、まだ区内全体の把握も少しずつというところもございますので、今後この機能を発揮していくことを区としても期待しているところでございます。

機械入浴サービスについては、今年度から始めましたけれども、まだ残念ながら利用にはつながっていないところでございます。まだまだ周知が足りないところもあるかと思いますので、これについてはしっかりケースワーカーも含めまして、必要な方に情報が伝わるように努めてまいります。

以上でございます。",2025,2025/10/01,決算特別委員会,理事者
,令和7年　決算特別委員会(第4日　10月1日),大久保福祉保健部長,竹内幸美,"その前に、先ほどの質問の中で、利用者からの声ということもありましたが、それが漏れておりましたので、それを少し補足させていただきます。

先ほど、少しずつ入所を進めて、まだ２人が入れていないという状況がございますけれども、速やかな入所を求めているというのは当然でございますので、こちらにつきましては、人材確保を含めて、速やかに入所できるようにということで、事業者には伝えているところでございます。一応あそこは、建物は区のものですけれども、運営自体は民間事業者でございますので、なかなか指導というところまでにはいかないんですけれども、そうした声があるということはしっかり伝えていきたいと思ってございます。

そして、人材確保についてですけれども、これまで中央区の施設サービスのほぼ唯一無二の施設として担っていたのがレインボーハウスでございます。今回、リヴェール月島ができることで、区内には施設サービスを提供する施設として大きくこの２つができることになります。特に障害のある方あるいはその家族にとって、先ほど委員からもお話がありましたけれども、親亡き後ということが大きな課題となっております。そのためにも、そうなる前の事前の準備として、こういった施設を活用して、体験入所も含めて、独り立ちするような体験を通じてその後に備えていくという取組が重要なのかなと思ってございます。そして、そのためには何よりも人の確保、人材確保ということが重要でございます。先ほど申し上げましたとおり、この施設が重度あるいは医療的ケアを必要とする方も入居しているということで、かなり職員にとっても負担の大きい作業が多くあると思っております。そうした中で、人の入替えということも、退社される方も多くいるということも聞いておりますので、安定的な人材確保ということが、これは障害分野のみならずですけれども、重要なのかなと思っておりますし、その継続的に安定したサービスを提供するという意味でも大変重要だと思っておりますので、区としましても、こういったところには、この施設だけではなくて、力を入れていきたいと思っております。

以上でございます。",2025,2025/10/01,決算特別委員会,理事者
,令和7年　決算特別委員会(第4日　10月1日),生島企画部長,小坂和輝,"生成ＡＩのことに関して御質問があったので、私から答えさせていただくんですけれども、何分、今は実証実験ということで、情報システム課が中心になって、使えるパターンといいますか、どういった形で活用できるかということを今検証しておりますので、それ以後に具体的なところは検討してまいりたいと存じます。

以上です。",2025,2025/10/01,決算特別委員会,理事者
,令和7年　決算特別委員会(第4日　10月1日),植木地域福祉課長（参事）,小坂和輝,"ナッジ理論についてでございます。こちらは結構がん検診の受診率向上等に使うものでございまして、区としても、そちらを利用して検診の案内等を作ったりとか、そういった記憶がございます。なので、その受診率向上とか、そういったところで今後もそういったものを使っていきたいというところで考えているところでございます。

以上でございます。",2025,2025/10/01,決算特別委員会,理事者
,令和7年　決算特別委員会(第4日　10月1日),大久保福祉保健部長,小坂和輝,"障害者サービスにおけるセルフプランについてでございます。目標ということをお話しされていましたけれども、基本的に今、大ざっぱな数字で申し上げますと、障害児の方でサービス提供に必要なプランをつくる必要性があるものが大体700件程度ございます。700人分くらいございます。そのうち現在セルフプランとなっているのは約半分、大体350程度となってございます。

セルフプラン自体を全て否定することは考えてございませんで、これは例えば単一的なサービス、単純なサービスを受ける際には、こういった障害の専門家にプランをつくってもらう必要性も低いものもございますので、セルフプランが適しているものあるいは簡易にできるものということで、それは特に問題はございませんけれども、複数のサービスを提供していたりとか、あるいは第三者の視点で、このサービスが適正かどうか、定期的にチェックする、モニタリングといいますけれども、こういった必要があるものについては専門家によるプラン作成ということで、セルフプランからの転換が必要と考えております。

おおむね現在の実態としましては、早急にセルフプランから転換する必要があるものは大体50から70件程度必要かなと思ってございまして、今回令和７年度で新たな取組をしましたけれども、この数か月の間でも10件以上の転換が図られているという状況でございます。

以上でございます。",2025,2025/10/01,決算特別委員会,理事者
,令和7年　決算特別委員会(第4日　10月1日),大熊地域保健担当課長,小坂和輝,"子供に対する自殺対策というところですけれども、昨年は幸いにも10代の自殺者数はゼロということで、改善はしたというところなんですけれども、国全体といたしましては、10代の自殺者数というものは増えていて、深刻な状態になっているところは認識しております。

自殺対策につきましては、子ども家庭支援センターとか、そういったところで子どもと子育て家庭の総合相談などを実施しておりまして、18歳未満の子供や子育て家庭に関する様々な相談を受け付けているところでございます。また、学校にはスクールカウンセラーなどが支援なども行っておりますので、全庁挙げてこちらの自殺対策というところは取り組んでいかなければいけないかなと考えているところでございます。

また、昨年、保健所等複合施設に子ども家庭支援センターが移転したというところで、今後もより、今まで以上に各部署で連携して、自殺対策に取り組んでいきたいと考えております。

以上でございます。",2025,2025/10/01,決算特別委員会,理事者
,令和7年　決算特別委員会(第4日　10月1日),大久保福祉保健部長,小坂和輝,"まず初めに、個別支援計画が全てつくられているのかということがございましたけれども、個別支援計画はサービス提供をする事業者が作成することになりますので、これについては全て作成できているというところになりますので、セルフプランとなっているサービス等利用計画についてが課題となっているというところでございます。

先ほどの未就学児の人数なんですけれども、障害児サービスのサービス等利用計画案については、例えば放課後等デイサービスのように、小学生とか中学生以上も使うサービスもございますので、基本的には18歳以下の方が対象となりますけれども、区としましてはその18歳以下の統計しか持ってございませんので、未就学児がそのうち何人かというのは今手元には数字はございません。ただし、小学校に上がるタイミングでできるだけセルフプランから脱却するようにということを重点的に行っておりますので、そういったタイミングで、できるだけ客観性を持ったモニタリングができるような体制に移行するように努めているところでございます。

また、特に小学校に上がるタイミングのほか、先ほども少し触れましたけれども、例えばひとり親とか、あるいは親にも例えば精神などの障害があるとか、あるいは外国人世帯、あるいは障害児が複数いる家庭など、優先的にセルフプランから脱却する方を中心に、その転換を図っているというところでございます。

私からは以上でございます。",2025,2025/10/01,決算特別委員会,理事者
,令和7年　決算特別委員会(第4日　10月1日),岡田子ども子育て支援課長,小坂和輝,"私からは、保育士のスキルアップの件についてお答えさせていただきます。

特にゆりのきの巡回訪問の中で指導・助言を受けているところはございますけれども、公立保育園に限りましては、そういった発達障害のあるお子さん、障害のある子さんも含めて、多様なニーズに対応していくということもありますので、そういった意味で毎年、公立保育園の保育士につきましては研修を行っているというものでございます。

以上でございます。",2025,2025/10/01,決算特別委員会,理事者
,令和7年　決算特別委員会(第4日　10月1日),大熊地域保健担当課長,小坂和輝,"私からは、自殺者数についてです。

こちらは内閣府と厚労省が出している数値に基づいて算出しておりまして、こちらの人数につきましては、自殺された中央区民の方の人数という形になります。

それから、24時間の見守りというところですけれども、警察と連携するとか、あとはいのちＳＯＳとか、そういった国のサービスもありますので、そういったものを積極的に普及啓発していくという形で取り組んでまいりたいと考えております。

以上でございます。",2025,2025/10/01,決算特別委員会,理事者
,令和7年　決算特別委員会(第4日　10月1日),植木地域福祉課長（参事）,小坂和輝,"私からは、住居支援についてでございます。

区としましては、住まいを失いそうな方については、住居確保給付金の家賃補助や、令和７年度から転居費の補助等も始めているところでございます。また、さらに緊急の方につきましては、東京都が行うTOKYOチャレンジネットで一時住宅へのつなぎや、自立支援センター等を御案内しているところでございます。また、居住支援法人と連携して住居の確保に努めているところでございます。また、令和７年からは生活困窮者自立支援制度において居住支援の強化というところが出ておりますので、専門相談員がプランをつくって、住居確保へ向けた支援を行う取組も行っているところでございます。

以上でございます。",2025,2025/10/01,決算特別委員会,理事者
,令和7年　決算特別委員会(第4日　10月1日),武田健康推進課長,小坂和輝,"私から、５歳児健診についてでございます。

５歳児健診は、国において全国的な実施を求められているところでございまして、本区においても、他自治体の実施状況なども参考にしつつ、本区に合った形でどのような５歳児健診ができるのだろうかということを調査・検討しているところでございます。

続いて、自殺の24時間の見守りでございます。保健所・保健センターにおいて24時間の見守り体制というものは現状ではないところではございますけれども、場合によっては警察と協力して対応するということもございますし、また様々な電話相談などもございます。いのちの電話などがあるかと思いますけれども、そういったことの周知をしていくというのも重要かと考えております。

以上でございます。",2025,2025/10/01,決算特別委員会,理事者
,令和7年　決算特別委員会(第4日　10月1日),大久保福祉保健部長,小坂和輝,"一つの要因としましては、特に今、中央区で現れているのが、子供の数がかなり増えているというところ、その需要に対しましてこの計画をつくる計画支援事業所の数が、民間も含めてですけれども、増えていないという現状がございます。この計画をつくるという報酬体系が、それだけではなかなか収支が成り立たない、経営面でもなかなか成り立たないというところで、事業者が参入しづらい状況があるのかなと思ってございます。

以上でございます。",2025,2025/10/01,決算特別委員会,理事者
,令和7年　決算特別委員会(第4日　10月1日),大久保福祉保健部長,小坂和輝,先ほどの生成ＡＩの活用事例の中に、障害者福祉課の部門も参加しているというお話をさせていただきましたけれども、その中でそういったプランも実証実験の中で進めようと今準備を進めているところでございます。様々な活用方策がございますし、特にこの障害者分野については、相対して相談を受けて、そういった記録を取るということもございますので、その活用の範囲は広いと考えてございますので、様々な事例、そういう先進事例を見ながら活用を進めていきたいと考えております。,2025,2025/10/01,決算特別委員会,理事者
,令和7年　決算特別委員会(第5日　10月2日),植木地域福祉課長（参事）,永井佳代,"ふくしの総合相談窓口についてでございます。

令和６年度の予算等につきましては、決算書224ページの４の（３）生活困窮者自立支援事業の中に含まれておりまして、ふくしの総合相談窓口の運営は、予算額が3,622万4,455円で、決算額が3,559万5,625円となっておりまして、執行率は98.3％となっております。委託料、人件費が主なものとなっております。それとは別で、月島のふくしの総合相談窓口が本年７月に開設されたということで、それの設置等改修も224ページの２の地域福祉推進事業の（６）のところに予算がございまして、こちらの執行率は85.1％となっているところでございます。

また、本区の窓口を設置した背景、目的、効果についてでございます。

背景としましては、8050問題等をはじめとした区民の方が抱える複合化・複雑化した問題や、それぞれの分野のはざまになっている方が顕在化してきたところです。また、目的としましては、身近な地域でどこに相談していいか分からないとか、そういった複合化した相談を受け止める場所をつくり、関係機関との連携で適切な支援につなげていきたいといったことを目的としているものでございます。期待した効果ということですが、これまで課題を抱えながらも、どこにもつながっていない方、どこに相談してすればいいのか分からなかった方が、取りあえず相談できる場所があるということ、また、適切な支援につながることを期待しているものでございます。

以上でございます。",2025,2025/10/02,決算特別委員会,理事者
,令和7年　決算特別委員会(第5日　10月2日),植木地域福祉課長（参事）,永井佳代,"まず、複数の課題事例としましては、本人が鬱に罹患して障害者手帳や障害年金の手続等のフォローが必要なケースと、併せて離職や休職で生活困窮や家賃の支払いが困難といった課題を抱えたケースとか、家族が障害を抱えていて生活困窮で転居先の確保といったところを抱えているケース、あとは離婚されて、離婚した中での住居先の確保と、やはりお子さんを抱えている不安といったところでございます。具体的なところとしまして、もう一つが生活改善について相談があったケースで、御本人は精神的な不調を訴えるとともに、生活環境、ごみ屋敷まではいかないですが、家の中が大分荒れていて、それについてどうしたらいいかといった御相談があったケースでございます。そちらについては、社会福祉協議会のささえあい課と共に同行訪問しまして、御本人の精神的な不調を訴えることについては、その訴えを傾聴しつつ、保健センターとの情報共有や調整を行ったところでございます。そういったところと併せて、訪問看護の導入につながって、自宅の住環境の整備も徐々に取りかかれるようになったといったところで、多少精神的にも安定されたかなというところでございますが、現在も引き続き、社協と連携しながら伴走支援を行っているところでございます。

そこで得られたものは、区民が抱えている様々な不安や課題というのは、ふくしの総合相談窓口のみで解決できるものでもなく、また、すぐに解決、目に見える成果が現れるものでもないところではございますが、庁内外の関係機関とそれぞれの強みや専門性を生かしながら、それを適切にコーディネートしていくことで、区民の方の生活課題の解決につなげていけるというふうに考えているものでございます。引き続き、各支援機関と連携を密にして、区民の課題解決に向けて支援に取り組んでまいりたいと考えているところでございます。

以上でございます。",2025,2025/10/02,決算特別委員会,理事者
,令和7年　決算特別委員会(第5日　10月2日),植木地域福祉課長（参事）,永井佳代,"この窓口を知った経緯でございますが、そのあたりは直接は確認していないところでございますが、区のおしらせ、ＳＮＳ、ホームページ等では周知をしている。また、チラシ等も含めて周知をしているところでございます。開設当初は区のおしらせの１面に掲載したこともありまして、４月のときは、そのお知らせを持って窓口にいらっしゃる方も複数いたというふうに記憶しております。現在は、関係機関からつなげられて相談に来るケースが多いものでございます。特に、ケアマネジャーや事業者など、介護の現場の方々に対して、こちらのふくしの総合相談窓口の業務内容の周知を多く行ってきたことから、それらの支援者から御連絡いただくことが多いというふうに認識しております。

いずれにしましても、まずは周知に努めて、認知度を向上させていきたいと考えているところでございます。

また、外国人や高齢者に対しての対応でございますが、外国籍の方で窓口にいらっしゃる方は、日本語が割と分かる方が多いところではございますが、分からないとかということであれば、先日も話がありましたが、翻訳タブレットを活用しての対応をしているところでございます。その中で、御本人の課題の正確な把握とか、適切かつ分かりやすい情報提供に努めているところでございます。また、相談者は高齢者が多いというところから、平易で簡単な言葉を使いながら、分かりやすい説明を心がけているところでございます。

以上でございます。",2025,2025/10/02,決算特別委員会,理事者
,令和7年　決算特別委員会(第5日　10月2日),植木地域福祉課長（参事）,永井佳代,"ひきこもりについてでございます。

こちらの相談は、御本人というよりは御家族の方からの相談が多いというふうに認識しております。その中で、まず御家族から相談があって、御本人は来られないといったときには、先ほどお話がありましたアウトリーチで家庭訪問をして会うこともできますよといったことで、実際、御家庭に伺ったことも何件かあります。ただ、やはり御本人が部屋から出てこないとか、そういったことが多いところで、今のところ、なかなか御本人へのアプローチができないケースが多々あるところでございます。

あとは、社会福祉協議会のおとなりカフェ、気軽に相談どうぞといった居場所がございますが、そういったところで家族からの話を聞いて、そこからつながってといったところで、何らかでこちらにそういった話がいただけるのであれば動くことができるんですが、窓口にそういった情報が来ないとなりますと、こちらとしてもなかなかアプローチすることは難しいところがございますので、ふくしの総合相談窓口でひきこもりの相談もできるといったところの認知度を上げていくことが必要かというふうに考えているところでございます。

以上でございます。",2025,2025/10/02,決算特別委員会,理事者
,令和7年　決算特別委員会(第5日　10月2日),植木地域福祉課長（参事）,永井佳代,"令和６年度に本庁舎、令和７年度に月島、次に令和８年度に日本橋といったところで、そちらで全地区対応できる形で計画を進めているところでございます。記録を読みますと、借金というか、カードローンをしている方の多さというか、そこから家賃を滞納してといったところが本当に多いというのが実感としてございました。その方の考え方とかもございますので、すぐに解決に結びつくというのはなかなか難しい。住居の確保というところも、区内で過ごしたいという方は多いんです。中央区は住みやすいから動きたくない。気持ちは大変分かる。その中で、その方の希望と状況等を合わせながら、どう解決に導いていくかというのは、本当に時間がかかるものでございます。

そういった中で、相談は人というところで、今、中央区社会福祉協議会に委託をして対応しているところではございますが、そちらについては、職員をきちんと配置して対応できるような形で、今、割と余白がないような状況で対応しているところでございますので、そのあたりも人の配置をきちんとした上で、何があってもすぐに対応できるような形で、アウトリーチ等も増やしつつ、対応していけるような形で考えているところでございます。先ほども申しましたが、本当にすぐに目に見えるものではございませんので、そういったところで対応していただいている職員等も含めまして、そちらのケアもしつつ、また、区民の方の支援もしつつといったところでやっていきたいと思っているところでございます。

以上でございます。",2025,2025/10/02,決算特別委員会,理事者
,令和7年　決算特別委員会(第5日　10月2日),植木地域福祉課長（参事）,永井佳代,"ＡＩでの相談支援ということで、ＡＩが記録を取って、それをうまくまとめていただくことができるというのは、話として聞いているところでございます。そちらにつきましては、区としましても、先ほど言ったように実証実験といったところでございますので、他区の先行事例とかを確認しつつ、そういったものを区でも取り入れることができるかといったところは検討の余地があるというふうに認識しているところでございます。データ分析とかについて、現在はエクセル等でまとめてといったところもございますので、そういったところも含めまして、今後につなげていきたいというふうに考えていることでございます。

先ほど、ふくしの総合相談窓口、アナログではございますが、先ほども申したように高齢者の方が多いということもございますので、どうしても対面でとか、直接伺ってといったところもございますが、今後につきましては、日本橋のふくしの総合相談窓口の開設に向けましては、オンラインでの相談等も含めまして、今、検討しているところでございます。全地域で対応できることになりましたら、そのあたりも含めて、新たに次のステージに進んでいきたいというふうに考えているところでございます。

以上でございます。",2025,2025/10/02,決算特別委員会,理事者
,令和7年　決算特別委員会(第5日　10月2日),大久保福祉保健部長,永井佳代,"放課後等デイサービス事業補助でございます。

令和６年度に新規事業として立ち上げましたけれども、実は、この決算書に記載しているものは、かねてからありました重度心身障害児向けのデイサービス、十思スクエアの中にある放課後等デイサービス事業の補助と、令和６年度に新規で立ち上げた誘致のための補助制度を併せて決算書として記載させていただいております。今の御質問ですと新規事業ということですので、新規事業に特化した説明をさせていただければ、予算額としましては、プレス発表資料にも記載しておりますけれども、1,240万円となっております。決算額としましては312万6,000円となっておりまして、当初予算に対する執行率は25％というふうになっているところでございます。

以上でございます。",2025,2025/10/02,決算特別委員会,理事者
,令和7年　決算特別委員会(第5日　10月2日),大久保福祉保健部長,永井佳代,"昨日の質疑でもございましたけれども、当初、区として目指していた事業所数は４か所だったところでございますが、実際、整備が進んだのは３か所ということで、箇所数としては微減ということで、ある程度の誘致の成果は得られたのかなと思っております。

一方で、執行額が少なかったものは、特に大きいものは開設前の賃借料補助、これを１業者当たり月100万円、最大３か月ということで300万円まで補助する想定をしておりました。それを４か所ということで約1,200万円という予算規模となっております。３か所を誘致しましたけれども、３か所合計で300万円ほどの開設前補助で済んだというところで、最大限の補助上限額で想定しておりましたけれども、そこで900万円ほどの減となったということで、執行率が低くなったところでございます。決算額、執行率は低くなりましたけれども、誘致の数としましては、おおむね想定の規模が確保できたというところで、その成果としては一定程度達成しているのかなというふうに考えているところでございます。

以上でございます。",2025,2025/10/02,決算特別委員会,理事者
,令和7年　決算特別委員会(第5日　10月2日),大久保福祉保健部長,永井佳代,"送迎支援について、３年間という期限を設けさせていただいております。

この趣旨としましては、まず、現在、区内全体としてサービス事業所が少ないというところで、特にニーズが高い月島地域をフォローしたいという思いがあったこと、ただ、昨日の議論にありましたけれども、やはり月島地域は場所がないとか、賃料が高いというような様々な要因で、月島地域を中心とした誘致がなかなか難しいだろうというところから、ほかの地域に整備したとしても月島地域の需要を一定程度カバーできるようにということでの送迎を求めているところでございます。ただし、こちらは、今、順次事業所を増やしていく想定でおりますので、一定程度区内に網羅できれば、送迎がなくても需要が賄えるのではないかというふうに思っております。また、現在、当面はやはり数が少ないので、送迎を使うことで区内のどの地域においても一定程度利用者を確保できるという誘導策にもなりますので、そういった意味で、一定期間送迎サービスを補助するという判断をしたところでございます。ある程度事業が安定的になれば、そのサービスの内容を見て利用者が判断して、そこで利用者を確保するということが事業者の本来の役目でもありますので、３年目以降については、基本的には、事業者の努力で利用者を確保するという取組も併せて行っていただきたいという思いがございます。

そうしたことから、先ほど委員からも、３年終わった後に送迎サービスをやめてしまったらという懸念がございますけれども、今の考えとしましては、それまでに各所にこういった事業所を増やして、例えば送迎がなくても通える場所ができるだけ増えるようにという思いを持っております。なかなか整備が進まないとか、その執行状況を踏まえて、制度というのは、その状況を踏まえながら、見直しが必要な時期には見直しをする可能性は当然ありますけれども、制度設計の趣旨としては、そういったところで考えているところでございます。

あと、様々、放課後等デイサービス事業所に行く手段として、移動支援というサービスも別にございますけれども、移動支援も、本区の新たな取組として処遇加算というものを始めさせていただきまして、移動支援の事業者の参入も促しているところでございます。移動手段も、こういった新たな制度で別のルートでも確保することで、利用者が行きたいサービス事業所に行けるような環境を併せて整えているところでございます。

以上でございます。",2025,2025/10/02,決算特別委員会,理事者
,令和7年　決算特別委員会(第5日　10月2日),大久保福祉保健部長,永井佳代,"一定の支援が必要なお子さんの数がかなり増えているという現状がございまして、当然、学齢進行によりまして、就学、そうすると放課後等デイサービスの需要がどんどん高まってくるという流れになってくると思います。ただし、都心区の家賃などが高い現状からいくと、なかなか思うようにその伸びをカバーするほどの事業者の増には至っていないというところで、こういった補助制度を設けたところでございます。

日々、例えば障害者福祉課のケースワーカーの中で、利用のニーズなどを把握しながら、実際に足りない程度というのは常日頃から意識しているところでございますけれども、あわせまして、３年に一度、障害者計画を策定しておりますけれども、ちょうど令和７年度においても実態調査を行うところでございます。こうした定期的な需要把握の機会もございますので、障害のある方あるいは保護者の方向けに、実態調査の中で、こうしたサービスの需要についても把握する内容となっておりますので、こういった需要を踏まえて今後の整備計画に生かしていきたいというふうに考えてございます。

以上でございます。",2025,2025/10/02,決算特別委員会,理事者
,令和7年　決算特別委員会(第5日　10月2日),大久保福祉保健部長,永井佳代,"まず、利用者の声ですけれども、先ほど少し触れましたが、基本的には、サービスを利用するお子さんあるいは保護者から、ケースワーカーが日頃から情報を共有したり、相談を受けたりというところがございますし、計画相談の中でもそういった声を受け取ることができます。また、定期的に、区としましても、広く障害者団体との意見交換の場も設けておりまして、一人一人の声だけではなくて、団体としての総括的な御意見も伺う機会も設けております。また、こういったサービスの充実に向けては、利用者だけではなくて、事業者の声も聞かなくてはいけないかなと思っておりまして、事業者側の視点からいいますと、区内サービス事業者を中心に構成しております事業者連絡会というものも設けておりまして、こうした場の中で意見を伺う機会も設けております。

いずれにしましても、様々な場面で多様な意見を伺うことで、より使いやすく、そして、単に使いやすいだけではなくて、効果のある事業に育てていきたいというふうに思っております。

以上でございます。",2025,2025/10/02,決算特別委員会,理事者
,令和7年　決算特別委員会(第5日　10月2日),大久保福祉保健部長,永井佳代,"今御紹介いただいたのは、１つ桁が違っておりまして、予算額は2,661万１千円となっておりまして、決算額が756万7,000円、そして執行率は28.4％でございます。

執行率が低かった要因ですけれども、こちらの予算の主な内容が、基本的に、この事業者の運営は民間の運営ですので、運営費について区のお金はほとんど入ってございません。６年度のこの予算の内容というのは、建物の引渡しからの光熱水費が主なものとなっておりまして、当初、竣工時期を少し余裕を持って８月以降の光熱水費、要は電気、ガス、水道関係ですけれども、こうした経費を予算化したところでございます。そして、当初の想定ですと、そのうちの事業者が使った分、事業者が入ってから事業者が使ったときには、その分を事業者から区が歳入として受け取るということで、一旦区が歳出をしてから、事業者からの収入として受け取るというスキームを想定しておりました。それが、ガスについては、事業者が直接契約できることになりましたので、ガス料金については、事業者が直接契約して経費を払っているということで、区としては、ガス料金についての負担がなくなったということ、そして、入所率がまだ、当初、どういうスケジュールで入所させていくかということがなかなか見えていない状況でしたので、実際には徐々にしか入所はしておりませんので、思ったほど光熱水費がかかっていなかったということから、想定よりも光熱水費も低くなったということが重なって執行率が大きく減っているところでございます。

以上でございます。",2025,2025/10/02,決算特別委員会,理事者
,令和7年　決算特別委員会(第5日　10月2日),大久保福祉保健部長,永井佳代,"今、実際に入所されている方のうち、重度の障害の方がお一人おります。医療的ケアの方は、今のところはいません。まだ２名分、入居を待っている状況です。お二人は医療的ケア、そういった支援が手厚く必要な方となっております。

それと、体験の居室を活用した地域移行のお話ですけれども、体験の居室を使った事例というのは当然ございますけれども、それは短期入所とか体験入所ということで、まだ地域移行に至った実績はございません。

以上でございます。",2025,2025/10/02,決算特別委員会,理事者
,令和7年　決算特別委員会(第5日　10月2日),大久保福祉保健部長,永井佳代,"家族にとっての安心感というところでございます。

中央区内でこれまで施設サービスはレインボーハウスに偏っていたというところから、入所できる施設が増えたということは、まずもって、基盤としては大きく一歩進んだのかなと思っておりますし、多分保護者の方にとっても、障害のあるお子さんの自立とか、あるいは保護者の方が亡くなった後の生活というのは本当に不安に思っていることだと思います。そうしたことから、今のうち、保護者の方がいるうちから、こういった施設で、体験も含めて利用していただく、あるいは緊急時のフォローアップにもなりますけれども、こういった施設を利用することで少しずつ自立、あるいは地域で暮らす、親から離れて暮らす習慣をつけることで、親亡き後も含めた安心に少しずつでもつながるのかなと思っております。

この施設は地域生活支援拠点として位置づけておりまして、この施設だけではなくて、中央区内にある様々なサービス事業所と連携を取りながら、障害のある方の支援を行っていくというコンセプトも当然ございますので、この施設が中心となって、例えば保護者の方が急病になったときの対応とかを含めまして、事前に登録する、あるいは事前に体験居室を使って経験してみる、こういったことを行うことで、いざとなったとき困らずにフォローアップができるというふうに思っております。まだまだ区内に基盤は足りないですけれども、少しでも保護者の方の安心のよりどころになるものとして、今後も期待しているところでございます。

以上でございます。",2025,2025/10/02,決算特別委員会,理事者
,令和7年　決算特別委員会(第5日　10月2日),大久保福祉保健部長,永井佳代,"この施設において地域に根づいた施設となるためには、やはり地域の方と様々な場面で交流していくことが必要だと思ってございます。その一つのツールとして、今御紹介いただきましたけれども、就労継続支援事業Ｂ型としても使っておりますカフェが大きな役割を果たすのかなと思っております。こうしたカフェが、今、公園側から入れるようになっておりますけれども、将来的には隅田川のスーパー堤防化が進んだ後には、スーパー堤防側からも入れるようになりますので、アクセスもよくなりますし、一般の方がそこを使っていただくことで、障害の方に対する理解促進にもつながりますし、障害者自身にとっても、自分ができることがどんどん増えていくという実感、そして、地域の、役に立っているというか、一員として活動されているということを実感していただく場にもなると思ってございます。

また、区外への発信についてですけれども、実は、その発信については、あまり私も把握しておりませんで、事業者がうまく取組を進めているのかなと、今、話を伺ったところでございます。やはりこういった取組を広く発信することで、中央区内にこういった基盤があるということを広く知っていただくこともございますし、区の総体的な魅力にもつながってくると思います。サービスの受皿という基盤については、なかなか難しいところではございますけれども、こうした取組が広がることで、ほかの事業者も区内に参入していこうというきっかけにもつながるものと期待しておりますし、そのためにも、区としましても事業者の誘致について力を入れていきたいというふうに思っております。

以上でございます。",2025,2025/10/02,決算特別委員会,理事者
,令和7年　決算特別委員会(第5日　10月2日),大久保福祉保健部長,永井佳代,"財源についてでございます。

確かに、こういった施設整備を行うには、経費がかなり大きくかかりますし、その財源というのは大きな課題となってございます。特に、本区においては、繰り返しになりますけれども、家賃などが高いということから、一定程度財政支出をしないと参入が進まないのかなというふうに考えております。国や都の現行にある補助制度を活用するのは当然ですけれども、都心区特有の課題に対応するためには、やはり区独自の補助制度の仕組みなども念頭に置かなければいけないと思いますし、そういった考えから、補助制度も視野に入れて今後考えていかないといけないというふうに思っております。

今回の月島三丁目グループホームにつきましては、既存の区有施設を権利変換によって確保できたものなので、施設整備に対する経費というのは直接はかかってございませんけれども、これをさらに増やしていくためには、当然のことながら、その財源は一定程度意識していかなければならないと思っております。利用者が一定程度限られているということを踏まえますと、具体的な、例えばほかの自治体で行っているような、ふるさと納税でこの施設を整備するためにということもなかなか難しい施設なのかなというふうに思っていますので、なかなか簡単に財源確保という仕組みは浮かばないところでございますけれども、障害者施設を整備するだけではなくて、総体的に区の魅力を高めていく。そして、中央区が暮らしやすいと思っていただけるまちになる。そうしたことで、区民あるいは区内にとどまっていただいて、そこで税収が最終的には上がっていくというところで、この事業直接の特定財源ではなくても、区の魅力を上げることでのそういった広い視点での財源確保を意識して、区全体でのサービス向上に努めていく必要があるというふうに考えております。

以上でございます。",2025,2025/10/02,決算特別委員会,理事者
,令和7年　決算特別委員会(第5日　10月2日),河内介護保険課長,田中広一,"令和６年４月に開設しました晴海おとしより相談センターについてでございます。

晴海おとしより相談センターは、月島地域の人口増加に対応ということで新設したもので、今、職員６人体制で運営をしておるところです。令和６年度の状況を見ますと、月島地域で３おとしより相談センターがありまして、全体で相談件数が１万4,500件ほどあるんですけれども、そのうち3,778件が晴海おとしより相談センターで相談を受けております。実人数で相談件数でいいますと、月島全体で約１万人ほどの相談、実人数があるんですが、そのうち2,270人の方が晴海で御相談をされているということで、高齢者に対する相談の窓口として、しっかりと受皿になっているというふうに感じております。

当初は、引っ越して間もない方に対して、近くで高齢者、親を見たいんだけれどもという呼び寄せとか、そういった相談が結構目立ったというお話を聞いておりますが、令和６年度全体を見ますと、ほかのおとしより相談センターと変わることなく、やはり介護保険のサービスの件であったり、認知症の件であったり、医療に関することといった御相談をお受けしているところです。おとしより相談センターの一つの役割として、やはり地域をつなぐというか、地域の皆さんの顔の見える関係を構築して高齢者を見守っていく中心になるセンターですので、今後、晴海おとしより相談センターも、新しい晴海の地域をそういった形でつないでいく役割をさらにしていくとともに、令和７年で２年目ということで、まだまだ認知度というところもあると思いますので、さらに外に出ていって、様々な会議、講習等を通じて認知度を上げていって、地域での役割をますます担っていただくというふうに期待しておるところです。

以上です。",2025,2025/10/02,決算特別委員会,理事者
,令和7年　決算特別委員会(第5日　10月2日),河内介護保険課長,田中広一,"おとしより相談センター全体の人員体制というところで答弁さしあげます。

現在、３地域に全部で６つ、おとしより相談センターがあります。３職種ということで専門職がいる必要があるんですけれども、そういったところは体制として整っておりまして、配置基準としては、もちろん満たして運営をしているところです。ただ、介護業界ですので、退職されて募集をするとなると、やはり苦労するという話は各法人の方からもお伺いしておるところです。うちは委託しておりますので、区としても、まずは報酬についてもしっかり、もちろん厳しい仕事でございますので、その分をしっかり報酬としてお支払いできるように、委託費も常に見直しをしておるところですし、各管理者につきましても、常に状況等をお伺いしながら、人員に対して、いつも相談支援を行っておるところです。また、報酬だけではなくて、おとしより相談センターの職員の質の向上というところで、働きやすさとか環境づくりというところも当然必要になっておりますので、引き続き、困難ケースであったり、そういったものに対する区からの支援、区と一緒にやっていくというところと、研修体制であったり、また、もちろん働く環境の負担軽減という視点もそれぞれございますが、そういったことについても、管理者等とも相談しながら整備してまいりたいと考えております。

以上です。",2025,2025/10/02,決算特別委員会,理事者
,令和7年　決算特別委員会(第5日　10月2日),大久保福祉保健部長,田中広一,"私からは、保健師を中心とした専門職の質の向上というところで少し説明させていただければと思います。

妊娠期から子育て期の方を支える専門職、保健師などにつきましては、当然、専門性は求められますけれども、やはり多様な視野、視点が必要だと思っております。例えば、子供に関わる部分の知識だけではなくて、家庭には様々な課題があるというふうに思っておりまして、そういう意味では、日頃から、一つのケースワークに対して多様な職種との議論をする場が１つ、質の向上とか知識の向上にもつながると思っておりますし、もっと広く長い目で見ると、職員のジョブローテーションというんですか、保健師も保健所だけではなくて、障害部門とか、様々な部門で配置をしております。そうしたところの経験も、一つの事例に当たるに当たって様々な視点、知識を持ってフォローができるというところもございますので、こうした職員のジョブローテーションも含めて、質の向上、そしてサポート体制の強化につながるような充実を図っていく、そういった思いでございます。

以上でございます。",2025,2025/10/02,決算特別委員会,理事者
,令和7年　決算特別委員会(第5日　10月2日),藤原放課後対策課長,田中広一,"私からは、朝の子供の居場所の確保に伴いますワーク・ライフ・バランスの啓発について答弁させていただきます。

今般、朝の小１の壁ということが社会的に注目が集まっているというような状況の中で、セーフティネットとして、朝の居場所を確保するということの必要性が高まっていることは認識しているところでございますが、一方で、先ほど委員がおっしゃったように、親子で日頃からコミュニケーションを取りまして、子供の口から、その日にあった出来事とかを聞くことで、子供の話に対して保護者の方が褒めたりですとか、助言をしたりすることは、子供の健やかな成長にとっても大変重要であるというふうに認識しているところでございます。また、ワーク・ライフ・バランスが崩れてしまうことで、朝早くから夜遅くまでお子さんが家の外にいなければいけないということで、そういったことも大きな負担になるというふうに承知しているところでございます。

こうした点を踏まえまして、もちろん、ワーク・ライフ・バランスの実現に向けましては、先ほど委員もおっしゃったように、国を挙げて、企業も巻き込みながら取り組んでいくべき課題と捉えているところでございますけれども、我々としましても、子供に対する負担軽減を図っていくというような観点から、保護者の方にワーク・ライフ・バランスの重要性を認識していただけるような取組は進めていきたいというふうに考えてございまして、例えば学童クラブにつきましては、保護者の方と面談する機会も年に何回かございますので、そうした機会を捉えまして、お子さんの様子を伝えているところでございますけれども、そうしたことと併せまして、ぜひワーク・ライフ・バランスについても一言触れながら、お子さんの話を聞いていただきたいということも伝えられるようにしていきたいと思ってございます。

以上でございます。",2025,2025/10/02,決算特別委員会,理事者
,令和7年　決算特別委員会(第5日　10月2日),植木地域福祉課長（参事）,田中広一,"ふくしの総合相談窓口の職員間の協力体制についてでございますが、まず、ふくしの総合相談自体としましては、社会福祉協議会の中で毎朝ミーティングをして、ケースを共有しているといったところで、困難ケースは一人で抱えない体制を取っているところでございます。もちろん、区の職員についても、相談内容は共有しておりまして、困難ケースにつきましては、区の職員も一緒に協議をして支援プランを検討しているところでございます。日頃からコミュニケーションを密に取っているところでございますが、それは関係機関においても同じで、やはり顔が見える関係の中で協力体制というところで、それぞれおとしより相談センター等と関係を結んでいるところでございます。特に、今回、月島ふくしの総合相談窓口は、月島おとしより相談センターとすぐ隣ですので、本当に密に情報共有等、連携をしているところでございます。

以上でございます。",2025,2025/10/02,決算特別委員会,理事者
,令和7年　決算特別委員会(第5日　10月2日),武田健康推進課長,山本理恵,"特定不妊治療医療費助成について、まず目的でございますが、日本におきましては、少子化対策の一つとして、不妊治療の費用負担を助成すること、経済的負担の軽減を図ることが定められておりますので、そういった方向で本区においても、もともと行っていた30万円の助成の引き続きの形ということで実施しておるところでございます。

また、実績についてでございますけれども、委員おっしゃるとおり、実績については低いもので、この理由として考えておりますのが、もともとの申請の見込みは、当時、先進医療についてどれほど費用がかかるのかというデータも乏しかった中で、年100件ほどの申請があるのではないかというふうに見込んで立てておりました。実際の申請は延べ７件にとどまっております。これは、2022年の保険適用後、徐々に知見が集まって、調査・分析が行われるようになっております。全国的にはなんですけれども、これは医療機関の有無など地域差もあると思いますが、保険診療と先進医療を併せた治療というのは28％ほどであるというような調査結果もございまして、その中で都が実施する先進医療の助成事業において、中央区民が受け取る額が上限15万円に満たないケースが多いものと捉えております。

以上でございます。",2025,2025/10/02,決算特別委員会,理事者
,令和7年　決算特別委員会(第5日　10月2日),武田健康推進課長,山本理恵,"まず、すみません。先ほどの28％なんですけれども、これは全国の数値でございます。どうしても医療機関の過多は地域によって異なりますので、その点は中央区にも必ず当てはまるというわけではございません。

それから、自由診療についての考え方でございます。

確かに、委員御指摘のとおり、自由診療分についても助成を行っている自治体があることは把握はしておりますけれども、その中でも、ある程度枠を狭めているというようなこともございます。助成のメニューについては、自治体ごと、本区のような形で実施しているところもあれば、それ以外の自由診療も含めて幾つかメニューを持っている自治体があるところでございます。自由診療も含めてですけれども、他自治体の動向として、どういった部分にニーズがあるのかなどは引き続き調査・検討していきたいというふうに考えておるところでございます。

以上です。",2025,2025/10/02,決算特別委員会,理事者
,令和7年　決算特別委員会(第5日　10月2日),武田健康推進課長,山本理恵,私から、まず、区で直営で実施しております各種健診は３・４か月児の健診と１歳６か月児の健診、３歳児健診とございますけれども、おおむね受診率90％以上で実施されております。１歳６か月児健診につきましては、小児科での受診が医師会委託で行われておりまして、こちらは９割ほどで、歯科や心理などの健診を行っております直営での健診分については７割程度の実施となっておるところでございます。,2025,2025/10/02,決算特別委員会,理事者
,令和7年　決算特別委員会(第5日　10月2日),武田健康推進課長,山本理恵,"私から、まず、すみません。先ほど答弁漏れがございまして、母子保健指導の点なのですが、様々、保健指導のほうはメニューがございますけれども、例として、新生児訪問などについては、出生数の増加とともに訪問数も伸びているんですけれども、実施率のほうも伸びておりまして、96％以上実施しておるところです。

続きまして、すくすく歯科相談についてでございます。

まず、この事業を実施することになった背景といたしましては、１歳６か月児健診や３歳児健診の場で、口の使い方ですとか、歯並びですとか、口腔機能を育成することに関する御質問をいただくケースがあったということ、一方で、一般の区内の医療機関については、あまり口腔機能の育成について対応していないというような実情がございましたので、区において普及啓発を行っていこうということで実施に至ったところでございます。

実績ですけれども、全20回で96組199名の方の御参加がございました。事後のアンケートでは、99％の方のお子さんの方から、「大変よかった」、「よかった」という回答を得ておりますし、参加された全員の方から、実践しようと思うような事項があったという御回答を得ておりまして、高い満足度は得られているかと考えております。

３歳児健診との違いですけれども、３歳児健診のほうは、虫歯の予防や口腔ケアという一面と、それから虫歯の有無をチェックして、もしあれば医療機関につなげるというスクリーニングも大きな目的となっております。これに対して、すくすく歯科相談のほうは、先ほどもお話しいたしましたけれども、口腔機能ですとか、健全な歯並びの育成に関して保護者の方々が持つ御不安などに応えられる場として実施しているところでございます。

以上です。",2025,2025/10/02,決算特別委員会,理事者
,令和7年　決算特別委員会(第5日　10月2日),大熊地域保健担当課長,山本理恵,"私からは、成人歯科健診と高齢者歯科健診についてお答えいたします。

まず、成人歯科健診ですけれども、こちらは昨年、令和６年度の受診者数が6,395名となっておりまして、受診率が10.3％になっております。また、高齢者歯科健診のほうにつきましては、受診者数が3,672名で、受診率が21.4％となっております。歯科健診につきましては、高齢の方のほうが受診率が高いというところはあるんですけれども、特に若い方については、なかなか忙しくて歯科健診を受けられないという方も多くいらっしゃいますし、痛みが出てから、ようやく治療に行くという形になっている方が多いかなという印象はあります。こちらの受診率向上につきましては、今もいろいろなところで、区報に載せたりですとか、個別に受診券をお送りしたりとか、勧奨をしたりとかというところはやっているんですけれども、なかなか現状として難しいところがあります。ただ、引き続き、いろいろな機会を捉えまして、受診勧奨は続けていきたいというふうに考えております。

健診と治療は同時に実施できないというところですけれども、健診につきましては、区のほうで全額負担をしておりますので、健診の中で例えば虫歯が見つかったとかで、すぐに治療をしてしまうと、治療のほうにはお金がかかってしまうというところで、区のほうから、そこは分けて実施をしていただくようにお願いをしているところです。ただ、どうしても、なかなか時間がないので一緒にやってほしいというようなお声がある場合につきましては、各クリニックのほうで区民の方にしっかりと御説明をして、健診の部分は無料だけれども、治療についてはお金がかかるというところを説明いただいた上でやっていただくというところは可能としております。

以上でございます。",2025,2025/10/02,決算特別委員会,理事者
,令和7年　決算特別委員会(第5日　10月2日),武田健康推進課長,山本理恵,"私から、産前・産後歯科健診についてでございます。

産前・産後歯科健診の受診率は、６年度が産前が38.7％、産後が24.0％となっております。産前・産後歯科健診は、妊娠中のホルモン変化ですとか、産後の生活習慣の変化によって歯周疾患が生じやすくなる時期ということで行っておるものでございます。妊娠届を出されたときにお渡しする母子保健バッグなどにも周知のチラシなどを入れるようにはしておりますけれども、引き続き、この実施の趣旨も含めて、周知を行っていきたいというふうに考えております。

以上でございます。",2025,2025/10/02,決算特別委員会,理事者
,令和7年　決算特別委員会(第5日　10月2日),植木地域福祉課長（参事）,奥村暁子,"エアコン助成についての、まず東京都制度の併用については、できるということになっておりまして、我々のほうでチラシ等をつくってから、東京都のほうのゼロエミポイントが始まったというところもございますので、チラシのほうには書いてはございませんが、今後、そちらのチラシやホームページも含めて、そのあたりは書いて周知をしていく予定となっております。どちらにしても、家電のほうで買うときに御相談して、使った後でお支払いということになりますので、どちらにしても、買う前に一旦はこちらのほうに相談というか、申請されるということなので、そのあたりも含めて周知をしていきたいと思っております。

利用者数につきましては、現在、交付決定されている方は58名で、実際もう購入されて、金額を交付した方が43名でございます。

生活保護のケースワーカーの生活福祉資金のところにつきましては、生活保護については、この制度が始まる前から、壊れて買うといったときには生活福祉資金でやるというふうになっておりますので、そちらについては、このエアコン助成が始まったときにも周知しておりまして、ケースワーカー全員が認識しております。

あと、先に購入された、知らなかったというところにつきましては、今後また周知に努めていきたいというところで、民生委員の方にも、エアコン助成が始まる前に、こちらのお話はさせていただいていますし、関係機関等にも周知しているところでございますが、さらに周知をして認知度を上げていきたいと考えております。

以上でございます。",2025,2025/10/02,決算特別委員会,理事者
,令和7年　決算特別委員会(第5日　10月2日),植木地域福祉課長（参事）,奥村暁子,"生活福祉資金の貸付けにつきましては、中央区社会福祉協議会を通じて、東京都社会福祉協議会が貸付けするものでございます。こちらの期間につきましては、正確には分からないですが、１か月ぐらいかかるというのは聞いているところでございます。もともと、生活保護の方については、壊れたときには自分で用意していただくといったところで、その際には生活福祉資金を活用するようにといった、国のほうでもそういった話はございますので、そのあたり、スピードをアップするといったところについては、区のほうでは、そういう話があるというのは伝えることはできますが、それ以降については、申し訳ございませんが、なかなか難しいかなというふうに思っているところでございます。

また、壊れて、すぐに使えない、暑さをどういうふうに区の体制としてやっていくのかというところでございますが、現在のクールスポットではないですが、区の施設や薬局等で、昼間暑いときは涼んでいただいてといったこともやっておりますので、そういった中で、ちょっと時間を置いていただいて、その後、購入できればというふうに考えているところでございます。

以上でございます。",2025,2025/10/02,決算特別委員会,理事者
,令和7年　決算特別委員会(第5日　10月2日),河内介護保険課長,奥村暁子,"デイサービスの閉鎖についてでございます。

今、委員がおっしゃったデイサービスというのは、恐らく築地にあるデイサービスだと思うんですけれども、区としても、10月に閉鎖するという情報は、御相談は受けております。地域密着型のデイサービスですので、定員が18名ということで、利用者は延べ100名程度いらっしゃるというところで、利用されている方に影響があるということです。区としては、もちろん、今利用している方が速やかに次の同様のサービスに移行できるように、引き続きサービスを継続できるようにということで、しっかりケアマネジャーであったりとか、予防であれば、おとしより相談センターと連携を取って、移行するようにということで指導しております。

今の段階で把握している状況は以上です。",2025,2025/10/02,決算特別委員会,理事者
,令和7年　決算特別委員会(第5日　10月2日),河内介護保険課長,奥村暁子,"デイサービスの閉鎖の件につきましては、詳しい事情はこちらで把握はしておりませんが、法人のほうでそういった決定をしたということでお伺いをしております。

続きまして、地域密着型サービスの件ですけれども、委員がおっしゃるとおり、６戸を想定して511万２千円の予算を計上したところですが、決算としましては63万9,000円、執行率12.5％ということで、１事業所が１室利用されたという実績になっております。

以上です。",2025,2025/10/02,決算特別委員会,理事者
,令和7年　決算特別委員会(第5日　10月2日),河内介護保険課長,奥村暁子,"執行率が低い分析です。

まず初年度ということで、ある程度見込みで６戸としたところですけれども、実際は１戸というところで、１つとしては、やはり新規事業ということで、この制度は事業所が民間の賃貸住宅を宿舎として借り上げて、そこに職員が住むというようなスキームになっていますので、やはり事業所としても、この事業を開始したということは、もちろん周知はしておりますが、どのように利用するかとか、一定の検討期間が必要だということで、令和６年については利用がなかったというところと、今既に住んでいる方に適用するというよりは、新規で採用するときに、こういったサービスもセットで利用できますよということで利用されることも想定があるのかなというところで、今後、この事業を続けていく上で、利用も伸びてくるのではないかなというふうに分析をしているところです。

改善策としましては、今後、よりこの事業を利用していただきたいというのは、こちらもやるからにはというところがありますので、予算を計上する上で、まず事業所に利用の見込みであったりとか、その際に、丁寧にこの事業の趣旨、目的であったり、概要を説明した上で利用につなげていきたいというような形で、事前にお伺いしながらということで考えております。

以上です。",2025,2025/10/02,決算特別委員会,理事者
,令和7年　決算特別委員会(第5日　10月2日),河内介護保険課長,奥村暁子,"事業周知についてです。

事業周知については、ホームページはもちろんですけれども、この事業を開始するに当たって、中央区では、対象事業所は大体30事業所ありますが、30事業所に直接郵送でお伝えもしております。また、新規で指定をする際などには、その際にこういった制度がありますということで御案内をしております。もちろん、利用率を上げたいという思いはあります。今後も事業者が情報を閲覧できるようなケア倶楽部というものも中央区のほうで運用していますので、そちらにも周知を重ねていって、利用が上がって、事業所にとっても、職員にとっても働きやすい、人材を確保しやすい、定着しやすい事業につながるように考えていきたいと思っております。

また、障害についてですが、障害単体というところですと、今、ないですけれども、介護と障害の共生型ということで両方のサービスを提供しているような事業所もありますので、そういった場合には利用ができる場合があるかと考えております。

以上です。",2025,2025/10/02,決算特別委員会,理事者
,令和7年　決算特別委員会(第5日　10月2日),大久保福祉保健部長,奥村暁子,"障害者サービス事業所への同様のサービス、補助制度ですけれども、区ではやっておりませんが、東京都がこういった同様の補助制度を持ってございますので、相談があった際には、そういった制度を御案内しているところでございます。

以上でございます。",2025,2025/10/02,決算特別委員会,理事者
,令和7年　決算特別委員会(第5日　10月2日),大久保福祉保健部長,奥村暁子,"障害者向けの宿舎借上支援事業につきましては、今、区で把握しているところによりますと、基準額が１戸当たり８万2,000円で補助率８分の７ということで、介護サービス事業所と基本的に同様の基準となってございます。ですので、今のところ、区でやる予定はございません。東京都の制度が使いづらいとか、そういった声は今のところ聞いていないですけれども、そういった状況があれば、それは当然、検討する場合もございますが、現在のところ、そういうふうな認識は持ってございませんので、相談があった際には丁寧にそういった事業の案内をしていきたいと思っております。",2025,2025/10/02,決算特別委員会,理事者
,令和7年　決算特別委員会(第5日　10月2日),大熊地域保健担当課長,しらす夏,"健康増進につきましての課題です。

委員がおっしゃるとおり、特定健診、それからがん検診など、受診率が思うように伸びていないというところは、区としても認識しているところです。受診率向上のために、これまでも区のほうではいろいろな施策を打ってきました。受診券を個別に発送したり、区報に年何回か載せるというところ、それから未受診の方については受診勧奨を積極的に行うというような施策は行ってきているところです。そういった中で、本区の特徴として、子育て世帯ですとか、若い方がやはり多いということで、どうしても健康に対しての関心が薄いというところはあります。ですので、そういった方に対してどういうふうにアプローチしていくかというところが重要であるというふうには思っております。昨年始めました健康アプリにつきましては、ダウンロード者を見ると、高齢の方というか、中年以上の方がやはり多いところではあるんですけれども、アプリというところで、若い方にも一定数ダウンロードして使っていただいているようなところでございます。

受診率の向上につきまして、昨年はまだだったんですけれども、今年度から健診を受診した結果をアプリに入力をするとポイントを付与するような、インセンティブで受診率を向上させるような取組も行っているところです。あとは、健康福祉まつりとか、そういったイベントですとか、保健所・保健センターで行っておりますヘルスアップ教室とか、そういった健康教室を活用して、若い方に対しても積極的に健康増進について考えていただく機会としていきたいというふうに考えております。

アプリにつきましては、まだ始まったばかりで、ちょうど１年ぐらいたったところですけれども、今、ちょうどアンケートなどを行っていまして、その効果の検証をしている最中ですので、そういったものも含めて、そういったデータを活用しながら、今後の施策に反映させていきたいというふうに考えております。

以上でございます。",2025,2025/10/02,決算特別委員会,理事者
,令和7年　決算特別委員会(第5日　10月2日),阿部高齢者福祉課長,しらす夏,"介護を受けている方、御本人ですとか、家族の方に対しての支援ですけれども、私ども高齢者施策推進室では、介護を受けている方に限らず、高齢者全体の施策を、３年ごとに計画をつくって推進しているところでございます。特に、家族介護者への支援というのは、かなり負担もあるということで力を入れているところでございます。従来から、介護者慰労事業ですとか、あとは御本人に差し上げるものですけれども、おとしより介護応援手当ですとか、そういった給付もしておりますし、区立の特養のほうで介護の交流会をやっておりまして、そちらで介護についての理解を深めていただき、また介護をしている方同士、御家族同士で交流を深めていただいて、ふだんからつらいと思っていることですとかを共有し合って、少しでも負担を少なくするという取組をしております。今年度、介護者交流会では、特に専門職の方を外部から講師で呼んで、講演会なども行っておりますので、そのようにやっていきたいと思っております。

以上です。",2025,2025/10/02,決算特別委員会,理事者
,令和7年　決算特別委員会(第5日　10月2日),河内介護保険課長,しらす夏,"介護保険課としても、ちょっと補足をさせていただきます。

もちろん、家族の方の介護の負担、特に居宅、在宅で見ている方の負担は相当重いものというところで、介護保険課としては、区としては、まず地域のおとしより相談センターに日頃からしっかり相談していただいて、ケアマネジャーとも連携をしながら、本人が居宅で生活できるように、安心できるようにしていただくというところが一番だということもありますし、介護保険制度を正しく使うことで相当御負担を減らせるということもありますので、まずは介護保険の正しい知識の普及であったり、いつでも相談できる窓口として、おとしより相談センターの体制をしっかり整えていくというところがございます。また、御家族の方が病気になられたとか、介護疲れというようなところもありますので、区のほうでは緊急で、ショートステイは基本的に計画的に使うものですけれども、緊急で必要になった場合に緊急ショートステイということで、区立の各特別養護老人ホームにベッドを確保しておりまして、緊急時に御利用できるような体制も取っておりますので、もし御負担がある場合には、ケアマネジャーとかに御相談の上、御利用いただくことで御負担を減らしていければいいかなというふうに考えております。

以上です。",2025,2025/10/02,決算特別委員会,理事者
,令和7年　決算特別委員会(第5日　10月2日),大久保福祉保健部長,磯野忠,"子育て支援につきましても、まずは、本当は、先ほどの介護も含めてですけれども、子育て世帯、介護をされている世帯、いずれも、恐らくかつてはその役割が地域にあったと思っております。困った際にお隣の方にちょっと見ていただいたりとか、あるいは困ったときの相談相手になっていただいたりとか、日頃からのつながりの中で、不安とか困り事を相談できる地域がまちの中には、中央区に限らずですけれども、あったのかなと思ってございます。最近、そうした関係が薄まっているというところで、行政の役割が大きくなっているのかなというふうに思っております。

介護につきましては、先ほど答弁したとおりですけれども、子育て世帯に対しましても、やはり困ったときの相談ということで、子ども家庭支援センターにおきましても、子育てに関する相談、これは電話でも直接でも様々な媒体を使って相談できますし、保健所の保健師もその相談に乗る。あるいは、例えば出産後の産後ケアの中でも、サービスを使う中で、困り事あるいは気になることを相談する。そうしたいろいろな場面で困り事を伺い、そして、それを必要な部署につなげて区全体でそれをフォローしていくという仕組みが求められておりますので、今年度から立ち上げましたこども家庭センターも含めまして、きめの細かい支援体制を今後とも構築していきたいと思っております。",2025,2025/10/02,決算特別委員会,理事者
,令和7年　決算特別委員会(第5日　10月2日),阿部高齢者福祉課長,しらす夏,"おとしより介護応援手当のことかと思いますけれども、こちらにつきましては、65歳以上で要介護３以上の在宅介護を受けている方で、寝たきりもしくは認知症の方に対して、御本人や介護している御家族の精神的・経済的負担の軽減を図るものでございます。月２万円の手当を支給しているところでございます。今年の９月末現在での受給者数は707人で、重度心身障害者手当と併給している方がもう一人いらっしゃるということですが、延べ受給者数につきましては、3,915人となっております。

以上です。",2025,2025/10/02,決算特別委員会,理事者
,令和7年　決算特別委員会(第5日　10月2日),武田健康推進課長,しらす夏,"本区において、精神的な心の相談、心の問題の早期発見などを支援するために、まず、精神科の専門の先生や保健師による精神保健の相談を保健所・保健センター各所で行ってございます。それとともに、保健師による精神相談は、随時お電話などでも受け付けておるところでございます。このほか、精神保健の講習会なども行っておりまして、疾患に至らずとも、もしくは疾患ではなかったとしても、大きな、例えば統合失調症などの疾患でなかったとしても、例えば不眠ですとか、そういったことを扱うような講習会なども実施しておるところでございます。幅広い年齢層の方々に知ってもらうということや、女性のメンタルヘルスなどにも対応していくことを目的に、令和６年度については、例えば更年期などをテーマにした講習会なども実施しておりまして、幅広な対応ができるようにというふうに心がけております。24時間相談などは区としては実施はしていないところではございますが、都などでは、少し自殺のところにもかかりますけれども、精神的な相談を行う、もしくはもっと若年の方々が話してみようというような形で、電話やＳＮＳなどを使った相談の窓口などもございますので、そういったものも、必要に応じて、機会を捉えて周知していくという考えでございます。

以上でございます。",2025,2025/10/02,決算特別委員会,理事者
,令和7年　決算特別委員会(第5日　10月2日),武藤生活衛生課長,アルールうた子,すみません。診療所の数につきましては、全域のものはあるんですけれども、晴海地域でというところで、今、数字がないところでございますので、また後ほどお答えさせていただきます。,2025,2025/10/02,決算特別委員会,理事者
,令和7年　決算特別委員会(第5日　10月2日),武藤生活衛生課長,アルールうた子,"すみません。晴海エリアの診療所の件数は26件となっております。

中央区内には、令和６年度末で842件の診療所がございますけれども、今御紹介ありましたとおり、銀座ですとか、日本橋ですとか、そういったところに集中的にあるという状況でございます。適切な数というところにつきましては、特にそういった数字は持っておりません。ただ、区内には診療所数は十分確保されているというふうには認識しているところでございます。

以上でございます。",2025,2025/10/02,決算特別委員会,理事者
,令和7年　決算特別委員会(第5日　10月2日),大熊地域保健担当課長,アルールうた子,"確かに、晴海地区につきましては、人口の増加の割にはクリニックが少ないというお声もあるところであります。ただ、医療機関につきましては、民間の事業者という形になりますので、区として積極的に誘致というところはなかなか難しいところはありますが、課題はやはりありますので、その辺は医師会とも協議しながら、区として今後どうしていくかというところは考えていきたいと思います。

以上です。",2025,2025/10/02,決算特別委員会,理事者
,令和7年　決算特別委員会(第5日　10月2日),武藤生活衛生課長,アルールうた子,"食べ残したものの持ち帰りについてでございます。

今、お話もございましたけれども、やはり衛生管理、食中毒の問題もありますので、食品衛生の観点から持ち帰りを推奨するというのは、保健所の立場としては難しい部分がございますけれども、全体的に、フードロスを含めて、今、そういう流れにもございますので、国の方針等を踏まえまして、衛生管理の指導の部分で対応していければというふうに考えております。そういったところもございますので、今時点では持ち帰りの指導という形では特に行っていないところでございます。

以上でございます。",2025,2025/10/02,決算特別委員会,理事者
,令和7年　決算特別委員会(第5日　10月2日),武藤生活衛生課長,アルールうた子,"国の方針への協力という部分ですけれども、衛生上の担保がきちんとできるかどうかというところが一番重要になります。また、飲食店も、食中毒を出してしまうと、対応を含めて様々問題がございますので、そういうところを一つ一つクリアしていくことが必要になってくると考えております。消費者庁等からそういった通知が出ているようですけれども、きちんと安全が担保できるように、国の方針を踏まえて、対応については、飲食店を含めて、今後協議をしていければというふうに考えております。

以上でございます。",2025,2025/10/02,決算特別委員会,理事者
,令和7年　決算特別委員会(第5日　10月2日),河内介護保険課長,川畑善智,"宿舎借上事業についてでございます。

先ほどの答弁でも申し上げましたが、こちらの事業は令和６年に開始してまだ２年目ということで、まだまだ事業の周知も図っていかなければいけないし、事業者の声も聞いていかなければいけないということで、現時点では、まずは普及啓発であったり、今度、新規に採用される方についての利用状況とか、もちろん、施設のお声も聞きながら、事業についてどういった形がいいのかというのは検討していきたいと考えております。

また、品川区と同様に手当という形でやっていく、それも、事業者であったり、介護人材の取組の一つであることは間違いなくて、それは全く排除するというものではありませんけれども、やはり区で介護人材の不足を解消するというのは限界があります。なので、人材確保・定着については、やはり国であったり、東京都と、広域的に連携してやっていかなければいけないという中で、介護保険制度自体、人材がどうやって継続していけるか、安定してやっていけるかというところの視点が必要だと思いますので、そういった点で、単純に区が一時的に負担をして何とかなるものなのかとか、さらにもっとほかの観点で人材確保・定着につながるような施策があるのかとか、そういったいろいろな観点から考えた上で、うちとしても、介護人材の確保・定着につながるような施策を講じてまいりたいと考えております。

以上です。",2025,2025/10/02,決算特別委員会,理事者
,令和7年　決算特別委員会(第5日　10月2日),阿部高齢者福祉課長,川畑善智,"今御紹介いただいた在宅サービスですけれども、介護事業者が集まる会議がありますので、そちらでも周知を必ず毎年しておりますし、また、民生委員協議会などでも、民生委員から近くの高齢者の方にお伝えいただきたいというようなお話もさせていただいております。今、在宅サービスを一覧にまとめたものを１枚の紙でまとめて、介護認定の結果が出るときにお送りしているところですけれども、そういったもののチラシもより分かりやすいものになるよう、今、内容を検討しているところでございますので、さらにいいものができましたら、皆さんにお配りしたいと思っております。

以上です。",2025,2025/10/02,決算特別委員会,理事者
,令和7年　決算特別委員会(第5日　10月2日),阿部高齢者福祉課長,川畑善智,"個別避難計画でございます。

昨年度は、たすけあい名簿の外部提供に同意している方全員に対して作成の勧奨の通知をしましまして、かなり作成が進んだところでございます。御自分でつくるのが難しいという方には、ケアマネ等に委託してつくるというようなこともしております。今後もさらに作成勧奨していきたいと思っております。今のところ、予定では令和８年度には、計画未作成の方にも全員に、また勧奨していきたいと考えております。

以上です。",2025,2025/10/02,決算特別委員会,理事者
,令和7年　決算特別委員会(第5日　10月2日),鎌田環境課長,田中耕太郎,"いただいた御質問に順次お答えさせていただきます。

まず、冒頭、委員からもお話がありましたとおり、環境問題は非常に内容も難しく、情報も多い。その中でどのように選択しながらやっていけばいいか、そこは我々も日々難しさを実感しているところでございまして、いかに自分事化をしながら区民の方に伝えていくか、そこが大変重要なポイントだと思っております。

そうした中で、まず、中央区の森の進捗状況でございますけれども、令和６年度、南郷地区におきまして協定地の拡大を行いました。それに伴いまして、南郷地区の既存部分、それから隣接しております矢沢地区を一体としました森林保全整備計画の策定を令和６年度に実施いたしました。これを踏まえて、今後といたしましては、間伐等の保全作業ですとか、材の活用、そういったところを７年度以降、８年度、今後実施をしていくという状況になってございます。

続きまして、ツアーの参加者の推移でございますけれども、現在、年15回の実施をしているところでございまして、令和５年度、６年度で見ますと、定員の増加は図っておりませんでしたので、参加者としては、ほぼ横ばいという形になっています。ただ、令和４年度から５年度にかけまして実施回数２回の増がございましたので、それに伴って定員の増が図られ、申込者の増にもなっているところでございます。

今後への発展というところでございますけれども、定員の増に関しましては、例えば中央区から檜原村に向かうバスの定員の問題ですとか、現地でコーディネートをしてくださる方の、安全に実施をするための定員としての枠、そういったところの兼ね合いもあろうかと思いますので、どこまで拡充ができるかといったところはございますが、できる限りの工夫をしながら幅を広げていって、かつ、この後お答えさせていただきますけれども、「多摩の森」活性化プロジェクトの中でも自然体験の事業等を行っておりますので、そういったところも含めて、区民の方に自然体験の機会の提供をさせていただければと考えております。

最後に、「多摩の森」活性化プロジェクトの連携状況でございますけれども、令和５年７月31日に協定を結びまして、ちょうど２年を過ぎたところでございます。初年度に関しましては、森林整備を行ったところでございますけれども。２年目、令和６年度に関しましては、森林整備に加えまして、現場体験事業という形で、参加している各区の区民の方を、山間部、森林を持つ自治体を訪問して、そこで我々が檜原村でやっているような自然体験のツアーを実施したところでございます。また、参加する自治体も、６年度は、市町村分におきまして町田市が追加になったりですとか、また、今年度、区部のほうにおきましても新たに目黒区が追加といったところで、徐々に拡大も図っているところでございます。引き続き、東京都を中心に、都内の各自治体と連携をしながら、この事業の充実、また森の大切さを伝えていく、こういったところの充実を図っていければと考えております。

以上でございます。",2025,2025/10/02,決算特別委員会,理事者
,令和7年　決算特別委員会(第5日　10月2日),鎌田環境課長,田中耕太郎,"初めに、リサイクルハウスかざぐるまの件でお答えをさせていただきます。

かざぐるまでなければできないところ、そこの発展性といった点でございますけれども、正直、フリマアプリ等、民間のサイトですとか、オンラインでのそういった取引等が発展してきている中で、そこの意義というのは大変難しいところがあろうかなと考えております。ただ、そうした中で、まだまだリサイクル、リユースをしていくといったところのきっかけをつくっていくということが大切なポイントだと思っておりまして、環境意識を植えつけていく中で、区としての役割というのは、民間のシステムが普及していく中で少しずつ薄れていく部分はあるかもしれませんけれども、まだまだ、かざぐるまを利用するというところを生きがいにといいますか、よく思ってくださって定期的に楽しみにして訪れていただいている方等もいらっしゃいます。そういった方の御意見等も伺いながら、かざぐるまの在り方については、しっかりと検討していく必要があるものかなと考えております。

また、明石町と箱崎町の違いでございますけれども、中で行っている内容としては、大きく違うところはございませんが、箱崎町のほうにおきましては、ミシン室とか、そういった機能を持っておりますので……。失礼しました。八丁堀です。八丁堀と箱崎町の違いでございますけれども、箱崎町におきましては、ミシン室等の機能を持ってございますので、利用は少ない状況ではありますけれども、定期的に御利用いただいている方がいらっしゃる状況となってございます。

また、ジモティーについて絡めますと、当初、明石町から八丁堀に移転するに当たりまして、機能が縮小されないようにジモティーの活用を導入したというところがございます。それを追い駆けるような形で、箱崎町に関しましては令和６年度の７月からジモティーの導入を始めたところでございますので、まだまだそこの部分の周知は足りない部分があろうかと思っております。委託事業者としっかりと連携して、両館においてジモティー等の活用についても普及が図られるよう取り組んでまいりたいと考えております。

続きまして、土のリサイクルの状況でございますけれども、回収量ですとか、配布の実績といたしましては、令和６年度実績数で申し上げますと、回収が２万2,806キロ、配布量が１万2,725キロとなってございます。回収量、それから配布量ともに、これまでの経過を見てみますと、徐々に徐々に増えている傾向は見てとれております。園芸等を趣味でやられている方がいらっしゃる中で、土の処分にお困りというのは、中央区に限らず、報道等もされているところがございましたけれども、やはり問題になってくるのかなと思っております。そうした中で、集合住宅が多い本区にとっては、この事業を区としてしっかり行っていくといったところが非常に重要なポイントかなと思ってございますので、今後も利用の状況の推移をしっかり見ながら、事業の在り方、取組を進めてまいりたいと考えております。

以上でございます。",2025,2025/10/02,決算特別委員会,理事者
,令和7年　決算特別委員会(第5日　10月2日),鎌田環境課長,田中耕太郎,"環境情報センターでございますけれども、委員に御指摘いただいたとおり、東京スクエアガーデンの６階に位置しているところでございまして、通りに面してすぐ施設の入り口があるわけではないといったところで、行き慣れていない方にとっては入りづらいとか、分かりづらい、そういった課題というのはあろうかと思っております。実態といたしましては、令和６年度の実績で申し上げますと、年間で約２万5,000名弱の方が御来館をいただいている施設となってございます。おっしゃるとおり、研修室等、環境活動団体の方の活用として御利用いただいたりですとか、また、近隣の企業の方、団体の方が会議室の場としてお使いになるケースもございます。また、それ以外に、委託業者のほうでも定期的に展示の開催ですとか、イベントの実施をかなり頻繁に行ってございますので、そういったところで来場される方も一定数いらっしゃる状況になってございます。

また、機能しているかといったところでございますけれども、令和５年、ちょうど10周年を迎えた際に、新しいデジタルのコンテンツとしてデジタル地球儀、ＳＰＨＥＲＥというものを導入して、より親しみといいますか、実態を理解してもらうようなものを入れたりですとか、また、愛称名エコノバを設定したといったところも、区民に親しんでもらうための大切な要素として取り入れたところでございます。また、施設を知ってもらうことが大変重要かと思いますので、そういった点では、例えば令和６年度、夏休みですとか、12月でございましたけれども、児童館ですとか、プレディプラスに出前講座のような形で職員が子供たちに環境に対しての普及啓発を行う取組を行ったりですとか、また子どもとためす環境まつりにデジタル地球儀を持ち出して、実際ふだんエコノバに来たことのない方にも触れていただく、こういった形の取組を行いまして、広く知ってもらうことに取り組んでまいりました。今年度も晴海まつりにエコノバとして出展する予定等もございますので、様々な機会を捉えて自ら外に出ていって知ってもらう、そういったところからエコノバに足を運んでもらえるような仕掛けができればと考えております。

以上でございます。",2025,2025/10/02,決算特別委員会,理事者
,令和7年　決算特別委員会(第5日　10月2日),鎌田環境課長,田中耕太郎,"まず、大熊町連携事業の重要性というところでございますけれども、まさに中央区は自らエネルギーをつくり出すことができないといった課題を持ちながらゼロカーボンを目指していかなければならないというところと、大熊町は原発の被害を受けて復興に向けて進んでいるといった中で、復興の柱として、ゼロカーボン、再生可能エネルギー、そういったものを掲げて取り組んでいるといったところで、お互いの課題、ニーズがマッチし、協定締結に至って事業を進めているところであります。そうした中で、お互いの取組をしっかり行っていくことで互いの課題解決に資することになりますし、区としても大熊町の復興に寄与することができる、そういった意味では大変重要な取組であると認識しております。

その事業の継続性でございますけれども、やはりこの事業の核となるところは、再生可能エネルギーの都市間連携による調達になろうかと思っております。そうしたところは、現在、大熊町のほうでも鋭意検討、調整を進めているところでございますけれども、まだ今後の予定等に関しては未定と伺っているところはございますが、やはり長い目で見て、エネルギーに関する取組も行いながら、住民交流をはじめとする他の連携項目につきましても、町と調整をしながら進めていきながら、長期的に継続的に取り組んでいくことができればと考えております。

もう一点、大熊町のツアー等を電車で環境負荷の軽減にといったところでございますけれども、大熊町の実態で申し上げますと、実は、電車で行った場合の最寄り駅となりますと郡山駅になるんですけれども、結局、そこからまたバスで山を越えて何時間かかけて行かなければならない事情もございます。そういったことも考えると、区から行くアクセスとして一番最短でスムーズに行けるのがバスといったところもございまして、現在、バスでのツアーの実施を行っているところでございます。おっしゃるとおり、環境負荷を減らすということは、このツアーに限らず、非常に大切なところでございますけれども、やはり配慮をしていった際にコストに跳ね返ってしまう部分もあろうかと思います。そういったバランスをしっかり見ながら、最適な判断を各事業において行っていければと考えております。

以上でございます。",2025,2025/10/02,決算特別委員会,理事者
,令和7年　決算特別委員会(第5日　10月2日),三留環境土木部長,田中耕太郎,"１点だけ補足をさせていただきますと、大熊町の電車利用という件でございますけれども、先ほど所管課長が申し上げましたように、ツアー、要は団体で移動した場合にはどうしても不便が生じてしまう。万が一遅れた場合に後々の行程に響くということもございまして、こういう答弁をさせていただいております。

ただ、職員が打合せ等で出張する際は電車等で行っておりますし、常磐線で近くに駅がございますので、時間はかかりますけれども、そういった対応もしております。

以上でございます。",2025,2025/10/02,決算特別委員会,理事者
,令和7年　決算特別委員会(第5日　10月2日),鎌田環境課長,田中耕太郎,"まず、エコアクトのポイントに関してでございますけれども、最高でどれぐらいためた方がいるか、もしくは平均のポイントといったところに関しては、分からないというのが正直なところでございます。というのも、一定数ポイントをためると、随時特典の商品に交換をされている方もいらっしゃいますので、その方が延べにするとどれぐらいなのか、そういったところまではつかみ切れていない状況となってございます。

また、モチベーションを上げて取り組んでもらうというところでございますけれども、まさに身近なところからできる小さな取組をしてもらうことで、環境に対する意識を持って自分事化しながら、最終的には環境のため、社会のためによくなっていく、そういったところにつながっていければということで始めている事業となってございます。そういった中で、モチベーションアップ、取り組みやすさといったところで、毎年、様々な改善をしたりですとか、先ほど委員から御紹介ございましたポイントアップキャンペーン等を行って取り込みを行ったりですとか、あとは利用者のアンケート等の結果を踏まえながら、特典になります商品の充実を図っているところでございます。

２点目のペンギンの愛称、名前でございますけれども、現在は特に名前等はなく、キャラクターとして使っているところではございますが、実は、課内におきましても名前があったほうがいいよねというような話はしたこともございますので、親しみやすく取り組んでもらうためにどういったものが必要なのか、引き続き検討していければと考えております。

以上でございます。",2025,2025/10/02,決算特別委員会,理事者
,令和7年　決算特別委員会(第5日　10月2日),大野交通課長,田中耕太郎,"コミュニティサイクルについてでございます。

最初に、各ポートでの自転車の再配置に関してでございます。

車両については、委員から御案内がありましたとおり、やはり曜日であったり、時間帯、さらには天候によって、ポートにそれぞれ自転車の偏りが生じている課題があるということは区としても認識しているところでございます。これまでもそういった偏りをなくすために、運営事業者のほうに、ちゃんとバランスを取った自転車の配置をしてほしいと度々求めてきたところでございます。

今、運営事業者として、どういうことを行っているかというところを少し紹介させていただきますと、運営事業者のほうではポート内の自転車の台数であったり、またバッテリーの状況をウェブのシステムを通じて適宜確認していると。そういった確認をしながら、あとは人力の作業になってしまうんですけれども、再配置をしているところでございます。さらに、これまでドコモ・バイクシェアとしても蓄積した情報も持ち合わせておりますので、そういった情報、具体的には利用の動向であったり、天候であったり、そういった情報を基に、どのポートに増えていくのかという具体的な情報も持ち合わせていますので、そういった情報を基に再配置を積極的に行っているところでございます。区としましても、そういった取組をしていただいているものの、まだまだもっと再配置を積極的にしていく必要があるというふうに考えておりますので、引き続きその辺は事業者のほうに求めていきたいというふうに考えてございます。

それと、２点目の再開発でのポートの整備についてでございます。

再開発の際には、まちづくり基本条例に基づきまして、再開発事業者のほうと様々な協議をしているところでございます。その協議の一つといたしまして、コミュニティサイクルの整備も協議事項として入っております。協議が来た際には、区のほうから積極的にポートの設置を依頼しているところでございます。引き続き、より多くの方に使っていただけるように、ポートを少しでも多く整備できるように、そのあたりは開発事業者に求めていきたいというふうに考えております。

以上でございます。",2025,2025/10/02,決算特別委員会,理事者
,令和7年　決算特別委員会(第5日　10月2日),大野交通課長,田中耕太郎,"駐車場のニーズについてでございます。

中央区でも区営駐車場を所有しておりまして、その区営駐車場の状況からいいますと、以前は、例えば浜町駐車場であったり、そういった定期貸しの駐車場に関しては、募集をした際にお申込みをいただくんですけれども、その際に抽せんとまではいかないような状況が昔はあったんですが、ここ最近は抽せんまでお申込みを多くいただくような状況となっております。また、ほかの地域、月島であったり、晴海地域でも、区民の方から駐車場が足らないといったお声を、区長への手紙等々を通じて区のほうにお寄せいただいています。そういったところを加味しますと、やはり区内全域において駐車場が一定数足らない部分があるのかなというふうに思っております。

ただ、それはやはり住宅街と商業地域それぞれで特性が異なるものかなというふうに考えております。委員のほうから今お話のありましたＨＡＲＵＭＩ　ＦＬＡＧに着眼してみますと、やはりＨＡＲＵＭＩ　ＦＬＡＧに入居された方からも、区のほうにＨＡＲＵＭＩ　ＦＬＡＧの駐車場が不足しているので、区のほうで何か対応していただけないかというお声もいただいているというのも実態としてはございます。ただ、区営の駐車場をこれ以上増やしていくということも、土地の少ない中央区の中で、なかなか難しいのかなというふうに感じております。区といたしましては、やはり再開発の機会等々を通じて開発の事業者のほうに、一般の方も使えるような駐車場を多く造っていただきたいというような要請を引き続きしていきたいというふうに考えております。

以上でございます。",2025,2025/10/02,決算特別委員会,理事者
,令和7年　決算特別委員会(第5日　10月2日),白石水とみどりの課長,田中耕太郎,"街路樹の維持管理についてでございます。

街路樹につきましては、委員から御紹介がありましたとおり、本数としては7,100本強ございますが、街路樹については、維持管理を、まずは夏期剪定、冬期剪定といった時期に応じた剪定で、これは委託いたしまして、枝の折れの点検も含めて実施しているところでございます。また、夏場、特に今年は非常に暑い夏を迎えましたが、街路樹に関しましても、緑陰の形成という意味では非常に大切な部分、ヒートアイランド対策にもなっているということでございますから、あまり強度な剪定をせずに、樹形を守りながら、透かし剪定と申しますが、そういった形で樹形を維持しながら実施しているところでございます。水やりに関しましても、委託の中でも実施しているんですけれども、昨今ですと暑い夏ですので、区のおしらせですとか、エックス等も含めて、水やりのお願いも掲載して、街路樹を守っているところでございます。

ただ、課題といたしましては、街路樹の年数がかなりたってきて、もともと街路樹はます自体もそんなに大きくございませんので、木自体の発育であったり、状況があまりよろしくないものもございますので、そういった部分に関しては、樹木点検を実施しておりますが、年間200本程度実施して、判定があるんですが、ＡからＢ１、Ｂ２、Ｃという判定がございますが、Ｃ判定を取ってしまった樹木に関しては、すぐに対応しなくてはいけないということで、樹木の更新を行っているところでございます。

いずれにいたしましても、こういった環境の中で街路樹を維持しながら、緑を守るという基本姿勢は持っておりますが、市街地、中央区における特性を踏まえますと、事故を未然に防ぐための対応ということで、そういった対策をしているところでございます。

以上でございます。",2025,2025/10/02,決算特別委員会,理事者
,令和7年　決算特別委員会(第5日　10月2日),白石水とみどりの課長,田中耕太郎,"失礼いたしました。日差しの関係でございまして、緑に関しては、いい場合と悪い場合とあります。強い日差し過ぎると樹木にとってはあまりよくないということもございますが、逆に言うと、緑が日差しを受けて、光合成で枝葉が伸びるというのもございます。委員がおっしゃるとおり、そういった申告等はございまして、そういった場合は職員の点検の下、即座に対応して枝の剪定等で、信号機等、交通に支障のないような維持管理に努めているところでございます。

以上でございます。",2025,2025/10/02,決算特別委員会,理事者
,令和7年　決算特別委員会(第5日　10月2日),白石水とみどりの課長,小坂和輝,"私からは、芝生の管理といったところで自主管理制度を挙げていただきました。区内では、今、御紹介がありましたとおり、４団体が自主管理制度を活用されておりまして、その中で委員がおっしゃったのは、イクシバ！さん、ＮＰＯ法人育てる芝生イクシバ！プロジェクトがやっている黎明橋公園の事例でございます。まず、こちらのイクシバ！の活動につきましては、当初は平成27年度からやっていますが、これは晴海連合町会のほうで開始した芝生の管理でして、それを令和６年度から引き継ぐ形でイクシバ！のほうで実施しているところでございます。自主管理の規定にもよるんですが、園内の安全管理、見回り、それから清掃活動と併せて、イクシバ！に関しては、芝生の管理をしていただいているところでございます。

一方、事例でいただきました坂本町公園に関しましては、自主管理の坂本町公園未来グリーンクラブということで、自主管理はしていただいているんですが、芝生の管理はしていただいていませんでして、清掃と見守り活動を実施していただいているところでございます。坂本町公園の芝生に関しては、委託で管理しているところでございます。

黎明橋公園と坂本町公園は、両方ともきれいな芝生で管理されておりますが、それぞれに管理の形態が違うといったところで答弁させていただきます。

私からは以上でございます。",2025,2025/10/02,決算特別委員会,理事者
,令和7年　決算特別委員会(第5日　10月2日),鎌田環境課長,小坂和輝,"私からは、環境アセスメントの関係でお答えをさせていただきます。

まず、築地の開発においての評価の中で、歩行者の滞留ですとか、そういった点の評価がなかったといった部分でございます。まず、この環境アセスメントでございますけれども、その事業を行うことによって環境に与える影響を評価して、専門的見解で審査をしていく仕組みになってございます。そういった中で、どういった項目を評価していくのか、また、その内容の選択もそうですし、手法、中身の内容につきましても、事業者と東京都のほうで精査をしながら項目を選択して評価を行っていくべきものと認識しております。また、ＣＯ２に関するところでも、開発の中で、このアセスの対象になるかどうかというところもございますし、仮に対象になるものがあれば、どういった項目を選択して評価をしていくのか、そこに関しては、都と事業者の中で協議を行いながら出されてくるものと認識しております。それに対して区として意見を言う機会がございますので、必要に応じて区としての見解を述べていくといったことを考えております。

以上でございます。",2025,2025/10/02,決算特別委員会,理事者
,令和7年　決算特別委員会(第5日　10月2日),落合都心再生推進課長,小坂和輝,"交通に関するところについて少し補足させていただきます。

今回、環境アセスメントで行うものは、大気に関すること、また騒音とか振動に関する調査を行っていくものでございます。最終的な将来形も含めて、交通に与える影響に関しては、都市計画の中でも周辺に影響を与えるものに関しては、車両、歩行者を含めて、交通に関してチェックを行って、交通管理者等とも協議を行った上で最終的に決定されていくものとなっております。なので、今回の環境アセスメントの中では、そちらは含まれておりませんが、今後の中でしっかりとチェックされていくものと考えております。

以上でございます。",2025,2025/10/02,決算特別委員会,理事者
,令和7年　決算特別委員会(第5日　10月2日),白石水とみどりの課長,小坂和輝,"芝生の管理ということで、黎明橋公園と坂本町公園の事例を挙げていただきました。どちらもお褒めの言葉を委員からはいただいているのかなというふうに認識しております。

先ほども申し上げたとおり、自主管理制度を活用しているという部分では両公園とも変わりませんが、黎明橋公園のほうは芝生がメニューとして入っているという部分で、地元の地域の方を中心に、芝生の管理、地肥ですとか、施肥も含めて、そういった部分をやっていただいて、刈り込み等を行っているというのが黎明橋公園でございます。坂本町公園は、芝生の管理に関しましては業者のほうに委託しております。自主管理している中で、地域の方々はどのぐらい何をされているかといいますと、報告によりますと、構成員が87名、それから活動は大体１回20名ぐらい参加されて、これも月１回、芝生の中も含めてですが、清掃、見守りで異常があった場合は区のほうにお知らせいただくといった形で努めているところでございます。

いずれにしましても、自主管理制度というのは、地域の皆様が自分たちの公園を自分事に管理していただくということで、区としても非常に重要な制度かなと思っておりますので、芝生の管理も含めて、引き続き官民連携ということになるかもしれないんですが、ボランティアも含めて、公園の管理を実施していきたいと考えているところでございます。

以上でございます。",2025,2025/10/02,決算特別委員会,理事者
,令和7年　決算特別委員会(第5日　10月2日),池田管理調整課長（参事）,小坂和輝,"坂本町公園の管理というところで少し補足させていただきますと、公園を整備したときから、地域の公園は地域で守るというところの下、こういった会が発足したと聞いています。芝生の直接的な管理ということよりも、運用する中で、例えば芝生を守るために地域のシート、ござを使っていたり、また、独自に芝生を守るためのルールをつくっていただいたり、また、区が管理する上で、ある程度養生しなければならないところも、地域の方にも御協力いただきながら、芝生を管理させていただいています。また、各種イベントなども積極的に行うことによって、坂本町公園の知名度を上げるような努力、取組をしていただいております。

以上でございます。",2025,2025/10/02,決算特別委員会,理事者
,令和7年　決算特別委員会(第5日　10月2日),川島都市計画課長,小坂和輝,"都市計画の手続の中では、都市計画法に基づきまして、開発を行う際に周辺に与える影響を加味して決定を行うということが定められております。国の大規模開発における交通マニュアル等を踏まえながら、交通管理者、道路管理者と協議の上、チェック、評価されているものになりますので、都市計画法に基づく手続の中でも適切に見られているものだと認識しています。

以上です。",2025,2025/10/02,決算特別委員会,理事者
,令和7年　決算特別委員会(第5日　10月2日),池田管理調整課長（参事）,小坂和輝,"先月開通しました旧晴海鉄道橋の通りからのつなぎということですけれども、臨海公園につなぐ方向に関しましては、そこにつなぐまでの区間の間が民有地ということになってございますので、こちらの部分で開発等、そういった事業が行われる際には、運河沿いのつながりも含めた形で区のほうも要望、働きかけをしていきたいというふうに考えてございます。

以上でございます。",2025,2025/10/02,決算特別委員会,理事者
,令和7年　決算特別委員会(第5日　10月2日),白石水とみどりの課長,小坂和輝,"私からは、リヴェール、月島三丁目北地区の開発です。

公園は、令和６年度にわたし公園ということで既に供用を開始しておりますが、今、委員御指摘の部分は、隅田川テラスにつながる、いわゆるスロープ部分の整備が未完だといった御指摘だと思います。こちらに関しましては、今、東京都のほうが区と連携しながら整備を協議中でございますが、予定では令和９年度にオープンするという形で調整しているところでございます。",2025,2025/10/02,決算特別委員会,理事者
,令和7年　決算特別委員会(第5日　10月2日),池田管理調整課長（参事）,小坂和輝,"佃大橋のバリアフリー化工事についてですが、東京都のほうにも、４年間は少し長いのではないかということで、地域からもそういう声が上がっていますということは既に申入れをしております。東京都のほうも、現在は支障となる移設工事等を行っておりますけれども、今後４年間の中で少しでも短くなるような工夫を現在検討しているということで伺っているところでございます。

以上でございます。",2025,2025/10/02,決算特別委員会,理事者
,令和7年　決算特別委員会(第6日　10月3日),鎌田環境課長,永井佳代,"標準服等リユース事業りゆぽ～とにつきまして順次お答えをさせていただきます。

初めに、予算の執行状況というところでございますけれども、予算額1,864万円に対しまして、決算額としては1,503万円余となりまして、執行率83.2％となった状況でございます。この事業開始の経緯といったところでございますけれども、脱炭素を進めるといった観点におきましても、３Ｒを一層推進していくということが非常に重要であろうという中で、新たな取組を模索してきたところでございます。

そうした中で、できるだけ身近なものに焦点を当てまして、区民の方にとっても実践しやすい、取組しやすい、そういったものは何だろうと、さらに中央区らしさといったところを考えたときに、区内で流通している標準服、園服、そこに焦点を当てて考えてきたところでございます。実施に当たりましては、当然学校ですとか、ＰＴＡの方とも調整を図りながら、令和６年度の新規事業としてのスタートにこぎ着けたという状況となってございます。

この事業の仕組みというところでございますけれども、ただいま委員からも御紹介いただきましたが、まず、我々のほうで各参加校園に回収ボックスの設置をさせていただいております。そこに保護者の方から、サイズアウト等で着られなくなったもの等の寄附をいただきまして、事業者のほうでそれを回収し、まずリユースできる状態のものかどうか選別をした上で、クリーニングや補修を行って譲渡会に回しているという状況となってございます。その間に、専用のホームページを立ち上げておりますので、使えるものに関しては、そこで在庫の登録をして、事前に確認をして、欲しいものがあれば譲渡会にお越しいただく、そのようなつくりにしているところでございます。

初年度の取組の状況というところでございますと、ただいま流れで申し上げたような準備をしまして、９月から原則月１回という形での譲渡会をスタートさせたところでございます。利用者の方へのアンケート等を回収している中でも、非常に子供の成長が早かったりする中で、家計の足しになったといった面ですとか、これをきっかけに、環境に対しても意識して、リユースとか、こういうのを活用していきたいというような意識づけになったといったようなお声もいただいておりますので、初年度としてまだまだ課題はございますけれども、順調にスタートが切れたものと認識しております。

以上でございます。",2025,2025/10/03,決算特別委員会,理事者
,令和7年　決算特別委員会(第6日　10月3日),鎌田環境課長,永井佳代,"まず、回収等の実績についてお答えをさせていただきます。

回収につきましては、５月からスタートさせまして、令和６年度の実績で申し上げますと、852点の回収がございました。その中で、例えば破れていたりですとか、染み等によりましてリユースに回すことができないもの等がございましたので、そういうものを除いて、実際にクリーニングしたものが513点、そのうち９月から開始した譲渡会で譲渡に回ったものが251点という実績でございました。

その中で、利用者の方のニーズにどこまで応えられているかといった点でございますけれども、まず寄附で多いものも、大分偏りといいますか、全てのものが同じような量集まっているという状況ではございませんで、例えば上着ですとか、ズボン、スカート、そういったものが寄附の中身としては多くなってございます。また、サイズ感に関しましても、比較的小さめのものが集まりやすいという傾向がございまして、ただ、実際のニーズとしては、お子さんの成長に伴って大きめのものを希望される方が多いという中で、なかなか希望のサイズがないと、そういったようなお声はいただいているところがございます。この事業は保護者の方の寄附等の御協力があって初めて成り立つというところがございますので、そのあたりの周知をしっかりやっていかなければならないというところを改めて課題として我々としても認識したところでございます。

また、利用格差を生まないためにといったところの周知の部分かと思いますけれども、区のホームページですとか、このりゆぽーとの専用ホームページをはじめ保護者の方に対する直接的な周知ができるようにといったところで、教育委員会のほうとも、連絡ツールでありますｔｅｔｏｒｕやルクミー、これを活用した事業の周知のための配信に御協力をいただきながら、対象の参加校園の保護者の方皆様に等しく情報が行き渡るような形で進めているところでございます。

以上でございます。",2025,2025/10/03,決算特別委員会,理事者
,令和7年　決算特別委員会(第6日　10月3日),鎌田環境課長,永井佳代,"安心して御利用いただくための仕組みといったところでございますけれども、まず本事業の特徴といたしまして、御寄附いただいたものをクリーニングという形できれいにして、すぐに使える状態で譲渡に回しているといったところが１つ大きな特徴かと思っております。

そうした中で、安全面、衛生面というのをしっかり担保するに当たってというところでございますけれども、本事業は委託して実施をしておりますが、学生服等のリユースを専門に取り扱っている事業者に委託を行っております。そうした中で、スタッフのほうで回収したものを１点１点しっかり状態を見て、選別を行って、リユースという形でその後お子さんたちに使用していただけるものかどうか、そこをスタッフの目でしっかり判断した上で行っているところで安全性の担保を図っているところでございます。

以上でございます。",2025,2025/10/03,決算特別委員会,理事者
,令和7年　決算特別委員会(第6日　10月3日),鎌田環境課長,永井佳代,"本事業の成果といったところでお答えをさせていただきます。

まず、家計の負担等に関するところの成果といった部分でございますけれども、実際に数字でどれぐらいの負担軽減になったか表すところは少し難しいところではあるんですが、保護者の方からのアンケート等を通じた御意見の中におきましては、お子さんの成長が早いといったところですとか、すぐに破いてしまったりして、すぐに買い換えなければいけない、そういった状況の中で、低廉な価格で使えるもの、いいものが買えるといったところは、かなり家計の足しになっている、負担軽減につながっているといった声をアンケートを通じていただいているところでございます。

環境面での施策として立ち上げたところではございますけれども、そういったお声を聞く中で、やはり経済的負担の軽減といったところにも資するような形の事業になっているのかなと感じているところでございます。

環境面、ＣＯ２の排出削減とかの効果というところでございますけれども、ここもなかなか数値で表すところは難しいところではございますけれども、852点回収できたというところで、本来であれば廃棄物としてごみに回ってしまうものを、リユースという形で回収に回ったというところで、当然、ごみとして排出されれば、収集から焼却処分に至る過程でのＣＯ２の排出というところは生じてしまいますけれども、そういったところが一定量のＣＯ２削減という観点での効果はあったのかなというふうに感じているところでございます。

また、区民の方の意識といった点でも、今は買う立場として譲渡を受ける側でしたけれども、今後は自分も譲渡する立場に変わりたいと、そういったようなお声もいただいていますので、意識づけといった点の環境面の効果というのもあったかなと考えております。

そして、最後に文化としてこの事業をといった点でございますけれども、やはり本事業は学校、ＰＴＡの方々の御協力があって初めて実施可能な事業となります。そうした中で、学校、ＰＴＡの皆様も地域の主体の一員でございますので、引き続きそういった方々との連携をしっかり図りながら、お声等も踏まえた事業の改善を図りながら、より一層の充実を図っていければと考えております。

以上でございます。",2025,2025/10/03,決算特別委員会,理事者
,令和7年　決算特別委員会(第6日　10月3日),鎌田環境課長,永井佳代,"環境情報センター、エコノバへのアクセスといった点でございますけれども、現在、一つの工夫といたしましては、ちょうど中央通り沿い、また鍛冶橋通り沿いの部分に、２か所になりますけれども、屋外に、環境情報センターはこちらですといったような案内表示板を設置させていただいて、誘導というか、分かるようにしているところでございます。また、エコノバでイベント等を実施する際には、１階のエレベーターの下にも、施設のほうの御協力をいただいて案内表示をしていただいたりといったところでの取組をしているところでございます。

そうした中で、足を運んでもらうといったところには、そういった部分の取組と併せて施設を知ってもらう、いつ来てもいい場所なんだというのを認識してもらうことが非常に重要かと思っております。そういった中で、昨日の前委員への答弁とも重複する部分がございますけれども、この場の中だけのイベントということではなく、エコまつりや子どもとためす環境まつり、そういったところの出展も行っておりますので、そういったところでエコノバを知ってもらう、そして足を運んでもらう、そういったようなＰＲを引き続き実施していければなと考えているところでございます。

以上でございます。",2025,2025/10/03,決算特別委員会,理事者
,令和7年　決算特別委員会(第6日　10月3日),鎌田環境課長,永井佳代,"まず、デジタル地球儀ＳＰＨＥＲＥに関してでございます。

エコノバの決算額全体としては6,295万円余の金額でございますけれども、そのうちデジタル地球儀ＳＰＨＥＲＥにかかった経費といたしましては、サーバーの通信費ですとか、電子機器になりますので、保険をかけているその保険料ですとか、あとは保守委託をかけている金額になりまして、それらを合わせますと約53万5,000円ほどになっております。エコノバ全体の決算額の中で言いますと、施設運営に関する委託料が約4,600万円ほどということで一番大きなウェートを占めておりますので、そういった中ではこのデジタル地球儀の維持管理に関する部分というのは、金額としては小さくはなっております。

そこのうち、区民に対する効果という部分でございますけれども、デジタル地球儀ＳＰＨＥＲＥ、令和６年度におきましては、エコノバにおけるイベントの中でＳＰＨＥＲＥの開発者の方にお越しいただいて講演を行っていただいたりですとか、ＳＰＨＥＲＥを用いた海の生きもの地球ミュージアムといったイベントを開催をさせていただいたところでございます。こちらに関しては、９日間で440名を超える方にお越しいただきました。また、子どもとためす環境まつりにおきましても、初めて外に持ち出しましたけれども、こちらのほうでは、当日雨といったところでちょっと人が少ないんですが、83名ほどの方に集まっていただきました。

やはり１人でも多くの方に見て触って楽しく学んでもらうといったところが大事かと思っておりますので、費用対効果といったところですとか、区民の方への波及効果というところを見たときに、今のままでいいのかといったところは課題が残ると思いますけれども、引き続きいい活用方法を模索しながら、区民の皆様により知ってもらう、活用してもらうことに響くような展開を考えていきたいと思います。

以上です。",2025,2025/10/03,決算特別委員会,理事者
,令和7年　決算特別委員会(第6日　10月3日),大野交通課長,永井佳代,"地下鉄新線についてでございます。

まず初めに、区で行っております検討・調査についてでございます。

令和６年度につきましては、今、委員から御案内ありましたとおり、ビッグデータを活用しまして、令和５年度に検討・調査を行った、回遊性の高い歩行者ネットワークとなるような出入口、これの検討の深度化というものを行っております。具体的には、実際にそういった出入口を、将来、駅利用者のどれぐらいの方が使うのか、そういったものを調査しております。こういった調査を基に、東京都であったり、将来的な事業者に対してこの出入口が必要なんだというものを訴えかけていく、そういった材料にしていきたいというふうに思っておりまして、今年度、そういった検討・調査の結果を基に東京都とも鋭意協議をしているところでございます。

次に、地下鉄新線の推進大会についてでございます。地下鉄新線の推進大会につきましては、これまでも段階的に参加していただける地域であったり、関係者の方、そういった方を拡大して大会を開催してきたところでございます。今後も同様に様々な方に参加いただけるようにしていきたいと考えておりまして、今、委員からお話がありました築地の関係者の方、こういった方も参加いただけるように、そういった呼びかけも区のホームページ等々を通じて行っていく、また、関係者の方には、日頃から協議をする機会もございますので、そういった中で呼びかけをしていきたいと考えてございます。

以上でございます。",2025,2025/10/03,決算特別委員会,理事者
,令和7年　決算特別委員会(第6日　10月3日),大野交通課長,田中広一,"初めに、ＨＡＲＵＭＩＦＬＡＧを含む臨海部の交通の動向についてでございます。

昨年、ＨＡＲＵＭＩ　ＦＬＡＧのまちびらき以降、東京ＢＲＴであったり、都バス、こういったところのルートの拡充であったり、また、便数の増加といったものを各機関でそれぞれ取り組んでいただいたと。さらには、昨年の４月から、江戸バスについてはルートを変更して、晴海地区を回遊するような形で回り始めたというところでございます。

そういった中で、各機関のほうでいろいろ取組をしていただいているんですけれども、まだまだ交通の供給が足らないのかなと。というのも、特に晴海通りを通過する都バスに関して、混雑しているというところで非常に課題感を持っているところでございます。一方で、都バスに関しては、運転手不足から様々な地域で都バスの減便がされているというところ、これも非常に課題というふうに考えております。

そういった中で、区としては様々な交通がしっかりと連携するように取り組んでいきたいという中で１つ、ＢＲＴの東京駅延伸、こういったものに昨年度から東京都とＢＲＴと連携しながら取り組んでいるところでございます。

以上でございます。",2025,2025/10/03,決算特別委員会,理事者
,令和7年　決算特別委員会(第6日　10月3日),鎌田環境課長,田中広一,"私のほうから、フードドライブの関係で順次お答えをさせていただきます。

まず、フードドライブを利用されている方のお声ということでございますけれども、寄附してくださる方からのお声というところでは、なかなかあまり直接聞ける機会というのがないというのが正直なところではございますけれども、区役所の窓口に持ってきてくださる方とかのお声としては、自分のところでなかなか消費し切れなくなったものを少しでも活用してほしいということでお持ちいただいているところが実態としてはございます。また、子ども食堂のほうへ基本的には全て配付をしている状況でございますけれども、まだまだ十分な量として足りているというような状況ではないのかなというようなところで、より活用できるようなものがあればといったようなお声はいただいているところでございます。

その中で、拡大に向けてといったところでございますけれども、委員御紹介がございましたとおり、令和６年度から無印良品に区から御相談をさせていただいた中で、新たに回収拠点として広げたところでございます。また、それ以外にも、令和７年度からになりますけれども、ファミリーマートも、区内の全店舗ではございませんけれども、区内５店舗において拡大を図ったといったところでございまして、それ以外にも、区内で言いますと三越とか、高島屋のようなデパートのほうでも、環境イベントをする中でフードドライブを行うので、何か連携できないかというなお声等もいただいているところでございます。

そういった中で、今月になりますけれども、この10月に各百貨店のほうで行うイベントで、区の環境の取組をそのイベントの中で紹介してもらいながら、フードドライブで集まった食品につきましては区に提供いただける、そういったような取組も進めているところでございます。

あと、晴海地区の状況といったところでございますけれども、令和６年度、晴海特別出張所を新たに拠点として追加いたしました。晴海特別出張所の実績といたしますと、１年間で集まった食品数は190品といったところで、全体として見るとまだまだ少し少ないのかなというところではございます。あとは、令和７年度からファミリーマートを拡大した中で、晴海地区におきましても２店舗、回収拠点として設けているところでございます。

そういった形で引き続き拠点となる場所の拡大を図りながら、多くの方に御寄附いただける、そして、子ども食堂等のほうで十分に活用していただけるような形で一層の充実を図っていければと考えております。

以上でございます。",2025,2025/10/03,決算特別委員会,理事者
,令和7年　決算特別委員会(第6日　10月3日),大野交通課長,田中広一,"私のほうから公共交通についてお答えいたします。

初めに、委員から今御案内のありました公共交通協議会、これの協議状況についてお答えいたします。こちらは、不定期なんですけれども、東京都が主体となって公共交通の協議会を開催しておりまして、以前も御案内したとおり、沿線区として、千代田区であったり、港区、江東区、こういったところが入っております。もちろん東京都も入って、さらには東京ＢＲＴであったり、東京都の交通局、こういったところが入って様々な交通に関する協議、主にはＢＲＴを含めたそういうバス路線に関する協議、こういったものが行われております。

我々中央区もそうですし、ほかの区のほうからも、都バスの混雑、これが非常に課題だという声がその協議会の中でも上がってございます。これまでも本区も含めて、そういったところを、東京都でも広域的な自治体としてしっかりと対応してほしいというようなことを申し入れてまいりました。その中で、東京都からは、特に江東区内にある集客施設のほうでイベントの際に、非常に多くの方が都バスを御利用される、そういった混雑が顕著にあるという中で、そういった集客施設に対して、イベント時に独自のシャトルバスを出してほしいとか、そういう申入れをしていると東京都からは聞いております。

また、以前は、ＢＲＴが民間が提供している移動の検索ツール、グーグルとかのそういう検索ツールの中で経路として検出されない、そういった課題がございました。こちらは、ＢＲＴのほうが独自にしっかりとグーグルと連携して、そういった検索ツールでもちゃんと検出されるような取組をしていただいております。そういったことを行うことによって、都バスが一定程度ＢＲＴに分散するとか、そういう交通分散というものも図っていただいております。

運転士が不足する中で、ハード的にバスの量を増やすというところがなかなか厳しい中で、そういうソフト対策といったものも関係機関としっかりと引き続き取り組んでまいりたいというふうに考えてございます。

次に、ＢＲＴの東京駅延伸の進捗についてでございます。

ＢＲＴの東京駅延伸に関しましては、昨年度、東京都とＢＲＴと、あと京成バスと区、こちらの４者で、東京駅延伸に向けたそれぞれの役割分担、こういったものを確認しようという形で取り交わしておりまして、さらにはその後、東京ＢＲＴと区の２者で停留所整備に関する協定書というものを交わしてございます。その後、その役割分担に基づきまして、東京都のほうでルートの検討というものをしていただいております。具体的には、例えば交差点を安全に回れるのかどうか、さらには速達性がしっかり確保できるルートになるのか、そういったものを東京都を中心に検討していただいております。

さらに、今年度に入りまして各停留所の具体的な位置の検討、こういったものも３者でしっかりと行ってございます。最近は沿道の、例えば開発事業者であったり、また、沿道の地元の方々と停留所の位置についても少し相談をさせていただいているというようなところで、一定程度、今進捗している状況だというふうに認識しております。引き続き、こういった東京駅延伸は、区としても早期に実現できるようにしっかりと取り組んでまいりたいと考えてございます。

私からは以上でございます。",2025,2025/10/03,決算特別委員会,理事者
,令和7年　決算特別委員会(第6日　10月3日),鎌田環境課長,田中広一,"フードドライブのさらなる推進に向けてといったところでございますけれども、現状、年間で3,400点ぐらい集まっている中で、特に多く集まっているのは区役所の本庁舎ですとか、出張所、そういったところになっている状況でございます。そうした中でも、民間との連携の中ですと、スーパーですとか、身近なところで回収できるといったところが実績の数としては多くなっているのかなと思っています。

そうした中で、この取組をさらに進めるといった点では、できるだけ生活に身近な範囲の中で拠点が増えると目につきやすく、取り組んでみようかなとの行動にも移っていくのかなと思いますので、そういったところで拠点の拡大というのを図りつつ、あとは、フードドライブに寄附をするとエコアクトのポイントにもなるといったような、ほかの事業との連携も行っております。そういった事業間の連携というものも図りながら事業の充実を図っていければと思っております。

そうした中で、はるみらいへの設置というところの御提案をいただきましたけれども、スペース等の関係も含めて検討できればなと考えておりますので、今後の検討課題として、所管部との調整等も考えていければと思っております。

以上でございます。",2025,2025/10/03,決算特別委員会,理事者
,令和7年　決算特別委員会(第6日　10月3日),大野交通課長,田中広一,"私のほうから地下鉄新線の検討調査についてお答えいたします。

前委員の答弁の中でもお話しさせていただいたとおり、昨年度、ビッグデータを活用して調査を行っておりまして、そういったデータの基となるものということなんですけれども、２点ほどのデータを収集しております。１点目が携帯電話の位置情報データ、こういったものを活用した調査、また、あと移動手段に関するアンケートというものを区民の方を対象に行っております。こちらは、それぞれ対象のエリアとしては、人口増加の著しい勝どき地区であったり、あと晴海五丁目の付近、こういった方々を対象としたデータ収集を行っております。

具体的に駅の出入口の利用者数というところなんですけれども、こちらは利用者数という数を区独自で算出はしているんですが、実際に、今後東京都であったり、運行事業者のほうで詳細な検討がなされるというところで、お答えについては差し控えさせていただきたいと考えております。

こういったデータを基に、例えば勝どき駅を捉えてみれば、実際に勝どき五、六丁目方面からはどれぐらいの人が来るのかですとか、勝どきの一、二丁目付近からはどれぐらいの人が来るのか、それによって、じゃあ、五、六丁目方面に向けた出入口が必要ですよねとか、そういうふうに数字を用いて東京都に示しているというようなところでございます。

以上でございます。",2025,2025/10/03,決算特別委員会,理事者
,令和7年　決算特別委員会(第6日　10月3日),大野交通課長,田中広一,"地下鉄出入口の屋根、屋根はあるんですけど、横の壁がないとか、いろいろあるかと思いますので、そちらについては、東京メトロであったり、交通局であったり、各鉄道会社のほうでやっていただく必要があるのかなというところを感じております。

例えば新富町駅で申しますと、川が氾濫した際の浸水対策として、止水効果の高い出入口に変えたりですとか、そういった出入口も幾つかございますので、そのあたりは東京メトロであったり、交通局、鉄道事業者に区からもしっかりと申し入れて、働きかけをしてまいりたいというふうに考えてございます。

以上でございます。",2025,2025/10/03,決算特別委員会,理事者
,令和7年　決算特別委員会(第6日　10月3日),鎌田環境課長,田中広一,"かんきょうあくしょんという環境情報紙を発行しておりますけれども、令和６年度におきましては、その中のテーマといたしまして生物多様性といったところをテーマに冊子を作って、小学校全児童への配付といった形でやらせていただいているところでございます。

子供たちにとって、自然の生き物だったり、自然体験というところでございますけれども、ふだんなじみのない生き物、植物、そういったところに触れることによって育まれる心の成長だったりとか、そういったところにも大きく寄与するものだと考えております。区のエコノバにおけるイベント等におきましても、生き物を題材としたもの等も行っておりますし、こういった情報紙による普及啓発等を図る中で、子供たちにも、中央区においてもいろんな生き物がいるんだ、植物がいるんだ、そういったところを知ってもらいながら関心を持ってもらう、そういったふうな取組が区としてもできればなと思っております。

以上でございます。",2025,2025/10/03,決算特別委員会,理事者
,令和7年　決算特別委員会(第6日　10月3日),大野交通課長,山本理恵,"自転車活用推進計画についてでございます。令和６年３月に策定いたしました自転車活用推進計画、それを議論する中でも、いろいろと課題であったり、進むべき道、目標、そういったものを定めてございます。区としては、自転車の在り方という部分で、安全な利用をしていただきたいという部分、また通行空間、駐輪場の整備、こういったものをしっかりと進めなければいけないという部分、さらにはコミュニティサイクルなど、交通としての利便性の向上を図っていく部分、こういった３点を中心に進めていく必要があるというふうに考えてございます。

そういった中で、課題という部分なんですけれども、まだまだ自転車の安全利用という部分、来年から青切符制度も導入されますけど、まだまだ自転車のルールがしっかりと浸透できていない部分、そういったところを課題として捉えてございまして、ルールの啓発活動、そういったものにしっかり取り組んでいかなければいけないと感じてございます。

また、自転車通行空間、こちらはまだ今整備の途上でございますので、地域の特性に応じた自転車通行空間、こういったものをしっかりと整備する、さらには、委員のほうからも先ほどありました放置自転車対策、こういったものをしっかりと取り組んでいくというところを考えてございます。さらには、本区は、特に臨海部ですとか、そういったところの交通がまだ不足している部分もございますので、そういったところにおいては、しっかり公共交通の役割を補うような形での自転車の活用も進めていきたいというふうに考えてございます。

以上でございます。",2025,2025/10/03,決算特別委員会,理事者
,令和7年　決算特別委員会(第6日　10月3日),大野交通課長,山本理恵,"私のほうから駐輪場の利用状況、また放置自転車の状況、こちらをお答えいたします。

初めに、駐輪場の利用の状況というところなんですけれども、駐輪場は中央区内に幾つかあるんですが、利用の状況が、それぞれの場所、駐輪場の構造によってそれぞれ異なってございまして、例えば勝どきですとか、月島、築地もそうなんですけれども、地下の駐輪場に関しては利用率が低い状況がございます。

一方で、人形町の駐輪場であったり、また蛎殻町の駐輪場、こういった地上の部分、歩道内にある駐輪場、こちらについては非常に多くの方に御利用いただいておりまして、一時は満車になっているようなタイミングもあると認識してございます。そういったことを考えますと、地下の駐輪場はまだ空いている部分がございますので、そういった部分の利用の促進というものを図っていきたいと考えてございます。

それと、放置自転車の状況というところなんですけれども、以前は放置自転車は、どちらかというと通勤・通学で使う自転車の方が、駅前にそのまま置いていってしまう、駅前の放置自転車が多くございました。ただ、近年、区内の人口増加、交通需要の増加に伴いまして、そういった傾向が少し変わってきたのかなというふうに考えております。具体的には、コンビニエンスストアであったり、あと、ドラッグストア、そういう生活利便施設、こういったものの周辺に数多く放置自転車が停められているというような状況を確認してございます。

これに対しましては、区営の駐輪場をつくるというよりも、どちらかというと、そういう民間施設に対して駐輪場を造ってくださいというところを促進していきたいと考えてございまして、そちらについては、今年度、自転車の整備のガイドラインというものを策定して、民間事業者に働きかけていく、そういった材料を今年度作成しているところでございます。

私からは以上でございます。",2025,2025/10/03,決算特別委員会,理事者
,令和7年　決算特別委員会(第6日　10月3日),大野交通課長,山本理恵,"初めに、私のほうからシェアサイクルと放置禁止区域のお話をさせていただきます。

まず、放置禁止区域なんですけれども、区域をかけているところに関しては、駐輪の需要の台数に見合った駐輪場が整備された地区、こちらを中心に放置禁止区域というものをかけてございます。一方で、シェアサイクルなんですけれども、こちらは利便性を上げるためには、高密度にシェアサイクルのポートを設置する必要があるというふうに考えてございまして、中央区の自転車活用推進計画の中でもシェアサイクルのポートを一つの評価指標としてございまして、その中でもシェアサイクルのポート半径150メートル圏域、これをしっかりと区内全域で確保していくんだと、そういうことを考えてございます。

こちらの双方の関係性という部分なんですけれども、特段相互関係があるとは考えておらず、それぞれ独立して、それぞれを取り組んでいくと。ただ、最終的な目標としては、放置自転車を減らす、利便性を上げるというところはそれぞれ共通の部分かと思いますので、それぞれにしっかりと取り組んでいくというところを考えてございます。

私からは以上でございます。",2025,2025/10/03,決算特別委員会,理事者
,令和7年　決算特別委員会(第6日　10月3日),金広道路課長,山本理恵,"私のほうからは、令和６年度、自転車通行空間の整備の箇所についてお答えいたします。

令和６年度は２か所で整備を行いました。まず１か所目が銀座一丁目、外堀通りから入船のほうに向かいまして、新大橋通りまでの区間を整備しております。もう１か所が晴海の一丁目、二丁目において整備をいたしました。

以上でございます。",2025,2025/10/03,決算特別委員会,理事者
,令和7年　決算特別委員会(第6日　10月3日),三留環境土木部長,山本理恵,"シェアサイクルと放置禁止区域の考え方に関して、少しだけ補足をさせていただければと思います。

所管課長からは、禁止区域とシェアサイクルの関連性はあまりないという説明でしたけれども、シェアサイクルの意味合いとして、自転車の利便性、こういったものはございますけれども、放置の自転車があるという実態もありますので、個々の自転車と、それからシェア、この関連性というのは密接に関連していると思います。ですので、放置禁止区域とということであれば、先ほどの交通課長の答弁となります。

以上でございます。",2025,2025/10/03,決算特別委員会,理事者
,令和7年　決算特別委員会(第6日　10月3日),大野交通課長,山本理恵,"私のほうからは自転車の通行空間についてでございます。

委員御提案のありました地下空間を利用してという部分なんですけれども、もちろん自転車と歩行者と自動車、こちら３者をしっかりと区分するためには、そういった地下空間を有効に利用する、こちらも策の１つとしてあるかとは思います。

今、事例として挙がりました築地なんですけれども、築地は自動車が通行する部分が１階レベルとなってございます。２階レベルを歩行者が通行するという中では、やはり歩行者と分離するという意味で、１階を自転車が通行するということは考えられるかと思います。ただ、このあたりは開発のいろいろ検討がされる中で、そのあたりも検討がされるものというふうに考えてございます。

また、地下空間を実際に走ることに関しては、やはり地下空間を整備するのに多額の費用もかかりますので、そちらが費用対効果、安全面で総合的に勘案していいのかどうか、そういった総合的な検討をする必要があるのかなと考えてございます。

私からは以上でございます。",2025,2025/10/03,決算特別委員会,理事者
,令和7年　決算特別委員会(第6日　10月3日),白石水とみどりの課長,山本理恵,"公園の中での自転車の利用、お子様の練習場ということでございます。今、委員に御紹介いただきました越中島公園という話がございましたが、区内の公園におきましては、委員も御承知のとおり、自転車の乗り入れが条例によって禁止されている形になっております。

子供の自転車の練習によらず、区内で、晴海を特に含めまして、ぐるりと周遊するような道路、それから安全性が確保できるようなところに関しては、元来自転車の乗り入れができないかというお話をいただくところもございますが、現状は利用者様の安全性ですとか、あと、水辺の緑道のテラスのほうまで向かう部分の自転車の乗り入れというんですかね、公園の入り口から水辺までのアクセス、こういった部分での自転車の利用も考えられるということもありまして、現状は公園の中での利用というのは今できないということになっております。

ですが、昨日もありましたが、今後、晴海の鉄道橋ができて、豊洲側は自転車が通れるようになっておりますので、橋を渡って晴海へというところの部分に関して、公園としても今後どのようなことができるかというのは、お子様の練習場も踏まえまして検討をしていきたいなというふうに考えているところでございます。

以上でございます。",2025,2025/10/03,決算特別委員会,理事者
,令和7年　決算特別委員会(第6日　10月3日),白石水とみどりの課長,山本理恵,"私からは公園内のデイキャンプ場の予約システムの件でございます。

委員御案内にありましたとおり、デイキャンプ場は、浜町公園、築地川公園、豊海運動公園の３か所に各地域１か所といったことで整備しておりまして、気の置けない仲間ですとか、家族の皆様で公園の中で緑を見ながら、また水辺を親しみながら使えるということで、非常に人気の施設になってございます。

これまでは、委員御紹介がありましたが、インターネットの予約ではなくて、事務所に赴いていただいて予約をしていただいたということなんですが、利便性の向上を図るということで、またＤＸという趣旨もございまして、インターネットによる予約システムを令和７年２月から導入したところでございます。

運用開始からおよそ半年が過ぎますが、今のところ特に大きなトラブルはなく、また大きなクレームもなく進んでいるところでございまして、利用状況に関しましても、これまでと同様に、ゴールデンウイークですとか、花見の時期、それから土日なんかはほぼ埋まってしまう状況にはなっているというところでございます。

ただ、課題といたしましては、委員おっしゃったとおり先着制の予約ということになっておりまして、これがスマートフォンですとか、パソコンに慣れない方々にとってはなかなか先着による予約が難しいと。ちょっと調べてみますと、数分で人気の日は埋まってしまうということがありますので、この辺に関しては課題かなというふうに思っております。

ということで、区のほうでもインターネットのシステムは継続しますが、先着順というところに関しては課題があるかなと思っておりますので、例えばある一定期間予約を受け付けて抽せんにするとか、そういったシステムの変更を考えているところでございますので、こちらも今後のさらなる利用者の利便性の向上に努めてまいりたいなと思っております。

以上でございます。",2025,2025/10/03,決算特別委員会,理事者
,令和7年　決算特別委員会(第6日　10月3日),白石水とみどりの課長,山本理恵,"区立公園の維持管理とその課題についてでございます。

委員御紹介ありましたとおり、令和６年度の決算値で、維持管理に関しましてはおよそ７億8,000万円ということでございまして、この金額については例年とほぼ変わらないオーダーになってございます。

公園の維持管理における課題、もちろん一番に安全性を重視しておりますので、遊具等の点検というのは国の指針に基づいて年１回実施したり、職員の定期的な巡回ですとか、あと清掃の維持管理なんかもこの中に入っておりますので、日々清掃していただいている業者とも連携して、現場のチェックを重ねているところでございます。

ただ、人口も増えていまして、お子様も増えているということで、遊具の利用が非常に多いという現状もございます。遊具に関しては、特段耐用年数というのはございませんが、いわゆる推奨年数というんですかね、耐用基準としてはおよそ10年から15年というところで考えておりますので、昨今、人口が増えている晴海臨海公園ですとか、黎明橋公園とかというところで複合遊具の改修、これは複合遊具を取り替えたということでございまして、そういうものをしましたり、あと、令和７年度も、勝どきにあります月島の第二児童公園のほうの遊具の改修、こういうものを図りまして、お子様ですとか、全ての皆様が安全に、憩える場所、こういう公園づくりに努めているところでございます。

以上でございます。",2025,2025/10/03,決算特別委員会,理事者
,令和7年　決算特別委員会(第6日　10月3日),白石水とみどりの課長,山本理恵,"あかつき公園の冒険広場の御紹介をいただきまして、その運用の方法でございます。

あかつき公園の冒険広場に関しましては、委員も御承知のとおり、シルバー人材センターの方に管理を委託しておりまして、公園の中では、有人管理をしているという意味では唯一のところになっているのかなと思います。

実は、あそこにはターザンロープですとか、少し傾斜の急な滑り台等もございまして、子供たちにとっては非常に冒険心を、まさに名前のとおり、くすぐる非常に人気の施設にはなってございますが、一方で木が生い茂っていたり、夕方は暗くなってしまうというところですとか、あとは、今の一般的な遊具よりも少し難易度が高いみたいなところで人を配置して、夕方は閉めているというところでございます。

ただ、今、委員御紹介ありましたとおり、そういう利用の仕方、子供たちは夕方ですとか、そういう部分を使いたいということですから、運用時間に関しましてはちょっと柔軟に検討していきたいなというふうに考えているところでございます。

それから、蚊が発生するというところですが、ここも自然に親しむためにウッドチップを配置しておりまして、そういった部分で蚊が自然発生してしまいやすいところなのかなと考えています。区といたしましても適切に消毒等を実施しているところではございますが、引き続き状況を見ながら、そういう虫の対策も含めてやっていきたいなと考えているところでございます。

以上でございます。",2025,2025/10/03,決算特別委員会,理事者
,令和7年　決算特別委員会(第6日　10月3日),金広道路課長,しらす夏,"雑草についてでございます。委員おっしゃるように、ここ数年、道路上を含めて雑草が非常に伸びている状況がうかがえます。それは区としても把握しております。

これにつきましては、日々、道路点検を含めて、そういった中で伸びているものが確認でき次第、早急に雑草の除去というものに努めているところですが、なかなか全て区内全域を把握し切れない部分もございまして、区民の方からいろいろとお問合せいただくこともございます。その際も含めて、できるだけ早急に除去して、適正な道路の維持管理に努めていきたいと思っております。

以上でございます。",2025,2025/10/03,決算特別委員会,理事者
,令和7年　決算特別委員会(第6日　10月3日),鎌田環境課長,しらす夏,"大熊町との連携におけますメガソーラーの整備に関する御質問でございます。パネルの廃棄といったところのお話でございますけれども、国のほうでも、2030年代に入りますと、初期の段階で設置したものの耐用年数と寿命が生じるといったところで、パネルのリサイクル方法については様々な協議がされていると聞いているところでございます。

そうした中で、最新の状況といたしましては、もともとはパネルの製造業者等がリサイクルに関する費用負担等をしながら取り組んでいくといったところが、現在、そのパネルのリサイクルの義務化というところが断念せざるを得なくなったというのが最新の状況かと思っております。

そうした中でありますけれども、いずれにしても、そのパネルをそのまま捨てればいいということではなくて、やはりリサイクルをしっかりしながら、環境の負荷を減らしていくといったことは非常に重要かと思います。国におきましても、そういった取組を引き続き進めているといったところは報道等を含めて聞いているところでございますので、そういった情報というのを我々としてもしっかり収集しながら、区民の方々でしたり、大熊町との連携の中で確認をしていければなと、ＰＲをしていければなと思っているところでございます。

あと、今後のパネルの設置拡大といったところでございますけれども、やはり区内において省エネ設備、太陽光パネルをはじめとした自らエネルギーをつくり出すための設備を設置するといったところは、この土地柄といったところもあり、なかなか難しいところではございます。そうした中でも、例えば公共施設の整備においても、規模は小さくても可能な範囲で設置をするですとか、また、区域に対してはＺＥＢ化、ＺＥＨ化の推進といった中で、なかなかパネルの設置といったところはまだ難しいところはあろうかと思いますけれども、環境に配慮した取組を進めていくよう働きかけを行っているところでございます。

なかなか自らエネルギーをつくり出すことが難しい中で、大熊町との連携による調達といったようなところで始めている事業でございますので、区の中でできることをしっかりやっていきたいと考えているところでございます。

以上でございます。",2025,2025/10/03,決算特別委員会,理事者
,令和7年　決算特別委員会(第6日　10月3日),鎌田環境課長,しらす夏,"中央区の森におけるクマの関係の対応というところでございますけれども、実際、檜原村の中ではクマが出没しているエリアもあるといったところは情報として聞いているところでございます。

そうした中で、檜原村自然体験ツアー等、区民の方をお連れする中におきましても、当然そういった安全対策というのは第一に考えなければならないと思っておりますので、委託事業者のほうとそのあたりの連携をしっかり取りながら、安全を第一に考えた事業を実施してまいりたいと思っております。",2025,2025/10/03,決算特別委員会,理事者
,令和7年　決算特別委員会(第6日　10月3日),大野交通課長,アルールうた子,"江戸バスについてお答えいたします。まず初めに、江戸バスにつきましては、委員から御案内ありましたとおり、令和５年度は利用者が約70万人だったのに対して、令和６年度については約85万人と大きく増加しております。また、令和７年度、まだ１年度間は終わっていませんけれども、今のところの状況を見ると、令和６年度よりもさらに増加しているというような状況でございます。その増加した部分、増加した方は、ほぼ無償化の方が増えているというような傾向がございます。

行政評価の中での無償化を分けてみてはどうかというようなお話でございます。行政評価については、そういった区分けは特にしていないんですけれども、この無償化に関しては、高齢者等の無償化と、さらには乗り継ぎ利用者の数とか、そういったものもございますので、なかなか一概に分けることが難しいかなというふうに考えてございます。

また、利用者の属性の分析はというお話なんですけれども、こちらにつきましては、令和６年度にルート変更をするに当たって、地域公共交通会議等々でいろいろと江戸バスを利用されている方の属性等々を調べてございます。それ以降は、特段そういった属性については調べておりませんので、そのあたりは、また何かの変化の際にはしっかりとアンケート調査等々を行いながら、調査をしたいと考えてございます。

答弁は以上でございます。",2025,2025/10/03,決算特別委員会,理事者
,令和7年　決算特別委員会(第6日　10月3日),大野交通課長,アルールうた子,"江戸バスの協賛収入、広告収入についてでございます。

江戸バスの協賛収入、こちらは車体のラッピングであったり、あと、停留所名のネーミングライツ、また、バスマップへの企業名の表示など、こういったメニューごとに金額を決めて、協賛収入というものを得ております。また、広告収入につきましては、窓上のポスターであったり、中づりポスター、あと、車内にデジタルサイネージがございますので、そういったものの動画広告のための収入ということになってございます。

それぞれの金額なんですけれども、まず、協賛収入については、令和６年度は316万3,000円となってございます。また、広告収入につきましては、令和６年度は152万円となってございます。こちらの枠については、申し訳ありませんが、ちょっと数字を持ち合わせておりません。また、一部空いているところについては、主には日立自動車交通のほうで広告会社に依頼をして、随時募集をしておりますので、応募があればその都度埋めていく、そういったことをやってございます。

以上でございます。",2025,2025/10/03,決算特別委員会,理事者
,令和7年　決算特別委員会(第6日　10月3日),大野交通課長,アルールうた子,"基本的には、協賛収入、広告収入、そういった営業活動については日立自動車交通、運行事業者のほうで行っております。ただ、区としてもそのあたりは積極的にやっていきたいと思っておりまして、例えば昨年度ルート変更を行った際には、新たに停留所を設置した場所の目の前の企業に区からお声がけをさせていただいて、それで協賛をいただいたというようなこともございます。こういった取組をさらに続けていきたいというふうに考えてございます。

以上でございます。",2025,2025/10/03,決算特別委員会,理事者
,令和7年　決算特別委員会(第6日　10月3日),大野交通課長,アルールうた子,"今、委員から御案内のありましたとおり、今年度本区では、ＮＨＫの大河ドラマの舞台になっているというようなこともございまして、商工観光課とも連携しまして、ＮＨＫであったり、あと観光協会のほうから協賛をいただいてございます。

今、委員から御案内ありましたとおり、今回の協賛金に関しては減免の措置を行ってございます。減免の理由といたしましては、今回の大河ドラマを契機とした地域の魅力の発信に資する、また、そういった取組が自治体と公共性の強い団体との双方での経費や役務を負担し合う相互協力事業という意味合いが強いかなというふうに考えておりますので、区民部とも連携して、今回減免を行ったというようなところでございます。

以上でございます。",2025,2025/10/03,決算特別委員会,理事者
,令和7年　決算特別委員会(第6日　10月3日),大野交通課長,アルールうた子,"協賛収入の企業へのメリットという部分でございます。

今回、協賛をしていただいた企業に対しては、例えば停留所のネーミングライツといったものであったり、バスマップのほうに企業の名前を出したり、さらには車内でのデジタルサイネージの中でも企業の名前を出したり、そういったところでメリットを感じていただいているかと思います。現在も協賛していただいている企業は、そういったメリットの部分で協賛をしていただいているんだというふうに考えてございます。",2025,2025/10/03,決算特別委員会,理事者
,令和7年　決算特別委員会(第6日　10月3日),大野交通課長,アルールうた子,申し訳ありません。今ちょっと手持ちがすぐに出ませんので、後ほど回答させてください。,2025,2025/10/03,決算特別委員会,理事者
,令和7年　決算特別委員会(第6日　10月3日),大野交通課長,アルールうた子,"江戸バスの運賃についてでございます。まず初めに、先ほど答弁できなかった部分で、江戸バスの運賃の現金とＩＣカードの割合というところなんですけれども、全体の運賃収入に対しまして、ＩＣカードを御利用される方については、大体73％ぐらい、大半がＩＣカードを御利用いただいているというような状況でございます。

また、運行開始以降100円で維持している、そういった部分に関してなんですけれども、江戸バスの性質上、地域交通として、そういった役割が非常に大きいかと思っておりまして、子供から大人の方まで親しみを持って利用していただく、そういうコンセプトもございますので、一律100円の料金、これはしっかりと維持しながら、運行についても維持していくと、そういったところを考えてございます。

以上でございます。",2025,2025/10/03,決算特別委員会,理事者
,令和7年　決算特別委員会(第6日　10月3日),大野交通課長,アルールうた子,"江戸バスの観光客の利用に関してでございます。

まず初めに、利用実態としてどれぐらいの観光客の方が利用されているか、そういった調査はこれまで特に行ったことはございません。一方で、最近、訪日外国人の方、また、国内から来られる方も含めて、スーツケース、大きなキャリーケースを一緒にバスの中に御乗車いただく方をよく見かけるようになっております。特に東京駅から乗られる方が多いのかなというところを感じております。

特段、地域の方からそれに関する苦情というのは直接区のほうにあまり多く来ていないところではあるんですが、区の職員が江戸バスに乗っている中でも、そういった部分はよく見かけます。これまで区としても、そこのところの対策をしようということで、今、日立自動車交通のほうで江戸バスの停留所、特に東京駅の停留所のところに、特に外国人向けの英語表記をした、スーツケースについてはなるべく郵送等々を使って、直接ホテルに運んでくださいと、そういった呼びかけもしております。そういったところで工夫しながら、江戸バスの運行を続けていきたいと考えてございます。

以上でございます。",2025,2025/10/03,決算特別委員会,理事者
,令和7年　決算特別委員会(第6日　10月3日),金広道路課長,川畑善智,"区内における無電柱化についてでございます。

まず、国道、都道におきましては、無電柱化のほうは区内100％ということで、全て終わっております。本区の区道におきましては、現在、単独地中化を含めて37.9％、ここまで整備が進んでおります。ちなみに、こちらは23区で一番の整備率を中央区は誇っております。

無電柱化推進計画2024の進捗というところでございますけれども、こちらは令和６年12月に策定いたしまして、今後、10年間の計画を立てている中で、今、各地区において、設計ですとか、あと、順次工事のほうは進んでいるという状況でございます。今後につきましても、この計画に沿って計画的に、しっかりと無電柱化を進めていきたいと思っております。

また、現在の区道における電柱の本数でございますが、令和７年４月１日時点の本数で3,619本、そのうち東電の電柱が約3,300本、ＮＴＴの電柱が約300本というところになってございます。

以上でございます。",2025,2025/10/03,決算特別委員会,理事者
,令和7年　決算特別委員会(第6日　10月3日),池田管理調整課長（参事）,川畑善智,"電柱の占用の数字からいきますと、再開発とかで仮設の電柱とかを建てたり、また、電線共同溝によって撤去したりということで増減が大きく動くというところで、新たな設置というところで言いますと、そういった再開発では起こり得ると認識しております。

以上でございます。",2025,2025/10/03,決算特別委員会,理事者
,令和7年　決算特別委員会(第6日　10月3日),金広道路課長,川畑善智,"委員御案内のとおり、９月に東京都のほうで宅地内の電柱における新設禁止という条例の基本的な考え方が公表されましたが、今現在、区では、道路法第37条、これによって電柱の新設を禁止しております。ただ、この電柱禁止につきましては、全ての区道ではなくて、緊急道路、要は障害物除去路線と、それから単独地中化が行われている、もう既にそこにはないというところなんですけれども、そこの部分については電柱の新設を禁止するということで、現在区のほうでは整理をしてございます。

以上でございます。",2025,2025/10/03,決算特別委員会,理事者
,令和7年　決算特別委員会(第6日　10月3日),金広道路課長,川畑善智,"今後の無電柱化についてでございます。委員おっしゃるように、昨今のいろんな地震、そういった災害を見ても、やはり電柱というものをできるだけ早期になくすということが非常に重要であると思っております。その上で、こういった計画を立てながら、区として少しでも早く電柱を１本でも多くなくしていくというところの姿勢は常に持ってございます。

その上で、スピードアップを図っていくには、いろんな手法、今、技術革新も行われておりますので、そういったところをしっかりと見据えながら、取り入れられるところはしっかりと取り入れて、工事の短縮化であったり、費用の縮減であったり、そういったところにしっかりと対応していきたいというふうに思っております。また、区の事業だけではなく、再開発も含めて、あらゆる機会の中で無電柱化が図れないかというところは、しっかりと区としてもいろいろなところから働きかけを行っていきたいと思っております。

以上でございます。",2025,2025/10/03,決算特別委員会,理事者
,令和7年　決算特別委員会(第6日　10月3日),三留環境土木部長,川畑善智,"委員御案内いただきましたソフト地中化なんですけれども、一番初めにやったのは中央区でございまして、室町のほうにそういう事例がございます。ただあれは、御案内のとおり、電線はなくなるけど電柱が残ってしまうという点もございますので、いろいろと検討はさせていただきます。

以上でございます。",2025,2025/10/03,決算特別委員会,理事者
,令和7年　決算特別委員会(第6日　10月3日),白石水とみどりの課長,川畑善智,"昨今の暑さによる公園の利用者への対応ということでございます。お子様なんか特に肌がまだ弱いものですから、そういった子供には十分注意していただかないといけないんですが、この昨今の暑さに、遊具のメーカーも研究等を行っていますが、なかなか真夏に使えるというレベルまで達していないというのは事実かなと思います。遊具に関しては、そういった今後の暑さに対する技術革新とか、そういうものが導入されたものを区でも採用していきたいなというふうに思っております。

また、一般的な暑さ対策ということでございますが、公園の中の緑陰だったり、本区で言う水辺なんかありますと、表面温度がほかの市街地と比べれば多少は涼しくなっているという部分はあるとは思います。とは言いましても、これだけ暑いということですから、給水スポットの整備ですとか、ミストシャワーですとか、そういった暑さに対応するような公園施設、こういった整備も順次展開していきたいなと考えているところでございます。

以上でございます。",2025,2025/10/03,決算特別委員会,理事者
,令和7年　決算特別委員会(第6日　10月3日),早川都市整備部長,竹内幸美,"令和６年度の再開発事業でございますけれども、今、委員からもお話がありましたとおり、昨年度につきましては、とりわけ能登の地震を踏まえて、密集街区での新たなまちづくりの方策ということで、６月補正予算の中で検討の調査費をいただいたところでございます。昨年度いっぱい鋭意検討させていただいて、本年７月から制度化をスタートさせていただいたところでございます。まだ具体的には広報ＰＲをしている最中でございまして、形に結びついているものはございませんけれども、幾つかの御相談等をいただいているような状況でございます。

また、今の再開発事業につきましては、とりわけ６年度については、日本橋の高速地下化に伴いますといいますか、その周辺の５地区の再開発事業であったり、あるいは東京駅前の再開発事業であったり、月島のほうもそうですけれども、いずれも国の補助をいただきながら整備を推進してきているところでございます。ただ、こちらについても昨年度、これまでの款でもありましたとおり、物価高、建設資機材についても同様で、高騰しており、また、職人不足であったり、それから建設業界も働き方改革、こういったものも進んでいる中で、なかなか事業を進捗していくことが、数年前よりはかなり難しい状況になってございます。

また、昨年度の２月にも一度予算を補正させていただいてございますけれども、国の補助も必ずしも満額がついてこないというような中で、事業を止めない形の中で進めていかなければならないという、非常に難しい調整を強いられている中でございますけれども、先ほど委員からもありましたとおり、単年度の事業ではなく、継続的な開発事業でございますので、確実にこれらが推進できるよう、昨年度から引き続き、今年度も取り組んでまいりたいと思っているところでございます。",2025,2025/10/03,決算特別委員会,理事者
,令和7年　決算特別委員会(第6日　10月3日),青柳住宅課長,小坂和輝,"マンションの管理不全についての御質問でございます。

委員御紹介にもありましたとおり、昨年度のマンション管理適正化推進計画に基づいて、今年度、指導・助言をするべく実態調査を行いました。実態調査につきましては、およそ1,000棟のマンションに対してアンケートを送りまして、御紹介あったとおり、不全が見られるマンションが12件、その兆候が見られるマンションとして174件がございました。あわせて、回答がいただけていないマンションが193件ございます。指導・助言対象のマンションにつきましては、今年度にそれぞれのマンションに対して通知を発送いたしまして、それぞれ指導・助言の御案内をさせていただいております。

実際に指導・助言を行ったマンションには、マンション管理士、専門家を派遣いたしまして、マンション管理組合と管理に関する打合せをさせていただいて、具体的な指導等も行ってございまして、受けられた管理組合からは、いろいろアドバイスがいただけて、管理の参考になったというような御意見もいただいているところでございます。

あと、193件の未回答マンションにつきましては、昨年度行った調査に関しても、まずは郵送で通知を発送して、届いていない、返信がないマンションについては、連絡先が分かるマンションについては電話で再度依頼をかけて、それでも回答がいただけないですとか、あとはつながらないマンションに関しては、実際に管理士が現地を訪問して、管理者の連絡先ですとか、管理組合のポストがあれば、そこにまた投函をするとか、そういった形でいろんな手を尽くして、こちらも働きかけを行ったんですが、なかなか回答をいただけない状況というのがございました。

まず、こちらの193件につきましては、こういった制度の御案内もこちらのほうからは通知等々でさせていただいておりまして、管理状況そのものは、回答がいただけていないので把握はできていないのですが、そうした管理のいろいろな課題点だとか、こういうところが問題になるだとか、それに対しての区が持っている制度だとか、そういったところの御案内をさせていただくことで、実際に反応がないので分からない部分はございますが、一定数の働きかけ、動機づけというのはできているのではないかなというふうに考えております。その193件につきましては、再度区から適正化推進計画の改めての御案内と、管理向上に向けた各種制度の御案内を引き続きさせていただくことにしてございます。

以上でございます。",2025,2025/10/03,決算特別委員会,理事者
,令和7年　決算特別委員会(第6日　10月3日),菊池地域整備課長,小坂和輝,"私から、密集街区の課題についてです。密集街区なんですけれども、令和６年１月の能登半島地震を受けて、中央区内にも幾つかスポット的に木造が密集している地域があるというところで、特に無接道敷地ですとか、狭小敷地については、建築基準法の接道義務、これを満たさないということで、建て替えが進みづらいという状況の中で、防災的な向上の観点から、制度の構築に至ったところでございます。

中身としましては、老朽家屋ですね、使ってない建物の無接道敷地について、その土地を区が買取り、これは土地が利用されてない土地なんですけれども、金額について土地所有者と合意の上で、区が土地を買い取って、買い取った土地については更地になって、無電柱化の地上置場とか防災倉庫などの活用を図るというのが制度になります。

具体的な課題としましては、まず、土地の金額の査定から、金額の合意に至りまして、そこから建物の解体、そして実際に土地の売買契約が完了するということで、手続の期間がかなり長くなるという部分がまず１つ課題かなと思っています。もう一つは、手続の中で解体の見積りを確認したりですとか、土地の金額ですとか、登記関係とか、かなり手続がいろいろあります。こういったものがかなり難しい部分なのかなというところがもう一つの課題かなというふうに思っています。

そういった点を踏まえまして、伴走型サポートを今年度も予算計上させていただいて、実際に、御相談が具体的になってくる過程の中で、手続の意味ですとか、その中身について、土地の所有者のほうに具体的に、これはこういう書類ですよとか、登記はこのためにやりますとか、そういった具体的な解説も含めて、安心して土地の所有者が手続を進められるようにということで、そういうサポート体制をしいているところでございます。

とはいえ、制度として、入り口でまず知っていただく、区としてこういう取組をやっているということは重要になりますので、今年度については、まずは周知、こういったところをまずしっかりやっていきたいなと思っております。

以上です。",2025,2025/10/03,決算特別委員会,理事者
,令和7年　決算特別委員会(第6日　10月3日),小笠原まちづくり事業担当課長,小坂和輝,"私からは、協議型まちづくりについてお答えをさせていただきます。

本区のまちづくりにつきましては、これまで個別の建て替えの推進、そして面的整備の双方でやってきております。どちらも協議型のまちづくりとして進めてきたと思ってございまして、個別の建て替えにつきましては、地区計画、本区のほぼ全域にかけてつくってきておりますけれども、特にというところでは、銀座地区では高さの制限について、本当に長い時間をかけて、地域の総意としてのお声をいただきながら、議論を重ねて改正してきておりますし、また、住宅の計画につきましても、令和に入りまして人口回復もしてきたというところでは、全地区で容積緩和を廃止していくということで、まちづくり協議会も相当数開いて改正してきた、これはまさしく協議型だと思ってございます。

また一方、面的整備につきましても、こちらは地域の皆様の再開発でございますので、まず権利者間の合意形成というのはもちろん大事ですけれども、もう一つの視点といたしまして、地域周辺の課題を解決していく、いわゆる地域貢献というものをどのようにしていくかということにつきましては、本区としても、これまで平成20年、22年頃にまちづくり基本条例も制定しながら、さらには地域ごとにまちづくりガイドライン・ビジョンもつくって、こちらも地域の方と一緒につくってきたものだと思ってございます。

こういった手続ですとか、そういった策定を経て、現在各開発につきましては、都市計画の手続に入る前に皆様に御意見を伺いながら進めてきておりますので、こうした取組を引き続き続けながら、地域の特性を踏まえたまちづくりとして協議型のまちづくりを進めていきたいというふうに思ってございます。

以上でございます。",2025,2025/10/03,決算特別委員会,理事者
,令和7年　決算特別委員会(第6日　10月3日),青柳住宅課長,小坂和輝,"第三者管理方式についての御質問でございます。管理会社での管理方式ということでの課題ということだったかなと思います。

分譲マンションは区分所有者が主体的に管理をするというのが基本であろうというふうに考えてございます。ですので、なかなか理事会でも成り手がいないですとか、そういった課題の中で、管理会社のほうで管理者になって管理する方式というものが示されておりますが、区分所有者の管理意識が低下してしまうというところがこの方式の課題であると認識してございます。

以上でございます。",2025,2025/10/03,決算特別委員会,理事者
,令和7年　決算特別委員会(第6日　10月3日),菊池地域整備課長,小坂和輝,"私から、密集街区の土地の査定ついてお答えさせていただきます。

基本的には、買い取るまでに、まずは土地の申請が出されてから、要綱で本当にここの敷地が無接道敷地なのかどうかとか、そのあたりを区として確認をするという形になります。その後の次の段階として、買い取る方向になったとかというところで金額の査定という形になります。基本的には、不動産鑑定士に委託をして、金額を算出していただくというところになります。

実際、不動産鑑定の書類もそれなりの量があるものなので、見方とか、そういったところについては、先ほどの伴走型サポートをやって、これは宅建業者、宅建の資格を持っているようなところになるんですけれども、そういったところなんかにも協力を仰ぎながら、評価の中身とかをチェックしていきたい、そのように思っております。

以上です。",2025,2025/10/03,決算特別委員会,理事者
,令和7年　決算特別委員会(第6日　10月3日),小笠原まちづくり事業担当課長,小坂和輝,"私からは権利者、そして地域の方への情報の出し方というところについてお答えさせていただきます。

再開発につきましては、本区の再開発としては、基本的に区が主体ではなくて、権利をお持ちの方々が皆さんで検討して進めていく、そのような再開発を進めてきております。こうしたことから、まず１つ目の準備組合ができる前に、権利者の方全てにというところでございますけれども、当然、最初から全員が集合してというところよりかは、一般的には発起人みたいな形で、ある程度中心的な方々が出てきて、そこから、じゃあ、皆さんに御意見を伺ってというところからスタートして、おおむね皆さんに賛同いただけた段階で準備組合が設立するわけですけれども、当然、区といたしましては、準備組合の設立前後になりますと、地域の方、要は代表の方ですとか、場合によってはコンサルの方も出てきますので、そうした方たちから私どものほうに相談が来た際には、区としても、当然ながら再開発は皆さんで進めていきますので、権利者の方が一体何名いらっしゃるのか、どういう方がいらっしゃるのか、どうやって皆さんに御意見を聞いて、まずは素案となるようなものをまとめていくのかということは、これは十分丁寧にやってくださいということは指導をしてきてございます。

その上でですけれども、今度、地域の区域外の方への周知ということになりますと、まず大前提として、これは個別の建て替えも同様でございますけれども、皆さん御自身の権利がまずどうなるのか、こちらが一番大事なポイントでございますので、最初のいわゆる素案をつくっている段階で、権利をお持ちの方からしますと、御自身の権利はどうなるのかというのを第三者の方に正直にお見せしながらというのは現実的には難しいと思ってございます。

そうしたこともありまして、区としては、先ほど基本条例のお話をさせていただきましたけれども、従来ですと都市計画法という手続からスタートしていくものについて、それを区としては、その前段階からきちんと地域の方とも意見交換をするということで条例もつくり、これまでも丁寧にやってきているところでございますので、そういう意味で言いますと、権利者、そして地域の方と段階的に情報が周知されていくということで考えております。

以上でございます。",2025,2025/10/03,決算特別委員会,理事者
,令和7年　決算特別委員会(第6日　10月3日),菊池地域整備課長,小坂和輝,"佃二丁目について丁寧な対応をしてきたかというところについてですけれども、佃二丁目のところについては、地元でまちづくりの検討が行われているということは認識しているんですけれども、具体的に協議をしている、具体的に話があるというような状況ではないものと認識しております。

以上です。",2025,2025/10/03,決算特別委員会,理事者
,令和7年　決算特別委員会(第6日　10月3日),落合都心再生推進課長,永井佳代,"築地のレジデンス機能についてでございます。

先日、８月22日に基本計画が事業者から示されて、その中で整備計画等も示され、９棟の建物が建てられるといったところが公表されたところでございます。それで、全員協議会、また、まちづくり協議会等を行ってきました。

そういった中、質疑の中で、レジデンス機能はどういったものを今の段階で考えているのかといったようなところで、事業者のほうから600から800戸の住宅を造るといったところが示されておりました。中身について、どういった機能なのかといったところで、今、委員お話しのとおり、サービスアパートメント、また賃貸住宅を８割程度造っていくという今の段階の計画であるといったところが示されております。

今後、詳細については検討をさらに進めていくといったところでございますが、そういう中で、今回の利点といったところでございます。今回、築地の再開発の中では、サイエンス機能といったところもつくっていき、研究職の方だとか、創薬等の研究職の方などが世界から来られるといったような話もございます。そういう中においては、分譲というより賃貸の中、短期で住まわれる住宅を整備していくというのは、職住近接という意味では、多くの方が来ていただける機会を創出できるのではないかといったところは考えているところです。

また、課題につきましては、短期とは言いましても、800戸となりますとそれなりの人数になってきます。周辺の交通に与える影響、また、周辺の施設等も利用することになります。そういった中においては、どういった方々がやってきて、そういう影響がどういうふうに与えられるのか、そういったところは事業者とも、今後、賃貸と言われておりますが、どういう中身になっていくのかをしっかり把握して、周辺の地域に影響等が起きないようにしっかりと協議していく必要があるというふうに考えております。

以上でございます。",2025,2025/10/03,決算特別委員会,理事者
,令和7年　決算特別委員会(第6日　10月3日),落合都心再生推進課長,永井佳代,"短期滞在者のコミュニティの醸成といったところでございます。なかなか短期の滞在者の方と地域とのコミュニティを直接的に醸成していくのは難しいのではないかなというふうに考えているところです。そういう中で、今回、築地市場跡地開発の中ではエリアマネジメントを立ち上げるといったところも公表されております。地域の方々としっかりと連携を図りながら、築地ブランドをさらに高めていく、また継承していく、こういったところも行うと言われております。

そういうエリアマネジメントの中で、様々なイベント等も行われると思います。そういうところに短期滞在の方もしっかり参加していただけるような仕組みをつくっていきながら、地域の方々との連携といったところに積極的に参加できるような状況を構築していくことが必要ではないかなと考えております。区といたしましては、このエリアマネジメントの中でしっかりとそういった醸成が図られるよう、引き続き要請していきたいというふうに考えております。",2025,2025/10/03,決算特別委員会,理事者
,令和7年　決算特別委員会(第6日　10月3日),青柳住宅課長,田中広一,"住宅についての御質問でございます。まずは住み替え相談における相談内容についてでございます。

令和６年度に関しましても、毎月２回、第２、第４火曜日に高齢者の住み替え相談、また、月１回、一般向けの相談も実施してございます。多くいただく相談内容につきましては、あくまで住み替え相談ということでございますので、委員からも御紹介があったような、民間で更新の時期に家賃が上がってしまい、なかなか住み替えが難しい状況になるのでどうしたらいいですかというような御相談を項目としては多くいただいております。あとは、建て替えなどに起因するんですが、いついつまでに立ち退いてくれというようなお話をいただいて、急に住宅を探さなければならないといったところでお困りのお声だとか、家庭の御事情ですとか、御本人の方、家族構成等々で部屋が狭くなった、広くなったというところの御事情で住み替えをしたいというような内容が多くございます。

あわせて、窓口でのお問合せにつきましては、やはり公的な住宅に入りたいので申込みをしたいという方が多くいらっしゃいます。区の住宅ですと、空きが出た段階で空き家募集という形で行っていることですとか、都営住宅ですと定期で年４回募集があることなど、あとはいろんな所得に応じた各種公的な住宅が、どのようなものがあるかといったようなことを御案内をしている状況でございます。

先ほどの住み替え相談の中でも、家賃高騰というところは、更新の時期に２万円上がっちゃうとか、そういったお話がある中では、やはり地価高騰ですとか、それに伴っての家賃も高騰している状況というのは、区として認識しているところではございまして、そうしたところも含めて、いろいろお声を伺う中で、どのような形で我々として支援していくべきなのかというところは、こういった貴重な御意見を踏まえながら検討していく必要があるなというふうには感じているところでございます。

以上でございます。",2025,2025/10/03,決算特別委員会,理事者
,令和7年　決算特別委員会(第6日　10月3日),福島建築課長,田中広一,"私のほうからは、令和６年度の耐震の取組というところについてお話しいたします。

助成の件数については、資料にもお書きいたしましたし、委員から御紹介のあったとおりでございます。耐震の取組は２本の柱があると思っておりまして、１つは助成制度を使ったもの、もう一つは普及啓発です。制度を充実しても、それを知らないと使っていただけない、もしくはなぜ耐震が必要なのかというところをしっかり御理解いただかないといけないかなと考えてございます。

助成制度についてはずっと引き続きやっているものがございますが、これを普及啓発、広げていくための取組として、これも令和６年から始めているというわけではなくて、ずっと引き続きやっているところではあるんですが、区内の建築団体、３つの団体と一緒に協力しながら耐震化促進協議会というものを結成いたしまして、その中で、例えば区のイベントだとか、総合防災訓練だとか、あとは消費生活展、こういうような場所でいろいろブースを出させてもらって、その中で少し分かりやすい模型を使いながら、実際に従来どおりの旧耐震の建物だと、揺れが起こったときにどうなっちゃうかというものを目視でよく分かるようなものを使ったり、もしくはそこに、例えば簡単でもいいから耐震壁を入れたらどういう挙動になるのかというのを目で見えるような形で見ていただくということをやっていたりしてございます。

また、この耐震助成の中でも、件数の内訳の中で、戸建てについては複数件上がってきているんですが、共同住宅というものは難しい部分があるかなというところがございます。こちらのほうも、合意形成とか、そういう難しい面はございますが、耐震のアドバイザーを派遣したりだとか、あとは合意形成の仕方についての御相談を受け付けたり、そういうようなことで耐震化の促進を図ってきたところでございます。

私からは以上です。",2025,2025/10/03,決算特別委員会,理事者
,令和7年　決算特別委員会(第6日　10月3日),青柳住宅課長,田中広一,"高齢者の方に対する居住支援についてでございます。

民間の賃貸住宅事業者にとっては、高齢の方の入居というのが、事業として見るとリスクというような形で受け止められている状況が少なからずございます。入居した際のその後の部分の課題であるとか、そういったところがあって、入居をそもそも拒まれてしまうといったお声も、先ほどの住み替え相談の中でも、不動産屋へ行ったんだけど聞いてくれなかったというようなこともお伺いしているところではございます。

そうしたところで、入居した際の御不安点の解消というところでは、東京都で行っているあんしん居住制度、見守りのサービスがあったりだとか、家財の整理のサービスがあったり、葬儀の実施であったりとか、そういったサービスがございまして、そのサービスについては区のほうでも費用の助成というのを行っておりまして、なかなかそうした中では活用が図られていないというのが現状でございます。

そのあたりは区としての周知の部分にも課題があるのかなというふうに認識しておりまして、事業者の方に対しては、こんな制度もありますよということは引き続き周知を図っていくということと、あとは高齢者を拒まない不動産屋の情報ということで、これは住み替え相談にも御協力をいただいております東京都宅地建物取引業協会の方ともお話をしておりまして、そういった方の相談を取りあえず聞いてもらえるお店のリストなんかも御用意をいただいて、必要な方にはその相談の中でお見せをしたりだとか、そういった形での対応はさせていただいているところでございます。

委員からも御指摘のように、なかなか状況が劇的に改善しているという状況ではない中で、できる工夫はなるべくしながら、高齢者の居住支援などを引き続き進めてまいりたいと考えてございます。

以上でございます。",2025,2025/10/03,決算特別委員会,理事者
,令和7年　決算特別委員会(第6日　10月3日),福島建築課長,田中広一,"私のほうから耐震についてのお答えをしたいと思います。

まず、併行工事についてです。併行工事は、委員御紹介のとおり、制度自体は複数年もう実施してきているところなんですが、なかなか実績が上がっていないという状況でございます。この併行工事自体を始めた理由としては、耐震化を促進していく上で、ただ単に耐震工事だけやるというのではなくて、実施される方の御事情としては、耐震をいじってこういうところをやるんだったら、一緒にこういう工事もやりたいよと、そういう機会が当然あるかと思います。そういうところを捉えてでも耐震化を促進していくために、制度を設けているところです。

しかしながら、この併行工事自体は、住宅にお住まいの方がどなたでもという制度ではなくて、お住まいの方の中でも、所得である程度制限をつけさせていただいております。ですので、いろいろ一緒にこういう工事もやりたいという御相談はいただくんですが、なかなか所得制限というところで、そこからお話が進まないというところがちょっと課題としてあるかなと思ってございます。

もう１点、分譲マンションの合意形成というところなんですが、なかなかこれは難しいところがありまして、区役所の本庁舎を見ても分かるんですが、耐震の補強をすると、構造的に弱い部分にブレースという斜めの鋼材を入れて建物自体を補強していきます。これを、分譲マンションでやろうといったときに、じゃあ、５階の503号室、504号室辺りがちょっと弱いから、そこの壁の中にこのブレースを入れさせてくださいとなったときには、当然、個人個人お持ちの部屋の中、もしくはその方が御利用されているようなベランダに、そういうブレースが出てきちゃうというところで、総論としては耐震は大変重要というのはその中でも分かっていたとしても、それが実際に個人の生活だとか、その人の財産に影響を与えるというところでなかなか難しい部分があると。

そういうようなお話を区が派遣している耐震アドバイザーからも伺っておりまして、この部分というのは、なかなか区のほうの調整、耐震アドバイザーのアドバイスというよりは、それを踏まえた上で、そこの分譲マンションにお住まいの方々の中で、どういうふうに解決というか、その上で、その先に進んでいかれるか、納得いただいた上で進むことが大切かなと思っております。その納得をいただく上で、こういうような説明が欲しいんだとか、こういうような資料がないかという御相談があったときには、区のほうでもしっかり丁寧に対応していこうと考えております。そういうところが１つ課題としてあるかなと思ってございます。

以上です。",2025,2025/10/03,決算特別委員会,理事者
,令和7年　決算特別委員会(第6日　10月3日),青柳住宅課長,山本理恵,"まちづくり支援事業の御質問でございます。

まちづくりによって、もともと住んでいた借家人の方が居住継続をする際に、開発後の建物で家賃が上がってしまうといったところで、なかなか居住継続が困難な状況がございまして、そうした方に対して、元の家賃と従後の家賃との差額に相当する分を補助していく形のものが居住継続援助事業というものでございます。

以上でございます。",2025,2025/10/03,決算特別委員会,理事者
,令和7年　決算特別委員会(第6日　10月3日),青柳住宅課長,山本理恵,"居住継続援助事業の状況でございます。委員の御紹介にあったとおり、５つの地区で居住継続援助事業を実施してございます。晴海一丁目まちづくり支援用施設、月島二丁目、晴海三丁目西、勝どき駅前、月島一丁目ということで、それぞれ晴海一丁目が127戸、月島二丁目が22戸、晴海三丁目西が162戸、勝どき駅前が９戸、月島一丁目が１戸ということで家賃助成を行っておりまして、令和６年度決算では４億円程度の支出になってございます。

まちづくり支援用施設につきましては、まずは従前居住者の方の住宅ということで、もともとの借家人の方が居住継続をしていくということでございまして、その方が様々な御事情で退去されたときに、その空いた住戸につきましては、仮住宅ということで、再開発事業の仮の住宅ですとか、あとは通常のお住まいのリフォームとか、建て替えに対しての仮住宅といったところで御利用いただいているところでございます。

現在の利用状況といたしましては、豊海地区の再開発事業で再開発組合に対して10戸をお貸ししているという状況と、あと、委員からも御紹介がございました月島四丁目のマンション建て替え制度を活用しての建て替えでも、空き住戸を仮住宅として、工事期間中お貸しをしている状況でございまして、以前ですと結構な空きがございましたが、現状は空きは10戸程度ということで、多くの利用をいただいている状況でございます。

以上でございます。",2025,2025/10/03,決算特別委員会,理事者
,令和7年　決算特別委員会(第6日　10月3日),青柳住宅課長,山本理恵,"従前居住者住宅の補助満了後のお話でございます。

晴海一丁目につきましては、まさに御紹介があったとおり、来年の12月で30年を迎える方が徐々に出てきてまいります。対象の借家人の方についても、再開発の３年前からお住まいいただいている世帯主とその配偶者の方は、30年を経過した後も補助をすることになってございます。そうではない方は30年で補助が切れるということがございますので、晴海一丁目の対象の方につきましては、令和４年度から毎年、補助が満了を迎えますということの御案内と、補助がなくなると、その分家賃が上がってきてしまうという状況がございますので、それらの御家庭の状況を踏まえて、場合によっては住み替えというものも視野に御検討いただくような形で、個別相談のほうをさせていただいております。それについては11月頃に行っているんですが、昨年につきましてもそのような形で、間もなく補助が満了するということで、丁寧にそこは説明をしてきているところでございます。

そうした中では、いろいろ住み替えというところをこちらの家賃の負担できる部分ということで促してはいるところなんですが、皆さん長くお住まいになられていて、高齢の方もいらっしゃる中では、なかなか難しい、困難だというような御意見はいただいたりしているところではございますが、一旦の制度としては、そのような形で30年を迎えてくるというところについては丁寧に説明をしているところでございます。

以上でございます。",2025,2025/10/03,決算特別委員会,理事者
,令和7年　決算特別委員会(第6日　10月3日),青柳住宅課長,山本理恵,"まず、セーフティネット住宅の状況でございます。

14戸につきましては、もともと高齢者向け優良賃貸住宅で運営をしておりました、月島にございますイヨシ88、こちらがセーフティネット住宅に移行をしてございますので、それが14戸でございます。まだ高齢者向け優良賃貸住宅として供給しているものが、浜町に２件と、あと銀座一丁目のこもれびが61戸ございます。

あと、こちらは毎年セーフティネット住宅の事業者の募集をしてございまして、手が挙がってきた事業者がいらっしゃった場合には、次年度の予算確保に向けて庁内手続を進めていくということで事業者募集を行っておりますが、なかなか実際には手が挙がってこない状況でございまして、そういった募集があれば、家賃低廉化の補助ですとか、あとは供給計画の作成に対する補助だとか、そういったことは行っていくような体制は整えていて、そこは働きかけを行っている状況でございます。

以上でございます。",2025,2025/10/03,決算特別委員会,理事者
,令和7年　決算特別委員会(第6日　10月3日),早川都市整備部長,山本理恵,"今このセーフティネット住宅に移行している最中で、今、住宅課長の申した高齢者向けの優良賃貸住宅のほうも、徐々にセーフティネット住宅に移行を図るように区も働きかけているところでございます。

ただ、やはり都心区特有の課題でもあり、また、非常に高騰が続いている昨今の住宅事情といった中でも、都心区に住みたいという方が非常に多い中で、こういった高齢者向けの活用を図っていただけるような事業者というのもなかなか手が挙がりづらい状況であるというようなところを、この評価指標の課題のところでも記載させていただいているところでございます。

全国的な制度ではあるものの、都心の課題というものをどういうふうに解決していくのかというところは、引き続き検討させていただかなければならないんですが、こういった事情があるところは、国につきましても、また東京都についても課題感というものがあるやに聞いてございます。こうしたことから、いわゆる生活困窮者向けの住宅確保といったものについての制度改正等も今後見据えながら、区としてもそういったものに迅速に対応してまいりたいと思ってございます。",2025,2025/10/03,決算特別委員会,理事者
,令和7年　決算特別委員会(第6日　10月3日),青柳住宅課長,磯野忠,"失礼いたしました。晴海一丁目の127戸のうち、いわゆる30年で補助が満了する対象の従前借家人のみの世帯については34世帯でございます。

以上でございます。",2025,2025/10/03,決算特別委員会,理事者
,令和7年　決算特別委員会(第6日　10月3日),青柳住宅課長,山本理恵,"あんしん居住制度や家賃債務保証制度等の活用状況でございます。

あんしん居住制度につきましては、東京都防災・建築まちづくりセンターのほうで実施している事業でございまして、この事業を利用した際に、その費用の一部を区から助成をするといった内容でございます。実績につきましては、直近で区の助成を活用したのが、令和４年に１件ございました。

あと、家賃債務保証制度につきましては、これも高齢者住宅財団というところが実施している事業でございまして、その事業を利用した際に、その費用の一部を助成するといった内容でございます。こちらについては、直近の利用実績は令和２年度に１件の利用がございました。

なかなかセーフティネット住宅が増えてこないというところは、都心特有の課題であるというふうに認識してございまして、それとともに、高齢者をはじめとする要配慮者の方の入居の壁といいますか、そういったことがあると思っております。そのあたりの解消につきましては、やはり住宅行政だけでは解消にはなかなかつながらないという状況がございますので、福祉とも連携をしながら、そういった見守りの部分、ソフトの部分はどうしても福祉の部分がございますので、先ほどの制度も福祉の窓口でも周知、御案内をしていただくなど連携を図っておりますが、引き続きその連携を図りながら進めてまいりたいと考えております。

以上でございます。",2025,2025/10/03,決算特別委員会,理事者
,令和7年　決算特別委員会(第7日　10月6日),清水学務課長,田中耕太郎,"それでは、まず、給食費のことからお答えをいたします。

令和５年度から無償化したところですけれども、昨今の物価高騰で、私どももしっかり手当てをしているところですが、もともと無償化になる前に、給食費を負担していただくということで、なかなか上げにくいといいますか、保護者の負担というところもありましたけれども、無償化になったときに、しっかりと食材の経費を確保するということで予算としては確保しているところで、例えば小学校ですが、令和５年度から令和６年度にかけて、お米を除いて、給食費は８％の上昇率ということで単価を設定しました。また、７年度にかけても６％の増ということで対応しているところで、先般、お米のほうも補正予算を出させていただきましたけれども、食材の質だとか量だとかをしっかりと保てるようにということで、もちろん現場の栄養士も献立を非常に工夫しながら、おいしい給食を子供たちに提供できるように取り組んでいるところでございます。

次に、林間学校や修学旅行などの校外学習の在り方でございます。

御紹介いただいたように、令和６年度から委託化をさせていただいております。バス代とか、そういったところでかなり経費が上がっているところでして、例えば小学校の移動教室ですと、令和５年度決算が3,900万円ほどだったところが、令和６年度、もちろん委託化というところもありますけれども、4,600万円ほどになっているところでございます。保護者の負担に関しましては、以前私どものほうで調べたところで、全体でかかる経費の３割ぐらいかなというところで、賄い費、食事ですとか、行事費、あとは見学費の超過した部分などを御負担いただいているところはありますけれども、昨今の物価高騰下においてもしっかりと体験ができるようにということで、こちらのほうでもしっかりと物価高騰の分も見込んだ予算を確保しながら、体験の効果が得られるようにということで対応してまいりたいと考えております。

以上でございます。",2025,2025/10/06,決算特別委員会,理事者
,令和7年　決算特別委員会(第7日　10月6日),植木図書文化財課長,田中耕太郎,"地域文化財の保存・保護に係る御質問でございます。

まず、区内におきまして、文化財の様々なものを国・都あるいは区において指定または登録という形での保存・保護に努めているところでございます。現状、まず保護のための補助等につきましては、国・都につきまして、それぞれ文化財指定等をされたものについての修理であるとか、無形の文化財につきましては技術継承、研修などについて補助金等を支給しているところでございます。また、区におきましては、指定文化財については修理に対しての補助金、それからまた、登録文化財につきましては保護奨励金ということで、毎年、金額の支給をしているところでございます。

現状、文化財の指定されているものあるいは登録されているものを中心にした助成、保護に努めているところでございまして、委員のお話がありました祭礼に係る文化財等につきまして、現状のところ、具体的に保護に対する補助等というものは制度としては行っていないところであります。

ただ、昨今、文化庁のほうで、地域資料といったものの補助金事業が行われているところもございますので、そういったところの周知等には努めてまいりたいと考えております。また、必要に応じて個別のお話等をいただければ、そういった御相談のほうには乗っていきたいというふうに考えているところです。

私からは以上です。",2025,2025/10/06,決算特別委員会,理事者
,令和7年　決算特別委員会(第7日　10月6日),清水学務課長,竹内幸美,"幼稚園の預かり保育に関してでございますけれども、御紹介いただきましたように、昨年度全園に拡大して午後４時半までだったところ、今年度から午後６時までの利用ということで、大変多くの方に御利用いただいているところでございます。まず、預かり保育自体の登録というところで申し上げますと、昨年度の４月時点だと、利用できる形で登録していた方が77.1％だったのが、今年度87.8％ということで10ポイント以上上昇しているということで、ニーズとしてやはり高いところなのだろうというふうに考えております。実際の利用に関しても、昨年度よりもやはり利用率も上がっているところでして、事由を問わず御利用いただけるという制度でございますので、保護者の方に通い慣れた幼稚園でそのまま過ごせる制度として、すごく有意に使っていただいているというふうに考えているところです。

また、お弁当給食に関しましても、利用に関しては非常に高い利用率となっておりまして、園によっても異なるんですけれども、令和７年４月で大体７割を超える方に御注文いただいている。また、７月は８割ぐらいということで、そういった形で注文率もとても高くなっています。先ほど御紹介いただいたアンケートに関しましても、実は、今年度、また７月に同じようなアンケートを実施した中で、例えばお弁当給食、今まで１回以上利用した方は95％というところと、98％の方が今後も利用したいということで御利用いただいているということで、こういった幼稚園施策の充実というところで保護者の皆様に御満足いただいているのではないかと感じているところです。

以上でございます。",2025,2025/10/06,決算特別委員会,理事者
,令和7年　決算特別委員会(第7日　10月6日),清水学務課長,竹内幸美,"利用人数の部分に関しまして、先ほども申し上げたように、非常に高い利用率というところで、こちらも園による部分はあるのですが、利用状況として、特に多くの方がお申込みになっている園などもあって、抽せんが発生しているような園もございます。そうすると、お申込みいただいても御利用いただけない日が出る可能性があるということで、そういったところに関しては、利用状況を確認しながら、また今後の定員設定は検討していかなければいけないのかなというところです。現状できることとして、本当に利用したい方が利用できるように、キャンセルが決まった時点で早めに、例えば２日前までにといった決まりはあるんですけれども、お使いにならない場合は、なるべくキャンセルを早めにしていただいて、そこの枠に申込みができるようにといったところですとか、あとはきょうだいで予約をしたい方が、例えば１つしか枠が空いていなかった。そうすると、申し込んだ後に、もう一人申し込めませんでしたということがないように、実は、９月から予約の空き数を表示できるような形で予約のシステムを改善したりといったことで、できるところから使いやすさというところはしっかり対応しているところですので、人数の変更の検討も含めて、今後も便利に御利用いただけるような形で対応してまいりたいと考えております。

以上でございます。",2025,2025/10/06,決算特別委員会,理事者
,令和7年　決算特別委員会(第7日　10月6日),清水学務課長,竹内幸美,"幼稚園に関して少し補足させていただきます。

幼稚園のほうでもＩＣＴということで機器を導入しておりまして、実は、この夏に、ルクミーを使えるようにしているんですけれども、その端末にグーグル翻訳のアプリをインストールさせていただきまして、そういったところで外国語の対応がしっかりできるようにということで行っているところでございます。

以上でございます。",2025,2025/10/06,決算特別委員会,理事者
,令和7年　決算特別委員会(第7日　10月6日),田中学校施設課長,小坂和輝,"私のほうから、城東小学校の管理費と修繕積立金についてお話しさせていただきます。

こちらは令和６年度ベースですけれども、管理費につきましては6,600万円ほどかかっております。修繕積立金については、総会のほうで令和７年度からかかるということで、令和６年度は発生しておりませんが、予算計上でいきますと、令和７年度は2,500万円ほどつけております。

以上になります。",2025,2025/10/06,決算特別委員会,理事者
,令和7年　決算特別委員会(第7日　10月6日),清水学務課長,小坂和輝,"私からは、災害時の学校医の役割に関してお答えをいたします。

私どもで学校医のほうに委嘱している内容は、学校保健安全法施行規則の第22条第１項に記載されている部分になりまして、具体的には、学校保健計画や学校安全計画の立案に参与することですとか、学校の環境衛生の維持や改善に関して必要な指導や助言を行うということなど、あとは感染症の予防に関する指導や助言を行う、そういった内容に関して委嘱をしているものでございます。それに関して、災害時の役割として委嘱をしている内容ではないところです。

以上でございます。",2025,2025/10/06,決算特別委員会,理事者
,令和7年　決算特別委員会(第7日　10月6日),古賀庶務課長,小坂和輝,"私からは、教育委員会の傍聴者のタブレットの関係でお答えいたします。

まず、教育委員会におきましては、本年の12月から、定例会のほうですけれども、タブレットを導入しまして、今年度中は試行期間として、現在、ペーパーを用意しながら会議を進めていくと。その中で、運用上の課題ですとか、改善事項があれば、その辺を見直した上で、４月からの本格導入を予定しているところでございます。

傍聴への対応でございますけれども、タブレットの利用というところでいうと、利点としてはペーパーレスが促進されるというようなことが一般的にはあるとは思うんですが、一方で、タブレットの操作というところでは、日常的にデバイスあるいはアプリケーションを使っている方であれば、資料の閲覧とかもできると思うんですけれども、そういったことの傍聴者への対応というところでの課題もあると思います。その点についての改善策ですとか、他団体のいい先例があるようであれば、そういったことも研究していきたいというふうに思っております。

それから、資料のウェブでの公開のことをおっしゃっているのだと思うんですけれども、こちらについては、昨年11月から、定例会の資料についてはウェブ公開をしております。非公開事案を除きまして、審議、報告された内容につきましては、区議会への報告後に公開していくという考えでございます。

それから、非公開審議であります予算案の審議の議事資料についてですけれども、こちらは委員御案内のとおり、基本、教育委員会の会議は公開でなされているものですが、特定の議題、例えば個人情報ですとか、特定利害といったものについては、非公開で実施することができるというふうに法の中でも定められているところでございます。例えば、人事案件ですとか、個人情報が含まれるような内容が想定されますけれども、その中の一つとして内部協議に当たるようなもの、例えば意思の形成過程の中にあるもの、今回でいいますと予算案の審議というところが該当しますが、こちらについても非公開の審議ができるというようなことがあります。

こちらについては、予算案の公表後、先般の予算特別委員会でも御説明した取扱いについては、現在、変更の予定はございませんけれども、委員会としての説明責任ですとか、透明性というところは大事でございます。ただ、一方で、法の中で非公開審議を認めている趣旨もございますので、そういったところのバランスにも留意しながら、他団体の状況も勘案しながら、適切に対応していきたいと思っております。

以上でございます。",2025,2025/10/06,決算特別委員会,理事者
,令和7年　決算特別委員会(第7日　10月6日),清水学務課長,永井佳代,"弁当給食の全般に関しての御質問でございますが、令和６年度から開始で、先ほども答弁を申し上げたところと多少重なるんですけれども、本当に多くの方に御利用いただいているところでございます。課題とか工夫というお話をいただきましたけれども、弁当給食の注文に当たって、親子で確認をしながら、メニューを見ながらインターネットで注文するということで、その過程が親子で食について話題にする機会になったりということで、そういったところでも意義があるものなのかなというふうに考えております。

令和６年度、実績としては全体で12万6,560人、これは延べの人数ですけれども、御利用いただきました。実は、申込みの際に、申込み期間が少し短い期間の中で翌月分を頼んでくださいというような形になっているんですけれども、工夫としましては、登録者に、いつから注文ですよというところをメールで送ったりとか、あとは終了日も今日で締切りですよというようなお知らせをしっかりするとともに、実は、注文誤りが年度始めに結構ありました。例えば、園自体の選択を間違えてしまったりとか、クラスを間違えてしまったりですとか、アレルギー食の注文などを間違えてしまうようなケースが、特に年度当初多いというところでございますので、注文誤りがないかどうか、区ですとか、弁当事業者、また園で丁寧にリストでチェックをして、また、周知をするようなことも行っているところでございます。

メニューに関してですけれども、今年度またアンケートを保護者の方に行った中で、事業者のほうにはアンケート結果なども踏まえて意見を伝えているんですけれども、例えば季節のメニューを取り入れてほしいとか、あとはお弁当の量に関して、足りないとか、食べ切れないとか、いろいろな御意見がございます。そういったところをしっかり伝えながら実施しているところでございまして、ほとんどの方に今後も利用を続けたいと御回答いただいたのと、お子さん自身にも弁当給食に関しての感想を聞くような項目があります。とてもおいしい、おいしいというお声も、お子さんの中では合わせて70％という形になっております。なので、今後も安心しておいしく御利用いただけるように取り組んでいきたいというふうに考えております。

以上でございます。",2025,2025/10/06,決算特別委員会,理事者
,令和7年　決算特別委員会(第7日　10月6日),清水学務課長,永井佳代,"弁当給食を通じた食育という部分などですけれども、先ほども少し答弁を申し上げましたが、親子で弁当給食を通じて家の中とかで話題にする機会になるということもありますけれども、実は、先ほどのアンケートの中でも、お友達と同じものを食べる楽しみですとか、御家庭ですと苦手なものを残してしまうようなことがあっても、弁当給食だとチャレンジしてくれるとか、偏食が改善されて小学校の給食への不安もなくなったというようなお声もいただいているところでございます。弁当給食の中でというところであると、なかなか取り組み切れない部分もあるんですけれども、ただ、受託業者の栄養士が、家庭ではあまり食べないような食材とか、メニューとかも献立に載せてくださっていまして、最初は食べられなかった食材も少しずつ食べられるようになったといったような声もいただいているところでございます。

食育に関しましては、弁当給食を通じてだけではなくて、例えば各園のほうでカレーパーティーなどを行ったりとか、あとは園の畑で栽培した野菜をおみそ汁にしたりとか、行事食とか、そういったところも含めて食育に関する取組も行われております。あと、栄養バランスに関しましても、弁当給食の中では、幼児に必要な栄養を摂取することができるように、小児の食事摂取基準を踏まえて、カロリーですとか、バランスを決めているというところで、例えば赤と黄色と緑の３色、体をつくるものだとか、熱や力になるもの、体調を整えるもの、そういった３色をそろえて、バランスを考えた献立になっているというところで、そういった３色のことも献立表に記入していますので、そういったものを見ながら、御家庭でも食育という観点で取組につながっていくものと考えております。

また、先ほどアレルギーに関してもお話しいただいていましたけれども、アレルギーの対応の弁当も、卵と乳と乳製品を除去したものを選べるようになっておりますので、そういったところと、園のほうでもしっかりと学校のアレルギー疾患に対する取組のガイドラインに基づいて対応はしているんですが、そういった対応ですとか、あとは保護者が弁当給食を希望するときに、献立表とか成分表を十分に確認して注文するようにということで、保護者の方にもお願いをしているところでございます。

いずれにしても、今回、弁当給食を開始したところになりますので、しっかりと食に対しての教育的な部分にも寄与できるような形で取組を進めていきたいというふうに考えております。

以上でございます。",2025,2025/10/06,決算特別委員会,理事者
,令和7年　決算特別委員会(第7日　10月6日),清水学務課長,永井佳代,"初めに、弁当給食の成果の部分でございます。

指標という形で何か数値を設定しているということではないですけれども、先ほどの弁当給食に関してのアンケートの結果などから、お子さん方の変化、また御家庭での変化、そういったところの取組状況をしっかりと把握していきたいと考えております。

次に、預かり保育の実績に関してでございますけれども、令和６年度、全部で242日で延べ４万790人の利用となりました。利用率としては、既存のもともと預かり保育をやっていた園と、新規で預かりを始めた園とで少し利用率が異なっていまして、今まで預かりをやっていた園だと63.8％の利用率、また新規で始まった園に関しては44.4％と、少し数が異なっているところでございます。

１人当たりの平均利用日数というところに関しましては、すみません。１人当たりで出した資料が手元にないので、お答えすることができないですけれども、ただ、今回、園によってばらつきはあるものの、昨年と比較して少し利用者数も増えているというところで、今後もしっかりと取組を進めていきたいというふうに考えます。

以上でございます。",2025,2025/10/06,決算特別委員会,理事者
,令和7年　決算特別委員会(第7日　10月6日),清水学務課長,永井佳代,"今回、定員に対して、たくさんお申し込みいただくようなケースがございます。先ほども答弁申し上げたところにはなりますけれども、事由を問わずということで、どなたでも御利用いただける制度になっておりますので、そういう意味では、何か優先順位をつけてということではなく、本当に公平な抽せんという形で決めております。

以上でございます。",2025,2025/10/06,決算特別委員会,理事者
,令和7年　決算特別委員会(第7日　10月6日),清水学務課長,永井佳代,"預かり保育の考え方に関しましては、今回、保護者の例えば就労ですとか、通院、介護、そういった事由ではなくて、一時的な休息なども含めまして、園児が通い慣れた幼稚園から移動することなく預かり保育を受けることができて、区立幼稚園がより利用しやすくなることを目的としていまして、抽せんのお話もありましたけれども、保育所等の施設の機能的な重複がない形で、要は、全て幼稚園の預かり保育、一時的なお預かり、申込みが多ければ抽せんによるといったものになっております。基本的に、おっしゃっていただいた幼児教育に必要な部分というのは、幼稚園の教育時間の中でカバーするというところで、預かり保育に関しましては、学年の枠を超えて楽しめる時間として設定をしていくといった考えになっております。

以上でございます。",2025,2025/10/06,決算特別委員会,理事者
,令和7年　決算特別委員会(第7日　10月6日),清水学務課長,永井佳代,"申し訳ございません。先ほど答弁が漏れました預かり保育の令和６年度の実績、１日１園当たりのところをお答え申し上げます。

先ほど少し申し上げました、既存で３園、先にやっていた園に関しましては１日当たり約19人、新規で始めました10園に関しては１日当たり11人程度ということでございます。

以上でございます。",2025,2025/10/06,決算特別委員会,理事者
,令和7年　決算特別委員会(第7日　10月6日),清水学務課長,田中広一,"私からは、幼稚園の預かり保育についてでございます。

もともと幼稚園は、御紹介いただいたように、いろいろ検討していく中で、区立幼稚園しかないという本区の状況からして、やはり幼稚園の重要性は高いというところでございまして、近隣区の私立幼稚園とかでも預かり保育ですとか弁当給食をオプションとしてということで、そういったところに魅力を感じる保護者が一定数いて、保護者の選択をしていただく俎上にというところもあって、全園で実施ということで、御紹介いただきましたように、本当に職員もいろいろ丁寧に努力をして実現にこぎ着けたところでございます。

今、幼稚園での教育活動の内容を預かり保育の事業者としっかり共有した上で、例えば教育活動とあえて重ならないように遊びを工夫して行っていたりですとか、お迎え時間に関しても、それぞれの園長がいろいろ協力してくれていたりとか、そういったところでうまく連携を図りながら、幼稚園の部分と預かり保育の部分の連携を図りながら取り組んでいるところでございまして、実は、預かり保育の時間を異年齢で過ごすことによって、幼稚園での異年齢交流にもとてもよい影響が出ているということで、園児のみならず、保護者も学年を超えて交流ができているということで、幼稚園の先生方からも感想として伺っているところでございます。先ほど来答弁を申し上げていますアンケートの中でも、お子さんの感想として、８割以上のお子さんに預かり保育はとても楽しいとというふうに答えていただいていますので、幼稚園の魅力をより高められるように、また、より利用しやすいものとなるように園と協力をしながら取り組んでいきたいと考えているところでございます。

以上でございます。",2025,2025/10/06,決算特別委員会,理事者
,令和7年　決算特別委員会(第7日　10月6日),植木図書文化財課長,田中広一,"私からは、子ども読書活動推進計画の関係で答弁させていただきます。

子ども読書活動推進計画につきましては、子供たちの発達段階に応じた読書習慣の形成を目指しているところです。基本的に、学校であるとか、図書館、それから保育園等で、場面場面での事業展開ということで分類されているところでありますが、小学校等での読書活動の推進、こちらでの進展を踏まえて、中学校以降、また成人に向けて、図書館を受皿としまして、各事業展開、読書の推進を進めてまいりたいと考えてございます。

以上です。",2025,2025/10/06,決算特別委員会,理事者
,令和7年　決算特別委員会(第7日　10月6日),田中学校施設課長,田中広一,"銀座中学校、日本橋中学校の改修による図書室でございますが、銀座中学校におきましては、今まで行きにくかった場所にあるということだったんですけれども、今回の改修によって場所が変わる予定となっております。続いて、日本橋中学校につきましては、今、設計が終わりまして、いろいろと校長先生にも要望等をお聞きしているところですけれども、隅田川に面した広がりのある空間というところで、図書室を配置しますので、気持ちよく本が読めるということで、スペース型、部屋として、スペースとして、図書室に誰でも行けるような形で整備しているところでございます。

浜町校舎の説明会につきましても、先日、実施させていただいたんですけれども、保護者、地域住民の方からいろいろな要望をお聞きしまして、不安を取り除いて、いろいろな質問に回答させていただいたんですけれども、誠心誠意対応させていただきました。今後もいろいろなことが起きるかもしれませんが、引き続き日本橋中学校の改修については、実施していきたいと思っております。

以上でございます。",2025,2025/10/06,決算特別委員会,理事者
,令和7年　決算特別委員会(第7日　10月6日),清水学務課長,奥村暁子,"教育に係る負担の部分に関してでございます。

御紹介いただきましたように、やはり個人所有になるもの、学用品や標準服など、個人所有になるものに関しては受益者負担が原則というところではございますけれども、今般、標準服のリユース事業なども実施されている中で、やはり環境負荷の観点での取組も進んでいるところでございます。

以上でございます。",2025,2025/10/06,決算特別委員会,理事者
,令和7年　決算特別委員会(第7日　10月6日),清水学務課長,奥村暁子,"ほかの区でいろいろ学用品の無償化についての動きがあるということは承知しているところでございます。本区も、これまで卒業アルバムの作成費とかの補助をしていく中で、公立学校の付近の状況の中でも東京都内の平均と比べても負担としては中央区のほうが低いというところもございます。また、本区は学校給食の無償化もいち早く取り組んだというところがございますので、他区の状況などを研究しながら、今後も過度の保護者負担が生じることのないようにという観点で十分配慮はしていくという考えでございます。

以上でございます。",2025,2025/10/06,決算特別委員会,理事者
,令和7年　決算特別委員会(第7日　10月6日),清水学務課長,奥村暁子,"リユースの促進の観点でという部分ですけれども、所管ではないですが、先ほど御紹介した標準服のリユース事業の中では、今年度から取り扱う品目も増えたということを認識しているところでございます。リユースとか、そういった観点は非常に重要でございますので、先ほど御紹介いただいたような他区の事例などを研究しながら、大切なところを把握しながら研究はしていきたいと考えております。

私からは以上です。",2025,2025/10/06,決算特別委員会,理事者
,令和7年　決算特別委員会(第7日　10月6日),植木図書文化財課長,奥村暁子,"初めに、月島図書館、日本橋図書館の入館者数等の横ばい、減少等についてですけれども、６年度の入館者数の増減でいきますと、日本橋図書館については、５年度から２％程度の増ということで36万人、月島については、前年度12％減で30万5,000人ということになっております。ただ、月島図書館については、晴海図書館が７月開設で20万人程度増えているところですので、この辺との違いによるものと考えております。

それから、世田谷区での取組につきましては、既存の施設の中に場所を置くという部分で経費面の削減がされていると。世田谷区においては、そのような状況でございます。中央区について、どのような形で対応できるかについては、引き続き研究してまいりたいと考えております。

以上です。",2025,2025/10/06,決算特別委員会,理事者
,令和7年　決算特別委員会(第7日　10月6日),清水学務課長,しらす夏,"本区においては標準服を導入しているという部分ですけれども、標準服に関しては、教育委員会が何か指導して決めているというものではなくて、学校や地域が主体となりまして関係者で意見を交わしながら、導入の有無ですとか、どういったものにするか検討して導入されていっているものだという認識でございます。ですので、標準服にどういう意義を持たせるといいますか、どういう意義かというところに関して、教育委員会で何か統一的な見解を示しているものではないという認識でございます。

以上でございます。",2025,2025/10/06,決算特別委員会,理事者
,令和7年　決算特別委員会(第7日　10月6日),田中学校施設課長,川畑善智,"まず、銀座中学校のほうですけれども、こちらは大規模改修工事ということで、かなり久々にやっている工事になります。まず、設備系統の全面更新ですとか、エレベーターを今回新規で設置させていただいております。あと、プールの改修を行っております。また、体育館地下フロアの特別改修も行っております。

続いて、久松小学校のほうですけれども、こちらは幼稚園部分の小学校化改修工事ということで、普通教室を６室増室しているところです。あと、トイレですとか、空調機ですとか、環境も暑くなっておりますので、環境に適した教育を保てるような改修工事をしているところです。

以上になります。",2025,2025/10/06,決算特別委員会,理事者
,令和7年　決算特別委員会(第7日　10月6日),田中学校施設課長,川畑善智,"やはり建物は、省エネルギーとかの改修工事が必要になってくるかと思います。今、委員がおっしゃっていたＺＥＢ化というところでいきますと、晴海西小学校の第二校舎ですとか、日本橋中学校でＺＥＢ化を取り入れた設計をしているところです。日本橋中学校につきましては、太陽光発電設備というところで、ＺＥＢではないですけれども、既にＺＥＢＲｅａｄｙで認証を取得したと、先日、報告が入っております。

以上になります。",2025,2025/10/06,決算特別委員会,理事者
,令和7年　決算特別委員会(第7日　10月6日),古賀庶務課長,川畑善智,"晴海西小・中学校の児童・生徒数の推計と教室の関係です。

こちらは一般質問などでも御質問いただきましたけれども、１万2,000人規模の人口増加が見込まれる中で、中学校は１校分、それから小学校については２校分という施設規模で見込んでおりました。建設を判断する時期については、当初は令和５年度に小学校１校と中学校１校でしたけれども、その後の小学校１校分については、人口の流入状況などの動向を見て検討をしていたわけです。当時、コロナ禍でした。その中で、人の動きですとか、当時は東京都から人が出ていくというような状況もありましたので、そういった中で、第二校舎につきましては、その判断時期がなかなか判断しづらかった中で、委員御指摘のとおり、令和12年度だったものを、昨年度、令和11年に開設時期を早めるという対応をさせていただきました。

あわせて、子供の増え方につきましては、今回、仮設増築棟を設置するということで対応させていただいています。これについては、これまでの区の人口推計、生徒数推計は、過去の実績、趨勢に基づいて将来を投影するような形で推定していますので、晴海地区の開発規模、それから人口の増え方がこれまでに経験のない規模のまち、それから子供の流入の仕方、人口の増え方で、臨時の対応をするような結果に至ったと認識しているところでございます。

以上でございます。",2025,2025/10/06,決算特別委員会,理事者
,令和7年　決算特別委員会(第7日　10月6日),田中学校施設課長,川畑善智,"こちらは、保護者向けと住民向けの説明会を行いました。両方とも２回ずつ行ったんですけれども、まず保護者向けに関しては合計62名、住民向けに関しては合計14名参加しております。その主な意見というところでは、保護者、住民それぞれに特徴があると思ったんですけれども、例えば保護者に関しましては、学校運営の不安というところで、例えば部活ですとか、体育ですとか、そういったことをどこでやるんだという意見がかなりあったところでございます。住民からの意見ですけれども、浜町公園に建てている校舎ですので、浜町校舎を使い終わった後の計画はどうなっているんだというところもございました。そういったところは、関係部署の主管課長にも協力してもらいまして、先ほども述べましたとおり、誠心誠意回答させていただいたところでございます。

以上でございます。",2025,2025/10/06,決算特別委員会,理事者
,令和7年　決算特別委員会(第7日　10月6日),古賀庶務課長,川畑善智,"資料293の数値に関してですけれども、先ほども申し上げたとおり、児童・生徒数推計というのは過去の実績に基づいているところがありまして、その時点では推計、推測できないような社会環境の変化ですとか、人口の動き方だとか、教育環境でいいますと保護者の方の教育観というところも含めて、不確実性を多分に含んでいるものでございます。現状は最新のデータに基づいて推計しているところでございますけれども、改築を判断した時期の状況としましては、今の状況が明確に把握できないという状況はあったんだろうと思います。その時点でのデータを用いて推計をしていたことになりますので、乖離というか、現実としては、今、数字としては違ったものもありますけれども、そういったものが起きたときに、この後、どうやって対応するのかというところでいいますと、建物を造ることに関しては、あらかじめ一定程度の時間が必要になってきますので、そういったところとのバランス、スケジュール等のバランス、判断の時期を的確に判断していくことが必要だと思っております。

以上でございます。",2025,2025/10/06,決算特別委員会,理事者
,令和7年　決算特別委員会(第7日　10月6日),野末財政課長,竹内幸美,"今後の区債の償還のピークでございます。

まず、令和６年度の決算状況を見ますと、今の区債の償還経費については18億円ということで、前年度と比べましても2.5億円、率にして23.6％の増となっているところでございます。また、委員御案内のとおり、晴海地区の公共施設の竣工を迎えまして、これまで発行した区債の償還が始まるということから、今後の償還経費につきましては、約20億円から40億円強で推移すると見込んでございます。委員から御質問のありましたピークというのは、現時点では令和12年が44億円という形で見えているところでございます。ただ、今後、晴海西小学校の第二校舎とか、また日本橋中学校の改築といったものの区債を発行した場合には、資金の調達の仕方によっても、ピークは多少変わってくるのかなというふうに考えてございます。

以上でございます。",2025,2025/10/06,決算特別委員会,理事者
,令和7年　決算特別委員会(第7日　10月6日),野末財政課長,竹内幸美,"資金の優先順位でございます。

資金につきましては、大きく公的資金と民間資金に大別されておりまして、まず公的資金については、委員御案内のありました政府系の財政融資資金、あと地方公共団体の金融機関がございます。あともう一つが民間資金ですけれども、そちらは、今、委員から御案内のありました縁故債というのが銀行からの引受債ということでございます。そのほかにも、東京都区市町村振興協会や東京都区市町村振興基金などが民間資金に分類されているところでございます。令和６年度末の借入れ残高の割合といたしましては、公的資金が約７割、民間資金が約３割といった割合となってございます。

借入れ先の考え方ですけれども、まず財政負担の平準化とか、負担の公平性の観点から、なるべく長期間借入れが可能な資金から、金利なども踏まえながら借入れ先を選択してございます。そういった考え方から、おおむね25年の長期間借りることのできます公的資金、政府系の財政融資資金から借りた上で、残りについては銀行などの民間資金から資金を調達している状況でございます。また、昨今では銀行からの借入れ期間が基本10年間という形、10年後に一括償還という形になっておりますので、それに備えまして、毎年、減債基金のほうに積立てを行いまして、10年後に一括償還できる準備をしております。さらに、晴海地区の施設整備といった今後の償還費用の増も見据えまして、銀行の借入れも10年後に借換えをすることを前提に、20年間で償還するように財政負担の平準化を図る工夫も併せて行っているところでございます。

以上でございます。",2025,2025/10/06,決算特別委員会,理事者
,令和7年　決算特別委員会(第7日　10月6日),野末財政課長,竹内幸美,"まず、基金の利子の要因でございますけれども、委員御案内のとおり、令和６年度については、前年度と比較しますと8,500万円の増、率にして245％、約3.5倍の増となったところでございます。こちらの運用につきましては、会計室にはなりますけれども、基金の財源を活用して積極的な運用を行ったことにより生み出された運用益をそれぞれの基金に積立てを行ったという理由でございます。

以上でございます。",2025,2025/10/06,決算特別委員会,理事者
,令和7年　決算特別委員会(第7日　10月6日),野末財政課長,竹内幸美,"住民参加型市場公募債の御提案でございます。

こちらの市場公募債につきましては、平成18年度と19年、委員御案内のとおり子ども家庭支援センターの複合施設の整備の際に活用させていただきました。そして、こちらにつきましては、メリットの部分といたしましては、区民の方の行政や財源に対する意識の高揚を含めまして、そういったメリットはあると認識しているところでございます。ただ、その一方で、デメリットもございまして、住民の方に魅力的に思っていただけるような債権というのは、やはり長期での借入れというのはなかなか難しいという状況がございます。かつて平成18年、19年の際も、たしか５年償還で対応したところでございます。今の本区の状況を鑑みますと、先ほども御紹介いたしましたとおり、日本橋中学校の改築とか、晴海西小学校の第二校舎の整備がまだ控えておりまして、また、これまでの学校の改築とか、晴海地区の公共施設の整備など、多くの区債発行をしております。そういった今後の償還経費も増加している状況ですので、どちらかというと、今、負担の平準化というのが本区の中では大きな課題だというふうに感じているところでございます。そうした観点からいきますと、この時期に市場公募債というのは、本区を取り巻く財政環境を考えますと、ハードルがちょっと高いのかなと感じているところでございます。

ただ、様々なメリットの面はございます。また、先行の、委員に御紹介いただきました世田谷区の事例もございますので、そういったメリットの部分も含めまして、研究のほうはさせていただきたいと思います。

以上でございます。",2025,2025/10/06,決算特別委員会,理事者
,令和7年　決算特別委員会(第8日　10月7日),野末財政課長,永井佳代,"基金の設置の目的でございます。

まず、基金の分類方法ですけれども、幾つかございまして、大別いたしますと、主要４基金と特定目的基金でございます。まず、主要４基金というのは、施設整備基金や教育施設整備基金、財政調整基金、減災基金、この４基金を指しますけれども、こちらについては、例えば経済の変動による財源不足や、災害や感染症など突発的に発生する経費、施設の新設や改築、大規模改修などの各種将来需要に備えるため、これまで収入の上振れとか、臨時的な歳入、効率的な執行による収支改善などにより生じました剰余金を財源に、基金に積立てを行っているところでございます。

また、地方自治体の財政に関しましては、住民税や、事業所税というか、東京都を通じて財調交付金という形で歳入ということもございまして、景気の変動を受けやすい税収があるという面がございます。一方、景気が悪くなったときには、これまでのコロナ対策でもそうでしたけれども、行政需要がさらに増えるという側面もございます。収入が減ったからといって行政サービスを減らすということもなかなか現実問題、難しいという状況でございます。逆に、こうした時期にこそ積極的な財政出動が求められる傾向がございます。そうしたときの備えといたしまして基金として積み立てておきまして、将来の収入源、あるいは景気の悪化、コロナや物価高騰対策のような突発的な行政需要に対して安定的かつ継続的に対応できるように設置しているところでございます。

あと、施設につきましては、一時的なコストが大きく生じることがございます。その年の収入だけで賄おうとすると、ほかの行政サービスにも影響が生じてしまいますので、こうした過去からの基金あるいは区債なども活用いたしまして平準化する中で、行政サービスを安定的に行っていくというのが大きな役割と認識してございます。

あと、もう一つの特定目的基金でございますけれども、まちづくり支援基金や平和基金、森とみどりの基金など、現在８基金ございます。こちらの基金につきましては、主要４基金と違いまして、財源がないからここから取り崩すというよりは、区としてまちづくりとか平和、環境施策といった施策を安定的にやっていくための財源として確保していくということでございます。また、こういう施策をやっていくんだという一つのアピールという視点で、これからもこの基金を設置しているという趣旨でございます。

以上でございます。",2025,2025/10/07,決算特別委員会,理事者
,令和7年　決算特別委員会(第8日　10月7日),野末財政課長,永井佳代,"基金の積立て、取崩しの考え方についてでございます。

まず、施設整備基金と教育施設整備基金の積立てにつきましては、将来の施設整備や施設改修などの施設需要に備えるための基金ですので、積立てに当たっての一つの指標といたしましては、将来の施設更新需要に対して、その財源の一つである基金がどの程度あるかを示す指標がございます。それは基金対減価償却比率でございますけれども、そちらを参考にしながら積立てを行ってございます。現時点で施設整備基金が教育施設整備基金と比べますと、今後の更新需要に比べると手薄だという状況で、収支改善に伴う剰余金については、主に施設整備基金を重点的に積み立てている状況でございます。そのほか、市街地再開発事業に伴う開発協力金のうち、住宅系の開発に伴う協力金の５割を教育施設整備基金に積立てを行っております。

また、取崩しにつきましては、公共施設や学校施設の新築や改築、大規模改修の際に、一時的な財政負担に対応するため、基金の財源を活用しているところでございます。

あと、財政調整基金につきましては、積立ての考え方といたしましては、前年度の剰余金の２分の１以上を積み立てるというのが法で定められておりますので、その法定積立てをするほか、過去に立て替えた財調の立替分についても積戻しを行っております。

取崩しにつきましては、年度ごとの収支の不均衡や、経済の変動による減収、災害など、やむを得ない経費などの不測の事態に備えるための財源といたしまして、年度間で財源不足が生じた際に、その調整源として財政基金から取崩しを行っております。

以上でございます。",2025,2025/10/07,決算特別委員会,理事者
,令和7年　決算特別委員会(第8日　10月7日),野末財政課長,永井佳代,"未来への備えと現在の課題への対応とのバランスですけれども、人口増などに伴いまして拡大する行政需要への対応や、物価高騰による行政コストの上昇など、当初予算を編成する際には基金からの財源不足の補塡を見込まないと予算が組めないという状況が今続いてございます。こうした中にあっても、委員から御案内いただきました物価高騰への対応や子育て世帯の負担軽減など、そういった施策も毎年毎年当初予算あるいは補正予算の中でも新規・充実を図っておりまして、必要な施策については予算措置を行っているという状況でございます。その上で、効率的な執行や歳入確保を図りながら収支改善に努めており、そこから生じた剰余金を将来の備えとして基金に積立てを行っているというのが実態でございます。

基金については、未来への備えという意味合いも当然含まれておりますけれども、昨今の状況を考えますと、未来だけでなく現在においても既に基金を活用している状況ですので、将来の備えとして一定の基金残高を確保しながらも、引き続き安定した行政サービスを提供し続けられるように、こうした基金を活用していきたいと考えてございます。

以上でございます。",2025,2025/10/07,決算特別委員会,理事者
,令和7年　決算特別委員会(第8日　10月7日),野末財政課長,永井佳代,"基金の管理のガバナンス体制と透明性の確保についてでございます。

基金の管理につきましては、毎年の収支や将来需要に備えるため、当初予算や補正予算の編成の中で、基金の積立て、取崩し額を庁内で決定しているところでございます。あくまで基金につきましては、区の施策を展開するための年度ごとの財政負担の平準化を図ることを主たる目的としているため、引き続き企画部を中心に予算編成の中において基金管理を行い、運用につきましては会計室とも連携を図りながら対応していきたいと考えてございます。

あと、透明性の確保についてですけれども、基金の積立て、取崩しについては、必ず当初予算あるいは補正予算の中で予算を計上しておりまして、予算や決算のタイミングで御審議をいただいてございます。また、区民の方に対しては、年２回の財政公表において、上半期、下半期の基金の状況や、当初予算のプレス資料のほか、財政白書においては基金残高の状況や今後の見通し、過去５年間の推移などをポイントを絞って掲載してございます。引き続きこうした取組を続けながら、透明性の確保を図ってまいりたいと考えております。

以上です。",2025,2025/10/07,決算特別委員会,理事者
,令和7年　決算特別委員会(第8日　10月7日),河内介護保険課長,小坂和輝,"認知症施策についてお答えします。

まず、地域がどうあればよいかということですけれども、これは、認知症のことを地域のみんなが正しく理解して、互いに認知症の方、その家族の方を支え合うという地域が認知症に優しいまちと考えております。ですので、認知症の知識であったり、お互いに支え合うような方を一人でも多く増やしていきたいと区としては考えております。

２点目として、最後は自宅で死にたいということを希望する方もいらっしゃるということで、家族に迷惑をかけたくないなということで施設に入られるような方もいらっしゃると思いますが、もしそれをかなえるということであれば、医療、介護の連携が最も大事だと思います。考えると、昔は自宅で亡くなる方が多かったということで、だんだんと最後は病院で亡くなる方が増えてきているという中で、また今、数値としては若干、最後は在宅で亡くなる方も増えたというデータもありますけれども、最後に在宅で生活するために、急変であったり、急に体調が変わったときに入院ができて、受け入れて、また退院ができて、介護のサービスを使いながら御家族の負担を減らしながら生活していく。ただ、最後に亡くなるときには、例えば訪問の医師等が見守って最期を迎えるといったところで、絶えずその連携が欠かせないということで、その連携が最も課題であり、重要なことだと考えております。

また、多世代交流につきましては、我々としても重要なことだと思っておりまして、ちょっと教育の分野にもなりますけれども、教育では、例えば授業の中で職場体験といったところで、早いうちからそういった介護の仕事を体験したりとか、令和６年でいいますと、我々としても認知症を早いうちから知っていただきたいということで、小学生向けに認知症サポーター養成講座を授業の中で取り入れていただいて、令和７年度については中学校にもそれを拡大したいということで、今、学校とも調整をしているというところです。それ以外にも、コロナの影響で一時期そういった交流もなかなか難しいところもありましたが、今はまたそれも明けて、施設との交流であったり、そういった高齢者と他世代との交流ということは引き続き取り組んでいきたいと考えております。

以上です。",2025,2025/10/07,決算特別委員会,理事者
,令和7年　決算特別委員会(第8日　10月7日),河内介護保険課長,小坂和輝,"まず、認知症サポーター養成講座の現状でございますけれども、令和６年度の実績で言いますと、開催回数が１年間で42回、参加された方が969人ということで、令和５年と比較すると、回数としては10回、人数は1,171人からちょっと減少という形にはなっておりますが、こちらの減少要因としましては、認知症サポーター養成講座につきましては、主におとしより相談センターの職員が行っておりますが、毎年受講いただいている企業などには、ぜひ企業の中でそういった認知症サポーターを養成できるキャラバンメイトを育成して、社内でそういったサポーターを養成していただくような取組をお願いしていて、そういったことが実を結びまして、令和６年度は社内で認知症サポーターを養成していただけるということで、直接こちらの数字には出てこないんですけれども、地域全体の認知症サポーターは増えていると我々としては捉えております。また、加えて小学校、中学校ということで、その対象者も拡大をしているということで取り組んでいるところです。

また、急変のときの医療の体制ですけれども、もちろん中央区内には聖路加国際病院ということで入院施設がありまして、そのほか、聖カタリナ病院とか、そういった病院の受入れはありますけれども、もちろん中央区内だけではないので、地域の医療圏という考え方もありますけれども、必要なときには準備をしていないと、なかなか急変して受入れということは難しいところもありますけれども、事前に病院の医療連携室等と連携して、急変時にはという対応を取っておけば十分対応ができていると考えておりますし、我々としても、急変で入院が必要になったということに備えて、医師会の御協力も得ながら、そういった緊急時対応のベッド等も確保しておりますので、そういったものを活用することによって対応は可能と考えておりますし、できていると考えております。

多世代交流ということで、今実施している認知症カフェや通いの場というところが子供との交流の場となるのではないかということですけれども、当然そういった形で、通いの場は高齢者の方の孤立防止といった目的でやっているので、同世代の方たちが集まっているからこそ来てくれるというメリットもあったり、認知症カフェは、決して対象者を絞っているわけではないので、ぜひ誰でも参加してくださいということで、名前は認知症ですけれども、別に認知症でない地域の方でも来ていただけるというところになっているんです。そういったところもありますけれども、そういった形で交流できる場というところでは、引き続き検討していきたいとは考えております。

以上です。",2025,2025/10/07,決算特別委員会,理事者
,令和7年　決算特別委員会(第8日　10月7日),森下保険年金課長,奥村暁子,"まず、お尋ねの２割負担の方の軽減措置が終了したという中で、本区においてその影響を受ける方の数ということでございます。その数字につきましては、令和６年度末の数字として見てまいりますと、２割負担の方が2,906人ほどいらっしゃいます。本区においてはそのような状況でございます。

また、そういった方たちが軽減措置が終わったことによって受診控えになってしまうのではないかというお声でございますが、そちらにつきましては、そもそもこの制度は委員がおっしゃったように令和４年10月から開始されておりまして、その施行を経て３年という期間が経過しております。後期高齢者の医療に関しましては、東京都の広域連合がそういった情報を得ているところでございますので、そちらを確認しているところでございますが、導入当初はそういう御心配のお答えはあったようですが、年々見ていく中では受診控えと言えるほどの状況は起きていないという報告を受けているところでございます。そうは言いながら、今回は軽減措置がなくなるという中でございますので、私どもとしましては、その２割負担の方のお声が今後上がってくる可能性もございますので、そうしたお声に対しては注視してまいりたいと思います。当然、払うものが増えるというお話ですので、家計負担は増えてしまうかと思います。

ただ、私どもとしますと、このそもそもの２割負担の導入というものが、先ほどの委員もおっしゃっておりましたが、令和４年度以降、団塊の世代が75歳以上となり始めておりまして、その中で後期高齢者医療制度の財源がともかく逼迫しておりまして、そうした中で被保険者が、この窓口で御自身が払う負担を除きますと、ほかの医療給付費に当たる部分ですが、約４割については現役世代が負担しております。この現役世代というのは、皆さんが払われる保険料の中で、支援金という形で皆さんがお支払いになっておりますが、国民健康保険で言うと、被保険者が支払う保険料の中の後期高齢者支援金分が当たっております。さらに残りの５割を国と地方の公費で賄っているところでありまして、さらにこの医療費の総額が拡大していく見通しになっているところでございます。

そうした中で、現役世代の負担を抑制するという視点、あともう一つは国民皆保険を未来へつなげていくためという趣旨で行っておりますので、我々としましては、そうした趣旨を丁寧に説明しながら御理解いただきたいと思っております。また、生活負担でやむにやまれず払えないという状況がもし生まれるようであれば、私どもとすると、納付相談を承っておりますので、詳しい事情を丁寧にお聞きしながら、くれぐれも御負担にならないように、丁寧な対応を取ってまいりたいと思っております。

以上でございます。",2025,2025/10/07,決算特別委員会,理事者
,令和7年　決算特別委員会(第8日　10月7日),大久保福祉保健部長,奥村暁子,"ちょっと補足になりますけれども、こういった本人負担の引上げというのは受診控えになるという懸念ということも当然一般的には言われていますけれども、こういった機会を捉えて、健康に関する意識も高めてもらうきっかけになるのかなと思っております。より医療にかからないようにということで、区でも、敬老館とか、通いの場とか、様々な場を設けておりますし、運動する機会も設けております。そうした取組を通じまして、さらに健康に関する意識を高めていただいて、医療にかからないという体制というものもしっかり設けていきたいと考えております。

以上でございます。",2025,2025/10/07,決算特別委員会,理事者
,令和7年　決算特別委員会(第8日　10月7日),大久保福祉保健部長,奥村暁子,"我々としましては、決して世代間の対立をあおるような視点を持っているつもりは全くございません。先ほど、現役世代の負担の抑制というか、軽減を図るということもありましたけれども、それは、若い世代も当然将来は高齢世代、後期高齢になるということで、自分事として将来に備えたという、その制度設計の中で当事者の負担、そして現役の方も将来に備えるための持続可能な保険制度をつくるという観点で、応じた負担をしていただく。そういった考え方で申し上げているのであって、決して世代間の対立をあおるような論点として申し上げたつもりはございませんし、そうした考えは今後も持っていく考えはございません。

以上でございます。",2025,2025/10/07,決算特別委員会,理事者
,令和7年　決算特別委員会(第8日　10月7日),森下保険年金課長,奥村暁子,"私からは、先ほど委員のおっしゃった２割負担の方の２種類の所得の内訳ですけれども、申し訳ありません、あいにく資料を持っておりません。

以上でございます。",2025,2025/10/07,決算特別委員会,理事者
,令和7年　決算特別委員会(第8日　10月7日),森下保険年金課長,川畑善智,"滞納者の方の状況ということでございます。これは、御説明いたしますと、私どもでアプローチをかけて反応していただく方というのが皆さんではないという状況がまずございます。その中で、その状況を御本人が督促等を受けて深刻に受け止められている方でありますと、例えば職を追われて今は無職になってしまったとか、御家族あるいは御自分が病気でとか、そういった状況の中で非常に払うことが難しいといった御意見を伺うことはございます。片や一方、我々が督促しても反応していただけない方もかなり多くいらっしゃいまして、それが滞納者所得の区分で見ると二分されておりまして、非常に高額の所得の方と低所得者の層の方とその両極端に偏っていらっしゃいます。今申し上げたような御事情をおっしゃっていただける方というのは、そういった状況に追われていて、私どもは基本的に、そういった御相談があれば、納付相談をいたしまして、状況を丁寧に伺いながら、何が何でも全額を今払えということではありませんので、生活の状況に合わせてお支払いいただけるようにアプローチをしているところでございます。

以上でございます。",2025,2025/10/07,決算特別委員会,理事者
,令和7年　決算特別委員会(第8日　10月7日),森下保険年金課長,川畑善智,"国民健康保険の制度に関わるお話でございますけれども、基本的にこの健康保険、医療保険というものは、受益と負担の観点というものを大前提に持っております。どうしても医療費水準が上がったり、あるいは加入者の所得水準に応じて算定されるものでございまして、近年の医療の高度化とか高齢化の進行で、委員がおっしゃるように医療費は増大し続けております。また、それに伴って保険料が増えているということでございます。特に国保に関しては、社会保険のほうの適用範囲が広がった関係で、被保険者が国保に残られる方が高齢化されている、また無職の割合も増えているという状況にございますので、我々としてはともかく相互扶助制度というものを持続させていかなければならないということを基本的に考えているんですが、現状のこの制度は一自治体ではとても解決できない段階に来ているものと考えております。

そこで指をくわえているわけではございませんので、我々としては特別区長会を通じて、委員も御指摘なさっていた国庫負担割合の引上げ、また低所得者のさらなる負担軽減、そして子供に係る均等割軽減対象の制限の撤廃、それらを国に要望しているところでございまして、繰入れのお話に関しましては、国保制度というのは、財政運営の責任主体は今、東京都にございます。ですから、東京都を通じて何らかの形で保険料を下げる工夫というのは、今までも言っておりますし、これからも引き続き伝えてまいりたいと思います。

１点付け加えさせていただきます。先ほど委員のおっしゃっていた中央区の保険料の平均が高いというのは、これは基本的に所得が高い層の方がいらっしゃることで引き上げられております。

以上でございます。",2025,2025/10/07,決算特別委員会,理事者
,令和7年　決算特別委員会(第8日　10月7日),平川地域振興課長,木村克一,"晴海地区におけますコミュニティの醸成につきましては、委員からお話がありました晴海連合町会、既存の町会と新たに立ち上がりましたＨＡＲＵＭＩＦＬＡＧ自治会というものの連携、調和というところが大変重要なものと認識してございます。そうした認識の下、区は晴海のまちびらきに先駆けまして、コミュニティ構想検討会議という形で、既存の町会を母体とします方々と、晴海のまちびらき後のコミュニティの在り方についても様々協議していたところでございます。そうした中で、はるみらいの開設にたどり着きまして、その中でもこれまでお住まいであった方と新たにお住まいの方といったコミュニティをどう調和、発展させていくかというところが最大のテーマだったと回想するところでございます。

また、まちびらき後のところでは、この決算特別委員会の中でもいろいろお話しさせていただきましたが、はるみらいがどう活用されていくかというところの観点と、既存の町会と新たな町会、今は自治会でございますけれども、その連携が進むかといったところは非常にキーとなる部分だったと思ってございます。

そうした中で、区の考え方というところでございますけれども、既存の連合町会は、これまでの晴海の地区の歴史、また、例えば子供のことでもそうですけれども、連合町会の盆踊りがされている状況などを見ますと、子供・子育て、またひいてはそれが子育てしやすい環境であるとか、安全・安心な防犯の面、防災の面といったところでも大きく寄与しているものと認識してございます。

そうした中で、新たな住民、ＨＡＲＵＭＩ　ＦＬＡＧにお住まいの方も、そうした面での意識というのは非常に高いと認識してございます。特に防犯とか防災といったところの意識は非常に高いと認識してございます。その部分を、これまで地域を牽引されていた方々と一緒に、例えば防災訓練等の様子とか、それぞれの盆踊りを行き来しているところ、また住吉神社、佃のお祭りのおみこしの関係とか、そういったところを拝見していますと、着実にそういった連携といいますか、調和が進んでいるものと認識してございますので、こうした動きを地域の拠点でありますはるみらいの運営、また晴海まつりというイベントを通じて、この連携、発展を支援していきたいと考えてございます。

以上でございます。",2025,2025/10/07,決算特別委員会,理事者
,令和7年　決算特別委員会(第8日　10月7日),三留環境土木部長,木村克一,"晴海のまちづくりからまちびらきに向けての交通環境の取組ということだと思います。昨年１月の一般住棟の入居開始以来、まちびらきを経まして、現在タワー等の入居が開始されているような状況でございます。それに対しまして、まちづくりの前から交通環境の準備をしてまいりまして、委員御案内のように、江戸バスのルート変更、それから都バスの拡充、東京ＢＲＴの選手村ルートの開設、また晴海五丁目ターミナルの開設といったものを順次行いまして交通環境を整えてきたつもりではございますけれども、現状、まだ十分な対策が取られていないというところは認識してございます。

今後も各関係機関に強い要請を働きかけるとともに、今現在、東京ＢＲＴには、東京駅ルートの新設に関しまして、本区も支援策を講じるので対策をお願いするという状況で協議を進めているところでございます。今後そういったものを開設するとともに、将来的な大量輸送機関である地下鉄の早期開業を目指して今後も取り組んでいきたいと思っているところでございます。

以上でございます。",2025,2025/10/07,決算特別委員会,理事者
,令和7年　決算特別委員会(第8日　10月7日),三留環境土木部長,木村克一,"東京ＢＲＴの東京駅ルートに関してでございます。これまでも委員会等で御報告をさせていただきましたけれども、昨年補正予算を取らせていただきまして、応援体制、東京都と東京ＢＲＴに対して支援を行いますよと。煮え切らない東京ルートを早期に開業してもらいたい、開通してもらいたい、こういう思いから現在も働きかけているところでございます。

協定を結びまして、令和７年中に開業したいという思いをこれまでもお伝えしてきたんですが、調整事項が結構ありまして、現在、令和７年度に工事が完了し、運転手の練習等々も含めまして早期に開通させたいというところで、現在取り組んでいるところでございます。いずれにしましても、東京ＢＲＴは、かなり中央区の要請も聞いていただいて、昨年10月、それから本年の９月の増便等も行ってもらっているところでございますので、今後も含めまして積極的に中央区も関わっていきたいと思ってございます。

以上でございます。",2025,2025/10/07,決算特別委員会,理事者
,令和7年　決算特別委員会(第8日　10月7日),生島企画部長,木村克一,"令和６年に晴海というまちに人が住み始めまして、こちらも今8,000人の人が暮らしていらっしゃるということで、現況でも様々、教育環境においては校舎の問題等で御報告させていただいておりますし、また様々な声として寄せられている部分で言えば、交通の問題とか、あと違法性が疑われる民泊の問題とか、週刊誌等の報道等でもお騒がせして御心配をかけているところでございます。

これらにつきましては、地域の皆さんの声をいただきながら、それぞれの所管のほうで個別に様々対応し、議会の委員会等の場でも報告をさせていただいているところでございます。まちびらきをしてから１年半は経過しているわけではございますけれども、まちとしてはまだまだこれから課題の対応をしていかなければならないところもありますし、こういったことへの課題についてしっかり対応していくことが、これからの中央区の未来をつくっていくことにつながるのかなと考えながら取り組んでいるところでございます。

以上です。",2025,2025/10/07,決算特別委員会,理事者
,令和7年　決算特別委員会(第8日　10月7日),濱田区民部長,木村克一,"外国人対応というお話が出てまいりました。ＨＡＲＵＭＩＦＬＡＧは、区内でも外国人率が高いエリアでございまして、20％前後は外国人ということになってございます。ただ、意外と日本語が話せる方が多くて、窓口対応は晴海特別出張所でございますけれども、特に大きな困ったことはないということで、万が一、不慣れな方がおられても、翻訳タブレットなどを通じて、特にトラブルは起きていないといった状況で、これはほかのはるみらいとかの施設も同様でございます。

ただ、当然、様々なトラブルが個別にも私の耳に入ってきております。そういったこともありますので、御案内のとおり、今、外国人の意識調査を行っておりまして、それによって様々な課題を見いだして対応していきたいと考えているところでございます。

それから、晴海まつりという言葉も出てきたと思います。晴海に選手村の跡に１万2,000人という大きなまちびらきということで、都内でもそれほどないようなかなり大きなまちびらきということで、私どもも大きな課題として捉えていたところでございます。そのため、入居する前から、先ほど地域振興課長もお話ししましたけれども、運営協議会、さらに様々な会議体において受入れのおもてなしの準備をしていき、さらにはるみらいをその交流の拠点として整備し、その延長上に晴海まつりをやってコミュニティを醸成していこうと、これはもともとセットというか、そういう予定でございます。

昨年、晴海まつり第１回目を開かせていただきましたけれども、非常に子供から家族連れまで含めて多くの方に御来場いただき、また運営を連合町会ほか各自治会あるいは青少年対策地区委員会にお願いして、運営側にも加わっていただくということで、様々なつながり、交流を見いだしたところでございます。

この晴海まつりは、言ってみればスモールスタートという形で始めさせていただきまして、回を追うごとに少しずつ拡大していくと考えておりまして、今年については、去年ははるみらいだけが会場でしたけれども、晴海ふ頭公園も会場化してエリアを広げていくということで、晴海の交流の進み具合と同時に晴海まつりもそれに向けて拡大していくということで、今後も進めていきたいと考えております。

以上でございます。",2025,2025/10/07,決算特別委員会,理事者
,令和7年　決算特別委員会(第8日　10月7日),野末財政課長,木村克一,"私からは、晴海のまちびらきに当たっての公共施設の整備について、金額の面から説明させていただきます。

まず、晴海西小学校・中学校は、用地取得も含めまして約260億円を超える事業費を投じてございます。

また、公共施設にはほかにも晴海特別出張所の複合施設がございます。特別出張所や保健センター、認定こども園、こちらの用地取得も含めまして、晴海特別出張所の複合施設といたしましては130億円強の事業費を投入してございます。また、晴海地域交流センターはるみらい、こちらは大規模改修にはなりますけれども、こちらも約43億円ほどの事業費を投じているところでございます。この３施設だけでも、晴海特別出張所とはるみらい、晴海西小・中学校を合わせると、約440億円ほどの事業費を投入しておりまして、こちらの財源につきましては、国やこれまで積み立ててきた基金、あと区債の活用、財調も含めまして、財源の捻出をしたところでございます。こういう新しい晴海のまちびらきに向けて、大きく投資を投入してきたという状況でございます。

以上でございます。",2025,2025/10/07,決算特別委員会,理事者
,令和7年　決算特別委員会(第8日　10月7日),平川地域振興課長,木村克一,"晴海まつりの昨年度の実施状況等でございますけれども、委員からも御紹介いただきました12月14日、こちらははるみらいの開設１周年というところも意識した日付でございましたけれども、御紹介いただいたとおり、延べ6,300人と大変多くの方に御来場いただき、様々なプログラムをお楽しみいただいたところでございます。

課題感としましては、まだ、先ほど来のお話にありましたけれども、ＨＡＲＵＭＩ　ＦＬＡＧにどのような方がお住まいであって、どのような方がイベントに来ていただけるのかというところは手探りだったというところ、また意識して地域の方と一緒にこのイベントを行っていきたいというところでのプログラムの設定等を行っていたところでございますけれども、それがどういった反応をしていただけるかというところは、まさに昨年トライアル、試行的な部分は非常にあったかと思ってございます。

そうした中で、はるみらい会場を一つのメインと見立てましてイベントを行ったところでございますが、当日の天気は晴天ではあったんですけれども、時期的には非常に寒いというところで、御紹介いただいたおみこしの担ぎ手の方も寒空の中、はんてんを着ていただいて、非常に御苦労があったということも伺ってございます。

参加者のお声といったところでは、基本的には御満足いただいていて、大きな課題感はなかったということはございますが、幾分、先ほど申し上げました試行的に行った部分もありましたので、そういった反応が非常に不安なところでございました。また、晴海まつりは、先ほど区民部長からも御答弁しましたけれども、ファーストステップ、スモールスタートのところでございますので、この地区の中で拡大していきたいと考えてございます。そうした中で、先ほど6,300人、多くの方というところなんですけれども、まちのポテンシャル、可能性としては、まだまだ多くの方に御来場いただけるだろうと思ってございます。

そうした受け止めとしても、今年度の第２回の晴海まつりにつきましては、はるみらいを会場の中心としながらも、晴海ふ頭公園も半分お借りすることができております。そちらのコーナーでは、地域のスポーツクラブ、サッカークラブの御協力をいただいて、こちらも第１回では町会・自治会というところと青少年対策地区委員会と一緒にやらせていただけたんですけれども、第２回に当たって、これも課題の一つだと思いますけれども、御協力いただける地域の方を増やしていくというのも非常に課題感のところ、それをつなげるために、地域のサッカークラブにも御協力いただいて、晴海ふ頭コーナーで子供たちが伸び伸びと体を動かしていただくコーナーを御担当いただくことになってございます。

今回の２回目では、どういった方が御来場されているかというところを少し、集計といいますか、アンケートを取っていきたいと思ってございます。晴海のところから来ていただいているのか、区としてはこれは月島地域のお祭りとも捉えてございますので、月島のどの辺りからも来ていただけるか、それがアクセスの面での課題があるのかとか、プログラムに御満足いただいているのか、そういったところも連続性の調査を今年度にしていきたいと考えてございます。

以上でございます。",2025,2025/10/07,決算特別委員会,理事者
,令和7年　決算特別委員会(第8日　10月7日),清水学務課長,木村克一,"通学路の防犯カメラに関してでございます。

御紹介いただきましたように、平成27年度から平成30年度にかけて16校各校５台ずつ設置させていただいております。学校や地域などが連携して行う登下校の見守り活動を補完する安全対策の強化というところで、通学路における児童の安全確保ということを目的に設置してきたところでございます。

晴海西小学校に関しましては、開校に当たりまして新たに通学路の設定がございました。その通学路が決まった段階で通学路上の防犯カメラの設置候補地を選定しまして、晴海西小学校に関しても５台の設置をさせていただいているところでございます。１台は、月島第三小学校のものをちょっと向きを変えてという調整をして、月島第三小学校のカメラを１台増やして、全部で５台ずつになるような形で設置したというところでございます。御紹介いただいたように、児童数の増加とか交通環境の変化などがあるというところで、学校やＰＴＡと一緒に安全点検なども行っているところでございますけれども、そういった中で必要に応じてというところでの例えば移設とかも考慮していかなくてはいけないのかなというところでございます。

また、今後、第二校舎が開設される段階におきましては、また通学路はどういったところを通っていくかというのはあると思いますので、そういったところも視野に入れながら、設置場所などに関して検討してまいりたいと考えております。

以上でございます。",2025,2025/10/07,決算特別委員会,理事者
,令和7年　決算特別委員会(第8日　10月7日),生島企画部長,木村克一,"補助金事業を所管している部としてお答えさせていただきます。

確かに、御指摘いただいたとおり、地域の魅力発掘・発信支援事業が80周年とどうつながっていくのかという部分に関しましては、一般質問でも同様のことを御質問いただいて、今後の90周年、100周年に向かって、80周年が20万都市に向けた出発点となるようにということでお答えをさせていただいております。次年度以降、補助金事業を行っていくに当たっては、もう少し80周年とのつながりが意識できるような形で何か工夫をさせていただきたいと考えております。

以上です。",2025,2025/10/07,決算特別委員会,理事者
,令和7年　決算特別委員会(第8日　10月7日),山﨑総務部長,木村克一,"私からは、これまで区でも周年の行事ということで記念行事を行ってきたところもございますが、前回の70周年のときは、そういった特段の活動はせず、周年行事を全体としてお祝いするということで、各事業において70周年記念事業という冠をつけさせていただいて、先ほど委員もおっしゃられましたけれども、パネル展等も含めて、比較的静かな形ではありましたけれども、お祝いという部分では変わらずに70周年のときもやらせていただいたということでございます。

80周年ということで、それについては今後またそういった記念式典も含めて検討はしていくところでございますが、特に今回、80周年という委員からの提案も含めて、私どもで考えたところは、今まさに20万人を迎える中央区が、これまでの中央区とはやや違ってきている。まちの雰囲気とか、まちの成り立ち、そういったものが商工業を中心になってきたこのまちが、住民、いわゆるニュータウンに住まわれるという、職住が近接というよりもまさに一体化していたのがこれまでの中央区だと思うんです。

もちろん、商店街もあり、その商店街のつながりの中でも町会もありということで、そういった商人のまち、商工業のまちというのが中央区であったところでございますけれども、今増えている住民の方々は、高層マンション、タワーマンション等に住まわれて勤務するという、どちらかというと郊外型といいますか、いわゆるベッドタウン的な、そういった住まわれてほかのところに勤務をされていくという、どちらかというと中央区がこれまでなかった形の住民構成になっていくということで、それが今までの新旧住民の中のコミュニティをどうつくるかというところにもつながってくるんだと思います。そういった契機をこの80周年に向けて改めてもう一度再確認して、新しい住民と従来の区民の方と融合させて、まさに東京の中心部として発展していくという、ターニングポイントといいますか、そういった部分で考えていくべきところであろうかと思ってございます。

なので、今、魅力発掘・発信支援事業というのは、改めてそこを再確認して、それをみんなで共有して、新しい方々も中央区の魅力を再確認していただいて共有していただきたいと、それをもって未来につなげていこうという姿勢だと思ってございます。そういった機会となるようなものを考えていきたいとも思っていますし、周年行事として、他区もそうですけれども、これまで割と表彰とか、そういったものがメインで、なかなかそういった共有の場の機会となるようなものもなかったところでございますけれども、そういったものも含めて、改めてどういったものがいいのか、考えてまいりたいと考えてございます。

以上でございます。",2025,2025/10/07,決算特別委員会,理事者
,令和7年　決算特別委員会(第8日　10月7日),小森広報課長,木村克一,"区のおしらせちゅうおうと中央区わたしの便利帳のお話でございます。

区のおしらせは、昨年の10月からリニューアルさせていただきまして、これまで区の行政情報をお知らせするという観点での作りだったんですけれども、リニューアルを機に、特集記事、区内で活動されている方々にフォーカスして記事を作っていく。そういった作り方の考え方をまず変えたというところがございます。そして、もちろん色遣い、それをフルカラーにして、皆さんに読みやすい、読んで分かりやすい、そういう広報紙作りに切り替えて、今作成しております。当然、我々もそういうリニューアルのコンセプトをしっかりと踏まえて、日々職員もその辺、よりどのようになったら皆さんに分かりやすいかという観点で編集をしているところでございます。

中央区わたしの便利帳につきましても、従前はたくさんの情報を盛り込んでいたんですけれども、最近はホームページで情報を御覧になるという流れになってきていますので、二次元コードを掲載して、詳しくはホームページを見ていただく。そういった形の中でページ数的にもコンパクトになった。まずこれがございます。

そして、今回は表紙にもこだわりまして、従前のような表紙ではなくて、もっと手に取ってもらえるような見栄えにしようということは広報課の職員で随分考えて、今回の表紙の作りになったということでございます。そのように受け止めていただいて、職員も今後の励みになると思います。

以上です。",2025,2025/10/07,決算特別委員会,理事者
,令和7年　決算特別委員会(第8日　10月7日),菅沼防災危機管理課長,木村克一,"緊急告知ラジオの部分でございますけれども、今、委員から御指摘のあったとおり、84.0メガヘルツの緊急告知ラジオについては、平成23年度から令和３年度までは、今、委員に御紹介いただいた旧型ラジオとして頒布してございました。一方で、令和４年度から280メガヘルツ帯域を活用して電波の特性を利用するというところの運用を今現在してございます。おっしゃるとおり、緊急告知ラジオの使用用途は、いざ発災時のプッシュ型通知によって緊急地震速報、あるいは中央エフエムというＦＭ局等を使いながら、区がお知らせしたい重要な中身をプッシュ通知にして発信するという重要な役割を持っておりますけれども、今、委員がおっしゃった御指摘、日常的に使うという部分におきましては、私どもも本当に同感でございます。

何より、いざ持ち出すというときの手間とか、日頃から自分のそばに置いておくという活用が重要でございます。そういう部分からすると、日頃から使うということについては、中央エフエムに限らず、ＮＨＫ－ＦＭ、あるいはＪ－ＷＡＶＥ、それから自由に選択できるという新型の特性は、御自身の好きなラジオ局を日常的に使うというチャンネルを持ってございますので、そういった活用は我々、防災拠点訓練等々を含めまして、まだまだそこの部分について広報をかけていきたいと私どもも認識してございますので、引き続きそういった取組を強化してまいりたいと考えているところでございます。

以上です。",2025,2025/10/07,決算特別委員会,理事者
,令和7年　決算特別委員会(第8日　10月7日),小森広報課長,木村克一,"私から、ラジオを使った広報、ラジオ広報についてお答えさせていただきます。

中央区のラジオ広報としましては、今、定例番組と企画番組という２つの項目を持っております。定例番組、通常番組につきましては、その時々に見合った区政情報を紹介しているというものです。そして、企画番組、番組名は「ウィークリー声の架け橋」というものですが、こちらは区のイベントやお店への取材、あとは活動されている団体のメンバー、こういった方々へのインタビュー、そういうまちの情報を取り上げて放送させていただいているものでございます。毎日、月曜日から金曜日までは１日当たり合計３回、土日につきましては企画番組を３回、放送させていただいております。番組の制作本数、そして放送回数、これは結構な数をやらせていただいております。

そういった意味で、我々からの発信はさせていただいているんですけれども、もちろん、皆さんにラジオ番組を聞いていただきたい。そういった意味で、内容的にもこれから皆さんにとって聞いて意義のある番組を作るというのがまず一つございます。

もう一つは、皆さんにこういう媒体で中央区のラジオ広報が聞けるという、この辺の周知は今も区のおしらせちゅうおう等でさせていただいておりますけれども、積極的にいろいろな場面を捉えて、ラジオ広報の周知をさせていただきたいと思っております。

以上です。",2025,2025/10/07,決算特別委員会,理事者
,令和7年　決算特別委員会(第8日　10月7日),菅沼防災危機管理課長,木村克一,"まず、防災士とはというところでございます。

私どもが聞いておりますのは、阪神・淡路大震災から30年が経過しましたけれども、あのときに、公助の限界といいますか、多くの罹災者を助け出す救出が共助の取組によって行われたというところをきっかけとして、今現在、日本防災士機構が資格取得、具体的には２日間の受講と試験があるというところの資格取得なんですけれども、その資格取得をもって、何といっても共助、地域地域のまちのリーダー、本当に共助のリーダーを養成しようというところで防災士の育成が必要だということで、今そういった機構をもって、毎年度、数多くのその資格を取得する方々がいらっしゃるということに私どもは着目したところでございます。

御案内のとおり、防災拠点は、その参加メンバーの固定化の問題であったり、あるいは高齢化の部分を含めて担い手不足というところが従来からあった課題でございますので、私どもは、この防災拠点に限らず、マンション内での共助の中心的メンバーの役割を持つ方、あるいは町会・自治会、防災区民組織での中心的なメンバーをそういった資格取得をもって育成、担い手を発掘したいという思いから、今年度の事業に結びつけたというところでございます。

また、２番目の話の女性防災リーダーの部分は、今、委員に御紹介いただいたところでございまして、８月23日、第５回をもって終了したところでございます。まず、実は令和６年度、昨年度と今年度の２か年連続でというところでございますけれども、連続したテーマに置いてございますのは、災害時に必要な多様性の視点、それから配慮を身につけるというところで、特に女性の方々を中心にというところでの講座になってございます。

参考にお伝えしますと、今あった問合せの部分につきましては、20代から30代が21.4％、それから40代、50代の人が32％、60代、70代の方が35％。これは実は、60代、70代、つまり時間を取りやすい人にもう少し割合がいくと思いきや、土曜日の講座ということもあって、20代、40代、すべからく平均的に皆さん参加していただいてございます。在住・在勤という部分で言いますと、８割、９割の人が在住ということで、在勤の数のほうがそういう割合的には少ないというところです。

一方で、どちらにお住まいかというところは、実は最初のアンケートというか、申込みの段階で特定してございませんが、私どもも区の職員共々そちらの講座に当然参加してございまして、お話を伺いますと、日本橋から京橋、あるいは月島、晴海からバランスよく皆さんお越しいただいて、本当に熱心に、意見交換の場であったり、検討テーマを決めながら、和気あいあいと、ああすべきだよね、こうすべきだよねという議論を活発に重ねていただいてございまして、こういった女性のまた側面としての防災拠点の、例えば避難所の運営であったり、あるいは日頃から取り組むべき視点というところを地域の防災力に直結したい、つなげていきたい、そういった思いで私どももその講座を見てございました。

いずれにしても、この女性防災リーダーの養成についても、所管課として継続していきたいという思いはございますので、今後ともそういった機会をつくり出していきたい、そのように考えているところでございます。

以上です。",2025,2025/10/07,決算特別委員会,理事者
,令和7年　決算特別委員会(第8日　10月7日),大熊地域保健担当課長,小坂和輝,"医療救護所の強化というところですけれども、これまでも区と医師会、聖路加国際病院の先生たちと応急救護連携会議などを開催しまして、初動体制の構築とか救護所をどう立ち上げていくかということは検討してまいりました。基本的に協定を結んでおりまして、医師と看護師と事務職員３名をワンチームとして派遣していただくという形で、今、体制を整えているところです。基本的には、区の考えとしましては、各クリニックは、自院で診察が可能であれば、自院で診療していただく。それが無理な場合は、各医師会の事務局などに集合していただいて、必要に応じて医療救護所に行って診察をしていただくという形で考えております。いずれにしましても、まだまだ課題が多いところはありますので、今後も医師会の先生たちと協議しながら体制を整えていきたいと考えております。

それから、子供の心の問題のところですけれども、昨年、心理師協会と協定を結びまして、心のケア、被災者の方だけでなく、支援者の方に対しての心のケアというところも、これからどのように支援していくかというところを検討していこうということで、まさに今その最中というところですので、今後また詳しく心理師協会と協議していきたいと考えております。

以上でございます。",2025,2025/10/07,決算特別委員会,理事者
,令和7年　決算特別委員会(第8日　10月7日),武藤生活衛生課長,小坂和輝,"ペット防災の課題についてでございます。

ペット防災のルールや日頃からの準備についての理解の向上ということが一番の課題だと捉えております。ペットを連れて避難できることとか、同行避難と同伴避難の違い、また避難所でのペットの管理は飼い主の責任であることなどのルールがまだ十分に認知されていないと感じているところです。避難所の円滑な運営のためにも、飼っている方、また飼っていない方の双方がルールについて理解を深めていただくということが重要であると考えております。

また、ペットの種類や個体によって必要な備品も異なりますので、ペット固有の必要な備品について日頃から意識して用意していただくことが重要だとも考えておりますので、そういった周知を今後も続けていきたいと考えております。

以上でございます。",2025,2025/10/07,決算特別委員会,理事者
,令和7年　決算特別委員会(第8日　10月7日),菅沼防災危機管理課長,小坂和輝,"私どもが避難所生活というところで拠点委員会で議論している具体的な取組を紹介させていただきたいと思います。

さきの企画費・総務費の中でも、京橋築地小学校の拠点訓練でというところのアトラクションの話が出ましたけれども、実はそこの場でアクシデントカードというものを使いました。各班にアクシデントが起きた。具体的には、子供たちが泣き止まないという話とかというアクシデントが起きました。これで何を我々は求めたかというと、それは、ゼロ歳児から未就学児、そして小学校の１年生から６年生、いろいろな子供の世代がありますが、実態的に、例えば遊び場がなく、すごくストレスを抱えてしまっている。あるいは、日頃から友達との交流という社会性の場が避難所生活によって失われてしまう。その子供たちを避難所生活という枠組みの中で、地域でどう守るかというところをアイデアとして、京橋築地小学校の訓練の場で求めたといいますか、一緒に考えたいという場をつくらせていただきました。

そういったところを含めまして、避難所生活が直結する課題、これは子供に限らず、お年寄りにも同様の課題は生まれます。したがって、そういった場も含めまして、今後ともこの拠点の訓練の場であったり、話合いの場で、そういったところに着目点を置いて、地域の人たちと一緒になって考えていきたい、検討を深めていきたい、そのように考えているところでございます。

以上です。",2025,2025/10/07,決算特別委員会,理事者
,令和7年　決算特別委員会(第8日　10月7日),大熊地域保健担当課長,小坂和輝,"先月行われましたトリアージ訓練についてですけれども、合計80名以上の方に御協力いただいて有意義な訓練ができたかなと考えております。２年ぶりというところで、先生たちも流れをちょっと忘れかけている部分があったりとかで、なかなかまだまだ課題はあるかなというところではあります。

その中で特に多かったのが、連絡方法に課題があるのではないかということで、今回、防災無線を使って連絡をしていたんですけれども、なかなかそこがうまくつながらなかったりとか、あとは移送手段などにも課題があるのではといったお声をいただいておりました。あとは、必要な情報をどのように共有していくか、例えばどこの病院とか診療所が受入れ可能なのかといった情報がなかなか手元にないので苦労したというお声をいただいております。

こういった意見を踏まえまして、来年度にまたトリアージ訓練を行っていきますので、来年度につきましてはまた新たなシステムも加わりますので、そういったものを利用しながら改善していきたいと考えております。

以上です。",2025,2025/10/07,決算特別委員会,理事者
,令和7年　決算特別委員会(第8日　10月7日),武藤生活衛生課長,小坂和輝,"ペット防災における飼い主の役割という部分ですけれども、ペットの管理の責任は飼い主にあるというのが前提になりますので、避難所での運営につきましても原則飼い主の方たちが協力して行っていただくということで、マニュアルにもそういった記載をさせていただいているところでございます。実際の運営についても、マニュアルの改訂を今進めておりますので、そういったところで具体的な動きといったものも入れていければと考えております。ペット防災の専門家の知見もいただきながら、共生推進員等の協力も併せていただきながら、うまく運営できるように調整を図っていきたいと考えております。

以上でございます。",2025,2025/10/07,決算特別委員会,理事者
,令和7年　決算特別委員会(第8日　10月7日),菅沼防災危機管理課長,小坂和輝,"先週日曜日、委員も御参加いただいた月島第三小学校、晴海中学校の拠点訓練についてでございます。委員の方々から、各年度で、今年度の防災訓練はどういったことに主眼を置くのか、きちんと膝詰めで我々区職員とそこの企画立案ということで議論を重ねてございます。とりわけ、これは毎年度続けていくべきだということで、例えば携帯トイレの普及啓発とかという話もさることながら、その部分と、そうではなくて新しい試みにチャレンジしようという御意見をいただきながら、ある種、我々はそこの拠点の地域のお声をオーダーメイドとして捉えながらというところと、我々区の職員のアイデアも含めて、いろいろな活発な意見で訓練を組み立ててございます。

月島第三小学校の部分については、御案内のとおり、ある種、京橋築地小学校の試みを少し横引きするような形で、12、13のアトラクション、ミッションを加えながら、ここのパーツではここを体験してくださいという話。どこに重きを置いたかというと、一つは、地域の方々の交流でございます。ともすると、従来型というと、町会単位、自治会単位で訓練参加して、同じ顔のなじみの方がその巡回をするというところでしたが、受付の時点であえて皆さんばらばらで、もちろん御家族は同一単位としてということなんですけれども、別々に訓練に参加してくださいということで、アイスブレイクという時間帯を使って自己紹介をし、あなたはそこに住んでいるのねということとか、あるいは職業の部分を含めての人々の交流。そして、共に動き、共に体験しという話でございますので、そのベースとなるのが、いかに共助の大切さが育まれるかという訓練目的がそこに生かされるということを我々は強く強く意識したい、これからもしていきたいという話がございますので、そういったところが工夫点として今回やった部分でございます。

当然ながら、この訓練の振り返りをこれから各拠点でもやって、ここはよかったね、ここは悪かったねというところのきちんとした検証をしながら、また来年の訓練につなげていく。そういった考え方でございます。

以上でございます。",2025,2025/10/07,決算特別委員会,理事者
,令和7年　決算特別委員会(第8日　10月7日),大熊地域保健担当課長,小坂和輝,"私からは災害時のカルテについてお答えをいたします。

医療救護所などで災害時のカルテを作成するときの書式につきましては、東京都がマニュアルで書式を作成しておりますので、そちらを区としても利用するということを考えております。電子とか、そのシステム的なものをというところの御意見もあるかとは思うんですけれども、区単独でそういったものを導入してもなかなかメリットがないかなというところがありますので、広域で、例えば都全体でとかいうことであればメリットが出てくるかなと思いますので、そういった動向を踏まえながら検討していくべきものかなと考えております。

以上でございます。",2025,2025/10/07,決算特別委員会,理事者
,令和7年　決算特別委員会(第8日　10月7日),清水学務課長,小坂和輝,"私からは、臨海学校等の暑さへの取組に関して、まずお答えをいたします。

小学校での臨海学校などは、自然体験が目的ということで、都心では目にすることができない景色など、またふだんとは異なる体験ができるというところでございます。夏休みの時期ということで非常に暑い時期で、東京も暑いというところもありますけれども、ただ標高も高いところだということで、朝晩は比較的過ごしやすいといった時間帯もあるかなと思っております。

改めて、近年の暑さというところはありますので、臨海学校の実施前に、各学校に熱中症対策への対応はしっかりと周知させていただいております。塩分や水分の補給とか、休憩ができるような環境を整えること、また暑さ指数を適宜確認して、必要に応じて実施計画を見直すとか、そういったところとか、また熱中症の対策用品を準備するとか、そういったことも行った上で、必要に応じて屋内での活動もできるような形で準備しているというところです。繰り返しになりますけれども、近年の気象状況は、暑さが厳しくなっているということがあって、暑さ対策の観点でいろいろ検討が必要であるということは認識しているところでございます。

学校長とか教育委員会で宿泊体験行事の在り方の検討会というものを行っておりまして、その中でも暑さへの対応ということは課題感として共有しているところでございます。こういった宿泊行事は、子供たちにとって自然体験というところがより実りのあるものになるような形で、学校と十分連携しながら在り方を検討していく考えでございます。

次に、幼稚園での誰でも通園制度を活用できないのかといったところの御質問でございます。幼稚園でやるときの課題ということでの御質問ですけれども、保育所とか幼稚園などに通っていないゼロ歳６か月から３歳児未満が対象というところですけれども、まず人員配置の面というところで、専門の保育士が必要であったり、また場所に関しても、幼稚園はクラスごとでの発達に応じた活動を展開していまして、空き教室というのは発生していないところでございます。

空いているところがある場合は、既に預かり保育とか、未就園児の会の部屋としているというところで、また施設のしつらえというところで、ゼロから２歳児に対応するような施設の形態を持っていないというところもあって、幼稚園においては国が示しているような誰でも通園制度という取組は難しいと考えているところですけれども、そもそも幼稚園のよさに早くから気づいてもらうといったことの取組としては、既に幼稚園においては未就園児の会を実施しておりまして、そこで日頃の園の様子を知ってもらう、地域の未就園児とか保護者同士の関わりを持つといったところで、しっかりとそういうものを実施して、幼稚園がどんなところかということとか、幼稚園でふだん子供たちはどのように過ごしているのかということをしっかりと知るような機会を提供しておりますので、そのような取組を続けていきたいと考えております。

以上でございます。",2025,2025/10/07,決算特別委員会,理事者
,令和7年　決算特別委員会(第8日　10月7日),金広道路課長,小坂和輝,"私からは、まず道路における段差の事故件数についてお答えいたします。

まず、この段差については、委員から度々御意見をいただいているところではございますが、歩道と車道の境界については段差が２センチ必要だということで、これまで中央区型という、隅をカットした歩車道境界ブロックを交差点部に置いて整備をずっと進めてきました。現在87％を超える整備まで進んできております。

事故というところでお答えさせていただきますと、この交差点部の歩車道境界ブロックにおいて、転んだとか、車椅子の通行に何か問題があったということは区としては把握しておりませんし、そういったお声も今いただいておりません。ただ、例えば歩道上の真ん中に段差があるとか、そういったところは道路管理者としては問題と思いますので、そういったお声をいただいた場合には、早急に補修をしております。なので、車椅子あるいはベビーカー、そういった方の御意見も大事でしょうし、あるいは視覚障害者という方の歩行の安全性もしっかりと考えていかなければいけないという中で、区としては、今まで交差点部の段差においては中央区型ということで、ある程度認識しやすいタイプのものを使いながら道路の安全性に寄与してきたと考えております。

以上でございます。",2025,2025/10/07,決算特別委員会,理事者
,令和7年　決算特別委員会(第8日　10月7日),菊池地域整備課長,小坂和輝,"私からは、佃のまちづくりについて、地区計画の導入とか、そのあたりについてです。

元佃、佃一丁目については、路地とか築年数の長い木造建物が古くから残っているという特徴はあるんですけれども、狭いところですと、街区の中のところなどですと、幅が90センチ程度しかない路地などに面している建物が数多く存在しているということで、地区計画の場合などですと、基本的には個別で建て替えていくという中で、普通の街区の周辺にある土地については建て替えができるんですけれども、その街区の中については建築基準法上の接道義務を満たさないということで建て替えができないというところで、今もそうなんですけれども、なかなか建て替えが進まないという中で、耐震化とか耐火化が進みづらいというところで、課題としては防災上というところがあるのかなと認識しているところです。そういった状況なので、地区計画も導入できないというところなのかなと思っています。

こうした課題に対してなんですけれども、例えば今年４月から密集街区環境改善まちづくり事業がスタートしました。これは、そういう無接道敷地がそのまま木造が古くなってしまって、災害時のリスク懸念材料になって、建物が倒壊するとか、延焼のときの燃えぐさになりやすいとか、そういったところを少しでも払拭するために、制度の中で区が土地を買い取り、建物を壊すということで、そういった災害時のリスクを極力抑えるということで事業を進めているところでございます。再開発によらない新たなまちづくりということで、こういったものにも取り組んでいるところで、地域の環境改善につなげていきたいと思っております。

以上です。",2025,2025/10/07,決算特別委員会,理事者
,令和7年　決算特別委員会(第8日　10月7日),青柳住宅課長,小坂和輝,"マンション管理不全についての御質問でございます。

マンション管理適正化に関しましては、令和５年に策定をしたマンション管理適正化推進計画に基づいて、令和６年度は実態、管理状況の調査をさせていただきまして、今年度はその調査結果に基づいて指導・助言を行ってございます。件数につきましては、先ほど委員から御紹介いただいたとおりでございまして、管理不全及びその兆候があるマンションに関しましては、現在、指導・助言を行っているところでございます。

この適正化推進計画につきましては、令和10年度までを計画期間としてございまして、今年度から行っている指導・助言の状況を踏まえまして、マンション管理の適正化が進んだかどうかというところを令和10年度までに検証しながら、委員から御指摘のあったようなマンション管理について、現状と指導・助言の取組、それとこれからの課題というか、そういったところも今の取組を検証した上で、どういう形での適正化に向けての取組が必要かというところもきちんと検証しながら取り組んでまいりたいと考えてございます。

以上でございます。",2025,2025/10/07,決算特別委員会,理事者
,令和7年　決算特別委員会(第8日　10月7日),早川都市整備部長,小坂和輝,"今のマンションについての学識経験者を入れてというところでございますけれども、今、住宅課長が答弁したとおり、適正化計画については、数量を把握して、指導・助言を順次行っているところでございます。また、先般の款でも申したとおり、まだ未回答のところもあるということで、そういったところが実は課題ではないかとも思っていますので、こういった数字の把握、状況の把握をした上で、また都市整備公社でもそういった取組をしておりますので、学識経験者を入れての検討、またそういった講習会等については、数値が出てきた上で改めて考えてまいりたいと思っております。

以上です。",2025,2025/10/07,決算特別委員会,理事者
,令和7年　決算特別委員会(第8日　10月7日),岡田子ども子育て支援課長,小坂和輝,"私からは、子供の意見の聴取についてでございます。

この３月に策定しましたこども計画におきまして、この子供の意見を聴取するとか、こういった意見をどう反映させていくのかということにつきましては、基本施策にも取り込んでおりますし、区としても大事な取組の一つだということで認識しております。

まず、子供の意見を聞くといった場合に、どんなことがあるのか、要は具体的にどんな方法をというところがございますけれども、これは国のほうでも示しているところでございますが、例えばアンケート調査を行うとか、パブリックコメントを実施するとか、あるいはワークショップなどを行って、そういった中で聞く、やり方としては様々あるかなと思ってございます。

この４月に子ども施策推進室ができまして、今現在、実際、全庁的に子供の意見を聞くような取組をしているかどうかということのアンケート調査といいますか、そういったことを今確認している最中でございます。それを踏まえた上で、今後、子ども施策推進室として、適切に対応していきたいと考えております。

以上でございます。",2025,2025/10/07,決算特別委員会,理事者
,令和7年　決算特別委員会(第8日　10月7日),登りシティプロモーション推進課長,小坂和輝,"私からは、周年誌に対する支援といったところについて答弁させていただきます。

今実施しております地域の魅力発掘・発信支援事業でございますが、こちらは町会や商店街など地域の団体様が区域にゆかりのある歴史文化資源を発掘・発信するような取組に対して補助を実施するというものでございます。今、委員がおっしゃられた、周年を迎えるような団体様の活動といったところですけれども、こうした団体様の活動というのは、地域の歴史の中で生まれて育って今に至っているといったものになろうかと思いますので、そういったところを地域の歴史に絡めるような形にはなろうかと思いますけれども、そういった中で団体様のこれまでの歩みを取りまとめて発信していただくというところは、この補助対象になってくるのではないかなと考えてございます。個別の案件については、営利行為とか、留意事項等がございますので、それについては個別に御相談をいただきながら対応していきたいと考えてございます。

以上でございます。",2025,2025/10/07,決算特別委員会,理事者
,令和7年　決算特別委員会(第8日　10月7日),大熊地域保健担当課長,小坂和輝,"自殺の関係で24時間の相談窓口というところですけれども、福祉保健費のときにも回答したんですけれども、区単独でというところは現状ではなかなか難しいかなと考えております。ただ、そもそも国とか東京都など、いろいろな団体とかも含めまして、自殺の相談ダイヤルとか、24時間対応できるものは多数ございますので、そちらで一次的には受けていただいて、必要に応じて区の相談窓口、ふくしの総合相談窓口もできておりますので、そういった区の窓口で具体的にもっと相談に乗っていくという形で、現状としてはそのように考えております。

以上です。",2025,2025/10/07,決算特別委員会,理事者
,令和7年　決算特別委員会(第8日　10月7日),岡田子ども子育て支援課長,小坂和輝,"ＤＶに関する支援のお尋ねかと思いますけれども、まずこの４月から本区におきましては配偶者暴力相談支援センターを設置したところでございます。そうした中で、これまでもそうですけれども、まずそういった方々の相談を受けていく。そういう中で、その方がどういう形でその後の生活も含めて御希望されるのかということをしっかり聞き取った上で、本当に避難が必要な場合等につきましては、母子生活支援施設というものがございまして、これは区外でございますけれども、そちらのほうに一旦避難していただくようなことがございます。具体的にその後の住まい等につきましては、その方の希望も含めて、相談の中で相談員が対応していくという状況でございます。

以上でございます。",2025,2025/10/07,決算特別委員会,理事者
,令和7年　決算特別委員会(第8日　10月7日),平川地域振興課長,小坂和輝,"ＮＰＯとの協働といったところでございますけれども、御紹介いただきましたとおり、地域振興課で協働ステーション中央の運営をしてございますので、そこがまず中間支援拠点としての役目を果たしているところでございます。その中で、ＮＰＯの得意なところというお話もありましたけれども、確かに行政課題と、例えば民間の事業者、企業がなかなか手を出しにくい、収益化しにくい領域でのＮＰＯの活動には目覚ましいものがあると認識してございます。そういった中で、区の中で行政課題とのマッチングという部分でございますけれども、地域振興課が協働ステーション中央で集約している部分を他部署への展開というところでございますけれども、まず協働提案事業といったものが最たるものでございます。

今日の議論の中にもありましたけれども、流山の女性防災リーダーのところも協働提案事業によるものでございますので、その行政課題とＮＰＯのマッチングというところは着実に進んでいるところでございます。

また、そうした協働提案事業という形を取らなくても、例えば委託・受託という関係も協働の概念の手法の一つでございますので、子育て分野における、あと例えば女性の相談とか、そういったところをＮＰＯ、またはＮＰＯでなくても、任意団体のそういったところを得意としている一般社団法人等の主体もありますので、そういったところのマッチングも行っております。それにつきましては、所管の地域振興課でそういった課題感を集約するというところもありますけれども、今は全庁的にアンケートを行わせていただいて、例えば個別計画等で地域の主体等の中での行政課題を模索しているようなところ、そういった段階からの相談を寄せていただいており、ＮＰＯをストックしていると言いながら、実は物ではありませんので、人の活動ですので、ストックというのは非常に難しいところです。その瞬間その瞬間の動きというのがありますので、なるべくその瞬間の動きを捉えながら、かつ長期的なスパンも視野に捉えて、そういった横展開というところを所管としては動かしている部分でございます。

以上でございます。",2025,2025/10/07,決算特別委員会,理事者
,令和7年　決算特別委員会(第8日　10月7日),岩田職員課長,小坂和輝,"職員の自己研さん及びボランティアへの参加というところのお話でございますけれども、まず自己啓発の部分につきまして、本区の職員課で自己啓発助成事業ということで要綱をつくりまして、それぞれ自己研さんに励む場合の講座の受講費用とか、そういったところを補助する制度がございます。具体的に申し上げますと、まず一つが、建築主事及び一級建築士の資格取得のための講座というところでいけば、講座受講料の４分の３を助成するというところで、限度額については５万円という金額でございます。一方で、もう一つ基準がございまして、例えば二級建築士とか、建築施工管理技士とか、ＩＴパスポート、あと日商簿記とか、そういった日々の業務に有意な資格、自己研さんに取り組む方々を補助するということで、そちらは２分の１の助成率で、限度額については１万5,000円という補助制度ということでやらせていただいております。そうしたところも含めて、日々の研修、そうした人材育成の中で職員の皆さんに日々自己研さんに励んでいただくように、職員課としてはお示ししているというところでございます。

続きまして、ボランティアの件でございますが、区の職員課として、現在ボランティアを積極的にやっていくべきだという声かけについては特段行っていない状況でございまして、あるとすればボランティア休暇ということで、これは大きい災害時とか、障害児・者の施設ですとか、特別養護老人ホームとか、そういったところにボランティアで業務に携わるという場合に、年間で５日間の休暇の制度というものがございます。そうした社会的に公務員がやるべき意義があり、やるべきと社会的に要請されているような活動についてのボランティア、そうしたときには休暇の制度というものがございます。

また、委員から言っていただきました、現場、地域に飛び込んでいって、地域の課題といったものを肌で感じて、それを行政課題として受け止めて、しっかりと施策に結びつけていくという職員の姿勢というのは、これまでも日々の研修等で職員課からもしっかりとお伝えをしていますし、それぞれの所管で、そうしたことは今しっかりとやっているところでございますので、今後も、来年度は中央区の人材育成基本方針も改定する予定でございますので、そうした観点も含めながら、しっかりとこれからも人材育成を行っていきたいと思っております。

以上でございます。",2025,2025/10/07,決算特別委員会,理事者
,令和7年　決算特別委員会(第9日　10月8日),小森広報課長,永井佳代,"私からは、ケーブルテレビの見直しについて説明させていただきます。令和６年度にケーブルテレビの定例番組と企画番組がございますけど、定例番組のほうの見直しを行いました。その背景といたしましては、今、区政情報をどのような方法で入手されていますかという世論調査とかでも、情報収集手段のアンケートをさせていただいているんですけども、そこでケーブルテレビと回答された方が２％ぐらいという実情がございました。そういう実情がまず１つございます。そういった中で、我々としても同じケーブルテレビで出している動画のコンテンツ、これを区の公式ユーチューブ、こちらのほうで配信させていただいているという状況もございます。

区民の皆様が情報をどのように取るかという実情を踏まえて、２％というところ、これは当然高いという認識はございませんけども、片やケーブルテレビ、こちらは災害情報を発信する、そういう媒体としての機能、この辺は確かにございます。この辺の兼ね合いの中で、定例番組の放送回数を見直し、減少させたという、これがまず１つの経緯としてございます。

もう一つ、費用がどれぐらいということでございますが、制作本数を減らしたことにより、当然放送回数につきましては、こちらについても減少という中で、令和６年度と令和５年度の比較において約1,100万円減少しております。

以上でございます。",2025,2025/10/08,決算特別委員会,理事者
,令和7年　決算特別委員会(第9日　10月8日),河内介護保険課長,永井佳代,"高齢者生活援助サービスの廃止についてでございます。こちら、介護保険の上乗せサービスとして、生活援助、院内介助を提供する事業となっておりますが、令和４年５月以降、利用実績がなく、改めて介護サービスのプランを作成するケアマネジャー等にも周知を図ったところですが、依然として利用の申請がありませんでしたので、令和５年度をもって廃止したという経緯でございます。

以上です。",2025,2025/10/08,決算特別委員会,理事者
,令和7年　決算特別委員会(第9日　10月8日),小森広報課長,永井佳代,"私からは、ケーブルテレビの制作回数、放送回数の縮小によって情報が届かなくなる方というところについてお答えさせていただきます。確かに回数を減少したということで、そういった観点というのは当然あるかと思います。ただ、我々としましては、情報発信の在り方というのを改めて整理した中で、必要な方に必要な情報を必要な媒体で届けるというところを新たに観点として整理しました。

その中で、当然ケーブルテレビで御覧になっている方々につきましても、ほかの媒体、しっかりと、例えば区のおしらせで言いますと、昨年の10月から個別の配送、お申出があれば個別にお送りさせていただく、そういう個別の対応、そして、区のおしらせの中でもしっかりと中央区の公式ユーチューブの御案内、こういうところで、従前ケーブルテレビで御覧になっていた番組が視聴できますという御案内をさせていただいております。そういう個別の対応の中できめ細かく、情報が届かなくなる方が発生しないような対応をしております。今後もそういったことが発生しないような対応は心がけてまいりたいと考えております。

以上です。",2025,2025/10/08,決算特別委員会,理事者
,令和7年　決算特別委員会(第9日　10月8日),河内介護保険課長,永井佳代,"高齢者生活援助サービスについてでございます。こちらの事業につきましては、介護保険制度が発足しました平成12年と同時に実施をしてきた事業となりますが、廃止後、今現在、特段問合せや御相談というものは来ておりません。介護保険制度も25年たちますが、制度の充実等とともに、この事業の役割を終えたものであると捉えております。

以上です。",2025,2025/10/08,決算特別委員会,理事者
,令和7年　決算特別委員会(第9日　10月8日),岩田職員課長,永井佳代,"外部の人材を任期付で採用する任期付職員制度についてのお尋ねでございます。

まず、どのような部署で今従事をしているかというところでございますが、令和４年度に採用いたしました企画部の副参事は、デジタル推進・特命担当ということで、デジタル推進に従事をしていただいているところです。また、令和５年度につきましては、総務部の副参事ということで、防災計画等・特命担当ということで防災計画に従事をしているところです。また、令和６年度におきましては、教育委員会事務局に副参事としまして、文化財保護・資料活用・特命担当ということで、今委員が御案内をいただいた人材でございます。また、令和６年度、同じく教育委員会の事務局に、指導室のところで教育ＤＸ担当係長ということで任期付の職員として採用しているところでございます。

具体的な業務内容でございますけども、採用のときの想定をした業務内容と実際やっている業務内容も含めてでございますが、企画部の副参事、デジタル推進の副参事でございますが、情報化基本方針の改定とそれの運用というところ、また、デジタル推進に関する技術的な助言とか提言、そして区が導入を検討します情報システム、そういったところの調達、開発に関すること、また、デジタル化推進を担う今後の区の職員の育成、その他デジタル化推進に関すること全般でございます。

また、総務部の防災計画の副参事でございますが、地域防災計画等の防災計画全般の見直し、また、災害時の職員体制構築と職員の訓練、そして災害時の自衛隊との連絡調整、地域の防災訓練の指導、そういったところでございます。

そして、教育委員会事務局の副参事でございますが、文化財保護と普及啓発、そして歴史、文化等の整理、再発見、本区の魅力向上につながる仕組みづくり等々でございます。

また、教育委員会のＤＸ担当係長につきましては、教育ＤＸ、教育ＩＣＴに係る施策ですとか、教育ＩＣＴの推進業務補助員等の指揮監督、そして学習用のタブレットの更新といったところを想定して採用させていただき、そうした業務に、これまで培った専門性ですとか経験を生かして、スペシャリストとして本区で活躍をしているところでございます。

以上でございます。",2025,2025/10/08,決算特別委員会,理事者
,令和7年　決算特別委員会(第9日　10月8日),岩田職員課長,永井佳代,"任期付職員の方々の処遇、勤務条件等についてでございます。

まず、制度上、一般の任期付職員という形で採用させていただいております。任期があるということを除けば、勤務日数ですとか勤務時間、そういったものも一般の正規の職員と同じように勤務をしております。また、勤務制度ですとか休暇の制度、そういったところも同一の制度を適用しているという状況でございます。

また、採用に当たっての基準というところで、いわゆる初任給とかそういったところのお話だと思いますけども、初任給につきましては、これまでの民間での経験の年数を加味しながら、内部職員、同等の職員と均衡を図るような形で考慮の上、決定をしているというような状況でございます。

以上でございます。",2025,2025/10/08,決算特別委員会,理事者
,令和7年　決算特別委員会(第9日　10月8日),岩田職員課長,永井佳代,"区政のどのような部分に成果ですとか変化、そういったものが見られたかという御質問でございます。具体的に区政に与えた影響、変化というところでいきますと、共通して言えることは２つあるかなと思っておりまして、１つはやはり、委員もおっしゃっていただいた、区政が抱える喫緊の課題というところを迅速かつ効果的に課題解決に向けてやっていくというところで非常に効果的だったというところでございます。

また、２つ目はそれも委員もおっしゃっていただきましたが、内部職員の人材育成、専門性の向上といったところでございます。それぞれの部署が持つ、先ほど申し上げましたけども、地域防災計画ですとか情報化基本方針とか、そういった計画の見直しに一般の区の職員だと、これまでの考え方でしか考えられないというところもあり、外部からの専門人材がそうしたところで力を発揮するというようなところですとか、これまでのやり方ですとか体制、そうしたものを外部人材の専門的な知見から見直しをしていくというようなところで具体的に力を発揮しているというところです。

また、昨日までもお話もありましたが、例えば生成ＡＩの話ですとか、そうした新しい、これからの時代にそぐう対応というか、対策、施策、そうしたものにしっかりと対応できるような、そうした職務に今励んでいただいているというところでございます。しっかりと区の課題にスピード感を持って取り組んでいけているというところでございます。

また、人材育成というところでございますけども、区の研修の講師をやって、区の職員に向けてのそうした専門性の伝達といいますか、継承といいますか、そうしたところをしっかりやっていただいているとともに、日頃の業務の中でも、我々区の職員ではなかなか知識が得られていないところの助言ですとか、そういったところをしていただいて、区の職員の専門性、それぞれの各分野での専門性の向上と、あとは、これまでと違う民間等の考え方に触れることで刺激を受けて、職員の意識改革というところにもつながっていると思っております。

中央区、20万都市に向けてということで、これからも多種多様な課題が生まれてくるというところで、そうした解決に向けて、任期付職員の制度というものが非常に有用な一つの手段だと考えておりますので、今後もその活用については適時適切に検討してまいりたいと思っております。

以上でございます。",2025,2025/10/08,決算特別委員会,理事者
,令和7年　決算特別委員会(第9日　10月8日),菅沼防災危機管理課長（参事）,永井佳代,"対口支援についてでございます。まず、委員から、七尾市での視察を踏まえてというところがございましたけども、実際大災害が起きますと、対口支援というのが本当に不可欠な支援となります。具体的には、国、総務省が定めてございます要綱に基づいて、これは平成30年から運用しているものでございますけども、全国知事会あるいは市長会、市町村会、そして政令都市市長会という中で構成される本部にて、被災地と実際に応援側に回る自治体をつなぐというところのカウンターパート、つまり、被災地と１つの自治体を含めて、カウンターパートで関係性をつくりながらというところの枠組みを速やかに対口支援チームを派遣するという枠組みでございます。

実際何をやるのというところでございますけども、役割としてまず第一義的には避難所の運営の支援、あるいは罹災証明の交付、様々な災害対応に係るマンパワーの支援をするというところの枠組みでございまして、これら第１段階支援と、さらには、対口支援に続くというところで、対応を引き続きということで第２段階支援というところで、切れ目ない形で次々と応援を要するところの被災地への応援派遣を全国の自治体間で支え合う、協力し合うというところの関係性の構築でございます。

一方、私ども、本区がもし有事のという部分につきましては、当然のことながら、今現状、我々、災害時相互協定、援助協定という協定を５つの自治体と結んでございます。これは具体的には東根市、石巻市、銚子市、富士河口湖町、玉野市といったところの協定でございまして、これは私ども、首都直下地震といったところを念頭に置きながら、日頃からそれらの自治体の方々とのイベント交流の機会を通じてとか、あるいは私どもが実際にその自治体にお邪魔して、防災危機管理部局との顔の見える関係をつくりというところの関係性を毎年やっているところでございます。

確実に機能するのかということが、先ほど来、キーワードとして飛んでございますけども、こういった自治体との関係性を、ただ単に紙ベースの協定ではなく、そうした交流機会を含めましての部局間の親睦といいますか、顔の見える関係を築いているところでございます。

また、本区の受援体制、実際に被災したときの部分で、ただ単に受入れの体制をというところを言いがちなんですけど、大事な話は、受入れの方々のための宿泊場所をどう確保するか、そしてもう一つ大事なのは、何をしてもらうかということにきちんとフォーカスを当てていかないと、実際に人は到着したけど、さあ、何をやるんですかというところになると、当然機能面で発揮してもらえないというところになりますので、そこは全庁を挙げた本部運営訓練を通じながら、マンパワーが足りない、それからここのノウハウが足りないというところの部分をつぶさに災害司令部として取りまとめた上で、そういった受援体制を構築しながら、受け入れるというところを訓練を通じて検証しているところでございます。

以上でございます。",2025,2025/10/08,決算特別委員会,理事者
,令和7年　決算特別委員会(第9日　10月8日),菅沼防災危機管理課長（参事）,永井佳代,"大規模災害時に、本庁舎の機能がダウンしたときにどうするんだという部分でございますけども、まず１つは、代替施設というところに、できるだけ速やかに施設の選定をするというところが枠組みになると思います。具体的には日本橋、月島、晴海特別出張所を候補地としながら、そこにどのように職員を割り当ててという割当てを機能として継続していくかというところを、速やかに災害対策本部の方針決定をした上で職員を再配置するという動きになろうかと思います。

一方で、本庁舎には日中1,000人弱の職員が日々働いてございますので、その人数がどう収められるかという話とか、あるいは災対本部はもちろんのことなんですけど、災対司令部をはじめ９つをなす各災対部をどのように配置すべきかというところは、正直、例えば日本橋特別出張所１か所にとか、月島特別出張所１か所にというのはなかなか現実的ではないのかなというところもある程度シミュレーションを置いているところでございます。

そうした部分とともに、実際、職員用の水、食料を含めた備蓄というところも確認しながら、速やかに機能保持、維持の継続を図っていくというところが考え方でございます。したがって、代替の優先順位というものは決めてございませんで、実際に例えば月島地域あるいは日本橋地域でどういった被害状況、そういったところも勘案しながら本部で決定するというオペレーションを持つというところでございます。

また、遠隔でのというところの話がございましたけども、実際上、機能の保持という意味からすると、基本的には災害対策本部員が一堂に会する場を絶対に持つべきだろうというところでございます。本部員たちが、ある種ばらばらになるというところは、明確なスピード感を持って判断する部分を含めまして遅れを取ってしまいますので、基本的には本部員が一堂に会して、災害対応の優先順位とか意思決定を速やかにしなければ機能維持が図れないというところがございますので、そこの部分も、区長をトップとする本部長、両副区長、教育長の副本部長の人員をどこに持ってもらうんだというところを含めて、速やかなる対応を決めなきゃいけないというふうにオペレーションをしていきたいと考えているところでございます。

以上です。",2025,2025/10/08,決算特別委員会,理事者
,令和7年　決算特別委員会(第9日　10月8日),菅沼防災危機管理課長（参事）,永井佳代,"まず、ライフラインの復旧がどの程度までという話から答弁したいと思います。新たに出されている被害想定の中で、ライフラインの復旧見込みというところに目を向けますと、例えば今、水という話が出た、上水道は支障率45.5％、復旧見込みが17日後となっています。また、下水道の支障率は4.4％で３週間後、約21日後、電力であったり通信であったりということは比較的速やかにというところで４日後の普及というところと、ガスの部分については、支障率30％、約６週間、１か月半後という話になっています。これはあくまで復旧見込み、想定という話でございますので、委員御指摘のもし長期化したらという部分については、この復旧見込みを上回るところをきちんと頭の中に入れて、我々、具体的にどうするというところの手順を日々確認しているところでございます。

具体的に言いますと、今目を向けなきゃいけませんのは、もちろん避難所生活の避難生活者を支える、そして、多くの人が在宅避難をしている、その在宅避難の人たちの暮らしをどう守るかということも、我々本区にとっての重要な責務でございまして、実際上ある日突然、マンションの１棟が、うちのマンション、共用部分を含めて食料が枯渇してしまった、底をついてしまったという部分については、そこはどう手当てをするかということをきちんと考えていかなきゃいけない。具体的には、防災拠点を通じながら、物資の供給体制を速やかに構築しなきゃいけません。具体的にはというのは、防災拠点と、今既存の防災区民組織が持つネットワークを有事の際にフル活用して、ここのマンションと防災拠点をどうつないで、在宅避難の状況であったり、不足する物資、必要な物資がここが足りないというところを拠点がちゃんとつないでいかなきゃいけない。それを防災拠点の訓練を通じながら、皆さんが既存の、私、ネットワークと言いましたけど、そのネットワークを活用しながら、マンション単位で物資を準備してございますので、防災拠点に取りに来てくださいということの部分を速やかにオペレーションをかけていく。

そのためには、私どもも物資の供給管理といいますか、調達管理をしていかなきゃいけない上で重要になってくるのが、先ほど来出ている東京都からの支援とか、あるいは自衛隊への支援要請、そしてここもきちんと当てにしなきゃいけませんのは、先ほど御案内した災害時相互援助協定都市からの物資供給、物資調達をいち早く我々はきちんと応援要請をかけていく、物資の供給をかけていくというところの話が重要かと思ってございます。

その部分を含めて、今後の取組、実際に循環する仕組みと定着するという話がございましたけど、ここの部分は、私ども常々、防災対策に終わりはありませんとお話をしてございますけども、特に区内の特性含めてマンション防災、共助への支援というところを軸としながら、実際物資の備蓄という部分によっては、まずベース、基礎となるのが自助、それから共助のそれぞれのマンションの必要性、重要性をきちんと、我々、地道な普及活動を展開していくことが本当に必要だなというところもございますので、そこを中心に着実な御理解、そしてそれぞれの自助・共助を高める取組につなげていくような普及啓発を展開していく、そういった考えでございます。

以上です。",2025,2025/10/08,決算特別委員会,理事者
,令和7年　決算特別委員会(第9日　10月8日),菅沼防災危機管理課長（参事）,永井佳代,"今お話しされた部分、まず、防災拠点の運用といいますか、人員体制の部分でございます。既に御案内のとおり、防災拠点というのは、いついかなるときにもという体制の中で、地域の皆様方、委員の皆様方にお願いしている前提が、まず１つは震度５弱になりましたら情報収集体制をお願いしますという役割を担っていただいてございます。それ以上の地震が起きますという部分については、速やかなる防災拠点運営委員の皆様方の拠点への参集、そして体制という意味でいうと、我々区臨時非常配備職員が各拠点おおむね12名、15名という拠点配備体制を敷いてございますので、ここも日中並びに夜間、休日時、勤務時間外時においても臨時非常配備職員を速やかにその拠点に配備する体制を敷いてございます。

実際に問題は、今、日中児童がいらっしゃってという話と、それから避難所機能の両立みたいな部分の話がございまして、そこの部分については、児童がいらっしゃる時間帯、これは後ほど教育委員会のほうからの話だと思いますけども、そこをきちんと今委員の人たちと、児童がいる時間帯でこういうことが起きますということを委員の人たちに我々はしつこくお伝えしています。そのときに、学校長、副校長と委員の人がきちんと協議しながら、今どういう状態かというところをお互いに報告し合いながら、次に向かう取るべき避難所の開設の時間とか、じゃ、受入れから１日後、２日目の予測の時間帯とかというところをイメージしながら、この行動を決めていきましょうというところを防災拠点運営委員会のほうで具体的に話を持ってございます。

避難者数の最大想定値が４日から１週間後という状況になりますので、そこを見据えた形で、実際に今児童がどのくらいいて、どの部屋を使っているのか、そして避難所機能としてはどこが空けられるのかということをきちんと、刻々と時間経過が過ぎる中で決めていかなきゃいけないというところでの、今委員の方々との共有化、そして運用を図っているところでございます。

以上でございます。",2025,2025/10/08,決算特別委員会,理事者
,令和7年　決算特別委員会(第9日　10月8日),菅沼防災危機管理課長（参事）,永井佳代,"防災ＤＸの推進の観点からでございますけど、何より必要な方に確実に届ける仕組みが本当に重要かと思いますけれども、私ども区としては、区からの情報発信はまずは、こういった情報伝達ツールがありますというところを知ってもらわないことには、その方々も、そんな情報、区からもらえるのという話がそもそも論でございますので、やっぱり正確な区から発する情報取得の重要性をきちんと理解していただいた中で、その方に合った情報ツールの活用を進めていくべきことかと思ってございます。

その上で、もちろんデジタルに頼らないという側面もありますけども、まず私ども、工夫とか仕組みを構築してきたのは、令和２年の夏から運用を開始した災害情報一斉送信システムでございます。こちらは御案内のとおり、安全・安心メール、エックス、フェイスブック、防災マップアプリというところをまず一くくりにして、同一の情報をそれぞれの媒体で流す、正確な情報を流すという。その後、令和４年の段階でＬＩＮＥを一斉送信して、その中に組み込み、令和５年の段階ではホームページもそこの一斉送信システムの中に組み込むというところの改良といいますか、改善を図ってきたところでございます。

一方で、今後の部分を含めての検討の話で言うと、やはり今後そういったツールの機能を磨く部分と、今現在システム構築してございます総合防災システムを使いながら何ができるのか、区民に必要な情報が何が届けられるのかというところも、１つ大事な着目点として総合防災システムを使っていきたいと思ってございます。

最後、スマートフォン、インターネットに頼らないという部分で言うと、やはりここは重要な部分、皆様方に防災拠点というのはこういう役割を持っていますよ。主立ったところで言うと、例えば自分の旦那さんであったり家族の誰かの安否がいまだ２日たっても分からないという部分を含めては、家族からすると相当不安な状況になりますから、発災直後で、そこの情報、安否確認を含めた部分はきちんと拠点に集めて、それをいかに整理をかけながら拠点の皆さん、地域の皆さんと一緒に防災拠点に情報を集めていくか、これは本当に重要な話でございまして、そういったことも、スマホ、インターネットに頼らないところでの運用をきちんと補完すべき取組でございます。そうしたことを含めまして、先ほど来につながる話でございますけども、広く区民にそうした防災拠点の役割であったり、あるいは情報伝達ツールの種別、機能であったりというところを着実に普及啓発をかけていきたい、そのように考えているところでございます。

以上です。",2025,2025/10/08,決算特別委員会,理事者
,令和7年　決算特別委員会(第9日　10月8日),野末財政課長,田中広一,"まず、１つ目の20万都市に向けた財政運営というところでございます。今後、令和９年度内に20万都市が見込まれており、しばらく人口増に伴います行政需要、拡大、多様化していきます。そうしたことに対してハード・ソフト両面から対応していくためには、やはり健全な財政運営が必要不可欠ではないかと考えているところでございます。

まず、健全な財政運営を行うに当たって、大きく３点ほどあるのかなと感じているところでございます。まず１点目につきましては、これまでも述べてきたとおり、歳入の確保でございます。こちらは、これまでもコンビニ収納とかモバイルレジ、あとキャッシュレス決済など納付しやすい環境の整備を行うとともに、道路占用料や公園使用料の改定などを通じて歳入の確保を図ってまいりました。引き続き応能負担や応益負担といった観点から、自主財源、一般財源を中心に、歳入の確保を図っていくことが重要であると考えてございます。

２点目につきましては、必要な施策を展開しながらも、効果的・効率的な行政運営を行うことで歳出の純増を抑えていくということが必要ではないかと考えてございます。こちらにつきましても、人口増に伴いまして、行政需要は拡大、多様化してまいりますので、昨今のＢＰＲの推進やＩＣＴの技術も進歩しておりますので、こういった活用をしながら、区民サービスの利便性も向上を図りつつ、効率的な行政運営をしていく。それに伴いまして、歳出の純増も抑えていくといった視点も必要ではないかと考えてございます。

さらに３点目ですけれども、各種施策を展開することで、喫緊の対策の物価高騰とか子育てサービスといったところも含めまして、住みやすいとか、今区民でない方も住んでみたいと思っていただけるような魅力ある施策を展開していくことで、それが、逆に基幹税である特別区民税の増や、少し遠い話になりますけれども、財調の原資である調整税のパイが増えるということにもつながっていくのかなと。そういったことで財調交付金も増えていくと。そういった取組を積み重ねながら、現区民だけでなく、将来の区民に対しても安定した行政サービスが提供できるように、健全な財政運営に努めていきたいと考えてございます。

次、物価高騰対応についてでございます。今、長引く物価高騰というところで、委員御案内のとおり、物価高騰の影響については、幅広い方にその影響が及んでいると認識しております。マクロ的な経済指標を見ますと、令和６年の日経平均株価の終値とか、35年ぶりに最高値を更新するといった所得環境や企業収益などが改善している動きもございます。ただその一方で、区民の方の中には、雇用形態とか、業種によっては物価高騰の影響を直接受けたりという状況もございまして、こうした景況感というのが、区民お一人お一人にはなかなか行き届いてないのではないかと感じているところでございます。

そういった中で、令和６年度につきましては、当初予算あるいは６回の補正予算を編成しながら、定額減税の補足給付金や、電力、ガス、食料品等の物価高騰重点支援給付金など、こちら、御案内いただきましたけれども、100億円を超える物価高騰対策を図ったところでございます。

今後の取組については、令和７年度の当初予算においても、生活者支援や地域活動支援、あと事業者支援などの観点から補助制度の拡充を行ったほか、消費喚起、事業者支援の観点から、区内共通買物・食事券の発行総額の拡大、あと商工業融資の制度の拡充、また、経済対策の予算を計上したところでございます。さらに、６月と９月の補正予算においても、物価高騰に資する予算も計上しているところでございます。

長引く物価高騰が幅広い影響を及ぼしておりますので、限られた財源を有効に活用するためにも、物価高騰の状況や本年度予算で充実を図った事業の執行状況を踏まえながら、対策については考えていく必要があるのかなと考えているところでございます。

あと、物価高騰対策については、これまでも述べているとおり、国と地方が連携を図りながら進めていくことが何より重要だと考えておりますので、引き続き物価高騰の状況とか影響度合いを踏まえながら、国の動向も慎重に見極めながら、必要に応じてその対策については考えていきたい、そのように考えてございます。

以上でございます。",2025,2025/10/08,決算特別委員会,理事者
,令和7年　決算特別委員会(第9日　10月8日),平川地域振興課長,田中広一,"中央区の平和事業でございます。平和展についてでございますが、例年、平和展につきましては、３月15日が中央区の平和都市宣言でございます。その日に連動させるような形で、例年、２月下旬から３月の上旬というところで２週間行っているものを、今年度につきましては、戦後の80年の節目の年であるというところから、８月の開催とさせていただいたところでございます。委員からも今御紹介いただきましたけども、例年ですと本庁舎及び各特別出張所の１階の部分を使いまして、パネル等を中心としました平和展示をさせていただいておりますところを、今年度、80年という捉えをしまして、本の森ちゅうおうを会場としました特別平和祈念展示、戦後80年平和祈念展示を開催したところでございます。

私も設営のところから行っておりまして、本庁舎ですと基本的には区役所機能でございますので、展示的な特別なしつらえではございませんが、本の森でございますと、やはり展示に適した環境であるというところから、例えばライティング一つといったところ、雰囲気のよさでありますとか、細かいところですと、ガラスのショーケースに至るところまでもしつらえがよかったというところ、また、ふだん図書館でございますので、足を運んでいただきやすかったのかなと思ってございます。

正確な数が把握できていないところなんでございますけども、かなり多くの方がいらっしゃっていただいたというところが実はアンケートのところから見えてございまして、アンケートが一番多いのが、京橋等でございますと15件弱、それもちょっと少ない数字ではございますけども、本の森ですとそれが23件でありましたので、やはりそれだけ訪れていただける方が多かったんだろうというところがアンケートの数字からも把握できるところでございます。

また、アンケートの内容を少し御紹介させていただきますと、10代から80代以上の方、かなり満遍なくお声をいただいております。一番多いのは50代、60代の世代の方でございますけども、30代、40代という、本庁舎ですとか図書館を訪れる機会がなかなかないと思われるような方からもお声をいただいてございます。少し御紹介させていただきますと、今の日本の身近な、自分の周りの平和を改めて感じたというお声が、戦争の当時の恐ろしさと対比する形で、日々の日常の平和の尊さというのを感じたということ。また、上の年代ですと、少し戦争に対しての身近さを感じていただく部分、また、お生まれになった頃の名残があった頃から、やはり下の年代に伝えていかなければいけないという使命感のお話でありますとか、お孫様と一緒に御覧になったというアンケートも、これは非常にありがたいアンケートでございまして、２回拝見されたということでございます。

子供の意見でございますと、併せて巡回平和展という学校のものもやってございますけども、今の小学生、なかなか戦争を身近に感じる機会というのがなくて、例えば、祖母、祖父の方が戦争体験者でないということも大きくあるかと思いますけども、戦争を身近に感じられないものが、このパネル展を通して恐ろしさを知ったというところをアンケートの中からもいただいてございます。

先ほど申し上げた象徴的なのが、お孫様と御覧になった。それで、やはり戦争の悲惨さと日常の平和の尊さというのを感じていただいた平和展になったかと感じてございます。また来年、区制施行80周年でございますので、今回の本の森ちゅうおうの企画展示につきましては好評だったかなと思ってございます。そういったところで、80周年の中も、おっしゃっていただいたとおり、本区の繁栄があるのが平和を礎にしたものという意識がございますので、しっかりとそういった観点、どのようにまた効果的に伝えていけるかというところを検討してまいります。

以上でございます。",2025,2025/10/08,決算特別委員会,理事者
,令和7年　決算特別委員会(第9日　10月8日),小林総務課長,田中広一,"令和６年度につきましては、京橋図書館の移転の後のレイアウト変更、こちらは３年間かけてやりましたけれども、それがようやく終了いたしまして、庁舎内、改めての様々な整備を行って、執務環境の整備、整えたところでございます。また、委員おっしゃられたように、今後も働きやすい職場環境づくり、こちらは効率的な業務の遂行、また人材の確保、定着、そうしたところにもつながる大きな要素でもございまして、何より区民サービスの向上に寄与するものでございます。当面の間は、現本庁舎を大事に使っていくというような方針でございます。ただ、それに際しては、ただ単に大事に使うのではなくて、ペーパーレス化ですとかＤＸの推進、そうしたものを踏まえた執務環境の在り方を見直していきたいと考えてございます。

人口増に伴う行政需要が増大する中で、全国的には全く逆の人口減少で、人材獲得競争が非常に厳しい局面の中で、限られた人数で最大限の能力を発揮して、委員もおっしゃったような20万都市を見据えて、スリムで効率的な行政運営を実現していくために、働きやすい環境整備、職場環境づくりを行っていきたいと強く思ってございます。

１つはペーパーレスで、もう一つはフリーアドレス、これは試行実施をやっていますけれども、そうしたものを踏まえた環境づくり、そうしたものを具体的には考えてございます。ペーパーレスは段階的に整備を行ってまいりまして、システムも非常に整って、文書管理システム、それから、議会のほうでもペーパーレス会議システムを徹底していただきまして、基盤としては整っていると認識しております。

今後さらに進めていく上では、何よりも職員一人一人の意識改革が必要、重要だと思ってございます。長年業務の中で根づいてきた紙文化、こうしたものを変えていくことは容易ではないと考えてございます。私自身もそうですけれども、従来の紙ベースの業務スタイルに慣れた職員も多く、紙のほうがいいというような声もございます。必要に応じて、これは柔軟な対応も取りつつも、当然紙ですとかアナログの利点もございます。例外を積み重ねることで、取組が形骸化しないように、一定のルールの下で運用を徹底していくことが重要と考えてございます。

令和２年度の調査では、職員１人当たりの文書量が７ファイルメートル、これは紙を積み上げたときの高さが職員１人当たり７メートルという数字もございます。紙に囲まれた執務環境の改善を図るために、今後徹底して、まずペーパーレスに取り組んでまいりたいと考えてございます。

もう一つはフリーアドレス、令和６年度から固定席ではなくて、業務内容に応じて職員が自由に席を選択できるフリーアドレス、こちらのほうを試行的に導入してございます。実績は令和６年７月から本庁舎２階の３部署で導入を開始しまして、その後順次拡大をしておりまして、現在６部署で導入しているところでございます。効果と課題、どちらもございますけれども、間違いない効果としてスペースの有効活用、それから、何より美観の向上、これは職員アンケートでも９割以上が、スペースの有効活用、執務環境の改善につながったと出ております。声として、打合せ作業スペースも確保してございますので、個人の集中環境、作業効率が向上したですとか、あとコミュニケーションが活発になった、また什器の更新できれいになって美観が向上したというような声をいただいております。

一方で課題もございまして、固定電話がネックとなりまして、席の固定化ですとか、また、電話が業務にはついて回りますので、取次ぎの負担が生じるとか、そういう課題も一部はございます。今後の方向性としては、フリーアドレス、こちらのほう、職員の意識の変化につなげるとともに、何より狭隘化対策としてのスペースの有効活用に大きな効果を発揮する課題解決の有効な手段と捉えまして、効果的な内容を見極めて展開を検討していきたいと考えてございます。

何より、委員もおっしゃっていただきましたけれども、外に向けては、本区は新しい住民が増える中で、区民が自らのまちに愛着を持てるようにシティープロモーションを推進してございますけれども、それと同様に、20代、30代で６割以上の職員が占める本区では、新しい職員がどんどん増える中で、職員一人一人が自分の職場に愛着を持って、意欲を持って働けるような職場環境づくりが必要だと考えてございますので、今後も限られた庁舎スペースを最大限に有効活用しながら、ペーパーレス化、執務室の再整備、フリーアドレスを踏まえた必要な取組を見極めて、積極的に進めてまいりたいと考えてございます。

以上でございます。",2025,2025/10/08,決算特別委員会,理事者
,令和7年　決算特別委員会(第9日　10月8日),山﨑総務部長,田中広一,"給水スポットの件でございますけども、確かに今年の夏も、まだ暑いですけども、現在の状況を考えれば給水ができるようなところをという話は様々御意見も伺っているところではございます。ただ、やはり管理の面からしても、実際にそれを配置となると、配置場所という観点から見ると難しいところもあるのかなと思っております。

というのも、給水が必要な場面、季節的な要素もございますので、特に夏であれば、それがあればということになりますけども、これが秋から冬場にかけて、そういったものを配置しても、逆に今度は使われなくなるようなところもございまして、そうすると、水の細菌の状況ですとかそういったものを常に管理しておくということには、それなりの人員なり管理体制というものが必要になってくると思います。

先ほど申し上げたとおり、例えば高齢者の施設ですとか児童の施設ですとか、そういった場面においては、まずはマイボトルを持ってきていただくというのが大前提とはなりますけども、そうした上で、管理が可能な限られた施設であれば、そういったことも今後検討していく必要性はあるのかなと思っております。特に子供さんなんかは、水を飲み終わっちゃって、空っぽになっちゃってどうしようというのも現実にあるかと思いますので、そういった観点からはそういった検討はしていくべきだろうと思います。

ただ、全ての公共施設ですとかまちなかの施設で給水スポットをというところはやはり課題がありますので、今現在給水の、昔で言ういわゆる水飲みの機械といいますか、ああいう給水機みたいなものから、タンクがあって紙コップで飲むもの、それからボトルの中に直接入れられるようなもの、様々な種類があって、それぞれに応じて、コストの面ですとか管理の面ですとか、あるいは水をどういうふうに給水していくのかとか、そういった課題がありますので、必要性の高いところ、今申し上げたとおり、現実に施設を運営していくに当たって、例えばお子さんですとか高齢者ですとかそういった方が多くて、そういったものがあったほうがいいだろうというようなところに関しての検討というのは進めていきたいと思いますし、また、そういったコストの面ですとか施設の設置の状況ですとかという観点から、どういう対応が可能かというところについては引き続き検討あるいは研究等をさせていただいて、暑い夏ですので、そこら辺をどう対処していくかというのは課題として捉えておりますので、今後もその辺を研究等させていただきたいと思ってございます。

以上でございます。",2025,2025/10/08,決算特別委員会,理事者
,令和7年　決算特別委員会(第9日　10月8日),大久保福祉保健部長,田中広一,"知的障害者グループホームの入所の件でございます。リヴェール月島につきましては、委員も御承知のとおり、運営自体は完全な民間運営ということで、施設も、建物としては区が用意しましたけれども、完全な民営ということですので、その運営については、基本的には区の枠組みから外れているところで運営しているところでございます。こういった施設が待ち望まれていたということは施設の申込みの際にもはっきり数字としても出ておりまして、たしか全部で定員が17ございますけれども、もともとあった施設からの移行が７名ございますので、完全な新規の募集が10名枠でございました。それに対しまして38名の方からお申込みがございまして、結果として28名の方の落選があったというところでございます。

この中には、既にレインボーハウス明石の申込みをされている方も重複しておりますので、完全な新規の需要ということではございませんけども、こうした多くの方が申し込まれたということは、やはりそういった施設が望まれていることと改めて認識したところでございます。区内の土地の高さとか、そもそもの土地があるかどうかということを踏まえますと、一足飛びに新しい施設というのはなかなか難しいんですけども、先ほど委員会での答弁の引用もしていただきましたけども、区としましても、民間事業者に様々なところに声をかけて、区内に設置できないかというところを様々な場面で行っているところでございます。

現在でも幾つかの事業者に当たっておりまして、区内での整備に関心を持っていただいている事業者もございます。こうした機会を捉えまして、ヒアリングの中でも、どういった支援があれば区内に整備ができるのか、そうしたことも含めて議論しているところでございます。当然、区内だけではなくて、都心にこういった施設整備をするというのは、運営は基本的にはどこでしてもそれほど大きく経費は変わらないと思いますけども、やはり土地とか家賃というところはかなり大きく違っていますので、恐らくそういったところの支援というのが一定程度必要なのかなとは思っているところでございます。

また、今回障害者計画の策定に向けて実態調査も行っておりまして、その中には障害者へのアンケート以外にも、事業者の声も聞くような取組を行っております。こうした中でも、どういったハードルがあるからなかなか施設整備が進まないとかいったところも聞いているところでございますので、こういったところを踏まえまして、新たな整備促進策について早急に検討していきたいと思っておりますし、今、区に声をかけていただいている事業者についても、区としての取組を、あるいは障害者の置かれている状況も丁寧に説明しながら整備につなげてまいりたいと思っているところでございます。

以上でございます。",2025,2025/10/08,決算特別委員会,理事者
,令和7年　決算特別委員会(第9日　10月8日),阿部高齢者福祉課長,田中広一,"私からは、相生の里、グループホーム等複合施設の入所負担額等の件についてでございます。こちらにつきましては、昨年の12月の委員会でも御報告していますけれども、入所者負担額を９月までのＰＦＩ事業と10月からの貸付け事業に変更することに当たって、入所負担額を下げるということで御報告していましたけれども、予定どおり、10月から新たな事業形態で変わりまして、費用につきましても、グループホームも介護専用型ケアハウスも、家賃相当分につきましては報告どおりの費用となりまして、ケアハウスのほうが16万360円で、グループホームのほうが18万4,550円合計でかかるというようなことで、今までよりも下がったというところで、利用者の方には喜んでいただいているということで聞いております。

以上です。",2025,2025/10/08,決算特別委員会,理事者
,令和7年　決算特別委員会(第9日　10月8日),植木図書文化財課長,田中広一,"晴海図書館についてでございます。晴海図書館のほうは、お話しいただきましたとおり、開館が昨年の７月１日からということで、およそ１年と３か月がたったところでございます。晴海の施設につきましては、晴海特別出張所等の複合施設の３階と４階になってございまして、３階につきましては、一般の書籍等あるいは雑誌コーナーと別に児童のエリアというのをかなり大きく取っておりまして、児童書であるとか子供用の閲覧席とともに、はだしになれるスペースといったようなものも備えているところでございます。

また、４階につきましてですが、Ｔｅｅｎｓ＆Ｙｏｕｔｈユースのエリアと称しておりまして、こちらは読書離れが起こると言われております10代また20代向けの図書を備えたりとか、ブース席、グループ学習室などを備えているというところでございます。また、施設全体としまして、一般の閲覧席のほうを比較的多く取っておりまして、本の森ちゅうおうは除かせていただきますが、地域館である日本橋や月島と比較しますと、日本橋が135席、月島が116席に対しまして183席を備えているところでございます。蔵書数、本の数でいきますと、８月末現在で10万3,000冊となってございまして、日本橋が14万冊、月島が16万2,000冊、こちらに対して大分少ない状態ですけれども、倉庫や書架のほうにはまだ大分余裕がありますので、今後四、五年ぐらいかけて増やしていき、他の図書館と同程度にまでしていくという予定となってございます。

また、蔵書の種別、分類別で見ていきますと、ヤングアダルト、主に中高生向けの内容、こちらの分類というのが大分突出しておりまして、ほかの区立の３図書館、こちらはおよそ２％、３％というところに対しまして、構成比率では16％というところで、やはり特徴的なところとなってございます。

入館者実績でございますが、７月からではございますけれども、令和６年度末で20万1,573人、月平均では２万2,000人程度となっておりまして、月島のほうですと平均で月２万5,000人程度となっておりますので、やや少ないというところでございますけれども、今後の晴海のまちの人口増加等に伴いまして利用者のほうは増えてくるものと考えているところでございます。

また、ヤングアダルト、若者層に向けた取組ということで、施設整備の当初から空間増床などで、そういった層に向けて意識的に取り組んでいるところではございますけれども、現在図書館で開催しているイベント、講座等でもそういったところに取り組んでおりまして、現在のところでございますけれども、実績としましては、３Ｄプリンター、これは指定管理者のほうで購入しているものでございますけれども、こちらを使っての体験講座であるとか、ＮＰＯとの共催による子供向けのプログラミングの講座であるとかボードゲームの講座など、そういった世代に向けた講座を開くように、こちらのほうも努めているところでございます。

私からは以上です。",2025,2025/10/08,決算特別委員会,理事者
,令和7年　決算特別委員会(第9日　10月8日),植木図書文化財課長,田中広一,"さきに述べましたとおり、いわゆる10代・20代層、読書離れが起こる層に対して、いろいろ働きかけをしてまいりたいと考えております。晴海図書館につきましても、特に意識的に、空間づくりであるとか、いろんな取組を行っているところでございます。こういった部分につきましても、まずは施設に来ていただいて、読書活動につなげていきたいと、こういった目的でございますので、いろいろと工夫をしていきたいと考えております。

現在の指定管理者につきましては、他の多くの自治体での図書館運営、こういったものも受託しておりますので、こういったところからも情報を集めたり、当然ながら職員がいろんな情報を集める、また、委員御案内の取組、こういったものも参考にしながら、より若者を含めて、地域の生涯学習コミュニティの核となるような施設を目指してまいりたいと考えております。

私からは以上です。",2025,2025/10/08,決算特別委員会,理事者
,令和7年　決算特別委員会(第9日　10月8日),白石水とみどりの課長,田中広一,"私からは、水と緑の政策ということで、豊かな公園づくりといったところでございます。委員から冒頭、安心して住み続けられるまち、魅力あるまちといったお言葉がございました。まさに中央区は、水辺と緑が豊富な都市でございまして、公園の整備につきましては御紹介がありましたわたし公園を令和６年度に整備し、今後川とつながるスーパー堤防の整備を待って、公園の拡張を図っていくところでございます。

また、水辺の活用で言いますと、令和５年度ですが、勝どき東地区の再開発で、朝潮運河親水公園の拡張をいたしましたし、晴海五丁目の再開発においても、残っておりました晴海のレジデンステラス前の遊歩道の整備も完了いたしまして、晴海ふ頭公園ですとか晴海緑道公園というところと、区の晴海臨海公園も含めますと、本当に晴海の外周が公園でつながってきているのかなと、そういったところでございます。

公園に関しましては、緑被率の向上というところに努めておりますし、ヒートアイランド対策ですとか、先ほどもありました生物多様性の保全とか、昨今また多い都市の集中豪雨、こういった都市型水害を防ぐという意味でも、雨水の浸透ですとか貯留機能といったところもあり、多様な機能を発揮しているといったところでございますので、引き続き、本区、なかなか土地がなくて、公園の新たな用地を生み出すのは非常に苦心しているところでございますが、再開発の機会を捉えて整備を進めていきたいと考えております。

もう１点、石川島公園の話が出ました。こちらに関しましても、令和６年度に基礎調査というところで検討しております。石川島公園は御存じのとおり、昭和60年代後半から、佃公園、石川島公園、新川公園も含めまして、水辺のテラス沿いの公園ということで、スーパー堤防を機軸とした背景のまちづくり、高層マンションとともに一体的に整備されておりまして、もう30年近くたっておりますが、今でも非常に格式高い公園になっているところでございます。ただ一方で、老朽化ですとか、そういったところは見られますので、令和６年度に行った調査において、公園の現況の問題点に関しまして整理した上で、自然との共生ですとか憩い、それから交流ゾーン、こういった部分的に公園をゾーニングするようなイメージで、石川島公園を現況よりもさらによくしていくようなイメージで整備のほうに入っているところでございます。

こちらに関しましても、区内では水辺と緑という中で、生物、野鳥もそうですけども、様々な生き物が、ある意味、公園という中ですけども、自然に見られるといったところで、地域の皆様にも非常に温かく、そういった生き物の様子を見守れる公園だということで、区の、私ども所管のほうにも、そういった温かい声をいただいているところですので、現況の石川島公園のよさは引き継ぎながら、申し上げました水辺沿いの公園の課題を整理して、ここは佃、新川も同様ですけども、そういった区内にある様々な水辺の公園の検討を今後さらに深めていきたいと考えております。

私からは以上でございます。",2025,2025/10/08,決算特別委員会,理事者
,令和7年　決算特別委員会(第9日　10月8日),白石水とみどりの課長,田中広一,"私からは、築地川アメニティ整備構想の進捗状況、それから水辺活用構想を基に進めている石川島公園の課題というところの２点、お答えいたします。

アメニティ整備構想に関しましては、現在、首都高速道路株式会社と協定を組み、令和６年10月に協定を結びましたので、その中で覆蓋化と言われる蓋がかかる部分の条件等を整えていく中で、上部を活用し、公園として運用できるようにというところで、令和６年度、７年度、８年度にかけて今後設計等を進めていくところでございます。

設計に関しましては、今現状、区役所前の築地川亀井橋公園等のところの地域特性ですとか整備のコンセプト、こういったテーマというのも公園の中では非常に重要になりますので、町会ですとか地域の皆様の意見、あそこは銀座側と築地側ということで両面ございますが、両方にそういったコンセプトを確認しながら丁寧に進めていきたいなと考えているところでございます。また、中央区の歴史とか文化、こういったものも公園の整備に思いとして乗せ込めるように進めていきたいなと考えているところでございます。

また、緑化空間の連続という意味では、将来、2035年ですとか40年代ぐらいには、築地市場の跡地を含めまして、あそこがボリュームとしては大きな緑のゾーンになるかと思いますが、そういったところに区役所前のアメニティ空間が緑の連続化として整備されていくようなイメージを持って、ビジョン、計画を持って進めていくつもりでございます。

続きまして、水辺のほうでございますが、中央区水辺環境の活用構想を令和５年７月に策定しました。中央区では基本計画2023の中で、中央区セントラルパーク構想をうたっておりまして、それを達成するリーディングプロジェクトの一つとして、水とみどりプロジェクトといったものが掲げられました。そういう意味では本区、水とみどり行政を所管する部署といたしましては、しっかりと着実に進めていくという意味で、先ほども答弁いたしましたとおり、石川島公園をまず足がかりに基礎調査のほうに入っていったというところでございます。

課題感でございますが、率直に言いますと、今の公園であっても非常に使われているし、私が言うのもなんですが、非常にいいというか、公園として改変する部分がそんなにないぐらい、生物もおり、緑も豊かで水辺が見れるといった形で様々な御利用をされているのかなと。まさに水辺の活用構想でうたったように、その水辺をさらに使っていただく。区民の皆様に楽しんでいただいたり、アクセスのしやすい水辺かどうかといった部分の観点も含めまして、延長、石川島公園で言いますと佃三丁目のほうから相生橋を渡って、さらにパリ広場からずっと行くわけですけれども、ああいう外周を区民の皆様がさらにどのように使っていけるかというところの検討を進めているところでございます。

以上でございます。",2025,2025/10/08,決算特別委員会,理事者
,令和7年　決算特別委員会(第9日　10月8日),三留環境土木部長,田中広一,"少しだけ補足をさせていただきます。水とみどりの課長の口からなかなか言いづらいところではございますけども、課題感というところでは、委員御案内いただいたように、アメニティ整備構想であるとか水辺環境の活用構想、これに基づきます石川島公園周辺と、それから浜町側の周辺、要はコアエリアみたいなものをやっていく場合に、かなりの面積がありますので、整備費用が膨大なものになると今見込まれます。そういったものを年次年次をきちんと精査いたしまして、次回の緑の基本計画の中で、10年計画で表していくとか、そういったものをきちんとやっていかないと、あれだけの大規模な公園の改修整備が追いつかない。そこに加えまして、アメニティ整備構想であるとか、そういったものが今後入ってまいりますので、そういったものも含めて、今現在、課題の整理をしているところでございます。

以上でございます。",2025,2025/10/08,決算特別委員会,理事者
,令和7年　決算特別委員会(第9日　10月8日),三留環境土木部長,田中広一,"中央区基本計画2023のセントラルパーク構想、これに基づきまして、水辺環境の活用構想を策定したと。その策定の中に、先ほども申し上げましたように、浜町、千代田公園から浜町公園にかけて隅田川を連続させる、ここが１つのコアであると。それから、石川島公園を中心とした新川公園であるとか亀島川の、ここも１つのコアである。５つあるんですが、もう一つ代表的なところで言えば、晴海五丁目のＨＡＲＵＭＩＦＬＡＧの周辺。豊海は止まっておりますけども、そういったコアをこれから一つ一つきちんと整備をしていくと。それの足がかり、先ほど水とみどりの課長が言いましたように、リーディングプロジェクトの一つとして石川島公園の調査に入ったと。

これは全て中央区基本構想2023のセントラルパーク構想、これに基づくものであると考えてございます。そういった意味で今度、平成10年の改定になると思いますけども、緑の基本計画の改定時期を迎えますので、それに向けた準備を早速これからしていきたいなと思ってございます。いずれにしましても、委員御案内いただいたように、都心における貴重な緑、水辺に関しまして、きちんと整備を続けていきたいと思っております。

すいません。先ほど平成と申し上げましたけど、令和10年でございます。

以上でございます。",2025,2025/10/08,決算特別委員会,理事者
,令和7年　決算特別委員会(第9日　10月8日),清水学務課長,山本理恵,"令和６年度に行いました中学校連合陸上競技大会でございます。

まず最初に、予算の内訳でございます。内訳といたしましては、会場の使用に関する経費、また、スクリーンなどの附帯設備の使用料といったところが経費の中では一番大きなものとなっております。また、映像を流すための、スクリーンにタイムとかを映したりするための費用もかかっておりまして、今申しました会場使用と映像を流すところというのが今回、国立競技場で開催した大会で経費が大きくなったところでございます。そのほか、当日の医師の謝礼ですとか審判の謝礼、また印刷消耗品費、食料費といったところ、また、移動のためのバスの借入れ、そういったものの合計になっているところでございます。

次に、開催の背景でございます。もともと連合陸上競技大会に関しては、陸上競技を通して、区内の中学校の生徒の日頃の練習の成果を発表するということで、体力の向上を図るというところと、それぞれの中学校から参加しますので、学校相互の親睦を深めるという目的で開催していましたけれども、令和６年４月に東京2020大会の選手村の跡地に晴海西中学校が開校したというところを契機といたしまして、令和６年度は大会の施設面のレガシーというところで、国立競技場で中学校の連合陸上競技大会を開催しました。やはりそういった場所で開催することによって、体力向上もそうですけれども、世界のトップのアスリートたちが活躍した舞台で自分たちも競技するといったところを通して、夢とか希望とか、そういったところを大きく育んでいくといった目的、背景がございます。

当日に関しましては、かがやきの記事も御紹介いただきましたけれども、種目としては、100メートル走、200メートル走といったものとか、あとハードル走、走り幅跳び、走り高跳び、リレーといったような競技を実施しておりまして、運営といたしましては、各学校の教員が実行委員といった形で、ＰＴＡと学校が、スポーツ協会ですとか東京陸上競技協会の協力を得ながら運営をしていたというところになっております。当日、保護者の方も応援に来てくださっておりまして、例年よりもたくさんの方が応援しに来てくださったというところでございます。

先ほども申しましたように、国立競技場の大きなスクリーンも使って、東京2020大会の会場でできたというのは、本当に貴重な体験というところで、そういったところで競技をすることがなかなかない機会だということで、大変好評だったところでございます。

以上でございます。",2025,2025/10/08,決算特別委員会,理事者
,令和7年　決算特別委員会(第9日　10月8日),石川スポーツ課長,山本理恵,"私からは、お子さんに対して学校体育の外のスポーツ活動ということでお答えさせていただきます。私どもの一番身近な活動といたしましては、少年少女スポーツ教室ということで、小学生の方を対象に、通年で剣道教室ですとかミニバスケットボール、バドミントン、バレーボールという教室を開催させていただいていたり、あとは単発でございますけども、10日間ですとか４日間ですとか、そういう形の短期になりますけども、野球教室ですとか、水泳教室ですとか、サッカー教室ですとか、親子でテニスをしていただくような教室という形で開催させていただきまして、お子さんにスポーツを楽しんでいただくきっかけづくりというようなことをさせていただいております。

また、区の一大スポーツイベントの区民スポーツの日でございますけど、こちらのほうも10月13日、もう来週開催ということになりますけども、まずマラソン大会ということで、小学校の１年生から６年生まで、１・２年の部、３・４年の部、５・６年の部ということで分かれますけども、２キロのマラソンをしていただく。あと中学生の部というのもございます。あと幼児の方で、親子でファミリーの部というのもありまして、そちらは２キロ走っていただくという形になっておりまして、午後はスポーツイベントということで、ボッチャですとかそういうところを楽しんでいただくということもやっております。

デフリンピックに絡めていきますと、お子さん対象というわけではなくて、デフリンピックについては、直近の調査で38.4％というような認知度という形になっていますが、オリンピック・パラリンピックの90％以上に比べるとまだ認知度が少ないので、広報活動という形でそちらのほうをさせていただいているということになっております。

以上でございます。",2025,2025/10/08,決算特別委員会,理事者
,令和7年　決算特別委員会(第9日　10月8日),大久保福祉保健部長,山本理恵,"私のほうから福祉の分野で、スポーツとはちょっと違うんですけども、こういったデフリンピックの機会を捉えて、やはり聴覚に障害のある方に対する理解というか、関心も高まっているということから、先般、児童館の協力と、あと聴覚障害のある方の協力も得て、児童館において手話を使ったコミュニケーションというか、講座というまで堅いものではないんですけども、そういった取組をさせていただきました。

やはりデフリンピックがあるということもあって、お子さんも関心を持って参加していただきまして、イメージとしましては、聴覚障害のある方から何の言葉を手話で知りたいかという質問があって、コミュニケーションを取りながら、例えば数字をって言ったら、数字についてこういうふうにやるんだよとか、そういったやり取りをしながらの手話の講座も行っておりまして、こうしたデフリンピックなどの機会を捉えて福祉の分野でも取組を進めているところでございます。

以上でございます。",2025,2025/10/08,決算特別委員会,理事者
,令和7年　決算特別委員会(第9日　10月8日),石川スポーツ課長,山本理恵,"区民スポーツの日の昨年の実績というようなことかと存じますが、昨年はトータル１万1,000人の方に御参加いただきまして、マラソン大会やスポーツイベント、先ほど申しましたボッチャですとか、そういう障害者スポーツも体験していただきましたし、お子さんが喜ぶようなふわふわ遊具というようなものとか、そういうものも喜んで御参加いただいたというようなことでございます。

今年の新たな取組といたしましては、昨年もデフリンピック、世界陸上に関しては、機運醸成という形で、東京都の依頼もございましたので、ブースを設けて、デフリンピックに関してはスタート体験というのをしていただいたりしています。要は、デフリンピックについて、デフアスリートというのは、耳が聞こえない、聞こえづらいアスリートということですので、通常の陸上のスタートですと、ピストルでバンという形でスタートするんですが、それが聞こえないということなので、信号機のような形で、位置に着いてということで赤、用意ということで黄色、ドンということで緑ということで信号機のように変わりまして、緑を合図にスタートするというような、そういう体験をしていただいたというようなことをしておりまして、そういう形で啓発をさせていただいていると。今年もそういう形で啓発をさせていただくような形になると思います。

新しい取組といたしましては、デフリンピックとか世界陸上に絡めてということではないんですけども、以前から御要望がありましたマラソン大会のスタートについて、大人の部の方については、スタートの順は抽せんでランダムに番号を振って、番号順にスタートしていただくということをやっていたんですけども、速い記録を持つ方が、前に遅い方がいらっしゃると逆に危険だということ、ぶつかってしまうようなことがあるということなので、今回、タイム申告制ということで、タイムを申告していただきまして、タイム順にブロックをつくって、それでスタートを切っていただくというようにいたします。お子さんについては、タイムが一定ではない、成長に応じてまたタイムも変わってしまうということがあると思いますので、番号順にということではあるんですけども、そういうような形でスタートを改善して、より安全に楽しんでいただくような形でマラソン大会を開催してまいりたいと考えております。

以上でございます。",2025,2025/10/08,決算特別委員会,理事者
,令和7年　決算特別委員会(第9日　10月8日),石川スポーツ課長,山本理恵,"まず、障害者スポーツ体験会のお話ということでございましたけども、参加人数が増えないというような課題があるということでございまして、どのようなことをしたらよろしいかということで、今度、障害者スポーツ体験会を実施する際に、実際に参加される方の御意見を聞いてみようという形になりまして、今後、その御意見を参考にして、より参加していただくような改善の方法を取ってまいりたいと考えております。

どのような方が参加されているかということでございますけども、障害者団体の方が６団体、聴覚障害ですとか視覚障害ですとか、それぞれの障害の違いがある団体が６団体いらっしゃるんですけども、そちらのほうに御案内をさせていただいて御参加いただくということですとか、あとは特別支援学級、そちらのほうに御招待したり、ホームページで募集をかけて、一般の方に親子で御参加いただくというようなこともございまして、昨年の12月に障害者スポーツ体験会を実施いたしましたけども、身体障害の方、知的障害の方、聴覚障害の方に御参加いただいて、ラケットテニスですとかボッチャですとかモルックですとか、そういうことを楽しんでいただいたという形になっております。

それから、スポーツ・レクリエーション教室でございますけども、こちらについては、地域スポーツクラブという団体がございまして、スポーツ基本法でも行政として支援するようにというようなことがございますけども、その団体に委託をする形で、スポーツを楽しんでいただく、京橋、日本橋、月島で楽しんでいただくというような形になっています。京橋ですと区役所の会議室ですとか、日本橋ですとスポーツセンター、月島ですと月島スポーツプラザというようなところで、ボッチャやフライングディスク、テニス等を楽しんでいただくという形でございますけども、課題といたしましては、参加人数が１桁台とかいうようなところがありまして、なかなか増えていかないということがございますので、その辺も、先ほどの障害者スポーツ体験会と同様、参加者の御意見を聞いて、どのようにしたらもっと魅力的になるかというようなことを改善してまいりまして、参加者を増やしていくような形で取り組んでまいりたいと存じます。

以上でございます。",2025,2025/10/08,決算特別委員会,理事者
,令和7年　決算特別委員会(第9日　10月8日),石川スポーツ課長,山本理恵,"私からは、子供のスポーツボランティアの活用についてということでございますけども、委員おっしゃるとおり、スポーツには３つの側面があって、する、見る、支えるというところで、支えるというのがボランティアに当たるのかなというようなことでございます。実績といたしましては、御覧の行政評価にもございますように、区民スポーツの日のボランティアの参加者数でまいりますと、令和４年度が42名、令和５年度が27名、令和６年度が40名ということで、これは一般のボランティア、一般のボランティアといいますか、晴海総合高校の生徒の方々にボランティアをお願いしているんですけども、ボランティアの授業で参加されている方と、あと本当に、本当にといいますか、ボランティアという形で参加していただいている方、まさに授業ではないボランティアの参加という形でお願いしている方がこの方々という形になっています。おっしゃるとおり、大きな大会にボランティアとして参加される方、世界陸上もそうなんですけども、ボランティアの方がいっぱいいらっしゃいました。やはり2020大会のときは無観客で盛り上がりに欠けたというところがございましたが、世界陸上は大変な盛り上がりで、日本人選手が出るようなときには地鳴りがするような応援があったということで、席を案内するボランティアの方がいらっしゃいましたけども、そういう方々も地鳴り、一体感を味わって、スポーツに対する感動を得られたようなことがあると、そこからスポーツにつながっていくということはあると思いますので、ボランティアと申しますとお手伝いというような側面があって、実際に従事している方々との調整が必要なのかなというところもありますけども、その辺を図っていきながら、ボランティアの輪というのを広げていければなと考えております。

以上でございます。",2025,2025/10/08,決算特別委員会,理事者
,令和7年　決算特別委員会(第9日　10月8日),鎌田環境課長,山本理恵,"標準服リユース事業におけますリユースできないものの取扱いということでございますけれども、令和６年度、初年度ということで、まず開始に当たりまして、対象としていない品目が入っていたりですとか、また、破れ、汚れ等でリユースに回すことに適さないものがあったといったところで、少し数が多くなってしまっている状況でございます。

これらの活用というところが１つ大きな課題ではあるんですけれども、今年度、令和７年度になりますけれども、リユースに回せなかったものを切り刻んで、アップサイクルといった形で花カップ、いわゆる室内で土を使わない生き物を育てるようなイベントのときに活用するといったところを環境情報センターで実施しているところでございます。

ただ、それだけでは当然リユースできないものを使い切れませんので、今後それをまた保護者の方ですとか、うまく利用するような形で、還元できるような方策というのを現在考えているところでございます。令和６年度、７年度とやっている中で、どれぐらいの量が出るかというのが見えてきたところでございますので、今後そこを具体的にしていければと考えているところでございます。

以上でございます。",2025,2025/10/08,決算特別委員会,理事者
,令和7年　決算特別委員会(第10日　10月9日),小林総務課長,奥村暁子,"こちらは、委員がおっしゃるように、我々としても現状のふるさと納税制度の在り方については、大いに、もう本当に反対しているといったところでございます。

本区としては、こちらは歳入確保のためではなくて、制度本来の趣旨に沿った形、制度ができたときの地方創生とか、地方を応援すると。当初は自分が生まれ育ったふるさとという形で、そちらから東京圏といったところに出てくる方が多くございますので、こうした人口減少社会の中で、地方がなかなかそういう形で成り立たないと。聞くところによりますと、地方でも、そうした20歳までの子供を育てるために１人1,000万円とか、道路、教育、福祉など、様々なインフラも含めてサービスを提供するためにやったものが、そして働き始めて納税を始めると、東京や首都圏、近畿もございますけれども、都市部に出ていくといったところで、生まれ育ったところとか、またそういう寄附文化、大きな災害といったことがあったときに、そうしたところを応援したいという気持ちも大事だと思います。また、地方創生、地方が頑張るということで、地方のそういう取組に自分の税金を使ってほしいんだという思いでこうした制度ができたと我々としては認識してございます。

そうした中で、現行の返礼品競争になっているふるさと納税制度には反対して、引き続きそうした要請はしつつ、そして区民にも現状を分かってもらいつつ、制度本来の趣旨にのっとった形で中央区を応援するという方にはふるさと納税制度を使っていただこうということで、団体応援寄附から始めまして、中央区の魅力を体験していただけるような体験型、それから観光協会の推奨土産品という形で充実を図ってきたものでございます。

以上でございます。",2025,2025/10/09,決算特別委員会,理事者
,令和7年　決算特別委員会(第10日　10月9日),小森広報課長,奥村暁子,"広報に関するデザイナー等の活用についてでございます。

今、広く広報、情報発信という中において、この委員会でも何度か説明させていただいているところでございますが、令和６年度に区における情報発信の在り方というものを取りまとめました。これを今、庁内で共有しているところなんですけれども、それに基づく取組として、一応考え方として、委員がおっしゃるように、デザインというものは単なるデザインではなくて、そのデザインを通して区における取組の考え方が区民に伝わる。これによって区政への理解が深まる。こういうところから、しっかりとデザインに関しても意識を持っていこうという観点で取りまとめたものがございます。

それに基づきまして、令和７年度におきましては、まさに外部人材、副業人材とも言っておりますけれども、副業人材を活用して、庁内でモデル部署を設けまして、今３部署にチラシ等のデザイナー、民間において広報実績があるデザイナーの支援をするという形で、ＳＮＳの発信における広報物のデザインといったもののアドバイスをしているところでございます。モデル部署ということで展開しておりますけれども、こういった今年の実績をしっかりと分析して庁内で共有していく、そういう中で職員全体の広報力の向上を図っていくということを目的に進めているところでございます。

以上でございます。",2025,2025/10/09,決算特別委員会,理事者
,令和7年　決算特別委員会(第10日　10月9日),小森広報課長,奥村暁子,"まず、デザイナーについてでございます。直接雇用というお話がございましたが、直接雇用ではなく、副業人材を活用した職員の広報力に関する取組の支援業務を事業者に委託しております。その事業者の委託の中で、事業者のほうでデザイナーを活用して支援をしているということでございます。

もう一つ、チラシではなくポスター等にもということでございますが、先ほど令和７年度の取組の中で、モデル部署に対する伴走型支援を行っていると申し上げました。もう一つ、こちらも先般説明させていただいたところでございますけれども、職員向けにデザインとか文章力、ライティングの研修というものを今年度、そのデザイナーにより行うようになっております。そうした中で、直接、広く職員が現場でそういうチラシやポスターを現に作成する現場において使えるスキル、それを係長なり、ポスター等をチェックする立場の者に、どういう観点で見たらいいかというところを伝える、そういう２種類の研修を今予定しております。そうした中で、職員全体のデザイン力、広報力を高めていく中で情報発信の力を高めていくということを考えております。

以上です。",2025,2025/10/09,決算特別委員会,理事者
,令和7年　決算特別委員会(第10日　10月9日),岡田子ども子育て支援課長,奥村暁子,"私からは、ＤＶセンターの問合せの件数、内容についてでございますけれども、基本的にこちらのほうで問合せがありますのが、本当に家庭内でのＤＶを受けているという直接的な相談であったり、離婚に関することとか、夫婦間の関係の相談が多いという状況です。それと生活困窮の中での相談が多いという状況ですので、基本的には性犯罪等に関する問合せはないという状況でございます。

以上でございます。",2025,2025/10/09,決算特別委員会,理事者
,令和7年　決算特別委員会(第10日　10月9日),小林総務課長,奥村暁子,"男女平等センターブーケ21でございますけれども、こちらのほうでも女性相談とか各種相談を受けてございます。こちらは、性被害といったところに関しては、これまでほとんどなかったということでございますけれども、実は昨年度からＳＮＳ相談を新たに開始してございます。こちらは、若い世代でも、年齢、性別を問わず、誰でも気軽にＳＮＳでチャット形式で相談ができるような相談を始めたところ、非常に若年層の相談が多く寄せられております。割合にしてもう８割ぐらいが10代、20代という形になっておりまして、そうしたところ、昨年、性暴力で４件の相談が寄せられております。こうした若年層はなかなか区役所の相談の窓口が向きづらい、相談につながりづらいところでございますけれども、こうした相談の窓口を広げて、今後も取り組み続けていきたいと考えてございます。

以上でございます。",2025,2025/10/09,決算特別委員会,理事者
,令和7年　決算特別委員会(第10日　10月9日),小林総務課長,奥村暁子,"本区では、性暴力、性被害の防止、被害者の支援等について、中央区では既に基本条例を制定しておりまして、男女の平等及び共同参画による社会づくりに関する基本条例を令和５年に制定してございます。そうした中にちゃんと基本理念として、全ての人が性別等による差別、配偶者暴力、あらゆるハラスメントを受けることなく、一人一人の人権が尊重されることときちんと定められておりまして、さらに条例の基本理念を具現化するための行動計画にも、基本目標の柱の３つ目に、あらゆる暴力の根絶、そして取り組むべき課題として、ちゃんとそのものずばりで、性犯罪・性暴力の防止と被害者支援を掲げまして、各種事業を展開しているところでございます。ですので、こうしたところで、今後も現行の取組といったことを幅広く積極的に進めていきたいと考えてございます。

以上でございます。",2025,2025/10/09,決算特別委員会,理事者
,令和7年　決算特別委員会(第10日　10月9日),小林総務課長,奥村暁子,"こちらは、条例のところには、あくまでもこれは基本理念でございますので、そうした基本的な方向性の理念、考え方は条例で定めまして、先ほど申し上げたように、各種の行動計画のところで、様々な基本理念に基づいた取組については具体的に検討しているところでございます。

こちらのあらゆる暴力の根絶といったところについては、様々な事業を計画のところで定めて、意識啓発とか、様々な支援を進めているところでございます。委員がおっしゃいましたような具体的な見舞金とか法律相談の助成といったところは具体的に書いてはございませんけれども、行動計画に従って、必要な事業を今後も引き続き進めてまいりたいと考えてございます。

以上でございます。",2025,2025/10/09,決算特別委員会,理事者
,令和7年　決算特別委員会(第10日　10月9日),大久保福祉保健部長,奥村暁子,"放課後等デイサービスについてでございます。

委員から御意見がございましたように、放課後等デイサービスの事業所が全体として足りないという認識がございます。そうしたことから、区としましても、その誘致策として補助制度を設けたところでございます。事業者にとって家賃補助が永続的にされるというのは当然魅力的ではありますので、そうしたことによって誘致の促進につながるとは思ってございます。

ただし、家賃というのは多かれ少なかれどこに整備しても必要となるものでございますし、また放課後等デイサービスに限らず、どの事業所にとってもこういった家賃はかかってくるものと。そして、国においても、こういったものも含めて給付費で一定程度賄えるというスキームの下、運営されているというのが本来の形なのかなと思っております。

ただし、それをスピードアップして整備するという必要があることから、家賃補助という仕組みを設けております。永続的になってしまいますと、例えば今後、一定程度整備が進んで、事業者が充足した場合においてもなかなかその補助をやめられないとか、そういったことを前提に事業運営をしていくということになりますので、そうした意味では、不足している、急速に整備する必要がある期間に一定程度絞って参入を促す、そして、利用者が一定程度多くなれば、それは当然給付費の中でカバーしていくというのが本来のスキームですので、そのような状況に持っていくための臨時的な対応として今、補助制度を設けているところでございます。

この補助制度が効果的であって、そして事業者が増えていく、まずこういった取組が必要ですので、そうした取組がまだ不十分であるかどうかを見極めた上で、その補助制度の見直しについては検討すべきだと思っておりますので、現段階では今のスキームの中で運用していきたいと考えております。

以上でございます。",2025,2025/10/09,決算特別委員会,理事者
,令和7年　決算特別委員会(第10日　10月9日),大久保福祉保健部長,奥村暁子,"補足ですけれども、今、18歳を越えた後の場所の説明をるるさせていただきましたけれども、障害の程度によっては就労支援ということも当然ございます。区内あるいは区外近隣にも就労支援事業所がかなり多くございますので、こうした活用の中で自立に向けた取組を進めていく。あと、例えばなかなか自力で移動できない方についても、ちょうど今回第三回定例会の一般質問の中でも福祉に関するロボットについての御質問がございましたけれども、例えば移動できない方も、こういったロボットを使うことで、場合によっては家の中で就労なり、あるいは活動に参加するという仕組みも考えられると思ってございます。そうした様々な工夫をしながら、自立に向けた取組というものを積極的に区として進めていきたいと考えております。

以上でございます。",2025,2025/10/09,決算特別委員会,理事者
,令和7年　決算特別委員会(第10日　10月9日),森下保険年金課長,奥村暁子,"マイナ保険証についてでございます。

マイナ保険証につきましては、委員に御説明いただきましたように、令和６年12月２日以降にマイナ保険証を基本とする仕組みに移行いたしまして、その関係に基づきまして、基本的にオンラインで資格確認ができない方については資格確認書を発行し、また、マイナ保険証をお持ちの方については資格情報のお知らせという通知をお送りするといった制度に切り替わっているところでございます。

なお、このお話をするについては、必ず後期高齢者の医療制度も関連してまいりますので、後期高齢者のお話を申し上げますと、後期高齢者に関しては、資格確認書の暫定運用の継続ということが方針として示されておりまして、後期高齢者は、マイナ保険証があるなしにかかわらず、皆さんに全て資格確認書を発行するとした運用をしているところでございます。

委員のおっしゃる、このマイナ保険証という制度に移行し、一斉更新の時期に当たって混乱はなかったのかというお話でございますが、私どもの窓口とか電話でのお話の中で、取り立てて混乱は起きていないということで認識しております。また、医療機関からも特に、例えばトラブルがあったので何とかしてくれといったお話は受けていないという認識でございます。

委員に御紹介いただきましたように、他の自治体においては、全対象者に対しまして資格確認書を送るという対応を取った自治体があるということです。この資格確認書の発行ということでございますが、これについては基本的に自治体の自治事務でございますので、最終的には自治体の判断で資格確認書を全員に一律交付するかどうかというのは、確かに私どものほうで判断できるということで方針は示されておりまして、委員のおっしゃった一斉交付のときに一律で交付した自治体がどのように考えたかというのを伺っておりますが、基本的にその自治体においては、マイナ保険証の利用率が低い中で、国保の保険証の有効期限が到来することによって混乱が生じることを懸念して交付するという方針としたと伺っているところでございます。

冒頭申し上げましたように、本区においてはそういった混乱は起きないであろうという予測もしておりましたし、また実際にそういった混乱は生じていないという認識でございまして、この混乱ということを考えますと、私どもが考えるには、自治体ごとにこの資格確認書の交付の仕組みが変わってしまうことのほうがむしろ医療機関の受付で混乱を生み出すことになり、また、引越しをされる方にとっては、住む自治体によって出てくるものが違うと、そうした中で混乱が生み出されるものと考えているところでございます。

そして、数の話でございますが、委員がおっしゃった資格確認書の発行数ということで、大変申し訳ありません、手元にないものですから、資格確認書を発行した時期の国民健康保険の被保険者数が６月末時点で２万6,629人、被保険者の方がいらっしゃいます。その中でマイナ保険証の登録をなさっている方が１万4,896人いらっしゃいますので、ちなみに登録率が55.9％になります。すぐ計算ができずに、申し訳ありません。この差の数が資格確認書を発行した数と読み取っていただければと思います。

以上でございます。",2025,2025/10/09,決算特別委員会,理事者
,令和7年　決算特別委員会(第10日　10月9日),森下保険年金課長,奥村暁子,"スマホ保険証についてでございます。

るる御説明いただいたとおり、９月19日からスタートしております。まず、各種報道で言われておりますが、スタートして導入されている医療機関は基本的にまだ今の段階では少ないということで伺っております。大変申し訳ありません。中央区での数というのが、厚労省のほうで公表しているところでございますが、今、私のほうで把握していないものですから、お答えできません。

区民の方々、医療機関からの反応、お声ということでございますが、こちらに関しても特に我々のほうで、病院に行ったけれども使えなかったとか、この制度自体、何なんだとか、そういったお問合せは受けていないところでございます。また、医療機関の方々につきましても、窓口でトラブルがあったとか、そういったお声は耳にしていないところでございます。

以上でございます。",2025,2025/10/09,決算特別委員会,理事者
,令和7年　決算特別委員会(第10日　10月9日),森下保険年金課長,奥村暁子,"先ほどお尋ねいただきました、スマホ保険証が使える医療機関のお話でございますが、数が分かりましたのでお伝えさせていただきます。病院、診療所、歯科を合わせまして148、また御参考までに、薬局は34の薬局で利用できることとなっております。

以上でございます。",2025,2025/10/09,決算特別委員会,理事者
,令和7年　決算特別委員会(第10日　10月9日),白石水とみどりの課長,奥村暁子,"公園の要望についてでございます。

まず桜川公園、Ｐａｒｋ－ＰＦＩについてでございますが、こちらに関しましては、公園の質の向上とか、利用者の利便性の向上、こういった制度を使って地域の活性化とか財政負担を図れるということを期待して、今回Ｐａｒｋ－ＰＦＩの導入に進んでいくといったところでございますが、委員の所属する会派からも、ずっと継続的に民間事業者、カフェを含めたそういったものが貴重な公園の中に整備されるということに関する懸念は随時いただいておりまして、我々もその導入に関しては慎重に検討していたところでございます。

そうは言いましても、昨今の流れから言いまして、今、区の中でも官民連携のボランティアとか自主管理、町会の皆様にも協力していただいて、公園の管理の仕方は様々導入してきてはおりますが、まだまだ足りないと、委託に頼っているというところもありますので、新たな公園の管理の仕組みということも踏まえまして、このＰａｒｋ－ＰＦＩの導入に踏み切っているというところでございます。

令和６年度に関しましては、事業者の選定を行いまして、所管の委員会等でも報告いたしましたとおり、事業者がつむぐ桜の森パートナーズというところに決定したと報告させていただいております。

現状、桜川公園のＰａｒｋ－ＰＦＩの施設によって狭くなるとかという御意見はありましたが、この施設の規模に関してというよりは、そのしつらえの部分も含めて、公園管理運営部会というものを今回事業者のほうに要件として出しましたので、早速それを組成していただいて、事業者、区、それから町会の皆様が入って、この公園のつくり方というものを今、設計の段に入ってますので、実施しているということで、これまでもコミュニティは公園の中ではございましたが、より一層広がった形で、現状、既に３回この公園管理運営部会というものを実施して、公園の在り方、設計の在り方を今検討しているところでございます。その中で、公園の遊具の配置も含めて、芝生の広場とか、緑を生かしながら公園の広さを確保できるように設計に取り組んでいるところでございます。

それから２点目にボール遊びの話が出ましたが、公園の中ではいろいろな方が遊ばれるということで、そういう意味ではボール遊びは禁止という事項にはなっておりますが、周辺にキャッチボール場を含めて13公園、ボール遊びができるところがございます。今、築地川公園の多目的広場は、近いところで言いますと、ここが今、整備中というか、入船橋の関係でわんわん広場が多目的広場に出てきていますので、ここの改修も含めて、今後キャッチボール場が貴重な場所ですからリニューアルされるということで、近隣ですと、そちらを今後お使いいただけるような形になりますので、お待ちいただければなと思います。

それから、隣にありますブーケ21の屋上公園のしつらえというところでございますが、こちらに関しましても、もともとあったゲートボール場が機能を廃止しまして、人工芝を敷いた広場になっております。周辺の保育園の皆さんが日中使っているといったところがありますので、現状の使い方も踏まえて、屋上公園の在り方については、今はまだ動きとしてはありませんが、今後、検討していきたいなと考えております。

それから、ごめんなさい、ちょっと戻りますが、桜川公園における保育園の利用とか、周辺のというお話がありましたので、町会を含めて、しっかりと保育園とか中央小学校、それから高齢者施設が横にございますので、お話は区から御要望等を伺っているところでございますので、そちらは御安心いただければなと思います。

それから、夏の暑さ対策というところでございます。これは、ここのところの暑さでなかなか公園が利用できないといったことは十分承知しているところでございます。区といたしましても、もともとの特色である水辺の公園とか緑陰の形成というのは意識しておりまして、市街地よりも公園の水辺のほうが暑い夏場はまず基本的には体感的にも涼しいのかなとは考えておりますが、委員がおっしゃるとおり、さらなるそういった暑さ対策は必要になってくるかなと認識しております。

日よけとかの部分なんですが、こちらに関しましては公園内の面積によって建蔽率の制限がございまして、極力日陰をつくる、そこの上にあずまやとか、よしずを張ったりということで、木陰づくりは引き続きやっていきたいなと思いますが、そういった条例上の制限などもありますので、御理解いただければなと存じます。

じゃぶじゃぶ池のお話もございました。こちらに関しましては、現在、７月の頭、第１週から９月の第１週まで御利用いただいているところでございますが、夏の暑さで利用者の方もなかなか暑い時間に使えない、水がお湯のようになってしまうという御意見は伺っておりますので、こちらも、今後この暑さがずっと続くようであれば、その運用時間といったところも含めて検討していかないといけないなと思っているところでございます。

私からは以上でございます。",2025,2025/10/09,決算特別委員会,理事者
,令和7年　決算特別委員会(第10日　10月9日),白石水とみどりの課長,奥村暁子,"まず、公衆便所に関してでございます。

お子様用の便座の設置でございますが、現状、親子便座設置、要は一般的な大人の便座にさらに子供用の小さな便座がくっついているようなタイプとか、あとは横に置いておいて、それを載せられるタイプのものなどを含めまして、現状、19か所の公衆便所に設置しております。御要望も伺っているところでございますので、まず親子の御利用者が多い公園内の公衆便所に関して、先行的に整備を進めているところでございます。

また２点目の清掃の話でございますが、公衆便所は、清潔であって、使う方に気持ちよく使っていただくということが大前提かなと思います。なかなか汚れている、汚い場合があるということで御意見をいただきまして大変恐縮なところでございますが、区といたしましては、全公衆便所で１日２回の清掃は実施しておりますし、場所によっては３回清掃をしております。ただ、今言った御意見、御要望もございますので、清掃の仕方とか、そういったところは再度見直しを図って、安心して清潔に使える公衆便所を維持管理していきたいなと存じます。

それから、ベンチも劣化している部分があるということで、佃公園を挙げていただきましたが、こちらに関しても現状を区でも把握しておりまして、現在はその部材の発注とか交換に向けての動きをしているところでございますので、時間がかかってしまって大変恐縮ですが、区も気づいておりますし、今実施中というところでございます。ほかにそういう場所があるかというところでございますと、ないということで御報告したいなと思います。

以上でございます。",2025,2025/10/09,決算特別委員会,理事者
,令和7年　決算特別委員会(第10日　10月9日),青柳住宅課長,奥村暁子,"区営住宅の浴室についての質問でございます。本区の区営住宅は、都営住宅から移管を受けたものがもともとございまして、その住宅をまとめて建て替えをした勝どき住宅というものが平成17年にできてございます。

もう一つ、月島四丁目アパートが、都営住宅から移管を受けて、そのまま築年数がたっている住宅でございます。こちらの住宅につきましては、もともとの仕様で、浴室があるんですけれども、浴槽とか風呂釜がついてございませんので、そちらにつきましては入居者の方に御負担いただいて設置しているところでございます。

したがいまして、区営住宅がそうということではなく、区のほうで建て替えを行った区営勝どき住宅につきましてはユニットバスを設置してございますので、古い仕様の月島四丁目アパートについては、このような形で入居者の方に対応していただいているという状況でございます。

私からは以上でございます。",2025,2025/10/09,決算特別委員会,理事者
,令和7年　決算特別委員会(第10日　10月9日),菊池地域整備課長,奥村暁子,"私からは、コミュニティファンドを使った居住継続援助事業が今５か所のところで行われているんですけれども、それ以外にないかというところなんですけれども、基本的には一番早いところで晴海一丁目の再開発が平成８年に竣工しているんですけれども、その５施設で一番遅いところでいきますと、月島一丁目３、４、５番地区で、これは平成25年に竣工しているところになります。その間にも例えば浜町三丁目とか、平成10年代に人形町一丁目とかでも再開発が行われていて、こういったところは住居系なんですけれども、居住継続援助事業は採用されていないというところです。

これが採用されている、採用されていないというところなんですけれども、基本的には、エリアの中で再開発組合があり、もともと事業として大家さんがいて、借家人の方が借家に住んでいるという中で、再開発で新しく建物が変わる中で、大家さんもその事業を引き続き大家さんの仕事をしていくのか、借家人の方も引き続きそこに住んでいくのか、そういう中で、本来であれば再開発の中で権利返還などがなされる中でそのあたりも整理されるというのが大前提でありながらも、区としても、居住継続、住み続けられるというところで、そういった制度の御案内なども、再開発組合から御相談があった場合は協議、話合いをしているというところでございます。そういった協議をする中、結果として５施設で採用があったというところです。

私からは以上です。",2025,2025/10/09,決算特別委員会,理事者
,令和7年　決算特別委員会(第10日　10月9日),青柳住宅課長,奥村暁子,"区営住宅についてでございます。区営住宅も含めてですけれども、空きが発生しましたら募集をさせていただいておりまして、あらかじめその募集要項の中にも、月島四丁目アパートに関しましては、浴室はあるけれども浴槽、風呂釜はないということで、御入居いただく方で御用意いただくということで御案内はさせていただいているところでございます。

あと、委員お尋ねの都営住宅につきましては、もともとの都営住宅の仕様がこのようになっているということで、都営住宅から移管を受けたときにはもうこのような状態でございまして、建物の大規模な改修につきましては、給排水といったところの改修もございます。区立住宅でも、築地住宅とか、昭和の末に竣工している住宅がございまして、そうした住宅につきましては同様な仕様になってございまして、大規模改修に併せてユニットバスに交換しているという状況もございます。そうしたことから、月島四丁目アパートにつきましても、今後の改修の中で区のほうでそういった対応ができるかどうかも含めて、そこは考えていきたいと思ってございます。

私からは以上でございます。",2025,2025/10/09,決算特別委員会,理事者
,令和7年　決算特別委員会(第10日　10月9日),菊池地域整備課長,奥村暁子,"居住継続援助事業についてです。先ほども答弁したとおり、基本的には、再開発組合の中で大家の事業をやっている方と借家人といる中で、再開発組合として最終的に権利返還などを踏まえた中でどうしていくのか、その中で区としても御相談いただければ、そういった事業の御紹介とともに、居住継続の話を重ねていくというところでございます。

借家人の方が例えば直接、居住したいということで中央区のほうにいらっしゃった場合についてはそういう方がいらっしゃるということで、再開発組合として、そういう御希望をされる方が多いのか少ないのか、いずれにしても区のほうにそういったお話が来ているということで、どういう対応が組合でできるのかということをしっかり協議して、丁寧に借家人の方にも御説明するようにということで指導するところでございます。

あと、結果として居住継続援助事業を採用しないという結論になれば、近隣に引っ越すとか、そこには住めなくなるという形にはなるんですけれども、その部分につきましても、再開発組合の中で、例えば従前と同じような家賃の住まいが近くにどれだけあるのかとか、引っ越しがしやすいような形で、なるべくそこが障害にならないように、丁寧な説明で、時間をかけてしっかり御理解いただいて、そういった引っ越しができるようにということで区として指導しているというところでございます。

以上です。",2025,2025/10/09,決算特別委員会,理事者
,令和7年　決算特別委員会(第10日　10月9日),黒田商工観光課長,しらす夏,"まず、中小企業支援というところでありますけれども、御存じのとおり、買物券につきましては、令和７年度販売総額30億円ということで、過去最大の販売をしたところでございます。こういった区民の方が直接区内の中小企業の支援に携わっていただく、これは、買物券事業につきましては長年やっておりますけれども、こういった取組は今後も引き続き実施していきたい。買物券の利用方法等につきましては、様々御意見をいただいているところがありますので、そういった課題を解決しながら、使いやすく、また効果のあるような事業を引き続き行っていきたいと考えております。

また、融資制度、それから経営相談と、これまで区は、地元の事業所並びに関係機関と日頃から密に連絡を取り合いながら、区内の事業所がお困りのこと、そういったものに密接な支援をしていくということで、融資の限度額の増額とか、融資制度の新設とか、そういった事業を行ってきたところでございます。こういった事業者の方と連携しながら、しっかり今必要な支援を行っていく必要があると思っていますし、これまでコロナ等で社会状況が変わる中でも、その都度そのときに合った支援をしてきたところでございます。こういった施策につきましては、今後とも関係機関と連携しながら、しっかり効果のある事業としてやっていきたいと考えております。

以上でございます。",2025,2025/10/09,決算特別委員会,理事者
,令和7年　決算特別委員会(第10日　10月9日),早川都市整備部長,しらす夏,"住まいの安全・安心なまちづくりというところでございます。今、委員から御案内のありましたとおり、またこれまでの間もありましたとおり、物価高、物価高騰といったものが、住環境だけではなくて、建設に当たっても資機材の高騰等にも結びついているところと思ってございます。こうしたことから、必然的に住宅価格の高騰、また家賃の高騰にも連動しているところと思ってございまして、昨今の住宅事情の厳しさは区としても認識しているところでございます。

ただ、これらについては、様々な経済的な施策を通じて、住み続けられる施策というものを区としても打ってきているところでございますけれども、とりわけ、例えば住宅に関する家賃といったものについては、公平性とか、そういう観点があろうかと思ってございます。分譲住宅をお買い求めになられた方、賃貸の方、また個別住宅の方もいらっしゃるかと思います。そういった状況の中でどのような支援ができるのかというところはございますけれども、トータル的に様々な施策を通じて、住み続けられるまちづくりというものに取り組んでまいりたいと思ってございます。

以上です。",2025,2025/10/09,決算特別委員会,理事者
,令和7年　決算特別委員会(第10日　10月9日),小林総務課長,しらす夏,"新聞の購読につきましては、総務課のほうで総務部内、それから秘書室の新聞を購入いたしているところでございます。区長につきましては、現在、全国紙の６紙、それから公明新聞としんぶん赤旗という購読状況になってございます。

以上でございます。",2025,2025/10/09,決算特別委員会,理事者
,令和7年　決算特別委員会(第10日　10月9日),小林総務課長,しらす夏,"日々、業務についてはそれぞれ情報共有を行っておりますし、また庁内で、部の中で様々な各部で調整が必要な事項とか、全庁的に影響があるようなものについては、部の庶務担当課長が集まるような調整会議といったものも開きながら連携を図っておりますし、日々の業務でも連携、共有を図っているところでございます。また、システム上で、職員みんなが見られるような情報、そうしたところも日々更新を図っているところでございます。

以上でございます。",2025,2025/10/09,決算特別委員会,理事者
,令和7年　決算特別委員会(第10日　10月9日),小森広報課長,しらす夏,"例えば区長への手紙に寄せられる意見につきましては、区長への手紙としての専用のシステムがございます。こちらのほうで電子管理されている中で、各部がそれぞれの部署に上げられた意見といったものを共有できるという仕組みになっております。

以上です。",2025,2025/10/09,決算特別委員会,理事者
,令和7年　決算特別委員会(第10日　10月9日),小林総務課長,しらす夏,"日々、区民からの苦情とか意見、要望、そうしたものは非常に大事なものだと思っております。委員がおっしゃられましたように、非常に長時間にわたったり、また非常に無理な、ルールとして、統一的な決まりとしてできないものをやるようにというもの、今いわゆるカスタマーハラスメントといったところが社会でも話題になっておりますし、東京都も条例を制定しているというところでございまして、日々こちらでもそうしたものも検討しながら、今現在、区でも検討もしております。そうした中では、今おっしゃられましたように、窓口の若手職員などがよくそうした形で対応していますので、そこは組織的な対応、そしてまた終わった後のそういうメンタル的なケア、声かけ、そういったものにも取り組んでいきたい、そして、庁内でもそうしたことをしっかりとやるように周知を図っていきたいと考えております。

以上でございます。",2025,2025/10/09,決算特別委員会,理事者
,令和7年　決算特別委員会(第10日　10月9日),岩田職員課長,しらす夏,"実際そうした対応を受けてメンタルに不調を来したというところも、その前にでもありますけれども、本庁舎11階に健康相談室というものを開設しておりまして、いつでも御相談を受けられるような体制を整えております。また、健康相談は、何でも相談できるという体制で、民間のそういう健康相談の事業者に委託をさせていただいておりまして、職員自ら、ほかの職員には知られずに相談をすることができるといった体制も整えております。また、メンタルヘルス講習会とか、年に１回のストレスチェック、そうしたところからストレスの具合等を職員のほうで把握させていただいて、日々対応しているという状況でございます。

以上でございます。",2025,2025/10/09,決算特別委員会,理事者
,令和7年　決算特別委員会(第10日　10月9日),山﨑総務部長,アルールうた子,"大変速い御質問で、書き取れたかどうか、今、周囲も巻き込んで対応しておりますので、漏れがあったらお伝えいただければと思います。

まず最初の人事関係のお話で、手当とか、業務環境、執務環境といったものについてでございますけれども、手当につきましては、いわゆる職員手当というのは特別勤務手当でございますので、そういった業務手当については、一定程度、外勤とか、そういうものがある職員については、そうした手当は１日何百円とか、そういう単位でついてはおります。今おっしゃられたように、そういった暑熱対策とか、いろいろな環境の変化を捉えて、必要であれば、そういった部分の見直しを図っていく必要があろうかと思ってございます。

また、業務環境を含めて、離職率が高い、特に技術系の職員のお話でございますけれども、これはもう民間の動きとともに、ある部分、致し方ない部分と、少子化が進んでいく中での人材不足の影響というのは実際にございます。給料につきましては、人事委員会の勧告等で、そこの部分だけ、人が欲しいから給料を上げるとか、そういうことはむやみやたらとできないという状況がある中で、どのように23区を取り巻く状況等を踏まえて、さらに中央区を踏まえて、やりがいのある仕事を見つけていただく中で、そういった業務を紹介していく中で、そういう職員獲得に努めていきたいとも思います。

また、執務環境については、この庁舎をいましばらくは使っていかなければいけないということで、前の委員の質問にも総務課長が答弁しましたけれども、この中でもできる限りの環境整備は図ってまいりたいと考えてございます。

また、行政評価制度も含めた業務全体の連携といいますか、リンクを貼った業務体制の在り方、組織体制の在り方というのは、当然、今いろいろなニーズとか、そういうものが複合的に絡まり合って複雑化している状況の中で、それぞれ縦割り行政にならないように、あるいは評価を踏まえて、そういったものがダイレクトに予算編成等にも生かせるようなものはやっていかなければいけないと思っておりますので、その辺も引き続き検討は続けてまいりたいと思ってございます。

また、外部人材活用補助金の情報等との御質問がございましたけれども、そこは切り離して考えるべきかなと思ってございます。というのは、補助金については、当然通知がございますので、それらをきちんと見ていって、どれに活用できるかというのは、専門人材というわけではなくて、区の中できちんとそれがつないで、要は経験ある職員と、そういった漏れがないようにきちんと把握していくことが大切だと思っておりますので、また専門人材は、ＩＴとかＤＸといったもので必要なことがあれば、そういった専門的な業務に関しては引き続き検討は続けてまいりたいと思ってございます。

私からは以上でございます。",2025,2025/10/09,決算特別委員会,理事者
,令和7年　決算特別委員会(第10日　10月9日),生島企画部長,アルールうた子,"重複等も含め、あるかもしれませんけれども、基本的な委員から御質問があった内容につきましては、財源に関しては、東京都から出るものはしっかりと使って、それを生かして区の行政サービス等を向上していただきたいというお話であるのかなと考えております。

もちろん、本区は今、令和５年から基本計画2023にのっとって、20万都市に向けてソフト・ハード面を含めて網羅的に底上げ等、拡充、充実、全てを図っていかなければならないと考えております。今後につきましても、財源等を含めましてしっかり活用しながら、各部門における課題に関しまして、この決算特別委員会の中で様々な御提案、課題、御懸念をいただきましたので、これらについて対応できるように取り組んではまいりたいと考えております。

個別の部分で、特に情報発信のところは私どもの所管ですので、ここは、昨年、区のおしらせの見直しを図っていますように、今持っております報道メディアの部分のＳＮＳを含めて、どう活用するかということに取り組んでいるところでございますので、動画等の発信に関する内容も充実しまして、これからますます見ていただけるようにということが全体としての方針としてはございますので、順番等は前後するかもしれませんけれども、全体として様々、改めて取り組んでまいれるように考えていきたいと存じます。

以上です。",2025,2025/10/09,決算特別委員会,理事者
,令和7年　決算特別委員会(第10日　10月9日),山﨑総務部長,川畑善智,"政務活動費につきましては、条例事項でございますので、そういった中で、金額の必要性とかを含めて考えられる場合においては、まず一義的に議会のほうでも御議論いただきたいと思ってございます。特別職報酬等審議会を区のほうで行ってございますけれども、議員の報酬についてはそこで御議論するという形になってございますけれども、政務活動費についてはそういった場面はございません。そういうところも含めてお話をしていただいて、区も含めてそういう話合いをする機会等も含めて、していただければと考えてございます。

以上でございます。",2025,2025/10/09,決算特別委員会,理事者
,令和7年　決算特別委員会(第10日　10月9日),小林総務課長,川畑善智,"手数料は、条例の規定により各自治体の判断ということになってございます。中央区は、現状におきましては手数料の無償化を行っておりませんで、徴収を継続しているところでございます。これは、銀座や日本橋といったところを擁する本区ならではの地域事情ということがありまして、請求の大半が美容院とか診療所など、衛生関連施設の一覧表のリストであったり、そうした営業のために、事業者が営利目的で請求しているといったところでございます。

こちらは数値で言いましても、全体に占める事業者による請求の割合は、過去５年平均では75％となってございます。高いところでは89％、79％、ほとんど七、八割といったところもこうした事業者ということでございまして、本区としては、このような状況を踏まえまして、受益者負担として手数料を徴収することが妥当という判断をしているところでございます。

ただ、本区としては、情報公開を決して後ろ向きに捉えているわけではございませんでして、４年ほど前から任意的情報提供という形で積極的な情報提供を活用して行っております。この任意の開示は、条例による手数料を頂いたりとか、手続期間で２週間程度を要したりとか、そのようなことはしませんで、要は公開を前提としたような審議会とか委員会のそうした資料については、任意の開示で対応しているところでございます。

こうした運用を周知徹底したことによりまして、令和３年度に通知を出しましたけれども、令和３年度は請求件数が2,512件でありましたけれども、翌年は1,317件とほぼ半減いたしまして、令和５年度には1,346件、令和６年度には1,488件となってございます。こうしたことから、手数料の徴収が情報公開の妨げになるという認識はなく、区民等からの求めに応じた対応を行っているところでございます。今後も、任意的開示をはじめとしまして、開かれた区政、透明性の確保といったことのために、情報公開を積極的に進めてまいりたいと考えてございます。

以上でございます。",2025,2025/10/09,決算特別委員会,理事者
,令和7年　決算特別委員会(第10日　10月9日),岩田職員課長,川畑善智,"会計年度任用職員の公募によらない再度任用の上限回数の撤廃ということで、本区も撤廃させていただいているという状況でございます。

それと、今、委員に御質問いただきました、次年度５回目の更新となる職員の状況は、申し訳ありません、各部署で雇用しているところもございまして、現時点では職員課では把握できていないところでございます。

以上でございます。",2025,2025/10/09,決算特別委員会,理事者
,令和7年　決算特別委員会(第10日　10月9日),石戸政策企画課長（参事）,川畑善智,"奨学金等の御質問でございます。

奨学金は、いわゆる子育て支援全般の中の一つであるものかなと認識しているところでございます。現在、区では、例えば、御紹介がありましたが、生活困窮世帯への負の連鎖の防止を目的にということで、子どもの学習・生活支援事業であったり、受験生チャレンジ支援貸付事業などを実施しておりますが、これらは一定所得以下の世帯の子供の進学を支援しているものでございます。あわせて、ひとり親家庭等にも別の制度で奨学金のような貸付も用意しているところではございます。また、区以外に、国や都におきましても、授業料や入学金免除、給付型の奨学金に関する制度を設けているところであり、相談窓口において各種制度を御案内しているところでございます。

いずれにいたしましても、現在、区といたしましては、低所得者の教育費の負担軽減の必要性については認識しているところではございますけれども、現在のところ、区独自の給付型等の奨学金制度を創設する予定はないところでございます。

以上でございます。",2025,2025/10/09,決算特別委員会,理事者
,令和7年　決算特別委員会(第10日　10月9日),宇田川情報システム課長,川畑善智,"本区の情報システムへの取組ですけれども、今、基本的に、取りあえず当面の目標といたしましては、情報システムの標準化がございます。一応今年度が期限となっていたんですけれども、諸事情がございまして、移行遅延等がございます。その関係で、今、目前で取り組んでいるのは標準化です。こちらをまず完全に終わらせて、区民の利便性等を向上させていくのと、今ＤＸをやっておりますので、ＤＸの関係で、職員の使い勝手、あるいはＢＰＲ、働きやすさに含めて、さらに区民の利便性向上を目指しております。

以上でございます。",2025,2025/10/09,決算特別委員会,理事者
,令和7年　決算特別委員会(第2日　9月29日),アルール委員,アルールうた子,都民ファーストの会からは、21件の資料要求をさせていただきます。,2025,2025/09/29,決算特別委員会,議員
,令和7年　決算特別委員会(第3日　9月30日),アルール委員,アルールうた子,"よろしくお願いします。私からは、まず、行政評価制度の実効性と改善についてお伺いします。

令和６年度、決算書511ページ、意見書93ページ、財務諸表は369ページ、行政評価は389ページ等々、すごい量の成果物がありました。その中で、今日は行政評価について伺います。この表、成果物は、各事業の目的や成果指標、課題分析まで詳細に記載され、中身が非常に濃く、政策の根拠としては非常に申し分のないものだというふうに分かりました。まさに力作となっています。基本計画に基づいて162事業を網羅的に評価し、職員の皆さんが膨大な情報を整理して、時間と労力をかけて作成され、体系的にまとめられていることに深く敬意を表します。だからこそ、この評価結果をどう生かすのか、どう区民に伝えていくのかという点で、今後さらに進化できる余地があるのではないかというふうに感じました。

日々区民の方との信頼構築に尽力されているからこそ、この評価の見せ方にもう一工夫加えることにより、より開かれた区政運営につながるかと思います。他区の取組と比較いたしますと、例えば江戸川区では、令和２年度から、財務レポートを活用した一部の事業では新しい行政評価を再開しておりまして、内部評価に加えて、外部評価委員会を設置し、区民や学識経験者が参加をし、ＥＢＰＭを重視した評価体制を構築して、見える化された説明責任を果たしている書類になっています。中野区では、毎年、企画部が選定した事業に対して外部評価を実施し、大学教授や公認会計士、区内の経営者の方々が参加をする公開ヒアリングなどを通じて、傍聴した区民の意見も反映するような仕組みになっているようです。一方、中央区の行政評価の内容は、充実度は高いものの、その評価結果をどのように生かすのかという点で伺いたいと思います。

現在の行政評価について、作成に要する職員工数と評価結果の予算編成や政策立案への活用実績をどのように評価されておりますでしょうか。また、他区のこういった外部評価導入事例については、どのような認識をお持ちなのかお伺いいたします。",2025,2025/09/30,決算特別委員会,議員
,令和7年　決算特別委員会(第3日　9月30日),アルール委員,アルールうた子,"承知いたしました。ありがとうございます。

ただ、非常に膨大なページ数であり、ホームページ上にあります、どうぞ区民の皆さん、見てくださいということでは、やはりもうちょっと見やすいような形で、それをすることにより、区民の方々がそれについてどんなふうに考えているのかというようなフィードバックが来るかというふうにも思っております。また、一部の専門家やいろいろな方の視点が入ることで、職員の気づきや改善につながるということもあります。全てをしろというふうに申し上げているわけではなく、肝煎りの新規事業であったり、たくさん拡充していくような大事な事業に関しては、このようなこともぜひ考えていっていただきたいというふうに思います。

また、実は、全国の自治体職員アンケートを調べたところ、行政評価の目的が不明瞭で、成果指数の設定が難しい、評価結果が活用されていないという自治体職員のアンケートの声が多く見られました。我が中央区でも、今、行ったり来たりしながら最終的にできるというふうに伺いましたので、せっかくの力作が十分に生かされるように、どのように、より分かりやすく、見やすく、見える化できるかということを今後検討していっていただきたいというふうに思います。中身が非常に濃いものなので、その見せ方、そしてその工夫、全てがそろってこそ、行政評価は本来の力を発揮すると考えます。そして、今後の、来年度の予算に生かせる評価となりますので、よろしくお願いしたいと思います。

続きまして、職員採用や職場環境、出向の交流の推進についてお伺いしたいと思います。

９月16日に、私は、都民ファーストとして来年度予算要望書を区長へ提出しまして、その結びとして、中央区の持続可能な発展を支える基盤は人と財政力である。国・東京都との連携を最大限に生かし、区民一人一人が安心して暮らせ、誇りを持てる国際都市中央区の実現を要望いたしました。そして、そこにある人とは、今ここにいらっしゃる皆様のため、皆様、区民のために毎日働いている方々でございます。資料52、63、79にありますとおり、ありがとうございます。令和７年４月１日時点で中央区職員数は1,761名、20代、30代の方が職員の約６割を占める状態となっています。しかし、採用状況を見ますと、だんだん採用の倍率が下がってきたりということで、民間型ＳＰＩ試験導入や秋試験の導入など、そういった形で工夫をするというふうに認識をしております。また、さらに深刻なのは、採用後の職員の定着かと思います。離職が令和６年度は約20名というふうに伺っています。病気や転職など理由は様々ですけれども、職場環境ややりがいの面で改善の余地があるのではないかというふうに考えます。特に、離職率が4.8％と示している技術関連の職員の離職率が高いというところは、非常に危惧するところでございます。

都や各省庁からの出向職員は、政策形成であったり、広域行政の豊富な経験を有し、中央区職員にとっても視野拡大の重要な存在であり、また、そういったところに行かれるということも大切な経験かと思います。出向元とのネットワークを生かすことにより、区政課題解決に新たな視点を導入するようなことも可能かと思います。現在、このような知見を区職員に体系的に還元できるような仕組みは限定的であるというふうに私は感じております。

そこで、お伺いいたします。現在の職員数や退職者、そして、そういった人員体制について、定着率向上、職場環境改善に向け、どのような施策を講じているのか。業務の効率化と人員配置について、その妥当性や出向職員との知見共有の現状、そして今後の方向性についてお伺いしたいと思います。

また、検討していただいております秋試験や、そのほかのことはどのように進んでいるのか教えてください。",2025,2025/09/30,決算特別委員会,議員
,令和7年　決算特別委員会(第3日　9月30日),アルール委員,アルールうた子,"詳しい御説明ありがとうございます。

技術系の職員の方々は、本当に貴重な存在だというふうに思っております。また、中央区は23区の中でも特別にポテンシャルの高い、非常にやりがいのある区だと思います。開発もございます。子供たちも増えております。そういった中で、多くの方々がここに来て働きたい、そして働き続けたいというような環境を整える、そういった整備をぜひしっかりと総合的に、職員の育成の仕組みづくりも含めて、やっていただきたいと思います。特に、例えば職場の中にフリースペース、フリーアドレス型の執務室であったり、庁内にカフェスペース、もっと明るい感じのインフォーマルな情報交換の場があったり、多目的室の充実があったり、非常に古い庁舎であるがゆえに、いろいろなことで不便を感じている職員の方が多いと思います。ここを長く使うということであれば、そういったことをぜひ活発に議論していっていただきたいというふうに思います。

続きまして、技術系の職員という話に関連するんですけれども、外勤を伴う業務についてお伺いしたいと思います。

道路、建築、土木、保健、福祉など多岐にわたる外勤を伴う業種については、職員の方々の負担や安全確保が非常に重要だというふうに思っております。専門性の高い職員の方々が離職することなく、やりがいを持ち、働きやすい環境が必要でございます。しかし、そういった勤務実態が統計的に把握されていない、また、業務量に応じた評価であったり、人員配置、効率的な検討が果たしてされているのかというふうに疑問を持つところです。また、外部業務は猛暑や災害時にも発生しているわけなので、職員の安全確保を制度的に強化する必要があるというふうにも感じております。また、ＩＣＴ端末の活用により、直行直帰制度等もあれば、移動時間の短縮や経費の削減にもつながり、また働き方改革にもなるのではないかというふうに感じております。

そこで、伺います。

こういった外勤を伴う職員数と課別の内訳、そういった人たちがいる比率は把握されておりますでしょうか。また、職員の安全対策、例えば熱中症対策であったり、災害時の対応マニュアルであったり、その整備の状況はどうなっているのかお伺いしたいと思います。",2025,2025/09/30,決算特別委員会,議員
,令和7年　決算特別委員会(第3日　9月30日),アルール委員,アルールうた子,"ありがとうございます。よろしくお願いしたいと思います。

特に、外で働く職員の方々は技術職の方も非常に多いかと思います。人事院で公務員の給料が上がりますとかということを待っていても、今、人材は奪い合いでございます。特に、技術職の方は、ほにゃららエージェントみたいなところに登録すれば、すぐにでもうちに来てくださいみたいなことがたくさんあるかと思います。中央区独自で、そういった方々に対しての何かインセンティブ制度みたいなものがあり、よりここで長く働きたいと思えるような体制づくりも大切かと思います。民間ですと、簡単に今日は35度以上なので熱中症手当を出しますだとか、いろいろなことが簡単にできるかと思います。ただ、こちらは役所であるということもありますが、何か中央区独自というような形で、有能な方々に、働きたい、ずっとここにいたいというふうに思っていただけるようなことをお願いしたいと思います。

もう一つ質問があるんですけれども、９月22日に公開された財政白書は、中央区の財政状況を詳細に分析した力作になっておりました。特に、６ページから11、12ページにありました特別区財政調整交付金の不合理性であったり、ふるさと納税に対する税の流出というような課題がより分かりやすくなっておりました。

ただ、この情報を区民と共有するために、私は緊急だと思いましたので、22日にプレスリリースされて、翌日以降、エックスだとか、プレゼンを通じて情報発信を行いました。ちょうど９月30日、今日がふるさと納税のポイント付与の期限だったからです。でも、緊急ということで、区民の皆さんに一度立ち止まって考えていただきたいという思いから、翌日、そういったものをやりました。そうすると、区民の方は驚くほど関心が高くて、いろいろな意見が私のほうに届きました。実際驚いたのは、中央区は魅力的なのに、それを生かしていないあなたたちの問題だ、返礼品が問題だ、また、中央区の発信力が悪いのではないかと。私は区民の皆様に、こんなに流出しているので、ぜひバランスの取れたというような、私たちの税金を私たちの中でも使えるように、いま一歩考えてみませんかみたいなことを申し上げたところ、ほとんどの方が、いや、それは中央区が悪いんだ、私たちはこんなにすばらしいところに住んでいるのに、なぜそれをもっと発信しないんだ、そういったお声が非常に多くて、実際に驚いたところです。

財政白書も、120ページに及ぶ大作です。こちらも、ホームページ上にありますということではなくて、それを分かりやすく区民の方に届ける工夫が非常に大切だというふうに私は思っております。

そこで、伺います。財政白書で明らかになったふるさと納税による税の流出や制度の不合理性など、こういった区民生活に直接関係のあるような財政重要課題について、広報、区のおしらせちゅうおうで特集記事として取り上げてみるだとか、いろいろな情報発信をするお考えはあるかということです。また、120ページの白書から、ホームページ上だけではなく、ＳＮＳや概要版をつくったり、インフォグラフィックを作成してみたり、そういったことについてどのようにお考えなのかお伺いしたいと思います。",2025,2025/09/30,決算特別委員会,議員
,令和7年　決算特別委員会(第3日　9月30日),アルール委員,アルールうた子,"ぜひ、周知の方法、発信について引き続き検討し、より区民の方に分かっていただけるようにしていただきたいと思います。

まだまだ続きますので、そのほかにつきましては、また後日、質問させていただきます。

私からは以上です。",2025,2025/09/30,決算特別委員会,議員
,令和7年　決算特別委員会(第4日　10月1日),アルール委員,アルールうた子,"よろしくお願いします。観光情報センターについて伺います。

中央区の観光情報センターは、区民というより東京全体を訪れる観光客の利便のために利用されている拠点でもあります。しかし、決算資料を確認いたしますと、東京都からの補助金は入っておらず、運営費は全額、区の一般財源で賄っていると理解しております。確認です。中央区観光情報センターの運営経費には補助は一切入っていないということでよろしいでしょうか。",2025,2025/10/01,決算特別委員会,議員
,令和7年　決算特別委員会(第4日　10月1日),アルール委員,アルールうた子,"浅草の文化観光センターは、台東区が16億円をかけて整備し、年間約１億5,000万円で運営しております。そこには都や国の補助は本当にごく僅かで、実質的に区の財源で支えているのが実態になっております。中央区も同様に、東京全体の観光のために施設を区が負担していると理解しておりますが、この構造をどのように評価いたしますか。",2025,2025/10/01,決算特別委員会,議員
,令和7年　決算特別委員会(第4日　10月1日),アルール委員,アルールうた子,"承知いたしました。令和６年度の実績では、来所者５万1,619人、観光情報サイト閲覧数59万5,895人、Ｗｉ－Ｆｉアクセス数30万2,234件です。観光客は、ここは中央区だからということではなく、東京ということで来ておりますし、またＳＩＭを買わずにフリーＷｉ－Ｆｉに依存するケースが多く、観光情報センターでは現地の通信インフラとして機能しているように思います。観光拠点運営費や施設事業費など、実績に見合った妥当な施設と区は考えているのか。浅草は東京都の広域的観光案内拠点に指定されておりまして、中央区のセンターは対象外になっております。来所者５万人、Ｗｉ－Ｆｉ30万件という実績を考えれば、都や国の財源を幾らかでも何か活用できないのか。区は、東京都や特別交付金などを少しでも、よりいただけるような働きかけをできるような考えはありますか。",2025,2025/10/01,決算特別委員会,議員
,令和7年　決算特別委員会(第4日　10月1日),アルール委員,アルールうた子,観光センターは、Ｗｉ－Ｆｉアクセスポイントもありまして、非常に重要なインフラとなっております。現在、区内には25か所、観光案内所でＣｈｕｏＣｉｔｙＦｒｅｅＷｉ－Ｆｉということで12か所を案内しております。これらを増やす方針は探られていないのが実態となっております。観光情報センターでは、スマホ充電を無料で行ったり、ルーターの貸出しを行っておりますが、海外では案内所でルーターを借りるのは一般的ではなく、多くはフリーＷｉ－Ｆｉを利用しております。資料でこのルーターの年間貸出件数をお示しいただきました。令和６年度は年間たった58件になっています。ルーターの貸出しには、機器の管理や紛失、返却、保証金など、運用コストやリスクが伴います。新宿観光案内所付近では、ＷｉＦｉＢＯＸというものを利用し、観光客がセルフでＷｉ－Ｆｉルーターを借りられるようにしております。また、東京駅八重洲バスターミナルにも同様の民間Ｗｉ－Ｆｉレンタルが導入されています。このような事例を踏まえ、中央区も観光情報センター単独でルーター貸出しなどを抱え込むのではなく、このような民間事業者との連携、そしてそれによりスポンサー費も頂戴するような、そういった方向性を検討すべきではないでしょうか。,2025,2025/10/01,決算特別委員会,議員
,令和7年　決算特別委員会(第4日　10月1日),アルール委員,アルールうた子,"ありがとうございます。年間58件しか借りられないＷｉ－Ｆｉルーターでございます。ぜひ、何か環境の整備について検討していっていただきたいと思います。

多分、来年、東京都は宿泊税の見直しをするという動きがあるように聞いています。この財源は、特別区への適切な還元が課題となると考えます。中央区の観光情報センターは、年間来所者５万人、Ｗｉ－Ｆｉアクセス30万件という東京観光インフラとして確かな実績を持っております。浅草が広域的観光案内拠点として指定されているのなら、中央区の観光情報センターも同様に何かそのような位置づけをすることができるか、検討していただきたいと強く要望いたします。

観光情報センターについては以上になります。よろしくお願いいたします。

続きまして、多文化共生についてお伺いいたします。

令和７年１月、本区の外国人の住民は１万2,553人となり、全人口の7.3％を占めるまでになっています。この５年間で約1.5倍に増加、今や本区において多文化共生は喫緊の課題になっております。令和６年度には、中央区文化・国際交流振興協会への助成として約１億1,300万円余りが支出され、日本語教室、国際交流サロン、国際交流のつどいなどが実施されました。資料84でお示しいただきました。実に文化振興事業は、国際文化振興事業の13倍の予算を使用しております。一方、生活マナーの違いや文化的背景の違いにより住民間のトラブルも多数発生しており、単なる交流イベントでは解決できないような課題が顕在化しております。一般質問でも申し上げました。外国人住民は、おもてなしをするお客様ではなく、地域社会を構成する対等な住民でございます。

まず行政評価シートの359ページ、日本語教室延べ受講者数の推移のグラフについて少しだけ伺います。このグラフは、延べ受講者数という積み上げ式の数値を使用しているため、毎年の実際の受講者数が見えづらくなっております。増加を多く見せる表示方法になっているんですけれども、これを採用した理由を教えてください。",2025,2025/10/01,決算特別委員会,議員
,令和7年　決算特別委員会(第4日　10月1日),アルール委員,アルールうた子,"毎年の受講者数を示すことにより、そして統一的な基準でデータを示すよう、今後の改善を強く求めたいと思います。

続きまして、協会が実施する古典芸能鑑賞会や文化講座について、大変人気だと認識しております。いまだに応募方法が往復はがきのみとなっておりまして、区民からは、外れても当選してもコストがかかる、デジタル化の時代に時代遅れだという声が、実はこれは若者ではなく、高齢者の方々から私に寄せられております。往復はがきで落選した区民も当選した区民も負担を強いられるような現状について、どのような改善ができるのか、お知らせいただきたいです。",2025,2025/10/01,決算特別委員会,議員
,令和7年　決算特別委員会(第4日　10月1日),アルール委員,アルールうた子,"区民にとりましては、文化・国際交流振興協会だと御説明しても、皆さん、これは中央区がやっているんだよ、中央区がお金を出してやっている協会ではないですかというお答えもありますので、ぜひ今後検討していただきたいと思いますし、文化講座につきましても往復はがきでの応募になっております。よろしくお願いしたいと思います。

そして、続きまして、多文化共生と国際交流の本質的な違いについて少しお話しします。359ページの現状・成果には、「国際交流サロン」を開催し、日本の文化を体験できるイベント等を通じて日本人と外国人が交流を楽しめる場を提供、とあります。その中身のほとんどが日本の文化をお教えするようなものになっておりますし、また、国際交流のつどいは年に１回ありまして、その内容は、サリーを着る体験、スリランカミルクティーを飲むといった文化祭的なものになっております。これは国際交流どまりであり、多文化共生にはつながらないと私は考えます。

多文化共生とは、異なる文化を持つ人々が対等な関係で地域社会を構成し、共に地域の課題解決や価値観創造に参画することです。現在の事業は、外国人に日本の文化を教える、外国人を楽しませるという一方方向の支援と私は考えております。外国人住民を地域社会の対等な担い手として位置づけることが少し欠けているように考えます。深刻なのは、生活マナーの違いや文化的背景の違いによる住民間のトラブルが実際に発生しているにもかかわらず、それに対応する施策も弱いというところです。ごみ出しのルール、騒音、共用部分の使い方、いろいろなことがあります。生活ガイドブックの配布だけで、外国人住民が日本の生活ルールや地域コミュニティの慣習を十分に理解できるとお考えでしょうか。",2025,2025/10/01,決算特別委員会,議員
,令和7年　決算特別委員会(第4日　10月1日),アルール委員,アルールうた子,"ありがとうございます。

ここでちょっと具体的な例を申し上げます。国際交流サロンでは例年２月か３月に防災訓練を実施しておりますけれども、令和６年度の防災訓練への外国人住民の参加数は何人で、そして過去３年間の参加数の推移はどうなっているのか、そして参加した外国人でその後地域の防災訓練に参加した人数などを把握しているのかということをお答えいただきたいと思います。

また、なぜこの防災訓練を協会主催の国際交流サロンで実施し、地域コミュニティの柱である町会・自治会との共催という形が取れないのでしょうか。協会主催の国際交流サロンで防災訓練を行う意義は何でしょうか。このサロンを地域の人々との関係構築を目的としたサロンにできないものでしょうか。お願いいたします。",2025,2025/10/01,決算特別委員会,議員
,令和7年　決算特別委員会(第4日　10月1日),アルール委員,アルールうた子,"まさしくこれこそが施策の根本的な課題だと考えております。国際交流という枠の中で完結してしまって、地域コミュニティとの接続へつながっていかない。外国人住民はイベント参加者のままであり、地域の一員になれないような構造になっております。

また、地域活動への接続状況の実効性について聞いてみます。外国人住民が区に寄せられた生活トラブル相談や件数などの把握はしているのでしょうか。町会・自治会、管理組合から外国人住民に対する相談はどのくらい寄せられているのでしょうか。そして、外国人住民が町会・自治会の役員や活動メンバーになっている事例や、外国人住民の町会加入率は何パーセントでしょうか。よろしくお願いいたします。",2025,2025/10/01,決算特別委員会,議員
,令和7年　決算特別委員会(第4日　10月1日),アルール委員,アルールうた子,"ありがとうございます。

私も実際にまちに行って、例えば盆踊りなども大変外国の方が一緒に参加されて楽しまれている様子を見ております。お客様から、ここに住んで実際に生活をするという中で、非常に区の役割は大切だと思っております。

そこで、私は来年度の予算要望を出した際に２つ提案しています。例えば外国人住民向けの生活オリエンテーション事業というものの創出であったり、多文化共生協議会の設置というものであったり、そういったものを提案いたしました。また、今後何か区政世論調査をする際には、外国人向けの、外国人に声を聞く、そういった形での区政世論調査をしていただきたいと思っております。

また、外国人住民参加型の地域協働事業の創設というものも、今後検討していただきたいなと思います。これらの活動を通じて、外国人住民が支援される側ではなく、地域を支える側へと役割転換をすることが真の共生だと思っております。

指標の抜本的な見直しや変更、政策体系の構築につきましては、区民部のことではないと思いますので、総括で質問したいと思います。ありがとうございました。",2025,2025/10/01,決算特別委員会,議員
,令和7年　決算特別委員会(第5日　10月2日),アルール委員,アルールうた子,"よろしくお願いします。すみません。決算書や行政評価にはないですけれども、お伺いいたします。

ＨＡＲＵＭＩ　ＦＬＡＧの入居開始により、晴海エリアの人口は非常に急増しております。その中で、これに伴いまして、医療関連の整備の不安や診療科の偏りの不安のお声を頂戴しております。また、ふだん区民の方々とお話をいたしますと、既存の総合病院の医療体制の変化からの運営や質への不満などから、なぜ中央区は築地市場跡地や晴海に大きな大学病院などを誘致しないのかというようなお声をいただきます。そのたびに私は、中央区は、東京都区中央部保健医療圏の中に入っているので、区の医療計画に基づく基準病床数の規制によって、新たに大きな病院などの開設や増床は原則として認められていないのだということを説明させていただいております。このため、区は何ができるかというと、診療所の誘致が現実的な医療インフラ整備の手段となります。本区は、自由診療の歯科や美容整形外科、眼科など、本当に多くのクリニックが、銀座中心ではありますけれども、たくさんありますが、晴海エリアは状況が異なります。

そこで、晴海エリアの診療所についてお伺いします。

晴海一丁目から五丁目の人口は、2025年９月１日の時点で２万6,422人と確認しております。都市部において適切な診療所数を厳格に定める公的な基準はございませんけれども、厚生労働省の統計に基づき、東京都区部平均的な水準を当てはめて計算をいたしますと、おおむね24から26件程度の診療所が晴海に必要であるというふうにされる基準になります。このエリアの現状を確認させてください。現在、晴海エリア、一丁目から五丁目における診療所の数は何件ございますか。そして、この数は人口規模に対して適切と考えられますでしょうか。お願いします。",2025,2025/10/02,決算特別委員会,議員
,令和7年　決算特別委員会(第5日　10月2日),アルール委員,アルールうた子,"恐らく20件以下、十数件だというふうに私は思います。

それでは、区では、このエリアにどのくらいの診療所があれば適切と考えていらっしゃいますでしょうか。",2025,2025/10/02,決算特別委員会,議員
,令和7年　決算特別委員会(第5日　10月2日),アルール委員,アルールうた子,"ありがとうございます。

具合の悪い方がわざわざタクシーやバス、電車でクリニック、ちょっと行けば新橋や銀座や東京駅のほうに行くということは、現実的ではないというふうに私は考えております。診療所の数だけではなく、診療科の偏りや夜間・休日対応の不足も課題であるかというふうに時々感じます。その中で、特にファミリー層の多い晴海エリアに小児科を併設する診療所は十分なのでしょうか。また、人口増のしわ寄せが勝どきなど近隣エリアの診療所に及んでいる可能性もございます。実際、数人の方からは、昔は晴海エリアの診療所に通っていたのが、開発でなくなってしまって、現在は少し離れた、ちょっと遠いところまで行くんだけれども、そこがいつも混んでいるというようなお声も頂戴しております。

診療科のバランス、小児科、内科、皮膚科、眼科など、住民が日常的に必要とする診療所がバランスよく配置されているのかが非常に重要だというふうに考えます。また、晴海エリアの人口構成、ファミリー層が多いのを考えますと、小児科や内科の夜間・休日診療に対応できるような施設を確保することが、数の充実以上に必要かと思います。区として、単に診療所数を増やすだけではなく、必要な診療科を必要な時間に提供する、そういった誘致につきまして、区のお考えや方針などがありましたら、お聞かせください。",2025,2025/10/02,決算特別委員会,議員
,令和7年　決算特別委員会(第5日　10月2日),アルール委員,アルールうた子,"ありがとうございます。

特に不足していると思われる診療科を誘致するということに対して、やはり家賃も高騰しておりますし、医療機器は非常に高額なものでございます。よく保育園の場所だとか、そういったことに対しての補助があるように、診療所の整備費の助成であったり、家賃補助など、支援策を検討すべきではないかというふうに私は思いますけれども、区のお考えがもしありましたら、教えていただきたいと思います。よろしくお願いします。",2025,2025/10/02,決算特別委員会,議員
,令和7年　決算特別委員会(第5日　10月2日),アルール委員,アルールうた子,"困ったときにすぐに駆けつけられるようなお医者様が近くにあるというのは、非常に大切だというふうに思っております。安心して暮らせるまちということを掲げている区でございます。新しいエリアに大勢人が来るときに、そのような取組で、医療モールみたいなものを持ってきていただいているということも承知はしておりますけれども、現実に数人の区民の方からは、非常にそれは不安だ、足りないのではないか、また、待ち時間が非常に長いというようなお声をいただきましたので、今日この場をお借りして質問させていただきました。

家賃補助や整備費の助成は行っていないということですけれども、今、地価も非常に高騰していて、家賃が非常に高いというところで、今後出たい病院が来られない、クリニックが来られないということがないように、そういった相談があったときには、ぜひ前のめりに御相談を受けていただきたいというふうに思います。

続きまして、ドギーバッグやフードロスについて伺います。

海外のレストランでは、そもそも量が多いところに課題があるとは思いますけれども、食べ残した料理を持ち帰る、いわゆるドギーバッグという習慣が普通に見受けられます。ところが、東京の飲食店でお願いすると断られることも多く、驚くこともあります。一方で、我が国は食品ロスの削減が社会的課題となっておりまして、国も食品ロス削減推進法を定め、国や省庁では、ｍｏｔｔＥＣＯという愛称で呼ばれている持ち帰りの行動を促す活動も行っております。10月下旬から、東京都も食べきりキャンペーンというものを打ち出して、飲食店に持ち帰り容器の提供を含めた協力を呼びかけているというふうに承知をしております。また、中央区では、既にちゅうおう食べきり協力店という制度やフードドライブなど、食品ロス削減に向けて独自の取組を展開していることも承知をしております。

そこで、中央区として、区・都のこれらの取組をどう受け止め、どこまで連携、独自展開をしているのか。また、食べ残しの持ち帰り、ドギーバッグの文化の普及について、区の姿勢をお伺いしたいと思います。

まず、基本的な状況認識について伺います。東京都内の飲食店で、なぜ食べ残しを持ち帰ることが認められないことが多いのでしょうか。特に、衛生管理や食中毒のリスク、責任の所在という観点から、区として、それをどのように理解しているのか教えてください。

また、区が飲食店に対して行っている衛生指導や監視の中で、持ち帰りの可否について何らかの指導を行っているのか、それとも各店舗の判断に任せているのかお尋ねいたします。",2025,2025/10/02,決算特別委員会,議員
,令和7年　決算特別委員会(第5日　10月2日),アルール委員,アルールうた子,そういたしましたら、保健所で管轄する食品衛生や、そういったことについて返事をいただきたいと思います。,2025,2025/10/02,決算特別委員会,議員
,令和7年　決算特別委員会(第5日　10月2日),アルール委員,アルールうた子,"ありがとうございます。やはり衛生上の課題があるということは理解いたしました。

中央区では、既にちゅうおう食べきり協力店の取組であったり、余った食品を集めるということなどもあります。余った食料を持って帰るドギーバッグの普及についても、今後何らか検討していていただきたいと思います。調べたところ、京都や名古屋では、飲食店がｍｏｔｔＥＣＯキャンペーンについて、いろいろなやり方、衛生上のガイドラインを飲食店などに示しているということです。区として、国のｍｏｔｔＥＣＯといった活動に対して、今後、何かアクションを起こされるのか、また、東京都の食べきりキャンペーンに対応して、飲食店などに容器提供や支援など、そういった参加店の募集などをするときに、やはり区は今までどおり、衛生上の観点であまりそういったことを推奨しないのか教えていただきたいと思います。",2025,2025/10/02,決算特別委員会,議員
,令和7年　決算特別委員会(第5日　10月2日),アルール委員,アルールうた子,"ありがとうございます。

中央区には約4,000から5,500店舗に上る飲食店が存在し、人口17万人ですが、昼間人口は80万人です。この規模でこういった活動をすれば、非常に意義があるものだというふうに思います。

以上です。よろしくお願いします。",2025,2025/10/02,決算特別委員会,議員
,令和7年　決算特別委員会(第6日　10月3日),アルール委員,アルールうた子,"よろしくお願いします。私からは、電柱の地中化と江戸バスについてお伺いしたいと思います。

まずは江戸バスです。高齢者、妊婦の無償化ということで令和５年６月から実施していただきまして、昨年度の乗車人数は約85万人と大きく増加をしておりまして、地域の足として定着し、区民の移動支援に大きく貢献していることに心から敬意と感謝を申し上げます。

一方で、運行経費の補助は１億6,700万円余りと、広告収入の拡大や運賃体系の見直しは、区の財政負担軽減とサービス維持の両立に向けた重要な視点だというふうに私は考えます。行政評価シートには、広告件数を増やすことで運行事業収入の増加を図る等々明記されております。広告収入の指標化や営業体制の強化が求められているのではないかと感じます。

江戸バスの無償化について、資料224によれば、令和５年度の乗車数、無償で乗った方は29万2,612人、令和６年度は44万4,690人と、昨年度の乗客の52％が無償で乗ることができました。これは無償化の効果が顕著に表れているということを示しており、福祉的な要素の判断もできることもあり、これは資料ということではなく、行政評価の中で非常に重要な指標だというふうに考えます。

行政評価シートのグラフには無償で乗っている区別がされておりませんので、そこで伺います。行政評価において、無償と有償とを区別した指標を積み上げ式で設定すべきではないかなと思っていることと、利用者の属性の変化を把握されているのかということ、それから、その推移を年度ごとにグラフ化をし、政策効果を可視化することは検証されているのか、お伺いしたいと思います。",2025,2025/10/03,決算特別委員会,議員
,令和7年　決算特別委員会(第6日　10月3日),アルール委員,アルールうた子,"ありがとうございます。理由等も分かりました。今後、その属性等は、何か変化がありましたらぜひ調査をしていただきたいと思います。

サービス維持のために、広告収入や運賃体系の見直しと併せて、持続可能な運行体制の構築について質問を続けます。

広告収入の実績と営業体制についてです。令和６年度の広告収入の総額はお幾らでしたでしょうか。一般広告と協賛広告、それぞれ収入額を教えてください。車体ラッピング広告、車内広告、それぞれの広告枠は何枠あり、現在何枠が契約されており、そして空きがある場合、その理由は何なのでしょうか。教えてください。",2025,2025/10/03,決算特別委員会,議員
,令和7年　決算特別委員会(第6日　10月3日),アルール委員,アルールうた子,承知しました。協賛等広告の収入で約500万円弱あるということが確認できました。今の御答弁の中で、営業活動というか、そういったものは日立自動車がやっているというような御回答でしたが、営業活動は区ではなくて、バスを運行している会社に任せている、そういうことでよろしいのでしょうか。,2025,2025/10/03,決算特別委員会,議員
,令和7年　決算特別委員会(第6日　10月3日),アルール委員,アルールうた子,"ぜひ区が前面に立って、そういった営業活動を民間と同じようにしていただきたいと思います。

協賛広告と、あと地域貢献の視点でちょっと伺います。

現在ラッピングされている蔦屋重三郎、これはＮＨＫからは、本来ラッピング広告は360万円入るというふうに私は把握しておりますけれども、たしかそれは、伺ったところ10万円しかＮＨＫからいただいていないというようなことを説明いただいております。

ラッピングは区内の機運は盛り上がるかもしれませんし、中央区の観光や地元商店の経済効果があるとは思いますけれども、浅草のように大河ドラマ館があるようなものではないので、限定的のように感じます。この360万円を本来いただくべきラッピング代金が10万円に値引きされた経緯についてお示しください。",2025,2025/10/03,決算特別委員会,議員
,令和7年　決算特別委員会(第6日　10月3日),アルール委員,アルールうた子,"大枠は分かりました。地域の魅力発信ということでもありますけれども、やはりＮＨＫというような大きなところからも、私は本来いただくべきものはいただくべきではないかなと思いまして、この質問をさせていただきました。

営業活動の中で協賛をしていただいたり、そういった会社に関しては、広報紙やホームページなどでやっていただいた企業さんを紹介するなど、広告を出していただいたところにはそういったメリットがあるような、そういった付加価値をつけることも考えられるかと思うんですけれども、そのような検討をどのように考えますでしょうか。",2025,2025/10/03,決算特別委員会,議員
,令和7年　決算特別委員会(第6日　10月3日),アルール委員,アルールうた子,"メリットを感じていただいているということで、それは理解いたしました。ありがとうございます。

続きまして、運賃についてお伺いいたします。まず、現在の運賃支払い方法、内訳ですね。現金なのか、ＰＡＳＭＯ等などのＩＣ決済なのか、無料乗車券は置いておいて、それがどのようになっているか、把握しておりますでしょうか。

お願いします。",2025,2025/10/03,決算特別委員会,議員
,令和7年　決算特別委員会(第6日　10月3日),アルール委員,アルールうた子,"私もこちらの江戸バスは利用させていただいております。ほとんどの方がほぼＩＣ決済をしているように感じておりまして、現金でお支払いになっている方というのはほぼ見たことがありません。

2009年当時、恐らく現金利用が中心であったため、現在の100円という切りのよい設定が妥当だったと思います。しかし、現在ではそのようなＩＣ決済が一般的には主流となっており、110円、120円といったような10円刻みの運賃改定もシステム的には可能です。そのため、いきなり値上げをするということではなくて、段階的な小幅な値上げ改定なども行いながら、利用者や運転手への負担を最小限に抑えながら、財政負担の軽減を図れるのではないかなと考えております。

現行の江戸バス100円は、2009年の運行開始から一度も改定されておりません。その間、消費者物価指数は人件費、燃料費が非常に大きく増加をしておりまして、たしか20％ぐらいは上がっている計算というふうになっていました。ほかの公共交通機関は、例えば都バスですと2009年は200円、2023年に210円に値上がり、山手線の初乗りは2009年では130円、現在は150円になっております。物価上昇を全て区の財政負担で行っていただいている状況で、非常にありがたくは思っております。

また、当時は消費税が５％、現在は10％、バスの猫ちゃんの絵は100円を握り締めておりますが、税抜きと考えれば、そういったことも値上げができるのではないかなというふうに個人的に思っております。この運賃100円据置きの構造を、区としてどのように評価されておりますでしょうか。",2025,2025/10/03,決算特別委員会,議員
,令和7年　決算特別委員会(第6日　10月3日),アルール委員,アルールうた子,"承知いたしました。区民の足として、しっかりやっていただきたいと思います。

次に、利用状況についてお伺いいたします。江戸バスは区民の足としての役割が第一なんですけれども、昨今のインバウンドで、観光客の利用も排除するものではございませんが、大型荷物の持込みで区民の日常の利用に支障が出ているようなことも時々見受けられます。先ほど、利用者の属性の把握はされていないということですけれども、観光客と思われる利用客の割合はどのくらいかと推察されておりますでしょうか。そして、大型スーツケース等、大型荷物による混雑への苦情は寄せられているのか、教えてください。",2025,2025/10/03,決算特別委員会,議員
,令和7年　決算特別委員会(第6日　10月3日),アルール委員,アルールうた子,"ありがとうございます。来訪者の方々のマナーの悪さというのも散見しておりまして、車内放送で、蓋の閉まらない飲物は車内には持ち込まないようにということがありますけれども、そういったものを平気で持ち込んで飲まれるという方々も拝見し、私のほうには区民の方から、大きな荷物で非常に迷惑しているだとか、そういったお話を伺っているところです。

どのようにしたら来訪者の方々にマナーを守っていただき、皆さんに快適なバスの運行ができるか、少し研究をしていただきたいというふうに感じますが、よろしくお願いいたします。

続いて、ちょっと時間もないので、電柱の地中化はまた伺いたいと思います。終わります。",2025,2025/10/03,決算特別委員会,議員
,令和7年　決算特別委員会(第10日　10月9日),アルール委員,アルールうた子,"先週からの質疑を通じ、区が健全財政を維持していることを確認いたしました。職員の方々の献身的な努力だと心から敬意を表します。

ここからは持続可能な区政の実現に向けた案を３つと、５つの質問をいたします。

第１の鍵は、区政の基盤である職員の働きがいと組織力の強化です。

初めに、職員の働きがいを支えるインセンティブや行政評価制度の見直しについてです。

企画・総務の款では、行政評価制度と職員定着について質疑いたしました。いただいた答弁は、働きやすい職場づくりといった既存の枠組みの中での回答でした。現場では、技術系職員の離職率が4.8％に達し、猛暑の中の外勤業務や再開発許認可で多忙な部署をはじめとする人材の確保は深刻な課題です。

質問１、この課題に正面から向き合うため、例えば暑熱手当や昼食補助など、日々のモチベーションにつながる具体的な区独自のインセンティブの工夫、ハード面としての庁舎も含め、働く環境についての区の見解を伺います。

また、その工夫を判断できる基盤としての区の基本計画の後期の見直しの時期に間に合うよう、行政評価指数の抜本的な研究・検討を行うべきではないでしょうか。職員の努力が報われる成果指標の設計など、評価が組織改革と人材育成に直結する仕組みの構築について、区の見解を伺います。

続いて、外部人材の交流や補助金活用の強化について申し上げます。

中央区職員の方々の卓越した政策力で本区は発展し続けておりますことを理解しつつも、外部人材の活用、人材交流の意義は、単なる知見の交換にとどまらず、複雑な国庫、都補助金の活用を飛躍的に向上させ、専門知識を生かす極めて実務的な効果があると考えます。

例えば、昨年度の電柱地中化事業では、道路課の地中化と水とみどりの課の街路灯設置が分かれていることで、補助金申請が複雑化いたします。それは、街路灯耐震化に活用できる国土強靱化予算の活用機会を逸することでもあります。区民の税金を最大限有効に使うためには、活用可能な財源を確実に確保する体制づくりが重要です。道路率、再開発事業が23区中１位であり、まだまだプロジェクトを控え、日本の経済・金融の中心地としての役割を担う、大変ポテンシャルの高い働きがいのある夢がある区です。国土交通省や経済産業省などからの出向職員の受入れを要請することで、国の方向性、補助金制度の最新動向の獲得や職員の知見の幅を広げ、現場の課題を都や国にもつなげられる体制などが同時に実現できると考えます。

質問２、多くの整備や開発が進行している中、外部人材の任用、出向・派遣の相互交流強化、それによる国庫補助金等の活用拡大を一体的に推進できる方針と、今後の進め方について、併せて今回例を挙げた街路灯をはじめとする所管の見直しについて、区の見解を伺います。

次に、第２の鍵、区民サービスの公平性についてです。

まず、観光施設への財源配分の見直しと、区民優先の視線についてです。

観光情報センターは、区の名所だけでなく、事実上の都の広域観光インフラとしての役割を果たし、その運営費は区の一般財源だと、区民費の款で質疑いたしました。先週、都議会で主税局長が、宿泊税の使途について、年内に素案を発表すると答弁しました。このタイミングこそ、中央区が広域観光インフラである観光情報センターへの補助を都に働きかける好機です。都の財源を確保できれば、その分を区民施設の環境整備に振り向けることができるのではないでしょうか。

次に、区民施設へのＷｉ－Ｆｉや給水器の設備について申し上げます。

観光情報センターでＷｉ－Ｆｉを提供している一方で、区民が日常的に利用する区役所や区民館では、資料125のとおり、Ｗｉ－Ｆｉ環境が不十分です。また、資料80のとおり、本庁舎や保健所にさえ給水器が未設置です。かつて在京大使夫妻が招待されました2016年オリンピック招致イベントで、私は当時の石原都知事から、東京の水は世界一きれいで、そこらで売っているミネラルウォーターより質がいいと発言されたのを記憶しております。まさにそのとおり、東京の水道水は世界に誇れる品質です。だからこそ、区民の健康、環境、防災の観点から、この世界に誇れる水を公共施設で利用できる環境を整備すべきです。

質問３、都の宿泊税改定の動きを受け、公益的役割を担う観光センターへの都財政拡充を都に強く働きかけるとともに、その分を社会教育会館や区民館等、その他の公共施設へのＷｉ－Ｆｉ環境整備への加速、そして東京都水道局と連携した給水器の設置に振り向けるべきで、区民が優先される区政の姿勢を示すべきと考えますが、区の見解を伺います。

最後に３つ目の鍵、区民との信頼を深める広報の在り方について申し上げます。

ここでは広報戦略の見直しと、区民の共感を呼ぶ情報発信への転換についてです。区の現状は十分に伝わらず、区民の方々から、中央区はお金持ちというお声に代表されるように、区民と区の有効的な情報の共有ができていないと、企画・総務の款で課題を共有させていただきました。先月お会いしたＮＨＫのプロデューサーは、今年度、配属された新入社員の５人のうち２人がテレビを持っていないと嘆いておられました。ＮＨＫに入社する職員でさえテレビを持たない時代において、区の広報戦略も根本的な見直しが必要な時期です。この現状を踏まえ、時代にそぐわないケーブルテレビの費用対効果を冷静に評価し、若年層にも届く効果的な広報戦略へ転換することを求めます。

また、さきの質疑では、寄附について、区民の方から中央区の魅力が生かせていないという厳しいお声も頂戴いたしました。これは情報を出すだけでなく、共感を呼ぶ広報への転換を図るべきだという区民からの強いメッセージです。

最後の質問。今後の広報戦略として、例えば寄附用途を明確にした応援支援団体の活動を追うようなドキュメンタリー、区の進行中のプロジェクトの裏側であったり、１分行政白書など、心を動かす対話を軸とした戦略的な広報への転換について、区の見解を伺います。

以上、よろしくお願いします。",2025,2025/10/09,決算特別委員会,議員
,令和7年　決算特別委員会(第10日　10月9日),アルール委員,アルールうた子,"御答弁ありがとうございました。

非常に前向きだと考えております。これらの課題と提言を単発の事業ではなく、相互に連携させる改善パッケージングとして、来年度の予算編成と今後の区政運営に反映することを要望いたしまして、私の総括質疑を終わります。ありがとうございました。",2025,2025/10/09,決算特別委員会,議員
,令和7年　決算特別委員会(第10日　10月9日),アルール委員,アルールうた子,"本決算は、物価高や人口増による行政需要の増大の中にあっても、計画的な予算執行と堅実な財政運営により、区民生活の基盤が着実に維持されたものと評価いたします。職員の皆様の献身的な努力とその使命感に心から敬意を表します。

ただし、この健全な財政運営を持続させ、さらなる成長へとつなげるためには、幾つかの構造的な課題に取り組む必要があります。それは、行政評価制度の実効性向上、広域インフラへの適正な財源配分、そして時代に即した広報戦略への転換です。

令和６年度一般会計及び特別会計決算の認定について、都民ファーストの会は、区政が真の持続可能性と成長へ向かうための提言を具体化する機会と捉え、以下の課題改善を前提として、賛成の意思を表明いたします。

第１に、組織と財政の持続可能性の確立について申し上げます。

行政評価制度については、職員の皆様の努力がどのように予算や政策に反映されたかをより区民に分かりやすく示す仕組みが必要です。外部評価委員会の導入や評価結果の見える化をさらに進め、政策と成果の連動性を高めることを求めます。職員の採用と定着に向けては、区独自のインセンティブのある制度の検討、働きやすい庁舎環境の整備を進めることを求めます。また、大規模開発や経済・金融の中心としての役割を踏まえ、職員の政策形成力をさらに高めるため、国や都との出向・派遣交流を拡充し、そして国庫補助金や都補助金の最大活用を図る体制づくりと所管の見直しを進めてください。

第２に、区民サービスの公平性とその充実について申し上げます。

まず、地域交通の要である江戸バスについてです。広告収入を行政評価の指標に位置づけ、目標値を設定し、進捗管理を求めます。また、一般利用者の運賃体系については、物価上昇や燃料費の高騰を踏まえ、キャッシュレス時代に即した段階的な見直しも排除せず、安定的かつ持続可能な運賃体制の確立を図るよう要望します。

次に、財源の適正化についてです。

観光情報センターは、区の名所案内だけでなく、東京観光を支える広域的な拠点です。区の一般財源で賄われている現状は、区民の公平性の観点から課題です。今後は、東京都の財源などの活用を積極的に働きかけていただきたいと思います。

そして、観光客向けのサービスと同様に、区民が日常的に利用する施設のインフラ整備も重要です。区民施設にＷｉ－Ｆｉ環境がある、給水器がある取組は、健康、環境、防災の観点からも必要です。これらの基本サービスを整備し、誰にとっても快適な区民施設がある環境の充実を求めます。

また、多文化共生の推進については、外国人住民を、支援される側から地域を支える側として位置づける発想の転換が必要です。例えば、生活オリエンテーションの実施、多文化共生協議会の設置など、地域協働を促す仕組みを要望いたします。中央区文化・国際交流振興協会の運営体制につきましても、組織改革も含め、より実効性のある方向への改善を求めます。

第３に、福祉、環境、生活基盤の充実について申し上げます。

人口増の晴海エリアにおける安心がある医療インフラ整備は、区民の命を守る最重要課題です。体制を確認し、必要に応じて医療機関誘致や開業支援策の検討を進めていただきたいと思います。社会的課題である食品ロス削減については、国や東京都と連携し、ｍｏｔｔＥＣＯキャンペーンを含むガイドラインの取組を強化し、食べきり協力店制度とともに、環境に優しさがある施策の推進を求めます。

第４に、広報戦略の再構築と、伝わる区政への転換について申し上げます。

中央区はお金持ちという区民の声の背景には、区の財政状況や政策の意図、行政努力が十分に伝わっていないという課題があります。今求められているのは、情報を一方的に発信するお知らせ型から、区民が理解し、共感し、参加できる広報への転換です。そのためには、広報紙やホームページに加え、ＳＮＳや動画などのデジタルメディアをさらに活用し、施策の背景や成果、課題を分かりやすく物語として伝えることで区政への信頼と関心を高めることを提案いたします。広報は、単なる周知ではなく、区民と行政をつなぐ政策の一部であり、区政運営そのものの質を左右する重要な要素です。区民が自分事として区政を感じられるような発信への進化を強く期待いたします。

以上申し上げた課題について、区が前向きな姿勢を示されていることを信頼し、これらの提言が今後の区政運営に確実に反映されることを期待いたします。

都民ファーストの会は、区民の代表として、その実行を不断に確認し、区民と共に、持続可能で未来がある、夢がある、安心・安全がある中央区をここにいる皆様と築いていく決意を申し上げます。

以上をもって、都民ファーストの会として、本決算の認定に賛成の態度を表明いたします。",2025,2025/10/09,決算特別委員会,議員
,令和7年　決算特別委員会(第2日　9月29日),伊藤会計管理者,磯野忠,（説明）,2025,2025/09/29,決算特別委員会,理事者
,令和7年　決算特別委員会(第2日　9月29日),伊藤会計管理者,田中広一,"私から、基金の運用における基金利子についての取組について報告申し上げます。

委員から御指摘がありましたように、令和６年度は金利政策が大きく変わりましたので、購入する基金のための金融商品についても、これまで定期預金であれば、少なくとも１年満期のようなものから、６か月の満期のものへの切替えを行いまして、また、御指摘があったようなコール権付定期預金、これは、令和６年10月に教育施設整備基金として10億円購入いたしました。金利も普通の定期預金よりも上回る３年満期で0.6％で半年ごとに利息の受取りもできるというようなことで、購入いたしました。それから、定期預金も、従前はみずほ銀行を中心に、都市銀行で手堅くというようなところで購入しておりましたが、この間、地方銀行の中ではかなり利回りがいいものも発売されていたということで、もちろん、安全性に配慮して分散しながらですが、地方銀行についても定期預金の買入れを行っております。

もう一点、債券についてでございます。

従来から高速道路社債を購入してございますが、これも５年物が基本ではございましたが、２年物や３年物などの発売の機を捉えまして、６年度でありますと、２年物の債権を教育施設整備基金で５億円、財政調整基金で５億円、それぞれ購入いたしまして、金利は0.489％から0.534％ぐらいまで上がってきてございます。こうした取組を進めることによって、６年度の決算額として１億円を超えるところまでまいりました。この方針で引き続き令和７年度も取り組んで、なお、金利の状況としては上向きの状況でございますので、安全かつ機を捉えて十分に基金利子が得られるように努めてまいる所存でございます。

以上です。",2025,2025/09/29,決算特別委員会,理事者
,令和7年　決算特別委員会(第2日　9月29日),伊藤会計管理者,田中広一,"少しでも有利な商品を運用で使っていくためにというところで、今、委員から御指摘がありましたように、人気のある商品というのは、必ずしも十分にこちらの希望どおり買い入れることができていないという状況もございます。その一方で、情報を確実に手に入れるためには、日頃から窓口になっている金融機関といかにまめに、もちろん金融機関側からのアクションもありますが、私どもからも、その都度まめに連絡を取り合うということ、その中で信頼関係といいますか、ずっと継続的にたくさんの金融機関と関係を持ちながら、貴重な情報を速やかに仕入れて、なおかつ確実に買い入れるという関係性を持つということを、今、担当を中心に、繰り返しやっております。こういうことが有利な商品を確実に買い入れるというところに結びついているというふうに思っておりますので、この進め方をこれからも続けていきたいというふうに思っております。

以上です。",2025,2025/09/29,決算特別委員会,理事者
,令和7年　決算特別委員会(第7日　10月6日),伊藤会計管理者,竹内幸美,"基金の運用ということでございます。

今、委員からも御指摘がありましたように、金融政策が変わりまして、特に昨年来、大幅に金融商品などの金利の条件がよくなっているというところで、会計室は、毎年、財政課と基金の運用の方針を一定程度協議して、私ども会計室で運用していくわけですけれども、特に金利の動きが比較的激しいということで、長期の、例えば定期預金にしても、従来の１年物は、少なくとも１年満期のものから半年物に変える、あるいは債券も、５年物が基本でしたけれども、短期の３年物や２年物の発行も増えているので、やはり短期のものにできるだけ変えるということで、金利の値動きに対して、チャンスといいますか、出遅れのないように、長期金利のものは避けようという方向でやっております。

また、金融機関のほうも、例えば同じ定期預金のものでも、少しでも有利なものを商品として出している傾向がありますので、従来、都市銀行、特にみずほ銀行を中心にやっておりましたが、地方銀行の中でもかなり金利の有利なものも出ております。バランスは大切ですので、特定の有利なところにばかり偏るということは危険ですが、バランスよく、都市銀行、地方銀行など、定期預金の中でも借り入れるようにして、少しでも機会を捉えて有利な形で基金運用できるように進めてきております。

以上でございます。",2025,2025/10/06,決算特別委員会,理事者
,令和7年　決算特別委員会(第8日　10月7日),伊藤会計管理者,永井佳代,"実際の基金の運用についてでございます。

これまでも御答弁申し上げておりますが、財政主管部と会計室で、今後の１年間の運用方針をまず決めております。現在、金融商品の状況も踏まえ、まず定期預金をベースとしながらも、債券の買入れの割合を増やしていこうということで、おおむね80％の定期預金と債券20％を目途としていること、それから短期の金融商品の利回りが非常によくなっているということから、定期預金については半年のものを中心に、それから債券もこれまでの５年ものから２年もの、３年ものに決めるということで、今申し上げましたように、１年に１回、基本的な方針を財政主管部と決めております。

また、その上での実際の買入れでございますが、何よりもこれは自治法でも確実かつ効率的な運用が求められております。裏返しますと、その確実というところは、まずは安全第一でございます。大切なお預かりしている交付金でございますので、まずは安全で、その上で一定程度運用益としても期待できるというところで、現在は高速道路株式会社の社債を買い入れるということをしております。これは安全基準で言いますと国債と同等の格付でございますし、なお国債よりも有利な利回りということで、安全性と利回りという点でも、ただいま申し上げました安全、確実で一定程度運用益としても期待ができるというところでございます。

このような形で運用してございますが、今の金融状況を見ますと、まだ安全かつ有利なものも今後出てくるということもあるでしょうから、情報の収集と、また私も含め職員がその金融商品の運用についてさらに研究していくという必要があろうかと思います。それによって、より一層安全かつ確実で有益となるような運用に努めてまいる所存でございます。

以上でございます。",2025,2025/10/07,決算特別委員会,理事者
,令和7年　決算特別委員会(第8日　10月7日),伊藤会計管理者,磯野忠,（説明）,2025,2025/10/07,決算特別委員会,理事者
,令和7年　決算特別委員会(第2日　9月29日),永井委員,永井佳代,"よろしくお願いいたします。

ただいまから歳入につきまして、その中でも特別区交付金について伺ってまいります。特別区交付金を取り上げますのは、この交付金が区税と並ぶ本区財政の大きな柱であり、区民の皆様の生活を支える基盤的財源であると同時に、制度の仕組みが複雑で分かりにくい側面があるからです。そこで、本日は、令和６年度決算における特別区交付金の実態を踏まえ、その位置づけと役割、年度ごとの変動要因、東京都の配分基準と本区の特徴、安定性と将来見通し、そして透明性と説明責任という５つの観点から順に質問してまいります。午前中の質疑と少し重なる部分もあるかと思いますが、確認の意味を込めて、改めて質問してまいりたいと思います。

まず、本区にとって、特別区交付金をどのように位置づけているのでしょうか。単なる補塡財源ではなく、区民の皆様の生活を支える基盤財源として、どのように捉えているのでしょうか。本区のお考えをお聞かせください。お願いいたします。",2025,2025/09/29,決算特別委員会,議員
,令和7年　決算特別委員会(第2日　9月29日),永井委員,永井佳代,"ありがとうございます。ただいま主要な柱としての位置づけを確認させていただきました。とても心強いと思います。

では、実際に令和６年度に本区が受け取った額がどうであったのか、その規模と増減の背景を改めて確認してまいります。令和６年度に本区が受けた特別区交付金の決算額は約217億円、前年度比で約98億7,000万円の減となっておりますが、その要因をお聞かせください。お願いいたします。",2025,2025/09/29,決算特別委員会,議員
,令和7年　決算特別委員会(第2日　9月29日),永井委員,永井佳代,"御丁寧にありがとうございます。数字の確認をいたしました。

そして、さらに重要なのは、なぜそう算定されているのか。つまり、東京都の配分基準そのものであると思います。本区の特殊な条件がどう反映されているのかを改めて伺いたいと思います。

そこで、お尋ねいたします。

本区特有の実情として、人口急増や昼間人口の多さといった特徴があります。これら本区の特徴は、交付金算定において、どのような基準に反映されているのでしょうか。また、こうした特性に十分対応できていない部分があるとすれば、それをどのような課題として捉えられているのか、本区のお考えを伺います。お願いいたします。",2025,2025/09/29,決算特別委員会,議員
,令和7年　決算特別委員会(第2日　9月29日),永井委員,永井佳代,"ありがとうございます。課題のほう確認いたしました。

では、さらにお伺いいたします。必要に応じて、東京都や特別区長会に対して、制度改正や基準見直しの働きかけをされているのでしょうか。お願いいたします。",2025,2025/09/29,決算特別委員会,議員
,令和7年　決算特別委員会(第2日　9月29日),永井委員,永井佳代,"ありがとうございます。公平性は尊重しつつも、似たような近隣区とともに、粘り強く交渉を続けていただければと思います。

公平性と同時に、欠かせないのが安定性です。安定性と将来の見通しについてお伺いいたします。特別区交付金は本区の財政を支える大きな柱ですが、同時に、非常に不安定な側面も持っております。税収の変化や人口動態の影響を強く受けるため、年度ごとに金額が大きく増えたり減ったりすることもあると思っております。だからこそ、大切であるのは目先の数字だけではなく、今後数年間の見通しをどう描いているのかを明らかにすることだと考えております。

令和６年度の実績を踏まえ、本区の今後数年間の見通しをどのように描いているのでしょうか。また、交付金の変動が区民サービスに直結しないよう、どのような安定策を講じているのかお聞かせください。お願いいたします。",2025,2025/09/29,決算特別委員会,議員
,令和7年　決算特別委員会(第2日　9月29日),永井委員,永井佳代,"ありがとうございます。基金の活用や歳出調整を通じて区民生活を守る姿勢を示していただきました。ありがとうございます。

数字の増減に区民の皆様が不安を抱かないよう、将来の見通しや安定化策を分かりやすく発信していただければ、さらに皆様の安心につながるのではないかと考えております。

最後に、透明性と説明責任についてです。

非常に複雑な制度だからこそ、区民の皆様に分かりやすく伝える努力が信頼を築くのではと思っております。特別区交付金の算定方法は非常に複雑で、区民の皆様にとっては理解しにくいものであると思います。区民の皆様が安心して制度を理解できるよう、分かりやすく可視化するお取組が必要ではないかと思っております。例えば、財政調整制度の仕組みや課題などを簡潔にまとめた資料を公表するなどされるのはいかがでしょうか、お考えをお願いいたします。",2025,2025/09/29,決算特別委員会,議員
,令和7年　決算特別委員会(第2日　9月29日),永井委員,永井佳代,"ありがとうございます。財政白書にて、既に説明をされているとのことを理解いたしました。

これまでのやり取りを通じまして、特別区交付金が本区にとって単なる補塡財源ではなく、区民生活を支える大きな柱として位置づけられていることを改めて確認いたしました。大変安心いたしました。

特別区交付金は、23区全体のバランスを調整する制度であると同時に、本区にとっては区民生活を支える、見えにくいけれども、確かな財源であると思っております。だからこそ、透明性と説明責任をさらに高めていただきたいとお願いを申し上げ、私の質問を終わります。ありがとうございました。",2025,2025/09/29,決算特別委員会,議員
,令和7年　決算特別委員会(第3日　9月30日),永井委員,永井佳代,"おはようございます。本日もよろしくお願いいたします。

それでは、企画費・総務費について質問してまいります。

現在、ちょうど国勢調査が実施されておりますが、回答方法はデジタルが主流となる一方で、その仕組みを装った詐欺事件も全国で報告されているようです。まさに、便利さと安心の両立、すなわちデジタルとアナログのバランスをどう確保するのかが本区にとっても大きな課題になると改めて感じております。先日の一般質問における区長答弁では、令和６年度のデジタル化のお取組によって、1,849時間もの業務削減効果が生まれたと御説明を受けました。これは単なる効率化にとどまらず、職員の皆様が区民の皆様への対応に振り向けられる時間を確保したという点で大変意義深い成果であると受け止めております。そこで、本日は、このような数字で示される成果と、区民の皆様が日常生活の中で実感できる効果との両面に着目し、情報システム関連について伺ってまいります。その後、ふるさと納税について、さらに、広報についても順を追って質問してまいります。

まずは、情報システム関連についてです。

令和６年度の情報システム費は、予算現額が約36億8,882万円、決算額が約33億5,013万円、執行率は90.8％となっております。この大きな項目の中でも、特に区民の皆様の実感に直結するお取組の一つがＡＩ－ＯＣＲやＲＰＡの導入であると認識しております。これらは職員の皆様の定型業務を自動化し、本来、区民対応に振り向けるべき時間を生み出すことを目的としていると理解しております。

まず、情報システム費の中でＡＩ－ＯＣＲやＲＰＡの活用に充てられた予算額と決算額、そして執行率を教えてください。また、令和６年度に導入した部署や業務の範囲、処理件数や削減できた時間など、計画どおりに進んだのか、もしくは遅れがあったのか、成果を具体的にお示しください。お願いいたします。",2025,2025/09/30,決算特別委員会,議員
,令和7年　決算特別委員会(第3日　9月30日),永井委員,永井佳代,"ありがとうございます。令和６年度は14課19係の導入が進んだということで確認をいたしました。

目標の削減時間を2,000時間としていると伺いましたが、目標達成に向け、どのような課題があるのか、また、課題解決に向け、どのような改善をしていくのかお聞かせください。",2025,2025/09/30,決算特別委員会,議員
,令和7年　決算特別委員会(第3日　9月30日),永井委員,永井佳代,"ありがとうございます。様々課題を確認いたしました。

そして、さらに重要であるのは、削減された時間がどう生かされたのかという点であると思います。単に職員の皆様の負担が減っただけでは、区民の皆様の実感にはなかなかつながらないのではと考えております。

そこで、次に、削減時間を区民サービスへどう還元したのか、ここの点を伺いたいと思います。削減できた時間を窓口対応や相談業務など、区民サービスの向上にどう充てられたのか、具体的な実績があればお聞かせください。お願いいたします。",2025,2025/09/30,決算特別委員会,議員
,令和7年　決算特別委員会(第3日　9月30日),永井委員,永井佳代,"丁寧にありがとうございます。主に、税務課の窓口で区民サービスの向上に充てられているということを理解いたしました。また、デジタルディバイドのお話も、デジタルとアナログのバランスということでお伺いをさせていただきました。

効率化は、一方で、リスクの増加を伴う可能性もあるのかなと思っております。システム障害や誤作動が発生すれば、個人情報や手続に直接影響し、信頼を失うこともあるかもしれません。そこで、次に、リスクの発生の実態と対応策について伺ってまいります。

令和６年度に内部事務において発生したインシデントエラー、誤認識の件数とその影響や対応策について、可能な範囲でお願いいたします。よろしくお願いします。",2025,2025/09/30,決算特別委員会,議員
,令和7年　決算特別委員会(第3日　9月30日),永井委員,永井佳代,"インシデントエラーや誤認識、大きなものはなかったということを確認いたしまして、まずは安心いたしました。一方で、小さな誤認識やエラーであっても、積み重なれば区民の皆様の不安につながることもあるかと思いますので、引き続きリスクの回避には努めていただきたいと思います。

そこで、次に、こうしたリスクを最小化しつつ、同時に利便性を高めていくための改善策についてどのようにお考えでしょうか。お願いいたします。",2025,2025/09/30,決算特別委員会,議員
,令和7年　決算特別委員会(第3日　9月30日),永井委員,永井佳代,"ありがとうございます。リスク対応と利便性向上を同時に進めていただいているということを確認いたしました。

続きまして、ＢＰＲ、ＤＸ実践のための職員向けワークショップについてお伺いいたします。

制度やシステムは整備されていても、それを実際に生かすのは現場で区民対応を担う職員の皆様であると思います。デジタル基盤を有効に機能させるためには、最前線に立つ職員の皆様の意識やスキルが大きな鍵となってまいります。先日の一般質問における区長答弁におきましても、職員の皆様が自ら業務改革をするという力強いお言葉も聞かれました。

そこで、次に、職員の皆様の意識改革や研修を通じた改善の仕組みについて伺ってまいりたいと思います。

ＤＸ推進を定着させるためには、制度やシステムだけではなく、職員の皆様の意識改革が、当然ながら、欠かせません。業務改善や職員研修に充てられた予算額と決算額、そして執行率をまず教えてください。そして、令和６年度のワークショップの開催回数、参加人数、改善提案の件数、そして、実際に実装されたものがあるのであれば教えてください。お願いします。",2025,2025/09/30,決算特別委員会,議員
,令和7年　決算特別委員会(第3日　9月30日),永井委員,永井佳代,"詳しくありがとうございます。実際に実装されたものが既にあるとのことで、大変心強く思いました。

先ほどのワークショップの開催についてなんですが、幹部職員の皆様も何名か参加されたという実績がもしあれば、それも併せて教えていただきたいと思います。

職員の皆様の意識改革と改善の積み重ねが、ＤＸの成果を区民の皆様に実感していただくための原動力であることを確認させていただきました。しかし、同時に、忘れてならないのが、先ほどから申し上げているとおり、利便性の向上と常に表裏一体で存在するリスクへの対応であると思います。どれほど便利な仕組みを整えても、セキュリティが脆弱であれば、一瞬にして信頼は揺らぐものであります。

ここからは、情報漏えいやシステム障害の備えを含め、本区のセキュリティ体制についてお伺いいたします。

利便性が高まる一方で、当然ながら、セキュリティの確保は不可欠であると思っておりますが、令和６年度に発生した情報漏えいやシステム障害の件数、そして、その対応についてお聞かせください。お願いいたします。",2025,2025/09/30,決算特別委員会,議員
,令和7年　決算特別委員会(第3日　9月30日),永井委員,永井佳代,"御丁寧にありがとうございます。本区として、重大なインシデントは確認できなかったとのこと、大変安心に思いました。研修や技術的対策を継続的に進めていただいていることを確認いたしまして、大変心強く感じたところであります。

特に、区民の皆様の個人情報を扱う場合は小さなミスや油断が信頼を大きく損なうリスクにつながります。今後も最新の知見を積極的に取り入れながら、職員の皆様全体にセキュリティ意識を浸透させていただきたいと思います。

続きまして、ふるさと納税について質問してまいります。

令和６年度予算では、本区もふるさと納税制度の活用を充実事業として位置づけ、築地魚河岸の浜焼きバーベキューテラス利用券や観劇券・食事券など、体験型返礼品を新たに導入しております。区外からの応援を呼び込むシティプロモーション効果と、本区の魅力発信の両面で意義深いお取組であると評価しております。

そこで、令和６年度におけるふるさと納税制度の活用に関する決算額とその内訳、例えば返礼品調達費や委託費、システム利用費などについて、先ほどの御答弁でも経費が全国的に約47％だというお話もございましたが、改めてお示しください。また、本区がふるさと納税事業に支出した経費の中で、ポータルサイト運用事業者や返礼品取扱い事業者への委託料、手数料はどの程度発生しているのか、全体に占める割合と併せてお示しください。お願いいたします。",2025,2025/09/30,決算特別委員会,議員
,令和7年　決算特別委員会(第3日　9月30日),永井委員,永井佳代,"ありがとうございます。返礼品の金額も含んで、ポータルサイトの経費が全体の３割強ということを確認いたしました。

ふるさと納税は、Ａ自治体に入るはずの税がＢ自治体に全額流れるわけではなく、その過程でポータルサイトや返礼品取扱い事業者による、いわゆる中抜きが発生し、それが返礼品を含んで３割強ということを確認させていただきました。昨日の御答弁でも、本区のふるさと納税におけるマイナスの影響を区民の皆様に分かりやすく伝えていく必要性が示されました。まさにそのとおりであり、この現実を共有してこそ、区民の皆様と制度の課題を乗り越えられるのではないかと考えております。区民の皆様がほかの自治体に寄附をすること自体は決して責めることはできませんが、ふるさと納税は、今説明したとおり、Ａ自治体に入るはずの税がＢ自治体に全額流れるのではなく、その過程でポータルサイトや返礼品取扱い事業者による中抜きが発生し、寄附額の一部が地域に還元されていないという構造的な問題があると思います。先ほど、まさに御答弁でもこのようなことをおっしゃっておりましたけれども、このことに関しても区民の皆様に分かりやすくお伝えしていく必要があると思っております。よろしくお願いいたします。

寄附額の増減は歳入に属する議論となりますが、歳出事業としての課題は、持続性の確保にあるのではないかと考えております。ほかの自治体に目を向けますと、例えば渋谷区では、区内企業と連携し、人気ゲームのアイテムを返礼品に導入いたしました。一見すると異色ですが、エンターテインメント産業が集まる地域特性を生かした地場資源の延長線上の返礼品であると思います。本区においても、例えばカゴメさんのような食文化資源、さらには国内有数の金融・ビジネス拠点といった強みがあると思います。これらを地域資源として磨き上げ、返礼品事業と結びつける余地は大きいのではないかと考えておりますが、渋谷区のように、区内企業と協働し、ふるさと納税を地域資源を共に磨き上げ、全国に発信する仕組みとして展開する可能性について、本区はどのようにお考えでしょうか。お願いいたします。",2025,2025/09/30,決算特別委員会,議員
,令和7年　決算特別委員会(第3日　9月30日),永井委員,永井佳代,"ありがとうございます。引き続き、検証をしていただければと思います。

先ほどの御答弁の中で先進的なプロジェクトの推進とありましたが、私は返礼品の中でそのイメージが持てませんでしたので、そこについて少し具体的にお伺いできればと思います。

さらに、国の制度改正により、10月からポータルサイト利用時のポイント還元が禁止されます。これは、返礼品事業の在り方を考える上で大きな転換点になると思っております。本区として、この制度改正を踏まえ、返礼品事業の区の魅力発信の方針を再構築するというお考えでしょうか。歳出事業の観点からお聞かせください。お願いします。",2025,2025/09/30,決算特別委員会,議員
,令和7年　決算特別委員会(第3日　9月30日),永井委員,永井佳代,"御丁寧にありがとうございます。

１点だけ確認させてください。今の御説明ですと、制度の改正による影響について、良くも悪くも影響はほぼないというお考えでしょうか。お願いいたします。",2025,2025/09/30,決算特別委員会,議員
,令和7年　決算特別委員会(第3日　9月30日),永井委員,永井佳代,"ありがとうございます。

制度改正の影響を最小限にとどめつつ、返礼品事業の磨き上げや寄附の趣旨、使い道の分かりやすい発信を通じて、本区を応援してくださる方々に選ばれる工夫がますます重要になるのではないかと考えました。制度に翻弄されるわけではなく、答弁で力強く繰り返されておりましたが、ぜひ本区の魅力を全国に伝えていただきたいと要望いたします。

次に、広報についてですが、時間も少しだけですので、こちらについては総括のほうで質問させていただきたいと思います。

企画費・総務費については、以上です。ありがとうございました。",2025,2025/09/30,決算特別委員会,議員
,令和7年　決算特別委員会(第4日　10月1日),永井委員,永井佳代,"おはようございます。本日もよろしくお願いいたします。区民費につきましては、本区の区民生活に直結し、日々の暮らしに寄り添い、より豊かな生活となるよう、重要な事業が多く含まれております。今回はその中でも、令和６年度の新規事業として設置されましたおくやみコーナー、地域交流の新たな試みである晴海まつり、区制80周年に向けて注目されております東京湾大華火祭、そして地域活動の活性化につながるビジネス交流フェアについて、それぞれ順に伺ってまいります。

まず、おくやみコーナーについてお伺いいたします。

身近な方を亡くされた御遺族の方は、深い悲しみの中にありながらも、短い期間に数多くの行政手続を進めなければなりません。戸籍や住民票、国保や年金、介護保険など、関係する窓口は多岐にわたり、その一つ一つが遺族にとって大きな負担となっておりました。こうした状況を踏まえ、本区では、令和６年度から手続をワンストップで相談できるおくやみコーナーが設置されました。区民の皆様にとって必要な支援であり、遺族の負担を軽減する意義深い取組であったと受け止めております。そこで、このおくやみコーナーの運営状況や課題について、幾つか確認させていただきます。

まず、おくやみコーナーの設置は令和６年７月であると認識しておりますので、年度途中ということではありますが、実際の本区でお亡くなりになった方の人数と、おくやみコーナーの利用人数について、お分かりになる範囲で構いませんので、お示しください。お願いいたします。",2025,2025/10/01,決算特別委員会,議員
,令和7年　決算特別委員会(第4日　10月1日),永井委員,永井佳代,"細かく分析していただきまして、ありがとうございます。実際に２割程度の方が利用されたとのことを確認いたしました。

それでは、相談枠の確認をさせていただきたいのですが、事業開始当初は予約制にて週に２回、午前枠２組、午後枠２組の週８組であったと思いますが、現在は週３回、週に合計12組に相談枠が拡大されていると思っております。これらの枠に対しての相談件数はどれぐらいでしょうか。週に12組という範囲で十分なのか、どのような運用をされているのか、ここを確認させてください。お願いいたします。",2025,2025/10/01,決算特別委員会,議員
,令和7年　決算特別委員会(第4日　10月1日),永井委員,永井佳代,"ありがとうございます。現在のところ、ニーズの範囲の中で収まっているということを確認いたしました。

もう１点確認させていただきたいのが、区民の皆様がどこまでこの窓口で対応してもらえるのかという期待と現実の差であります。おくやみコーナーは確かにワンストップで大変便利な仕組みではありますが、実際には金融機関や民間事業者など、区役所では完結しない手続も多く残されております。そうした対象外となる部分について、どのように区民の皆様へ分かりやすく周知されているのか、確認させてください。お願いいたします。",2025,2025/10/01,決算特別委員会,議員
,令和7年　決算特別委員会(第4日　10月1日),永井委員,永井佳代,"ありがとうございます。

おくやみハンドブックを通して、区役所内で完結できる手続と外部で対応する窓口を分けて、分かりやすく御説明をされているとのことでした。おくやみハンドブックは、私も拝見したことがございますが、相続をはじめとする複数の煩雑な手続を、区役所内で完結できるものと外部機関で対応できるものを明確に分類し、チェックリストや手続フォローで分かりやすく案内されている点に大きな意義を感じております。御遺族の方がどこに行けばどの手続ができるのか、迷わず判断できる構成になっていると思います。

おくやみコーナーは、遺族の方々が多くの手続を短時間で行わなければならない大変な時期に寄り添う大切な窓口であると考えております。おくやみハンドブックで全体の流れが整理されていることはもちろん重要なことですが、実際の窓口でのやり取りにおきまして、法律や制度に関する専門用語が多く、初めて経験する遺族の方には理解が難しい場合も少なくないと思います。特に心身の負担が大きい状況を踏まえれば、分かりやすい言葉で丁寧に説明することや、寄り添いの姿勢を持った対応が不可欠であると考えております。

そこで、本区として専門用語や制度の複雑さに配慮し、利用者の方が安心して手続を進められるようにするため、どのような取組を行っているのでしょうか。併せて、知識やマニュアルに基づいた対応だけではなく、グリーフケアの観点も含めて、お取組をお聞かせください。お願いいたします。",2025,2025/10/01,決算特別委員会,議員
,令和7年　決算特別委員会(第4日　10月1日),永井委員,永井佳代,"御丁寧に御答弁ありがとうございます。今の御答弁を通しまして、おくやみコーナーが単なる手続窓口にとどまらず、制度の複雑さを分かりやすく伝え、そして精神的な負担にも寄り添う存在となることをさらに期待しております。大切な方を亡くされた直後の御遺族の方にとって、本区の姿勢が安心感や信頼感につながるものと考えております。今後も、制度的な整備と併せて、御遺族の方の立場に立ったきめ細かな対応をお願いいたします。

次に、先ほどの御答弁の中にも触れられておりましたおくやみハンドブックについてお伺いいたします。おくやみハンドブックには、広告主の協賛により作成されたものですとの記載があり、実際にページを開きますと、複数の企業広告が掲載されていることが確認できます。単に行政が費用を負担して作成した冊子ではなく、企業の協賛によって一部を賄う仕組みが導入されているのかなと思い、受け止めております。

さらに、本庁１階などの窓口で配布される封筒などにも同様に企業の協賛によって提供されている事例が見受けられます。こうしたお取組は、行政サービスを維持しながらも行政負担を軽減し、同時に地域企業との連携にもつながる可能性を持つものだと考えております。

ここでお伺いいたします。おくやみハンドブックの作成に係る令和６年度の執行額、つまり、どの程度の経費がかかり、そのうち本区が実際に負担した額が幾らであったのか、改めて確認させてください。お願いいたします。",2025,2025/10/01,決算特別委員会,議員
,令和7年　決算特別委員会(第4日　10月1日),永井委員,永井佳代,"ありがとうございます。本区の負担がゼロ、なしであったとのことを確認いたしました。限られた財源の中で工夫を凝らし、必要なサービスを提供するという観点からも、大変意義深いお取組であると受け止めております。

一方で、広告協賛という形は、区民の皆様にとって、行政サービスと企業広告との関係がどのように整理されているのか、分かりにくい側面もあるかもしれません。おくやみハンドブックの中に、広告主について本区とは無関係である旨の文言の記載を見つけてはおりますが、本区が推薦している企業や本区が提携している企業であると誤解を与えてしまう可能性もあるのではないかと思っております。広告掲載の基準やバランスの取り方について、そして広告掲載企業の安全性の担保については、どのようにお考えでしょうか。お願いいたします。",2025,2025/10/01,決算特別委員会,議員
,令和7年　決算特別委員会(第4日　10月1日),永井委員,永井佳代,"ありがとうございます。

職員の皆様自らが、デューディリジェンスと言うとちょっと大げさかもしれませんけれども、しっかりと確認を行い、企業の安全性にも配慮されているということを確認させていただきました。その上で、区民の皆様から見たとき、行政が推薦している企業なのかという誤解を与えないことが重要だと思っております。おくやみという大変デリケートな場面において活用される冊子であるからこそ、透明性と中立性の確保は通常以上に丁寧な配慮が求められると思いますので、引き続きお願いいたします。

次に、おくやみコーナーの外国人の対応についてです。昨日の質疑の中でも外国人住民の割合のお話がありましたが、今後、外国人住民の方へおくやみサービスを提供する時期も近いのではないかなと思って聞いておりました。外国人住民には大使館での書類も必要となるため、日本人よりさらに煩雑な手続になると思っております。

実は私も、前職の際に某国の大使館の方から依頼を受け、手続のサポートをした経験がありますが、公証役場で翻訳認証をする必要があったりと、なかなか大変であったと記憶しております。

ここで確認させていただきたいのですが、令和６年度やこれまでの外国人住民の方への実績はあるのでしょうか。また、外国人住民に対するおくやみコーナーでのサービスの提供について、お考えや今後の方向性をお聞かせください。お願いいたします。",2025,2025/10/01,決算特別委員会,議員
,令和7年　決算特別委員会(第4日　10月1日),永井委員,永井佳代,"ありがとうございます。

現時点では実績がないとのことでしたが、今後、本区の対応できる範囲の中で外国人住民の方への対応を視野に入れていただいていることのお考えを確認いたしました。外国人住民は、本区にとっても着実に増えている存在であり、日常生活や教育、医療の場面と同じように、おくやみの場面でもサポートが必要になるのは必然であると思います。本区の誰一人取り残さないという視点でのお取組を引き続きお願いいたします。

続きまして、地域に根差した文化的な交流の取組、晴海まつりについて質問をいたします。

特に人口が急増する晴海エリアを含む月島地域では、新しく転入された方々と従来からの地域を支えた住民の皆様との交流が強く求められております。その意味で、令和６年度に初めて開催された晴海まつりは、大変意義深い取組であったと受け止めております。まずは、その実態について確認させていただきます。

晴海まつりには予算額約1,241万円、執行額約1,146万円で、執行率92.4％であると理解しておりますが、この支出が新旧住民の交流という目的においてどの程度結びついたのか、御見解をお聞かせください。お願いいたします。",2025,2025/10/01,決算特別委員会,議員
,令和7年　決算特別委員会(第4日　10月1日),永井委員,永井佳代,"御丁寧にありがとうございます。来場者数6,300人と伺いましたが、もし正確な年代別とか世帯別の傾向を把握されているのであれば、それを教えてください。

あわせまして、お祭り自体の開催目的や企画内容をどのように決定されたのか、ここを伺っていきたいと思います。第１回となった晴海まつりのイベントやプログラムの内容について、改めてお聞かせください。また、どのような課題意識や地域の要望を踏まえて準備され、当日のプログラムに反映されたのか、こちらについてもお願いいたします。",2025,2025/10/01,決算特別委員会,議員
,令和7年　決算特別委員会(第4日　10月1日),永井委員,永井佳代,"ありがとうございます。

来場者のセクター別というか、傾向、世代別は実際には把握されていないとのことでしたが、参加者をより明確にすることで情報発信の方法や内容をきめ細かく工夫できるのかなと思いますので、次回以降はよろしくお願いいたします。

また、当日のプログラムに関しては、地域のお声を丁寧に受け止めていただいて、その要望も一部実際のプログラムに反映させていただいていることを確認いたしまして、大変意義深いなと感じたところです。晴海という新しい地域におきまして、先ほどもおみこしの話があったり、縁日コーナーの話もありましたが、人と人との交流そのものが最大の成果であったと考えております。地域住民同士が顔を合わせて声をかけ合い、共に時間を過ごすことによって芽生えるつながりは、数値では測ることのできない地域の絆となる大切な資産を積み上げるものだと思っております。

そして、この絆を未来へつなげていくために、時代の要請にも応じた運営の工夫も欠かすことができないと思います。特に近年は、どのイベント、どの地域においても、環境に配慮した取組が大きなテーマとなっております。ごみを減らす工夫、リユース食器の活用といったお取組は、環境負荷を抑えるだけでなく、参加者一人一人が未来を意識して行動するきっかけにもなり得るのではないかと思っております。

そこでお伺いいたします。第１回となる晴海まつりの運営におきまして、ごみの削減やリユース食器の活用など、環境に配慮した具体的なお取組はございましたでしょうか。もしありましたら、具体的にお示しください。お願いいたします。",2025,2025/10/01,決算特別委員会,議員
,令和7年　決算特別委員会(第4日　10月1日),永井委員,永井佳代,"ありがとうございます。

環境への配慮は、晴海まつりを恒例行事へと定着させるための条件の一つではないかなと思っております。また、こうした姿勢は、先ほど来場者の中で、小学校低学年の方、未就学児の方が多く来場されたということを伺っておりますが、まさに子供たちや若い世代にとっても特に強いメッセージになるのではないかと思っております。自分たちの参加するお祭りが環境にも優しいという誇りを持てることは、祭りを未来につなげる自分たちの行事と感じてもらえる契機になると考えておりますので、その経験が次の世代へと自然に受け継がれていくことをお考えいただきながら、引き続き価値を高めていただきたいと思います。

続きまして、東京湾大華火祭について質問してまいります。かつて70万人規模を誇った花火大会を現代にふさわしい形で運営し、安全と快適を両立させることこそが、本区にとって大きな挑戦となります。そして、これは区制80周年を象徴する事業であり、全国からも注目されるものになると考えております。

先日の一般質問における区長答弁でもお示しされましたとおり、最大の課題は経費の確保です。本区単独での負担は現実的ではなく、近隣区との連携が不可欠であるとの認識が示されました。特に港区につきましては、準備経費の補正予算を組み、現在審議されているとの情報も公開されております。こうした協力体制が実現すれば、大会運営の持続可能性に大きく寄与するものであると受け止めております。

また、財源確保の具体策として、有料席の設定や企業協賛の募集が検討されていることも区長答弁で明らかとなりました。企業協賛については、過大な金額は期待できないとの御説明もございましたが、幅広く募集を行い、優先席と組み合わせて現実的な財源の組合せをさせていただく必要があると認識しております。

さらに、次年度以降の恒例開催につきましては、まず来年、復活１回目の実施を成功させ、その検証を踏まえて判断されるとの御答弁もございました。ここでまず確認させていただきたいのが、本区と港区との共同体制についてです。かつて花火大会も両区が協力して開催してきた経緯がございますが、今回は両区とも区制80周年という節目を迎える年に当たります。周年の記念行事として、両区が同じ方向性を共有し、共催として位置づけることができれば、大会の重みや意義も一層高まるのではないかと考えております。先ほどの御答弁の中で、まだ明確になっていないという御説明がございましたが、今回の東京湾大華火祭は、港区との共同事業としてどのように整理し、また両区の区制80周年記念行事としてどのように位置づけていくお考えでしょうか。もしお答えできることがございましたら、お答えできる範囲で構いませんので、お示しください。お願いいたします。",2025,2025/10/01,決算特別委員会,議員
,令和7年　決算特別委員会(第4日　10月1日),永井委員,永井佳代,"お考えをお伺いいたしました。ありがとうございます。

では次に、地域への経済効果について伺ってまいります。

花火大会は膨大な集客力を持ちますが、来場者が地元で飲食、宿泊、買物をすることで経済効果を地域に還元できるかどうかはとても重要な点であると思います。単なる観光イベントではなく、地元に利益が落ちる仕組みがうまく設計されてこそ、本区にとって持続可能な事業になり得るのではないかなと思っております。

商店街や地元店舗に出店機会を提供するなど、地域経済への波及を最大限にする仕組みについてはどのようにお考えでしょうか。あわせて、過去の大会での地域経済への効果については、どのような範囲でどのような規模であったのか、具体的にお聞かせいただけますでしょうか。お願いいたします。",2025,2025/10/01,決算特別委員会,議員
,令和7年　決算特別委員会(第4日　10月1日),永井委員,永井佳代,"ありがとうございます。課題の共有をさせていただきました。

時間もあまりありませんので、もう１問だけ質問させてください。にぎわいが増せば増すほど、混雑や安全リスクも比例して高まります。特に花火大会は、規模が桁違いであり、交通混雑、救護、さらには外国人観光客の対応にまで、多方面で安全対策が不可欠であると思います。さらに、過去の花火大会から現在までの間に、社会情勢や治安環境、インバウンドなど、社会を取り巻く環境は大きく変化しております。

そこでお伺いいたします。過去の大会の安全対策を単に採用するのではなく、現在的な課題、例えばテロ、災害、感染症、多言語対応、ＩＣＴを活用した混雑分散などにどのようにアップデートしていくお考えでしょうか。御見解をお願いいたします。",2025,2025/10/01,決算特別委員会,議員
,令和7年　決算特別委員会(第4日　10月1日),永井委員,永井佳代,"ありがとうございます。

過去の取組を土台にしながら、現代の課題に合わせてアップデートを進めていただいているとのことで、大変心強く感じました。区制80周年という節目にふさわしく、この大会が区民の皆様に大きな感動を与えるとともに、このまちで暮らしてよかったと思える誇りを届けてくれることを心から期待し、質問を終わります。ありがとうございました。",2025,2025/10/01,決算特別委員会,議員
,令和7年　決算特別委員会(第5日　10月2日),永井委員,永井佳代,"おはようございます。本日のトップバッターとなります。福祉保健費の持ち時間は60分と長丁場となりますゆえ、大変恐縮ですが、従来にも増して丁寧な御答弁をいただければ幸いです。どうぞよろしくお願いいたします。

福祉保健は、乳幼児から高齢者、障害のある方まで、あらゆる世代の日常に寄り添う区政の基盤であると思います。この１年、現場を支えてこられた職員の皆様の御尽力に、まずは心から敬意を表します。

本区は、人口構成の変化や超高齢社会の進展、子育てや就労の多様化など、大きなうねりの中にあると思います。そうした中でも、制度のはざまを埋めるきめ細やかな支援や、新しいニーズに応える工夫が積み重ねられてきたことを前向きに評価しております。この福祉保健費では、単なる事業実施にとどまらず、本区が掲げる目的に沿った効果があったのか、また、その成果が区民の皆様の実感にどのように届いているのかを丁寧に検証してまいります。本日の福祉保健費の質疑では、令和６年度に新規事業としてお取り組みされた事業を中心に確認してまいります。

まずは、困っている区民の方を最初に受け止める入り口となる、ふくしの総合相談窓口について伺います。続きまして、その入り口で拾い上げられた課題を実際に支える受皿として位置づけられる幾つかの事業、すなわち子供や障害のある方を支える放課後等デイサービス事業補助、地域生活を支える拠点となる月島三丁目北地区知的障害者グループホーム、リヴェール月島の開設・運営の支援、さらに、介護分野での人材確保と定着に直結する地域密着型サービス事業者向け宿舎借上支援事業について、順に伺ってまいります。その後は保健の分野へと移り、区民の健康づくりに直結する施策を確認してまいります。区民の皆様の日々の生活習慣や体調管理を支援する仕組みとして導入されました中央区健康アプリ、ちゅうおうヘルス＆ウォークについて、高齢者に対するデータを活用した個別の健康相談・指導の可能性や今後の方向性について伺ってまいります。さらに、公衆衛生の基盤整備の一環として、地域ねずみ防除促進事業についても取り上げ、生活環境の安全と安心を守るための取組について確認してまいります。

まず、令和６年度に新たに整備されたふくしの総合相談窓口についてお伺いをいたします。

福祉全般の支援につながる最初の入り口として期待され、本区が大きな投資を持って取り組まれた事業であると思います。従来、福祉制度や窓口は複雑で、どこに相談すればよいか分からないという声が繰り返し寄せられてきました。この窓口は、そうした声に応えるために整備されたものであり、年齢や属性を問わず、全ての困り事を一旦受け止め、必要な機関へとつなぐ伴走型の支援を行うものと理解しております。そして、何より大切なのは、窓口を立ち上げたということ自体ではなく、実際に区民の皆様に利用され、安心や課題解決へとつながったかどうかであると考えております。

ここで、まず、お伺いいたします。

令和６年度の当該事業の予算額、執行額、執行率を教えていただけますでしょうか。あわせて、本区がこの窓口を設置した背景と目的、期待された効果について、改めてお聞かせください。お願いいたします。",2025,2025/10/02,決算特別委員会,議員
,令和7年　決算特別委員会(第5日　10月2日),永井委員,永井佳代,"ありがとうございます。

背景として、8050問題など複合的な課題に対応するためなどの整理をいただき、この窓口が単なる相談の場ではなく、はざまにある声を拾い上げる入り口として、そしてまた、どこに相談していいのか分からない方の窓口として、制度を柔軟に運用していただいていることを確認させていただきました。

昨日の質疑で相談件数が3,809件に上るとの御説明を受け、大きな実績であると受け止めました。しかし、数字の背景には一人一人の生活や安心が積み重なっていることを忘れてはならないと感じております。

次に確認したいのは、ふくしの総合相談窓口が区民の皆様の暮らしにどのような変化をもたらしたのかという視点でございます。相談件数や相談内容の把握は重要ですが、それだけでは窓口の本当の価値を測り切るものではないと思います。また、一人の区民の方が抱える困難は、福祉、医療、就労、子育てなど、複数の領域にまたがることも少なくありません。こうした複合的な課題にどれだけ対応できているのか、窓口の果たす役割を示す指標になるのではと考えております。

そこで、お伺いいたします。複数の課題を同時に抱えていた区民の方に対して、どのように支援を行い、実際にどのような改善につながったのでしょうか。また、具体的な事例と、さらにそこから得られた学びについてもお聞かせください。お願いいたします。",2025,2025/10/02,決算特別委員会,議員
,令和7年　決算特別委員会(第5日　10月2日),永井委員,永井佳代,"御丁寧にありがとうございます。

訪問看護や社会福祉協議会との連携によりまして、生活改善につながった具体的な事例をお伺いさせていただきました。こうした事例を積極的に共有していただくことが、さらに利用促進にもつながると思っております。

その前提として大切なのは、区民の皆様がこの窓口の存在を知っているのかということだと思います。どれほど制度を整えていても、周知が不十分であれば、利用にはなかなかつながりません。区のおしらせやウェブサイト、ＳＮＳといった経路を通じて、窓口が区民の皆様にどのように伝わり、実際の利用へと結びついたのかを把握することは、今後の改善にも直結するものであると考えております。さらに、先日の一般質問でも少し触れておりましたが、多言語対応ややさしい日本語での発信・相談対応といった工夫があってこそ、外国籍の方や高齢者の方など、より幅広い層の方にとって安心して利用できる窓口になるはずだと思っております。

そこで、お伺いいたします。

区民の皆様が窓口を知った経緯の割合は、どのように把握されているのでしょうか。また、多言語ややさしい日本語による対応の実績について、ここでは具体的にお聞かせください。お願いいたします。",2025,2025/10/02,決算特別委員会,議員
,令和7年　決算特別委員会(第5日　10月2日),永井委員,永井佳代,"ありがとうございます。

区のおしらせちゅうおうの１面記事や関係機関などからのつなぎによって、窓口が実際に活用されていると御説明をいただきました。また、翻訳多言語タブレットややさしい日本語を用いた丁寧な説明が行われていることは、外国籍の方や高齢者の方の安心につながる重要な工夫であると受け止めております。今後も窓口を知るきっかけをさらに多様化させ、認知度を高めていただくことを期待いたします。

昨日の質疑の中で、本窓口に寄せられた御相談の多くが生活困窮やひきこもりに関するものであると御説明をいただきました。生活困窮は、その性質上、なかなか予防的に対応することが難しい分野であると理解いたしておりますが、一方で、ひきこもりについては、早期の段階で支援につながることで、社会との接点を回復し、孤立の深刻化を防ぐことができる余地があるのではと考えております。ここで気になりましたのは、ひきこもり状態にある御本人が自ら窓口に来ることが難しいという現実です。そもそも来庁すること自体に大きなハードルがあるため、相談窓口を設置しただけでは届かない方が少なくないのではないかと思いました。だからこそ、本区として、相談を待つだけではなく、いかに外へ手を差し伸べ、実際に困っている方やその御家族を支援につなげていくかがとても重要になってくると思います。

その観点からお伺いいたします。

窓口に来るのが難しい方にどうやって情報を届け、どう支援の最初の一歩へ導いていくのでしょうか。つまり、アウトリーチ支援につなげていくために、これまでどのような工夫をされているのでしょうか。また、本区におきまして、ひきこもり当事者やその御家族をつなぐためのアウトリーチ支援への橋渡しについて、どのような方法を実践されているのか、具体的にお聞かせください。お願いいたします。",2025,2025/10/02,決算特別委員会,議員
,令和7年　決算特別委員会(第5日　10月2日),永井委員,永井佳代,"御答弁ありがとうございます。

今のお話を聞いておりまして、ひきこもりの方は、恐らく日常生活、学校生活であったり、勤め先であったり、ほんのちょっとしたことをきっかけにひきこもりにつながってしまうことが多いと思いますが、予防的な支援は難しく、さらに御本人に直接支援を届けるということもさらに難しいのだと、今の御答弁を聞いて改めて思いました。ただ、これは課題として、今後どうしたら事前に予防的観点として何ができるのかを私も一緒に考えていきたいと思います。

これまで、ふくしの総合相談窓口の開設以降、生活困窮をはじめ、複数の課題が重なった御相談が数多く寄せられていると伺いました。医療、就労、子育て、介護など、分野をまたいだ課題は１つの制度だけでは解決できない難しさがあると理解しております。だからこそ、大切であるのは、窓口を設置したことでなく、日々の運営の中から見えてきた課題や学びを次につなげていくことだと思います。本庁舎や月島地域での経験を踏まえ、今後、日本橋地域での新設に当たり、どのような知見を整理し、具体的にどう生かしていこうとされているのか、本区の方針を改めてお聞かせください。お願いいたします。",2025,2025/10/02,決算特別委員会,議員
,令和7年　決算特別委員会(第5日　10月2日),永井委員,永井佳代,"ありがとうございます。次に向けて、人材確保が課題であることを確認いたしました。

また、先ほど御答弁にありましたが、御対応いただいている職員の方、社協さんの方だと思うんですけれども、対応していて、すごく難しい問題に接していると、自身もかなり心情的に複雑になるというのはすごく理解しておりますので、皆様のケアも併せてよろしくお願いいたします。

続きまして、ふくしの総合相談窓口の進化に向けた観点からお伺いいたします。

本区の窓口は、年齢や属性を問わず、全ての相談を一旦受け止めるため、必要な機関へと伴走的につなぐ仕組みとして大変意義深い取組であると受け止めております。現行の窓口は、大きな成果を上げつつある一方で、さらに可能性を広げる余地があるのではないかと考えております。これまでの質疑の中でも生成ＡＩの話も多く出ておりましたが、ほかの自治体の事例を見てみますと、例えば豊田市ではＡＩを活用した相談支援の実証が行われ、相談の記録や傾向分析に役立っているようです。また、国におきましても相談記録プラットフォームの導入が進められ、相談受付から支援、終結までを一元管理し、関係機関と共有する仕組みも検討されているようです。

そこで、お伺いいたします。本区として、こうしたほかの自治体の先行事例やデジタル技術をどのように評価されているのでしょうか。単なる窓口機能にとどまらず、相談データの蓄積や分析、ＩＣＴを活用した記録共有の仕組みを取り入れることで、より効果的かつ効率的な支援につなげる余地はあるのではないでしょうか。本区のお考えをお聞かせください。

さらに、もう一点、デジタル化に関しての質問です。

先ほど御答弁の中で、8050問題など複合的な課題を抱える方々が相談されていると御説明がありました。まさに、そうした方々にとって、日中に区役所に足を運ぶこと自体が難しい場合も少なくないのではないかと思いました。支援が最も必要な方ほど、来庁による相談のハードルが高いという現実を踏まえれば、窓口の在り方を柔軟に広げていく必要があるのではないかと考えております。今後、本区として、ふくしの総合相談窓口をアナログな相談窓口から一歩進め、デジタルな相談記録窓口の開設については、どのようにお考えでしょうか。今後の方向性についても併せてお聞かせください。お願いいたします。",2025,2025/10/02,決算特別委員会,議員
,令和7年　決算特別委員会(第5日　10月2日),永井委員,永井佳代,"ありがとうございます。まずは来庁による対面相談を大切にしつつ、今後の可能性として、オンライン、デジタルの活用についても検討を進めていただいているとの確認をいたしました。

8050問題をはじめ、複合的な課題を抱える方々にとって、いつでも、どこからでも相談できる仕組みが整えば、支援につながる大きな一歩になると考えております。区民の皆様にとって安心できる入り口として、この窓口がさらに進化し、アナログとデジタルが補い合う形で、より多くの方を支えられるようになることを強く期待しております。

ふくしの総合相談窓口は、困り事を最初に受け止め、適切な支援へとつなぐ入り口です。そして、この入り口の価値を確かなものにするには、つながった先にある受皿、出口と、支えの厚みだと考えております。相談が一度きりで終わらず、生活の改善へと続いていくために、現場で実際に機能するサービスの充実が欠かせません。

そこで、次に、令和６年度に新規事業として取り組まれました次の３つ、放課後デイサービス等事業補助、月島三丁目北地区知的障害者グループホーム、リヴェール月島の開設及び運営支援、地域密着型サービス事業者向け宿舎借上支援について、入り口から出口までのつながりの観点で確認をしてまいります。

まず、放課後等デイサービス事業補助について伺ってまいります。

ふくしの総合相談窓口にも、発達や障害に課題のある子供を安心して預けられる居場所が欲しいという切実なお声が寄せられているものでないかと推測をしております。子供たちが放課後の時間を安全に過ごし、個々の特性に応じた支援を受けながら成長していくことは、家庭にとっても大きな支えとなります。また、保護者の方にとっては、安心して就労や日常生活を送るための重要な基盤となり、ひいては家族全体の生活の安定につながるものではないかと思っております。特に、本区におきましては共働き世帯も少なくありません。そうした中で、放課後等デイサービスは、子供たちの学びや遊びの場であると同時に、保護者の心と時間を支える大切な社会資源であると考えております。ふくしの総合相談窓口で拾い上げました困り事を実際に受け止める受皿として、この事業が果たす役割はますます大きくなっていくものと期待をしております。

まず、執行状況を確認させてください。令和６年度の当該事業の予算額、執行額、そして執行率はどのようになっているのでしょうか。お願いいたします。",2025,2025/10/02,決算特別委員会,議員
,令和7年　決算特別委員会(第5日　10月2日),永井委員,永井佳代,"ありがとうございます。

執行率がこの水準にとどまった要因は、どのように分析されているのでしょうか。お願いいたします。",2025,2025/10/02,決算特別委員会,議員
,令和7年　決算特別委員会(第5日　10月2日),永井委員,永井佳代,"御丁寧にありがとうございます。補助事業として、当初の想定より１か所分が執行残となったものの、適切に予算が執行されていることを確認いたしました。

地域の事業所の皆様が支援の担い手となってくださっているからこそ、この制度が成り立っているのだと改めて感じております。新たに３か所の事業所が開設されたとのことで、発達や障害に課題を抱えるお子様を持つ御家庭にとって選択肢が広がったことは、大きな前進であると受け止めております。特に、送迎サービスの確保は、保護者にとって利用を決定づける要素であり、子供にとって安全で安心な通所環境を支える基盤であると考えております。その一方で、今回の補助要綱には、開設後少なくとも３年間は送迎サービスを行うことと定めております。今回の３か所の開設は、月島エリア、日本橋エリア、京橋エリアにそれぞれ１か所ずつであると確認をしておりますので、送迎サービスは行っていると把握しております。

この３年間という区切りについて幾つか確認させていただきたいと思います。まず、３年間という期間の設定について、どのような根拠があるのでしょうか。財政的な区切りとしての意味合いなのでしょうか。それとも、事業者が経営基盤を安定させるための目安ということなのでしょうか。利用者にとっては、３年経過後に送迎がなくなるかもしれないという不安につながる可能性はないのでしょうか。また、仮に、補助期間が終了した場合に、送迎サービスの廃止や縮小が現実的に起こり得るのかどうか。そうした事態を防ぐために、本区として何かお考えがあれば、お聞かせください。また、送迎があることを前提としたサービス水準を確立していくべきではないかと考えておりますが、利用者にとって途切れることのない安心を担保するために、補助制度の在り方や事業者支援の方向性について、本区としてどのようにお考えでしょうか。改めてお聞かせください。",2025,2025/10/02,決算特別委員会,議員
,令和7年　決算特別委員会(第5日　10月2日),永井委員,永井佳代,"詳しくありがとうございます。制度設計について確認をいたしました。３年後には、利用ニーズを満たす数を確保できるというお話であったと思います。

そこで、さらにお伺いいたします。

発達支援や放課後デイサービスの需要は年々高まっていると思いますが、将来の需要増を見据えた整備の方針ということでよろしいのでしょうか。改めてお伺いします。",2025,2025/10/02,決算特別委員会,議員
,令和7年　決算特別委員会(第5日　10月2日),永井委員,永井佳代,"ありがとうございます。将来の需要を踏まえた方針が示されれば、区民の皆様にとっても大きな安心につながると思います。

一方で、計画を実際に生かすために、利用者や保護者の声にどう取り組むのかが欠かせないと思います。制度が現場のお声、利用者のお声を反映してこそ、使いやすく育っていくものであると思っております。保護者の皆様の御意見を制度改善に反映する仕組みはどのように設けられているのでしょうか。お願いいたします。",2025,2025/10/02,決算特別委員会,議員
,令和7年　決算特別委員会(第5日　10月2日),永井委員,永井佳代,"ありがとうございます。利用者のお声がしっかりと制度改善に生かされていると確認をいたしました。区民の皆様にとっての安心感は、より一層大きくなると思います。

放課後デイサービスは、発達障害や障害のある子供たちにとって、安心して過ごせる居場所であると同時に、保護者にとっても大きな支えとなる重要な事業であると改めて感じております。このたび、新たに３か所が開設され、利用の選択肢が広がったことは大いに評価できる一方で、やはり送迎サービスの実施が開設後３年間に限られてしまう可能性があるという点は、制度の持続性や利用者への安心確保の観点から、個人的に課題なのかなと思いました。送迎は、事業所に通うための生命線とも言える機能であり、期間限定で終わってしまう可能性がある、もしくは必要に応じて継続されるかは、利用を検討される御家庭にとって大きな関心事であると思います。補助制度の趣旨が開設支援にとどまるのか、それとも一歩進んで安定的な通所の保障まで見据えるものなのか、その整理を改めてしていただきたいと要望をいたします。

次にお伺いいたしたいのは、リヴェール月島についてです。

まず、執行率の確認をさせてください。令和６年度の当該事業の予算額は２億6,611万円、執行額は7,567万円。すみません。もしかしたら違っているかもしれないですが、執行率は28.4％でよろしいでしょうか。当初の予算を大幅に下回る執行となった要因について、どのように分析されているのでしょうか。お願いいたします。",2025,2025/10/02,決算特別委員会,議員
,令和7年　決算特別委員会(第5日　10月2日),永井委員,永井佳代,"ありがとうございます。先ほどの数字の件につきまして、大変失礼をいたしました。執行残について御説明をいただき、運営の実態を確認することができました。

ここからは、実際に入居が始まった後の状況を確認し、制度がどのように利用者の暮らしを支えているのかの視点についてお伺いをいたします。

令和６年度に開設された定員と入居者数についてお聞かせいただきたいのですが、昨日の質疑の中で、体験室を除く定員17名に対して、入居が15名であると説明を受けたところです。たしか、既存施設から７名の方が優先的に入居されていると理解しておりますので、新規で入居された方は８名であると認識をしております。現在入居されている15名の中に、重度障害や医療的ケアを必要とされる方はいらっしゃるのでしょうか。また、体験室の利用の実績や、体験室を通じてひとり暮らしへと移行された方の事例があれば、お聞かせください。お願いいたします。",2025,2025/10/02,決算特別委員会,議員
,令和7年　決算特別委員会(第5日　10月2日),永井委員,永井佳代,"ありがとうございます。既存の入居者の方だけではなく、新規の方にとっても、地域で暮らす大切な選択肢が広がったということを改めて確認することができました。また、重度障害を抱えている方のケアも受入れに至っているということで、ますますの支援に今後も期待をいたします。

特に、体験室のお取組は、ひとり暮らし、地域移行への次のステップアップへ向かうための大きな後押しとなるもので、今回、そこまでの事例はないとのことですが、今後もますます需要が広がると思いますので、こちらに関しても引き続きの御支援をお願いいたします。区民の皆様にとっても、地域で安心して暮らせるという実感がさらに広がるのではないかと思っております。

次に、暮らしの安心がどこまで届いているのかについてです。

利用された方やその御家族が、ここなら安心できると思えることが重要であり、そこから課題の気づきも見えてくるのではないかと思います。入居者や御家族の安心感、そして今後に向けて把握されている課題については、どのように捉えているのでしょうか。お願いいたします。",2025,2025/10/02,決算特別委員会,議員
,令和7年　決算特別委員会(第5日　10月2日),永井委員,永井佳代,"御丁寧にありがとうございます。

さらに、忘れてはならないのは、地域住民の方々と自然に共生できる仕組みであると考えております。このグループホームは社会福祉法人が運営していると承知しておりますが、例えば地域の清掃活動、クリーンデーや防災拠点訓練、地域イベントへの参加など、日常的な地域活動に入居者が自然に関わることは、共生の実態を育む上で非常に大切だと考えております。建物の２階にあるカフェセイルについても、交流の場になっているとは承知しておりますが、地域の方々との交流についてはどのように進められているのでしょうか。

また、カフェセイルでは、地域の交流拠点となるだけではなく、インスタグラムを通じた情報発信も行われております。こうしたデジタル発信があることで、地域の方々だけではなく、区外の方にも開かれた存在として認知が広がっているのではないかと感じております。こうした発信の工夫をどのように評価されているのか、本区としてのお考えをお聞かせください。お願いいたします。",2025,2025/10/02,決算特別委員会,議員
,令和7年　決算特別委員会(第5日　10月2日),永井委員,永井佳代,"ありがとうございます。地域との共生に向けたお取組や発信の工夫についても御説明をいただきました。グループホームが単なる住居の場にとどまらず、地域社会に溶け込みながら、社会の一員として大切な役割を果たしていることを改めて感じました。

また、インスタグラムに関しては、フォロワー数が多いことがいいことだと一概には言えないと思うんですが、あまりまだフォロワー数が伸びておらず、本区としても何か応援できることがあれば、ぜひ応援していただきたいと思います。

次に、今後ますますニーズが増加すると見込まれている中で、どう財源を確保するのかについてです。

グループホームの整備を加速すれば、財政的な負担も大きくなり、また、入居後の生活を支えるためには、医療・介護・福祉の連携や地域の理解と協力も欠かせません。つまり、施設数を増やすだけではなく、財源の持続性という視点を同時に確保してこそ、真に安心できる受皿が築かれるのであると思います。

そこで、次に、こうした体制を支えるための財源について伺ってまいります。

グループホームの整備・運営は、一度始めれば継続的に費用がかかる事業であり、安定的な財源があって初めて持続可能な支援につながると思います。今後、需要が増える中で、グループホームの整備や運営を支えるための財源をどのように確保していくお考えでしょうか。また、国や東京都からの補助の活用、本区独自の支援策など、今後の方向性をお聞かせください。お願いいたします。",2025,2025/10/02,決算特別委員会,議員
,令和7年　決算特別委員会(第5日　10月2日),永井委員,永井佳代,"詳しく丁寧に御説明をいただきまして、ありがとうございます。

グループホームの整備・運営を支える財源についてお伺いをいたしました。安定的な財源の確保はもちろんですが、同時に、支援の形を多様に用意していただくことも大切だと思っております。引き続き、御尽力のほど、よろしくお願いいたします。

まだまだたくさん質問はしたいと思っておりましたが、時間が差し迫っておりますので、ここで終わりにします。長丁場となりましたが、ありがとうございました。",2025,2025/10/02,決算特別委員会,議員
,令和7年　決算特別委員会(第6日　10月3日),永井委員,永井佳代,"皆様、おはようございます。昨日に続きまして本日もトップバッターとなります。本日は、午後にも質問するお時間をいただいておりますので、ダブルセッションとなります。本日もどうぞよろしくお願いいたします。

それでは、環境土木費についてお尋ねいたします。この款はごみの減量や資源循環といった身近な生活課題から、地球環境に直結する持続可能なまちづくり、さらには都市インフラの整備まで幅広い領域を担う重要な分野であります。本日は令和６年度の新規事業である標準服リユース事業、環境学習と交流の拠点となる環境情報センター、エコノバの活用、本区の将来像を大きく左右する都心・臨海地下鉄新線の推進、そして５年ごとに実施されております、ごみ排出実態調査について順に伺ってまいります。

ごみ排出実態調査は本区全体の現状を面として把握するお取組であり、標準服リユースは家庭や学校における資源循環を点として支える仕組みです。さらに、エコノバは区民、事業者、子供たちが環境を学び行動へとつなげる拠点であり、都心・臨海地下鉄新線の推進は持続可能で利便性の高い都市づくりを進める基盤そのものと位置づけられております。このように、それぞれの事業は異なる領域を担いつつも、持続可能な都市環境を築くという大きな目標の下で相互に結びついていると考えております。

では、まず令和６年度から新たに始まりました標準服等リユース事業について伺ってまいります。この事業は、区立学校や幼稚園で使わなくなった標準服を回収し、クリーニングや補修を行った上で、必要とする保護者に実費相当額で譲渡する仕組みです。子育て家庭の経済的負担を和らげると同時に、廃棄物の削減や資源循環を促す取組として大変意義深いものと受け止めております。さらに、本区のお取組は環境省のモデル事業にも採択され、全国的な注目を集めている点も誇るべき成果であると考えております。

まず、予算の執行率を改めて確認するとともに、制度設計の経緯、回収から譲渡までの仕組み、そして、初年度の運用でどの程度稼働したのでしょうか。その全体像を改めてお示しください。お願いいたします。",2025,2025/10/03,決算特別委員会,議員
,令和7年　決算特別委員会(第6日　10月3日),永井委員,永井佳代,"ありがとうございます。制度が初年度からしっかりと稼働し、着実に運用されていることを確認いたしました。

続きまして、この制度が実際にどれだけ活用され、希望する家族のニーズにどこまで応えられていたのかという点について伺ってまいります。数字としての利用実績はもちろんのこと、サイズや数量の偏りがなかったのかどうか、そして、情報格差や利用機会の差につながっていないのか、ここを確認してまいりたいと思います。

令和６年度にどれくらいの標準服が回収され、そのうち何点が譲渡されたのでしょうか。また、希望者の需要にどの程度応えられたのか、それをどう捉えていらっしゃるのか、ここをお聞かせください。特に、先ほどホームページ上でサイズの在庫の登録を既にして、それを見て希望者の方が会場にいらっしゃる、そういうシステムを取られているということを伺ったんですけれども、特にサイズや数量の不足によって希望者全員に行き渡らなかったケースもあったのでしょうか。さらに情報へのアクセスの有無によって、利用機会に差が生じる可能性もあると思うんですが、転入世帯やひとり親世帯などを含め、誰もが公平に利用できるようにするために、どのような工夫をされたのか、こちらについても併せてお聞かせください。お願いいたします。",2025,2025/10/03,決算特別委員会,議員
,令和7年　決算特別委員会(第6日　10月3日),永井委員,永井佳代,"御丁寧にありがとうございます。利用実績や公平性について現状を確認することができました。852点の回収のうち、513点が譲渡に回ったということで、約340点は不衛生なものや修繕不可能なものだということは理解しましたが、それでは、その衛生面について、さらにもう１問質問をしたいと思います。

制度を利用される上で保護者の方々が最も気にするのは、譲渡される標準服の品質や衛生面が本当に安心できるのかという点です。今の御答弁を伺って、かなりきっちりと精査をしていただいているなということは分かったんですけれども、利用者にとって安心して使えるかどうかが最も関心事であると思いますので、クリーニングや補修の体制をどのように整え、どのように不衛生なものや修繕不可能なものを取り扱っているのか、利用者が安心できる仕組みについて、もう一度改めてお示しください。お願いいたします。",2025,2025/10/03,決算特別委員会,議員
,令和7年　決算特別委員会(第6日　10月3日),永井委員,永井佳代,"ありがとうございます。品質や衛生面を徹底して管理していただいていることを確認し、利用者の安心につながると大変感心をいたしました。

では、次にこの制度がどのような成果を生んでいるのかに目を向けたいと思います。

家庭の経済的な負担をどの程度軽減し、環境面でどのような効果を発揮しているのでしょうか。そして、単なる服の譲渡にとどめるのではなく、文化としてどう根づかせていくのか、ここが今後の大きな課題であると考えております。この事業が家庭の経済的負担をどの程度軽減し、また、ごみ削減やＣＯ２削減といった環境効果にどうつながっているのでしょうか。この款でお答えできる範囲で構いませんので、現時点での評価をお聞かせください。

加えまして、単なる服の譲渡にとどめるのではなく、物を大切に次の世代につなぐ文化として定着させることが重要だと考えております。本区として今後どのように制度を発展させ、文化として根づかせていかれるお考えなのでしょうか。今後の方向性をお聞かせください。お願いいたします。",2025,2025/10/03,決算特別委員会,議員
,令和7年　決算特別委員会(第6日　10月3日),永井委員,永井佳代,"御丁寧にありがとうございます。経済的、環境的な効果に加え、文化として根づかせていこうとする姿勢を確認することができました。標準服リユース事業は、家庭の負担を軽くし、環境にも貢献するだけでなく、物を大切に次へつなぐ文化を育てる大きな一歩だと受け止めております。今後さらに学校や地域と連携をしていただきまして、これが文化として定着していくことを強く期待しております。

また、現時点で差し迫った課題ではないと思いますが、評判が評判を呼ぶことで、将来的には社会の中で転売ヤーと言われている、いわゆる転売目的の購入者の耳に入る可能性も否定することができないのかなと今の御答弁を聞いて思いました。そのような事態が生じた際に適切に御対応していただけますように、今から何か検討をしていただければと思います。

続きまして、区民の皆様の環境意識を日常の行動につなげる拠点として重要な環境情報センター、エコノバについてお尋ねをいたします。

令和６年度におきましても、一定の費用を投じながら環境教育情報発信のハブとして大きな役割を果たしてきたと認識しております。エコノバは東京スクエアガーデン内という利便性の高い場所に位置をしている一方で、入り口が大通りに面しておらず、やや分かりにくい、アクセス面に関して課題もあると昨日の質疑の中でも伺いました。

そこでお伺いいたします。この課題を踏まえて、利用者目線での改善策を今後どのように検討されていくお考えでしょうか。お聞かせください。",2025,2025/10/03,決算特別委員会,議員
,令和7年　決算特別委員会(第6日　10月3日),永井委員,永井佳代,"ありがとうございます。課題を認識し、改善に取り組んでいただいていることの御答弁を心強く受け止めました。

実際に人の流れをどう導くかが今後の大きな鍵になると考えております。例えば東京スクエアガーデンの１階の屋外イベントスペースでは、これまでも多くのイベントが開催され、多くの親子連れや地域の方が集まりました。しかし、そこに来場された方々が、必ずしもそのままエコノバに足を運んでいないという現状もあるのではないでしょうか。こうしたイベントの参加動線とエコノバを結びつけることによって、より自然に多くの方をセンターに誘導できるのではないかと思います。もしかしたら、今お話しした内容は既にお取組をされている内容かもしれませんが、引き続きの御尽力をよろしくお願いいたします。

次に、デジタル地球儀ＳＰＨＥＲＥについてです。

私自身も息子とともにＳＰＨＥＲＥを体験させていただいたことがあり、手で触れることのできる地球儀として、ただ眺めるだけではなく、体験を通じて学ぶことができました。ちょうどその時期はパリオリンピックの真っ最中で、ＳＰＨＥＲＥに映し出されたパリのまち並みも熱気に満ちており、まるで自分たちがその場にいるような感動を味わえたことを覚えております。一方で、ＳＰＨＥＲＥは２台あると承知しておりますが、ＳＰＨＥＲＥのような大型展示のランニングコストは大きいのではないかなとも感じております。

事業経費につきまして、令和６年度の決算額は6,295万円と承知をしておりますが、その内訳、特にデジタル地球儀ＳＰＨＥＲＥなど、大型展示の維持管理やシステムのランニングコストがどの程度を占めているのか確認させていただきたいと思います。その上で、昨日もお話がございました子どもとためす環境まつりや出前出張、今年度は晴海まつりにも参加されると伺っておりますが、区民の皆様に対してどの程度の成果が還元されているのでしょうか。つまり、コストに見合った効果が発揮されているのでしょうか。本区としての御認識をお聞かせください。お願いいたします。",2025,2025/10/03,決算特別委員会,議員
,令和7年　決算特別委員会(第6日　10月3日),永井委員,永井佳代,"ありがとうございます。費用対効果について確認をいたしました。私が想像していた以上に低予算で収まっていることに安心をいたしました。

時間も差し迫っておりますが、次に都心・臨海地下鉄新線について１問だけお伺いをさせてください。まず調査についてです。令和５年度に調査・検討が進められ、そして令和６年度にはビッグデータの活用による調査が行われ、本区の考え方を整理されたものと理解しております。

こうした段階を経て、本区としてはこれまで以上に沿線のまちづくりや公共空間との接続、さらには公益的な歩行者ネットワークとの連携といった観点から具体的な検討が深められたのではないかと受け止めております。

そこで伺います。令和６年度に実施されたビッグデータ活用調査を通して、本区のお考えはどのように具体化し、結果として都心・臨海地下鉄新線の実現にどれほど近づいたと評価しているのでしょうか、本区としての現時点での手応えを聞かせていただきたいなと思います。

また、先日の全員協議会で築地まちづくり株式会社から都市計画の御説明を伺い、その中で、都心・臨海地下鉄新線の新築地駅の想定が既に計画に盛り込まれているなと私は感じました。新線の実現に向けて非常に大きな前進であると受け止めております。こうした動きを踏まえれば、築地まちづくり株式会社が推進大会に積極的に参加し、会場を盛り上げていただくことは大変意義深いと考えております。区民の皆様、関係者の皆様に対しても、築地再開発からも新線を後押ししているという強いメッセージを発信できるのではないかと思っております。

ここで伺います。築地まちづくり株式会社、その関連会社としてこれまで推進大会にどのように関わってこられたのでしょうか。また、今後の参加に向けて、本区としてどのようにお考えでしょうか、お願いいたします。",2025,2025/10/03,決算特別委員会,議員
,令和7年　決算特別委員会(第6日　10月3日),永井委員,永井佳代,"ありがとうございます。都心・臨海地下鉄新線の実現は本区の将来像を大きく左右する最重要課題の一つであると改めて感じております。本区がリーダーシップを持って関係団体と協働し、推進大会をはじめとする様々な場を通じて、区民の皆様の期待を確かな力に変えていくことを強く希望し、質問を終わります。

ありがとうございました。",2025,2025/10/03,決算特別委員会,議員
,令和7年　決算特別委員会(第6日　10月3日),永井委員,永井佳代,"よろしくお願いいたします。ただいまから都市整備費についてお伺いをいたします。

都市整備費は、本区の将来像を決定づける上で欠かせないお取組であると思います。築地市場跡地再開発や晴海のまちびらきに象徴されますように、住宅、商業、ビジネス空間が一体となった開発が進んでおりますが、それが単に数の拡大ではなく、定住性とまちづくりに資するものとなるのかどうかについて伺ってまいります。

まずは築地市場跡地再開発における住宅計画についてです。

先日の全員協議会での築地まちづくり株式会社からの御説明の中で、築地再開発の基本計画には、分譲マンションではなくサービスアパートメントを含む住宅が計画されていると伺いました。サービスアパートメントは短期滞在者や法人契約などを対象とすることが多く、居住の安定性や地域コミュニティとの関わり方において分譲マンションや賃貸住宅とは大きく性格が異なると思っております。この特性を踏まえたとき、築地のまちづくりにとってどんな利点や課題があると認識されているのか、お聞かせください。お願いいたします。",2025,2025/10/03,決算特別委員会,議員
,令和7年　決算特別委員会(第6日　10月3日),永井委員,永井佳代,"ありがとうございます。地域との関わり方に課題をもたらす可能性があるという点を確認いたしました。まちづくりの基盤には、やはり住み続ける人が育むコミュニティがあります。その意味で、住まいが短期利用に偏ることの懸念は拭えません。

一方で、この立地にはもう一つの顔があります。築地は世界的な医療拠点であるがんセンターを抱え、国内外の研究者や海外からの来訪者を受け入れるポテンシャルを有しております。サービスアパートメントはその国際的な交流を支える拠点として、築地の新しい価値を生み出す可能性も秘めていると思います。

つまり、ここで問われますのは、国際都市としての機能強化、先ほどのお話の中で、すなわち本区のブランドを高めるということであると伺ったところですが、これと生活のまちとしての定住性をどのように両立させるのかという視点であると思います。築地再開発に計画されているサービスアパートメントについては、立地の特性を生かし、近隣のがんセンターに訪れる国内外の研究者や、いわゆる海外ＶＩＰの滞在先として想定されていると伺っております。

確かに、世界水準の医療拠点に隣接する国際的な宿泊施設は、築地を国際都市として発信する大きな強みになり得ます。一方で、短期滞在者型住宅は、地域コミュニティとの接点が希薄になりやすく、築地が暮らすまちとしての顔を失ってしまう懸念もあるのではないかと思っております。

そこでお伺いいたします。こうしたサービスアパートメントの導入を国際都市の戦略の追い風としつつも、生活者の定住性や地域コミュニティ形成との両立をどのように図ろうとしているのでしょうか。世界に開かれたまち掛ける地域に根差すまちという、この２軸をどのようなバランスで捉えられているのでしょうか。本区のお考えをお示しください。お願いいたします。",2025,2025/10/03,決算特別委員会,議員
,令和7年　決算特別委員会(第6日　10月3日),永井委員,永井佳代,"ありがとうございます。国際都市機能の強化の観点とエリアマネジメントを通しての生活のまちとしての安定性、この両立を意識していただいていることを確認し、大変心強く感じました。国際性と定住性を両立させるということは非常に難しい課題であると私自身も思っておりますが、本区が積極的に事業者、そしてエリアマネジメントと調整し、区民の皆様にとっても誇りを持てるまちづくりが実現されることも大いに期待しております。

築地再開発の議論は、住宅計画や交通計画を含む都市計画にも、本区がどのように主体的に関わることができるのかという視点も大変重要です。先日の築地等都市基盤対策特別委員会における議論では、同意権、同意する権利という言葉、英語で言えばコンセントという意味である同意権や拒否権といった強い権限を連想させる言葉も出てまいりました。本区として、都市計画の決定にどのような立場で関与できるのか、これを改めて確認させていただきたいと思います。

築地は本区の中心的な地域であり、先ほど築地のこれまでの40年間の歴史を伺い、私の心にも強く響いたところでありますが、区民の皆様が暮らし、働き、文化を育んできた大切な場所です。だからこそ、理事者の皆様との共通の理解であるとは承知をしておりますが、本区が地元区としての責任を果たし、地域の将来像を主体的に描きながら関与していくことが欠かせません。

そこでお尋ねいたします。築地地区再開発の都市計画において、本区が主体的に関わる立場であることは、どのように位置づけられているのでしょうか。改めてお聞かせください。お願いいたします。",2025,2025/10/03,決算特別委員会,議員
,令和7年　決算特別委員会(第6日　10月3日),永井委員,永井佳代,"ありがとうございます。本区が当事者として主体的に関わり、方向性を共に描いていく立場であることを改めて明確に示していただき、大変大変に、とても心強く感じております。引き続きよろしくお願いいたします。

築地市場跡地の再開発は国際都市としての東京を象徴するプロジェクトであり、本区にとっても将来像を決定する大きな節目であると認識しております。再開発計画の中にはマルチスタジアムやにぎわい拠点の整備が見込まれており、日中にとどまらず、夜間も含めた多様な交流や経済活動の場となることが期待をされております。

一方で、現在の築地魚河岸に目を向けますと、小田原橋棟３階の魚河岸食堂は午後７時まで日によって営業しているようですが、ほかの多くの店舗は午後２時に閉店しているのが現状です。営業時間は築地場外市場に合わせられており、夕方以降の利用が難しいことが現状であると思います。築地魚河岸が本区が整備した重要な拠点であり、再開発後のまちづくりを見据えるのならば、観光客や就業後の来街者が訪れるナイトタイムエコノミーにも視野を入れた運用の工夫が必要ではないかと考えております。

そこでお伺いいたします。築地魚河岸の営業時間を、現在の場外市場との連動にとどめず、再開発の方向性と結びつけて延長するなど、ナイト対応のにぎわいを意識したお取組を検討するお考えはあるのでしょうか。本区の御見解をお聞かせください。",2025,2025/10/03,決算特別委員会,議員
,令和7年　決算特別委員会(第6日　10月3日),永井委員,永井佳代,"ありがとうございます。地域の皆様とともに前向きに考えていただければと思います。築地が本区にとって暮らしと文化の拠点であるからこそ、今後も区民の皆様とともに未来を描き、主体性を持って関わっていただきたいと、もう既に関わっていただいていることは重々承知しておりますが、引き続き強く要望し、私の質問を終わります。

ありがとうございました。",2025,2025/10/03,決算特別委員会,議員
,令和7年　決算特別委員会(第7日　10月6日),永井委員,永井佳代,"よろしくお願いいたします。ただいまから教育費についてお伺いいたします。

教育は社会の未来を形づくる礎であると思っております。特に、本区では人口増加や子育て世帯の流入が続く中、教育現場にはこれまで以上に多様なニーズが寄せられています。多様化する現場で日々丁寧に支援をつないでくださっている皆様の御尽力に、改めて感謝と敬意を表します。

家庭の形も働き方も子供たちの育ち方も多様化している今こそ、誰一人取り残さない学びをどう実現するのかが問われていると思っております。幼児期から学齢期へと移行する過程におきましては、ほんの小さな支援の有無や制度の隙間が子供たちの将来に大きな影響を与えることがあります。教育費を、年度ごとの数字ではなく、子供たちの人生に連なる支援の連鎖として捉え、検証してまいりたいと思います。本日は、令和６年度から始まった幼稚園における弁当給食の提供、預かり保育の拡充について、就学前後の教育の連続性について、そして不登校支援に加え、教職員の皆様の働き方改革について、切れ目なく支える体制という観点から順に伺ってまいります。

まず、令和６年度より全園で実施された幼稚園における弁当給食についてお尋ねいたします。

この制度は、家庭の負担軽減という点で大きな前進であり、多くの保護者の方から、朝の支度にゆとりができた、子供を安心して送り出せるようになったというお声をいただいております。そして同時に、子供たちにとっても、同じものを一緒に食べる体験が集団生活の喜びや協調性を育む貴重な学びの時間となっているのではないかと思います。令和６年度は全園実施の初年度であり、まさに制度を形にした年であると思います。一方で、初年度だからこそ見えてきた課題や運用面での工夫もあったのではないかと推察しております。弁当給食の初年度としての運用全体をどのように総括されているのでしょうか。保護者の皆様や園から寄せられた意見、改善要望、また本区として捉えている課題や成果など、現時点での全体的な御所見をお聞かせください。お願いいたします。",2025,2025/10/06,決算特別委員会,議員
,令和7年　決算特別委員会(第7日　10月6日),永井委員,永井佳代,"ありがとうございます。初年度から丁寧な確認をしていただき、制度そのものが安定稼働していることを確認いたしました。これは本区の丁寧な準備と現場の柔軟な対応の成果であり、多くの家庭に安心という実感を届けられたお取組であると評価しております。

次に、教育的な価値について確認をいたします。

単にお弁当を届ける仕組みだけではなく、食を通じて子供が学ぶ機会として、どのように発展させているのでしょうか。全国に目を向けますと、食育を柱にした園独自のメニューの工夫や地産地消、郷土食を取り入れるお取組も進んでおります。本区でも、弁当給食を単なる代替給食ではなく、教育の一部としてどう位置づけているのかが次の焦点になるのではないかと考えております。本区として、弁当給食をどのように食育と結びつけ、栄養バランス、アレルギー対応、地域食文化の継承などといった観点から、教育的な価値をどのように育てていこうとされているのでしょうか。本区のお考えをお聞かせください。",2025,2025/10/06,決算特別委員会,議員
,令和7年　決算特別委員会(第7日　10月6日),永井委員,永井佳代,"御丁寧にありがとうございます。弁当給食だけではなく、それ以外でも食育へのお取組をされ、食を通じた学びの機会を大切にしてくださっていることを確認いたしました。

食育について、もう一点お伺いいたします。成果や子供の変化の把握についてです。

先ほど保護者アンケートにも回答があったということはお伺いしましたが、例えば好き嫌いの改善や食への関心、弁当給食を残すことが少なくなったなど、子供たちの変化を捉えるような指標について具体的にお聞かせください。

一方で、幼児期の生活を支えるもう一つの柱が預かり保育です。こちらも制度の拡充によって、家庭の安心を支えるお取組が進んでおります。次に、預かり保育の実績と今後の展開についても伺ってまいります。

預かり保育は、保護者の皆様を支えるだけでなく、子供たちが安心して過ごせる第２の居場所としての役割を持っていると思います。令和６年度の執行率約100％と承知しておりますが、利用状況について、特に一月における１園児当たりの平均利用日数について、令和６年度の実績をお示しください。お願いいたします。",2025,2025/10/06,決算特別委員会,議員
,令和7年　決算特別委員会(第7日　10月6日),永井委員,永井佳代,"ありがとうございます。

預かり保育については、ほぼ全額執行されていることからも、制度が十分に活用され、多くの家庭の生活の安定に寄与していることがうかがえます。実際に保護者の方からは、預かりがあるから時間と心に余裕ができたという声を私もいただいており、この制度が生活の支えになっていることを実感しております。また、令和７年度から午後６時までの延長が始まり、利便性の向上が図られたことは大きな前進であると思っております。一部の園では、利用希望者が定員を上回り、抽せんによる利用制限が生じるケースもあると伺っております。預かり保育は子供たちにとって安心できる居場所であり、保護者の方にとっては生活を支える大切な制度です。そのため、利用可否が抽せんによって左右される現状に不安がある御家庭もあるのではないかと思っております。

そこで、質問なのですが、定員を超えた場合の抽せん方法や基準の透明性はどのように確保されているのでしょうか。お願いいたします。",2025,2025/10/06,決算特別委員会,議員
,令和7年　決算特別委員会(第7日　10月6日),永井委員,永井佳代,"ありがとうございます。公平な基準を基に運用が行われていることを確認いたしました。

制度が安定している今こそ、次はその中身についても確認をしたいと思います。一部の保護者の方から、教育的な要素も取り入れてもらえたらうれしいというお声をいただきました。ほかの自治体では英語や体操などを組み込む事例もありますが、本区においても、地域や園の特色を生かしながら、学びにつながる時間として捉えることもできるかと思います。

そこで、本区の預かり保育の考え方を改めてお聞かせいただけますでしょうか。お願いいたします。",2025,2025/10/06,決算特別委員会,議員
,令和7年　決算特別委員会(第7日　10月6日),永井委員,永井佳代,"ありがとうございます。預かり保育は、あくまでも生活の安定や安心の場として、そして楽しめる場所として位置づけられているとのお考えを伺い、その理念を理解いたしました。

子供たちが家庭的な雰囲気の中で穏やかに過ごし、情緒を育む時間として大切にされていることは、幼児期支援の根幹であると思います。一方で、子供たちにとって学びとは、必ずしも机に向かう時間を意味するものではないと思います。遊びの中で友達と協力をしたり、自分の思いを表現したりすることこそ、まさに生きた学びであり、そうした日常の積み重ねが、やがて小学校での学ぶ力につながっていくのだと思います。したがって、預かり保育を教育化することを目的とするのではなく、日々の遊びや関わりの中に学びの芽を見つけていくという発想で、子供たち一人一人の成長を見守る視点が今後ますます大切になってくるのではないかと考えております。制度の安定運用と現場の丁寧な関わり方に改めて感謝をしつつ、この生活の中にある学びの視点が少しずつ広がっていくことを期待いたします。

そして、この生活から学びへの自然移行は、次に控える小学校での教育の連続性にも深く関係するものであると思います。続きまして、幼児期から学齢期への接続についてお伺いいたします。

弁当給食、預かり保育といった幼児教育の充実は、子供たちの生活の安心と学びの基礎を支える柱であり、この２つの制度が定着していくことで、次に問われるのは教育の連続性であると思います。幼児期で育まれるのは、学びの力の根っこであるように感じております。遊びを通じて培われる非認知能力、生活習慣、集団行動のルール、これらが小学校での学びにスムーズにつながるかどうかは、まさに就学前と就学後をどのようにつなげるかにかかっているのではないでしょうか。全国では、文部科学省の保幼小連携・接続カリキュラムガイドラインを踏まえ、自治体ごとに移行期支援計画を設ける動きが進んでおります。

そこで、まず、お伺いいたします。本区として、就学前の年、年長さんの２学期頃から小学校新１年生の１学期にかけての連続性カリキュラムはどのような体制で実施されているのでしょうか。また、各園と小学校間での具体的な連携事例があれば、併せてお聞かせください。お願いいたします。",2025,2025/10/06,決算特別委員会,議員
,令和7年　決算特別委員会(第7日　10月6日),永井委員,永井佳代,"ありがとうございます。就学前のアプローチカリキュラムと就学後のスタートカリキュラムのつながりを意識したカリキュラムづくりが進められていることを確認し、大変心強く感じたところです。こうしたお取組が子供たち一人一人の安心につながっているのだなと改めて感じました。

そして、その効果を最大限に発揮するためには、情報の引継ぎの質が大切だと考えております。例えば、就学時健診や面談で得られた情報をどのタイミングで、どのような形で誰に届けるのかによって、入学後の支援の立ち上がりが大きく変わってくるのではないでしょうか。特に、発達特性や御家庭の事情に関する情報が関係する職員の間で適切に共有されることで、子供たちへの支援がより速く、より的確に行えるようになると思います。

そこで、お伺いいたします。就学時健診、面談で得られた情報は、入学前までに誰がどのような経路で、どのような形式で共有されているのでしょうか。また、教育委員会や園、学校、保健センターなど、関係機関の間ではどのような流れや体制で連携を図っているのでしょうか。お聞かせください。",2025,2025/10/06,決算特別委員会,議員
,令和7年　決算特別委員会(第7日　10月6日),永井委員,永井佳代,"御丁寧にありがとうございます。御説明を伺い、関係機関の間で情報がしっかりと引き継がれており、就学前からの支援が制度として着実に機能していることを確認いたしました。

一方で、情報の共有の仕組みが整っているからこそ、その生かし方をさらに高めていくことが大切だと思います。例えば、受け取った情報を基に一歩踏み込み、個別の指導計画に丁寧に反映させることで、子供たちの入学後の安心や成長につながる可能性が一層広がります。つまり、就学前後の連携を情報の受渡しにとどめるだけではなく、支援のつながりとして育てていくことが次のステップではないかと考えております。その鍵を握るのが小学校への入学直後、いわゆる最初の90日間の支援であると思います。この時期にどのように支えているのか、この期間の体制について伺ってまいります。

小学校に入学したばかりの子供たちは、期待と不安が入り交じる中、新しい環境に少しずつ慣れていきます。その過程で、登校渋り、母子分離の困難、体調不良、保健室滞在の増加など、小さなサインが見られることがあるのかと思っております。

そこで、お伺いいたします。本区では、入学後90日間の児童の定着状況をどのように把握しているのでしょうか。欠席や遅刻、保健室利用などのデータをどのようにモニタリングし、早期支援の工夫につなげていっているのでしょうか。このあたりをお聞かせください。",2025,2025/10/06,決算特別委員会,議員
,令和7年　決算特別委員会(第7日　10月6日),永井委員,永井佳代,"ありがとうございます。定着状況を丁寧に把握し、学校と教育委員会と、時には家庭訪問もされている。連携して支援に当たっているとの御説明をいただきました。子供たちの変化をしっかり見守る体制があることを大変心強く感じます。

最終的に子供たちの心に届くのは、やはり人のまなざしであると思っております。数字では測り切れない、ちょっとした変化に気づき、早い段階で寄り添うことが子供たちの安心につながります。そういった意味で、スクールカウンセラーさん、ＳＣさんの存在は極めて重要であると思います。小学校１年生の段階で先回り面談を行い、保護者の方や子供たちが困る前に話せる関係を築くことが重要であると思います。こうした早期介入の取組は、不登校や孤立の未然防止にも大きな効果を上げるのではないかと思います。

本区におけるスクールカウンセラーの初期面談の早期介入は、どのような体制で実施されているのでしょうか。また、その実施率や面談後のフォローの体制についてもお聞かせください。お願いいたします。",2025,2025/10/06,決算特別委員会,議員
,令和7年　決算特別委員会(第7日　10月6日),永井委員,永井佳代,"ありがとうございます。先回り型の教室の見守りや相談体制が整っているとの御説明を伺いました。このような予防的な支援が現場に根づいていることで、子供たちも保護者の皆様も、困ってからではなく、困る前に助けを求められるという安心感を持てるようになるのではないかと思います。

一方で、どれだけ支援体制を整えても、様々な事情から学校に通うことが難しくなる子供たちは一定数存在します。大切なのは、そうした子供たちが学校に行けなくなったとしても、学びそのものが途切れないことを社会全体で支えていくことではないでしょうか。

次に、不登校児童・生徒への支援体制とその連続性について伺います。

不登校の背景には、学力の遅れや人間関係の問題だけでなく、心身の不調、家庭環境、発達特性など様々な要因が複雑に絡み合っているのではないかと思います。全国的にも、児童・生徒の不登校は過去最多を更新し、本区においても例外ではありません。本区が取り組む不登校支援は、子供は学校に戻すことが目的ではなく、学びの継続を支えるためのものと理解しております。その理念の下に、制度がどのように運用されているのかを確認してまいりたいと思います。

不登校の児童・生徒が小学校から中学校へ、また中学校から高校へ進学する際、本区ではどのような支援体制を整えているのでしょうか。特に、進学後のフォローアップをどのように実施されているのかお聞かせください。お願いいたします。",2025,2025/10/06,決算特別委員会,議員
,令和7年　決算特別委員会(第7日　10月6日),永井委員,永井佳代,"御丁寧にありがとうございます。進学後の支援体制がしっかりと整っていることを確認いたしました。関係者の皆様の御尽力に大変心強さを感じております。

一方で、学校以外の場に安心を感じ、そこで学びを継続している子供たちも少なくありません。そうした学校外の学びをどのように支えていくかは、これからの教育において欠かせない視点だと考えております。本区では、教育センターの適応教室わくわく21において、子供たちが自分のペースで学習支援を受けながら、在籍校の校長先生の判断により出席扱いとなる仕組みが既に運用されています。このように学校外の学びを制度的に認め、子供の学びの継続を支えるお取組が進んでいることは、大変意義深いことであると思います。また、先ほども少し質疑の中にございましたが、令和７年度９月からはメタバース空間で学習できるバーチャル・ラーニング・プラットフォームの活用も始まっていると認識しております。子供たちが自宅など安心できる環境からでも、友人や先生とつながりながら学びを続けられることは、新しい時代の教育の一つの形であり、学校になじめない子供にとっても大きな支えになる可能性を感じています。

その一方で、こうした新しい学び方を持続可能な制度として根づかせていくためには、ＩＣＴ環境の整備や教員の皆様側の指導体制、さらには子供たちの学びや成長をどのように評価していくのかといった課題も見えてくるのではないでしょうか。

そこで、お伺いいたします。本区として、適応教室わくわく21での実績や令和７年度からのバーチャル・ラーニング・プラットフォームの導入を踏まえ、フリースクールなど多様な学びの場にも柔軟に対応できる出席認定、支援連携をどのように広げていくお考えでしょうか。また、バーチャル・ラーニング・プラットフォームを含む学校外での学びについての課題、そして教育課程や評価の中でどのように位置づけ、今後の本区の教育にどう生かしていかれるのでしょうか。改めてお考えをお聞かせください。",2025,2025/10/06,決算特別委員会,議員
,令和7年　決算特別委員会(第7日　10月6日),永井委員,永井佳代,"ありがとうございます。

本日の質疑を通じて改めて感じましたのは、教育は制度や施設だけでつくられるものではなく、そこに関わる一人一人の先生方、子供たち、保護者の皆様、地域の方々が共に学び合う関係性によって支えられているということです。幼児期から学齢期へと続く切れ目のない支援、就学初期の不安に寄り添う体制を引き続き推進していただきたいと要望し、私の質問を終わります。ありがとうございました。",2025,2025/10/06,決算特別委員会,議員
,令和7年　決算特別委員会(第8日　10月7日),永井委員,永井佳代,"おはようございます。本日もよろしくお願いいたします。

それでは、３款について質問をしてまいりたいと思います。その中でも基金について取り上げますのは、基金が将来の大規模事業や災害対応の備えであると同時に、区民の皆様の生活に直結する財源であり、未来への安心と現在の実感の両方をどう確保するかを考える上で極めて重要であるからであります。本日は、基金の理念や基準、活用の在り方について、未来への備えと現在の安心の両面から質問してまいります。

まず、本区にとって基金とは何か、その位置づけを確認させていただきます。本区は基金をどのような理念や目的の下で設置しているのでしょうか。改めてお聞かせください。",2025,2025/10/07,決算特別委員会,議員
,令和7年　決算特別委員会(第8日　10月7日),永井委員,永井佳代,"ありがとうございます。理念や目的を改めて御説明いただき、基金設置の目的について確認いたしました。

続きまして、積立てと取崩しの基準についてお伺いいたします。

昨年の決算特別委員会では、基金と区債のバランスについての質問があり、その際、明確な基準は設けていない、年度ごとの状況に応じて総合的に判断しているとの御答弁があったと承知しております。その上で令和６年度末の数字を見ますと、主要４基金の残高はおよそ848億円、一方で特別区債残高は約436億円であり、主要４基金が区債をおよそ412億円上回っております。このように基金が区債を大きく上回る状況にあるからこそ、なおさら、いつ積み立て、いつ取り崩すのかという判断基準が見えにくく、区民の皆様にとっては不安につながる可能性もあるのではないかと思います。

そこでお伺いいたします。積立てや取崩しの判断は具体的にどのような考え方で行っているのでしょうか。お願いいたします。",2025,2025/10/07,決算特別委員会,議員
,令和7年　決算特別委員会(第8日　10月7日),永井委員,永井佳代,"ありがとうございます。

そこで申し上げたいのは、必ずしも厳密なルールを設ける必要はないにしろ、おおむねこの程度を目安とするという内部的な指標があれば、財政運営の透明性は格段に高まるのではないかということです。基金がただ積み上がっていくだけの数字に見えないよう、引き続きの御尽力をお願いいたします。

次に、基金の積立てと現在の課題への対応のバランスについてお尋ねいたします。基金は将来への備えとして不可欠であることは承知しておりますが、同時に今を生きる区民の皆様の安心にも資するべきではないでしょうか。実際に、将来への備えも大切だが、物価高の中での今の生活にも反映してほしいというお声をいただいたこともあります。もちろん、基金は将来のための積立てですが、例えばその一部を活用して、子育て世帯の負担軽減や物価高対策の強化といった、区民の皆様が生活の中で実感できる施策を前倒して行うことも可能ではないかと考えております。

そこでお伺いいたします。本区として、未来への備えと現在の課題への対応とのバランスをどのように考えているのでしょうか。お願いいたします。",2025,2025/10/07,決算特別委員会,議員
,令和7年　決算特別委員会(第8日　10月7日),永井委員,永井佳代,"ありがとうございます。将来と現在の双方に目を配りながら、基金を柔軟に運用していただいていることを確認いたしました。

一方で、透明性を確保するために欠かせないのは、誰がどのようなプロセスで基金の積立てや取崩しを判断しているのかというガバナンスの在り方であると考えています。基金は、数字の大小ではなく、その意思決定の透明性が確保されてこそ議会としても適切にチェックでき、健全な財政運営が担保されるものになると思います。

そこでお尋ねいたします。基金の積立て、取崩し、運用について、本区はどのようなガバナンス体制をしき、透明性をどのように確保しているのでしょうか。お願いいたします。",2025,2025/10/07,決算特別委員会,議員
,令和7年　決算特別委員会(第8日　10月7日),永井委員,永井佳代,"ありがとうございます。基金の運用につきましては、企画部が中心となって、財政課、会計室と連携し、判断されている旨を確認いたしました。

最後に、基金の運用における基準についてお尋ねいたします。

これまで本区では、主にみずほ銀行を中心にお取引されてきたと伺っておりますが、近年はよりよい条件を求めて地方銀行など複数の金融機関へ運用先を広げていると承知しております。一方で、基金は区民の皆様の大切な財産であり、安全性、流動性、収益性のバランスを適切に判断して運用することが極めて重要です。

そこでお尋ねいたします。本区は、基金の運用先を決定する際、どのような判断基準や格付等を基に安全性を確認しているのでしょうか。また、取引先の見直しや分散化を行う際の内部ルールについてもお聞かせください。お願いいたします。",2025,2025/10/07,決算特別委員会,議員
,令和7年　決算特別委員会(第8日　10月7日),永井委員,永井佳代,"ありがとうございます。

運用先を見つける際には、様々な金融機関の情報をより早く入手することが大切であると伺っております。明確な基準を設けることで、判断の根拠が共有され、複数の立場から情報を確認し、検証することができるようになると思います。ぜひ、安全第一ということで、明確な基準づくりを検討していただきますようお願いいたします。

引き続き安全性、透明性を大切に進めていただくことを強く要望し、私の質問を終わります。ありがとうございました。",2025,2025/10/07,決算特別委員会,議員
,令和7年　決算特別委員会(第9日　10月8日),永井委員,永井佳代,"おはようございます。本日もどうぞよろしくお願いいたします。

ただいまから、総括についてお伺いいたします。これまで令和６年度における新規事業、充実事業を中心に、執行状況や課題などを質問してまいりました。その上で、総括全体としては、個別の事業や各款ごとの審議を超えて、本区の施策を全体としてどのように進めてきたのかを確認させていただきたいと思います。

令和６年度は、多様な新規事業のスタート、既存事業の見直しや廃止、人材の新たな投入と専門性の活用、そして、防災や危機管理といった区民生活の根幹を守るお取組など、多くの変化が見られた１年でありました。こうした一つ一つの変化は、それぞれが点として大切であると同時に、積み重なったときに、面としてどのような力を発揮するのかが問われていると感じております。単に事業を始めたという事実にとどまらず、制度や施策が区民の皆様の暮らしをどう前に進めたのか、そして、これからどのような一歩を共に描いていくのかを丁寧に確認していきたいと考えております。

具体的には、１、事業廃止の判断とその理由、２、専門人材の採用と役割、３、能登半島地震を踏まえた防災対策という３つの柱を軸に、本区のお取組を総合的に確認させていただきたいと思います。その後、時間に余裕がございましたら、分野を横断して、区民の皆様の暮らしを支える仕組みについてもお尋ねしたいと思います。

これまで各款で令和６年度の新規事業、充実事業を重点に個別の事業について伺ってまいりました。一方で、事業には始まりがあれば終わりもあります。新たな挑戦を続ける一方で、廃止や縮小の判断を適切に行うこともまた、区民の皆様の信頼を得るために欠かせないプロセスであると思います。令和６年度の事業の見直しについて、予算プレスに掲載のあったケーブルテレビ広報の見直し、高齢者生活援助サービスの終了、女性福祉資金の貸付けの廃止についてですが、女性福祉資金の貸付けについては、東京都で同等以上の支援があり、そちらを案内しているということで、廃止した御説明が福祉保健委員会の中であったと記憶しておりますので、ケーブルテレビ広報の見直し、高齢者生活援助サービスの終了について質問してまいります。

まず、ケーブルテレビ広報についてお伺いいたします。本区は情報発信手段の多様化を踏まえ、更新頻度を毎週から月２回に、放送時間を15分から10分に縮小されたということです。そこで、お伺いいたします。本区がケーブルテレビ広報の縮小に踏み切ったのは、どのような経緯や判断に基づくものなのでしょうか。別の款で防災広報と絡めて既に御説明をいただいておりますが、ここで改めて確認をさせてください。また、この縮小により執行額が幾らになったのか、前年との比較をお聞かせください。また、高齢者生活援助サービスの終了理由については、介護保険サービスの充実により令和４年５月以降の利用実績がないということは理解をしておりますが、改めてこちらも確認をさせてください。高齢者生活援助サービスを終了するに至った経緯をお聞かせください。お願いいたします。",2025,2025/10/08,決算特別委員会,議員
,令和7年　決算特別委員会(第9日　10月8日),永井委員,永井佳代,"それぞれにありがとうございます。それぞれの事業につきまして、縮小や終了に至る経緯を御説明いただきました。確かに時代の変化に合わせてニーズの再確認をし、事業の効率化や重複の整理を行うことは必要であり、財政的にも説得力のある判断だと思います。

そして次に確認したいのが、削減や終了の理由そのものではなく、その先に区民の皆様にどのような影響が及ぶのかという点です。ケーブルテレビ広報では、利用者が全体の２％と今伺ったばかりですが、情報が届かなくなる区民の皆様はいないのでしょうか。高齢者生活援助サービスでは、介護保険に当てはまらない方が制度の谷間に残されてしまうことはないのでしょうか。つまり、事業の合理化や整理を進める一方で、情報格差や制度の谷間をどう埋めるのかこそが区民の皆様の信頼につながる確信であると考えます。ここで改めて確認をさせてください。ケーブルテレビ広報の見直しと高齢者生活援助サービスの終了、それぞれの事業の見直しによって、情報を得にくくなる区民の皆様や、既存制度では支え切れない方が生じる可能性はないのでしょうか。お願いいたします。",2025,2025/10/08,決算特別委員会,議員
,令和7年　決算特別委員会(第9日　10月8日),永井委員,永井佳代,"それぞれにありがとうございます。時代の変化を踏まえつつ、多様な媒体で情報を届ける工夫や、介護保険との接続を丁寧に進めていただいているとの御答弁に安心をしたところです。今後も制度としてあるだけでなく、区民の皆様が実際に届いた、支えられたと感じられるよう、現場の声を丁寧に拾い上げていただきたいと思います。こうした改善と工夫の積み重ねこそが、事業の廃止や見直しに対する理解と信頼を広げていくものと考えております。引き続きよろしくお願いいたします。

また、制度や事業の成功を左右するのは、最終的には人の力であると思います。どれほど制度設計が優れていても、それを実際に運用し、区民の皆様に寄り添い、成果へと結びつけるのは現場に立つ職員の皆様であり、その専門性や情熱にかかっていると思います。令和６年度は、防災、福祉、ＩＣＴなど多岐にわたる分野で新たな専門人材が採用され、本区に新しい風を吹き込んだ１年であったと受け止めております。こうした専門人材の力が現場で確かに形になっていると感じた場面がありました。

私自身、区民文教委員会の管内視察で蔦重ギャラリーを訪れた際に、増山副参事から直接お話を伺い、その専門知識に加え、地域の人々とのつながりを生み出す力に大きな感銘を受けました。まさに知と人間力の両面を兼ね備えた人材こそが新しい価値を区政に生み出していると実感した瞬間でした。この経験を踏まえ、改めてお伺いしたいのは、任期付職員制度の活用についてです。本区がこうした専門人材をどのように位置づけ、その力を区政の中で生かし、さらに組織全体へと広げていこうとしているのかという点でございます。

行政課題の高度化、複雑化が進む中で、民間経験や専門知識を有する人材を一定期間、任期付で採用し、即戦力として配置するこの制度は、スピードと柔軟性を両立させる新しい人材活用の形として、これからの自治体運営にとっても非常に重要な位置を占めているのではないかと思っております。

そこで、お伺いいたします。これまでに本区で採用された任期付職員の方は、どの部署でどのような役割を担っているのでしょうか。具体的には、防災、デジタル、文化、教育など、どのような分野で活用され、それぞれどのような業務をされているのかお聞かせください。お願いいたします。",2025,2025/10/08,決算特別委員会,議員
,令和7年　決算特別委員会(第9日　10月8日),永井委員,永井佳代,"御丁寧にありがとうございます。いずれの分野も、まさに今の区政において喫緊の課題を抱える領域であり、民間や専門機関で培われた知見を行政に取り込むことは大変意義のあるお取組であると感じました。

その上で確認をさせていただきたいのは、こうした任期付職員の方々の処遇面についてです。新しい制度を支える人材を確保していくには、給与や待遇などの公平性が欠かせません。任期付職員の方の給与や勤務条件は、通常の職員の方と比較してどのようになっているのでしょうか。また、採用に当たっては、どのような基準やバランスを基に決定をされているのか、お聞かせください。お願いいたします。",2025,2025/10/08,決算特別委員会,議員
,令和7年　決算特別委員会(第9日　10月8日),永井委員,永井佳代,"ありがとうございます。処遇面でも公平性を保ちながら、専門性を適切に評価する仕組みが整えられていることを確認いたしました。特定の職種だけが特別視されるのでなく、内部職員の方と同じ制度の下で、経験や能力に応じた適正な評価が行われていることは、組織としての公平性と信頼性を確立する上でも非常に重要であると感じます。

また、任期付職員の方の登用は、単に外から人を入れるということにとどまらず、外部の視点や新しい発想を内部に取り込むことで組織の中に新しい風を送り込み、既存の仕組みを見直す契機にもなっていると思います。さらに、外部人材と内部職員が互いの知見を共有しながら、チームとして課題に向き合うプロセスそのものが内部の人材育成にも大きく寄与していると感じます。

専門人材から直接学ぶことで、職員一人一人の視野が広がり、これまで外部に委ねていた分野でも徐々に本区独自のノウハウが蓄積されつつあるのではと思います。外部から学び、中で育てるという循環が生まれ始めているからこそ、任期付職員制度の価値であると考えています。

任期付職員の採用によって、区政のどの部分に具体的な成果や変化が見られたのでしょうか。例えば、防災やデジタル化といった社会変化に即応が求められる分野において、スピード感のある意思決定や実行力の向上にどのように効果があったのでしょうか。また、専門人材のスキルを横展開する仕組みとして、内部職員の意識改革やスキル向上など、組織文化の変化という観点からも、この制度がどのように機能しているのかお聞かせください。",2025,2025/10/08,決算特別委員会,議員
,令和7年　決算特別委員会(第9日　10月8日),永井委員,永井佳代,"御丁寧にありがとうございます。任期付職員の方々が、専門的な知見や実務経験を生かしながら、現場で確かな成果を上げてくださっていることを確認いたしました。大変心強く感じます。内部の若手職員の方が専門人材の方の姿勢やスキルから学び、自分たちもできるという自信を持つことになれば、単なる一時的な人材登用を超えて、組織文化そのものを育てる力になると思います。このような知の循環が生まれていることを今後もぜひ大切にしていただきたいと感じます。

一方で、外部人材の力を生かすことは、同時に現場の即応力を高めるという側面もあります。とりわけ、防災や危機管理のように予測不能な事態に直面する分野では、状況判断や指揮系統の明確さが求められます。この点においても、現場経験を持つ任期付職員の方の存在が、本区の災害対応や初動体制において重要な役割を果たしていると感じます。

そこで次に、本区の防災・危機管理体制について伺ってまいります。能登半島地震を踏まえた防災対策についてです。私は防災等安全対策特別委員会の一員として、先日、石川県七尾市を視察してまいりました。令和６年１月１日に発生した能登半島地震は、最大震度７、マグニチュード7.6という極めて大きな地震であり、津波警報の発令や広範囲にわたる断水、建物倒壊など、深刻な被害をもたらしました。七尾市でも、学校が使えなくなり、庁舎が避難所となり、3,000人以上が避難生活を余儀なくされました。

こうした現地での学びは、本区の防災を考える上で非常に大きな示唆を与えるものです。そして、令和６年度の予算におきましても、能登半島地震を踏まえた防災対策が重点分野として位置づけられ、本区としても備えの強化を打ち出してこられました。その上で改めて確認したいのは、こうした制度や事業が実際の災害発生時に確実に機能するのかどうかという点です。七尾市での学びと本区の取組を照らし合わせながら、現場で本当に機能する防災体制になっているのか、順に確認してまいります。

七尾市をはじめとする能登半島地震の被災地では、発災直後から多くの自治体、団体が現地入りし、職員派遣や物資供給、現場運営支援などを行う対口支援、相対するの「対」にマウスの「口」と漢字で書くんですが、対口支援が展開されました。自治体で互いに支え合い、被災自治体の行政機能を補うこの仕組みは、広域的な災害が増える中で、今後の災害対応に欠かせない体制であると感じました。

そこで、お伺いいたします。本区として、災害時に他の自治体との連携、協力をどのように想定されているのでしょうか。例えば、被災地支援のための職員派遣や物資支援などを平時から想定した協定、ネットワークを整備しているのでしょうか。あるいは、本区が被災した場合に、ほかの自治体からの支援を円滑に受け入れるための受援体制はどのように構築しているのでしょうか。本区として、相互に支え合える実効性のある連携体制をどのように確保していくのでしょうか、お考えをお聞かせください。",2025,2025/10/08,決算特別委員会,議員
,令和7年　決算特別委員会(第9日　10月8日),永井委員,永井佳代,"ありがとうございます。提携をしている５つの自治体を通して、相互支援体制を整備していることを確認いたしました。また、平時からもネットワークを構築し、コミュニケーションをお互いに取っているということをお伺いし、大変心強く感じました。実践型の対口支援シミュレーションや訓練の実施も今後も推進していただきたいと強く期待しております。

このように自治体同士が支える広域的な連携体制を整えることは、発災時の復旧を支える上で極めて重要です。しかし同時に、本区でどれだけ初動を保てるのかという視点も欠かせません。実際に七尾市では庁舎が被災し、職員の参集が遅れたことから、行政機能と避難所機能が重なる深刻な状況が生じました。

そこで次に、本区の初動対応と調査機能について伺ってまいります。災害発生直後の最初の数時間は、被害の拡大を防ぐ上で最も重要な時間であり、職員の方の迅速な参集と指揮命令系統の確立が大きな鍵を握ります。しかしながら、能登半島地震におきましては、発生の時間帯に加えて、七尾市の庁舎が被災したことで職員の参集が遅れ、初動体制の構築に大きな支障が生じました。その結果、本来は災害対策本部として機能すべき庁舎が、避難者を受け入れる避難所の役割を担わざるを得ず、行政の中核機能と避難所運営が同時に求められるという極めて難しい状況が生まれました。このように、庁舎が被災した際には、職員の皆様の安全確保、指揮系統の維持、情報伝達の遮断の防止など複数の課題が一気に押し寄せることが明らかになりました。つまり、災害時に庁舎機能をどこでどう維持するのかが、単なる施設整備の問題ではなく、行政そのものの継続性を左右する根幹的なテーマであります。

本区としても、もし本庁舎が使用不能となった場合を想定し、どのように代替拠点を確保し、どの職員がどの順に動くかなど、初動対応を平時から具体的にシミュレーションしておくことが何よりも重要であると思います。本区においても、大規模災害で庁舎自体に被害が及ぶ可能性は否定できません。災害時に庁舎が使用できない場合、代替拠点や遠隔での危機管理体制はどのように確保されているのでしょうか。お願いいたします。",2025,2025/10/08,決算特別委員会,議員
,令和7年　決算特別委員会(第9日　10月8日),永井委員,永井佳代,"ありがとうございます。本庁舎が使えない場合、既存の区内の別の役所機能を使うという御説明だと思うんですが、被害状況に関しては、もっと広域的に被災する可能性もあるのかなと聞いていて思いましたので、今後のＢＣＰとしてもっと広域的に、例えば東京都が全部使えない、被災した場合ですとか、そういったもっと大きな範囲でのＢＣＰを今後検討していただきたいと思います。

次に伺いたいのは、災害発生後の暮らしを支える在宅避難についてです。発災直後の混乱を乗り越えた後、被災者の生活をどう支えるかは、避難所運営と並んで非常に重要な視点であると思います。七尾市では、地震の影響で全世帯の約96％が断水し、完全復旧までに実に４か月もの時間を要しました。長期にわたる断水や停電の中で、自宅での生活を続ける、いわゆる在宅避難を継続することは想像を超えるほど難しい環境だったと伺っております。トイレや給水、調理、入浴、さらには情報の確保など、暮らしのあらゆる基盤が途絶える中で、多くの方が自宅にとどまること自体を諦めざるを得なかったそうです。

一方で本区は、在宅避難を基本方針として掲げ、区民の皆様が自宅で生活を継続できるよう、防災備蓄や支援体制の充実を段階的に進めてこられました。その中でも特筆すべきお取組が、防災カタログギフト事業です。この事業は、区民一人一人が自らの生活スタイルや家族構成に合わせて必要な防災用品を選び、自宅備蓄を進めることを目的としたものであり、行政による一律配布ではなく、区民の皆様とともに備えるという新しい形の防災支援です。こうした事業は、単なる物資の提供にとどまらず、自分で選び、自分で備えるという防災意識を高める契機にもなっており、在宅避難の実効性を高める上で非常に重要な一歩であると感じております。

一方で、もしも現在の想定を超えてライフラインの遮断が長期化した場合に、例えば断水や停電が数週間あるいはそれ以上続いた場合には、家庭備蓄だけでは限界を迎えることが想定されます。その際、本区としては、どの程度まで在宅生活を現実的に維持できると想定をしているのでしょうか。また、長期化した場合には、水や電源、食料などの供給をどのような形で補完していくお考えでしょうか。さらに、防災カタログギフト事業のようなお取組をより多くの区民の皆様に広げ、実際に備えが循環する仕組みとして定着させていくための今後の方向性についてもお聞かせください。",2025,2025/10/08,決算特別委員会,議員
,令和7年　決算特別委員会(第9日　10月8日),永井委員,永井佳代,"御丁寧にありがとうございます。在宅避難の現実性についてお伺いいたしました。もちろん自宅で生活を続けられることが最も望ましい姿であることは理解しております。しかし、能登半島地震のように長期の断水や停電が続けば、家庭の努力だけでは限界が訪れます。水や電源が尽き、生活環境が維持できなくなったとき、次に頼らざるを得ないのが学校や地域の防災拠点です。ところが、この防災拠点となる学校には、子供たちの学びを支えるという本来の役割があります。つまり、大災害時には、防災拠点と教育施設という二重の機能を同時に果たす可能性が生じ、ここに新たな課題が浮かび上がってまいります。

七尾市でも、小・中学校14校の全てが被災し、使えなくなり、授業を再開できないまま体育館が避難所となりました。これは、本区においても十分に想定すべき状況であると考えております。本区でも、学校が教育施設であると同時に防災拠点機能を担っていると理解しておりますが、大災害時に防災拠点と教育活動を両立させるため、どのような人員体制やシナリオを検討されているのでしょうか。防災視点と教育視点のそれぞれにお考えをお聞かせください。",2025,2025/10/08,決算特別委員会,議員
,令和7年　決算特別委員会(第9日　10月8日),永井委員,永井佳代,"それぞれにありがとうございます。避難と教育の両立について確認をさせていただきました。

次に、情報格差を埋める防災ＤＸについてです。災害時には本区公式のエックス、ちゅうおう安全・安心メール、中央区防災マップアプリなど情報発信が有効であると思いますが、デジタルに不慣れな高齢者、日本語に不安のある外国人区民には届かない可能性があります。七尾市でも、情報が届かなかった、どこに避難すればよいのか分からなかったという声が数多く寄せられました。避難所の開設状況や安全な避難経路など、命を守るために不可欠な情報が必要とする人に十分に行き届かなかったことが大きな混乱を招いた一因とされています。

発生直後には通信や電力が遮断され、スマートフォンやテレビなどの通常の情報手段が使えなくなった地域も多くありました。結果として、高齢者や外国人住民、単身世帯など情報へのアクセス手段が限られた方ほど避難が遅れたり、誤った場所へ向かってしまったりするケースが生じたと伺っております。このような情報が届かないことによるリスクは、災害そのものと同じぐらい深刻であると思います。だからこそ、どのような状況でも正確な情報を確実に届ける仕組みを整えることが、今後の防災体制において極めて重要だと感じております。

本区として防災ＤＸを進めるに当たり、こうした情報が届かない人やデジタルデバイドへの対応をどのようにお考えでしょうか。特に災害時には、スマートフォンやインターネットだけに頼らない多様な情報伝達手段の確保が重要だと考えております。例えば、高齢者の方々には防災ラジオによる音声情報が有効な場合もありますし、外国人区民や子育て世帯などは、多言語、多媒体での発信が求められると思います。それぞれの立場に合わせて、誰一人取り残さない情報提供を実現していくために、どのような工夫や仕組みを検討されているのでしょうか。具体的にお聞かせください。",2025,2025/10/08,決算特別委員会,議員
,令和7年　決算特別委員会(第9日　10月8日),永井委員,永井佳代,それぞれにありがとうございます。今御答弁の中で、防災拠点の情報を集めるのがとても大切であるということを伺いました。防災拠点の開設状況や避難者数、物資の在庫などをリアルタイムで把握し、関係部署と共有する体制はどのように整えているのでしょうか。お願いいたします。,2025,2025/10/08,決算特別委員会,議員
,令和7年　決算特別委員会(第9日　10月8日),永井委員,永井佳代,ありがとうございます。以上、様々な角度から質問をさせていただきました。改めて感じますのは、本区の強みは人と人とのつながりであるということです。本区がこれからも一人一人に届く行政、区民の皆様とともに進化する区政を実現してくださることを強く期待し、私の令和６年度決算に対する総括といたします。ありがとうございました。,2025,2025/10/08,決算特別委員会,議員
,令和7年　決算特別委員会(第10日　10月9日),永井委員,永井佳代,"令和６年度中央区各会計歳入歳出決算の認定に当たり、立憲民主党・無所属を代表して態度表明を申し上げます。

まず、この１年を振り返りますと、元日の能登半島地震をはじめ、国内外で災害や社会不安が続いた１年でありました。被災された皆様に心よりお見舞いを申し上げますとともに、日々の備えと地域のつながりの大切さを改めて胸に刻む１年でもありました。

本区におきましては、人口増加や物価高騰といった社会変化の中で、誰一人取り残さない区政を目指し、限られた財源の下で、新しい挑戦が随所に見られた年度であったと評価いたします。

令和６年度は、基本計画2023の２年目として、人、まち、未来に焦点を当てた取組が本格的に動き出した１年でした。コロナ禍を経て、区民の皆様の暮らしが大きく変わる中、子育てや福祉、防災、教育、まちづくり、環境といったあらゆる分野で、現場からもう一歩踏み込む挑戦が見られたと感じております。

一方で、変化のスピードが加速する中、行政に求められるのは、制度をつくることだけでなく、人と人とをつなぎ、暮らしの中で支えることへ移りつつあることも実感いたしました。

令和６年度決算の審査に当たっては、各事業が当初の目的に沿って適切に執行されているか、また、その成果が区民の皆様の暮らしにどのように還元されたのかという観点から、丁寧に確認をいたしました。あわせて、将来にわたって健全で持続可能な財政運営を維持できるかどうかという視点も重視し、新規事業が一過性に終わることなく、継続的な効果を生む仕組みとなっているのかを見極めてまいりました。

まず、企画費・総務費では、令和４年度に採用された専門人材の活躍により、区政に新しい風が吹き込み、ＡＩ－ＯＣＲやＲＰＡの導入など、業務効率化と同時に、区民サービスの向上を目指す取組も進められています。

一方で、人に優しいＤＸとは何かを常に問い続ける必要があると感じます。デジタル化は目的ではなく、区民の皆様の声をより早く、より正確に届けるための手段であるという視点を今後も大切にしていただきたいと思います。

区民費では、晴海まつりや大江戸まつり盆おどり大会など、地域イベントがにぎわいを取り戻す一方で、おくやみコーナーの設置など、生活の節目に寄り添う取組も始まりました。にぎわいと安心、その両輪で地域を支える姿勢が見られた１年でした。

福祉保健費では、令和６年度の新規事業であるふくしの総合相談窓口が本格稼働し、8050問題など、複合的な相談を受け止める仕組みが整い始めました。今後は、デジタル相談記録の導入やアウトリーチ型支援の拡充を通じて、支えるから支え合う福祉へと発展していくことを期待しております。

環境土木費及び都市整備費では、標準服リユース事業が初年度から成果を上げ、経済的負担の軽減と環境負荷軽減の両立を実現しました。また、環境情報センター「エコノバ」では、デジタル地球儀ＳＰＨＥＲＥを通じた体験型学習が進み、環境教育の裾野が広がりました。今後は、立地特性を生かし、商業施設や企業との連携により、より多くの区民の皆様が足を運べる拠点として進化されることも期待いたします。

築地再開発の議論が本格化するとともに、都心・臨海地下鉄新線の早期実現に向けた調査と検討が進められました。令和６年度には、ビッグデータを活用した分析が行われ、本区としての考え方を整理し、実現に向けた一歩を確実に進められたと評価しております。交通利便性の向上は、築地・勝どき・晴海といった臨海エリア全体の暮らしと経済を支える重要な基盤であり、本区が地元区として主体的に関わり、沿線地域のまちづくりと連動した推進を図っていくことを今後も強く期待いたします。

教育費では、幼稚園弁当給食や預かり保育、不登校支援など、子供たちの学びと生活を切れ目なく支える体制づくりが進みました。教育の連続性や子供の居場所づくりに向けて、学校現場の丁寧な取組と、職員の皆様の熱意を強く感じたところです。

ここまでの９日間にわたる決算特別委員会を通して、改めて感じたことがあります。委員側からも、今後の区政を考える上で大変重要な視点、そして心に響く質問が数多くありました。同時に、理事者側からも、区民の皆様に寄り添った温かく誠実な御答弁が多くありました。特に、子育て、教育、まちづくりにおいて、それぞれの現場で働く職員の皆様の、本区をよりよくしたいという熱い思いに心を揺さぶられる瞬間が何度もありました。こうした誠実な対話の積み重ねこそが、行政と議会が共に未来を描く姿であると改めて実感いたしました。理事者と議会が同じ方向を見つめ、区民の皆様のために議論を重ねる姿勢に確かな希望を感じております。

最後に、本決算特別委員会内で申し上げました提案や要望が今後の区政のさらなる発展に向けて着実に生かされますよう心よりお願い申し上げます。

令和６年度中央区各会計歳入歳出決算の認定に同意し、以上をもちまして立憲民主党・無所属の態度表明といたします。",2025,2025/10/09,決算特別委員会,議員
,令和7年　決算特別委員会(第2日　9月29日),奥村委員,奥村暁子,日本共産党区議団から、174件の資料を要求させていただきます。よろしくお願いいたします。,2025,2025/09/29,決算特別委員会,議員
,令和7年　決算特別委員会(第3日　9月30日),奥村委員,奥村暁子,"それでは、初めに、公契約条例について質問します。

これまでも、中央区で公契約条例をぜひ制定するようにということで繰り返し求めてきました。今、23区では14区が公契約条例を制定していて、そして、世田谷区が公契約条例の中で、発注工事の労働報酬下限額を1,460円に定めたというのに続いて、杉並区も2025年度から1,400円に引き上げて、墨田区でも下限額の引上げを検討しているということです。品川区でも2024年12月に全会一致で公契約条例が可決制定され、2025年４月から施行されています。この条例の中では、労働報酬下限額を下回った下請の労働者などに対する連帯責任義務も明記されていたり、さらに、継続性のある業務委託に関しては、受注業者が変更になった場合でも、労働者の継続雇用を努力義務とするなど、労働者の権利を守る処遇改善の内容が盛り込まれています。

区でできる賃上げ推進策として、公契約条例というのは大変有効であるというふうに考えています。資料要求で官公需の契約実績一覧表を毎年出していただいていますけれども、契約件数に占める中小企業の割合、また金額に占める中小企業の割合ともに、中小企業が大変高い割合となっていると思います。公契約条例を制定して、労働報酬下限額を制定していくということは、中小企業への大きな支援となると思いますが、その点について御見解をお示しいただきたいと思います。

それと、中央区では、社労士などの協力も得ながら、チェックシートで労働環境などもきちんとしていて、不適切な場合には改善勧告や契約の解除、指名停止なども行っているということで、公契約条例の制定については検討を重ねていくという答弁が続いていますが、その検討の状況がどうなっているのか。以前の答弁ですと、工事関係の部署、ですとか、そういったところとの情報共有を図っているけれども、まだ外部委員、外部の方を交えての検討には至っていないということがあったんですが、外部の方を入れての検討がどのように進んでいるのかという点についてお示しいただきたいと思います。",2025,2025/09/30,決算特別委員会,議員
,令和7年　決算特別委員会(第3日　9月30日),奥村委員,奥村暁子,"外部の委員を入れての検討が進んでいないということが以前御答弁であったので、その点がどう進んでいるのかという点もお示しいただきたいというふうに思います。

公契約条例の効果がなかなか読めない、見られないということですけれども、23区で14区が設定し、４区が報酬の下限額を定めるというところにまで、すごく大きく動きがあるというふうに私は捉えています。今年度から実施した品川区では、公共調達というのは一般会計歳出の約４分の１を占めており、社会に与える影響力が大きい。公契約条例による適正な労働環境整備の促進は、質の高い公共サービスの提供や地域経済の健全な成長につながるというふうにして、公契約条例を定めるという形になっています。大変大事な考え方だと思いますが、こういった質の高い公共サービスにつながる、また地域経済の成長につながる、この点についてはどのように捉えているかという点についてもお示しいただきたいと思います。

賃金の底上げということは、もちろん国も率先してやるべきだと思いますけれども、全国の自治体、また都内の自治体がこの公契約条例に取り組んでいくことによって、これが国を動かしていくことにつながるというふうに思いますので、区として実施をしていただきたいということを要望したいと思います。働く人にとっても、賃金がきちんと確保されるということになれば、自治体の仕事を受けている事業者の下で働きたい方が集まるとか、人材確保につながっていく等、そういう効果もあるというふうに思います。そういった意味からも、ぜひ検討していただきたいと思います。

続けて質問しますが、公共施設予約システムの改修費用が決算書の192ページで約3,995万円ということになっています。以前から、区民館などの公共施設の受付で職員の方が、機械が度々フリーズして大変なんだというような声も聞いていますし、予約について、登録団体と一般の申込みとありますけれども、登録団体が利用希望月の２か月前からの予約で、一般の方は１か月前からの予約となっていると思うんですが、一般の申込みをするときに、登録団体が既にもう予約を確定してしまっている、もう予約がされてしまっている部屋が、システム上、確認できないので、一般申込みのときに幾つか部屋を順番に申し込んでいく中で、既に埋まっている、登録団体によって押さえられてしまっている部屋などにも当たっていかなくてはいけない。そういうことを繰り返しているうちに、その間に希望の部屋が埋まってしまうという状況があるんです。

登録団体が既に押さえてしまっている部屋については、一般の申込みの際に、もうこの部屋は埋まっているということが分かるような仕組みにする必要があるのではないかと思うんですけれども、その点についての改善を求めたいと思うので、御答弁いただきたいと思います。せっかくこうやって改修をしているわけですから、その際に、きちんと利用者の声とか、窓口職員の声なども聞いて、使い勝手がよいものに改修していく必要があると思いますので、その点についても御見解をお示しいただきたいと思います。",2025,2025/09/30,決算特別委員会,議員
,令和7年　決算特別委員会(第3日　9月30日),奥村委員,奥村暁子,"公契約条例については、そういう公契約条例の意義を区のほうで感じてはいると思うので、ぜひ今後も前向きに検討していただきたいということを要望させていただきます。

公共施設予約システムについては、定期的な改修、システムの入替えも必要だと思うんですけれども、できるだけ一度の改修の中で、きちんと使い勝手が向上していくように、ちゃんとしていくべきだというふうに思います。実際に、そのシステムを利用者として使ってみて、使い勝手を確認していく、やはり問題があるというところはきちんと改修するということが必要だと思います。いずれにしても、利用者にとって使いやすい、分かりやすいものにしていただきたいということを要望します。

時間もなくなってしまったので、終わります。",2025,2025/09/30,決算特別委員会,議員
,令和7年　決算特別委員会(第5日　10月2日),奥村委員,奥村暁子,"それでは、初めに、エアコン購入費助成について質問します。

総務省消防庁が９月24日、熱中症による救急搬送の速報値を公表しました。５月１日から９月21日に全国で９万9,573人が救急搬送されて、５月から９月までの搬送者が過去最高だった昨年の９万7,578人を上回って、最多を更新したとのことです。気象庁によると、今年の夏の日本の平均気温も平年を2.36度上回って、1898年の統計開始以降で最高だったとのことです。こういった中で、中央区が実施を始めたエアコン購入費助成は大変重要だと思います。東京都のほうでも助成制度を開始したので、併せて利用することで、区の補助額、エアコン本体６万7,000円以上の、もっと高機能で高価格帯のものなどの購入も可能だという点について周知を広げていただきたいというふうに思いますので、その点についての御見解をお示しいただきたいと思います。それと、このエアコン購入費助成の現在での利用者数についてお示しいただきたいと思います。

そして、このエアコン購入費助成について、区民からの相談を度々受けるんですけれども、生活保護を利用しているので、エアコン購入についてケースワーカーの方に相談したら、まずは一旦自分で立て替える仕組みになっていますけれども、そのお金がないと無理だと言われてしまったそうです。その方は、お金がない人のための制度なのに、お金がないと使えないというのであれば意味がないのではないかとおっしゃっていて、そのとおりだというふうに思うんですけれども、担当者から貸付けなどの案内は一切なかったということです。その後、区に相談をして、生活保護受給者なので、応急小口資金は使えないけれども、社会福祉協議会の生活福祉資金を借りて購入に至ってエアコンが設置されて、この方は大変喜んでいるんですが、お金を借りられるということを職員で共有してほしいということも相談の際に要望いたしましたら、周知していくということでした。これがどの範囲でどの程度徹底されているのかという点についても確認をさせていただきたいというふうに思います。

ほかにも、先に購入してしまって、後から領収書を提出すれば、すぐに助成が受けられるというふうに制度を誤解している方も多いという実態もあります。まず、区に相談して、担当者が自宅を訪ねて、エアコンの有無などを確認した上で、制度を利用できるかどうかが決まって、その後、一旦自分で立替えをして購入して、後に領収書提出という流れがチラシなどには書いてあるんですけれども、そういったものにきちんと目を通されない方も多いという現状もあります。また、これも区民の方からですが、真夏にエアコンが壊れて、自宅に出入りしているヘルパーさんがいろいろとアレンジしてくれて、いっときホテルに避難をして、すぐにエアコンを購入して設置したんですけれども、そのヘルパーさんも、そして御本人もエアコン購入費助成のことを知らなかったので、購入してしまった後なので、この制度が利用できなかったというケースもありました。

ふくしの総合相談窓口が対応するということになっていますけれども、ここだけに限らず、やはり介護事業所ですとか、民生委員の方ですとか、幅広い方、区民の方が足を運ぶ窓口の方などで広くこういう情報共有、制度の仕組み、お金を借りることもできるということなども知らせていただきたいと思いますので、その点について御見解をお示しください。",2025,2025/10/02,決算特別委員会,議員
,令和7年　決算特別委員会(第5日　10月2日),奥村委員,奥村暁子,"ぜひ、関係ある方に広く周知していただきたいと思います。職員だけではなくて、区民の方にもちゃんと正しく制度を知っていただくような取組も広げていただきたいと思います。

利用が現在、交付決定58名ということですが、私のケースでも、知らずに諦めてしまったということがあります。そういう意味では、本来、利用できる条件を満たしていたのに、結局、利用できなかった、区の相談にまで至っていない方も多くいるのではないかというふうに思います。せっかくつくった制度で、命を守るために大変重要な制度だと思いますので、きちんと制度を利用できるように広げていただきたいと思います。

それと、貸付けのスピードアップという点も課題があるかなというふうに思っています。夏前の暑くなる前に設置を考えていくようにということで、制度のスタート時の受付も春先から始めていたと思うんですけれども、実際には真夏になって暑くなってエアコンが急に壊れたとかいう場合には、すぐにこういった貸付けなどを利用しても、実際に貸付けまでの時間が空いてしまうということがあると思います。早く設置の必要があると思うんですけれども、それぞれ貸付けまでには実際にどれぐらい時間がかかるのか、短縮する方法があるのかという点、どうしても設置するまで時間がかかってしまう、真夏の暑い部屋で生活するのが大変困難だといった場合には、区として何かフォローするような体制があるのかという点についてもお示しいただきたいと思います。",2025,2025/10/02,決算特別委員会,議員
,令和7年　決算特別委員会(第5日　10月2日),奥村委員,奥村暁子,"生活福祉資金のほうですと、貸付けまで１か月ぐらいかかることもあるということで、真夏１か月、昼間はクールスポットなどを利用するにしても、夜間はどうなのだろうかという問題もあると思います。今すぐにどういう対策をということもないとは思うんですけれども、ただ、こういったケースがあるということも見越して、とにかく早くエアコンを設置できるように、貸付けの期間の短縮、また、夜間の居場所といっても難しいと思うんですけれども、例えばやむを得ずどこか宿泊施設などを利用せざるを得ないということであれば、そこに対しての補助ということも、場合によっては必要になってくるかもしれませんし、お近くに御友人、親戚などがいたら、そういう方のお宅に身を寄せるということもあり得るとは思うんですけれども、それでもどうにもならない場合には、どうしていくかということも今後課題だと思いますので、ぜひ考えていただきたいということを強く求めます。

次に、デイサービスについて伺います。

銀座にあるデイサービス事業所が10月末で閉鎖するということを突然知らされたという区民の方から相談があったんですけれども、この状況について分かる範囲でお知らせいただきたいと思います。これが事実であれば、影響は何名ぐらいに及ぶのか、利用者数などもお示しください。",2025,2025/10/02,決算特別委員会,議員
,令和7年　決算特別委員会(第5日　10月2日),奥村委員,奥村暁子,"利用者の方に影響がないように、横のつながりで、ほかのデイサービスのほうにも協力を要請するとか、いろいろ対応は必要だと思うんですけれども、閉鎖の理由は何なのか、その要因についてもお示しいただきたいと思います。

続けますが、あわせて、地域密着型サービス事業所等向け宿舎借上支援事業、新規事業ですが、これについても質問します。

１戸当たり７万1,000円で６戸を想定していたということで、予算上では500万円程度計上されていますけれども、実績についてお示しいただきたいと思います。",2025,2025/10/02,決算特別委員会,議員
,令和7年　決算特別委員会(第5日　10月2日),奥村委員,奥村暁子,"デイサービスの閉鎖について詳細は分からないということですけれども、こういうことがなぜ起きたのか、原因も事業所にきちんと確認していくということが、次の閉鎖を生まないための対策の一歩となると思うので、なぜ閉鎖なのか、そのあたりの理由の確認と分析を生かしていくということが必要ではないかと思いますので、ぜひお願いしたいと思います。

地域密着型サービス事業所等向け宿舎借上支援事業は執行率が12.5％で１室ということですが、なぜ利用されなかったのか、その理由と分析、改善策をどのように考えていくかという点についてお示しいただきたいと思います。",2025,2025/10/02,決算特別委員会,議員
,令和7年　決算特別委員会(第5日　10月2日),奥村委員,奥村暁子,"介護事業所で働く方たち向けの家賃補助ということで、この間の一般質問でも質問しているんですけれども、足立区で新たに今年度から始めた、同じような家賃制度の状況を担当者の方にお聞きしました。足立区の場合は100人分を想定して予算を組んで、今、半年たったところですけれども、内訳は介護関係75人、障害関係25人ということで、障害の分野の職員の方にも対応しているということです。現時点で、介護の分野で30人が決定していて、障害のほうが思いのほか多くて、31人決定しているということで、申込みがかなり多いということです。そもそも足立区とは人口の規模、高齢者の人数、施設の数なども違いますし、条件はいろいろ違うとは思うんですけれども、やはり足立区の場合でも新規の採用の方ということ、若い方を確保していくということを見越した制度となっていて、これだけ応募があるということです。足立区では、職種の限定はせずに、事務職でもオーケーだということにしていて、周知について、制度の発足時には各事業所に対してダイレクトメールで案内して、今年度に入って、途中でも追加の申込みがないかということで確認の連絡も繰り返し行っているということで、事業者に対して周知を広く繰り返し行っているという点が大きいのかなというふうにも思うんです。中央区でも、周知は繰り返し行ってきたのかという点についても確認をさせていただきたいというふうに思います。

障害の事業所での申込みが多かったということですけれども、放課後等デイサービスで働く職員の方の申込みが多いということなんです。中央区では、障害者施設で働く職員への家賃の補助はないと思うんですけれども、その点を、あるかないか確認させていただきたいのと、足立区でも障害の分野で需要が多いということであれば、この家賃補助の制度を障害者施設の職員にも広げていくということもぜひ考えていくべきではないかと思うんですが、その点について御見解をお示しいただきたいと思います。",2025,2025/10/02,決算特別委員会,議員
,令和7年　決算特別委員会(第5日　10月2日),奥村委員,奥村暁子,"東京都が行っている家賃の支援は、恐らく介護と同様の２万円というものなのかなと思うんですけれども、それではまだ不十分で、需要もあるということで、足立区でも独自に補助を行っているので、障害者施設のほうなどで需要がどうなのかということをきちんと聞き取って、家賃補助の制度を拡充していくということを求めたいと思います。こういった家賃補助の制度は、本当に中央区は物価も高く、家賃も高いというところで、需要は絶対にあるはずだと思うんです。それなのに、介護のほうの家賃支援で１室しか利用されていないということは、あまりにも寂しい状況だと思うし、やはりたくさんの方に使ってもらって、職員がその事業所に定着をして、事業所でもそれが人材確保策となって好循環が生まれるように、この制度のもともとの利用の目的がきちんと果たされるような制度設計にしていかなくてはいけないのではないかというふうに強く思います。

先ほどのデイサービスの閉鎖もそうですが、詳細な理由は分からないということなんですけれども、例えば職員不足ですとか、職員の定着とか、そういったことがもしも背景にあるということであれば、家賃支援の補助制度などを組み合わせていくことで、経営が安定するとか、事業継続できるとか、そういうことにもつながるというふうにも思いますので、この制度について、さらに障害者に広げていくということも前向きに検討していただきたいと思います。その点について、もう一度御答弁をいただきたいというふうに思います。",2025,2025/10/02,決算特別委員会,議員
,令和7年　決算特別委員会(第5日　10月2日),奥村委員,奥村暁子,なかなか人材確保で苦労しているというのは、介護の分野でも障害の分野でも同じだと思いますし、先ほど来、放課後等デイサービスも質疑がありましたけれども、中央区でもニーズは高いので、拡充していこうという方向性が打ち出されているわけです。そういった施設をきちんと広げていく、増やしていくためにも、家賃支援の制度は有効だと思いますので、ぜひ幅広く考えていただきたい、対象の拡大を検討していただきたいということを強く求めて、質問を終わります。,2025,2025/10/02,決算特別委員会,議員
,令和7年　決算特別委員会(第7日　10月6日),奥村委員,奥村暁子,"それでは、最初に、教育負担の軽減ということについて質問します。

これまでにも、保護者負担の軽減として学校給食費の無償化を求め、これは実現し、そして学用品なども無償化したり、あるいは共有で使用するリユースという観点も大事ではないかということで質問してきました。区の答弁としては、個人に還元されるものは原則として受益者負担だということが繰り返されています。また、辞書ですとか、共有できるものについては共有を進めているという御答弁もありました。今、環境への負荷を軽減していく、リユース・リサイクルという観点も大変大事だと思うんですが、辞書以外に、この間、共有で利用することが決まったようなものがあれば、お示しいただきたいと思います。また、今後どのように見直していくのかという点についてもお示しいただきたいと思います。",2025,2025/10/06,決算特別委員会,議員
,令和7年　決算特別委員会(第7日　10月6日),奥村委員,奥村暁子,"標準服のリユースが進んでいるというのは大変大事なことだと思うんですけれども、受益者負担という点では、これまでの御答弁でも、負担の区分については、法令上、明記されているものではないという答弁もいただいていまして、実際に品川区は絵の具や習字セットなどの学用品について、所得制限を設けずに全額無償化を区立の小・中学校の児童・生徒約２万4,000人を対象に実施しているということですし、今年度から江戸川区では、保護者の負担軽減、また環境負荷ということも考えて、区立小学校で１年生の算数セットのような、ある時期しか使用されないものですとか、粘土板などを公費で購入して、みんなで使う学用品の共同利用も始めたということです。ぜひこういった取組も参考にしながら、共同利用、リユースについて、洗い出しですとか、そういった方策を検討すべきだと思いますが、いかがでしょうか。",2025,2025/10/06,決算特別委員会,議員
,令和7年　決算特別委員会(第7日　10月6日),奥村委員,奥村暁子,"他区と比べて中央区の学用品の負担などは少ないということも理解するんですが、使えるものをみんなで共同で使っていく、物を大事にしていくとか、そういうことをリユースという活動を通じて子供たちが学んでいくという点も大変大事だと思うので、そういう観点から、学用品の共用、公費で負担してみんなで使う、それが保護者の負担の軽減にもなり、今、物価高騰も大変な状況ですので、そういったことを併せ持った施策として、ぜひ前向きに検討していただきたいと思います。リユースの促進といった観点からどう捉えるかという点についても、御見解をお示しいただきたいと思います。

続いて、包括的性教育という問題について質問します。

これまでも、性教育については区議団として質問してきました。文科省では、10年に一度の学習指導要領の改訂に向けて、今、作業が進んでいるということです。社会の変化に対応するために改訂していくというものですが、今の学習指導要領の中では、小学校５年生の理科では人の受精に至る過程は取り扱わないとか、中学の保健体育では妊娠の経過は取り扱わないと書かれていて、歯止め教育と呼ばれていますけれども、受精とか妊娠の経過について取り扱わないとする規定が性教育実践の妨げになっているとして、歯止め教育の撤廃を教員や専門家の方たちが求めているということがあります。９月12日までの、ちょっと古い数字ですが、２週間で２万1,600筆を超える署名も集まっている。そして、教育評論家の尾木直樹さんも、包括的性教育を学校現場に普及しようということで、昨年末、団体も立ち上げてポータルサイトも運営している状況にあります。

こういった教育は、人権教育はもちろん、自分も、そして他人も大切にする意思決定とか、自己選択、心身の健康を守るために大事な教育だと思いますが、現状での中央区での性教育の状況についてお示しいただきたいというふうに思います。",2025,2025/10/06,決算特別委員会,議員
,令和7年　決算特別委員会(第7日　10月6日),奥村委員,奥村暁子,"以前も質問をしていますけれども、足立区で区立中学校の性教育の授業で性交ですとか、避妊、人工中絶などを教えたということが問題になりましたが、東京都の教育委員会でもこういったものを教えて問題ないということで、学習指導要領に示されていない内容を加えて指導するということも実際には可能だということになっています。今回の学習指導要領の改訂も、社会の変化に対応するという意味合いで10年に一度改訂していると。社会の変化として、やはりインターネットなどで不正確だったり、危険な性情報を子供たちが得ることの危険からどう守っていくのか、正しい知識をどう身につけていくかということは大変重要なことだと思います。正しい知識を身につけていく重要性については、区ではどう捉えているかという点についてお示しいただきたいと思います。

そして、国際調査でヨーロッパ諸国の10代の性交の経験率と妊娠率を比較したものですと、日本は性交経験率が低いにもかかわらず、妊娠率が高いというのは、性教育の不十分さの表れであるという指摘がされていたり、また、国連の女性差別撤廃委員会の勧告でも、日本は性教育がきちんと位置づけられていないということが指摘されています。こういった国際情勢と併せても、包括的性教育というものは大変重要だというふうに思います。

中学校や高校向けの性教育プログラムを実施しているＮＰＯ法人ピルコンの理事長によると、いろいろな学校で出前講座などを行っているんですけれども、性感染症予防の講演なのに、学校側からコンドームのイラストは生徒への刺激になるので避けてほしいと依頼されたり、性行為という言葉を性的接触と変えてほしいと要望されるとか、歯止め教育に縛られていると疑われるような実態も多くあるということです。正しい知識を身につけて身を守っていく、自分できちんと選択した人生を歩んでいく、望まない妊娠などがないようにしていくということは大変重要だというふうに私は考えます。子供の実態を捉えてニーズに応じて対応していくということは大事だと思うんですけれども、子供たちや保護者、そして学校現場の声をどのように把握しているのか、性教育についての意見をどうつかんでいるかという点についてお示しいただきたいと思います。",2025,2025/10/06,決算特別委員会,議員
,令和7年　決算特別委員会(第7日　10月6日),奥村委員,奥村暁子,"個々には何か相談などがあれば応じていくことだというふうには思いますけれども、やはり今大変必要な教育ではないかと思っています。

もう一つ、データで、日本における児童虐待死亡の事例の半分はゼロ歳児なんですが、厚労省によると、これは2021年のこども虐待による死亡事例等の検証結果等ということですけれども、これですと、2019年から2020年の１年間の虐待による死亡事例72例のうち、39％がゼロ歳で、このうちの63％が母親にとって予期せぬ妊娠であったというケースで、大変高い割合だということです。そして、19歳以下が28.8％ということなので、人権教育の一環として、思いがけない妊娠を防ぐという意味からも、まずは子供たちに正しい性に関する知識を体系的に教えていくということが重要だと思います。さらに、子供の貧困対策としても、早い妊娠や予期せぬ妊娠が貧困を招く、貧困の連鎖につながるという指摘もされている大変重要な分野だというふうに思いますので、ぜひ中央区でも今後研究しながら、包括的性教育というものを位置づけて、前向きに現場の声も聞きながら、子供たちへの有用性というものも考えながら進めていただきたいということを強く要望させていただきます。

続いて、関連するんですが、性の啓発アプリの配信ということについてです。

今、子供たちがインターネットなどで不正確で危険な性情報を得ているという中で、正しい知識、性を主体的に考えていける力をどう身につけさせていくか、その一環として、江戸川区は、今、区立の全小・中学校で学習用タブレットの端末に健康情報サービスアプリのルナルナの配信を開始したということです。子供のうちから性や妊娠に対する正しい知識を身につけるということが目的で、体調管理の習慣をつけて、大人になって妊娠や出産を望んだときにも役立つ、そういうことを狙ってのことだそうです。アプリも幾つかコースがあるんですが、その中のジュニアモードというものを選択して、生年月日ですとか、初潮の有無などを入力すると、初潮を迎える時期の目安や月経日を予測したり管理ができるということで、江戸川区の健康サービス課長も、小・中学校のうちから正しい知識を身につけてもらうことは重要で、自身の体調に向き合って健康に過ごすために活用してもらいたいと述べています。このアプリの中身は、学習指導要領の内容を超えたものではないということですけれども、体調管理の一環として、こういうアプリの活用を考えてはどうかと思いますが、御見解をお示しください。",2025,2025/10/06,決算特別委員会,議員
,令和7年　決算特別委員会(第7日　10月6日),奥村委員,奥村暁子,"ぜひ、この江戸川区の取組についても研究していただきたいというふうに思います。

江戸川区の取組は、プレコンセプションケア、若い男女が将来のライフプランを考えて、日々の生活や健康と向き合う、次世代を担う子供の健康にもつながるということで、近年、注目されているヘルスケアの一環として、早い段階から正しい知識を得て、健康的な生活を送ることで将来の健やかな妊娠や出産につながって、未来の子供の健康の可能性を広げるというプレコンセプションケアの一環として行っているということです。ほかの自治体でも、例えば宇都宮市になども、教育委員会の所管でありませんけれども、プレコンセプションケアを位置づけて、ルナルナのファミリーコースというものを宇都宮市民が無料で使えるような取組もしているということで、大変大事な考え方だと思いますので、今後研究していただきたいということを強く要望させていただきます。

次に、図書館の利用促進ということについて伺いたいと思います。

学校図書館支援センターの開設準備が2024年度の予算で計上されて、中学校、そして小学校に司書の派遣も拡大していくということです。中央区教育振興基本計画2025のアンケートなどを読むと、中学生で、読みたい本がないから本を読まないという子供が、小学生に比べてかなり多いという分析がされています。司書の派遣によって、読みたい本が見つかるようになったのかどうか、貸出し冊数自体も２倍になっているということなので、そうであればよいと思いますが、状況についてお示しいただきたいと思います。

それと、本の森ちゅうおうが2022年にオープンして、2024年には晴海図書館が開設されて、全体としては貸出し冊数が増えているんですけれども、従来からある月島図書館や日本橋図書館は入館者数も貸出し人数も横ばいのようです。これをどう解消していくのかという点についても伺いたいと思います。

あわせて、以前、世田谷区が取り組んでいる図書館ブックボックス、地下鉄の駅の構内に予約した図書館の資料などを受け取れるボックスを設置していると。ぜひ中央区でも実施をという提案をしましたが、その際は、駅のスペースを借りるということに多額の使用料を支払う必要もあるということで、今後考えていきたいという答弁であったんですけれども、下北沢駅の利用料は電気代込みで月５万円ということなので、今後、中央区での実施の可能性もあるかなと思うんですが、その点について御見解をお示しいただきたいと思います。",2025,2025/10/06,決算特別委員会,議員
,令和7年　決算特別委員会(第7日　10月6日),奥村委員,奥村暁子,ぜひ、本に親しむ方を増やすとか、利便性の向上という意味からも、ブックボックスの設置を考えていただきたいと思います。世田谷区では、今年度さらに２か所増やすということで、下北沢駅に加えて、小田急線の経堂駅の構内でも増やすということが進んでいるようです。そして、本の宅配サービスも、今年度、例えば清瀬市などで始まっています。申し込むと最短で翌日に配送してもらえて、返却も宅配で回収してもらえる。回数は無制限、利用料は無料ということなので、こういったこともぜひ研究していただきたいということを求めて質問を終わります。,2025,2025/10/06,決算特別委員会,議員
,令和7年　決算特別委員会(第8日　10月7日),奥村委員,奥村暁子,"それでは初めに、後期高齢者医療保険料について質問をします。

医療や介護の危機というものが年々深刻になっていて、国民負担増が続いています。政府は、2022年10月に、原則１割の75歳以上の医療費の窓口負担を、年収200万円以上の単身世帯と年収320万円以上の複数世帯について２割に引き上げました。ただし、施行後３年間に限り、急激な負担増を抑制するために、外来受診の月額の負担増を3,000円に収めるよう激変緩和措置というものを設けていましたが、この措置が９月末で終了し、この10月１日から正式に２割負担となりました。全国では310万人が影響を受けると言われていますが、中央区での影響がどの程度あるのか、年収200万円以上の単身世帯、また年収320万円以上の複数世帯、それぞれの数字をお示しください。

そして、受診抑制などの影響についてどう考えるのか、区の見解をお示しください。

また、今、食料品なども値上げラッシュの中、物価高騰と相まってこうした窓口負担増というのは家計への影響も大変大きいものだと思いますが、その認識についても伺いたいと思います。",2025,2025/10/07,決算特別委員会,議員
,令和7年　決算特別委員会(第8日　10月7日),奥村委員,奥村暁子,"後期高齢者医療保険料の窓口負担増となる内訳、年収200万円以上の単身世帯と320万円以上の複数世帯それぞれは、2,906人、対象となる方がいるという中で、内訳というところまでは分からないのかという点を確認させてください。

そして、受診抑制の影響というのは、今後、広域連合などにも確認していくということなので、そういう具体的な区内での声というものもぜひ聞き取っていただけるように、それぞれ広域連合などに相談に行ったり、様々な形であれば、それはその方のお住まいの地域などで分類したりする、そういう仕組みがあるようであれば、区としてのその声、実態というものをつかむようにぜひしていただきたいということを要望したいと思います。

支払いが大変な場合には納付相談ということで、分納などがあると思いますけれども、これは減免されるということではなく、とにかく分けてでも必ず納めるという仕組みだということでは、一旦、猶予期間というものは設けられることになるにしても、負担が重いということについては変わりがないのではないかと思います。

こういったことも健康を意識するタイミングになると、それは一定程度あると思うんですけれども、どんなに健康に気をつけても、高齢であれば体調を壊すということは当然あるわけですし、そのときにはこういう窓口の医療負担が上がるということは大きな影響があると思っています。ただ、そういう健康を意識する取組は今後もぜひぜひ広げていただいて、様々な運動の機会といったものに高齢の方が参加できるようにしっかり進めていただきたいと思います。

こういう窓口負担の増というと、必ず現役世代の負担抑制のためと言われるんですけれども、でもこうやって上げていって、例えば体調を壊すということになれば、親世代の介護をするために現役世代が介護離職せざるを得ないとか、そういった意味では若い世代にも影響が出ると思いますし、こうやって一旦上げてしまえば、現役世代もいずれ年は重ねるわけですから、こういう制度改悪は結局自分たちが高齢になったときにも影響が出てくるというものだと思います。

こういった保険料の負担、窓口の負担増などについては、これはもうずっと財界が求めてきていることで、財界の圧力だということです。財界側は、企業経営を圧迫するからと言って、企業の保険料負担の水準を引き下げるようずっと求めてきて、引き下げられてきている。経団連はかつて保険料の企業負担すら廃止するよう提言も行っていました。社会保険料の負担の割合でも、大企業が9.5％なのに対して中小企業は13.6％と、企業規模が小さいほど負担が重くなっている。こういったことが起きるのも、大企業は生産や販売量に応じた税額控除などがあるけれども、そういう措置が中小企業にはない。そういう背景もあります。消費税増税なども社会保障の財源にという、これもそもそも大企業や財界の論理で、消費税を価格に転嫁できる大企業は消費税を１円も負担しないで済むわけですから、そのために経団連は消費税を社会保障の財源にするようにということをずっと提言してきたという背景もあります。こういった背景がありながら、現役世代の負担の抑制ということを口実にして、世代間の対立をあおるような説明が繰り返されるということは大変問題だと私は考えています。

区ではこのあたり、世代間の対立をあおるような説明とならないように、きちんと現実も踏まえた対応をしていく、区民に対してもきちんとそういうあおるような説明をしないよう心がけるということは当然のことだと思うんですけれども、そのあたりの配慮、考えについてお聞きしたいと思います。",2025,2025/10/07,決算特別委員会,議員
,令和7年　決算特別委員会(第8日　10月7日),奥村委員,奥村暁子,"世代間の対立をあおるような考えは持っていないというのは、それはもちろんそうであってほしいし、そうだと思うんですが、背景にはこういう財界や大企業からの圧力があるということ、それはしっかりと認識していただきたいと思います。

終わります。",2025,2025/10/07,決算特別委員会,議員
,令和7年　決算特別委員会(第10日　10月9日),奥村委員,奥村暁子,"おはようございます。それでは、総括質問に入ります。

初めに、ふるさと納税について質問します。

官製ネットショッピングとやゆもされるふるさと納税ですが、総務省によると、2023年度、寄附した納税者が1,000万人を超えて、住民税を納める人の６人に１人が利用しているということです。東京23区でこういった返礼品に参加しない自治体は、今、練馬区と江戸川区のみということになっています。そういった中で、練馬区長は、返礼品といってもただの商売ではないか、返礼品競争は、住民同士がお互いに助け合って住民サービスをするのが憲法に定める地方自治なのに、それをゆがませる仕組みだとして大変憤っているという状況があります。

こういった中で、中央区は体験型の返礼品というものを基本としていますが、この大変問題の多いふるさと納税から中央区も一旦身を引いて、江戸川区や練馬区と一緒にふるさと納税に参加しない共同体をつくって、仲間も増やしていきながら、この制度のゆがみ、そして制度の見直しを国に対して訴えていくということを求めたいと思いますが、御見解をお示しください。",2025,2025/10/09,決算特別委員会,議員
,令和7年　決算特別委員会(第10日　10月9日),奥村委員,奥村暁子,"私も、制度の趣旨そのもの、本来の生まれ育ったまちを応援するとか、そういうことは大事な意義があると思っているんですけれども、それでも、経費などが５割を占めるとか、あと上位20の地方公共団体が寄附受入額の２割を占めているということでは、それぞれ生まれ育ったまちなどを応援しようとしても、結局こういうところで自治体格差というものも生まれているという問題もありますし、税収が失われることによって、本来は自分たちが住んでいる自治体で受けられるべきサービスを受ける機会も失われていくということで、住民にとってもデメリットが大きい制度だということをきちんと知ってもらうことが大事だと思います。

中央区でも区民にこの制度の矛盾とか問題点などはちゃんと伝えていくということなんですけれども、なかなか国も見直しに対して動きがないという中では、先ほど言ったようなほかの参加しない自治体などと手を組んで、この制度の見直しを強く求める形として参加しないという共同体を広げていくということを私としては求めたいと思います。そういう共同体をつくりながら、寄附額の上限を設定していくとか、あと、23区は地方交付税不交付団体なので、その減収補塡の部分をきちんと求めていくとか、ワンストップ特例制度の見直しとか、そういった要求をきちんと国に突きつけていくためにも、参加しないで、そういう仲間を増やすということもぜひ提案したいと思いますので、今後御検討いただきたいと思います。

次に、区役所での広報や発行物のデザインをよりよいものにしていくという点で、区役所にデザイナーの投入ということの検討を求めたいと思います。目黒区では、広報課の係長としてデザイン会社のアートディレクターをしていた人材を採用しているということで、広報物の改善が進んでいます。職員のデザイン研修も任されていて、区が発行するチラシやポスター、ウェブバナーだけでなく、庁内の案内デザインなども利用者の方から、いろいろ案内が多過ぎて分かりづらいという声を受けて、そういった案内の改善などにも取り組んでいると。フロアマップや、職員の名札や名刺、コミュニティバスのラッピングのデザインなども幅広く手がけているということです。

こういったプロのデザイナーを新宿区や足立区でも登用しているという実績がありますが、こういったデザイナーの採用について、中央区の御見解をお示しください。",2025,2025/10/09,決算特別委員会,議員
,令和7年　決算特別委員会(第10日　10月9日),奥村委員,奥村暁子,"デザイナーの支援を受けているというのは、デザイナーの方を直接区で採用しているということなのかという点について確認させていただきたいと思います。

広報物だけではなく、先ほども紹介したように、庁舎内の案内といったものも分かりやすいようにしていくという役割も果たす、そういう人材としての幅広い意味での活用というものを求めたいと思うんですが、その点はどうなっているのかということについても御答弁をいただきたいと思います。

続けて、犯罪被害者、性暴力の被害者などに対しての支援ということについて伺います。中央区では、中央区配偶者暴力相談支援センターでＤＶ相談などにも対応していて、ブーケ21にも窓口が設けられていますけれども、こういった中で性暴力に関する相談件数がどの程度あるのか、増減といったことも分かれば、お示しいただきたいと思います。",2025,2025/10/09,決算特別委員会,議員
,令和7年　決算特別委員会(第10日　10月9日),奥村委員,奥村暁子,"デザイナーについては事業者に委託する形だということですが、デザイナーを採用した目黒区などでは、実際に講習会とかセミナーといったものの参加者や集客率が目に見えて上がるという成果が現れているということなので、区でも形式は違っても今、取組を進めているということなので、きちんとそれが成果としてどのように現れているのかとか、数も追いながら発展もさせていっていただきたいですし、デザイナーの採用も今後御検討いただきたいと思います。ぜひ、他区の事例なども研究していただきたいということを要望します。

性暴力の被害については、若い方からＳＮＳ相談を通じて寄せられているということで、こういう相談の方法が広がったことで、若い人が相談できる先、つながり方が新たに生まれたというのは大変よいことだと思います。

今、全国でもこういった性暴力や犯罪被害者の支援に特化した条例を制定するという動きが広がっていて、2024年４月１日の時点では、全国の約50％の自治体がこういった性暴力・性犯罪などに特化した条例を制定しているということです。こういう特化した条例とは、例えば安全で安心なまちづくりを推進する条例のような、一部に犯罪被害者のための施策が規定されているというものではなくて、犯罪被害者の支援に関する事項をきちんと定めた、そういう特化した条例という意味です。こういった条例によって、性被害や犯罪の被害を受けた方に対して見舞金、支援金の支給とか、精神的な被害を受けた方へのカウンセリング費用の助成、無料の法律相談や弁護士費用の助成、住居で犯罪行為が行われた場合にはハウスクリーニング費用を負担するとか、家事や介護費用の助成、配食サービス、一時保育費用や教育関係の費用の助成、貸付制度など、様々な支援策を講じているということです。

中央区でも、ぜひこうした犯罪被害、性被害に特化した条例を定めて支援を進めていただきたいと思いますが、御見解をお示しください。",2025,2025/10/09,決算特別委員会,議員
,令和7年　決算特別委員会(第10日　10月9日),奥村委員,奥村暁子,"特化した条例ではないということですけれども、今、被害がいろいろ全国でも広がっている、そういうものが表面化して見えるようになってきている中では、性犯罪・性暴力などを抜き出した特化条例というものもぜひ考えていくべきだと思います。全国で50の自治体が制定しているということなので、ぜひ中央区でも検討をしていただきたいと思います。

確認なんですが、性暴力などを受けた方への支援というものも条例の中で盛り込まれているということなんですけれども、見舞金とか、無料の法律相談とか、先ほど紹介したような支援が既に行われているということなのかという点もお示しいただきたいと思います。

続いて、ベビーシッター利用支援事業について質問します。この事業も、だんだんと対象を拡大するなどして施策が広がっていっていると思いますが、私としては従来から述べているように、こういった密室での保育の危険というものは大変深刻で、慎重に考えなくてはいけないと思う立場です。これまで中央区の答弁でも、区に指導権限がなくてトラブルには関与できないので、十分区民の方にも理解の上で利用してもらいたいということが繰り返されているんですけれども、そしてまた最終的に事故が起こったとき、密室なので責任の所在が明確ではないということも繰り返し答弁されていると思います。こういう危険があることを区は認識しながら、なぜ徐々にこの制度の対象の拡大などを行っているのか。拡大すべきでないと思うんですが、その点についての御見解をお示しいただきたいと思います。",2025,2025/10/09,決算特別委員会,議員
,令和7年　決算特別委員会(第10日　10月9日),奥村委員,奥村暁子,"犯罪被害については、見舞金なども状況に照らし合わせて出すことは可能だということで進めているということでよいのか。支援に特化したものをちゃんと条例で掲げて、その条例の中でもこういったきちんと金銭を伴う支援なども盛り込んでいくということが必要だと思いますので、これは質問としないで要求にとどめますが、ぜひ今後、特化条例の制定も考えていただきたいと思います。

ベビーシッターについては、東京都の研修もあるということですけれども、仮に質が一定担保されるとしても、密室での保育だという点についての危険性というものは変わらないと思います。

一つ確認なんですけれども、例えば小児性愛者とか、そういう方たちを見極めるとか、そういう仕組みがあるのかどうか、そういう点もお示しいただきたいと思います。

そして、東京都の制度ですけれども、都が制度を設けたからといって、自治体がそれを必ずしも運用しなければいけない、実施しなくてはいけないということではありません。東京都23区でも、４区ではこのベビーシッター制度を実施していないということです。導入していない世田谷区は、ベビーシッターの質の問題とか、あと過去にベビーシッターを利用した別の制度で、民間のベビーシッターを利用した長時間の単独保育の中で問題が発生したというケースもあったということで、ベビーシッターを取り入れていないということです。

なので、私としては、中央区は過去にそういう保育ママの下での乳児の死亡事故なども複数件起きているわけですから、このベビーシッター制度というものを中央区で実施することには反対です。ショートステイや育児支援ヘルパーや預かり保育の拡充などで対応していくべきだと思っています。これは意見として述べておきます。

続いて、放課後等デイサービス事業補助が2024年度の新規事業として実施されました。この間の質疑でも、人口が増えて子供の数なども増える中で、こういった障害児・障害者への支援のニーズは大変高くて、まだ施設なども足りていないので、今後、整備の計画なども立てていくという旨、事業者への聞き取りなども行っているということが述べられていたと思いますけれども、このデイサービスの事業所補助も、家賃補助が月島地域のみであるとか、３年間に限定されているということがあります。不足しているのは月島地域だけではなく、区内全域で、通いたいが、施設がないという方は多くいると思うので、施設を拡充していくためには一番ネックとなる家賃の高さ。この問題を克服していくためには、家賃補助をさらに広げる、そして施設を造っていくということがどうしても必要なのではないかと思いますが、ぜひこの制度の拡充を求めたいと思いますので、御見解をお示しいただきたいと思います。",2025,2025/10/09,決算特別委員会,議員
,令和7年　決算特別委員会(第10日　10月9日),奥村委員,奥村暁子,"ベビーシッターについて、私は反対ですが、言われる主張というのか、それは理解はしたというところです。

放課後等デイサービスについては、まず手を挙げてくれる事業所を広げていく。スピードという意味では、３年間限定と。ずっとの補助にしてしまうということは、今後の事業所の経営などを考えても健全なものではないのではないかということだと思います。スピードアップさせていくという意味では、これは３年間限定だとしても、金額を多少引き上げるとか、月島地域に限定しないということ、それはできるのではないかと思いますので、ぜひ今後見直していくということも求めたいと思います。

次に、放課後等デイサービスを卒業した後の18歳以上の障害のある子供の居場所づくりについて質問します。

都内では1,400か所、放課後等デイサービスがあって、約２万人が通っているということですが、その後18歳以上となった後、放課後等デイサービスに通えなくなった後の居場所がなかなかないということが課題となっているということです。中央区では、18歳以上の居場所についてどのように考えているか。施設がどの程度あるのか、需要に対して供給の割合がどの程度になっているのかという点についてお示しいただきたいと思います。",2025,2025/10/09,決算特別委員会,議員
,令和7年　決算特別委員会(第10日　10月9日),奥村委員,奥村暁子,"自立に向けた取組というのは、時間もかかり、根気も要る作業だと思いますけれども、本当に必要なことであるし、本来であれば、それが一番よいと思います。ただ、なかなか障害の程度や種類によってはどうしても自立にはつながらないという方もいるわけなので、そういった中では居場所をどうつくっていくかということは大変重要だと思います。

国でちゃんと制度も設計していく必要があるということですけれども、国に対しても、既にいろいろ働きかけは実際に行われているということでよいのか、どういった支援を国に求めているのかという点についてお示しいただきたいと思います。検討中ということですが、福祉センターの中でも、もっと夜遅い時間まで預かれるような体制も取っていくという検討もしているということなので、それはぜひ進めていただきたいと思います。

それで人数なんですけれども、お話にあった移動支援事業を実際に利用されている方がどれぐらいいるのか、レインボーハウス明石の利用、また福祉センターの利用も、それぞれどれくらいの人数の方が利用されているのかという点、最初の質問と重なりますけれども、現状ではニーズに対してどの程度あると考えているのかという点についてもお示しいただきたいと思います。

次に、不登校児童・生徒についての対応です。

不登校傾向の児童や生徒に対して、学校内の見守り、また登下校の付添いなどを専門で行う支援員というものを江戸川区で小中学校に順次配置していく取組が進んでいるということです。不登校の登下校などについて、区の関わり、今の仕組みの中でどういったことがあるのか、既にこういう付添いなどが行われているということであれば、どういう形で行われているのかという点についてお示しいただきたいと思います。",2025,2025/10/09,決算特別委員会,議員
,令和7年　決算特別委員会(第10日　10月9日),奥村委員,奥村暁子,"不登校への登下校の支援なども大学生がメンタルサポーターとして行っているということで、確認させていただきました。

利用している子供がどの程度いるのか、評判とか、またそれがスムーズに学校に通うということにかなり寄与しているという評価なのかという点についてもお示しいただきたいと思います。

18歳以上の居場所というのは本当に大きな課題で、今後進めていかなければならない大きな問題だと思います。いろいろ研究もしていただき、また国でそういう法制度を進めるということも本当に大事だと思うので、こういった法整備についても進むように、働きかけをさらに広げていただきたいと思います。

次に、マイナ保険証の問題について質問します。

国がマイナ保険証を推し進めて、2024年12月２日から新規の健康保険証の発行を停止して、マイナ保険証への一本化を強行しましたが、その後も利用をめぐってはいろいろトラブルが絶えないという状況にあると思います。国民健康保険については、東京23区の国民健康保険の加入者の多くが先月９月30日に有効期限切れになったので、医療機関の窓口でも混乱があるのではないかと思いますが、その点についての区の認識をお示しいただきたいと思います。

こういった混乱を避けるために、世田谷区と渋谷区は、国保の加入者全員にマイナ保険証の有無にかかわらず資格確認書を発行しました。渋谷区が７月中にもう一斉発送したということで、世田谷区も９月末に間に合うように発送したということです。それに加えて、港区は、全員への一律交付ではないけれども、この10月１日の一斉更新以降、希望者全員に資格確認書を交付するという対応を取っているということです。

中央区で９月末に有効期限を終えた人の人数をお示しいただきたいのと、区民からの問合せ、医療機関からの声、そして中央区でも一斉発送というのは間に合わないかと思うんですけれども、港区のように希望者には資格確認書を交付していくとか、そういう対応を求めたいと思いますが、御見解をお示しください。",2025,2025/10/09,決算特別委員会,議員
,令和7年　決算特別委員会(第10日　10月9日),奥村委員,奥村暁子,"不登校児童の送迎というのは週１回程度利用している子供が多く、小学校14名、中学校で２名ということなんですけれども、これはメンタルサポーターをもっと増やす余地はあるのか、もっと増やせれば、週１回に限らず、もっと週に二、三回とか、一緒に付き添ってもらって学校に通える子供が増えてくるということにつながるのかなと思うんですけれども、人数の拡充、また希望してもメンタルサポーターをつけることができないというお子さんがいたりするのかという点についてもお示しいただきたいと思います。

マイナ保険証の資格確認書については、自治体ごとにやり方がばらばらだとかえって混乱するという御答弁もありましたが、マイナ保険証の制度自体に不備があって、国が後手後手だということが根本にあると思っています。マイナ保険証に一本化すると言いながら、後期高齢者の方には全員に資格確認書を交付するという対応を急遽取るということ自体にも混乱が現れていますし、国民健康保険についても、だったら後期高齢者の方と同じように国で一斉に発送するという対応を取ればいいのではないかと私は考えます。

でも、中央区では、現状であまり混乱の声などは届いていないということなのですが、いろいろマイナ保険証をめぐってもトラブルが多いということを言われていますので、相談などが寄せられた際には丁寧に対応していただきたいということを求めたいと思います。

マイナ保険証の問題では、９月19日から厚労省が、マイナンバーカードを搭載したスマホをマイナ保険証として利用できるというサービスを始めましたけれども、なかなかスマホに対応する医療機関が少ないということも言われています。マイナ保険証をスマホで使うためには、スマホに対応した特別なカードリーダーも用意しなければならないということですが、このカードリーダーの購入に対しての補助制度も８月下旬に申請の受付が始まったという状態で、もう９月19日から制度がスタートと。これにもまた国の後手後手の対応が見てとれるんですけれども、スマホのマイナ保険証に対応している区内での医療機関の割合がどの程度あるのかということと、区民や医療機関からの声や反応ももしあるようでしたら、お示しいただきたいと思います。",2025,2025/10/09,決算特別委員会,議員
,令和7年　決算特別委員会(第10日　10月9日),奥村委員,奥村暁子,"不登校や行き渋りへの支援は、ぜひしっかりやっていただきたいと要望します。

スマホのマイナ保険証に対応する医療機関の数というのは、後ほど数が分かればお知らせいただきたいと思います。

続いて、公園や公衆便所についてお聞きします。区民の方から公園などに関わる要望も寄せられているので、幾つか紹介させていただきたいと思います。

まず桜川公園について、狭い場所にレストランが３軒で、圧迫感があると計画を見て感じるんだけれども、公園を利用する近隣の保育園とか住民への説明会もぜひ実施して、意見聴取をしてほしいという要望があります。また、遊具などは設置の予定だけれども、ボール遊びなども含めて、体を動かしたり、走り回れるスペースというものを整備してほしいという声もあるので、それについての御見解も示していただきたいと思います。

また、ブーケ21の上にある桜川屋上公園の整備について何か検討はあるのかという点も、区民の方から意見として出されています。

それと、夏の暑さについて、じゃぶじゃぶ池は、夏の猛暑だと熱中症警戒アラートが発令されて外遊びができなくなってしまうので、利用できる期間を６月から10月までに延長するなど長くしてほしいという意見、そして中央区の公園はなかなか木陰ができるような大きな樹木が少ないということがあるので、日よけの設置も検討してほしいという声が出されています。

それぞれ御答弁をいただきたいと思います。",2025,2025/10/09,決算特別委員会,議員
,令和7年　決算特別委員会(第10日　10月9日),奥村委員,奥村暁子,"桜川公園については、公園管理運営部会というものも既に３回開かれているということで、こういう中にも地域の保育園の代表、園長なのか、そういう方なども入れてほしいなと思っていたんですけれども、町会なども通じて、また区のほうでも訪問しながら、こういった保育園などからの意見は聞いているということですので、それは安心しました。一度だけでなく、複数回、またこういった保育園なども訪問しながら、その都度要望を聞き取っていただきたいなと思います。

公園もなかなか中央区で十分な広さが確保できないという中では、桜川公園は大変貴重なので、これまでの繰り返しになりますけれども、私としてはこういうレストランなどで場所を取るのではなく、広く使えるように、緑のスペース、遊べるスペースこそ増やすべきだと考えています。

夏の暑さについては、じゃぶじゃぶ池の利用期間の検討も当然今後必要になってくることだと思うので、ぜひ対応していただきたいと思います。本当に夏はお湯だということで、使ってもひんやり冷たくて気持ちいいという状況ではないということもあるので、水の入替えなども小まめにしながら冷たさを保つような工夫といったものもぜひ考えていただきたいと思いますし、日よけについてもいろいろ制限はあるかと思いますが、できる範囲でできるだけ日陰をつくっていただきたいと要望させていただきます。

公衆便所に関しては、幼児用の簡易なものでいいので、補助の便座の設置を進めてほしいという声もあるので、これについての御答弁もいただきたいと思います。

そして、公衆便所で清掃が十分とは言えないと思われるところもあるので、清掃の強化を要望する声もいただいているので、その対応についても御見解をお示しください。

そして、公園のベンチなんですけれども、これは佃公園なんですが、木製のベンチがもう木が劣化してぼろぼろになっていて、テープで巻かれて使用できない状態がかなり長く続いているんですけれども、こういうものがなぜすぐに改修されないのか。こういった改修が進んでいない、放置されているような状況にあるところがほかにも区内であるものなのかどうかという点についてもお示しいただきたいと思います。",2025,2025/10/09,決算特別委員会,議員
,令和7年　決算特別委員会(第10日　10月9日),奥村委員,奥村暁子,"公衆トイレも公園も気持ちよく利用できるように、ぜひしっかり対応していただきたいと思います。

幼児用の簡易便座、補助便座については19か所で整備されているということなんですけれども、便座に設置するタイプのものではなくて、便座にパコッと載せて利用できるような簡易なものもあるので、そういうものであればもっと速いスピードで設置も進められるのではないかと思うので、ぜひもっと多くの公衆便所でそういった子供用、幼児用の便座の設置を求めたいと思います。よろしくお願いします。

次に、区営住宅についてです。区民の方が区営住宅に引っ越されたんですけれども、その際、区営住宅に風呂釜が設置されていなくて、自己負担でつけるよう言われたということで、これが特殊なケースということではなく、区営住宅というのはそうやって風呂釜というものは自分で設置するという仕組みになっているのかという点についてお示しいただきたいと思います。

それと、コミュニティファンドについて、今、従前居住継続として利用されているところが５か所だと思いますが、この５か所以外にも区内では再開発が多く行われているわけですけれども、この５か所以上に拡大しないというのは何か理由があるのかという点についてお示しいただきたいと思います。",2025,2025/10/09,決算特別委員会,議員
,令和7年　決算特別委員会(第10日　10月9日),奥村委員,奥村暁子,"区営住宅の件ですけれども、同じ区営住宅でも、既に風呂釜があるというか、ユニットバスが改修もして設置されているところと、自分でつけなくてはならないところがあるというのは、何か公平性の観点からもどうかなと思いますし、実際、金銭的な負担も大きいと思うので、風呂釜ぐらいは区のほうでちゃんと設置して区民に貸し出すという対応は取れるのではないかと思います。都営住宅でも自分で風呂釜を設置するというケースはないと思うんですけれども、都営住宅などは全部そういう設置がされているのではないかと思うんですが、その点についても確認したいので、お示しいただきたいと思います。

居住継続援助事業については、組合側からそういう申出があれば、コミュニティファンドを使って居住継続を行う対応を取るということのようなんですけれども、組合からというよりも、もともと住んでいる借家人の方からそのままその場所で居住したいという要望があれば、そういう施設は、再開発後の建物の中で従前の居住者が住まえるようにしていくべきだと思うんですが、その点についての御見解をお示しいただきたいと思います。

居住の継続を希望する方は、組合のほうで区に申出などがなくて居住継続援助事業に組み込まれなかった場合には、そういった方たちはどこに行ってしまうのか。もともとこのコミュニティファンドでの支援策というのは、従前の家賃で新たにその上に建ったマンションの中にもそのまま継続して住めますという仕組みだと理解していたんですけれども、そうではない、住めない方もいるということなのか、その点について確認をさせていただきたいと思います。",2025,2025/10/09,決算特別委員会,議員
,令和7年　決算特別委員会(第10日　10月9日),奥村委員,奥村暁子,"区営住宅については、今後、月島四丁目住宅は大規模改修の際にということですけれども、とにかく風呂釜がついているという状態でちゃんと貸せるような状況にするのが当然の対応なのではないかなと思うので、これは早急に検討いただきたいということを要望します。

コミュニティファンドの居住継続については、これまで吉田副区長からも、中央区は追い出さない開発というのをずっとやってきて、このコミュニティファンドという仕組みも全国で初めて中央区が生み出した方式であって、居住の継続を希望する人はちゃんと皆さん住んでいただけているんだという答弁があったかと思うんです。でも、実態としては他区に出ていかなくてはいけないということがあったということだと、これまでの答弁とは違うのではないかと思います。なので、そのあたり、なぜこれまでそういう答弁が続いてきたのかという点について御説明いただきたいと思います。

区民の方から、区に要望があればこういう仕組みもお伝えするということで、再開発組合などとも話し合いながらということですけれども、区民の方がそもそもこの制度をきちんと知っているかということでいうと、まだまだ認知度が低いと思います。そういう中では、借家人の方が区に声をかけるとか、組合側にこの制度を使いたいとか、積極的なそういう申出があるということもなかなか考えづらいのかなと思うので、借家人の方にはちゃんとこの制度を周知していくということが必要ではないかと思いますので、その点について御見解をお示しいただきたいと思います。",2025,2025/10/09,決算特別委員会,議員
,令和7年　決算特別委員会(第10日　10月9日),奥村委員,奥村暁子,"いろいろ御説明はあったんですけれども、借家人の方が区外に転居するなどということが結果として起こっているのであれば、区民を誰一人として追い出さない、そういう開発を区はやってきたんだということとは話が違うと思います。借家人の方がきちんと住み続けられるような制度にしていくことが必要だと思います。

質問もいろいろあるんですけれども、もう時間もないので、ここで質問は終了したいと思います。ぜひ、お金のある方だけが住める中央区ではなく、きちんと住み続けたいという方が住み続けられるようなまちにしていくように、家賃支援の補助とか、様々な方法を考えていただきたいということを強く要望して、質問を終わります。",2025,2025/10/09,決算特別委員会,議員
,令和7年　決算特別委員会(第10日　10月9日),奥村委員,奥村暁子,"令和６年度中央区各会計歳入歳出決算の認定に対する日本共産党中央区議会議員団の態度表明を行います。

異常な物価高騰が続き、区民の生活も厳しさを増しています。党区議団が３月に実施した区民アンケートで、この１年間で暮らし向きはどうなりましたかでは、「苦しくなった」、「苦しい状態で変わらない」が合わせて７割に上っています。

物価高騰に賃金が追いつかず、働く人の実質賃金は３年連続マイナスです。国は、物価高騰に最も効果のある消費税減税に背を向け続けています。年金、医療、介護など、社会保障もあらゆる分野で危機に陥っており、特に昨年度、政府が訪問介護の基本報酬を２％から３％削減したことでヘルパーなどの不足と事業所の閉鎖が進み、区内でも介護事業所が突然閉鎖となる事態となっています。

東京都政では、国際競争に勝ち抜く、稼ぐ東京をつくることを主眼にして、築地市場跡地を含む臨海地域の東京ベイまちづくり戦略の大規模開発や、外かく環状道路など大型道路建設を財界ファーストで進めています。中央区に求められるのは、こうした国や都の悪政から区民生活を守る防波堤の役割をしっかり果たし、公助の力を最大限発揮することです。

日本共産党区議団は、2024年度の予算編成の際、916項目の予算要望書を区長に提出し、積極的に予算化するよう求めました。

2024年の予算執行には、幼稚園弁当給食の開始や幼稚園預かり保育の充実、区内共通買物・食事券の拡充、感震ブレーカー無償配布など、評価できる施策もありますが、抜本的な見直しが求められる課題が多くあると考えます。

予算編成から決算審議までの経過を含め、日本共産党中央区議団は、決算案について総合的に検討した結果、議案第83号、令和６年度中央区各会計歳入歳出決算の認定に反対します。

以下、その理由を述べます。

まず、一般会計についてです。

第１に、情報公開手数料は23区で中央区のみが徴収していますが、手数料負担で区民の知る権利を阻害することになることは問題です。

第２に、マイナ保険証の不備が次々と明らかになる中、決算年度には、マイナンバーを利用することができる事務に認可外保育施設保育料の交付に関する事務を加えたり、健康保険証とマイナンバーカードを一体化させるため国民健康保険条例を改正するなど、マイナンバーカードの活用範囲が広げられました。利便性と引換えに命と健康が脅かされることや、個人情報流出の危険を避けることが必要です。

第３に、防災対策が不十分です。住民の９割がマンション住まいだという中央区の特性を踏まえ、マンションの耐震改修工事に対する助成拡充が必要です。

第４に、築地市場跡地は、能登半島地震での災害対策の課題も踏まえ、防災公園としても活用できるよう、広大な緑地として整備すべきです。地域遺産として浴恩園の保存も視野に、発掘調査に中央区が主体的に関わっていくことを求めます。

第５に、決算年度には、市街地再開発に伴い、日本橋一丁目東地区や室町一丁目地区の区道廃止が行われました。区民の貴重な財産である区道を廃止し、特定企業の利益を最大化する開発に区が協力することは問題です。

第６に、決算年度には９つの市街地再開発事業に約263億円の予算が投じられました。超高層タワーマンションやオフィスビルが環境にかける負荷や、地価や不動産価格の高騰を招き、困窮世帯が住まいを失うなどの影響も看過できません。管理不全となるマンションが問題となる中、再開発よりも既存マンションの維持・管理にこそ力を注ぐべきです。

第７に、困窮世帯や高齢者世帯が安心して住み続けられるよう、住宅供給の拡充や、補助制度を創設するなどして、住み続けられるまちとすることを求めます。

第８に、ベビーシッター利用支援事業は見直すべきです。ベビーシッターの質が担保されるとは言い難く、事故が起こったときの責任の所在が明確でないなど、密室での保育は危険を伴います。ショートステイや預かり保育の拡充などでニーズに応えることが必要です。

第９に、介護事業所への支援が不十分です。廃業などを招かないよう、職員への家賃支援拡充や、施設整備への支援を行い、施設数を増やしていくことが求められます。

第10に、年々増加する障害児・障害者のニーズに応えるため、放課後等デイサービスやグループホームなどの施設を拡充すべきです。

第11に、教員不足を解消するためにも、教員の労働時間の短縮が必要です。余剰時数の削減や、学習力サポートテスト中止など、教員の負担軽減を図るべきです。

第12に、教育費の保護者負担の軽減を図ることを求めます。義務教育は無償の立場で、学用品の無償化や共同利用を進めることが必要です。

次は、特別会計についてです。

国民健康保険料は、2024年度の１人当たり保険料が16万7,962円となり、前年から約２万2,000円の大幅値上げとなりました。20年間で1.85倍という引上げ幅です。特別区として、一般財源からの法定外繰入れを2026年度になくす計画を中止すること、繰入金をさらに投入するなどの努力を行い、国や都の補助を増やして、保険料そのものを引き下げていくことを求めます。

介護保険料は、24年度も値上げされました。保険料を納めているのに、必要なときに必要なサービスが受けられない、保険あって介護なしという公的制度として、重大な機能不全に陥っています。

物価高騰対策として実施した介護サービス事業所への補助金など、支援をさらに拡充することを求めます。必要な介護サービスをお金の心配なく受けられるよう、制度を改善すべきです。

後期高齢者医療保険料は、昨年度、過去最大の値上げとなり、１人当たり年間約11.1万円に上りました。物価高騰に苦しむ高齢者が窓口負担増で受診控えとならないよう、減らし続けてきた国庫負担を元に戻し、さらに増額もして、医療制度をしっかり支えることが求められます。

以上、各会計歳入歳出決算の認定に対する反対の理由を述べ、日本共産党中央区議会議員団の態度表明を終わります。",2025,2025/10/09,決算特別委員会,議員
,令和7年　決算特別委員会(第5日　10月2日),河合保健所長,山本理恵,"１歳６か月児健診についてでございます。

まず、内科の検診につきましては、医療機関で実施いただくことで、保護者の方が都合のいい日、時間に受診していただけるということがございます。また、小児の場合、予防接種を早い時期からたくさん打っていただく必要がございまして、そういった関係で、早い時期から、赤ちゃんのときから、かかりつけ医というような形で小児科の先生と関わっていただくことが多くございますので、１歳６か月児健診につきましても、かかりつけの医療機関のほうで受診していただけるというような流れで、このような形になっている部分もございます。

一方で、歯科健診でございますが、歯が生えてくる時期というものがございますので、まだ１歳６か月児の時点では、かかりつけ歯科医を持っていないお子さんが多くいらっしゃるという事情もございますし、また、直営で実施させていただくことで、歯科以外の部分、発達ですとか、御家族の状況などもこちらのほうで把握させていただけるというメリットもございますので、直営で実施させていただきつつ、かかりつけ歯科医を持っていただくような動機づけもさせていただけるというようなことで、このような体制で実施させていただいているものでございます。",2025,2025/10/02,決算特別委員会,理事者
,令和7年　決算特別委員会(第1日　9月25日),海老原委員,海老原崇智,委員長一任の声がありましたので、それについての採決するなど、進行を進めるようお願いいたします。,2025,2025/09/25,決算特別委員会,議員
,令和7年　決算特別委員会(第2日　9月29日),海老原委員,海老原崇智,まず、総括説明を受けた後、一般会計歳入の決算より質疑に入り、その後、一般会計歳出の決算について、各款ごとに質疑を進め、企画費、総務費、また公債費、諸支出金、予備費はそれぞれ一括質疑とすることとし、続いて国民健康保険事業会計、介護保険事業会計及び後期高齢者医療会計の３特別会計につきましては、歳入歳出決算を一括質疑し、その後に総括質疑、態度表明を行うという順序で審査を進めるようお諮り願います。,2025,2025/09/29,決算特別委員会,議員
,令和7年　決算特別委員会(第2日　9月29日),海老原委員,海老原崇智,総括説明が終わりましたので、一般会計歳入の質疑に入るようお諮り願います。,2025,2025/09/29,決算特別委員会,議員
,令和7年　決算特別委員会(第2日　9月29日),海老原委員,海老原崇智,ただいま一般会計歳入の質疑半ばでありますが、暫時休憩し、午後１時に委員会を再開されるようお諮り願います。,2025,2025/09/29,決算特別委員会,議員
,令和7年　決算特別委員会(第2日　9月29日),海老原委員,海老原崇智,一般会計歳入の質疑も終了したと思われますので、次に、一般会計歳出の質疑に入るようお諮り願います。,2025,2025/09/29,決算特別委員会,議員
,令和7年　決算特別委員会(第2日　9月29日),海老原委員,海老原崇智,一般会計歳出の理事者の説明も終了したと思われますので、次に、第１款「議会費」の質疑に入るようお諮り願うとともに、暫時休憩し、午後２時45分に委員会を再開されるようお諮り願います。,2025,2025/09/29,決算特別委員会,議員
,令和7年　決算特別委員会(第2日　9月29日),海老原委員,海老原崇智,第１款「議会費」の質疑も終了したと思われますので、次に、第２款「企画費」及び第３款「総務費」の質疑に入るようお諮り願います。,2025,2025/09/29,決算特別委員会,議員
,令和7年　決算特別委員会(第2日　9月29日),海老原委員,海老原崇智,ただいま第２款「企画費」及び第３款「総務費」の質疑半ばでありますが、本日はこの程度とし、明30日午前10時に委員会を開会されるようお諮り願います。,2025,2025/09/29,決算特別委員会,議員
,令和7年　決算特別委員会(第3日　9月30日),海老原委員,海老原崇智,ただいま第２款「企画費」及び第３款「総務費」の質疑半ばではありますが、暫時休憩し、午後１時に委員会を再開されるようお諮り願います。,2025,2025/09/30,決算特別委員会,議員
,令和7年　決算特別委員会(第3日　9月30日),海老原委員,海老原崇智,第２款「企画費」及び第３款「総務費」の質疑も終了したと思われますので、次に、第４款「区民費」の質疑に入るようお諮り願うとともに、暫時休憩し、午後２時40分に委員会を再開されるようお諮り願います。,2025,2025/09/30,決算特別委員会,議員
,令和7年　決算特別委員会(第3日　9月30日),海老原委員,海老原崇智,ただいま第４款「区民費」の質疑半ばではありますが、本日はこの程度とし、明10月１日午前10時に委員会を開会されるようお諮り願います。,2025,2025/09/30,決算特別委員会,議員
,令和7年　決算特別委員会(第4日　10月1日),海老原委員,海老原崇智,ただいま第４款「区民費」の質疑半ばでありますが、暫時休憩し、午後１時５分に委員会を再開されるようお諮り願います。,2025,2025/10/01,決算特別委員会,議員
,令和7年　決算特別委員会(第4日　10月1日),海老原委員,海老原崇智,第４款「区民費」の質疑も終了したと思われますので、次に第５款「福祉保健費」の質疑に入るようお諮り願います。,2025,2025/10/01,決算特別委員会,議員
,令和7年　決算特別委員会(第4日　10月1日),海老原委員,海老原崇智,ただいま第５款「福祉保健費」の質疑半ばではありますが、暫時休憩し、午後３時５分に委員会を再開されるようお諮り願います。,2025,2025/10/01,決算特別委員会,議員
,令和7年　決算特別委員会(第4日　10月1日),海老原委員,海老原崇智,ただいま第５款「福祉保健費」の質疑半ばではありますが、本日はこの程度とし、明２日午前10時に委員会を開会されるようお諮り願います。,2025,2025/10/01,決算特別委員会,議員
,令和7年　決算特別委員会(第5日　10月2日),海老原委員,海老原崇智,ただいま第５款「福祉保健費」の質疑半ばではありますが、暫時休憩し、午後１時に委員会を再開されるようお諮り願います。,2025,2025/10/02,決算特別委員会,議員
,令和7年　決算特別委員会(第5日　10月2日),海老原委員,海老原崇智,第５款「福祉保健費」の質疑も終了したと思われますので、次に、第６款「環境土木費」の質疑に入るようお諮り願うとともに、暫時休憩し、午後２時35分に委員会を再開されるようお諮り願います。,2025,2025/10/02,決算特別委員会,議員
,令和7年　決算特別委員会(第5日　10月2日),海老原委員,海老原崇智,ただいま第６款「環境土木費」の質疑半ばではありますが、本日はこの程度とし、明３日午前10時に委員会を開会されるようお諮り願います。,2025,2025/10/02,決算特別委員会,議員
,令和7年　決算特別委員会(第6日　10月3日),海老原委員,海老原崇智,ただいま第６款「環境土木費」の質疑半ばでありますが、暫時休憩し、午後１時に委員会を再開されるようお諮り願います。,2025,2025/10/03,決算特別委員会,議員
,令和7年　決算特別委員会(第6日　10月3日),海老原委員,海老原崇智,第６款「環境土木費」の質疑も終了したと思われますので、次に、第７款「都市整備費」の質疑に入るようお諮り願います。,2025,2025/10/03,決算特別委員会,議員
,令和7年　決算特別委員会(第6日　10月3日),海老原委員,海老原崇智,ただいま第７款「都市整備費」の質疑半ばでありますが、暫時休憩し、午後３時に委員会を再開されるようお諮り願います。,2025,2025/10/03,決算特別委員会,議員
,令和7年　決算特別委員会(第6日　10月3日),海老原委員,海老原崇智,ただいま第７款「都市整備費」の質疑も終了したと思われますので、次に、第８款「教育費」の質疑に入るようお諮り願うとともに、本日はこの程度とし、明４日、明後５日を休会とし、来る10月６日午前10時に委員会を開会されるようお諮り願います。,2025,2025/10/03,決算特別委員会,議員
,令和7年　決算特別委員会(第7日　10月6日),海老原委員,海老原崇智,ただいま第８款「教育費」の質疑半ばではありますが、暫時休憩し、午後１時に委員会を再開されるようお諮り願います。,2025,2025/10/06,決算特別委員会,議員
,令和7年　決算特別委員会(第7日　10月6日),海老原委員,海老原崇智,ただいま第８款「教育費」の質疑半ばではありますが、暫時休憩し、午後２時55分に委員会を再開されるようお諮り願います。,2025,2025/10/06,決算特別委員会,議員
,令和7年　決算特別委員会(第7日　10月6日),海老原委員,海老原崇智,第８款「教育費」の質疑も終了したと思われますので、次に、第９款「公債費」、第10款「諸支出金」及び第11款「予備費」について、一括して質疑に入るようお諮り願います。,2025,2025/10/06,決算特別委員会,議員
,令和7年　決算特別委員会(第7日　10月6日),海老原委員,海老原崇智,ただいま第９款「公債費」、第10款「諸支出金」及び第11款「予備費」の質疑半ばではありますが、本日はこの程度とし、明７日午前10時に委員会を開会されるようお諮り願います。,2025,2025/10/06,決算特別委員会,議員
,令和7年　決算特別委員会(第8日　10月7日),海老原委員,海老原崇智,一般会計歳出決算の質疑も終了したと思われますので、次に、国民健康保険事業会計歳入歳出決算、介護保険事業会計歳入歳出決算並びに後期高齢者医療会計歳入歳出決算につきまして、一括して質疑に入るようお諮り願います。,2025,2025/10/07,決算特別委員会,議員
,令和7年　決算特別委員会(第8日　10月7日),海老原委員,海老原崇智,３特別会計歳入歳出決算の質疑も終了したと思われますので、次に、総括質疑に入るようお諮り願います。,2025,2025/10/07,決算特別委員会,議員
,令和7年　決算特別委員会(第8日　10月7日),海老原委員,海老原崇智,ただいま総括質疑の質疑半ばでありますが、暫時休憩し、午後１時10分に委員会を再開されるようお諮り願います。,2025,2025/10/07,決算特別委員会,議員
,令和7年　決算特別委員会(第8日　10月7日),海老原委員,海老原崇智,ただいま総括質疑の質疑半ばではありますが、暫時休憩し、午後３時20分に委員会を再開されるようお諮り願います。,2025,2025/10/07,決算特別委員会,議員
,令和7年　決算特別委員会(第8日　10月7日),海老原委員,海老原崇智,ただいま総括質疑の質疑半ばではありますが、本日はこの程度とし、明８日午前10時に委員会を開会されるようお諮り願います。,2025,2025/10/07,決算特別委員会,議員
,令和7年　決算特別委員会(第9日　10月8日),海老原委員,海老原崇智,ただいま総括質疑の質疑半ばではありますが、暫時休憩し、午後１時５分に委員会を再開されるようお諮り願います。,2025,2025/10/08,決算特別委員会,議員
,令和7年　決算特別委員会(第9日　10月8日),海老原委員,海老原崇智,ただいま総括質疑の質疑半ばでありますが、暫時休憩し、午後２時に委員会を再開されるようお諮り願います。,2025,2025/10/08,決算特別委員会,議員
,令和7年　決算特別委員会(第9日　10月8日),海老原委員,海老原崇智,ただいま総括質疑の質疑半ばではありますが、本日はこの程度とし、明９日午前10時に委員会を開会されるようお諮り願います。,2025,2025/10/08,決算特別委員会,議員
,令和7年　決算特別委員会(第10日　10月9日),海老原委員,海老原崇智,ただいま総括質疑の質疑半ばではありますが、暫時休憩し、午後１時に委員会を再開されるようお諮り願います。,2025,2025/10/09,決算特別委員会,議員
,令和7年　決算特別委員会(第10日　10月9日),海老原委員,海老原崇智,総括質疑も終了したものと思われますので、次に各会派の態度表明を行うようお諮り願うとともに、暫時休憩し、午後２時５分に委員会を再開されるようお諮り願います。,2025,2025/10/09,決算特別委員会,議員
,令和7年　決算特別委員会(第10日　10月9日),海老原委員,海老原崇智,来る16日午前11時に開会されるようお諮り願います。,2025,2025/10/09,決算特別委員会,議員
,令和7年　決算特別委員会(第6日　10月3日),吉田副区長,田中広一,"運転手不足についてのお話なんですけれども、これが結構深刻でございますのは、運転手自体が取り合いなんですよ。今、現実の問題として、東京都の中において一番運転手の条件がいいのは東京都交通局なんですよ。その一番条件のいいところでも人手不足が起きていて、減便が起きているという現状でございます。正直に言うと、一朝一夕になかなか解決がつかない問題に現実にはなっているわけでございます。

委員御指摘のように、これからもいろいろな開発がめじろ押しでございますし、また、安全な運送ということからすれば、基本的なバスなどの運輸機関が今後も必要であることは明らかでございますので、そういった部分について、東京都のみならず、国等も含めて深刻にこの問題を解決するための方向性を少し探っていかなきゃいけないというのが現状だと思っております。

その辺、あらゆる機会を捉えて、そういうお話合いを今後させていただきたいと思っておりますが、実際のところを言いますと、今、国でも都でも、正直言うと、人手不足という本質的な問題のところで、基本的にはもう頭をかいているところが実態でございますので、その部分も含めながら、我々地方自治体としても声を上げていくということをあらゆる機会を通じてやっていきたいと思っておりますので、よろしくお願いします。",2025,2025/10/03,決算特別委員会,理事者
,令和7年　決算特別委員会(第6日　10月3日),吉田副区長,しらす夏,この点で誤解をされたくないんですが、あくまで大熊町が町をどう再生するかという主体性は、大熊町にあるわけでございます。町自体の再生計画の中で、基本的には再生可能エネルギーに町の復興の方向を定めていくという流れの中で、阿武隈山系を利用した風力発電と太陽光パネルというところを軸として復興していくというのは、これは大熊町の主体性でございますから、その部分を我々としてはサポートしていくというところが基本でございますので、その点は御理解をいただきたいと思います。,2025,2025/10/03,決算特別委員会,理事者
,令和7年　決算特別委員会(第6日　10月3日),吉田副区長,竹内幸美,"都市力を高めるとか、国際間の都市競争に勝てる力をとかという話があるわけですけれども、私はそれ以前に、うちの区としては、この間も委員会で申し上げたんですが、やっぱり築地市場の跡地、現在の跡地に至るまで40年間、いろんな形で騒いできているわけですよ。騒いでと言っては申し訳ないけど、正直言って市場移転の反対運動から始まって、それがずっとそれなりに地域の中に亀裂も残しながらやってきた開発でございます。

ですから、基本的には我々の区の本当に40年間の営み、その中には、途中で人口が回復してきたとかという流れも含めて、中央区として、あの跡地の今まで抱えてきた歴史を含めて考えると、そう簡単に当たり前の開発で、ああ、スタジアムができましたね、ビルが建ちましたねというのでは、気持ちとして済まないようになっている。

国際都市というようなこと以前に、我々がそれなりに必死になって、地域の経済も考えながら、市場があるべき、あらざるべきというようなところも含めてかなり議論をしてきて、熱い思いをかけてきた土地ですから、その土地が、私どもの区の、今この中央区の区全体のブランドイメージを上げるようなものであって、同時にそれが国際的に通用するものであるような形が基本的には望ましいんだろうというふうに思うし、望ましいという以前に、そうでなきゃ困るような、それなりにやってきた歴史からして、そうあってほしいと思っています。

実際のところを言うと、かなり優れた立地だと思っておりまして、やっぱり羽田から、正直言って直近でございまして、今の道路事情の中でも、午前中の10時頃であれば、あの築地からは20分ぐらいで羽田に行けるだろうと思います。ただ、現実の問題として、東京湾というものの存在を考えますと、実態的には、高速道路の閉鎖とか何か行わずに、羽田から直、築地に入ってくるような状態が、船とかヘリコプターでは考えられるわけですから、そういうものを考えると、かなり非常に便利な土地であるとは一面言える。

ただし、土地そのものが置かれているロケーションを考えますと、東京湾に囲まれているということが裏目に出ていまして、敷地の２面が水面なんですよ。残り２面しか陸上とつながっていない。それは陸上交通上のある種の欠点なんでしょうね。だから、そういう意味で、例えば東京ドームの立地にございますように、東京ドームなんかは、敷地の三方に大量輸送機関を抱えているわけですけれども、基本的に私どものこの築地は、どちらかと言うと敷地の上方に、西側のほうに全部大量輸送機関が集中しているような状態でございますから、今度は車の部分では、陸地と２辺しかつながっていない。それから、人の交通という形でいくと、いわゆる西側の部分に大量輸送機関が集中している。

そういう部分があるので、そこのところを基本的には克服できるような計画を立てないと、いわゆる国際的な都市力というのも大事ですけど、それ以前に敷地の改善ができないだろうと。そこのところをきちっとやろうよというのは、まず何よりも大前提だと思っています。

そういうふうな交通の問題をきちっと整理して、そこにいろいろな施設が入ってきても現在の中央区の営みが阻害をされない、ますます発展する環境をつくる、その土台づくりをひとまずやらなきゃいけない。そこをきちっとやっておけば、冒頭で申し上げた、羽田と東京湾を隔ててくっついているという利点がますます、例えば生きてくるんじゃないか、そういう都市力として生きてくるのではないかと思っています。

そういうものを考えておりますし、かつ基本的には東京都が、一応あそこは国際的な交流の場所だというふうに指名をしていることもございますから、そういう土地の持っている利点を生かしつつ、国際交流の拠点となるような部分は、実質的にそこのところはきちっとやっていかなきゃいかんだろうと。そういうものを貫いていくことが、逆に今の都市の力を上げることなんだろうと。

それは、変なふうな言い方ですけど、今、トランプさん、プーチンさん、習近平さんとかいろいろ力の政治がばっこしている中で、いわゆる庶民レベルの国際的な交流をきちっと築地でやれるよ、世界中の人が集まってくるよというようなことを地道に世界に発信していくことが、例えばできるなら、大変幸いだと思っているし、そういう部分を国、東京都が認めながら、このプロジェクトを、例えば推進してくれることが大事だろうと。また、そういうことであれば、我々の40年間のいろいろこれまでこの土地にかけてきた思いが、ある種報われるんじゃないだろうかと。そういうことも含めて、真の国際交流の拠点になっていくことも、やっぱり大事なことだと思っています。

何度か申し上げていますが、共存共栄と申し上げている部分というのは、基本的には交通でございます。そのほかに、社会的な意義という部分については、基本的には国際交流イコール平和だと思いますし、そういうものを希求する我々の姿が、ここから世界に向かって、あまり強い光じゃないかもしれないけど、じんわりと広がっていくようなことがあるならば、大変幸せなんじゃないかと、そういうふうに思っています。",2025,2025/10/03,決算特別委員会,理事者
,令和7年　決算特別委員会(第6日　10月3日),吉田副区長,竹内幸美,"今そのスケジュールについて、基本的には語れる人はいないと思うんですね。決まらないんです、今の時点では。ただし、今おっしゃったように、随時随時やっていかなきゃいけないもんだけれども、それの部分について見通しを立てるということの基本的な計画づくりに今、苦心している。

だから、ここ２年ぐらいの間に、それなりのこういうスケジュールになりますよというのは一応決まっていく。そのときに都市計画の原案も一応固まっていく。そうなると、これから、例えば６年後とか７年後に第１期はできますよとか、さらにその先に行ったときに、最終的な工区の部分ができますけれども、そのときは、例えば地下鉄新線の築地駅の整備も一緒にやりますよとか、そういうような部分は決まっていかなきゃいけないと思っているわけです。

実は、かなり固定的に、何年の何月までとかいうことはなかなか言える環境にはならないと思う。その部分については少し大枠の手順計画でお示しすることになるだろうと思うんですが、そういう手順の計画そのものも、それを作成するのに１年半なり２年なりかかっていくだろうと思っています。と申しますのは、実は、ここは先日、私どもは、歩行者のネットワークだけでもこれだけのものをつくらなきゃ駄目だよというふうに、一応世間にお示ししたわけですが、工事期間中も半端のない人と物の流れが出てきますから、そういったものが支障を与えないような計画をどういうふうに立てられるか、これまた実は、いろいろな様々な要素に左右されるわけでございます。

単純に申し上げますと、これは本気でそうなんですけど、今、築地のところは市場の外側に港があるようになっていまして、直立の護岸が建っています。あれは結局、スーパー堤防を造りますよと言っているわけですよ。スーパー堤防を造るのはいいんですが、スーパー堤防を造るときに、１区画だけは空けておいてもらわないと、私ども、海のほうから資材入れろとか、土を搬出しろとか言わなきゃいけないものですから、例えば全部先に擁壁を造られちゃうと、海から入れられませんから、建築資材とか、途中、土を出すということもできなくなります。

そういう部分については、基本的にはあそこの堤防整備の関係者、これは東京都建設局になるんですが、そこの部分と相談をして、ここの区画はこういうふうに空けて造っていこうとか何かということをやらなきゃいけない。それが、ある部分を固定的に空けるのか、順次造っていきながら、少しずつ開けている部分を移動するのかとかという調整も要るわけでございますから、現実には工事期間中の問題も含めてトータルで計画をつくらなきゃいけない。これは結構大変な作業でございまして、これを１年半なり２年の間にめどをつけていかなきゃならないと思っています。

これらについては結構深刻な作業でございますので、どういう絵を描くかも大事でございますが、どういうスケジュールであるかというのも同じぐらいの比重で大事でございますので、それらについては、また具体的に、初期的な案ができた段階でたたき台として皆さんにお示しして、御相談をさせていただく、まち協や議会を通じて何度もお話合いをさせていただかなきゃならない課題であろうというふうに思っております。",2025,2025/10/03,決算特別委員会,理事者
,令和7年　決算特別委員会(第6日　10月3日),吉田副区長,小坂和輝,最終的な局面において、４者協議が必要であることは事実だろうと思いますが、その４者というものが事務的にどういう形で詰められるかということの調整を今やっている段階でございまして、その部分で合意ができていないのにトップ会談をするわけにはまいりませんので、手順というものは常に付きまとうものですから、そこはしっかりやらせていただきます。,2025,2025/10/03,決算特別委員会,理事者
,令和7年　決算特別委員会(第6日　10月3日),吉田副区長,永井佳代,"基本的には、都市計画の正式の手続で言えば、東京都決定の都市計画が過半でございますから、そこに地元区として同意するかどうかという手続になるわけですけれども、それ以前に、具体的に言えば、都市計画の原案をつくっていく段階から、基本的には区として参加して、当事者として案をつくっていくような形にならなければならないと思っていますし、その覚悟でおります。

今回の都市計画、あそこの拠点の中が、将来的にある意味できっちりつくったものが当初の目的どおり果たして発展することも大事なんですが、あそこにできたことによって、例えば築地も、銀座も栄えていくということも非常に大事なわけでございまして、その部分というものがちゃんと計画の中に盛り込まれているかどうかということの確認は、基本的には地元区がしなきゃならないし、地元の住民がしなきゃいけないわけです。これはできました都市計画です、どうですか、いかがですかと言われる立場じゃない。それをつくるのは我々地元であるし、地元区なんです。これは何回か委員会で申し上げたことですけれども、我々は決してオブザーバーじゃない、我々は当事者だ。その覚悟でもって絵というものをつくっていかなきゃいけないと思っている。我々がつくるんだと思っているわけです。

大変申し訳ないですけど、この間ビジュアルな絵を出しましたけれども、正直言って、地元区がああいう形で絵を出すというのは、ある意味では非常識なんですよ。ほかではきっとやっていないでしょう。事業者が出した絵に対して地元が反応しながら、意見を取り次ぐだけだと思います。実態的には、ああいうふうに中央区が自分で、当事者で、かつ、申し訳ないですけど、私どもの区が持っている土地を活用しながら、一応デッキをつないで歩行者のネットワークをつくりなさいと言っているわけですから、そういう犠牲まで払って、やっぱり基本的にはこういうものをつくらないと、まちが混雑してしようがないよと言っているわけです。

現実の問題として、そういうことを言っている地元区が単なる同意者であるわけはないわけで、それはもう直接計画にアンガージュしているものなんです。当事者なんです。その辺の覚悟でやらせていただいているということを御理解いただきたい。",2025,2025/10/03,決算特別委員会,理事者
,令和7年　決算特別委員会(第6日　10月3日),吉田副区長,田中広一,"今の住宅問題については、正直なところなかなか手の打ちようがないというのが実態なんです。建築費の高騰、それから中古住宅物件も含めて、住宅総体の値上がりというのがございまして、20年住んだマンションを転売したら、逆に2,000万円もうかりましたとかいう話が現実にごろごろありますので、中古を含めて都心中央区の住宅の価格はかなり上がっているんです。

実態的にちょっとつらいのは、いわゆる賃貸住宅で、例えばそれこそ20坪で２ＤＫのスタイルのもので、基本的には家賃が30万円を超えちゃいますでしょう。我々が、区立住宅なんかでアフォーダブルということで、いわゆる皆さんに応能家賃でお願いしているのは、大体15万円相当ですよ。そうすると、今の民間の家賃とアフォーダブルということでお願いしている応能家賃との間の格差というのは15万円あるわけですよ、単純に言いますと。15万円ぐらいあったとして、それを毎月個人の方に家賃補助をするということが区の行政として成り立つかと。それはなかなかしんどいですよ。住宅問題を個人的に解決しながら税金を払っている方もいらっしゃるわけで、そういう部分では、なかなかその点では難しい。ですから、基本的に私は、今のところ新築物とか何かではなかなか難しいのかなというのが実態的な感想でございます。

私どもとしては、それこそ古いマンションの建て替えで行き詰まっている問題がたくさんあります。それは、先ほど耐震性能の確保というような問題も含めて、建築課長からも答弁申し上げたところでございますけれども、実態的には共同建て替えを志してもなかなかうまくいかないというような話もございます。これは何かというと、結構マンション住民の方の３分の１は高齢者ですから、その方たちに、基本的には１戸当たり3,000万円とか4,000万円出してもらわないと、共同建て替えはできないんですよ、今の状況では。そうすると、中央区にお住まいの方ですから、お金はお持ちですけれども、自後のことを考えるとなかなか出せないでしょう。そういうような問題も含めて、かなり深刻な行き詰まりにあります。

ですから、その部分について、これまでのような住宅供給型の住宅政策はなかなか成り立ちにくいというところが結構ありますし、家賃補助制度というのも、それなりにというか、かなりの限界がある。そういう中で何を考えていくのかということになると、現実には、これはうちの区にはあまりないんですけれども、ある意味で、空き家になっていて使える住宅とかをリフォームしながら、例えばあっせんするとか何かというような、新たに造るのではない、改修型みたいなものをよっぽど手を広げて考えていかないと難しいというのが現実です。言葉で言うのは簡単ですが、今のうちの区内での住宅政策は、そういう深刻さにあるということだけは御理解いただきたい。

方向性としては、いろいろな意味で事故になって空いているような物件をリフォームしながら進めるようなあっせんの仕方ができるかどうかというようなところを含めて、一応、現存の物件をイノベーションしてみたいなことが一つのキーになるのではないだろうかと思っています。大変つらい話でございますけど、それが現実であるということを御理解いただきながら、我々もそういう部分で勉強させていただきますけど、かなり難しい道であることは御理解いただきたいと思います。",2025,2025/10/03,決算特別委員会,理事者
,令和7年　決算特別委員会(第6日　10月3日),吉田副区長,田中広一,先ほど申し上げましたような様々な方向性はあると思いますけれども、イノベーションを含めたありようというものについては、現実に今どのぐらいの資源があるかというところを含めて調査をさせていただきながら、検討させていただこうと思っています。,2025,2025/10/03,決算特別委員会,理事者
,令和7年　決算特別委員会(第8日　10月7日),吉田副区長,木村克一,"晴海は実際のところ、先ほど木村委員から昔の話を聞いて、私以外はほかは知らないというんですけれども、私はよく知っておりまして、あそこに国際見本市があって、その国際見本市を見に行って、カップヌードルを初めて食べて、こんなおいしいものがあるのかといった時代が昭和50年代の初め頃まで、晴海はそういうまちであった。

実態的には、その後、晴海というところは実はある意味で日本で最初の都市部の住宅団地ができたところでございまして、晴海一丁目の団地というのは昭和30年代にできていたんですが、それを昭和60年代になって、これは改修しなければいけないというので、晴海一丁目の開発があったりして、実際には、晴海には自動車教習所があったり、倉庫があったりしまして、団地以外にはあまり住んでいなかったので、どっちかというと、晴海町会というのはありましたけれども、企業町会だったんです。今でも晴海町会というのがありますけれども、企業町会でございます。

そういったところで、なかなかコミュニティというものは根づかないところで、いわゆる一丁目団地の再開発などがあって、基本的にはそこのところをきっかけにしながら、地域の中で少しまちをまとめていくということが出てまいりまして、実際にはお祭りと防災という問題がキーになりながら連合町会が結成されていく。実は平成７年ぐらいから清掃工場建設問題というものがありまして、晴海に清掃工場を造るときに大もめになりまして、そこで地域と私どもの対話がずっと重ねられてきたという歴史も背負っているわけでございます。

そのような流れの中で、実は東京オリンピックの誘致というのは2016年のときに１回ありまして、それで2020年になったわけですけれども、その2016年のときですかね、一応我々が交通機関を整備しておかなければいけないと思ってＢＲＴを計画していたんですが、それをまた2020年オリンピック問題で、東京都がうちがやるということで持っていったということもございまして、一応、実際のところなかなか、いまだに、ＨＡＲＵＭＩ　ＦＬＡＧができてもそうでございますけれども、まちづくり進行中というのが現状の晴海であろうと思っています。

今、委員から御指摘がありましたように、人口の問題等あるいは学校の生徒数の問題などについては、かなり厳しい御指摘もこの委員会の中でありましたけれども、実は正直言うと、読み切れていなかった。実際に団地をつくるときにどのぐらい生徒が来るかという、これは我々は一回失敗しているんです。例えば、リバーシティで団地を造りました、佃で。例えばあのときなどは、佃島小学校と佃中学校をかなり立派に造ったんですけれども、子供さんは来なかった。そんなにたくさん生徒数が増えなかったんです。だから、今でも月島地区の中で佃はある程度余裕があります。

私どもは、実は2020年以降にオープンされる団地について、ＨＡＲＵＭＩ　ＦＬＡＧについて、人口の予測を、アンケートをやったりなどして、教育委員会も一生懸命やったんです。ただし、実際のところ、予測以上に子供さんは定着してこられたと思います。そのような環境の中ですから、今、分校舎も造ったりなどという対応をしながらやっておりますが、ともかく晴海の部分について言いますと、交通の問題も含めて、いまだにまちづくりの最中でございます。進行中だということで、その点は御理解をいただきたい。

現実の問題として、委員も御指摘になったように、実は新しい都市計画として、かなり広幅員の道路でまちの骨格が出来上がっていて、１街区が非常にでかいんです、晴海というのは本質的には。皆さん御案内のとおり、月島のところは、結構規則的に埋め立てられたところでございますけれども、あそこは１街区が大体横が110メートル、縦55メートルで、江戸時代のいわゆる埋立ての区画でできている地域でございますけれども、晴海はもうちょっとそのスケールがでかい。それで道路も広い。だから、何か横断しにくい状況もある。その部分を我々としては、基本的には、将来的には人は上を歩くような形も造らなければいけないと思っていまして、一丁目と三丁目のところはとにかくつないでいく。将来的には一丁目と二丁目をつなぎ、それぞれの丁目をつなぐ歩行者デッキを造っていくとか、そういう処置もこれは考えなければいけないと思っている。そういうものも今の作業の途上であります。その辺を御理解いただきたいと思っています。

そういう意味で、現実に今、晴海でいろいろ起きている問題も含めて、さらに作業中でございますから、より一層でございますけれども、町会の皆さんとか、新しく入ってこられた方々のいわゆる自治会でございますとか、そういう方たちを全体としてどう連携を取っていくんだと。一連合町会として考えてみた場合には非常に広過ぎるという部分も出てまいりましたので、そういう調整も含めて、これから作業を着実に積み上げていって、新しい晴海をつくっていきたいと考えているところでございます。",2025,2025/10/07,決算特別委員会,理事者
,令和7年　決算特別委員会(第9日　10月8日),吉田副区長,田中広一,"交通の問題については、環境アセスを前提としましても、当然のことですが、事業者が、その施設を造ることによってどのぐらいの交通量が発生するかというのは、これは人についても車についても事業者がきちっと調査をしなきゃいけないものであって、この部分については、区でやるというよりも、事業者のほうで事前からきっちり調査をしなさいと私どものほうから申し述べれば、きちっとやっていただけるものと思っていますけども、そういうものはちゃんとやらせていきます。

その上で、東京駅から築地に直行するような地下鉄ができるならば、それは実際には首都圏の交通ということを考えて申し上げるんですが、実際には今の線形で言いますと、つくばからずっとなんですけども、そういうところから来る地下鉄の輸送量というか、便利さというか、そういったものは計り知れないものがあって、なるべく早い時期に地下鉄が導入されないと、あそこの施設については完全な交通環境が整ったとは言えないんだろうと思います。

ただし、実は意外と施設って人が集まるときはストレートに、例えば６時開演というと、６時近くにどーっと来るんですよね。終わりのときって、結構いろいろばらばら帰るんですよ。だから、逆にばらばらに帰るという効果が、基本的には築地のまちの周りや銀座に広がっていって、ストレートに地下鉄を使うかどうか、また別の問題だと思う。だから、人の流れの変化というのもあるだろうと思うんです。そういうこともありますから、我々としては、銀座と築地をつなぐような歩行者のルートというのは基本的に確保されなきゃいかんぞというのがあって、先日発表させていただいたような資料も出させていただいているわけでございます。

その上で、資料の一番最後のページに表示をいたしましたが、歩行者の基本的なルートのデッキというものについては、基本的には私どもの、いわゆる社会教育会館などを含めた区有施設がある上の屋上を通っておりまして、その下に基本的には区有施設があって、そのさらに下に、直近の真下に首都高速の晴海線が入ってくるわけでございます。晴海線の計画について早急にまとめていただかないと、その部分が造れないので、これは早くやってくれというのを、私ども、再三東京都にも首都高にもお話し申し上げているところでございます。

実は、首都高速道路の構造そのものがそういうところがあるわけですけども、基本的には首都高速道路と東京都がお金を持ち寄って造って、最終的には首都高というのは、いわゆる都道府県道になるわけでございますので、そういう意味で、お金を持ち寄るということがあります。その負担をどういう負担にするかということがなかなか見えていないものですから、造る造ると言いながら、お互いに言い出さないという状態でにらみ合いを続けているところが、現在の晴海線の進捗を妨げている部分でございます。私どもとしては基本的には、そうは言っていられないよと、これは早くやらなきゃしようがないじゃないですかと。先ほどお話にもございましたけれども、シドニーのオペラハウスじゃないですけども、大変目立つところの開発でもございますし、あそこがいつまでも空いていても困る。それと正直言って、もう市場が移転してから７年目になっていますから、その前からの作業を考えると、築地の部分、ああいう状態になって長い時間がたっております。なるべく早く造ってほしいのも我々の気持ちでございます。

そういうところを考えると、東京都のほうに、あるいは首都高に早くしてくれということを再三申し上げているところでございます。財政的な問題もありますから、その部分についてはっきりした返事ができないというのも事情としては分からんわけではないですけども、それでいたら全部の計画が止まってしまう。そこのところ、我々としても突破をしていきたいと思っております。その部分については、東京都もさることながら、実は国もある程度関わっておりまして、首都高への出資という部分については、国のほうがある程度認めていかなきゃならない部分もございます。それから、地下鉄については、基本的には国交省の鉄道局のほうが少しお金を出していただかないと整備が進まない部分もございます。そういったことも含めて、国と東京都に我々としては引き続き強く要請をしながら、なるべく早くこの計画がめどが立つようにしていかなきゃいかん。少なくとも１年ぐらいで、基本的にはこうなりますねというのだけが分からないといけないところもある。直近の地下部分が残っていますので、実は本音を申し上げると、首都高の晴海線の入り口がどう入ってくるとか何かということが分かりませんと、柱１本立てられない。敷地の中をぐるぐる回ったりする回路をつくるということを考えたら、柱１本立てられない。ですから今、基本計画というのが出ていますけども、あれは単なる絵でございまして、柱をどこに立てていいか、今のところ、分からないはずです。そういう状態を早く脱却しなきゃいけない。だから、それを少なくとも、柱はここに立てられるねというのが分かるだけでも１年ぐらいでやってくれと。その後はもう都市計画の原案にきちっとまとめようよというふうにしていかなきゃいけないので、そのことをきちっとやっていきたいと思っています。",2025,2025/10/08,決算特別委員会,理事者
,令和7年　決算特別委員会(第10日　10月9日),吉田副区長,奥村暁子,"借家人という方が契約しているのは誰か、実際に再開発の前に契約しているのは誰かといいますと、様々なんです。実態的には、例えば晴海一丁目の場合は、大家さんがＵＲだったんです。大家が基本的には、正直に言いますと、また引き続き住宅として持ちますと言っておりますから、それはその大家に対して家賃補助をする形で継続ができますねというお話なんです。問題は、借家人の方がどなたと契約していて、その交渉そのものは大家さんと借家人の方でしていかないといけないわけでございまして、大家さんが引き続き住宅をおやりになって借家を継続すると言ったら、それは借地借家法上何も問題なくできるわけです。

ところが、実はなかなか厄介なことがありまして、特に住宅系の再開発の場合は多いんですけれども、自分はお住まいでないけれども、そこに資産を持っていて、借家人の方を入れている。今度、ある意味で、きちっとしたビルになりますと、娘と息子に住まわせたいから、借家人に出ていってほしいという方がいらっしゃるわけです。そういう方がいたりする場合については、前提としては大家さんと借家人さんの間でお話をしていただいて調整するしかないですから、現実にその部分で調整をするわけでございます。

実は、ある意味で借家人と大家さんの意向が食い違って数が出た地域もございまして、そういうところは、例えば月島二丁目などでやっておりますけれども、そのときにはちょっとお願いをして、あそこにお住まいの住宅をお持ちの方々に、２坪ずつぐらい出してくれというお話をして、皆さん権利変換で、例えば24坪取ると言っているんだけれども、２坪を区役所に貸してくれないかみたいな感じで、そういうものを集めて、例えば一坪大家組合みたいなものをつくりまして、その大家組合に対して区でお金をお支払いして、それでお住まいの方については家賃補助で住まわせるという組立てをしたり、そういう工夫をしないと、実は借家人と大家さんとの間の調整がなかなかできにくいんです。

だから、借家人さんと大家さんの調整というものは、ひとまず最初の前提にある。そのことは、これはもう原理原則ですから、その件では、私どもとしてはそういうものがつけば家賃補助をやりますよというお話でありまして、そこも工夫できる部分は区としてはやっているんだということも御理解をいただきたいと思います。",2025,2025/10/09,決算特別委員会,理事者
,令和7年　決算特別委員会(第6日　10月3日),溝口都市活性プロジェクト推進室長,永井佳代,"今後の築地魚河岸、また場外等でございます。

今、委員から御紹介いただきましたとおり、現状としましては２時、３時までです。早朝５時からやってございますので、そういう時間帯で、まずあそこができましたのは、市場が豊洲に移転するといったときに、仲卸の方たちに場外のところにも店舗を持っていただき、今まで買い出し人の方が築地で済んでいたものを、引き続き豊洲まで行かなくても築地で済むようにというところから今の時間帯になっている状況でございます。

また、今後開発に向けましていろいろ地元と協議していく中では、今の築地を守りながら、いろいろな形態でというのは地元の皆さんも将来を見据えて考えていますので、そういう意味では地元とともに、また今後の発展についても考えてまいりたいと思っております。

以上です。",2025,2025/10/03,決算特別委員会,理事者
,令和7年　決算特別委員会(第2日　9月29日),佐藤副参事（デジタル推進・特命担当）,田中耕太郎,"生成ＡＩの活用についての本区における現状についてということでございます。

先ほども御案内がございましたとおり、本年６月にエクサウィザーズ社と連携協定を結びまして、生成ＡＩの活用について、現在、実証を行っているところでございます。幾つかの業務の中で課題のあるものを全庁の中からヒアリングをしてまいりまして、現在、４つほどの業務について検証を進めているところでございます。検証を始めたばかりでございますので、まだ具体的な成果に結びついているものではございませんけれども、着実に進めていくことに取り組んでいるところでございます。

また、公開されている情報をどのようにＡＩで活用させていくかということでございますけれども、多くの場合、いわゆる大規模言語モデルと言われている、主に海外の事業者がインターネット上の情報を自動的に収集したり、あるいは自分たちで加工して学習させたりという形で取り組まれていて、現時点において、行政機関のほうから積極的に情報を提供する取組がなされているというのは承知していないところでございます。一方で、この９月１日に施行されました人工知能に関する活用についての法律、通称ＡＩ法と言われておりますけれども、こういったものが国のほうでも定められていって、その活用等について国を挙げて積極的に取り組んでいく。一方で、リスク等についても考えていくというふうに取り組まれているところですので、それらを注視しながら、本区としても取り組んでいく必要があれば、取り組んでいくものというふうに考えております。

以上です。",2025,2025/09/29,決算特別委員会,理事者
,令和7年　決算特別委員会(第3日　9月30日),佐藤副参事（デジタル推進・特命担当）,小坂和輝,"生成ＡＩの活用についてということで答弁させていただきます。

現在、実証を今年の６月から進めておりまして、具体的な部署といたしましては、経理課契約係、職員課、障害者福祉課の相談支援係、広報課などの４つの部署で主な効果の検証を進めているところでございます。

２つ目のセキュリティに関してというところですが、今回、連携協定を結びました生成ＡＩの提供者が提供している生成ＡＩですけれども、既に学習といったものは終わらせているエンジンを使わせていただいております。したがいまして、今回、本区のほうで投入するデータ等については、そういったエンジンのほうで学習されることはないことが確認されております。また、運用しているのも、ＬＧＷＡＮ－ＡＳＰと言われる庁内で閉じられた環境で使えるものでございまして、インターネット等にデータが出ていくこともない、そういったサービスを利用して実証を進めているところであります。

また、実証の検証についてですけれども、こちらを全職員にというお話もあったところでございますが、そもそも生成ＡＩの効果等について、まずは検証してみるといったところが現在のスタンスでございますので、これらの結果を踏まえて、どのように取り組んでいくかといったところを考えているところでございます。

それから、アカウントについても、今、答弁申し上げましたとおり、全職員を対象にするかということについては、今後の検証結果を踏まえた上でといったところで考えているところでございます。

以上です。",2025,2025/09/30,決算特別委員会,理事者
,令和7年　決算特別委員会(第3日　9月30日),佐藤副参事（デジタル推進・特命担当）,永井佳代,"業務改善の研修等についてということでございます。

第８期の情報化基本方針のほうでは、ＢＰＲ、ＤＸに取り組む職員の意識を高めていくということで、３層にわたった研修を用意させていただいております。全ての職員に職層ごとにＤＸの研修を実施するといったところ、これは職員が行っておりますので、費用はかかっておりません。２層目のところに業務改善、業務フロー作成演習を、外部講師を招いて、これは希望者を募って実施したものでございますけれども、こちらは外部に委託をいたしておりまして、予算額が32万6,700円、執行額が32万6,700円、執行率100％というふうになっております。もう一つ、具体的に実際の業務を対象として実践研修を行うというＢＰＲのワークショップを、また外部の委託事業者の協力を得ながら実施しておりまして、こちらの予算額が853万6,000円、執行額が853万6,000円、同じく執行率100％というふうになっております。特に、ＢＰＲワークショップというのは、今申し上げましたとおり、実際の現場の業務を題材として実施しておりまして、回数もそれに伴いまして、１回、２回ではなくて、全体といたしまして、おおむね週に１回を２か月ですので、計８回の研修を実施しております。参加の人数も21名ということで、昨年は３部署が参加して実施をしたところでございます。

具体的な成果といたしましては、現在までに実装されたものとしまして、例えば介護でのデータ集計に本区で昨年度導入しましたノーコードツールを使ってデータ解析をするといったものですとか、保育の業務におきましてＬｏＧｏフォームというオンライン申請のツールを使いまして、お客様が御自身で、例えば保育の点数加算を確認いただけるような、一対一の問合せ形式のフォームを用意することで御自身で点数を確認できる仕組みを用意するといったような取組をしているところでございます。

以上でございます。",2025,2025/09/30,決算特別委員会,理事者
,令和7年　決算特別委員会(第3日　9月30日),佐藤副参事（デジタル推進・特命担当）,永井佳代,"ＢＰＲワークショップにおける管理職の参加ということですけれども、こちらにつきましては、基本的に、全ての部署から管理職に参加いただくという形になっております。昨年度は保育課のほうで２部署、そして介護保険課のほうで１部署でしたので、実際に参加された管理職の方、副参事も含めて３名ということになります。

それから、セキュリティに関してということでございます。

本区の場合、セキュリティ対策として大きく３つございます。１つは職員向けのセキュリティの研修、それから、東京都が主体となりますけれども、自治体情報セキュリティクラウドという、インターネットでデータをやり取りするときのセキュリティを管理するところ、それから、外部からインターネット等を通じてデータを受け取る際に、コンピュータウイルスですとか、不正なプログラムがついている場合にそれを削除する無害化処理を大きく３つやっております。こういったものの予算額は、全体を合わせまして1,833万4,174円、執行額は1,832万6,474円、執行率は99.9％というふうになっております。

あわせて、具体的にインシデントとしてどのようなものがあったかということですが、基本的に、現在のところ、インターネットに絡んだ不正プログラムの感染といったような事象は発生していないところでございます。あえて申し上げるならば、メディア等でも報じられましたけれども、コンビニの交付等についてベンダーのプログラムに不具合があって障害があったといったようなことが報じられておりましたが、本区の場合は特段、他人の住民票が交付されたという事象は発生しておりませんので、そういった意味におきましても、インシデントは発生していないという状況でございます。

あとは、具体的にセキュリティに関してですけれども、現在、職員の意識啓発、それから知識の啓蒙といったところに力を入れているところでございます。職員研修につきましては、新規採用職員ですとか、あとは令和６年度の場合は、各部署の情報セキュリティ担当向けの研修、それから管理職向けには、動画を作成いたしまして、データの取扱い等に特に留意するようにということで研修を実施してきたところでございます。

技術的な対策といたしましては、現在、本区の中で導入しているシステム自体が、クラウドの中でデータを操作し、そして使うといった仕組みになっておりまして、そもそも漏えいしにくい仕組みになっておりますけれども、今後もこれらの内容を強化していって、情報セキュリティを強化した上で利便性を高めていきたいというふうに考えております。

以上でございます。",2025,2025/09/30,決算特別委員会,理事者
,令和7年　決算特別委員会(第8日　10月7日),佐藤副参事（デジタル推進・特命担当）,小坂和輝,"私からは、生成ＡＩの活用についてという御質問についてお答えさせていただきます。

まず、さきにも御答弁させていただいておりますけれども、本年６月からエクサウィザーズ社と協定を結んで、実証実験を続けているところでございます。今、委員からも御案内がありましたとおり、御答弁でも申し上げたとおり、４部署において実証検証をしているというところであります。その大事なところといたしまして、まず一つ御理解いただかなければいけないところとして、生成ＡＩの特性的なものがあるかと思っております。

生成ＡＩというのは、現在ですと、大規模言語モデルというものを前提にしてやっているところでございます。ですので、例えば使うエンジン等によって内容の答えが変わるとか、あるいは同じ指示文を出しても、繰り返していくと答えが変わっていくといった技術的な特性があったりもします。したがいまして、どのようなやり方がよいのかとか、そういったところをしっかりと見極めていくことが必要であります。

また併せて、これもよく言われていることではありますけれども、生成ＡＩが様々なデータから持ってきて最もらしいうそをつくというハルシネーションという問題がございます。こういった生成ＡＩが出してきた答えを職員が自らの専門性をもってしっかりと確認するといったところができていないと有効に活用できないといったところが課題としてあるかと思っております。こういったあたりのことを実証を通じて整理していきまして、活用できる環境といったものとか、あるいはどのように活用するとよいのか、こういったことを見極めながら進めていくことが大事であろうと考えております。

御質問の全職員にというところも、その実証の結果を踏まえて、どういったところを考えていかなければいけないかとか、そういったところを整理した上で考えていくべきものと考えておりますので、そういった点で、今をもって全職員にということが正しいかどうかというのは、まだまだこれからの実証を踏まえて検討していきたいと考えているところでございます。

以上でございます。",2025,2025/10/07,決算特別委員会,理事者
,令和7年　決算特別委員会(第4日　10月1日),左近士子ども家庭支援センター所長,竹内幸美,"子ども家庭支援センターが移転した後の縦の連携という点についてでございます。具体的なケースの支援というところでなんですけれども、同じ建物内ですので、ちょっと相談したいときとか、顔を突き合わせて相談することでケースの支援がより詳細に具体的にできるということとか、あとは保護者の方にしましても、来たついでにもう少し相談してみたいといったところで、区民の皆様にとっても利便性が高まっているのかなと感じているところでございます。

中の他課との連携という点につきましては、何か一緒に事業をしているというところはまだないんですけれども、そういったケースを一つ一つ丁寧に行いながら、今後、来年から、少しお子様に問題を抱えた御家族の方向けの家族プログラムみたいなことも実施していこうと思っているところでございまして、この実施につきましては、発達に課題のあるお子様には特に保護者の方はお困りだと思いますので、そういったところでもより連携していければよいなと考えているところでございます。

以上でございます。",2025,2025/10/01,決算特別委員会,理事者
,令和7年　決算特別委員会(第4日　10月1日),左近士子ども家庭支援センター所長,小坂和輝,"私からは、まず児童相談件数等についてお答えさせていただきます。

近年、児童虐待の相談件数は増えております。御家庭で複雑困難な問題を抱えるお子様が増えているという点、人口も増えているという点、あとは、児童虐待はみんなで守らなくてはいけないという社会の目といいますか、そういった皆さんの意識の醸成といいますか、そういったものもありまして、こちらへの通告が増えているという点もございます。ですので、そういったお子さんの通告があった際には、なるべく早期に関わって、お子さんの状況を改善していくしかないと考えているところでございます。

毎年度、虐待死をしたお子さんについて分析がなされていて、こども家庭庁から報告がされているところでございます。それにおいて、子供の虐待死はゼロ歳のお子さん、それも生まれてゼロ日のお子さんの死亡事例が多いというのは、もうここずっと言われているところでございます。生まれてゼロ日のお子様を救うためには、母子保健と児童福祉とが生まれる前から連携して救わなければいけない命でございますので、そういった意味でもこども家庭センター機能を持つ、本区ではこ家ネットということで整備いたしましたけれども、それを使って妊娠期から支援を要するお子様についてはしっかりと把握して、しっかりと母子保健と児童福祉とが一緒になって支援をして、産後、軌道に乗るまで見守るということをしていきたいと思っております。

セルフプランにつきましては、国のガイドラインでも示されているところでございまして、基本的には、ケース支援をする中で、支援者だけではなくて、支援対象者となる方も、どういったところを目標にするか、どんな支援が要るか、どのように支援していくかというのを共有するという点が非常に意味があるものだと思っております。ですので、できれば試行しながら運用していきたいと思っているところでございまして、これについては今はまだ東京都の研修等を受けているところでございますので、母子保健と児童福祉とで、どんな形で運用するのがよいかというのをもう少し具体的に詰めながら進めていきたいと思っているところでございます。

以上でございます。",2025,2025/10/01,決算特別委員会,理事者
,令和7年　決算特別委員会(第4日　10月1日),左近士子ども家庭支援センター所長,小坂和輝,"私からはまず子供の権利擁護についてお答えいたします。

子供の意見を表明するのを受けたりとか、あと子供が意見をしやすいように、意見形成支援といいますけれども、そういった取組は子供に関わる職場において非常に大切なことだと思っております。

委員からの御質問は、意見表明等支援員のことかと思いますので、こちらにつきましては、都道府県等が適当と認める研修をして、随時養成をして、まずは児童相談所等に配置するという段階と今認識しております。ですので、私たちのところにおきましては、こういった研修等を受けることでどのように子供に向き合うかというのを日々やっていきたいと思っているところでございます。

以上でございます。",2025,2025/10/01,決算特別委員会,理事者
,令和7年　決算特別委員会(第4日　10月1日),左近士子ども家庭支援センター所長,小坂和輝,"申し訳ございません。先ほどの質問、１点、答弁が漏れてしまいました。一時保護された子供の登下校についてでございますけれども、この点につきましては、お子様が危ないので保護するわけでございますので、そこからの登校というのは原則、していないと思います。

以上でございます。",2025,2025/10/01,決算特別委員会,理事者
,令和7年　決算特別委員会(第5日　10月2日),左近士子ども家庭支援センター所長,田中広一,"私からは、区内の妊産婦さん、また子育て中の方の御相談をしっかりと受け止めて、孤立させないみたいなところで、もう少し答弁させていただきます。

区では、これまでも区内に児童館ですとか、あとは保健センターといったところで身近な御相談をお受けしているところでございまして、相談をお受けして、御相談の内容によっては、子ども家庭支援センターも一緒に対応するというようなところでやってきたところでございます。また、そういった中でも、なかなか児童虐待が減らないというところで、児童福祉法の改正を受けまして、この７月より、こども家庭センター機能を有する形で、こ家ネットワークということで運用を始めているところでございます。これまで区が培ってきたネットワークを生かしながら、困り事を抱える妊産婦さんを落とさないように、また、しっかりと支援していくように取組を進めているところでございますので、引き続き支援してまいりたいと思っているところでございます。

以上でございます。",2025,2025/10/02,決算特別委員会,理事者
,令和7年　決算特別委員会(第8日　10月7日),左近士子ども家庭支援センター所長,小坂和輝,"私からは、一時保護中の学習の保障というところでございます。

一時保護に至るお子さんは、子供の要因であれ、御家庭の要因であれ、今の環境にいられないというお子様を緊急的に保護するというものでございます。ですので、一時保護中に在籍校に通うというのはなかなか厳しいと考えております。ただ、一時保護中でも、その中で教育の保障というところで、学べるような配慮とか工夫をしていると認識しておりますので、在籍校での教育というのは難しいと思います。

以上でございます。",2025,2025/10/07,決算特別委員会,理事者
,令和7年　決算特別委員会(第10日　10月9日),左近士子ども家庭支援センター所長,奥村暁子,"私からは、ベビーシッター利用支援事業についてでございます。

こちらにつきましては、今、委員がおっしゃいましたように、リスクという点においては、確かに密室での保育でございますので、区におきましても、利用するに当たってはそのあたりを十分理解した上でということで、ホームページにも記載しているところでございます。

ただ、一方、子育てをしていく中では、緊急的な事柄から御家庭のリフレッシュを含めて多様なベビーシッターを利用する局面があろうかと思います。そういったところで、東京都においても、ベビーシッター利用支援事業の利用助成ということで行っておりまして、本区においても、そういった都の制度を活用して実施しているところでございます。

ベビーシッターの質の担保ということにつきましては、東京都の事業を利用するに当たっては、東京都の研修を受けて、認定を受けてというところで利用するものとなっていますので、一定程度の質の担保は行えているのかなというところでございます。

先日、こちらは都制度の枠内で、基本的には未就学児にお使いいただくものなんですけれども、障害児においては小学校６年生まで、またひとり親家庭においても利用時間を拡充したところでございます。その点におきましては、どうしてもケアの量を必要とするのが多いだろうということを区としても理解するところでございますので、都の制度の枠内で拡充させていただいたというところでございます。

以上でございます。",2025,2025/10/09,決算特別委員会,理事者
,令和7年　決算特別委員会(第2日　9月29日),山本委員,山本理恵,"よろしくお願いいたします。前委員と重複するところもございますが、視点を変えて、また、確認の意味も込めて質問をさせていただきます。

令和６年度予算編成方針の作成後、能登半島地震や物価高騰の長期化、ＨＡＲＵＭＩ　ＦＬＡＧの入居など、予期せぬ自然災害や社会経済状況の変化がございました。令和６年度は、６回にわたる補正予算が組まれております。一般会計の当初予算は約1,335億円で、施設整備が落ち着いたことにより、財政規模は当初予算として３年ぶりに減少したとのことでした。今回、決算歳入総額は約1,426円億円で、前年度比で15.1％の減となっております。基金の取崩しなどを取りやめたことによる減ということでした。一方で、当初予算との比較となりますと、当初予算の見込みを上回る歳入決算総額であったとのことです。91億円ほどの上振れがあったと、先ほどの質疑のやり取りの中でございました。

そこで、まず、お聞きしたいのが、歳入の前年度比は15.1％の減ですが、歳入の当初予算との比較としてはどのぐらいの増になったのか、上回ったのかについて確認をさせてください。

また、特別区民税の当初予算の上振れについても確認をさせてください。

さらに、区民１人当たりの平均納税額についても、増加傾向ということですけれども、どのぐらい増加しているのか確認をさせていただければと思います。",2025,2025/09/29,決算特別委員会,議員
,令和7年　決算特別委員会(第2日　9月29日),山本委員,山本理恵,"それぞれ御答弁いただき、ありがとうございます。

特別区民税のところですけれども、当初予算よりも決算額は下回ったけれども、定額減税の補塡、５月補正で特別区民税は上振れたという理解でよろしいでしょうか。もう一度こちらを、もう少し分かりやすく御答弁いただければと思います。

続きまして、中央区の納税義務者数は、この10年間で1,000万円を超える層が2.3倍に増加しているとのことです。高所得層の増加が見られる一方で、特別区民税の差押え件数も一定程度ございます。行政評価に書いてあったんですけれども、令和５年度は1,140件であったということですが、令和６年度の差押えの件数はどのぐらいあったのかお聞かせください。

また、ふるさと納税制度も関連してお聞きしてまいります。

ふるさと納税制度、令和６年度における影響額、流出額は38億円、令和７年度は46億円ということでした。こちらについては、これまでも様々な議論がございますけれども、財政白書の10ページから11ページを拝見させていただきますと、特別区民税は、令和２年、2020年から約49億円増加した一方で、令和２年までの減収分は約147億円に上ると記載されておりました。令和７年までだと193億円ということです。特別区民税のこれまでの増収額とふるさと納税による減収額のバランスというのは、どのように捉えていらっしゃるのかお聞かせいただければと思います。

あわせて、人口増加に伴い、特別区民税の伸びが見られるんですけれども、その一方で、行政需要も当然膨らんでいるということで、税収の伸びと行政需要の増大のバランスについても、どのように捉えられているのかお聞かせいただければと思います。",2025,2025/09/29,決算特別委員会,議員
,令和7年　決算特別委員会(第2日　9月29日),山本委員,山本理恵,"それぞれ御答弁ありがとうございます。

今後の将来需要等も見越して、歳入の確保と、そして歳出の抑制に努めていただき、効率的な財政運営をお願いします。

以上で終わります。",2025,2025/09/29,決算特別委員会,議員
,令和7年　決算特別委員会(第3日　9月30日),山本委員,山本理恵,"私からは、防災対策について伺ってまいりたいと思います。

まずは、決算書202ページ、総務費の防災危機管理費です。この歳出決算額の特徴について伺いたいと思います。

当初予算であったり、６月補正、９月補正とございました。補正予算でかなり増額されているんですが、支出済額は12億9,000万円ほどということで、執行率62.5％、こちらについてお伺いしたいと思います。

また、不用額が約9,930万円上がっておりますので、こちらについても、その内訳を教えていただければと思います。",2025,2025/09/30,決算特別委員会,議員
,令和7年　決算特別委員会(第3日　9月30日),山本委員,山本理恵,"それぞれ御答弁ありがとうございます。執行率が低いのは、カタログギフトの繰越しということで理解いたしました。

今回、当初予算、６月、９月補正と様々な防災対策の強化が図られていますので、それぞれについて少しずつ質問してまいりたいと思います。

まず、当初予算の共助の取組についてです。防災拠点の機能強化に向けて、防災拠点運営委員会訓練の支援の予算が1,719万円組まれておりました。令和６年度は、新たに晴海西小・中学校を指定避難所に指定しています。防災拠点運営委員会が設立され、新拠点の設立後の支援の状況、設立後の状況について、まずは確認をさせてください。",2025,2025/09/30,決算特別委員会,議員
,令和7年　決算特別委員会(第3日　9月30日),山本委員,山本理恵,"御答弁ありがとうございます。現在、１年半が経過して、委員の人数も増えているということで、順調に拠点運営委員会が運営されているということで安心いたしました。

晴海西小・中学校の新拠点の設立を機に、例えばＨＡＲＵＭＩ　ＦＬＡＧにおける防災対策優良マンションの認定とか、また防災マニュアルの作成につなげていくことはできないのかと考えております。行政評価を見ますと、防災対策優良マンションの認定棟数は区内全マンションの棟数に照らすと非常に少数にとどまっているということで、晴海に関しては、こういった新たな機会を捉えて、ぜひＨＡＲＵＭＩ　ＦＬＡＧのマンションをしっかり認定マンションにつなげていっていただきたいと考えておりますが、何か見解がありましたらお聞かせください。

次に、あわせて、実践的な防災訓練について伺いたいと思います。実践的な防災訓練に関しては、携帯トイレの使用体験の推進についてと、体験学習や体験型訓練の機会の提供の２点について伺いたいと思います。

まず１点目、令和６年度は22か所の防災拠点訓練において携帯トイレの使用方法を学ぶ訓練を実施しております。先ほどもほかの委員から、京橋築地小学校の防災拠点運営委員会の防災訓練への参加という話がありましたけれども、こちらにおいても携帯トイレの使用体験がなされております。令和６年度は、台風のため、中央区総合防災訓練は中止となりましたが、今年の中央区総合防災訓練においては、社会福祉協議会が携帯トイレや簡易トイレを配布しておりました。私も頂きました。中央区総合防災訓練においては、幅広い世代が体験可能な参加型のコンテンツも非常に充実していたと思います。また、家庭内備蓄促進事業、防災用品のカタログギフトの申込みにおいても、携帯トイレや衛生用品などの衛生用品が最も高い比率となっていたそうです。申込みの状況として、携帯トイレは非常に高い比率となっていたということです。

災害への備えとして、常に携帯トイレを所持しているという人が増えた一方で、実際に使用したことのない人は多いのではないかと感じております。例えば、携帯トイレの使用体験は、中央区総合防災訓練であったり、小・中学校の児童・生徒に対する防災教育の中で、そういった機会を捉えてやっても有効なのではないかと考えております。より実践的な防災訓練を期待しますが、見解を伺います。

あわせて、体験学習や体験型の訓練の機会の提供についても伺います。昨年、陸前高田市の庁舎と東日本大震災津波伝承館を視察してまいりました。防災減災フィールドリーフレットというものがありまして、視察のときに、それが非常に目に留まったんです。防災減災を学ぶフィールドプログラムというものを陸前高田市でつくっております。これは、東日本大震災の経験を基にした体験型の防災学習プログラムです。ワークショップや避難所、仮設商店街の追体験、復興期の暮らしの再現などを通して、災害への備えを実践的に学ぶことができます。発災直後に自分がどう行動するのかを具体的に考えるワークショップ、いのちのイメトレや、避難所と自宅どちらで避難生活を送ることになっても生き延びる備えを学ぶ体験型プログラム、また、仮設住宅の部屋を再現した施設での復旧・復興期の暮らしの追体験など、これが有料のプログラムで提供されております。避難所と在宅避難の体験学習や仮設住宅での宿泊研修の場で学びを深めることができます。

震災発生後、生活環境は一変することとなりますが、なかなかイメージが湧かないというのが現実だと思います。防災教育の一環として、例えば小・中学校の児童・生徒を対象とした体験型のプログラムや、犬や猫などのペットを飼っている飼い主に対して宿泊型の研修など、災害への備えをより実践的に学ぶ機会を提供していくべきと考えております。今までは幅広い世代が参加しやすい参加型の訓練というのがメインだったと思うんですけれども、今後はより実践的な体験型の訓練も実施していくべきではないかと考えておりますが、見解を伺います。",2025,2025/09/30,決算特別委員会,議員
,令和7年　決算特別委員会(第3日　9月30日),山本委員,山本理恵,"それぞれ御答弁いただき、ありがとうございます。防災訓練も、より実践的な訓練に移行しているということで理解いたしました。

これは福祉保健部の所管にはなるんですけれども、令和６年度は築地社会教育会館において、福祉避難所の開設運営訓練を実施したかと思います。福祉の分野においても、避難所の運営シミュレーションを行っております。もちろん、避難所の運営シミュレーションもすごく重要ですけれども、一般の方たちが避難生活の体験ができるように、今後検討していただきたいと考えております。

まだ幾つか、備蓄物資であったり、帰宅困難者における電力・電源の確保なども質問したいと思っていたんですけれども、総括に回させていただきます。

以上で終わります。",2025,2025/09/30,決算特別委員会,議員
,令和7年　決算特別委員会(第4日　10月1日),山本委員,山本理恵,"よろしくお願いいたします。区民費、区民生活費について伺ってまいりたいと思います。コロナ禍では執行率が低い部分がございましたが、今は本当に全体の執行率が高くなっているなと感じております。本日は、新規事業のおくやみコーナーの運営と絡めて、社会のデジタル化、オンライン化の対応についてお聞きします。また、区民葬儀と火葬の関係、さらにはセレモニーホールや浜町メモリアル等、区民葬儀の場についてもお聞きしてまいりたいと思います。おくやみ関係でまとめてお聞きしてまいりたいと思います。

まず、おくやみコーナーの運営についてです。先ほど来、質疑がございましたが、令和６年７月に区役所の本庁舎１階の区民生活課カウンターにおくやみコーナーを開設しました。おくやみコーナーでは、おくやみハンドブックも配布しています。この相談とサポートということなんですけれども、生前の相談と死亡届提出後のサポート、両方きめ細かに行われているということです。その現状については先ほども質疑がございましたので、今現在の課題についてもう少し詳しく教えていただければと思います。

また、来庁時の持ち物として、預金通帳がございます。この預金通帳を持参していただく理由についてもお聞かせください。",2025,2025/10/01,決算特別委員会,議員
,令和7年　決算特別委員会(第4日　10月1日),山本委員,山本理恵,"それぞれ御答弁いただき、ありがとうございます。

まず１点目の課題についてですけれども、私も中央区区政世論調査を拝見させていただいて、おくやみコーナーの認知度について、知らないと答えている方が92.5％と非常に高い状況であるということは確認させていただいておりました。今後、より一層の周知にぜひ努めていただければと思います。

また、預貯金通帳の件についても承知いたしました。決算書を拝見しますと、国保の葬祭費の支給件数が令和６年度100件、後期高齢者の葬祭費の支給件数が706件ということなので、800件近い方々が申請されているということが分かりました。今回、預金通帳に注目して質疑を展開させていきたいと思っているんですけれども、現在、銀行の預金通帳、預金口座は、インターネットバンキングの普及に伴い、紙の通帳からデジタル通帳への切替えが推奨されています。通帳のペーパーレス化、デジタル化が今進んでいます。

また、デジタル庁では、死亡や相続手続に関する手続のオンライン化を推進しています。死亡相続手続のオンライン・デジタル化による遺族の負担軽減が図られる一方で、デジタル遺産・遺品による遺族の負担が増していることが問題視されています。デジタル遺品とは、亡くなった方が生前に利用していたスマホやパソコン、クラウドサービス、ネットバンキングなど、電子データやデジタル機器に保存された財産や記録全般を指しています。

先ほどの消費生活相談の中で、通信トラブルが多いという話がありましたけれども、国民生活センターには、故人が利用していたネット銀行の手続をしたくてもスマホが開けずに、ネット銀行の契約先が分からない、コード決済サービス事業者の相続手続が１か月以上たっても終わらない、個人が契約したサブスクの請求を止めたいが、ＩＤとパスワードが分からないといった相談が寄せられているそうです。こういった相談は、高齢者福祉の終活相談とも非常に深く関わる部分ではございますけれども、この相談の背景には、個人のスマホやパソコン等のパスワードが分からない場合、第三者がロックを解除することが非常に困難であること、ネット上の資産は本人以外が実態を把握することが難しくて相続手続に時間がかかること、サブスクは契約手続をしない限り請求がずっと続いてしまうことなどが挙げられています。

これらは一例ですけれども、デジタル遺産や遺品の管理が不十分な場合、遺族にとってとても大きな負担となる可能性があります。おくやみコーナーの運営に当たって、死亡相続手続のオンライン・デジタル化への対応、またデジタル遺産・遺品に関するトラブルを未然に防ぐための対策が必要だと考えますが、見解を伺います。",2025,2025/10/01,決算特別委員会,議員
,令和7年　決算特別委員会(第4日　10月1日),山本委員,山本理恵,"それぞれ御答弁ありがとうございます。今後の展開に期待するところなんですけれども、今回設置したおくやみコーナーでは生前の相談にも乗っているということで、死後手続の相談のみではないということなので、ぜひとも、もしものときに遺族が困らない備えをお願いしたいと思います。

紙の通帳がなくなると、第三者から銀行口座の存在を認識してもらえない可能性が出てきます。インターネットバンキングや銀行のアプリは、セキュリティ機能によって口座内容の閲覧を制限されているため、第三者は簡単に内容を確認することができないそうです。そのため、相続の際に預金口座の発見が遅れてしまう可能性もそうなんですけれども、生前の福祉的な手当とか助成など、公金の確認も見落とされる可能性もあるかなと考えております。通帳をパソコンやスマートフォンで閲覧するペーパーレス化、デジタル化の流れが加速する中で、紙の通帳においては、一定期間以上記帳されていないと、２年以上ですかね、口座利用がないと預金口座は自動的に停止されるそうです。高齢者は対象外とはなっているそうなんですけれども、今後様々な問題が生じるのではないかと感じています。

また、2018年に施行された休眠預金等活用法によって、10年以上放置された預金は休眠預金として扱われることになっております。休眠預金と言われているお金の中には、亡くなった方の遺族が預金に気づかないまま放置しているものが相当数あると言われております。亡くなった人の預金口座、銀行の口座が休眠預金だと、相続の際に支払手続もすごく複雑になるそうです。しっかり未然に防ぐ対策が必要だと感じております。

１点、ちょっと要望なんですけれども、おくやみコーナーで様々な相談サポートを行っている家庭で、高齢者夫婦の片方の方が亡くなった場合、残された方は単身の高齢者、ひとり暮らしの高齢者となってしまいます。身寄りのないひとり暮らしの高齢者もいらっしゃるかと思いますので、そういった場合、残された遺族の不安を軽減するためにふくしの総合相談窓口につなぐなど、区民部と福祉保健部の連携をしっかりと取っていただければと思います。しっかり切れ目ない支援をお願いいたします。

続いて、戸籍関連事務の区民葬儀についてです。区民部区民生活課では、区民が経済的な負担の少ない葬儀を営めるように、区民葬儀取扱業者を案内するとともに、区民葬儀券を交付しています。死亡届を提出する際に区民葬儀券も併せて申し出るとともに、区民葬儀取扱指定店に直接、区民葬儀利用の旨を申し出る流れとなっております。そこで、近年の区民葬儀の状況、例えば年間の発行件数など、お分かりになりましたらお聞かせいただければと思います。また、区民葬儀の課題についてもお聞かせください。さらには、区民葬儀券は、国民健康保険や後期高齢者医療保険の葬祭費７万円と併用できるのかも確認させてください。",2025,2025/10/01,決算特別委員会,議員
,令和7年　決算特別委員会(第4日　10月1日),山本委員,山本理恵,"それぞれ御答弁ありがとうございます。

令和６年度は300件の利用実績があったということで、前委員とのやり取りで死亡除籍が約900名ということだったので、大体３分の１ぐらいの方が区民葬儀を利用されているという理解でよろしいでしょうか。なかなか単純には言えないかと思うんですけれども。

国民健康保険や後期高齢者の葬祭費と併用は可能ということでした。

令和６年度を遡ってみますと、区民生活課から区民葬儀の霊柩車の運送料金の改定についての報告がありました。その後、令和７年７月に特別区区民葬儀における助成制度の創設についての報告がございました。特別区は、令和８年度から当面の間、23区共通の助成制度を創設することを検討しているとのことです。

特別区長会のホームページを拝見させていただきました。令和６年度の区民葬儀券の発行は１万1,170件だったとのことです。このうちの300件が、中央区が利用しているものだと思います。そこでお聞きしたいのですが、特別区長会では、助成制度創設の理由や、火葬場の在り方に係る特別区のこれまでの取組、また特別区長会の活動などが説明されていました。それを拝見させてはいただいているんですけれども、改めて中央区として、区民葬儀をめぐる動きや火葬の在り方に対する区のお考えをお聞かせいただければと思います。また、本区財政に与える影響についてもお聞かせください。

さらに、区民葬儀取扱指定店との連携・協力を強めていくということなんですけれども、区内に４か所あるこの指定店は、今回の特別区の助成制度の共通の創設についてどのような反応を示しているのか、お聞かせいただければと思います。",2025,2025/10/01,決算特別委員会,議員
,令和7年　決算特別委員会(第4日　10月1日),山本委員,山本理恵,"それぞれ御答弁ありがとうございます。

今後については、特別区長会で検討がなされることと思います。また、先日９月25日の都議会定例会において、都知事が所信表明も行っております。東京都は、火葬場を指導・監督する区市町村と連携して、料金を含む火葬場の経営管理に対する指導が適切に行えるよう、法の見直しを国に求めていくといった表明をして、火葬能力の強化に向けた取組を検討するとのことでした。

今回のような火葬場の火葬料金の値上げに関しては、火葬場の経営に葬儀の簡素化が大きく影響しているのではないかと感じております。コロナのときに葬儀が非常に簡素化されましたよね。葬儀の簡素化が葬儀単価の低下をもたらし、葬儀料金の高騰、また火葬料金の値上げにつながっているのではないかと感じております。また、コロナを経て葬儀が簡素化された一方で、高齢者人口の増加に伴い、火葬場不足による火葬待ちが現在発生しております。特別区共通の公営火葬場の設置など、将来に向かって安定した火葬体制の確保を要望します。

最後に、葬儀の場としてのセレモニーホールと浜町メモリアルについてもお聞きしてまいりたいと思います。どちらも区民葬儀費用の経済的な負担の軽減を目的にしております。それぞれの施設の現在の利用状況と課題についてお聞かせください。また、コロナを経て葬儀の在り方が変化しておりますけれども、今後の施設運営の方向性についてもお聞かせいただければと思います。",2025,2025/10/01,決算特別委員会,議員
,令和7年　決算特別委員会(第4日　10月1日),山本委員,山本理恵,"それぞれ御答弁ありがとうございます。

今、利用率が非常に低い状況ではありますけれども、施設の性質上、一定の需要、ニーズがあるということで、ただその一方で人件費や物価高騰など、運営コストは増加しているんだと思います。今後のこの施設の在り方について、十分に検討をお願いして質問を終わります。",2025,2025/10/01,決算特別委員会,議員
,令和7年　決算特別委員会(第5日　10月2日),山本委員,山本理恵,"よろしくお願いします。私からは、特定不妊治療医療費助成についてと保健所・保健センターの母子保健事業について、とりわけ乳幼児健診や歯科健診についてお聞きしてまいりたいと思います。

まずは、特定不妊治療医療費助成についてです。

本当に、もう何度も何度もお聞きしているものなんですけれども、今回、予算額が１千万円、決算額が44万3,390円ということでした。どうしても、この数字を見ますと現実と実績に乖離があるように感じております。令和４年４月から公的医療保険が適用されました。保険診療と併せて実施した先進医療に係る費用の一部を助成するものです。助成要件は、東京都の特定不妊治療費助成の交付決定を受けていることとなっております。東京都の上乗せ事業として区は実施しております。

まず、この事業の目的を確認させてください。また、当初予算の申請見込みと決算実績、この決算実績44万円をどのように受け止めていらっしゃるのかお聞かせください。",2025,2025/10/02,決算特別委員会,議員
,令和7年　決算特別委員会(第5日　10月2日),山本委員,山本理恵,"それぞれ御答弁いただき、ありがとうございます。今、御答弁の中で、保険診療と併せて実施した先進医療が28％程度であるということですね。分かりました。確認させていただきました。

昨年の決算特別委員会の審議でも、特定不妊治療費助成について質疑をさせていただきました。昨年の時点では、経過措置として助成されたものが149件だったのに対し、実績としてはゼロでありました。保険適用がスタートしてからの実績としてはゼロということでありまして、今回が７件ということです。本事業は保険適用された特定不妊治療と併せて実施した先進医療が対象となっております。その対象が28％程度ということでした。保険診療とは別に、単独で先進医療を実施した場合は対象外です。また、保険適用の治療と保険適用外の治療を組み合わせた場合は、混合診療となりますので、保険適用になった部分も全額自己負担となります。不妊治療には保険診療と先進医療の対象とならない自由診療が多いことから、保険適用によって、確かに本人負担が軽減された方もいらっしゃるんですけれども、その一方で、負担が増した方がいらっしゃいます。実際の治療というのは、本当に経済的負担の重いものであります。

そこで、これまでもずっとお願いをしているんですけれども、本区において、自由診療に対する助成の現在の考え方についてお聞かせください。",2025,2025/10/02,決算特別委員会,議員
,令和7年　決算特別委員会(第5日　10月2日),山本委員,山本理恵,"御答弁ありがとうございます。

自治体によっては、自由診療に対する助成をしております。ほか自治体と同じようにとは言いませんけれども、やはり検討はしていただきたいなと。よりよい制度となるように、より使いやすい制度となるように検討していただきたいと思っております。不妊治療は本当に期待と落胆の繰り返しで、肉体的にも精神的にも経済的にも非常に負担が重いものです。子供を望む一人でも多くの方を支援する、現実に即した助成制度となることを望みます。

本区の子ども・子育て支援は、妊娠期から出産・子育て期までの切れ目のない包括的な支援を行っていますが、子供を授かった家庭だけではなくて、子供を望む家庭に対してもぜひ支援をしていただきたいと考えております。子供を望む家庭の切実な願いを受け止めていただいて、当事者の心に寄り添った支援をお願いします。

では、次の質問に移らせていただきます。保健所・保健センターの母子保健事業についてです。

母子保健事業は、中央区役所、日本橋保健センター、月島保健センター、そして新たに設置された晴海保健センターにおいて実施しております。令和６年度における乳幼児健診などの母子健康診査、また産後ケアなどの母子保健指導、そして出産・子育て応援事業なども母子保健指導に入りますかね。それと、母子歯科健康診査、歯科健診です。これらの状況について、まず確認させてください。とりわけ、新たに設置された晴海保健センターの運営状況と、管轄地区が佃・月島のみと変更になった月島保健センターの運営状況の変化についてもお聞かせください。",2025,2025/10/02,決算特別委員会,議員
,令和7年　決算特別委員会(第5日　10月2日),山本委員,山本理恵,"それぞれ御答弁ありがとうございます。

まずは、晴海と月島の保健センターの状況についてですけれども、管轄区域が２つに分かれたということ、変更になったということで、月島のほうは人口が現在減少していると。利用人口が３割ほど減少していると、たしか行政評価に載っていたんですけれども、施設に余裕が生じて、より丁寧な対応ができているかと思います。今後も再開発で、また人口増加となりますので、引き続き安全かつ円滑な健診実施体制の確保をお願いします。

そして、乳幼児健診のほうですけれども、保護者の方から、少し分かりづらいといったお声をいただいております。公費で実施する健診と私費で実施する健診があったり、また、保健所で実施するものがあったり、医療機関でするものがあったり、１歳６か月児健診に関しては、歯科検診だけ保健所等で健診を受け、内科健診は医療機関で行う。非常に分かりづらい。確かに、パンフレットとかで非常に丁寧に説明はされているんですけれども、一般の保護者の方には分かりづらいのかなと思っております。

健診については、１歳６か月児健診のところを質問させていただきたいんですけれども、内科の健診は区内の医療機関でお願いしていて、歯科健診は保健所・保健センターで実施しております。別々に実施している理由がございましたら、お聞かせください。

また、歯科健診を医療機関で行うことは可能なのかどうか。逆に、内科健診を保健所で行うなど、同時に行うことが保護者にとっての利便性の向上につながるかと思うんですけれども、分かれている理由です。もちろん、スペースやマンパワーの問題とかがあるかと思うんですけれども、そちらについてお聞かせいただければと思います。",2025,2025/10/02,決算特別委員会,議員
,令和7年　決算特別委員会(第5日　10月2日),山本委員,山本理恵,"御答弁ありがとうございます。かかりつけ医、また、歯の生える時期の問題等があるということで理解いたしました。

ただ、内科健診のほうは９割の方が受診している一方で、歯科健診は大体７割となってしまっている現状も受け止めていただきたいと思います。やはり保護者の多少の負担にはなっているのかなと感じております。また、案内が別々にではなくて、案内は一緒に届くんです。うちの子のときもそうなんですが、案内は一緒に届く。ただ、誕生日が過ぎてから届いたりする場合もありますので、案内の発送時期についても再度見直しをお願いしていただきたいと思います。健診だけのときは誕生日より前に健診票が届くんですけれども、歯科健診があるがゆえに、そこに合わせてしまって、１歳６か月児健診のところだけ案内が少し遅くなっているそうなんです。そのために、医療機関で先に自己負担しなければいけない状況が見受けられますので、案内の発送時期について再度確認をしていただければと思います。

次に、すくすく歯科相談について伺ってまいりたいと思います。

これも新規事業です。新規事業、すくすく歯科相談です。健全な口腔機能の育成を支援するために、乳歯列が完成する３歳頃の時期を対象とした歯科事業を保健所・保健センターで実施しております。対象は２歳７か月から４歳未満の子供となっております。

まず、新規事業として実施に至った背景についてお聞かせください。また、今回の実績についてもお聞かせください。

さらに、３歳児健診のときの歯科健診でも、歯科相談ができる体制を整えているんですけれども、３歳児健診と一緒に行っている歯科健診とすくすく歯科相談の違いについても確認をさせてください。",2025,2025/10/02,決算特別委員会,議員
,令和7年　決算特別委員会(第5日　10月2日),山本委員,山本理恵,"それぞれ御答弁ありがとうございます。

３歳児健診で行っている歯科健診や虫歯の予防や有無、また、すくすく歯科相談においては口腔機能の育成支援ということで、違いがあるということで理解させていただきました。また、今回、すくすく歯科相談においては、非常に満足度の高い、好評な事業となっているということで理解いたしました。

歯科健診には、乳幼児歯科健診のほか、産前・産後歯科健康診査であったり、成人歯科健康診査、高齢者歯科健康診査などがございますけれども、これらの健診の目的、また受診の状況などを伺えればと思います。

私も、もちろん区民ですので、産前・産後歯科健康診査であったり、成人歯科健康診査の案内を頂くことがございます。ただ、なかなか使う機会に恵まれていない現状がございます。なぜならば、歯医者での歯の治療と歯科健診は同時に行うことができないそうです。歯科健診は、歯の治療やクリーニングなどのメンテナンスなどと同日にできないと言われます。違うんですよね。多分歯医者側の手続の問題なのかと思うんですけれども、そういった状況があることや、また、職場の歯科健診を受診している方、また、定期的に歯医者に通っている方にとっては、特に不要な健診となってしまっているのではないかと感じております。一方で、長らく歯医者に通っていない方については、自発的に受診してもらうというのはなかなか難しい。困難を極めることなのかなと感じております。受診率向上に向けた取組についてもお聞かせください。",2025,2025/10/02,決算特別委員会,議員
,令和7年　決算特別委員会(第5日　10月2日),山本委員,山本理恵,"それぞれ御答弁ありがとうございます。

今回、歯科健診について、るるお聞かせいただいたんですけれども、今、国のほうが、生涯を通じた歯科健診、いわゆる国民皆歯科健診に向けた取組を推進しております。歯科健診の義務化です。歯科健診の義務化は、口の中の健康が全身の健康に直結するという考えが根底にあります。国民皆歯科健診は、全ての国民が生涯を通じて定期的に歯科健診を受けることを目指す制度です。歯の健康を守る人が増えることは、医療費の削減につながる、そういった発想で進めています。

本当に様々な歯科健診を区のほうで実施していただいているんですけれども、今後、歯科健診が当たり前の習慣として根づいていくことが求められていると思います。子供の頃から歯科健診を受けやすい環境の整備をしていくことも大切であると感じております。当然、小・中・高校などで学校保健安全法に基づいて歯科健診が実施されているかと思います。また、未就学児においては、保育所や幼稚園などでも実施されております。今後、５歳児健診を実施することを検討しているということなんですけれども、このときに歯科健診も同時に行うことも検討していただければと思います。５歳になる子供は、乳歯から永久歯にちょうど生え替わる時期です。食べられるものも増えて、虫歯も増える時期でもあります。ぜひ、この歯科健診の検討もお願いします。

大分時間も延長しておりますので、ここで質問は終わらせていただきます。",2025,2025/10/02,決算特別委員会,議員
,令和7年　決算特別委員会(第6日　10月3日),山本委員,山本理恵,"よろしくお願いいたします。私からは、自転車の活用推進計画について、また、公園について、そしてリサイクル、リユース事業の普及啓発について、まだ時間がありましたら、ごみ資源についてお聞きしてまいりたいと思います。

まず、自転車活用推進計画の策定について伺ってまいります。

本計画では、本区の自転車に関する現状の分析結果から、課題を整理しております。自転車は環境に優しい交通手段、また、地域交通の補完的な役割を担う一方で、駅前やまちなか、銀座などの繁華街では路上駐輪が課題となっております。自転車は便利なものであり、一方で迷惑なものともなっております。

そこで、本区における自転車の在り方について改めてお聞かせください。また、自転車の利用にまつわる課題についてもお聞かせいただければと思います。",2025,2025/10/03,決算特別委員会,議員
,令和7年　決算特別委員会(第6日　10月3日),山本委員,山本理恵,"それぞれ御答弁いただきありがとうございます。自転車の安全性、通行空間の整備、利用者の利便性の向上、そして放置自転車対策等々、本当に多岐にわたる施策を講じていかなければならないと感じております。

この自転車活用推進計画について質問を作成しているときに、自転車マップというものを拝見しておりました。以前は駐輪場の場所の一覧と放置自転車禁止区域の一覧、これは別々だったんですけど、全部が一緒くたになって非常に分かりやすいなと、裏面のほうには交通マナーも書かれていたり、本当にすごくすばらしいマップができたなと、多くの人に手に取っていただきたいなと思った次第です。

駐輪場、放置禁止区域、自転車通行空間など、自転車に関する総合的な情報がこの地図には記載されております。そこで、区内のこの駐輪場の利用状況、現在の状況についてまず１点、確認をさせてください。２点目に路上駐輪自転車の状況ですね、こちらについて、３点目に、自転車用ヘルメットの購入助成とヘルメットの着用状況についても確認をさせてください。",2025,2025/10/03,決算特別委員会,議員
,令和7年　決算特別委員会(第6日　10月3日),山本委員,山本理恵,"それぞれ御答弁いただき、ありがとうございます。駐輪場に関しては、やはり地上の駐輪場は利用率が高いけれども、地下はなかなか利用していただけないということで理解いたしました。いかにこの地下の駐輪場を使っていただくかというのが課題であると考えております。

また、路上駐輪の自転車の状況については、最近では駅前よりもまちなかのほうが増えてきているということで、この放置自転車の禁止区域を中央区で設けているんですけれども、この放置自転車禁止区域の指定のエリアとシェアサイクルの在り方、この関係についてはどのようにお考えか、お聞かせいただければと思います。

そして、３点目の自転車ヘルメットに関してですけれども、令和５年度より令和６年度のほうが周知が進んで、件数も増えているのかなと思いました。その辺は安心したところです。今後は購入していただいた方がいかにかぶっていただくか、これが課題だと考えております。

今のところでは、放置自転車禁止区域の指定とシェアサイクルの在り方について再度御質問させていただきます。

これに併せて、今度、自転車通行空間の整備についてもお聞きしてまいりたいと思います。

歩行者、そして自転車、自動車が共に安全・安心、快適に通行できる交通環境の実現を目指して、自転車ネットワーク路線を計画的に整備していくとのことです。決算書287ページを拝見しますと、自転車ナビマーク・ナビラインの設置として、決算額約2,722万円が計上されておりました。令和６年度はどこの地域にこのナビマーク・ナビラインを設置されたのか、お聞かせください。",2025,2025/10/03,決算特別委員会,議員
,令和7年　決算特別委員会(第6日　10月3日),山本委員,山本理恵,"それぞれ御答弁いただき、ありがとうございます。本当に自転車の課題、自転車利用を進めるに当たって自転車の課題はいろいろ出てくるのかなと感じているところです。また、自転車ナビマーク・ナビラインの設置は、令和６年度は２か所で行ったということです。今後もより一層推進していただきたいなと考えるところです。

自転車推進活用計画では、自転車ネットワーク路線の整備方法の選定として、原則として車道上で、車道混在を基本に整備を進めていくとのことです。選定路線以外は地域の実情に応じて、また、路上パーキング、バス停等がある路線は道路の特性を鑑みて検討していくということなので、その地域の実情に合わせて、できるだけ整備していくということなんだと思うんですけれども、例えば地域の事情によってはなんですけれども、地下空間を活用した自転車通行空間の整備といったことも検討できるのではないかと考えております。

今後築地の再開発等がありますけれども、自転車は、今後歩道ではなく、車道が原則なわけですから、地下の部分、自動車と同じ部分ですよね、そこを走っていただくとか、そういったことも検討の余地があるのではないかと思うんですけれども、こちらに対する見解をお願いします。

あわせて、校庭を活用した自転車練習場所の確保についてもお聞きしてまいりたいと思います。公開空地や公園での遊び場が少ない本区において、児童や保護者が自転車を安全・安心に練習できる場所を提供しております。実施場所は区内小学校３校、明正小、日本橋小、月島第一小でした。この実施状況と課題、今後の展開についてもお聞かせください。",2025,2025/10/03,決算特別委員会,議員
,令和7年　決算特別委員会(第6日　10月3日),山本委員,山本理恵,"それぞれ御答弁いただき、ありがとうございます。まず、自転車の通行空間について、先ほど築地の例を出したときに、築地は車が１階で人が２階レベルですね。地下と１階と間違えてしまい、失礼いたしました。ただ、言いたいことは、車の走るところに自転車を走らせるということでした。

土地の価格が高い中央区において、今駐輪場を地下に造っているということもあって、地下という空間もやっぱり有効活用していけるのではないかなと。地下に自転車通行帯があれば、地下の駐輪場に必ず入れるでしょうから、そういった利便性もあるのかなと考えております。

そして、子供の自転車の練習場所の確保についてです。学校の中で練習場所を確保していくことは難しい、難航しているといった御答弁をいただきました。本当に学校というのは、今いろいろな用途で使われていて、なかなか本当に難しいんだろうなと感じております。ただ、一方で、この自転車の練習、またマナー教室であったりというのは、保護者の方たちに非常に好評であって、満足度も高い事業であるということで、より充実していく必要はあると感じております。また、保護者の方々からは練習場所の不足、練習場所の確保を望む声が非常に大きいといった現状がございます。

そこで、今回提案なんですけれども、最近、私の周りでも子供たちが三輪車とか、自転車に乗るようになって、みんなどこで練習しているのかというのをお聞きしたところ、江東区の越中島公園で練習しているとおっしゃるんですね。佃から相生橋を渡ったところなんですけれども、越中島公園に子供用自転車を無料で借りられて、車の通らない安全な園内で練習することができる場所が確保されております。隅田川に沿って細長く伸びる公園なんですけれども、こちらに車道や信号などもあって、交通ルールを学べるような環境が整っております。自転車が借りられるということなので、自転車デビュー前にサイズ確認などもできるような状況となっております。

本区で、こういった適した場所があるのかということを考えた場合、例えば晴海臨海公園であったり、晴海緑道公園、こういった細長い公園の特性を活用して、子供の自転車の練習場所に活用できないのかと考えますが、見解を伺います。",2025,2025/10/03,決算特別委員会,議員
,令和7年　決算特別委員会(第6日　10月3日),山本委員,山本理恵,"御答弁ありがとうございます。現在、中央区は公園内は条例で自転車の乗り入れを禁止しているということで、ただ、今後は検討していただけるということで、ぜひ検討していただければと思います。

自転車に関しては、最後に１つ、来年、令和８年４月から自転車の青切符の導入が始まります。生活道路の法定速度が30キロに引き下げられたり、走行マナーや道路利用に直結する法改正であると思っております。来年の道路交通法の改正を踏まえて、本区は何か取り組もうとお考えになられているか、お聞かせください。

そして、公園についても併せてお聞きしてまいります。

令和６年度、新規事業として区立公園のデイキャンプ場予約システムの導入がございました。令和７年１月利用分から、利用者の利便性を図るために、空き状況の紹介や、また、利用申込みなど、インターネット上で行う予約システムです。

デイキャンプ場は、区内の築地川公園、浜町公園、豊海運動公園の３か所にございますけれども、このインターネットで行う予約システムが導入されてからの状況、オンライン予約が先着順であったかと思うんですけれども、今どういった状況になっているのか、また、利用者の声などお聞かせいただければと思います。",2025,2025/10/03,決算特別委員会,議員
,令和7年　決算特別委員会(第6日　10月3日),山本委員,山本理恵,"それぞれ御答弁いただき、ありがとうございます。自転車に関しては、新たな交通ルールの周知、啓発をお願いいたします。

そして、デイキャンプ場の予約システムに関しては、先着順というのがかなり課題であるかなと感じております。今後の状況を見ながら、抽せんにするなり御検討いただければと思います。

では、公園・児童遊園の管理事業についてもお聞きしてまいりたいと思います。

中央区内には、58の区立公園と31の児童遊園がございます。年間の維持管理には、決算額10億4,637万円ということで、かなり大きなコストがかかっていると感じております。公園施設の安全・安心を確保しながら、効率的な維持管理や更新を行ってきております。そこで、まず公園の維持管理の現状と、現在の課題についてお聞かせいただければと思います。",2025,2025/10/03,決算特別委員会,議員
,令和7年　決算特別委員会(第6日　10月3日),山本委員,山本理恵,"御答弁いただき、ありがとうございます。今、人口が増加して、区民１人当たりの公園面積が縮小して、子供たちが増えて、本当に多くの子供たちが公園で遊ぶようになっております。

たまに晴海ふ頭公園へ行きますと、もう本当に複合遊具が物すごく込み合っていて、逆に危険を感じるぐらいの状況であります。一方で、中央区の公園というのは必ずしも規制ばかりではなく、例えば花火ができるとか、江東区の方々からは羨ましがられたりもしております。これは、みんながルールを守ってきたから、マナーを守ってきたからできることだと感じております。

１つ、公園の有効活用として、あかつき公園の冒険広場の管理運営の在り方についてお聞きしてまいりたいと思います。

中央区では、新たな公園用地確保は非常に難しい、困難であることから、今ある公園等を最大限活用していくことが望まれます。あかつき公園の冒険広場は管理人がいて、清掃やメンテナンスが行き届いている、一方で開園時間が限られている、制限されております。朝９時から大体５時まで、冬は４時にはもう閉まってしまうので、それ以降使えないといった現状がございます。

冒険広場の前には滑り台やブランコ、砂場があるあかつき公園があるんですけれども、平日の昼間というのは、子供たちは学校に行ったり、保育園に行ったりしているので公園にはいないわけですよね。もし公園に行くとしたら、その後、帰りに寄るわけなんですね。なので、今も夕方はもう子供たちであふれているんですね。そのあかつき公園の滑り台があるほうの公園であったり、また、その近所の築地川公園においては物すごく子供たちが多いにもかかわらず、この冒険広場が閉まっているがゆえに、そこの公園が使えない、遊べないといった状況が見受けられます。非常にもったいないなと感じるところです。貴重なこの公園の空間が開放されていないことが非常にもったいないなと感じております。

このあかつき公園なんですけれども、昔、2016年に放送された、出没！アド街ック天国で第５位にランキングしたことがあるということで、確かに子供たちに、例えばロープのものとか、人気はあるんですけれども、やはり開園時間が制限されている、ここについてどのように考えていらっしゃるのか、また、今後リニューアルとかの御検討はされないのか、お聞かせいただければと思います。

もう１点付け加えるとすると、物すごく自然環境が豊かであるがゆえに、時として夏場は蚊が大量発生していて、管理人の方が、公園なのに蚊取り線香を置くような状況も生じております。こういった現状もありますので、どのように考えていらっしゃるのか、お聞かせください。",2025,2025/10/03,決算特別委員会,議員
,令和7年　決算特別委員会(第6日　10月3日),山本委員,山本理恵,"御答弁いただきありがとうございます。ぜひ今後検討していただければと思います。今、中央区では、公園の管理についてはＰａｒｋ－ＰＦＩの導入であったり、いろいろ検討されているかと思いますので、例えば公園の維持管理における指定管理者制度の導入など、こういったこともぜひとも検討していただければと思います。

以上で終わります。",2025,2025/10/03,決算特別委員会,議員
,令和7年　決算特別委員会(第6日　10月3日),山本委員,山本理恵,"本日最後の質疑となります。よろしくお願いいたします。

私からは住宅セーフティネットについて、前委員と重複する部分もございますが、角度を変えて質問してまいりたいと思います。

まず、まちづくり支援事業制度、コミュニティファンドについてお聞きしたいと思います。このコミュニティファンドは平成２年４月に創設されました。この制度の成り立ちと運用について簡単に御説明いただければと思います。",2025,2025/10/03,決算特別委員会,議員
,令和7年　決算特別委員会(第6日　10月3日),山本委員,山本理恵,"本当に簡単に御説明いただき、ありがとうございます。居住継続を支援する事業はよく分かっておりまして、このコミュニティファンドなんですけれども、家賃補助、ソフトの部分と、施設管理、ハードの部分があるかと思います。居住継続支援として、居住継続援助事業、家賃補助の部分ですね、こちらについては令和６年度決算で大体４億円ほど計上されておりました。開発協力金を原資に、再開発区域内の従前居住者、借家人に対し、開発後の新しい賃貸住宅に引き続き居住できるよう、区が家賃の一部を補助するものです。今現在、５か所の開発事業が対象となっているかと思います。この居住継続支援事業の補助対象世帯の現在の状況について、確認をさせてください。

また、ハードの部分、施設管理の部分ですね、まちづくり支援用施設、こちらの管理に関しては大体２億円が決算額として上がっておりました。居住継続支援事業の対象となる借家人の住宅を提供するものです。令和６年度は大規模マンションの建て替えにより、仮住宅を60戸ほど提供したということです。こちらのまちづくり支援用施設の状況についても確認をさせてください。",2025,2025/10/03,決算特別委員会,議員
,令和7年　決算特別委員会(第6日　10月3日),山本委員,山本理恵,"それぞれ御答弁いただき、ありがとうございます。まちづくり支援用施設に関しては、区立まちづくり支援用施設と借り上げまちづくり支援用施設があるかと思うんですけれども、ちょっと計算してみたら約350戸ぐらいあるかと思うんですね。そのうちの空きは今10戸程度ということで理解いたしました。

行政評価171ページによると、居住継続支援事業による補助期間は30年ということで、この５か所の地区のうち、晴海一丁目まちづくり支援用施設は令和８年に補助期間が終了するということです。今、戸数は127戸という御答弁をいただきました。家賃補助期間が満了する入居者に対して、今どのような対応をされているのか、今現在の課題についてお聞かせください。",2025,2025/10/03,決算特別委員会,議員
,令和7年　決算特別委員会(第6日　10月3日),山本委員,山本理恵,"御答弁ありがとうございます。補助満了に対する入居者への説明が今なされているということで、満了世帯が今どのぐらいになるのか、これもちょっと後ほどお聞きしたいんですけれども、高齢の方が多い現状があって、家賃が上昇して払えなくなれば、住み替えをしなきゃいけない、先ほどの前委員の質疑でもありましたけれども、非常に今、住み替えが困難な状況にあるということで、大変心配しております。

この課題なんですけれども、新たな家賃補助制度のセーフティネット住宅、これも結局は補助期間があるため、補助期間満了後のまた居住支援が必要になるということ、そして、単身高齢者の住み替えは、入居後の家賃滞納とか、孤独死といいますかね、のリスクがあるから、大家の不安や拒否感が多いということ、貸し渋りですよね、があるということ、また、高齢者以外の住宅確保要配慮者においては、そもそもこのセーフティネット住宅の運営事業者が少ない、こういったことも課題として挙げられております。

そこで、区内のセーフティネット住宅の状況について確認をさせてください。

行政評価には１施設14戸と書いてあったかと思うんですけれども、現在の状況と、これを増やす取組の状況の確認をさせていただければと思います。",2025,2025/10/03,決算特別委員会,議員
,令和7年　決算特別委員会(第6日　10月3日),山本委員,山本理恵,"それぞれ御答弁ありがとうございます。高齢者の住宅支援として、先ほども少し挙がっていたんですけれども、あんしん居住制度利用助成や家賃債務保証制度利用助成というものがございます。この助成制度の現在の利用状況について実績なども教えていただければと思うんですけれども、過去の一般質問において、高齢者等住宅確保要配慮者の居住支援について取り上げたことがございました。高齢者等の住宅確保は大きな社会問題になる可能性があるからです。住宅に困っているだけでなくて、複合的な課題を抱えている場合が多いことから、住宅政策と福祉政策が一体となった居住支援の在り方を検討していく必要があると述べさせていただきました。住宅と福祉、さらには医療が緊密に連携し、入居相談から死後事務まで見据えた居住支援、これが今後必要となると考えますけれども、見解を伺います。

また、そのときの答弁なんですけれども、地価や、また不動産相場が非常に高い本区においては、セーフティネット住宅事業への参画意欲が得にくい状況がある、都心特有の課題であると認識していると、今、都市整備部長にお答えいただいたとおりの御答弁をいただきました。ただ、中央区においては家賃債務保証制度や緊急通報システム、見守りサービスなど各種サービスが整っていたり、また、先ほどのあんしん居住制度によって、個人の葬儀や財産の片づけなどが行えるということで、様々な支援体制が整っているかと思いますので、まずは住宅を提供する事業者側のリスクの回避として、周知を図るのもそうなんですけれども、居住者が抱える不安や課題への対応としても、この双方に対して、こういった支援制度があるということをしっかりと周知して、活用していただけるよう働きかけていくことが大切なのではないかと考えていますが、見解を伺います。",2025,2025/10/03,決算特別委員会,議員
,令和7年　決算特別委員会(第6日　10月3日),山本委員,山本理恵,"御答弁いただきありがとうございます。このあんしん居住制度と家賃債務保証制度については、以前から本当に利用がされていないなと思っております。利用されない理由というのが何なのかなと思うところであります。周知不足なのか、利用しづらいのか、そういった対象がいないのか、この辺に課題意識を持っているところです。

つい最近の令和７年10月から、高齢者をはじめ、住宅を借りづらい人たちへの支援を拡充する改正住宅セーフティネット法が施行されました。改正法では、入居と管理の両面で安心できる環境を整えることを目的として、住民の残置物を円滑に処理する仕組みの整備や、家賃滞納に備える家賃債務保証制度の新設、ＩＣＴ技術を活用した居住サポート住宅の供給など、そういった支援策の拡充が盛り込まれているんですけれども、法改正がなされたとはいえ、もう既に中央区においてはやっているものなんですよね。ただ、それがうまく使われていないこの現状が課題であると考えておりますので、今後この件に関してどういった対応ができるのか、検討していただければと思います。

本当は本日、この住宅関係で区民住宅借上住宅と区営住宅についてもお聞きしてまいろうと思ったんですけれども、時間も過ぎておりますので、総括でまた質問させていただきます。",2025,2025/10/03,決算特別委員会,議員
,令和7年　決算特別委員会(第9日　10月8日),山本委員,山本理恵,"本日最後の質問となります。よろしくお願いいたします。私からは、子供や障害者のスポーツ参加や体験活動の充実をテーマに質問を展開させてまいりたいと考えております。これまでの総務費、環境土木費、都市整備費の質疑の中で残した質問に関しては、最後に時間に余裕があれば質問させていただこうと思っております。

では、まず新規事業、国立競技場における中学校連合陸上競技大会の開催について伺います。こちらの事業に関しては、500万円ほどの予算が計上されておりました。その内訳について、まず確認をさせてください。本事業は、令和６年４月の晴海西中学校の開校を機に、東京2020大会のレガシーである国立競技場において、令和６年９月10日火曜日、中学校連合陸上競技大会を開催したものです。各校から代表100名ずつが参加したということです。５校の生徒が一堂に会した大会当日は、お天気にも恵まれたとお聞きしております。また、教育委員会が出している広報紙かがやきナンバー186において大会の様子が一部伝えられておりました。

まず、この大会開催に至った背景、また、大会運営や大会当日の状況、生徒や保護者の声などについてお聞かせください。",2025,2025/10/08,決算特別委員会,議員
,令和7年　決算特別委員会(第9日　10月8日),山本委員,山本理恵,"それぞれ御答弁いただき、ありがとうございます。非常に教育効果の高い貴重な取組、経験だったとお聞きして、私も本当にそうだろうなと思って、今回決算特別委員会でお聞きしたんですけれども、また、ＰＴＡの協力があってこその大会開催だったんだと思います。もちろん中学生の体力向上をはじめ、世界のトップアスリートか活躍した舞台で競技することを通して、生徒たちの夢や希望を大きく育む取組となったということなんですけれども、この大会を通じた学校間交流であったり親睦、これはその後どのように継続させていくのか、この辺についてもお聞かせください。

併せて本区では、学校の授業以外の運動機会の創出や校外学習の機会の充実に努めているかと思うんですけれども、例えば学校・幼稚園2020レガシーの推進、これはオリパラ教育だと思うんですけれども、また、小・中学校におけるマイスクールスポーツ、一校一国運動に継続的に取り組んでおります。決算書304ページを拝見しますと、学校・幼稚園2020レガシーの推進として、予算が540万円、決算が約367万円ということで執行率約68％となっております。少し下がってきているのかなと感じております。このオリパラ教育や一校一国運動の取組の現在の状況、また、これまでの効果などについてもお聞かせください。",2025,2025/10/08,決算特別委員会,議員
,令和7年　決算特別委員会(第9日　10月8日),山本委員,山本理恵,"それぞれ御答弁ありがとうございます。スポーツを通じた学校間交流、また音楽会等々行っているということなんですけど、こういった学校間交流はすごく大事なことだと思いますので、今後も様々な機会を使ってぜひとも行っていただきたいと思います。

また、一校一国運動、オリパラ教育なんですけれども、子供たちの体力向上等を図っているということなんですけれども、令和７年度教育に関する事務の管理及び執行の状況の点検及び評価（令和６年度分）の結果に関する報告書の90ページによると、子供の体力水準を昭和60年頃の水準まで引き上げることを目標としています。現在の子供たちの体力についてどのように捉えていらっしゃるのか、お聞かせください。

併せて、今年は９月に世界陸上が開催されました。また、今年の11月にはデフリンピックが開催される予定となっております。まず世界陸上に関しては、東京都のほうが都内の子供たちを無料で招待するプログラムを実施しました。都内の小・中学生を中心に総勢４万人を無料招待したそうです。また、都内の小学校に、東京2025世界陸上開催記念バトンを寄贈しました。バトンプロジェクトを実施しています。区内の一部幼稚園においても、小学校からバトンをお借りして、園児がそのバトンを持って、選手になり切って校庭を走ったなんていったお話もお聞きしております。区内小学校、幼稚園、中学校においても、かなり大きな影響があったのかなと感じております。臨場感あふれる会場での観戦を通じて、子供たちにスポーツの魅力や夢を届け、未来のアスリートの創出へとつながるようなこのような取組をとても評価しております。

また、デフリンピックに関しては、これから行われるわけなんですけれども、東京都のほうが、パラスポーツメモリアルイベントとして、東京2025デフリンピックの開催時期に合わせて、デフスポーツも含めたパラスポーツ体験イベントを新たに実施する予定だそうです。世界陸上やデフリンピックの開催の機会を捉えた幼稚園、小学校、中学校での何か取組などございましたらお聞かせください。

これ、今のは、学校内の取組ですね。もう一つ、学校外における子供たちのスポーツ参加や体験の機会の現在の状況、また課題などございましたらお聞かせください。",2025,2025/10/08,決算特別委員会,議員
,令和7年　決算特別委員会(第9日　10月8日),山本委員,山本理恵,"それぞれ御答弁いただき、ありがとうございました。これまでの質疑の中で言いたいのは、やはりスポーツの参加であったり体験活動の充実、やはりこれが非常に今後も重要であるということです。中央区は、オリンピック・パラリンピック大会の選手村の跡地であり、そこに晴海の新しい学校ができました。また、その学校ができたことを契機に、連合陸上大会が国立競技場で開催されました。そして今年は、東京で34年ぶりに世界陸上が開催されました。陸上競技における世界最高峰の大会と言われております。また、11月にはデフリンピックが開催されます。夏季デフリンピック競技大会は、日本で初めての開催だそうです。しかも、今年で100周年の記念すべき大会だということで、こういった機会を捉えて学校内外、また、今御答弁いただきましたけど、障害者の方々に対しても様々なスポーツの場、機会を与えていただければと思います。

今、区民スポーツの日について触れられていたので、そちらについても少し触れていきたいんですけれども、区民スポーツの日は今年で37回目を迎えることとなります。本年度は「“Bridge Smiles”～スポーツでつなぐ、笑顔のバトン～」をメインテーマに、区民のスポーツ活動に対する参加意欲の高揚と生涯スポーツの推進を図ります。そこでまずお聞きしたいのが、昨年度の区民スポーツの日の開催状況、そして今年度、世界陸上やデフリンピックが開催されるということで、特別な年を踏まえた、何か新たな取組などございましたらお聞かせください。",2025,2025/10/08,決算特別委員会,議員
,令和7年　決算特別委員会(第9日　10月8日),山本委員,山本理恵,"それぞれ御答弁ありがとうございます。行政評価の293ページを拝見したんですけれども、令和６年度の区民スポーツの日では、障害者スポーツ体験会や障害者ボッチャ交流会などを実施しているかと思います。令和６年、運営方法の見直しや参加対象者の拡大など工夫をしたんだけれども、参加者数が定員に比べ少なかったといった課題が書かれておりました。障害者スポーツ体験コーナーの現状をどのように捉えていらっしゃるのか、また、参加者というのはどのような方が参加されているのかについてもお聞かせください。

併せて、障害者の外出の機会や体を動かせる機会を創出し、運動不足の解消を図ることを目的とした障害児・障害者を対象としたスポーツ・レクリエーション教室についても伺いたいと思います。定期的に身近な地域でスポーツ・レクリエーションを楽しむ場であります。このスポーツ・レクリエーション教室の現状と課題、今後の展開についてもお聞かせください。",2025,2025/10/08,決算特別委員会,議員
,令和7年　決算特別委員会(第9日　10月8日),山本委員,山本理恵,"それぞれ御答弁いただき、ありがとうございます。どちらも参加者、人数が課題ということでした。スポーツ参加というのは、３つの方法があると考えております。１つは、見ること、観戦すること、もう一つはプレーすること、そして、もう一つは支えること、ボランティアであったり運営側に回るということだと思います。区民スポーツ大会では、子供たちがボランティア活動を行うことで社会貢献意識を育成しております。イベントを支えるボランティアを体験することで、スポーツへの興味や、またスポーツへの参加につながるきっかけづくりを行っていると思います。

区内で実施されるスポーツイベント、今の障害者等のイベントなどもそうなんですけれども、例えば今年、世界陸上のマラソンであったり、通年だと東京マラソンや箱根駅伝などが中央区内で行われていると思うんですけれども、こういった大会のボランティアというのは、地元町会の方々や消防団等、地域の方々が担っているかと思います。マラソンコースの沿道の警備などのボランティアを担っていると思うんですけれども、こういったスポーツボランティアに、子供たちを活用していくといったお考えについてお聞きしたいんですけれども。スポーツイベントを支えながらスポーツ観戦することにより、スポーツへの参加意欲を高めることにつながるのではないかと思うんですけれども、子供たちのスポーツボランティアとしての活用に対する見解をお聞かせください。

併せて、運動不足になりがちな不登校児童・生徒の健康診断の受診状況についても伺います。一番初めに、国立競技場における中学校連合陸上競技大会において、不登校の子も参加されていたといった御答弁がございました。不登校の子というのは運動不足になりがちだと思います。健康リスクを抱えていると考えております。令和７年７月の区民文教委員会の資料において、令和６年度の不登校児童は102人、生徒は113人、合計で215人と報告されています。外出機会が少ないことによる運動不足や長時間のスマホ利用など、不登校の子供は健康リスクを抱えています。学校や教育センターにおいて、居場所づくりや学習支援、また心のケアなど様々な取組を行っているかと思いますが、こういった児童・生徒に対する健康診断であったり、また歯科検診の受診状況についてはどのようになっているのか。そもそも小・中学校の健康診断というのは、学校医が決まった日に学校を訪れて、集団で実施しているかと思います。不登校の児童・生徒の健康診断の受診方法については、それぞれ自治体ごとに異なっているのが現状だと思います。そこで、中央区における不登校児童・生徒の学校での健康診断の受診状況についてお聞かせください。

また、学校医の診療所で学校外の健康診断がいつでも受けられるような体制を整えていくことが望ましいと考えますが、こういったことが今現在行われているのか、行われていないとしたら何が課題となっているのかについてもお聞かせいただければと思います。",2025,2025/10/08,決算特別委員会,議員
,令和7年　決算特別委員会(第9日　10月8日),山本委員,山本理恵,"それぞれ御答弁いただき、ありがとうございます。不登校児童・生徒が健康診断を受診しないことで、本来なら発見されるべき病気が見過ごされるおそれがあります。児童・生徒の健康を守ることが何よりも大切であると考えております。健康な体があってこそ勉強に集中できる、また学習支援が受けられると感じております。また、運動は学力向上につながる重要な要素だと言われております。運動と学力には相関関係があることから、不登校児童・生徒に対しても、多様な運動機会の場の確保、提供などをぜひ考えていただきたいと考えております。

今、様々お聞きしたんですけれども、校外の活動であったり体験活動は、教室では得られない生きる力を育てる学びの場であると考えております。近年、インターネットやゲームによる疑似体験や間接体験が増える一方で、リアルな体験が減っているように感じております。例えばスポーツであったらｅスポーツであったり、ｅパラスポーツ、バーチャルスポーツ、不登校児童・生徒に関してはバーチャル・ラーニング・プラットフォームなどが最近導入されておりますけれども、メタバースの仮想空間の活動が増えてきている一方で、リアルな体験が少し減りつつあるのかなと感じております。子供の健やかな成長のために、できるだけリアルな体験ができるよう支援していただきたいと思います。

では、残り４分ですので、環境土木費で質問が残っていた新規事業の標準服のリユース事業についてお聞きしたいと思います。

まず、本事業に関しては環境土木費でも質疑がございました。事業の実施状況に関しては、回収点数が852点、クリーニング・補修が513点、譲渡点数が251点ということで、リユースできない標準服が339点あるといったやり取りがございました。その課題として、リユースできない標準服の活用方法が検討課題であるといったやり取りがございました。今現在、どのような活用方法があるのか、どのような検討がなされているのか、まずお聞かせいただきたいと思います。",2025,2025/10/08,決算特別委員会,議員
,令和7年　決算特別委員会(第9日　10月8日),山本委員,山本理恵,"御答弁ありがとうございます。本区の標準服はとても質がいいものだと思います。また、標準服には学生時代の思い出がたくさん詰まっている、着用していた子供たちの気持ちや、また寄附の気持ちを大切にしていただきたいと思います。

そこで１点提案なんですけれども、リメイク、リメイクとは再構築のことで、別のものに作り変えること、作り直すことを指します。汚れや、また破れなどのある衣服を人の手を加えて新たなものに生まれ変わらせる、この世に１つしかないアイテムを作ったりすることを言います。例えば、リユースできない標準服を巾着やポーチ、エコバッグなどにリメイクすることを提案します。御答弁はもう時間がないので提案だけにとどめておきますけれども、今現在３Ｒ、リデュース、リユース、リサイクルを推進しているかと思うんですけれども、そこにリメイクを加えて、４Ｒの推進にぜひ取り組んでいただきたいと要望し、質問を終わります。",2025,2025/10/08,決算特別委員会,議員
,令和7年　決算特別委員会(第10日　10月9日),山本委員,山本理恵,"令和６年度中央区各会計歳入歳出決算の認定に対する中央区民クラブの態度表明を行います。

令和６年度予算は、「人がつながり　まちもつながる　安全安心なまちを目指して」をテーマに、能登半島地震を踏まえた防災力の強化や、長期化する物価高騰への対策など喫緊の課題に加え、将来の本区を支える都市基盤整備や脱炭素社会の実現に向けた環境負荷低減への取組など、中長期的な課題への対応に重点を置いた予算編成でした。

ＨＡＲＵＭＩ　ＦＬＡＧへの入居開始を契機に、本区人口はさらなる増加局面に突入し、子供から高齢者に至るまで全世代での人口増加が見込まれることから、予算執行に当たっては、世代や地域を超えた人と人とのつながりを常に念頭に置いた各種施策の展開を図っています。また、区民の命と生活を守る防災対策を最優先課題とし、住民相互の交流機会の創出、子育て・教育環境の充実、環境に優しく魅力あるまちづくりなどに重点的に取り組んでいます。これらの積極的な取組を評価いたします。

さて、決算審査においては、予算の見積りに過不足がなかったか、予算の執行結果や事業成果、行政課題などに焦点を当てさせていただきました。区政を取り巻く環境が大きく変化する中で、現下の課題に的確に対応できる組織づくりと部局間連携により、区民の信頼と期待に応える行政サービスの提供を望みます。区民一人一人の区政への満足度を高め、誰もが笑顔で暮らせるまちの実現に向けた施策展開を期待します。

最後に、本決算特別委員会において私が申し上げました意見及び要望などを今後の区政運営に十分に反映していただくことを望み、令和６年度決算に対する同意の態度表明とさせていただきます。",2025,2025/10/09,決算特別委員会,議員
,令和7年　決算特別委員会(第2日　9月29日),山本区長,磯野忠,（挨拶）,2025,2025/09/29,決算特別委員会,理事者
,令和7年　決算特別委員会(第8日　10月7日),山本区長,木村克一,"るる御説明いただいて、歴史のことをつまびらかに、私も３分の１ぐらいしか知らなかったようなお話までよくお伝えいただいて、そういう中で迎える80周年ということをどのように捉えて、また見えるようにしていったらいいんだろうと、こういう御質問であろうと思います。

一番申し上げたいのは、今、歴史のデジタルアーカイブ化ということを進めておりますので、これは何を象徴的にそういうことをやるのかというと、今おっしゃったような、中央区というのはまさに江戸時代からの生き証人たちがずっと生きざまを続けて重ねて重ねて今日に至ってきて、第二次世界大戦の前にも火事で全て焼けてしまいましたけれども、全てが本当に失われた第二次世界大戦。こういうものも越えていきながら、そしてヨーロッパと違って、建物はほとんど木造だから残らない。こういう状況の中で、そして戦後の経済の発展、復興ということにつながっていくわけですが、その間にもしかするといろいろな歴史の私たちの持っているレガシーや財産が伝え切れなくなって今日に来ているのかもしれない。

ということは、これからの人たちに、先ほどの中央区が、これまでずっと生き証人が中央区に住み続けながら、活動を続けながら今日に来ているということをもう一度改めてこれからの人たちにも伝えていかなければいけないということがあって、歴史のデジタルアーカイブ化ということをやろうというので、これは非常に意味ある事業であると思います。これをぜひ来年の最大の目玉として、区の財産、中央区とは一体何なんだというところを振り返ることができるように、そしてまたそれを世界や日本中に、東京都全体に発信することができるようなベースになるものをしっかりとつくっていこう。したがって、区制施行80年以降は、それを今度活用して、どうやって人々が、本当にここは古くて、こんなこともやっていたまちなんだねということが分かってもらえるような、そういうリアルな面での展開へ結びつけていく。そのプラットフォームをつくるのが来年の一番大事な仕事でございます。

それともう一つは、今、中央区はこの10月３日に人口が19万人を超えたのでございます。恐らくこれまでにない最高の人口であろうと思いますし、数年までたたないうちに20万人になるというときに、晴海の新しいまちが先ほどの御指摘のようにできて、自治会も生まれて、一生懸命まちのために自治会の人たちが働いてくれている。そして、そこにこれまでの晴海の連合町会の方々との連動、この晴海の連合町会も一生懸命その人たちと一緒になって活動していけるように、いろいろな思いを一つのフィールドで考えられるようにしていきたいという思いで、今懸命に新しいまちづくりが進んでいるということがあります。

そこで80周年に何をするかということの今の一つのアイデアということではないんですが、花火大会もそうです。全ての区民が集まれる場所、一堂に会せる場所、このようなものを中央区としてしっかりと提案して実行していく。そこには晴海の方々もおり、そしてまた月島、勝どき、豊海の方たちもおり、京橋、日本橋、こういう方々も一緒になって集まれるような場というものを、これは記念式典のような形にするのかどうかは別として、ともかく一番大事なことは、中央区に新しい方と、これまでずっと住み続けてこられた方々が一緒になって、今から新しいまちをみんなでつくり上げていく。今、そういう時代の分岐点に立っているんだという認識から、そういう方々も一緒になって場を分かち合いながら交流を深めることができるようなことを一つの記念事業として、私は考えたらいいんではないかと思います。

これには具体的にいろいろないい案もあると思いますので、ぜひそういうアイデアを深めていただいて、みんなが一緒になれる場所を提案することによって、みんなが少しでも一緒になってくれるように図っていくのがこの80周年の一つの大きな姿勢であろうかと思います。

その他にもいろいろございますが、ともかくこの２つが大きいということで、手を挙げさせていただきました。よろしくお願いします。",2025,2025/10/07,決算特別委員会,理事者
,令和7年　決算特別委員会(第10日　10月9日),山本区長,しらす夏,"今御質問いただきまして、ありがとうございます。

区民の声、これはもう、私はあらゆるところで区民の声を聞いていくという姿勢で、一つは区長への手紙というものもございますけれども、これも全て目を通しながら、担当部局に私なりの意見なり所見、所感といったものの指示を出している状態でございます。

それと、でき得る限りの祭りであったり、まちのイベントといったことには、声がかかれば、あるいはそのときの時間が許せば、極力伺うようにして、そこではその祭りを楽しむとともに、人々がどういうことを考えているのか、いろいろな意味で耳を傾けながらそういう場を過ごしております。その結果として私の心の中にたまりましたものは、必要に応じて担当部局に話を通しながら、そういうものの改善が図られるように話を伝えると。これは無形ですので、皆様方からは見えていないかもしれませんが、そういうアヒルの水かきのようなことは日々の仕事として淡々とやっているということでありますので、そのようなことをお伝えしたいと思います。

以上です。",2025,2025/10/09,決算特別委員会,理事者
,令和7年　決算特別委員会(第10日　10月9日),山本区長,磯野忠,（挨拶）,2025,2025/10/09,決算特別委員会,理事者
,令和7年　決算特別委員会(第2日　9月29日),春貴議会局長,小坂和輝,"２点あります。

まず、１点目が議会局での生成ＡＩの活用についてでございます。

今、委員から御紹介がありました令和７年６月５日の企画総務委員会での御報告、内容といたしましては、事業者との連携協定を締結して、本区の業務における生成ＡＩの活用事例の創出、また活用における効果検証などの実証実験を行うという内容だったかと思っております。この目的は、本区における今後の生成ＡＩの活用方針を検討するための実証実験についての協定を締結したものと認識しているところでございます。現状、区の中で所管部からお聞きするところですと、一部の所属で実証実験を行っている段階であって、今後、効果の検証、生成ＡＩでの活用事例の案などが検討されていく段階にあるかなということを聞いているところでございます。

御質問のございました議会局での活用というところですが、議会局の業務において、現時点で生成ＡＩをどのような業務について活用していくかについては、こうした実証実験の結果や、本区の生成ＡＩの活用方針を踏まえて検討していくという考えでございます。生成ＡＩの活用、業務の効率化、より高度な業務執行に資するものということで私どもも受け止めております。議会局の業務効率、執行力の向上に向けて、実証実験等の結果を見定めて検討していきたいというふうに考えているところでございます。

もう一つは、傍聴者のタブレットの配布の課題というところでございます。

委員からも御紹介がありました議会のＩＣＴ化、本年９月からＩＣＴ化の本格実施において、本会議や委員会の資料が、これまで紙資料との併用だったものが完全ペーパーレス化にされました。傍聴者への対応につきましては、常任委員会、特別委員会の資料を紙資料で対応しているところでございます。傍聴者へのタブレットの配布につきましては、令和６年の各会派を代表する皆様の議論で、傍聴者用のタブレットの配布を進める方向で、今後、課題を整理していくとされ、令和７年度においても引き続き検討していく課題となっているところでございます。

御質問のございましたタブレットの配布への課題というところでございますけれども、タブレット導入に際しては、まず初期費用がかかるというところが１点あるかと思います。また、紙資料からタブレットに変更することでの傍聴者への利便性の低下にならないかなどの課題が考えられます。傍聴に訪れる方は、様々な方に来ていただいている状況でございます。この中には、日頃からＩＣＴ機器に触れていない方もいらっしゃいます。こうした方でも紙資料と変わりなく資料を見ることができ、審議の内容を理解できる状況を整えられるか等の検討が必要かなというふうに考えております。また、傍聴の受付から委員会開会までの短い時間で、機器操作、資料の閲覧方法等を説明することが可能かなどについても検証していくことが重要であるということで考えております。

ＩＣＴ化は、会議の効率化、ペーパーレスによる環境整備、事務負担の軽減を目的に導入されております。また、これによって経費の節減も図られていくものと認識してございます。傍聴者へのタブレットの配布につきましては、こうしたＩＣＴ化の目的、経費の節減効果に加えて、傍聴者の利便性などについて、各会派を代表する皆様で様々な課題や導入についての協議・検討が行われて、共通理解の下に進められていくべきものと考えております。

以上でございます。",2025,2025/09/29,決算特別委員会,理事者
,令和7年　決算特別委員会(第2日　9月29日),春貴議会局長,川畑善智,"区議会インターネット映像配信の内訳でございます。

177万1,000円という支出になってございます。内訳といたしましては、インターネット映像配信業務委託といたしまして140万8,000円、それと映像設備の保守点検委託が36万3,000円ということの執行となっております。

以上でございます。",2025,2025/09/29,決算特別委員会,理事者
,令和7年　決算特別委員会(第2日　9月29日),春貴議会局長,川畑善智,"インターネットの映像配信の委託の費用の中身でございますけれども、これは、配信する業務を委託しているというところで、機器整備の費用ではございません。委託料でございます。また、保守委託については、機器の保守を委託するというものでございます。既にある機器を保守点検しているという状況でございますので、そういう御理解をいただければと思います。

以上でございます。",2025,2025/09/29,決算特別委員会,理事者
,令和7年　決算特別委員会(第1日　9月25日),小坂委員,小坂和輝,副委員長の決め方に対して、提案いたします。委員の中から立候補者を選び、その多数決によって副委員長を決めることを提案します。,2025,2025/09/25,決算特別委員会,議員
,令和7年　決算特別委員会(第2日　9月29日),小坂委員,小坂和輝,かがやき中央から、地域の魅力発掘・発信事業を用いて実施された事業名、実施団体、実施内容と補助額を含め、142件の資料要求をお願いします。,2025,2025/09/29,決算特別委員会,議員
,令和7年　決算特別委員会(第2日　9月29日),小坂委員,小坂和輝,"では、昼の１番目、よろしくお願い申し上げます。

かがやき中央の小坂としては、区民相談、子供たちの御相談を受ける中で、皆様の生きづらさに寄り添えるような施策ができますようにということを目指しながら質問させていただきたいと思っております。その過程におきましては、開かれた区政であることや、子供も含めた区民参加ができること、それらを見ながら行っていきたいと思いますし、今なされているＩＣＴや生成ＡＩを活用して、さらに現場が効率的になっていくというところを目指したいと思っております。よろしくお願い申し上げます。

まず、一般的なところは前委員からも御質問されたところでありますが、私は別の視点から、まず分析させてください。お伺いする中で、令和６年度の決算は、状況的にはそんなに悪くないというのが見てとれました。すなわち、当初の見込みよりも歳入も増えている。また、区民税も増えている。そしてまた、基金を取り崩さずに済んだ。特別区債も減少しているというところからすると、ゆっくりと、よい方向に進んでいると思います。ただ、財政白書等も見て分析をすると、経常収支比率、令和５年が60.4％だったものが令和６年度は73.3％と、弾力性が硬直性のほうにいっているのではないかと思われたり、貸借対照表においては１人当たりの資産が、令和５年が2,722万円だったところが、令和６年度は2,622万円で、資産形成が100万円減少している。また、区民１人当たりの行政コストは、令和５年66.3万円が、令和６年には69.5万円という感じで、行政サービスの効率性が低下しているというふうに読み取れる指標は見られるところであります。

財政部門におきましては、これら財政の分析における指標において、どのような点を注意して今後見ていけばよいかという見解を持たれているのか、分析を教えていただければと思います。これが１点目です。",2025,2025/09/29,決算特別委員会,議員
,令和7年　決算特別委員会(第2日　9月29日),小坂委員,小坂和輝,"丁寧な御回答、御答弁ありがとうございます。人として捉えた場合に、その人をまず見て、元気そうだったら元気、ただ、その根拠として、このようなデータがあると理解するところであり、また、そのデータの悪化にも見えるけれども、それなりの理由があったということで安心しました。また、そのような客観的指標を持ちながら、区の健全財政を分析できればと思っております。ありがとうございました。

次に進めさせていただきますが、いかに区の歳入を増やしていくかという視点において大事と思うところ、例えば財産収入です。今回、財産収入は、八重洲二丁目南地区再開発事業におきまして、緑地帯の貸付けで27億円収入があったということでありますけれども、この27億円が適正であるというふうに判断した根拠、どのように判断して、このように決めたのかというところを教えてください。27が28になったら１億円増えるわけですし、どうしてこのように27億円が適切というふうに判断しているのか教えてください。これが１つです。

２つ目が開発協力金です。これも大事な区の財源かと考えるところであります。ちょうどスカイデュオもオープンしたところでありますので、今回のスカイデュオのオープンによって、晴海五丁目、1,455戸がオープンしたと。掛ける100万円というぐらいの感じで区に開発協力金が入ってきたのかどうか教えてください。",2025,2025/09/29,決算特別委員会,議員
,令和7年　決算特別委員会(第2日　9月29日),小坂委員,小坂和輝,"それぞれにありがとうございます。

前から、財産の価格の適正な判定方法ということで、１つには財産価格審議会などを置いてはどうかというふうに思うところでありますが、信託銀行２社でということであります。信託銀行２社は、それぞれ幾らの価格を評価して出してきたのでしょうか。出してきたものを平均して27億円と決めたのでしょうか。そのあたりのより詳しい状況などを教えていただければと思います。

また、晴海五丁目のところは、まさに1,455戸掛ける100万円ということでの予算で、その額が予算として入っているし、その手続中ということで理解しましたが、過去のデータなどを見ると、そうでないところも見受けられるんです。過去に遡りますけれども、月島一丁目の最近オープンしたところに関しては、やはり１戸につき100万円というふうな形で入ってきたのかどうか。大きな再開発においては、大抵１戸当たり100万円という形で入ってきているのかどうか教えてください。",2025,2025/09/29,決算特別委員会,議員
,令和7年　決算特別委員会(第2日　9月29日),小坂委員,小坂和輝,"２つの部分に関しては、やや疑問が残るわけで、信託銀行２社が出してきたものの平均で本当によいのかどうか。高いほうを出すべきであったりとか、その判断は必要なのではなかろうかと思うんです。平均が果たして正しいのかというところは疑問があるんですけれども、そのようなやり方でよいと思われますでしょうか。

また、大規模開発においては１戸当たりの100万円が守られない場合があるという場合において、では、どのようなルールに基づいて、その100万円をもらわないという考え方に持っていくのか。このあたりは、やはりルール的なものがあって、それで決めていく。あってしかるべきだと思うんですけれども、そのような基準をお持ちでしょうか。",2025,2025/09/29,決算特別委員会,議員
,令和7年　決算特別委員会(第2日　9月29日),小坂委員,小坂和輝,"財産収入において、また開発協力金に関してのルールづくりをまた考えていければと思います。

以上で終わります。",2025,2025/09/29,決算特別委員会,議員
,令和7年　決算特別委員会(第2日　9月29日),小坂委員,小坂和輝,"では、議会費、よろしくお願い申し上げます。

まず、１点目は、区が生成ＡＩを活用するということを６月の企画総務委員会で報告いただきました。大変すばらしい取組だと思っております。生成ＡＩを活用することによって、生成ＡＩ利用促進のための支援事例の創出をしたり、生成ＡＩ活用に関する効果検証、課題解決、ノウハウの共有、本実証実験に関する広報をするという報告をいただき、協定締結から令和８年３月31日まで、株式会社エクサウィザーズと一緒に生成ＡＩの使い方の実証実験をすると。この取組は非常にすばらしいことだと思いますし、財務のところでは既にそのような形で使いつつあるということもありました。

そこで、議会の場、議会局においても生成ＡＩをどのように活用していくのか。ぜひ、いろいろなことに活用しながら、事務作業が楽になったりとか、また調査のやり方が深まったりとか、様々な使い方があろうかと考えますが、実際に区のほうは全職員が生成ＡＩを使えるようになるというようなことを、企画総務委員会でもそのときに御答弁されていたこともあり、議会局の皆様がどのように生成ＡＩを活用されていくか、それに関して考え方を教えてください。これが１点目です。

２つ目は、議会のＩＣＴ化が進んでおります。去年、タブレットを入れて、そして今回、１年たって、ほぼペーパーレスが実現しました。まだ実現できていない部分は、傍聴者に対してどうするかというところで、そこに関しては、今、紙ベースで配布しているわけであり、まだまだ完全なペーパーレス化には至っていない状況にあります。ですので、ここについてタブレットを導入してＩＣＴ化を進め、紙ベースのものはなくしていくというようなことがやれれば、両方準備しなければならない議会局の御負担もさらに減るのではないかと考えるところであります。

本来、このようなことはあり方検討会でも検討すべきところではありますが、議会局の皆様のネットワークから、他の議会ではどうやっているのだろうとかいう情報共有も今後していただきながらというところもあると思いますし、議会の傍聴者に対してのペーパーレス化、ＩＣＴ化への課題を議会局側からも教えていただければ、また我々のあり方検討会の考え方に参考になるかと思い、ここで質問させていただきます。よろしくお願いします。",2025,2025/09/29,決算特別委員会,議員
,令和7年　決算特別委員会(第2日　9月29日),小坂委員,小坂和輝,"御丁寧な御答弁ありがとうございます。

生成ＡＩに関しましては、これを用いることによって、議会局の事務の方々の事務作業がもっと減ればいいかなと思っておるところであります。例えば、議事録をつくるに当たっても、これは一発でつくれるわけで、明日でも出せと言われたら私でも出せるような、本当に利用しやすい環境ができつつあるところです。それを組織として利用するとなると、また別な話になるので、まだまだクリアするべきところはあろうかと思いますけれども、議事録づくりにおいてもＡＩを活用することが非常にしやすいし、また、いろいろな、予定づくりとかいうのも、きっと簡単に予定もはめられると思いますし、議会局と理事者との予定のかぶりなどをぱっと見て調整していくというような、我々の委員会とか、視察日程とか、それぞれ違う部署でありながらも、うまく共有することで予定づくりなども簡単にできるであろうし、やれることは本当に山ほどあろうかと思います。また、調査能力も、過去のやり取りや区の内部の資料を学習させて、中央区の中のＡＩ理事者はこのように考えているということが分かることによって、さらに深掘りした質疑のやり取りができるかもしれません。そのようなことで非常に可能性のあるものでありますので、ぜひ議会局での取組、議会局の事務側での取組、生成ＡＩを用いた取組をお願いしたいと思うところであります。期待します。

また、タブレットに関しては、本来、あり方検討会で検討すべきところでありますが、おっしゃったように、いかにデジタルディバイドの方々に対して配慮するか、どう考えるかというところは知恵を絞りながらと思います。これはきっと理事者側も同じことで、教育委員会定例会にタブレットを導入した。だったら、傍聴者はどうするのかとか、いろいろなところ、理事者側からの傍聴者対応とも一緒に歩調を合わせながら、議会のほうも一緒に資料のＩＣＴ化、ペーパーレス化を進めていければと思うところであります。

以上、ありがとうございました。これで将来にわたる質問を終わります。",2025,2025/09/29,決算特別委員会,議員
,令和7年　決算特別委員会(第3日　9月30日),小坂委員,小坂和輝,"では、よろしくお願い申し上げます。

まず、ふるさと納税が大変大きな規模で区の財政に影響を与えているということであります。その方向性を決するこの款におきまして、前日、ふるさと納税の分析をしていくということを伺いましたが、中央区の住民税が一体どこの自治体に行っているかに関して、参考までに教えてください。ベスト３と額ぐらいがもし分かればです。

ある意味、不合理な選択を住民の皆様がされている。それをいかに正しい方向に持っていくかということかと思います。自分のふるさとを盛り上げるという合理的な選択もあるのかもしれませんが、さらに、自分自身の自治体で使うべきであるという区の方向性でもありますので、その方向性に持っていくために何か努力されようとする点があれば、再度のお伺いになるかもしれませんが、教えてください。これが１点目です。

２つ目は、令和６年は、まさに能登半島地震から始まりました。それで、令和６年度は防災に大変力を入れた年度であったと思っております。その中で誕生したのが防災カタログです。先日、７月の委員会で御報告がありましたように、防災カタログの申込率が７割を切る状況であります。これに関しましても、ただでもらえるものが７割にも満たない。ただでもらえるにもかかわらず、申し込まないという不合理な選択がなされていると思います。これを100％に近づけるにはどうしたらよいかというあたりの分析なり、アプローチがあれば教えてください。これが２つ目です。まず、お願いします。",2025,2025/09/30,決算特別委員会,議員
,令和7年　決算特別委員会(第3日　9月30日),小坂委員,小坂和輝,"それぞれにありがとうございます。ふるさと納税に関しては、区民の機運の醸成をしながらということで伝えていくということを理解しました。また、防災カタログのほうに関しましても、情報発信の場を、防災拠点なりを使いながらも発信していくということが分かりました。

不合理な区民の選択をいかによい方向に導くかというところにおきましては、行動経済学の理論、ナッジ理論を用いるということも、区のやり方、手法としてやれるのではないかと考えております。例えば、区に寄附してくださった方々のふるさと納税がどのように役立っているかという状況をもう一度可視化しながら、やった感をさらに盛り上げて、次回は中央区に本筋の寄附をしようという機運を盛り上げるという、正当なふるさと納税の闘い方ができると思いますし、また、区のふるさと納税に対する考えの理解を促進するという点においては、昨日も議論がありましたけれども、この制度自体の難しさもあるし、ふるさと納税についてという区のホームページの表示も見ましたが、文字がずらっと並んでいて非常に難しい。ぱっと見てというふうなホームページ上のアピールの仕方も、さらに引きつけるような形、また、こういう団体が待っています、この団体はこういうよいことをしていますよというところまで、単に団体のページに飛ばすのではなくて、そういうところまで支援しながら、正当なふるさと納税の得方をぜひやっていただきたいと思います。また、我々の会派からは、電子のギフトなど、さらなる範囲を広げる、選択肢を広げるというふうなこともお願いできればと思うところであります。

また、防災カタログに関しましても、不合理なんです。ただでもらえるものを、何でただでもらってくれないのですかというところをもう少し考えるべきであるし、それもナッジ理論を使うことができるのではないか。例えば、来ない人には全員、今度は切り替えて100％あげますよと。１人暮らしセットを、来ない人にはこのパターンであげますというふうにして、もらいたくない人だけお返事をくださいというふうにすれば、99％、100％近く来るかもしれませんし、例えば、そのようなナッジの理論、行動経済学の理論をさらに区の政策に生かしていっていただければと願うところであります。

次に移らせていただきます。

ＡＩ活用に関してとか、ＩＣＴの進捗も、令和６年度から今年度にかけて非常に進んだ点であります。ＡＩに関しては議会費でも議論させていただきましたが、まさに、こちらの款のところですよね。ＡＩを４分野で使うというふうなことをおっしゃいましたけれども、４つの事業というのはどのような事業を考えられているのか教えてください。

また、ＡＩにおけるセキュリティは大丈夫なのか。ＡＩに学習させたら、区の内部情報まで学習させているという状況においては、そのＡＩと外部のネットとはつながってはならないと思うんですけれども、そのあたりのセキュリティはできているのかどうか。また、区の職員全員がＡＩを使うことができるというふうに私は６月の委員会では聞いたんですけれども、そうだとは思います。そうだと思うんですけれども、そうですかということと、そうであるならば、全職員にＡＩ使用のアカウントを付与するのかどうか教えてください。これがＡＩに関してです。ＡＩに関してお願いします。",2025,2025/09/30,決算特別委員会,議員
,令和7年　決算特別委員会(第3日　9月30日),小坂委員,小坂和輝,"ＡＩのほうは、ぜひとも全職員が使えますようにということをお願いしたいと思いますし、教育でもそうですけれども、ＡＩを使える子供と使えない子供では格段の差が出るというふうに言われております。そこにおいて、やはり職員の皆様もＡＩを使いながら、本当に事務が効率化されて軽減され、そして区民の皆様に向き合う時間がつくれるという方向性で生かしていただければと思います。よろしくお願い申し上げます。

次に、ＩＣＴ化というところで、これに関しましては、昨日も質問したところでありますけれども、議会の傍聴に関しては質問しましたが、では、委員会なり審議会の傍聴においてペーパーレス化がなされた際に、どのように傍聴環境を整えていくのかということ、また、今、この決算特別委員会でかなり不便をお互いに感じているかもしれません。決算書という紙媒体がなくなったということで、区民の皆様もきっとこのように感じられるかもしれません。紙として残すべき資料は何で、ペーパーレスに持っていく資料は何でということをきちんと判断していく必要があると思います。例えば、行政評価は紙媒体でも残していくべきと思いますけれども、何を残し、何をペーパーレスにするかというあたりの考え方を教えてください。",2025,2025/09/30,決算特別委員会,議員
,令和7年　決算特別委員会(第3日　9月30日),小坂委員,小坂和輝,委員会や審議会の傍聴に関しては、タブレット配付ということでよろしいのでしょうか。確認です。,2025,2025/09/30,決算特別委員会,議員
,令和7年　決算特別委員会(第3日　9月30日),小坂委員,小坂和輝,"取組のほう、ありがとうございます。議会の傍聴もそうですし、委員会、審議会の傍聴者に対してどのようにするかというのは本当に悩ましいところであり、考えていければと思います。

次に移らせていただきます。

令和６年、令和７年にかけては、学校が足りないというところにおいて、晴海二丁目の土地を借りることが実現してきたときでもありました。晴海二丁目は月島第一小学校の仮移転地となりますが、そこの土地は、行政の皆さんが考えられるように、本来、購入したかった。でも、定期借地の上に立派な学校を建てるわけです。定期借地を、購入して所有権を持つという形に変えられないものなのか、変える戦略はないのかどうか、その考え方、何かいい策があれば。考えても考えても難しいと思うんです。ただ、立派な学校を建てる以上は土地が欲しいと思いますので、そこに関して何かよいアイデアがあれば教えていただければと思います。これが１点目です。

２つ目は、災害です。帰宅困難者34万人、一部は企業にとどまりなさい。ただ、うちは観光客が多い。観光客は食料を持っていないという状況において、災害時、食料不足に陥るのではないか、それにどう備えるかというところがやや不安ではあるんですが、帰宅困難者を含め、34万人の、企業に残る人はいいです。企業にとどまればいいですが、観光客に対しての食料不足に関して、どのような対応が取れるのか教えてください。",2025,2025/09/30,決算特別委員会,議員
,令和7年　決算特別委員会(第3日　9月30日),小坂委員,小坂和輝,"晴海の土地に関しましては、一方で、買うこともできた話もありました。晴海特別出張所のところの土地は買えたわけですけれども、そのテクニックはどうされたのか、何かコツがあれば。それで買えたのだから、こっちも買わせてくださいということは交渉として難しいのかどうか教えていただければと思います。

また、帰宅困難者の食料が多量にかかるという部分です。今、区としては何食分あるのか、念のために教えてください。

それと、来街者に関しましては、銀座辺りにはデパートや百貨店があるのだから、そこと区とが協定を持ちながら、万が一の際はそのようなところに支援いただけないのかという流れをつくるというようなことはなされているのか、そのあたりの現況を、事前にそのような流れがあったほうがいいと思いますので、教えてください。",2025,2025/09/30,決算特別委員会,議員
,令和7年　決算特別委員会(第3日　9月30日),小坂委員,小坂和輝,それぞれ、また今後検討いただければと思います。終わります。,2025,2025/09/30,決算特別委員会,議員
,令和7年　決算特別委員会(第4日　10月1日),小坂委員,小坂和輝,"おはようございます。区民費は私から始まりますが、予定では私の福祉保健費で終わる形になっております。１日、どうかよろしくお願い申し上げます。

また、区民費の款におきましては、様々な魅力的な事業をつくり、また区民の皆様がつくることを支援し、区民の皆様がいつも楽しめる事業展開をしてくださっていること、感謝申し上げます。これからも、秋にかけて大変忙しい部署となりますが、安全にこの企画がなされ、また盛会に終わりますことを御祈念申し上げます。

では、始めさせていただきます。まず、基本構想でうたう５つの基本的な方向性の一つ、多様な絆が融合した「プロアクティブ・コミュニティ」の確立。このことが基本構想でうたわれております。プロアクティブ・コミュニティ、自ら率先して地域における課題を解決し、快適な暮らしを実現していく社会、このプロアクティブ・コミュニティの確立に向けた進捗状況や課題はいかがでしょうか。教えてください。",2025,2025/10/01,決算特別委員会,議員
,令和7年　決算特別委員会(第4日　10月1日),小坂委員,小坂和輝,"我が区の誇るべき自治会・町会活動プラス、ニッチな課題に関しても課題解決するＮＰＯなどを育成していく、それらが一緒になってプロアクティブ・コミュニティが出来上がっていく、その過程であるということを確認させていただきました。引き続きよろしくお願い申し上げます。

その中央区がいよいよ80周年を迎えるということになります。本区におけるこの80周年、また併せて友好都市である東根市、サザランド市も35周年を迎えることになります。担当所管としましての文化・生涯学習課、スポーツ課、商工観光課、地域振興課におけるそれら周年行事に向けての何らかの課題なり、または抱負を教えていただければと思います。",2025,2025/10/01,決算特別委員会,議員
,令和7年　決算特別委員会(第4日　10月1日),小坂委員,小坂和輝,80周年ということもあり、例えばまるごとミュージアムがどうなるかとか、あとスポーツ課として何かイベントを考えていくとか、商工観光課がどうかというあたりもお願いします。,2025,2025/10/01,決算特別委員会,議員
,令和7年　決算特別委員会(第4日　10月1日),小坂委員,小坂和輝,"さらに言うのであれば、東京湾大華火祭がありますが、それはもうずっと前から議論しているところであります。一応念のために確認ですが、80周年を祝う場合の東京湾大華火祭は、同じ誕生日であります江東区と港区も一緒に80周年を祝うという盛り上げ方でよいのかどうか、そのあたりの両隣の区との交渉状況を教えていただければと思います。

また、まるごとミュージアムも80周年ということで、より盛り上げてもいいんではないかと思うところであるし、またＫＰＩで出してくださっております、今６万人、これが目標年では８万人と、あと２万人をどのように伸ばしていくかということもありますので、80周年というだけではなくて、ＫＰＩを伸ばすためにどのようにアプローチするか、教えてください。",2025,2025/10/01,決算特別委員会,議員
,令和7年　決算特別委員会(第4日　10月1日),小坂委員,小坂和輝,"それぞれに、ありがとうございます。ぜひ、東京湾大華火祭、東京湾岸で80周年を祝うということで、江東区、港区とも一緒に80周年が祝われますこと、その取組をよろしくお願い申し上げます。

また、これは述べませんけれども、ぜひ観客席のふるさと納税でもやって、１席10万円くらいでやれば１億円ぐらいは入るかもしれませんので、そのあたりの取組なども入れながら、もちろん席は区民のものです。ただ、もっともっと貢献したいというお金持ちの方がおられたら、その方のための観客席もあってもいいんではないかということも考えて、何といっても費用が10億円を超えるということもありますので、その説明責任も区民に果たしていかねばなりませんので、そのあたりはうまくバランスを取りながら、開催費用を集め、協賛を集め、そしてやっていただければと思います。

まるごとミュージアムに関しましては、あと２万人となってくると、今でも混雑状況がややあるんではないか。プラス２万人というところは仕組みを考える必要があるんではなかろうか。その場合は、日にちを増やしていく、土曜日の前夜祭と日曜日とか、複数日を設けていく、もしくは１週間ほど、80周年だし、前夜１週間ウイークをつくって、それで前夜祭を土曜日にして、そして日曜日にするということでやっていくという手も、混雑のことも考えれば複数日ということもあろうかと思いますので、それらを含めて御検討いただければと思います。

次に進めさせていただきます。プロアクティブ・コミュニティのところで最初に協働ステーションの話が出ましたので、それに関しましてお伺いさせていただきます。

協働ステーションは本当にすばらしいところかと思います。ＮＰＯを支えるＮＰＯだということで、中間支援。どのような中間支援をするかというと、その組織運営力をつけるという中間支援をして、それによって成績が伸びる、成果が出る。その成果が伸びることによって認知度が上がる。認知度が上がることによってまたリソースが増える。それに協力しようという人が増える。それによって組織運営力がさらに強まるという好循環をつくっていくという働きをされている機関でありますし、月に１回、本当にすばらしいカフェをされているというところであります。本当に全国の一流の方々をお招きしてカフェをしており、意見交換をし、交流の機会をつくっているということであります。ぜひこのＮＰＯが育っていき、ニッチな課題を解決していくことに取り組んでいただきたいと思うところであります。私は、一番最初に述べましたように、生きづらさをいかに支援するかというところにおいては、行政だけでは無理だ。ニッチなところをＮＰＯにカバーしてもらうというところで、ぜひこのＮＰＯが育ってほしいと思いますけれども、今このＮＰＯの課題とか、考えられていることがあれば教えていただければと思います。これが１点目です。

２つ目が、区民生活課のところになりますが、区民が亡くなられた後もきちんと責任を取る中央区であるということで、火葬の問題です。火葬費が高くなっているという状況があります。これに関しまして、区民生活課においては、この関連の御相談など、どのようなことが入っているのか、区民生活課から教えてください。

それともう一つ、区民生活課に教えてほしいのは、ＡＩの活用がなされているということが前委員から述べられてきております。その機能が出された以外にＡＩの活用は何か考えられているのか、教えていただければと思います。",2025,2025/10/01,決算特別委員会,議員
,令和7年　決算特別委員会(第4日　10月1日),小坂委員,小坂和輝,"それぞれに、ありがとうございます。

ＮＰＯのところにおきまして、まさにこの人とお金、継続性、そのあたりが課題と理解するところであります。また、この活動の広がりにおいては、協働事業に関しては、ＮＰＯを育て、協働事業はうまく展開されているということでよいのかどうか、教えてください。それが一つ。

また、採択した200万円をつけての協働事業の展開を教えてほしいのと、あとＮＰＯサポートセンターがはるみらいの支援に入っているという話も聞いているところだし、また地域振興課長が昨日、はるみらいの活動で重要なキーワードを述べられたんです。交流への昇華という発言をされたんですが、このあたりも含めて、はるみらいにおける活動の活発化なりを将来考えるところがあるのか、はるみらいの活性化に向けたＮＰＯの活用など、何か思いがあれば教えていただければと思います。

また、火葬料の相談は入っていないということで、分かりました。相談は入っていないけれども、課題としてはあろうかと思いますし、まず、葬儀業者なり、火葬のところの組織に対して区の指導・監督ができる力はあるのか、価格設定に対して物を申す力はあるのかどうか、教えてください。そのような指導権限を中央区も持っているのかどうか。それは一回区長会に持っていって、区長会がその団体が組織して置いてある区にお願いして、それで区が指導するという形になるのか。そのプロセスのあたりを教えていただければと思います。

また、相談事業を読み込ませるという話がありました。すなわち、それはＡＩチャットボットを作って、区民相談にちゃちゃっと答えていくような仕組みまでを想定されてのことでありますでしょうか。教えてください。",2025,2025/10/01,決算特別委員会,議員
,令和7年　決算特別委員会(第4日　10月1日),小坂委員,小坂和輝,"それぞれに詳しい御答弁、ありがとうございました。ＮＰＯに関しましては、非常に重要なところでもありますし、はるみらいもその地域においてもそれが見られるようにというところが分かりました。期待するところであり、この点はまた総括でも取り上げさせていただければと思います。

質問を終わります。",2025,2025/10/01,決算特別委員会,議員
,令和7年　決算特別委員会(第4日　10月1日),小坂委員,小坂和輝,"では、本日最後に質問させていただきます。よろしくお願いします。

生きづらさということです。これにどのように支援をしていけばいいのか、またはどのように寄り添えばいいのかということをこの決算特別委員会で私は考えていきたいと思っております。この生きづらさが最も出る所管がこの款と思っているし、前委員も網羅的に御質問されましたが、その中には小学生の生きづらさが出ていたと。私も、重複するところはございますが、生きづらさという点から注目しながら、観点を変えて質問させていただきます。

それは後からやるんですが、まず前もって聞きたいことがあります。すなわち、生成ＡＩを入れていくという話があり、その中でこの部署であれば４分野入れるとおっしゃっており、障害福祉分野でも１つ入れるということも言われているところであります。どのような観点から、この款ではＡＩを入れようとされていますでしょうか。それが１点目です。

２つ目は、企画費・総務費のところで述べさせていただいたんですが、ナッジ、行動経済学による健康行動を引き起こしていくこと。このナッジという分野が出たのは、公衆衛生学で、ここからなんですよ。もう皆さんお分かりのように、健康に悪い、がんになる、それが分かっていながら何でたばこを吸うのか。分かっていながら吸うんですよ。その人に、駄目ですよ、駄目ですよと言っても、健康行動は変わりません。だからこそ、行動経済学によるナッジの手法を使いながら変えていく。その悪い手法は、ネットを見ながら、ダークパターンですが、プッシュしていったら課金されていると。これが行動経済学の悪い使い方ですから、ナッジのよい使い方としての、何らかのそのような手法をこの款で取り入れられている事例があれば、教えてください。",2025,2025/10/01,決算特別委員会,議員
,令和7年　決算特別委員会(第4日　10月1日),小坂委員,小坂和輝,"ＡＩ活用に関しては、また款の中で、これから進んでいく中で御提案させていただきますが、前の議論でもありましたよね。遠隔手話サービスや音声筆談サービスというＩＣＴを使いながら、もしくは同時にパソコンを入れながら、話した言語が手話になるんです、画像で。そういう使い方をしていくということだと思うんです。行政評価に書かれているのはそういうことだと思うんですが、そういう感じで、まだまだいろいろと使えると思いますので、研究していければと思います。

また、ナッジ理論も、例えば使われてますね、健康アプリ。これは、ただで歩きましょう、歩いたら健康になりますよだけでは歩かない。歩いたら、それがポイントになるから、ナッジ理論を使って、健康アプリでポイントをためようということで歩いてもらう。このような使い方はいっぱいできると思いますので、一緒に考えていき、分かっているけれども行動しないというこの人間の弱さや認知のゆがみ、それをうまく変えていきながら、区民の皆様が健康になる施策を一緒に考えていければと思います。

では、進めさせていただきます。生きづらさに入らせていただきますが、子供の生きづらさ、虐待です。本当にこれは腹が立つ話で、資料の187、虐待相談。これは、相談件数が918件あり、また養育困難が119件ある。1,037件の虐待相談を受けている状況にあります、養育困難も含めて。令和５年度は800件ぐらい、令和４年度は600件ぐらい。この虐待相談関連が200件ずつ増えているんですよ。これに関して、その増える背景、また今回区も取り組んでくださったこども家庭センターがどのように機能しているのか、またそれによる課題は何かと、虐待関連の取組、お願いします。それが１点目です。

それと、前委員もおっしゃいました。障害の分野では、セルフプランというものが増えているという状況があります。セルフプラン、これを減らしていきましょうというのが行政評価で書かれております。立てなければならないプランのうちのセルフプランがどれだけなのか、その現状を教えてください。それが２点目です。このバックグラウンドには、またいろいろ考えていかなければならないことがあるかと思い、質問させていただいております。

３つ目は自殺。これは、自殺の数が資料151、10代で令和２年がゼロ、令和３年が女の子１、令和４年がゼロ、令和５年が女の子２、令和６年がゼロという感じで、10代の子まで亡くなっているという状況。学校の先生も一緒に言っているんですけれども、日本では自殺する子が500人いる。自ら命を絶たなければならない子が500人いるという状況をどのようにしていくかというところです。ゼロにできないのかというところですよ。区は、自殺対策の基本の計画を立てており、今のところ死亡率は10万人当たり14.7であり、区の目標は11.7。この自殺をゼロにするにはどうしていけばよいでしょうか。この生きづらさ３つについて、考え方を教えてください。",2025,2025/10/01,決算特別委員会,議員
,令和7年　決算特別委員会(第4日　10月1日),小坂委員,小坂和輝,"それぞれに御答弁、ありがとうございます。

虐待のところは、見つけるということも大事だと、ちょっとでも疑ったら報告しましょうという中で見つけられてということであります。ただ、その1,037件のうち、養育困難が119件で、虐待のほうが918件の報告がある。その中の真の虐待が511件なんですよ。真の虐待の数だけ言えば、令和４年が354、令和５年が424、令和６年が511ということで、真の虐待の数も増えているので、見つけましょうという点できちんと周りの近所の人も通告して見つけた方で増えてもいるものの、実数として本当に虐待も増えている状況、こども家庭センターができ、これは前委員からのやり取りでもありました。それができ、ポピュレーションアプローチをする母子保健とケースアプローチをする子ども家庭支援センターが近くにいるから、顔の見えるような関係もつくりながら、連携してやっていくというところの取組を本当に期待しておりますので、よろしくお願い申し上げます。

その支援の中で、これは私も以前からこれに関連したことは聞いてはいるんですが、進捗を教えてほしいんですけれども、子供の意見表明等支援員は、保護された子供に対して中央区はつけられるような状況であるのか、もしくは東京都がつけてくれているのかどうかというあたりの中央区の子供の行く先の状況をもし分かれば教えてください。

また、一時保護所に入った子供が学校に通えているかという状況がもし分かれば、このあたりの状況を教えていただければと思います。これが虐待関連です。

次に、セルフプランに関してです。セルフプランが、すみません、子供関連でもセルフプランがあるし、子ども家庭支援センターのセルフプランとごっちゃになりました。障害福祉のセルフプランの話の両方があるので、今回は障害福祉のセルフプランということでお願いします。

それでは、福祉保健部長、細かな数字をありがとうございます。そのセルフプラン、これは障害のある方が立てるプランは２つあるわけですよね。どのような施設を利用するかという総合的な計画としてのセルフプラン、言い換えると、サービスと利用計画がある。そして、よく議論するところのゆりのきがつくる育ちのサポートカルテ、別名個別支援計画、教育の呼び方ですると個別の教育支援計画となりますが、２つあるわけです。そのサービスと利用計画のセルフプランの立て方が、御自身で立てられているという数がかなりあるというところです。これは専門家につながっていかねばならないというところは課題意識を持っておりましたが、それなりに解決してきているというところは分かりましたので安心しましたが、御家族などの素人が立てるだけではなく、全てが専門家の目を通しながら立ててほしいとは思っております。

もし分かればですけれども、700人中の350人がセルフプランになっているから、その350人はもうその後は施設につながっているわけだから、その350人は個別支援計画は立てられているということは当然だと思うんですが、一応念のために聞かせていただきたいのと、あと、このような数なんですよ。子供の計画を立てなければいけないのが700人。だから、軽いものを入れると、セルフプランで済ませばいいというものを入れると、700人ですよね。700人という未就学児のセルフプランを含め、施設を利用するという計画の人たちがいる。これに大人が入っていたら、大人を抜いた数を入れていただきたいんですが、でも少なくとも400、500人はいるのかな。その数の一方でそういう計画を立てなければならない。イコール個別の支援計画、育ちのサポートカルテを立てなければならない子たちがいる状況ということを認識しなければならないと思うんです。それだけのある意味、発達に課題のある子供たちが未就学児にいるということだと思うんです。

ゆりのきでは、それに対してどれだけの支援ができているかという数を育ちのサポートカルテという方向で分析すると、育ちのサポートカルテをつくっているのは、資料が出ていますが、35人、ゆりのきでフォローしているのが29人となっているところです。でも、これはゆりのきだけが児童発達支援をする施設ではないから、ゆりのきはこれだけのカルテだとは思うんですけれども、発達に課題のあるかなりの子供たちもいるということが課題だと私は思っています。

この子供たちに対してどのように接していくかというところで、質問に入りたいんですけれども、すなわちこれは、保育園での指導ということになってきます。この数の子供たちの保育園での指導に際しての保育士のスキルをどのように上げているのか。発達に課題のある子供たちに対しての支援としての保育園の指導、保育士のスキルアップの指導をどうしているのか、現状を教えていただければと思います。

そしてもう一つ、これはどれだけあるか分かりませんが、300、400、500人のこのプランを立てなければならない子供たちをもう一回スクリーニングにかけて早期に発見して、小学校に上がるまでにしっかりと準備をしていくということが大事かと考えております。５歳児健診をやって、見逃されている子がいるんであれば、その子のところにセルフプランをちゃんとしたプランに変えたり、また１年、年長の間に小学校に上がる準備をするということが大事かと思いますので、この５歳児健診にしっかりと取り組んでいく必要があろうかと考えますけれども、このあたりの進捗はどうでしょうかということで、６月の一般質問に続き、進捗状況を教えていただければと思います。これがセルフプランに関してです。

自殺に関しては、子供だけではなく大人もということでの両方をにらんでいかなければならない。大人のほうは、合計、令和２年は24人、令和３年は32人、令和４年は30人、令和５年は43人、令和６年は26人という感じで中央区で亡くなられているという状況です。これは一応お伺いしますが、警視庁のデータなのか、厚労省のデータなのか、どちらか、教えてください。もし警視庁なら、中央区で死んだ人なので、他の市の人の数はカウントに入っているので。ただ、厚労省のデータなら、中央区民が亡くなっているという状況なので、どちらのデータで言われているのか、この数を出しているのか、一応念のために確認させてください。

それと、何とかしなければいけないんですよ、この自殺に対しては。そうなった場合に、24時間の見守りをどうしていくのかというところが課題なんですよ。私も、本当に現状においても、死にたいというお母さんがおられた。この死にたいというお母さんを、僕は小児科医だから、精神科の先生へ送ったんですよ。死にたいとおっしゃっているから、ちょっと診てもらって、これは緊急入院ですよねということで、緊急入院という感じで僕は送ったんですが、その先生は緊急入院をさせてくれなくて、現在そのお母さんとは連絡が取れていないんです。そういう状況において、不安なんだけれども、僕も24時間対応をすればいいんだけれども、何か区のほうも24時間対応をできるような手法を持っていませんかというところですね。無理なことを言っています。すみませんが、でもそのような考え方はないのかどうか、聞かせてください。

それと、何でも相談というか、ふくしの総合相談窓口もあって、お困りの方々を救っていくというこの重要な施策を中央区もやってくださっているというところに広げていくのであれば、そして、これは一般質問でも前にやったんですけれども、データとして資料209に出ていますが、その統計では住宅でどれだけ困っているかが読み取れないんだけれども、一般質問では答えてくださいました。５割が、住居の問題があるということなんです。なので、住居の問題に対しては真剣に取り組んでいかなければならないんではないか。このＮＰＯの方にも私も話を聞いたんですけれども、居食住だと言うんですよ、そういう方々への支援というのが。

困っている方々、これはケアリーバーといいますが、そのことで少し児童養護施設を18歳で外に出た人たちへの支援をしている団体の話を聞いたんですが、居食住、居は居場所で、食は食事で、住は居住支援だと言うわけなんです。この点からすると、ふくしの総合相談窓口や、なかなか生きづらいという方に対しての居住支援もしっかりとやっていく必要があるのではないかと考えるんですけれども、そのあたりのふくしの総合相談窓口をやっている中での感じを教えていただければと思います。",2025,2025/10/01,決算特別委員会,議員
,令和7年　決算特別委員会(第4日　10月1日),小坂委員,小坂和輝,"いっぱい質問していました。すみませんでした。それぞれに深い答弁、ありがとうございました。

一つ、なぜこのセルフプランになってしまうのか。プロが、700人来たら700つくってくれよと、その相談を立てる人がとは思うんですが、なぜこれはつくりにくいんですか。700はつくれないものなんでしょうか。",2025,2025/10/01,決算特別委員会,議員
,令和7年　決算特別委員会(第4日　10月1日),小坂委員,小坂和輝,そこでＡＩなんですよ。これを録音させてもらうというところはありますよ。面接を録音させてもらいますということで、面接をする。それを終えると、即それが紙ベースでプランになるわけですよ。だから、そのようなことの録音をして、自動翻訳して、それがデジタルで出るということをすれば、もう何人でも話を聞けば即プランにできるので、そのような利用の仕方はいかがですか。,2025,2025/10/01,決算特別委員会,議員
,令和7年　決算特別委員会(第4日　10月1日),小坂委員,小坂和輝,"まさにＡＩの得意とするところかと思います。録音して、それが即文字になるということの使い方もできるし、ただ、録音しなければならないので、プライバシーな部分とか、ハードルは高い部分も一つありますけれども、そのようなものを利用することで議事録などはすぐできるわけなので、ぜひ採用していければ、問診した後にまとめるのがめちゃくちゃ大変なんですよ。それをＡＩでぱぱっとやってくれますので、本当に役に立ちます。そのようなＡＩを入れながら、セルフプランも簡単に立てられるという状況、ぜひ様々なＡＩを用いながら障害のある方々の見守りもきちんとしていく、御高齢の方々の見守りもきちんとできるような福祉をお願いしたいと考えております。

ここでの質問を終わらせていただきます。ありがとうございました。",2025,2025/10/01,決算特別委員会,議員
,令和7年　決算特別委員会(第5日　10月2日),小坂委員,小坂和輝,"では、最後に質問させていただきます。よろしくお願い申し上げます。

まず、この款は非常に重要で、水と緑は両方とも健康につながることであり、非常に重要だと思いますし、生きづらさを感じる方々が癒やされる非常に重要な要素であると考えております。また、これから述べますが、水と緑が地域づくりもしている。その重要な款の質問をさせていただきますが、まず緑からいかせていただきます。

公園の緑を大切に育ててくださっております。そのような中、１人当たり公園面積は3.73平方メートル、緑被率は10.70％、23区中20位ではありますが、これから頑張っていけると思っております。また、公園の管理におきましては、資料220で出していただいておりますが、公園管理等自主管理団体が４団体できて、ボランティアで公園も自主管理しているということであり、区民の皆さんも参加しながら公園を管理しているすばらしい取組だと思います。さらにすばらしいのは、非常に難しい芝生というものを公園の中で自主管理しているということで、２つの芝生は両方とも自慢できますよね。１つが坂本町公園、もう一つが黎明橋公園、この２つの芝生の自主管理の在り方に関しまして概要を教えていただければと思います。この２つは、本当に両方とも自慢できると思います。私も、昨日、坂本町公園へ行きましたが、すごく緑がきれいで本当にすばらしかったです。この前の日曜日は黎明橋公園で寝そべったんですけれども、それも大変気持ちがよかったです。教えていただければと思います。

２つ目が、ちょっとこの話題は飛びますが、環境アセスメントに関して、２題問わせていただきます。

１つが、これは2025年９月５日の築地等都市基盤対策特別委員会でも述べさせていただいたところでありますが、環境影響アセスメントというのは開発において非常に大事なものであります。築地地区まちづくり事業において、環境アセスメントの中に歩行環境の快適性について及び交通渋滞について、本来なら評価すべきものが入っていない。これに関して、いかにお考えかということをお聞かせください。

もう一つ、環境アセスメントについてお伺いさせていただきます。

環境アセスメントで、私もずっと前から評価に入れるべきものと思っていた二酸化炭素の排出量に関して、今述べた築地地区まちづくり事業では取り上げているんです。これはすばらしいと思います。区も、基本計画2023のリーディングプロジェクトにおいて、二酸化炭素排出量削減100％を目指して、まずは50％を目指すとか、ＺＥＢを100％目指すとか書かれているわけだから、今後、中央区が行う再開発においては、環境影響評価においてＣＯ２も入れていくべきであるという考え方を持つべきだと考えますが、これに関して教えてください。",2025,2025/10/02,決算特別委員会,議員
,令和7年　決算特別委員会(第5日　10月2日),小坂委員,小坂和輝,"それぞれにありがとうございます。

黎明橋公園は芝生も含めた自主管理をしている。坂本町公園のほうは、でも、住民が芝生を何か管理しているようですので、坂本町公園の住民と芝生との関わりというのが具体的にどんな感じでなされているのか、その活動を教えていただければと思います。

黎明橋公園のほうはＮＰＯだから、報告書もあり、その報告書によりますと、１年間で42回の作業をし、42回の雑草取りをし、芝刈りを27回し、延べ786人が作業に参加しております。このような感じで、では坂本町公園はどんな感じでやっておりますでしょうか。

いずれにしろ、ＮＰＯが、そうしたら、もう一方はプロですよね。プロの業者が管理するレベルと、また黎明橋公園は言ったらＮＰＯです。生業を持ちながらとか、地域の皆様がやりながら同じレベル、もしくは黎明橋公園のほうは日本から評価されているんです。日本から評価されるだけではなくて、世界からも評価されていて、この地域づくりの芝生は何だということで、アメリカの芝生の機械メーカーも協力するよとか言い出しているというふうなことで、世界も注目する、日本芝草学会も注目する、また東京都も注目して、今度行われますグリーンビズフェスに公式パートナーとして出るとかということで、中央区は非常に誇れる芝生を持っている状況であります。この２つの芝生は本当にすばらしいと思います。そうしたら、坂本町公園のほうの芝生の管理のところを教えてください。

環境アセスメントに関しましては、都市計画の中で誰が出すのか、また、それはどういう法的根拠の下、それが計算されるのか。法的根拠もあるデータが出されるのか。環境影響評価のアセスメントの中で出されれば、これは法的根拠ですよ。だから、これにのっとって言えるんです。でも、もう一方で、法的根拠のない参考値などが出されると、それはそれでなかなか言いづらくなるので、きちんとした法的根拠の下、歩行者数、自動車数を出すべきだと思うんですけれども、それについて教えてください。

ＣＯ２に関しては、区民にも地元自治体にも意見を言える場があるわけですから、環境影響評価調査計画書が告示された場合に、きちんとＣＯ２も入れてくださいということを区長としても、入れていくというふうな意見をぜひとも言っていただきたいということは要望させていただきます。では、お願いします。",2025,2025/10/02,決算特別委員会,議員
,令和7年　決算特別委員会(第5日　10月2日),小坂委員,小坂和輝,"それぞれにありがとうございます。

この２つの公園の芝生が地域を育てている。すごくいい機会だと思います。ほかにも芝生がありますので、ぜひこのような活動がもっともっと広がっていけばいいのではないかと思うところであります。どんなにいいかというのは、皆さんも既にお感じかとは思いますが、述べさせていただきます。

小学校４年生、夏休みの宿題、芝生に生える雑草の世界、４年生、カコちゃん、小学生です。その最後に、まとめ感想を述べております。私は、この公園の芝生をきれいに育てたいという思いがあります。この公園の芝生でごろごろしたり遊んだりしていたのは、私の保育園時代からの大切な思い出です。次は、私が誰かの思い出のポケットに芝生でくつろいだということを入れてもらえるような芝生づくりをしたいです。老若男女にかかわらず、たくさんの人が遊んだり、くつろいだりできて、また来たいと思ってもらえるような芝生にするという目標を持って、これからもボランティアを続けていきますと、小学校４年生がすばらしい作品を出してくださっている。だから、このような芝生をもっともっと中央区で広げていきませんかと思います。これは要望です。

要望ですが、一方、プロみたいなＮＰＯがやっていますが、やはりＮＰＯといえば資金なんです。ですので、一方は物すごく業者が坂本町公園には入っておりますので、同じレベルを、またはそれ以上に難しい環境の下で同じレベルを保っております。日陰になっている。また、人口が増えて、そこを踏む踏圧が非常に強くかかる場所であり、なおかつそこはＡ面、Ｂ面がないんです。なので、ずっと利用していただきながら管理もする。すごく難しい環境の中でやっているという状況でもありますので、その努力に報いた感じで、ＮＰＯでいう資金不足のところもまた考えていけばいいのではないかと。自腹を切っているという声を私は聞いているので、そのあたりはよろしくお願い申し上げます。

まだほかにも芝生がありますから、積極的にどんどん芝生を増やしていきながら、地域が一緒に芝生をつくるという考え方をもっともっと広げていっていただければと提案させていただきます。例えば桜川公園のＰａｒｋ-ＰＦＩの中にも芝生をつくりますという絵がありますし、また、これから浜町公園の、日本橋中学校が向こうにまた戻った後の公園の中に芝生をつくるという手もあるでしょうし、そのような感じで芝生から地域づくりを、人が芝生を育て、芝生が地域をつくる、そのような流れをやっていけばよいのではないかと提案させていただきます。

また、環境アセスメントに関しての歩行環境のところは分かりました。きっちりと出していきましょう。中央区が述べる形でないと、歩行者が、また車が処理できませんよというところは言っていければと思います。

次に進めさせていただきます。テラスといえば、旧晴海鉄道橋ができました。まちづくり協議会でも出ております。晴海臨海公園と晴海鉄道橋と直につないでほしいという話が、まちづくり協議会で住民から出ております。このあたりは、何らかの交渉などをされているのかどうか、現況を教えてください。これが１点目です。

２つ目が、またテラスですが、月島三丁目北地区のリヴェール月島の前の堤防はいつ頃完成するかということを教えてください。これが２つ目です。お願いします。",2025,2025/10/02,決算特別委員会,議員
,令和7年　決算特別委員会(第5日　10月2日),小坂委員,小坂和輝,"分かりました。

民有地ということでありますが、晴海鉄道橋のほうは住宅販売の計画もなくなったところだし、今こそ、そこだけ買うとかいうことをしながらでも、住民の要望に寄り添いながら、テラスが連続するというのは自慢ではないですか。その辺を進めていっていただければと思います。これは要望でお願いします。

分かりました。ちょっと先なので、もうちょっと早めていただけないか。リヴェールの前の連続性のところは、また続いてもいいのではないかと思います。それによって、リヴェールの利用者、リヴェールのところのカフェに多くの人がアプローチできるようになりますし、ぜひ早めるように一言言っていただければと思います。

もうそろそろ時間ですけれども、あと一つ、佃大橋のところのバリアフリーの話があります。上流側のほうにエレベーター２基をつけるわけですけれども、４年間も通行止めにするわけですが、ここをもうちょっと短くはできないものでしょうか。",2025,2025/10/02,決算特別委員会,議員
,令和7年　決算特別委員会(第5日　10月2日),小坂委員,小坂和輝,"それぞれに東京都への働きかけをしていただいているということを確認いたしました。

では、築地等もありますが、それはまたあした述べさせていただきます。

以上で終わります。",2025,2025/10/02,決算特別委員会,議員
,令和7年　決算特別委員会(第6日　10月3日),小坂委員,小坂和輝,"よろしくお願い申し上げます。この款も非常に重要と考えております。衣食住、衣と食と住の「い」を衣と書こうが、生きづらさを抱える方々の居場所の「居」、食事、そして住居としようが、いずれにしろ住居に関わる款であり、深く議論できればと思うところであります。持続可能なまちづくり、そして災害に際しても、安心して住み続けられる住まいをつくれるように議論していければと思います。

まず、一般質問でもさせていただきましたが、中央区の重大な課題の一つはマンション管理不全があるということです。1,000件近くのうち２割が存在しているという状況があります。管理不全のおそれのある指導の対象は12件、管理不全の兆候があるのが174件ということで、数もこの前の一般質問で出していただきました。その後の調査とかをしつつ、調査できていないものは何件ぐらい残っていて、その後それらの数はどのようになったのか、教えてください。あわせて、指導の必要がある12件が指導してどうなったとか、管理不全兆候が区と関わってどうなったかとか、そのあたりのマンション管理推進計画の進捗も教えていただければと思います。これが１点目です。

２点目は、民主的で持続可能なまちづくりをいかにしていくかということを私もずっと考えています。その中で、前委員からも出ましたけれども、令和６年度から密集街区環境改善まちづくり事業という新たな試みをつくってくださいました。これは、まず初めは、佃とか、どのようにそのまちを超高層でない再生をするかというところから、まちの方からの御意見から、では、というふうに考え始め、そこに能登半島の地震もあって、加速化してこの事業が生まれたんだと私は解釈するところです。この進捗はというところは前委員から出ましたので、行っていく中で、やってみて、課題はどのようなことを考えられているかということを教えてください。これが２点目です。

また、民主的で持続可能なまちづくりをしていくという中で、質問はいつもさせていただいているところです。そして、基本計画2023にも書かれている、協議型まちづくりを推進するということでありますが、まちの皆さんの声を受け入れながら、まちの再開発とかが生まれていく、まちづくりがなされていくというその中で、どのような点を大切にしながら協議型まちづくりを進めていけばよいでしょうか。このあたりを改めてお伺いさせてください。

以上、お願いします。",2025,2025/10/03,決算特別委員会,議員
,令和7年　決算特別委員会(第6日　10月3日),小坂委員,小坂和輝,"それぞれに御回答ありがとうございます。マンション管理不全問題に関しましては、まだ回答のないものが193件あるというのもちょっと驚きです。となった場合に、1,000棟あるうちの２割が管理不全兆候で、２割が回答がない。これも恐らく管理不全兆候だと、４割がやばいかもしれないとも考えられるので、そのあたりのところの中央区マンション管理適正化推進計画の進捗、私もまた今後ともチェックしていきたいと思うところでありますので、引き続きよろしくお願い申し上げます。

マンション管理不全とともに、これに関連してですけれども、私は一般質問させていただきました。マンション管理のところで大事なのは長期修繕計画、どのように長期修繕をしていくか。その中で、一般質問では、その工事で談合されるんじゃないかということで、これをどうやって見抜くかというふうなところを質問させていただいたんですが、その中で、中央区のほうから、特に都市整備公社が、これまた非常に勉強になる講習会をしてくださった。

今年８月ぐらいに、中央区における管理業者管理方式を取る外部管理者方式の問題点、課題、そのような講演会をしてくださったんです。これは非常に重要な問題だと思います。外部管理者方式、マンション理事会でやるんじゃなくて、外部管理者がマンションの管理を進めていく中で、それには２つ大きな分け方ができる。管理業者管理方式という、業者さんが管理するというやり方、それの問題点を解説してくださったんです。

もう一つのやり方としては、マンション管理士等による管理者方式があるんだけれども、その問題というのは置いておいていいんですよ。では、もう１回ここを整理していただきたいんですけれども、管理業者管理方式による外部管理者方式の問題点はどのような点にあるか、一応ここは共通認識を持ちたいので、分かりやすく解説いただきたいと思います。これが１つ。

この都市整備公社が行った講演会のときに、こんな分かりにくい講演会に誰が来るんやと、まず皆さんは思うじゃないですか。来るということは、非常に熱心な人が来るわけですよ。マンション管理について非常に熱心な区民の方が来てくださる。この機会を通じて、中央区におけるマンション防災の取組ということで、中央区防災危機管理課の係長がわざわざ来て、マンションの防災に関して説明をしたと。この点は質問じゃないんですけど、非常にこの情報の一番伝わりやすい伝え方をしてくださったし、その取組について、防災危機管理課には感謝申し上げます。マンション防災の情報もきっちりとこのときに伝わったと思いますし、係長が休みの日を返上して出てきてくださった点、非常に感謝申し上げます。これは質問じゃないので、答弁は先ほどの点をお願いします。

密集街区のところは、今査定とかいう話が出ましたので、この査定はどのような感じで査定をしていくおつもりか、一応教えてください。伴走型でやっていくというわけですけれども、土地の値段はつけにくいというのは、大変難しい点は分かりましたが、区としてはどのように査定をしていくかというところを一応念のために教えてください。

協議型まちづくりの中でも、非常に重要な御発言をしてくださいました。権利者間で計画をつくり、内部の計画は周辺へも影響を及ぼすわけだから、どのように地域貢献をしていくかというようなことも話し合って協議していくということであります。であれば、この部分に関しまして、権利者がどのようなまちづくりをしていくかという中を話し合って協議していくというわけだから、その点においては、権利者全てに、準備組合ができる前から、一緒にこんなまちづくりをしていくんだけれど、いいでしょうかということで、どの権利者も排除せずに、全ての権利者に情報が行く形で勉強会も行うべきであると私は考えるんですけれども、これに関して、協議型というのはこのような形であるべきだと私は考えますが、それに対してのお考えを教えてください。

また、地域貢献を考えるのであれば、権利者に教える部分と同時進行で、また地域にも、準備組合ができる前から、このような開発ができるということの勉強会をやっているという情報も近隣住民にも知らせながら進めていくというのが、まちづくりを進めるまちづくりの住民の有志へのやるべき行動であると思いますが、協議型まちづくりというのであれば、そのような方向性で進めるべきと思いますが、そのことの考え方を教えてください。",2025,2025/10/03,決算特別委員会,議員
,令和7年　決算特別委員会(第6日　10月3日),小坂委員,小坂和輝,"マンション管理不全に関しましては、引き続きお願いします。

今おっしゃった部分に関しまして、協議型まちづくりに関してのところの進め方ですね。では、具体例として、佃二丁目のエリアにおける、これから準備組合ができようとしているという、その進め方に関しては、民主的な、おっしゃったような権利者への丁寧な説明がなされたかどうか教えてください。これが１つ。

築地のまちづくりに関しては１点、どのようにこの東京都との交渉を今後うまくやっていくかという中において、私は、都知事、中央区長、事業者社長、そして首都高速道路の社長、それら４者の会談といいますか、この４者がテーブルを持つということをしながら進めていく必要があるかと思いますが、前の款で公共交通協議会というふうなものを持ちながら、全体の交通の在り方、都バスの在り方を考えたというような話がありましたが、同様に、この大きな問題に関しても、４者が同じテーブルの下で議論をして、そして詰めていくということが今一番必要だと思いますけれども、これに関しての考え方を教えてください。",2025,2025/10/03,決算特別委員会,議員
,令和7年　決算特別委員会(第6日　10月3日),小坂委員,小坂和輝,"私が持つ情報では、そしてそれは、我々会派の青木委員が７月の環境建設委員会で取り上げさせていただきましたけれども、佃二丁目の大きな再開発の準備組合がこの12月にできるというふうな情報もありましたもので、こんなものがいきなり準備組合となっていいのかというふうに思ったもので、問題提起させていただきました。

また、４者会談については、その必要性は区も理解しているということは分かりました。私もいきなりこの４者会談ができると思っていません。その実務者会議を早急にしながら、最終的なところでこの４者が会ってというふうなことをせねば、築地のまちづくり協議会において、東京都に対し質問したのに、東京都がそばにいるにもかかわらず、その東京都が答えてくれていない、そのような逃げられる状況が生じますので、誰もが逃げない４者の会談というものを準備していく、それを早急にまずはつくるべきだということを強く強く要望させていただきまして、この款での質問を終わらせていただきます。

ありがとうございました。",2025,2025/10/03,決算特別委員会,議員
,令和7年　決算特別委員会(第7日　10月6日),小坂委員,小坂和輝,"では、よろしくお願い申し上げます。

教育におきましては、日々丁寧な対応を学校においても教育委員会においてもしていただいておりますことを、まずもって感謝申し上げます。前委員への答弁を聞いていても、別室を広げる、ＶＬＰを入れる、ポケトークを入れる等々の新しい技術も入れながら、積極的に活用しながら多様な学びに対応している現状に大変感謝いたします。

また、学校の先生方、例えば、朝、校長先生は門のところに立たれている。そして、来る子供たちに挨拶をする。ある校長先生は、自分からは挨拶をしなくて、一瞬待つみたいなんです。でも、来る子供のほうから先に挨拶をしてくるような、自ら挨拶をしてくる積極的な、主体的な子供が育っていることが分かります。この教育の現場に私は物すごく期待をしております。生きづらさ、それを解決する場所が教育にあると思いますし、単にそれだけではなくて、子供たちの可能性を伸ばす場であると考えております。発達の課題があるとかということは、別にそれは障害とか病名とかをつける必要はないと思うんです。それは単なる個性で済ませばいい。その個性を伸ばすだけ。それを伸ばすことができる教育が、ここ中央区でなされていると思いますし、それがもっともっとなされるように私は質問したいと考えるところであります。

まずは、本論に入る前に確認をさせてください。まずは確認から入らせていただきますが、１つ目、資料306に長期欠席者の数が出ております。そこでは、不登校の子が小学校102人、これは1.09％であり、全国平均が大体２％のところが1.09％の数が出ております。この小学校のところの病気が152人いる。また、その他というところが121人いる。令和６年度に長期欠席の子が375人おられた。病気と、そしてまたその他というのが一体何を指しているのか教えてください。

あわせて、中学校においても、不登校の子は113人、これは6.19％、16人に１人、都は7.8％だし、国は6.7％、そこからすると、中央区は6.19％で低い状況にあります。ここでも病気の子が44人おられます。この数の内訳はどのような御病気なのか教えてください。これが１点目です。

２つ目は、全く違う話なんですけれども、お許しください。この１年間の城東小学校の管理費と修繕積立金の額を教えてください。なぜこういうことを聞くのかというと、もし超高層の中に学校を造るとなった場合に、どれだけ費用を考えなくてはならないかの一つの参考にもなりますので、教えてください。

３つ目は、この前の区民文教委員会の付託のところで、ちょっと伝わり方があれっと思ったので、念のために確認させていただきますが、災害時に学校医が学校長への助言を行い、子供たちの避難なり治療なりもまた行っていくということが業務の中に入っているということでよいのかどうか教えてください。念のための確認です。

４点目が、教育委員会定例会、教育委員会に関してですが、タブレットが導入されたと思っています。そこで、傍聴者への対応はどのようにしていくお考えか。また、そのように紙資料からデジタルに変わったところであり、資料をいつ公開してくれるようになるのかの考え方、また、教育委員会の定例会における予算審議は非公開になっております。この大事なものが非公開であって果たしてよいのかどうか、改めてお考えを教えてください。これが４点目です。

最後ですが、先日、私はホームページを見ていて、教育委員会のところで、教育委員会教員公募とかいうものが出ていたんです。これがどういうことを意味しているのか。中央区が、先生、中央区に来てくださいというような公募の案内がなされていたので、それはどういうことなのか教えてください。",2025,2025/10/06,決算特別委員会,議員
,令和7年　決算特別委員会(第7日　10月6日),小坂委員,小坂和輝,"それぞれにありがとうございます。

まず、病気のところに関しましては、病気といいながらも、もしかしてこれは不登校に入るんですよ。不登校になる原因にそういう病気があるということで、それは不登校というカウントもあり得る。国の統計では35万人不登校と言っているんだけれども、病気というのが10万人いるんです。学校に行けていない子供が45万人いるわけです。いずれにしろ、病気というこの子たちをいかに学校に行ってもらうか、もしくは学習権をいかに保障するかというところも、また大事だと思いますので、ここへの取組です。ここに関してもＶＬＰを使えるかもしれませんし、また、病気で済ますのではなくて、ここにもアプローチする。やられているのだとは思うけれども、ここへのアプローチもまた、よろしくお願いします。これによって、中央区の不登校のパーセンテージも変わってくるかもしれませんし、同じようなアプローチでいけるかもしれませんので、よろしくお願い申し上げます。

城東小学校に関しては、かなりの管理費や修繕積立金、これは年額と理解しておきます。月額ではないですよね。年額ということで、そこをクリアしながら超高層の中に学校を建てるということを覚悟しなくてはならないので、このあたりも含めて、学校の在り方を検討していく必要があると思っております。

災害時の学校医の役割に関しましては、これは普通に読んで、災害時に学校医は出動するものである、これが普通の解釈だと思うんです。答弁では、そうでないように聞こえたんだけれども、きちんと災害時のマニュアルには、学校医がどう動くかということに関しても書いていただけるようにお願い申し上げます。

教育委員会定例会に関しましては、タブレットを用いて、傍聴者のところは議会も同じ悩みを持っていますし、教育委員会のほうも恐らくＳｉｄｅＢｏｏｋｓを入れてのことかもしれませんが、同じ悩みを持っているところ、傍聴者にどのように取り組んでいくかというところを考えていければと思います。一緒によりよい方向をと思うところです。

デジタルになったんだから、教育委員会が始まった、もしくは終了後にすぐに資料をアップできるじゃないですか。それがなぜなされないのかということや、予算に関して、こんな重要なことがなぜ区民に非公開になるのか、これが僕は理解できないんです。何か議会がとかということが理由に出ましたけれども、そこが理由になっていないと思うんです。教育委員会は独立の組織であって、議会に忖度してはならないと思うんです。首長にも忖度しては駄目ですし、そこに考え方として反しているのではないか。そこに僕は問題提起をしたいんです。議会に対して忖度することなく、データをアップすれば、ネットだから、関心がある議員は即見に行けるわけです。市民も議員も同じレベルで同じ資料を見にいけるのだから、このあたりは私は理由になっていないと思います。ただ、ここをやったら水かけ論になるので、私は、これは教育の独立性が侵されている。議会になんか忖度する必要はないと思っておりますので、そこをよろしくお願い申し上げます。もちろん、我々も区民の代表でありますが、教育がそういうところの圧に屈してはならないと思っておりますので、独立性はきちんと担保していただきたいと思っております。

教員の公募のところは、すごくありがたい話だと思っております。これは質問をしますが、令和５年と令和４年は公募制度で何人か来ておりますか。実績を教えてください。さらに、中央区に行きたいという先生をこれで呼び込めるのだから、すごくいい制度だと思いますので、公募制度をぜひ今後とも使っていって、中央区に行きたいという先生をどんどん入れていけますようによろしくお願い申し上げます。

では、次に進めさせていただきます。

まずは、子供の声を学校の運営や教育の施策に生かすということ、これは令和５年にこども基本法ができて、こども家庭庁ができて、それで、令和６年度、一生懸命子供の声も聞きながらできたのが教育振興基本計画であるし、こども計画でもあった。それを経て、今、子供たちの声をどのように反映させようと、どんな取組をされているのか、そのあたりの現状を教えていただければと思います。それが１つ目です。

２つ目は、インクルーシブ教育です。インクルーシブ教育に関しましては、次期学習指導要領においても、それを取り入れていくということが述べられております。基本的方向性において、主体的・対話的で深い学びの実装ということとともに、多様性の包摂という言葉が次期指導要領に入ってくるという中で、インクルーシブ教育の方向性は、まさに取り組んでくださっているところでありますが、今、どのようなところで課題をお持ちなのか、そのあたりを教えていただければと思います。これが２つ目です。

３つ目は、ＩＣＴやＡＩの活用ということで、これは私も一般質問で取り上げさせていただいて、共同編集やチャットも使えるということが始まった。また、新たなタブレットを用いることによって、生体認証で入るからセキュリティもパーフェクトになっている。また、生徒を教える系と校務系が、２つパソコンが必要だったところが１つのパソコンで済むようになった。そういう言葉は統合型校務支援システムと言えばいいのでしょうか、そのようになっている中で、今後、先生方の負担軽減なりで、ならば、今、どういうところに取り組んでいこうとお考えなのか。

ＩＣＴやＡＩを用いた先生方の校務の軽減に関しての考え方と、もう一つ、生成ＡＩのところで議論がなされております、他の議員からも出ております、生成ＡＩを子供たちにどのように教えていくのか、活用していくのか。最初に私も述べましたが、使える人と使えない人で雲泥の差が、格差が生まれてしまう。その中で、きっちりと中央区の子供たちもＡＩを使えるようになっていかねばならない。ただ、どういうふうなことに配慮しながら、どういうふうに子供たちにＡＩの使い方を教えていくか、そのあたりを教えてください。",2025,2025/10/06,決算特別委員会,議員
,令和7年　決算特別委員会(第7日　10月6日),小坂委員,小坂和輝,"それぞれに御丁寧な御答弁ありがとうございます。

子供の声というところにおきましては、では学校評議員会への子供の声の反映はどのようにされているのか教えてください。それが１点目です。

２つ目が、ＡＩ活用におきましては、子供がＡＩを用いることによって考えなくならないかというところに関しては、大丈夫でしょうか。そのあたりの配慮について教えてください。

３点目のインクルーシブ教育に関しまして、育ちのサポートカルテの話も出たんですけれども、個別指導計画と個別の教育支援計画の２つの計画を700名近い発達に課題がある、障害のある子供たちに計画をつくらなければならないんです。そういうものをつくるのが大変だからというところで、ＡＩ活用などはなされるのか。障害者福祉課でプランをつくるのが大変だから、今、ＡＩを使おうという機運があるので、プランが簡単につくれればすごく楽なので、このあたりが進んでいるのかどうか。また、これは予算特別委員会でもやりました。恐らく紙ベースでは個別の教育支援計画は入れているのかもしれないけれども、その基にあるのはデータだと思うんです。そのデータを各教員がネット上で共有できるという状況にあると思われますが、その理解でよいのかどうか教えてください。",2025,2025/10/06,決算特別委員会,議員
,令和7年　決算特別委員会(第7日　10月6日),小坂委員,小坂和輝,"私の気になるところを質問させていただきましたが、子供の声を聞きながらの学校運営や、またＡＩを積極的に活用しながら、先生の御負担を減らす、また、子供たちの学びが深まる、それをやっていただきたいのと、インクルーシブ教育をぜひとも進めていただきたいと思いますし、インクルーシブ教育の中に生きづらさを解決する仕組みがあると私は考えております。

以上で終わります。",2025,2025/10/06,決算特別委員会,議員
,令和7年　決算特別委員会(第8日　10月7日),小坂委員,小坂和輝,"では、よろしくお願い申し上げます。

非常に難しい課題が山積する会計でございます。2025年問題も今年ですよね。団塊の世代が全て75歳以上になる。また、そのような中、中央区でも、資料344で出していただいているように、認知症の方の数も3,408人ということであります。

まず１つ目は、この認知症の方々を支えるために、地域がどうあればよいかということについて、考え方を教えてください。認知症に対しての課題としての物忘れ予防外来をしてくださっていることとか、医者を派遣するとか、そういうことは分かっているので、地域がどうあればよいかについて教えてください。

２つ目が、そのような中、一つは、住み慣れた御自宅で死ぬということがなされていく必要もあろうかと思うところでありますが、本人にとっては家族に迷惑をかけたくないということで入所するというのが現実かと思います。在宅死を可能にしていくための課題は何かということについて教えてください。

３つ目は、これは私も昔から言っているんですけれども、この介護の問題についての一番有効な取組は多世代交流かと思います。どのような多世代交流がなされてきているかについて、現状を教えてください。

以上３点、お願いします。",2025,2025/10/07,決算特別委員会,議員
,令和7年　決算特別委員会(第8日　10月7日),小坂委員,小坂和輝,"それぞれに、ありがとうございます。

認知症を地域が理解するということでありますが、サポーターの養成の状況やサポーターの再講習のようなことはなされているのか、そのサポーター養成の現状を教えてください。

２つ目が、地域で亡くなるために、自宅で亡くなるためにというところでありますけれども、その体調の急変のところの受入体制は大丈夫なのかどうか、教えてください。

多世代交流に関しましては、例えば認知症カフェや通いの場などでも、そうしたら、放課後の子供たちも来て一緒に楽しみましょうとかということも一つの手ではないかなと思うんですけれども、それに関しての考え方を教えてください。",2025,2025/10/07,決算特別委員会,議員
,令和7年　決算特別委員会(第8日　10月7日),小坂委員,小坂和輝,"それぞれ、ありがとうございます。

認知症の知識を増やすという点では、確かにキャラバンメイトも増やしていけばいいですよね。ぜひそれが増えるようなやり方、講習の仕方。それを今だったらユーチューブで学びながら、それでなれるとか、そこをもうちょっとやれば、もっともっと教える人が増えることによってサポーターも増えるというあたりの取組ができるかなとお伺いしていて思いましたので、もっともっと区民の皆様が認知症の知識を持てるように、そのあたりの取組をお願いします。

また、在宅での死ということに関しましても、それができるような体制整備をしていければと思います。また、通いの場や認知症カフェというところにおける多世代交流も一緒に考えていければと思います。

ここまでで質問を終わります。ありがとうございました。",2025,2025/10/07,決算特別委員会,議員
,令和7年　決算特別委員会(第8日　10月7日),小坂委員,小坂和輝,"では、よろしくお願いいたします。

まず、令和６年は能登半島地震で始まりました。地震が起きて、私も１週間後に能登町に医療支援で入りました。ボランティアは来るなと言われてはおりましたが、ＳＮＳで、小児科医求むという発信をたまたま見つけて、それで伺いました。やるべきことが山ほどあったと思っておりますし、だからこそ８回、能登町の小学校の防災拠点に入りました。今もその光景は目に残っております。やるべきことがたくさんある。医療支援、医療救護所の充実、山ほどあると思っております。今度、区民文教委員会で金沢に行きますので、その後、約２年弱たったところの能登町に再度伺い、復興の状況を見てこようと思っているところです。

まず、防災についてお伺いさせていただきますが、まさに地域防災計画の令和６年修正、都心南部直下地震においてマグニチュード7.3、震度６強、昼間に起きた場合、その負傷者は3,249名、そして重傷者は323名と想定されているところです。医療救護所をどのように強くしていくか、その課題について教えてください。これが１点目です。

２つ目が、今はもうペットも同じ家族です。ペット防災もまた地区のほうは進めてくださっているところであります。その課題です。ペットを好きな人もいれば、嫌いな人もいる。その人たちが集まる防災拠点の中で、うまく折り合いをつけてこの仕組みを進めていくというのは非常に難しい中、取り組んでくださっております。ペット防災の課題を教えていただければと思います。

３つ目は、子供です。子供の心をいかに守るか。これに関しては、どうしてもＰＴＳＤとかになる。そして、夜、めっちゃ怖くなって眠れない。毛が抜けるとか、下痢が止まらないとか、様々な身体症状も出す。このような子供の心を守る、そのためのアイデアを情報共有したいと思います。それに関してお願いします。",2025,2025/10/07,決算特別委員会,議員
,令和7年　決算特別委員会(第8日　10月7日),小坂委員,小坂和輝,"それぞれにありがとうございます。

医療救護所の充実に向け進めていってくださっているところでありますが、この前の総合防災訓練においてもトリアージ訓練をして、私も参加したんですけれども、参加しながら、自分自身もうまくいかなかったという大きな反省の訓練の成果はあったんですけれども、それら防災訓練においてはどのような声がその強化に向けて届けられているのか、医療救護所の課題について何かこういう特徴的な声が届いているということであれば教えてください。

ペット防災に関しましては、本当に御努力してくださっているところであり、そこにおいてはペット災害危機管理士会というところもこの銀座に本部があるみたいで、そこともうまく連携を取りながらやってくださっている。全ての防災拠点においてペットが避難できる場所も設けている。本当に、いつの間にここまでというところをすばらしいと思っております。

それで、課題としては、これは本当に難しいと思うんですよね。区の職員が、ペット避難ですとかとやっていたら、何で人を助けないんだという非難が絶対出る。そういう中において、ここは、ペットの飼い主がボランティアとしてペットのところは責任を取るというところまでの体制をつくっていく必要があると考えますけれども、いかがでしょうかというか、そのように取り組んでいると思いますが、そのあたりの考え方を教えてください。

また、子供の部分は、おっしゃいましたように、いかに日常を早く取り戻すかというところですよね。遊びの場とか居場所とか、そのことまで含めて、心理師会とも、災害の際にいかに防災拠点に遊びの場をつくるか。そのあたりも含めて、早く、ここは遊び場にしよう、そして遊びの場には、例えば学童クラブとかプレディの関係者とかがおられたら、子供たちの面倒は見ようとか、そこまで含めた準備を想定していただければ、まさにカードでその想定を頭の中ではされてくださっているわけですが、子供の遊び場所まで、ここにしようとか、仮にそういうところまでやっていただければと思います。

では、防災危機管理課長が立たれたので、そこに関して、この前、月島第三小学校の防災拠点運営委員会がありました。これはきっと工夫をされているんだと私は思うんですけれども、その防災拠点の訓練において工夫された点を教えてください。これがプラスの質問としてさせてください。では、お願いします。",2025,2025/10/07,決算特別委員会,議員
,令和7年　決算特別委員会(第8日　10月7日),小坂委員,小坂和輝,"それぞれに丁寧な御答弁ありがとうございます。

医療救護所におきまして、さらにシステムを入れて、来年は訓練していくということに期待するところであります。新たなシステムとして、防災システムですよね。

気になるのは、カルテをどうするのかという考え方について、どのように考えているのかということがあれば、教えてください。

ペット防災に関しては、引き続きよろしくお願い申し上げます。

また、子供の居場所にはそのようなところでありますし、防災危機管理課長がおっしゃったような様々なアイデアを入れてということであるし、工夫されて訓練されているというところに本当に敬意を表します。

また、私が驚いたというか、よいなと思ったのは、区の職員も一避難民みたいな形で一緒にグループとしてやっていたというところなんですよ。区民と一緒に逃げるというか、区民と一緒にやると。だから、私も区の職員さんと一緒に三角巾の当て方とかをやったところもありますし、そのような区民と職員の皆さんとの交流もそこで生まれるというところがすごかったなと、その取組は新鮮で驚きましたので、このようにして区と区民の皆様がうまく交流するようにと、区の職員が見ているだけではなくて一緒にやるというところは、本当によい取組だと思いました。

では、進めさせていただきますが、あとカルテのところだけお願いします。

私が昨日の教育のところで述べさせていただきましたが、インクルーシブ、ここをもうちょっとだけ深めたいと思い、ここで取り上げさせていただきます。インクルーシブ教育、これが生きづらさを解決する方法の大きな一つであると私は考えておりますし、今の時代でこそ、排除、排除とかと言っている今の時代であるからこそ、しっかりとインクルージョンを進めていく必要があると考えております。

それで具体的な質問ですが、就学相談では、どのようなところを大切にしながら、今も話されているところの就学相談を行っておられますでしょうか。ここから伺っていきたいと思います。",2025,2025/10/07,決算特別委員会,議員
,令和7年　決算特別委員会(第8日　10月7日),小坂委員,小坂和輝,"御丁寧な御答弁ありがとうございます。

カルテの部分は、東京都のマニュアルにおきましても、電子をノーコードで使うという記載の部分もありますので、それらも含めて、よりうまく回るように。ネットがつながらないというところもまさに想定しなくてはならないしと思っているものの、電子の部分を使おうという話もありますので、それらも含めて、準備のほどよろしくお願い申し上げます。

また、就学相談のところは、ここが過去において区民の皆様と変な衝突があった部分ですよね。なので、本当に要らない衝突になってしまっていて、本当に私もうまく調整できたらなと思うところなんです。

一方で、発達保障論ということで、その子の発達を保障しなくてはならないということで、特別支援学級とか特別支援学校とか、そちら側の考え方がある一方で、もう一方に共生教育論というものがある。この二つがぶつかっているんですよ。そのぶつかりがないように、両者めっちゃ大事なんだから、うまくそれを融和させていこうというのがインクルーシブ教育の一番重要な点であると思うし、そのような要らぬ衝突がなきようにと思うところなんです。

インクルーシブ教育といった場合に、それは今の段階のインクルーシブの一番できるところは、スタッフ１人につき児童35人でどうやるのかという中で最適なやり方としては、今は分けざるを得ないかもしれない。ただ、徐々に進むにつれて、全ての子供たちが、どんなに重い障害があったとしても、その発声が「ああ」しか言えないような重症心身障害の子であったとしても、一緒に同じクラスで学ぶということが実現できると思っております。それを今やれといった場合は、その子に対しての虐待になるので、何もそろわぬうちに一緒の空間にいるということは、それはそれでその子の発達のなかなか難しいところがありますから、その考え方がお互いに正しいにもかかわらず衝突してしまっているような、それはうまく我々も含めて議員側が頑張ってその要らぬ衝突をなくしていかねばならないと思っているところであります。

この発達保障論と共生教育論の融和という言葉は、障害のある子たちのインクルーシブな教育を進めていこうと頑張られて闘う弁護士である大谷恭子弁護士が使っていて、私も最初は何で融和と言うんだろうかと思っていたんですけれども、そういうところにあるのではないかと私の解釈で今述べさせていただきました。

そのインクルーシブ教育の事例として、ちょっと具体的に考えていきたいんですけれども、病院に入院中だけれども、学びたいという子供の声があった場合に、どのように対策していくことができますでしょうか。

２つ目が、一時保護中なんだけれども、学校で学びたいという子供の声があった場合に、どのように対策していきますでしょうか。

３つ目に、不登校で、学校には行けませんし、家からも出られません。でも、給食を食べたいという声があった場合に、どのように対処していく考え方ができますでしょうか。ちょっと具体的な中で、こういうのがいいんじゃないかという具体的な事例の中で、まずは個別の考え方をお示しください。",2025,2025/10/07,決算特別委員会,議員
,令和7年　決算特別委員会(第8日　10月7日),小坂委員,小坂和輝,"例えばということで、子供はこのような意見を述べるんですよ。それに対して大人がどのように対応するか。子供が言うようにするのか。こうこうこういう段階だから、今はできませんと言うのか。このやり取りが子供の意見を聞くというところの一つの大事な点かと思っております。その中で、病院の入院中におきましては、オンラインの手法もあるということでありますので、そのあたり、ぜひ何か、一般質問でも、オンラインで外の喫茶店で仕事をするとかということができる時代になっておりますので、そのような形のオンラインの聴講やオンラインの出席が可能になるような取組をまた進めていただければと思います。

同様に考えるのであれば、一時保護中で身は一時保護所にありながらでもオンラインの形で出席できるかもしれませんし、そのあたり、いろいろ考えていただければと思います。

また、給食を家に持ち帰ると。今、給食を不登校の子がどこで食べるかというのは一つの話題になっております。浜松市だったかな。どこか食べる場所を設けて、そこに不登校の子が食べに行くという取組もされているところであり、給食という衛生面を精いっぱい保障しながらやれる手はあるかもしれません。そのあたりをまた引き続き考えていければと思います。

いずれにしろ、このインクルーシブという言葉は、まさに誰一人取り残さないという内容であるし、また多様性が生まれるということは、イノベーションも生まれる。また、違いを認め合うということは、そんな違いはいいんだよと、あなた自身のその形のそのままでいいということを認めるわけであるから、それこそが共感と安心の場所になる、居場所になるということであって、本当にこの生きづらい状況を解決するやり方がインクルーシブだと思います。ぜひともインクルーシブの教育をここ中央区でも引き続き進めていただけますように、本当に丁寧な取組をしてくださっている、保護者の皆様が何度も何度も、どうですか、どうですかと詰め寄ってくる中でも丁寧に回答くださっているという現場を私も見ておりますので、引き続き期待しております。よろしくお願い申し上げます。

ここでの質問は一度休憩ということで終わります。",2025,2025/10/07,決算特別委員会,議員
,令和7年　決算特別委員会(第8日　10月7日),小坂委員,小坂和輝,"引き続き、よろしくお願い申し上げます。少々あちこち飛ぶところは御了承願います。教育につきまして、ちょっと積み残したところがあるので、確認させてください。

１つ目がＡＩ活用です。ＡＩを活用しながら、パイロット校で今ＡＩを子供たちが使っていて、壁打ちをやっているという話も出ました。早くパイロット校から全校展開へと行っていただきたいと考えるところですけれども、いつ全校展開の方向で進めますでしょうかということの子供たちのＡＩ活用とともに、先生方の省力、仕事が効率化するというところでの確認ですが、例えば欠席しますということを親がプチッと押した場合、それが養護の先生の欠席一覧表にそのまま数が入って、自動的に養護の先生の欠席一覧が出来上がるという使い方になっているのかどうかということ、これがＡＩに関しての確認です。

２つ目が暑さ対策です。今、林間学校や臨海学校がとても暑い時期に行っておりますが、この極暑の中での臨海学校、林間学校はちょっと暑いという声も聞いておりますので、このあたりの取組を教えてください。

最後ですが、誰でも通園制度。これは教育委員会でも使えるのではないかと。早くから幼稚園のよさを感じていた場合、その子たちが幼稚園に上がっていくのではないかとも思うわけですが、中央区の幼稚園でやると考えた場合の課題はどのようなところにありますでしょうか。",2025,2025/10/07,決算特別委員会,議員
,令和7年　決算特別委員会(第8日　10月7日),小坂委員,小坂和輝,"それぞれに御答弁ありがとうございます。

ＡＩ活用に関しましては、ぜひ全校展開を早くお願いします。

また、先生方の省力化に向けて、いろいろな工夫をよろしくお願い申し上げます。

極暑対策に関しましては、臨海学校、林間学校それぞれ非常に暑い時期でもありますので、校長先生方の御検討の進み方も入れながら、日にちの検討なども、運動会をずらしたりという考え方、プールをずらしたりという考え方もやられている中でありますので、そのあたりも併せて御検討をよろしく私からもお願いします。

また、誰でも通園制度は、未就学児の会があるのであればできるのかなと逆に思ったりもしたんですが、幼稚園の魅力がさらに高まるのであれば、こういう制度も考えてもいいんじゃないかなと思いましたので、質問させていただきました。

では、次に移らせていただきます。次は、少しまちづくりに関しましてお伺いさせていただきます。

まず１点目が、これは何度も持ち出して申し訳ないんですが、段差がゼロということについて、念のために確認させてください。私は中央区交通安全対策協議会でも問題意識として出させていただいたんですが、段差がゼロということは非常に事故防止にもなっていると。小さな段差であってもつまずくんですよ。２センチぐらいのものであっても、というところで、この段差による事故はどの程度起きているのかということに関して教えていただければと思います。事故予防という点からも、道に段差がないということは重要であろうと考えております。例えば車椅子も、段差が斜めに入った場合に転倒もするし、自転車も、車輪のところが段差に取られたりもするし、事故予防という点でも段差は非常に重要な解決すべき問題かと考えており、どれだけ事故が実際に起きているのかという現状を知りたく、お伺いさせていただきます。

２つ目が、プロアクティブとも、その延長とも言えるところですけれども、まちづくりは、区民の皆様、住民の皆様がやるべきものだと考えております。そして、その機運が佃の地域では盛り上がっているところであり、佃一丁目、これは私は何回も述べさせていただいておりますが、佃の祭りののぼりの高さ以上の建物は建ててほしくないというのが住民の皆様の考え方であります。それら住民発意による地区計画というのは難しいものなのか。晴海や銀座ではデザイン協議会などもなされたところであり、なら佃一丁目においてもデザイン協議会をつくってみませんかという考え方もあろうかと思いまして、このような機運の下、住民の皆様がまちづくりをする、その手法についてお伺いさせてください。

３つ目がマンションです。本当にマンションに関してはすごく問題が多いというのが分かってまいっているところであり、私が述べましたマンション管理不全、指導の必要があり12件、管理不全兆候174件、調査に協力してくれないところが190件近くというマンション管理不全の問題があったり、また私はもう一つ述べさせていただきましたが、マンションの外部管理者方式、特に管理業者管理方式ではすごく問題が生じる。管理組合の理事の人たちがやや引いて業者の皆さんがやっている中で利益相反が生まれてきて、そして住民の皆様が結果的に損してしまっているということも聞くところであります。結局、談合も見抜けないということにも至っているのかもしれません。

そのような問題があったり、また超高層マンションだけではなくて、この近隣マンションにおける投機の問題、そして違法民泊の問題、マンション防災の問題、マンションばかりにこのような問題がある。であれば一度、学識経験者も入れて、マンション問題を検討する会議体、マンションの在り方検討会などもつくりながら、マンションの問題を中央区としてこう考えていくべきだということを一回整理したらどうかなと、私はこのマンションについていろいろな問題を見ていて思うんですが、いかがでしょうか。

以上３点、お願いします。",2025,2025/10/07,決算特別委員会,議員
,令和7年　決算特別委員会(第8日　10月7日),小坂委員,小坂和輝,"ありがとうございます。

段差のところは、本当にしつこく質問して申し訳ないし、中央区が開発した、発明したそのブロックがあるということも十分承知しているところであります。ただ、都道においては、晴海通りのところでも、歩行者の歩道と車道の境界を斜めに切ってしまったりしているところもありますので、両者立たないものを、目の不自由な方々のための点字ブロックと、そして段差がどうしてもバリアになる方々のそのバリアをなくすと、その両方を立てていけないかということは、またこれからも引き続き私も考えていければと思うところであります。御回答ありがとうございました。

佃の高さ制限に関しましては、そのような住民から、自分たちが地区計画をつくっていきたいという強い思いもあり、自分たちが自分たちのまちをつくっていくという機運もあるわけですから、そのあたりをぜひ御助言いただければありがたいかなとも思うところであります。本当に危ないということをおっしゃっているのは分かります。分かりますが、そこは消防団もあるし、消防団が駆けつけて火災の対応とかも日々訓練しているわけでありますし、情緒ある豊かな佃のまち並みを守っていく必要もあるんじゃないかな、それも守りたいという住民の方もおられるわけだから、そのあたりは引き続き御検討のほどよろしくお願い申し上げます。

マンションの在り方に関しましては、マンション管理適正化推進計画の中で総合的に考えるという手もありだと思いますが、何しろマンション投機とか違法民泊とかもあるので、そのようなものを含めた広い計画をつくっていっていただければと思うところであります。

管理不全、本当にこれも問題です。銭湯のうちの４割ぐらいやばいかもしれないということでありますので、そのあたりは引き続きよろしくお願い申し上げます。

次に進めさせていただきます。まず区政方針ということで、区の考え方というところに一度戻らせていただきますが、いろいろな政策をつくっていくところで、行動経済学なるナッジの理論はどうですかということは述べさせていただきましたが、これは繰り返しません。

ＡＩは、職員の皆様全員が使える形にするというのが、本当に省力化できるので、大事かと思うんです。このＡＩを全職員が使えるような環境をつくるということに関しての考え方を再度問わせてください。今、経理課契約係、職員課、障害者福祉課、広報課と４部署がパイロットでやると。それをやった後は全て展開というのもありますし、障害者福祉課がやられる文書を作るのはすごく大変なんですよ。それをぱぱっと一瞬で作ってしまうというＡＩのすごさ。これらを取り入れることで働き方改革にも即つながるんじゃないかなと思いますので、ぜひとも職員の皆様全員がＡＩを使える中央区であるというところで、もう一度御答弁をお願いします。これが１つ目です。

２つ目は、子供の意見を聞くというところについて。これは何度も繰り返しているようにも見えますけれども、子供の意見が聞けたということは、障害のある皆様の声も聞ける、認知症の方の声も聞けるということで、子供のほうをクリアしていれば全てに当てはまるから私は子供、子供と言っているわけであり、子供だけを考えているわけではないので、誤解なきよう考えていただきたいんですけれども、子供の声を聞くということが、子ども施策推進室だけではなくて、全ての部署において子供の意見を聞くという体制は取られているのかどうか。また、それができているということを子ども施策推進室がチェックするとか、そのような仕組みになっているのかどうか。子供の声を聞いて施策をつくるということがこども基本法の第11条で義務づけられておりますので、そのあたりがきちんと回るかどうかのチェック体制を教えてください。これが２つ目です。

３つ目は、区制80周年ということであり、アーカイブを作るということは前委員から議論もありました。そのようなものを作っていくというのはとても大切なことかと思います。そのような感じで、周年を迎える団体が多くあるというところで、周年誌を作るということを考える方々が多くおられる。であれば、そこに補助金をつけるという、そんな役に立つ補助金を今、中央区は持っているのかどうか、教えてください。

以上、お願いします。",2025,2025/10/07,決算特別委員会,議員
,令和7年　決算特別委員会(第8日　10月7日),小坂委員,小坂和輝,"それぞれにありがとうございます。

ＡＩが何か間違った回答も出してくるということも分かります。ただ、非常に便利なものでありますので、情報化基本方針ですか、そこにも入れながら、ぜひうまく使えるように環境は整えていただくことを要望いたします。

子供の声を聞くというところに関しては、アンケートを行いながら、全庁的にという動きもあるということをお聞きし、その経過を見守っていきたいと思いますが、子ども施策推進室だけではなくて、教育委員会だけではなくて、全ての課で子供の関わる施策においてはきちんと子供の声を聞いていただければと思います。それは赤ちゃんから青年までと思います。

なぜなら、子どもの権利条例では、オピニオンという用語ではなくて、ビューという用語になっております。ビューは、何か分からないけれども、体で発するものも含めて意見ということになりますから、そのような権利条約の文言でもありますので、たとえ言葉が発せなくても意見は意見として赤ちゃんも発しておりますので、それを含めた子供の意見ということをお願い申し上げます。

シティプロモーションに関しては、そのように役立つということも分かりました。ぜひ、周年は中央区にそろえて周年というわけではないので、この制度はすごく使いやすいので、引き続きこの制度は残していっていただければということは要望させていただきます。

では次に進めさせていただきます。私も、決算特別委員会の始まりのところでは、生きづらさ、生きにくさの区民の皆様に寄り添っていくにはどのようにすればいいかという問題意識を持ちながら臨ませていただきました。

そこで、自殺をするかもしれないような区民に対して24時間の対応をできないかともこの前も質問させていただきました。これは難しいですかね。24時間対応窓口を区の職員が持つというのは難しいものかどうか、こうやったらやれるんじゃないかとか、そういうところで、働き方改革を一方で言っておきながら申し訳ないんですが、でも一方で死ぬかもしれない区民がいるわけですよ。その区民に対応できる、何かあったらここに電話してよということを区の責任としても言いたい。何とかならないかというところ、もう一度ここで質問させてください。これが１点目です。

もう一つは、これもやり取りの中で出ておりました。ＤＶに遭って家を飛び出して夜逃げした方は、住居がない。その住居のない方に対してどのように住居を提供していくかというあたり、区が提供できるそういう施設、秘密の部屋がどれだけあるのか、そのあたりをどのように提供していけるのか、教えてください。これをお願いします。",2025,2025/10/07,決算特別委員会,議員
,令和7年　決算特別委員会(第8日　10月7日),小坂委員,小坂和輝,"なかなか難しいところではありますが、例えば、明日自殺するかもしれないという区民の方がおられた場合に、警察とかというところとの連携と。区とその連携先にはもっと顔の見える関係ができていて、あなたの所管の警察はここだから、この警察の警察官に相談しなさいとかという連携の公公連携というか、そういうものも顔の見える関係をつくりながらできるかもしれない。また、このあたりのニッチな部分をＮＰＯがやっているかもしれないので、そういう優秀ないろいろなＮＰＯがあるので、そういうところとの連携ができるのではないかと思います。

これは、ＤＶのところの部屋を探すということにおいても、そのような部屋を提供していくというＮＰＯ、例えばこの前、９月30日に協働ステーション中央でも、世田谷区でＤＶの方へ部屋を貸すＮＰＯさんが御講演されておられました。そのようなＮＰＯとうまく連携することでさらにこの支援の輪が広がっていくのではないかなということで、区のできることがさらに広がるのではないかとも思うわけです。

そこで、そのようなＮＰＯとの連携をさらにしていけばどうかという観点から再度問わせていただきますが、これは区民費のところでも質問させていただきました。この区と官民連携と言われます、民が企業であったり町会であったりというところもありますが、このニッチな、もしくは支援のはざまの部分は、ＮＰＯは結構得意とするところであります。そのＮＰＯと区がもっともっとうまく連携していけばいいんじゃないかなとも思うわけですが、ＮＰＯとの連携、積極的には、区民部がＮＰＯをたくさん御存じなので連携できておりますが、区民部の地域振興課だけではなくて、まちづくりのところでも、子育ての分野でも、ＮＰＯとの連携をしていくような流れができないかなとも思うわけです。

既にやっていたら申し訳ないんですが、このあたりの状況、区が官民連携でＮＰＯと積極的にやられているという現況を教えていただき、またそれをやるに当たっての何らかの課題などがあれば教えていただければと思います。",2025,2025/10/07,決算特別委員会,議員
,令和7年　決算特別委員会(第8日　10月7日),小坂委員,小坂和輝,"私の問題意識として、なかなか行政だけではやれないなと。先ほど述べたように24時間窓口はつくれないし、住宅の課題は、都市整備部のところでもいろいろな住宅を準備されているのは分かりますが、このようなＤＶで一瞬逃げるような住宅で、そこで次の裁定が出るまでの短期間で、そのような住宅の準備の仕方とかはすごく難しいと思うし、一方でそのあたりのアイデアはＮＰＯさんが持っているということでありますので、そのようなＮＰＯとのさらなる付き合い、これができるということが、プロアクティブ・コミュニティということを基本構想でもうたっている中央区でもありますので、そのあたりの、もちろんこのプロアクティブ・コミュニティは、町会もやっているし、それが祭りもつくっているという町会・自治会もあるし、さらなるパートナーとしてのＮＰＯの利用、それがさらに広がらないかなとも思うところなんです。

これが広がるように、アンケートを取り、各部署でのこんなニーズがあるということを地域振興課で集約できたら、それをさらにキャッチボールしながら、うまくＮＰＯをつないでいただければと思います。中央区には東京都都心というだけあってすばらしいＮＰＯがたくさんあります。なおかつ本部もここにあるということは、これを機にふるさと納税もこのＮＰＯにしてくださいとかと言いながら、７割はその団体、３割は中央区という真なるふるさと納税にも使えるわけなので、そのあたりも含めて、ウィン・ウィンな関係をさらにＮＰＯとつくっていただけますように、ここは強く要望させていただきます。

私の項目としては最後の項目に入らせていただきます。この審議の中で、相談は人なりと、相談をするのは人という言葉が植木参事から出てきました。本当にそうだと思うし、さらに言うのであれば、私もこの夏に大森自治体行政学を受講させていただいたわけなんですけれども、すごく勉強になりました。

大森自治体行政学では、行政は人ということをおっしゃっている学びを得たわけなんですが、大森彌先生、自治体行政学の大家、この先生が、行政の職員にとって大事なこと、それは、住民の中に入り、その文化までを肌身で感じ、それを職場内で議論して政策をつくり上げ、実践し、評価をするのが自治体職員であり、そのモチベーションを高めるのが首長の責務であるという講義だったんですが、まさにこの行政は人なりという、人が働きやすい環境をつくっていくということ、これは一般質問においても我々の会派からも、テレワークなども入れつつ働きやすい環境をつくりましょうということは提案させていただいているところでありますが、ここは本当に大事だと思っております。

それで、このところにおける取組として、自己研さんを行う職員の皆様や、ボランティアに積極的に関わる職員の皆様を支援するような取組があれば、さらによいのではないかと思うわけであります。ボランティアをしなさいと強制するものがボランティアでないというのは分かっておりますので、そうではなくて、ボランティアをする方のインセンティブとして、どんどんしやすい環境をつくるというのも、あるべき職員の皆様の働く環境づくりだと思っております。このあたりの支援に関して、もちろんボランティア休暇なるものは準備されているところであるし、それなりの研修費用も出るところでありますけれども、このあたりのボランティアをするとか自己研さんをするという職員の皆様のモチベーションアップのために、どのような取組をされておりますでしょうか。",2025,2025/10/07,決算特別委員会,議員
,令和7年　決算特別委員会(第8日　10月7日),小坂委員,小坂和輝,"本当に区の職員の皆様は、地域に入り込んで、その文化まで身につけながら施策をつくってくださっていることは重々承知の上で、このように質問させていただきました。本当にＮＰＯとかとうまく連携していくという中では、ボランティアをして、ＮＰＯと付き合いながらうまくやっていくという流れもあろうかと思いますし、それをされているからこそ、防災のところでも質問させていただきまして、防災訓練で一緒に住民の中に入ってされているということも確認させていただいたところであり、さらにそれがしやすくなるという環境が整えばいいなということで質問させていただきました。

では最後に、教育に一回戻って終わりとさせていただきたいと思います。教育、ノーベル生理学・医学賞を取ったということで、それも医学の分野ということですごくうれしい話であり、制御性Ｔ細胞ということで、がん予防ですごく大事なことで取りました。

それで、今不穏な感じじゃないですか。不穏な感じというのは、もう一度オウムの事件を思い出さなければならないんじゃないかと思うところであります。森達也さんという映画監督であり作家である方が、もう一度オウムの教訓を思い出したらどうかということを書かれているんです。すなわち、オウムは異常な集団として片づけられがちですが、森さんがオウムの加害者や信者に会ったら、普通の通常の方だったんです。普通の通常の方が何であんな事件を起こすんだというところがこの課題だと思うんです。そこは、思考を放棄した普通の人間の延長線上にこのようなオウムの事件が行われたということであります。そのようなことにならないようにしていくのもまた教育の大事なことかと考えております。

中央区の教育では、平等な、また差別のない、誰一人排除しないインクルーシブな教育をされてきている。さらにこのような不穏な状況、ＡＩも出てきている。このような中で、教育がどうあるべきかというところを最後に教育長に締めくくっていただければありがたいと考えるところであります。よろしくお願いします。",2025,2025/10/07,決算特別委員会,議員
,令和7年　決算特別委員会(第8日　10月7日),小坂委員,小坂和輝,"教育の在り方、私も子供たちが育つというその場を、全ての子供たちが一緒に育てられるという環境づくりをさらに進めながら、中央区の教育が発展できますように、これからも一緒に考えていければと思うところであります。

これで私の質問を終わらせていただきます。御清聴ありがとうございました。",2025,2025/10/07,決算特別委員会,議員
,令和7年　決算特別委員会(第10日　10月9日),小坂委員,小坂和輝,"会派かがやき中央を代表し、令和６年度各会計決算に対する態度を表明いたします。

我が会派は、今回の決算審査に先立ち、次年度の予算編成に向けた要望書を区長に提出し、その内容に基づいて審査における質疑に臨みました。

令和６年度は、元日の能登半島地震を受け、防災の強化が進められた年でした。同時に、基本計画の下でこども計画や教育振興基本計画が策定され、子供の声を反映する取組が本格化しました。また、ＨＡＲＵＭＩ　ＦＬＡＧの入居が進み、晴海西小・中学校が開校するなど、人口増加が続いた年度でもあります。本決算審査中の令和７年10月３日、人口は19万人を突破し、令和９年度には20万人へと上る勢いです。

この状況は全てが好ましいわけではなく、令和６年度分の教育に関する事務の管理及び執行の状況の点検及び評価の結果に関する報告書において、学識経験者からも、人口激増への対応も新たな課題であると指摘がなされています。

令和６年度予算は、「人がつながり　まちもつながる　安全安心なまちを目指して」をテーマに、防災力強化と基本計画の着実な展開が図られました。一般会計歳入総額1,426億円、歳出総額1,386億円は、前年度比15％減ですが、実質収支25.7億円の黒字を確保し、物価高や人口増の中でも、健全な運営が行われました。

経常収支比率は60.4％から73.3％へ上昇しましたが、適正水準にあり、区民１人当たりの資産は2,622万円、行政コストは69.5万円と、一定の安定性を維持しています。一方、ふるさと納税流出は、令和６年度38億円、令和７年度46億円、累計241億円に達しており、継続して大きな課題であります。

決算審査における質疑では、様々な行政課題を取り上げ、来年度へどのように生かすかの視点も入れて、数々の議論をさせていただきました。その個々の論点は多岐にわたることから、７つの観点から振り返ります。

１、協働と共生のまちづくり。

課題を自らのこととして考え、行動する区民社会、プロアクティブ・コミュニティを目指し、協働ステーション中央を中心に協働提案事業が進められています。黎明橋公園では、ＮＰＯによる芝生育成を通じ、とてもすばらしい地域のつながりが生まれています。

一方で、町会や自治会では、高齢化や担い手不足が課題です。地域振興課に限らず、福祉・防災など各課が率先し、ＮＰＯや地域団体との協働をなお一層推進するよう求めます。

２、誰一人取り残さない区政。

児童虐待相談件数は1,037件と増加、認知症である方の数は3,408人、障害福祉では、セルフプランが350件を超え、専門的支援計画への転換が必要です。

また、全国的な10代の自殺増加を受け、24時間相談体制や学校との連携強化を提案しました。区だけではなく、ＮＰＯ等と連携し、居場所・住まい・相談体制の整備を進められることが求められています。

教育では、いじめや不登校・児童生徒が増加する中、病気や家庭事情など、多様な背景に応じた支援が必要です。入院・一時保護中の子供も学びを継続できるよう、オンライン授業や特別支援学校との連携を提案しました。教員の教育支援における専門性向上とともに、引き続き、あらゆる手段、方法を用いた多様な学びの保障を強く求めます。

３、都市型防災の強化。

能登半島地震の教訓を踏まえ、医療救護所の整備、ペット同行避難の普及、心理士との連携と、防災拠点における子供の遊び場確保による心のケア体制の充実を要望しました。

家庭内備蓄促進事業、ちゅうおう防災カタログギフトは、本会派からも要望していたもので、全区民への配布という充実した内容であったものの、申込率は66.9％にとどまりました。行動経済学ナッジ理論などを活用し、100％を目指す取組を期待します。

帰宅困難者対策では、推計約34万人、うち観光客などの来街者は約5.4万人であり、受入れ体制確保及び食料の確保策の構築に向け、百貨店等との協定締結を求めます。

４、住民発意のまちづくりとマンション支援。

佃一丁目では、住民自らが高さ制限を設けた地区計画づくりに取り組んでいます。基本計画に協議型まちづくりをうたう本区は、例えばデザイン協議会設立手法を助言・指導するなどして、こうした住民発意のまちづくりを積極的に支援すべきです。

区内約1,000棟のマンションのうち、管理不全の指導対象12件、管理不全のおそれ174件、調査未回答193件と課題が残ります。次期マンション管理適正化推進計画には、管理不全対策やマンション防災の充実とともに、違法民泊、外部管理者方式のリスク、マンション投機などの新たな問題も織り込むよう求めます。

５、ＡＩ・ＩＣＴ活用による効率化、さらなる学びの深度化。

議事録作成などの行政業務に生成ＡＩを活用する可能性を指摘しました。区では、経理課契約係、職員課、広報課、障害者福祉課の４部署で実証実験を始めたところですが、ＡＩを全庁的に活用できる環境を整備し、業務効率化と住民サービス向上を両立すべきです。教育現場でも、教員の事務負担軽減に積極的に用いることや、児童・生徒のＡＩ活用教育をパイロット校４校から早期に全校展開することを求めます。

６、住民の中に入り、その文化まで肌身で感じる職員への支援。

相談は人、行政は人、行政の力は人にあります。自由に意見や提案を述べることができること及び若い世代への移行と経験の継承を両立させることとともに、職員が地域に入り、区民やその文化に触れ、現場で得た知見を政策に生かすことが最重要です。育児休暇、介護休暇、メンタルヘルス休暇、不妊治療休暇などが取りやすい環境整備は当然のこととして、さらに職員の自己研さん支援、ボランティア休暇の推進、ＮＰＯへの参加や協働を進め、住民に寄り添う行政を一歩一歩着実に目指すことを求めます。

最後に、７、築地市場跡地のまちづくりへの当事者としての参画と４者会議の設置。

本年８月22日に事業者が公表した基本計画では、歩行者混雑、交通渋滞の問題が全く解決されていません。区の提案する歩行者ネットワークを取り入れた修正案を実行に移すために、中央区が主催して、東京都、首都高株式会社、事業者とともに４者会議を設置し、同じテーブルで議論することによる実効性の確保を求めます。

これまでの質疑や要望で示した提案が今後の施策に速やかに反映されることを強く望みます。

より闊達な議論を通じ、全ての区民の皆様の声や意見が大切にされ、区民一人一人が安心して暮らせるまちを共に築いていくことを期待し、会派かがやき中央は令和６年度中央区各会計歳入歳出決算の認定に同意いたします。",2025,2025/10/09,決算特別委員会,議員
,令和7年　決算特別委員会(第3日　9月30日),須貝晴海特別出張所長,竹内幸美,"私からは、令和６年度に開設いたしました晴海特別出張所の様子について答弁したいと思います。

晴海特別出張所ですが、令和６年４月15日に、晴海地区の行政需要に応えるため、月島地域で２つ目の出張所として開設いたしました。開設に至るまで、職員の人材育成などにつきましては、令和２年度から本庁舎の区民生活課、日本橋、月島両特別出張所の窓口において加員で職員を配置しまして、晴海の準備のために育成を行ってきたところでございます。そのため、昨年４月に晴海特別出張所が開設しましてからはスムーズな窓口対応ができたというふうに考えております。

晴海特別出張所の特徴的な取組としまして、スマート引越サポートシステムというものの実証実験を行っていることが挙げられるかと思います。これは、事前に住所や氏名をスマホ等で入力しますと、ＱＲコードが発行されて、窓口で書類を書かずに済むというものでございまして、いわゆる書かない窓口の実験的な取組でございます。現在、転入手続の約６割は、マイナンバーカードを利用した転入を行っておりますので、書かずに済んでいるところでございますが、マイナンバーカードを使用しなかった方、またお持ちでない方についても書かずに済むような補完するシステムとして取組を進めているところでございます。

もう一つ、特別出張所の役割として挙げられるのが地域コミュニティの支援についてでございます。令和６年７月にＨＡＲＵＭＩ　ＦＬＡＧで自治会が発足いたしました。役員の方の御尽力もございまして、自治会主催のイベントが様々行われているところでございますが、自治会発足当時から、晴海特別出張所のコミュニティ連絡相談員がイベント助成や、今年７月に行われましたＨＡＲＵＭＩ　ＦＬＡＧ自治会主催の盆踊りについては、年末から長期間にわたってサポートをしてきたところでございまして、引き続き、ＨＡＲＵＭＩ　ＦＬＡＧ自治会をはじめ、晴海地区の皆さんのコミュニティ形成をバックアップしていきたいと考えております。

以上でございます。",2025,2025/09/30,決算特別委員会,理事者
,令和7年　決算特別委員会(第3日　9月30日),須貝晴海特別出張所長,竹内幸美,"私からは、晴海特別出張所での窓口での外国人の方への対応について申し述べたいと思います。

私が、日々、出張所におりましても、肌感覚として外国人の方の手続が非常に多いというふうに考えております。委員から御案内がありましたとおり、確かに、晴海地区については外国人割合も高いということで、窓口では通訳サービスですとか、翻訳タブレットを活用しまして、比較的スムーズに対応ができているように考えております。また、文化・生涯学習課で作成しております４か国語対応の生活ガイドブックもお示ししながらの説明というふうに活用しているところです。また、特徴的なところでは、住所変更に伴って、税の仕組みや児童手当など、日本特有の制度について改めて丁寧に、こういった制度ですよということを窓口の職員が説明するような場面も見受けられるというふうに感じております。

以上でございます。",2025,2025/09/30,決算特別委員会,理事者
,令和7年　決算特別委員会(第7日　10月6日),畝尾指導室長,田中耕太郎,"子供たちの学習並びに生活の様子を保護者の方々にお伝えするものとしまして、通知表というものがあると認識しております。この通知表は学校の裁量の中で通知していく文書でありまして、法的に定められた公文書ではございません。そういった中で、子供たちの様子を何回程度、どのように通知または口頭でお伝えするかというところは、学校の経営、運営の裁量に任されているところがございます。

御質問にありましたメリットというようなところでは、まず、子供たちの様子を、通知表の形ですと一方通行、お伝えして終わりというような形がございますが、２期制の形を取ることによって個人面談を充実することができます。そういった中で、双方向のやり取りの中で子供たちの様子を詳しく、また御質問も丁寧に受けることができているというようなメリットがございます。また、昨今の働き方改革の流れも受けまして、先生方が一人一人の子供の様子をじっくりと丁寧に評価資料を見ながら、振り返りながら通知表をつくっていけるというメリットもあるかというふうに存じております。

私からは以上です。",2025,2025/10/06,決算特別委員会,理事者
,令和7年　決算特別委員会(第7日　10月6日),畝尾指導室長,田中耕太郎,"通知表でございますけれども、区内小学校全校で２回の通知をしております。

なお、宇佐美学園については、３回通知をしているところでございます。",2025,2025/10/06,決算特別委員会,理事者
,令和7年　決算特別委員会(第7日　10月6日),畝尾指導室長,田中耕太郎,"では、学校における動植物の飼育についてお答えをいたします。

委員御指摘のとおり、生き物を飼うということは、子供たちの情操教育も含めて、非常に質の高い学びにつながる、こういう言い方をしたらあれですけれども、教材となり得る活動だというふうに認識をしております。そういった中で、区内の小学校におきましては、環境面とか何かしらの制約等がございますので、そういった中で飼育できる生き物の種類については限りがあるんですけれども、何かしら飼育をして子供たちの教育活動に寄与しているというようなところでございます。御質問にありました鶏とかウサギ、いわゆる哺乳類とか、そういったものについては、非常に子供たちとしても心を寄せやすいというようなところはあるんですけれども、昨今、アレルギーであったりとか、また鳥インフルエンザなどのかつてはなかったような問題もございまして、なかなか飼育が難しいというようなところがございます。ただ、低学年におきましては、生活科の学習などで飼育、栽培単元は２年間にわたって行うこととなっておりますので、非常に重要視しながら現在でも行われているというようなところがございます。また、生命尊重という意味では道徳教育にも直結するようなところでありまして、そういったところで子供たちが命に関して心を寄せるというところで、各学校は工夫を凝らして行っているところがございます。

なお、幼稚園に関しましては、一部の園ですけれども、ウサギを飼育して、私も見に行きましたけれども、名前をつけて本当にめでている様子が見られるということがございます。

私からは以上です。",2025,2025/10/06,決算特別委員会,理事者
,令和7年　決算特別委員会(第7日　10月6日),畝尾指導室長,小坂和輝,"私からは、教員公募につきましてお話をさせていただきたいと思います。

中央区のホームページの下段のところに教育委員会のタブがございまして、こちらをクリックいたしますと、真ん中ら辺ですか、教職員の募集というバーがございまして、そちらのことを御指摘いただいたのかなというふうに認識しております。昨今、教員不足というのは非常に喫緊の課題でございまして、これは何も中央区に限ったことではございませんが、本区においても大変重要な課題というふうに考えているところであります。学校の中で働いてくださる大人は、子供から見ると全部先生というような形で呼ばれるわけですけれども、そこには様々な立場、職層の方がいらっしゃいます。いわゆる区費で雇っております会計年度任用職員の方々もいらっしゃれば、都費、東京都のほうから給与を頂いて働いてくださっている方々もいらっしゃいます。そういった中で、いわゆる正規の教員、県費負担教職員、こちらにつきましては東京都のほうから配置をされて、中央区の子供たちのために日夜働いてくださっているわけですけれども、この東京都の県費負担教職員、正規教員においては、公募制度というものがございます。これはどういったものかといいますと、ある一定の条件をクリアした教職員、主任教諭であったりとか、それは様々あるんですけれども、そういったある一定の条件をクリアした教職員に対しては、公募制度に登録して公募を受けることができるというものがございます。もちろん、中央区もこちらの対象になっているわけでございます。夏には公募説明会というものが区部と市部、それぞれ２日間にわたって行われ、大変多くの先生方が見学や相談にいらっしゃいます。中央区もブースを出しておりまして、こちらにたくさんの先生方が、毎年、御質問いただいたりとか、御相談いただいたりというようなことで、実際にこの公募制度を使って本区の教育に寄与してくださっている先生方もたくさんいらっしゃいます。

この公募の制度ですけれども、説明会に参加ができなくとも、そういったものを志したり、希望する先生方は、いろいろなところから情報を得ようとするわけでございます。そういった中で、大体がホームページを見て、教育委員会を見て、そういったところを探していくわけですけれども、これまでいろいろなところに情報はあったんですが、一元化されていないところもあって分かりづらかった、見づらかったというような課題がございました。そこで、今回、先ほど申し上げました都費の方々、また区費の方々、全ての学校で働いてくださる、いわゆる先生と呼ばれる方々向けに一元的に、こちらのホームページを見れば、どんな職がどのように募集されているのか、また、今、されていないのかみたいなところが見える化するようにしたものでございます。

中央区は公共交通機関も大変発達しておりますし、教育資源も豊富にございます。そういった意味で、もともと中央区は先生方から人気のある区ではあるんですけれども、より一層質、量を保つために、少しでも多くの方々に見ていただき、アンテナを高く持っていただきたいという意味で、教員公募のホームページを、つい先日、開設した次第でございます。

私からは以上です。",2025,2025/10/06,決算特別委員会,理事者
,令和7年　決算特別委員会(第7日　10月6日),畝尾指導室長,小坂和輝,"それでは、私のほうからは、子供の声を聞く教育、それからＩＣＴ、ＡＩの活用についてお話をしたいと思います。

その前に、先ほどの教員公募で本区にどれぐらいの先生方の入区があるかというようなことですけれども、まず、区の公募説明会のほうにはかなりの数の先生方がいらしてくださっています。公募を受けてくださり、合格をして、実際、本区で活躍していただいている先生方の数については、２桁以上ということで、すみません。一定数という言い方になってしまうんですが、やはり講習がありまして、教科等が中学校以上はありますので、空きがないと、来たいという先生がいても採用できないみたいなところもありますので、そういった形にはなるんですけれども、公募説明会に来てくださった方の３分の１ぐらいは採用できているかなというようなところでございます。

続きまして、子供の声を聞くということでございますけれども、やはり子供の声を聞いて教育の質を向上させていくということは、こどもまんなか社会の実現という意味におきましても大変重要なことであるかなというふうに認識をしております。そういった中で、子供の声を聞いていくのは教育界の中でスタンダードというか、至極当然というようなところがございます。例えば、先日も私が幼稚園訪問へ行きましたら、幼稚園児が園長先生に、戸外保育に行きたいんだ、バスに乗っていきたいんだみたいな話を園長先生に掛け合って、園長先生が、ではバスで静かに行ってみようかみたいな話で、どんな水族館がいいかなとか、どんなお魚がいるかなみたいな話で盛り上がって、そんな感じで行事が運営されていたりとか、また、中学校のほうに行きますと、総合的な学習の時間を通して、探究学習の中でどんなテーマを持って、どんなところに修学旅行に行ったら、どんな学びができるかといったことを子供たち自身が考えてプレゼンし、それで修学旅行先を決めていこうというような取組も聞いております。そういったようなところで、子供の声を聞いていくということは様々なところで行われております。子供が主語の学校というようなことで、昨年度も予算をつけて、子供がやりたいと言ったことを自由にできるような予算をつけようということで、特色ある教育予算で予算化した学校も複数校ございます。そういったところが現状でございます。

最後に、ＩＣＴ、ＡＩの活用でございますが、ＡＩの活用は、これからの社会を大きく変化させていくものでございまして、教育界の中でも、その流れは当然あるかなというようなところでございます。大きく分けて、子供のＡＩの活用と先生方のＡＩの活用というようなところがあるかなというふうに思っております。

まず、子供のＡＩの活用でございますけれども、既に現在の新タブレット、ＧＩＧＡ第２期のタブレットにはＣａｎｖａなどの、これはそのものがＡＩではないですが、生成ＡＩの機能を活用できるデザインツールなどが標準装備されておりまして、先日も私が学校へ行きましたら、子供たちがポスターを作っているんです。修学旅行のポスターでしたけれども、そこにＣａｎｖａによる作成なんていうふうに書いて、子供たちが十分に活用していることを確認しているところでございます。生成ＡＩの活用につきまして、特に子供たちのことに関しましては、利用制限といったものが、生成ＡＩをつくっている業者のほうからかかっているようなところがございまして、先日、グーグルのＧｅｍｉｎｉは利用制限の撤廃がなされたというようなこともございました。そういったことも受けて、中学校長会等と協議いたしまして、Ｇｅｍｉｎｉ、それからノートブックのほうの生成ＡＩについては、中学生は制限なく使えるというようなことで実際に行っております。また、小学校のほうでも、パイロット校などは、そういった規制をかけずに、先進的に実践を行ったりもしておりますが、例えば小学校６年生が社会科の歴史学習のまとめのときに、ＡＩに例えば歴史上の人物になってもらって、こういうような社会的な事業はこういう価値があったのではないのかと僕は思うんだけれども、君はどう思うかみたいなことをＡＩに語るんです。そうすると、ＡＩは、例えば３人の武将とか、そういった歴史上の人物になって答えてくれるんです。それに対して、また質問して、また答えて、また質問して、最近私も覚えたんですけれども、これを壁打ちというらしいですが、そのようなことをして、単元のまとめとして非常に深い質の高い教育をしているというようなところもございます。これが子供たちです。

続いて、先生方のＡＩの活用については、やはり校務の効率化ということで、幅広く活用をさせていただいているところでございます。例えば、学校評価の保護者アンケートを生成ＡＩに集約・分析させて、その成果と課題を明確にしていったりとか、学習状況調査の分析・考察をＡＩに出させて、今後の指導の手だてを考えたりというような活用をしております。まだまだ生成ＡＩ、条件分岐というんですか、これがこうなったらこうで、あれがあったらこうでという条件分岐が多岐にわたっていくものについては、まだまだ改善の余地があるというようなところで、こういったものができてくると、さらに、例えば時間割を組むのはすごく大変なんです。こういったものができてきたりとか、期待がされるところでございます。

すみません。１点修正ですけれども、パイロット校と先ほど申し上げましたが、正確にはＩＣＴ教育推進委員が在籍している学校ということで訂正させていただきます。

いずれにしても、ＡＩをうのみにすることなく、いわゆるたたき台として教育に使っていくというあたりが大事かなと考えております。

以上でございます。",2025,2025/10/06,決算特別委員会,理事者
,令和7年　決算特別委員会(第7日　10月6日),畝尾指導室長,小坂和輝,"まず、学校評議員への子供の声の反映というようなところでございますが、これにつきましては、学校評議員に参画いたします委員の皆さんが子供の声をしっかりと聞いて、子供たちの声を反映させていく。いずれにしても、子供にとってどんなことがよいかというような視点が大事かなというふうに考えております。

また、ＡＩ活用によって考えなくならないようにならないかということですが、これからの子供たちは、ＡＩを使ってどんな問題解決ができるかといったようなところに思考を巡らせるというようなところがあろうかなというふうに思います。ＡＩに答えを求めるのではなくて、ＡＩを使ってどんな答えが出せそうかというような思考が大切かなというふうに考えております。

以上でございます。",2025,2025/10/06,決算特別委員会,理事者
,令和7年　決算特別委員会(第7日　10月6日),畝尾指導室長,永井佳代,"就学前教育と小学校から始まる学校教育への接続についての御質問についてお答えいたします。

５歳児、年長から小学校１年生の２年間は架け橋期と呼ばれ、就学前教育と学校教育を結ぶ大変重要な時期であるというふうに認識をしております。本区では、全ての幼稚園でアプローチカリキュラム、また、全ての小学校でスタートカリキュラムを作成し、学びの連続性を踏まえた教育の実施を工夫しております。具体的には、アプローチカリキュラムにつきましては、５歳児後半から国が示す幼児期の終わりまでに育ってほしい10の姿を基に、アプローチカリキュラムを実施しております。そんな中で、就学前の園児が、早く学校に行きたいとか、そういった気持ちを高めるというようなことをしております。また、小学校におかれましては、ゼロからのスタートじゃない、という合い言葉を基に、４月の入学の頃から５月の中旬ぐらいまでを一つの区切りとしてスタートカリキュラムを実施しております。45分間を１教科として椅子に座り机に向かうみたいな形ではなくて、自分の好きな興味のある遊びに没頭したりとか、友達との関わりをより深めたりとか、そういった中でだんだんと教科の学びに向かっていくような弾力的な工夫を持ったカリキュラムを実施しているところであります。

また、区内では、小学校区域ごとに保育所、幼稚園の連携グループをつくりまして、年２回の連携日を設けて、先生方が情報交換をして、接続期に対する充実を図っているところでございます。

以上です。",2025,2025/10/06,決算特別委員会,理事者
,令和7年　決算特別委員会(第7日　10月6日),畝尾指導室長,永井佳代,"小学校入学時に向けての情報の引継ぎといったあたりで、就学時健康診断で得られた情報の活用というようなことでの御質問にお答えいたします。

就学時健康診断は、子供たちの実態を把握する非常に貴重な機会でございます。そういった中で、気になるお子さん、また、そうではないお子さんも含めて、全ての教職員が情報を共有して、次年度の新１年生の受入れ体制を整えております。特に、各学校におかれましては、特別支援教育コーディネーターや就学前教育担当、教育相談担当教員、もちろん管理職、養護教諭が情報を共有して、来年度の新１年生のクラス替えであったりとか、そういったところに非常に重要に活用をしているところであります。また、３月になりますと、各保育所施設から保育要録というものが学校のほうに参りますので、その書面を見ながら、各園にお問合せしたりとか、また保育施設のほうから情報をいただく面談の機会もございますので、そういったところで、気になるお子さんについては、より丁寧に聞き取りをして、４月以降、スタートのときにつまずかないようにということで配慮しているところでございます。

以上でございます。",2025,2025/10/06,決算特別委員会,理事者
,令和7年　決算特別委員会(第7日　10月6日),畝尾指導室長,永井佳代,"小学校入学時の登校渋り、また立ち歩きとか、いわゆる不適応を起こしそうな感じの問題に対しての把握と取組ということだと思います。お答えいたします。

小学校入学時にそういった状態が起こるのはよくあることで、いわゆる小１プロブレムというような呼び方で教育課題となっているところであると認識しております。先ほど申し上げましたスタートカリキュラムの実施を丁寧に、また充実して行うことで、そういった問題発生を抑えることができるということで、一定の効果を得ていると認識しております。ただ、やはり個に応じた支援というのは不可欠でございます。例えば、登校渋りが強くて安定的な登校に至らないというような子供に対しては、担任が保護者と連携して家庭訪問をしたりとか、養護教諭と連携して保健室登校を促したりなどの工夫を行っております。また、母子分離ができずに教室に入れないというような児童に対しては、保護者が一緒に授業を受けるというような取組も行っております。これは本当に各学校の対応でございますが、いずれにしても、家庭との連携が不可欠であり、担任を一人にせず、学年や学校全体が組織として一人一人の状況を把握して改善に努めているところでございます。",2025,2025/10/06,決算特別委員会,理事者
,令和7年　決算特別委員会(第7日　10月6日),畝尾指導室長,田中広一,"では、私からは、絵本をテーマにした今後の幼児教育の展開というようなところで御質問いただいたところについてお答え申し上げます。

幼稚園に行きますと、絵本というのは幼児教育の中で非常に大切な要素になっております。園の中では絵本のお部屋というような場所があったりとかというぐらいですし、そういったスペースがなくても、子供たちの目に触れるところに多種多様な絵本が、また工夫されながら、例えば平置きにしてみたりとか、開いてみたりとか、子供たちが手に取ったりできるような様々な工夫をしているところであります。また、読み聞かせであったりとか、保護者のボランティア、もちろん貸出し、それから図書館のおはなし会への参加などといったこともしているところであります。そういった中で、先ほどすくわくプログラムのお話も絡めながら、絵本の可能性についてお話しいただきましたけれども、実際、本年度から行っているすくわくプログラムの中でも、絵本を中心にすくわくを展開するというような園もございます。すくわくプログラムのキーワードは探求なわけですけれども、探求といいますと、どちらかというと科学的な、理科的な思考が先走るところがあるんですが、もちろん、それもよろしいんですけれども、絵本の世界に浸りながら、その中でのお話を遊びの中に活用していくというようなところも立派な探究になっております。そういったところで、今後の展開をしっかりと指導室としても支援してまいりたいと考えているところでございます。

私からは以上です。",2025,2025/10/06,決算特別委員会,理事者
,令和7年　決算特別委員会(第7日　10月6日),畝尾指導室長,奥村暁子,"私からは、性教育についての御質問にお答えしていきたいというふうに思います。

まず、現状でございますけれども、本区の小・中学校における性教育につきましては、学習指導要領にのっとり、例えば小学校であれば３・４年生の体育科、保健の領域においてでありましたり、中学校においては保健体育科の保健分野の内容をしっかりと子供たちに履修させているところでございます。性教育についてのお考えは様々あるということは認識しておりまして、10年に一度の学習指導要領の改訂は、まさに論点整理が先日示されて、これからワーキンググループによる各教科の議論に入っていくというふうに認識しております。先ほども申し上げましたように、こちらは保健体育科及び体育科において主に規定されているところでございますので、本区といたしましても、この協議の動向をしっかりと注視して、学習指導要領にのっとった性教育を確実に実施していきたいと思うところでございます。

私からも以上です。",2025,2025/10/06,決算特別委員会,理事者
,令和7年　決算特別委員会(第7日　10月6日),畝尾指導室長,奥村暁子,"それでは、包括的性教育の現状についてということでお答えをしたいと思います。

まず、包括的性教育ということになりますと、やはり人権教育と連動させて、より幅広く性教育を考えていかなくてはならないところがあるというふうに認識しております。そういった意味では、例えば性被害の予防ということで水着で隠れる場所はほかの人には安易に見せてはいけないとかというような、命を守る教育みたいなところもありますし、また、犯罪防止ということでは不審者について行かないというようなところで性被害の防止ということもあったりします。また、中学校以上になりますと、先日も、ある中学校で授業の様子一端を見せていただきましたが、デートＤＶなどを取り扱って学習している様子も拝見しております。また、昨今、デジタル化が進む中で、ＳＮＳ等に含む危険性についてというところも大変課題に感じておりまして、この辺は情報モラルやデジタルシチズンシップ教育と連動させながら、しっかりと行っていくというようなところであります。

そういったところで包括的な性教育の正しい知識で身を守ることの重要性というものを考えているところであります。また、そういったニーズについて、これは本当に個々に応じるところもありますし、保護者からの声もあります。こういったものについては、一人一人の個に応じた、家庭訪問であったり、個別面談であったり、また漏れ聞こえてくる様子であったり、子供のちょっとした変化であったりというようなところから、網羅的にはなりますけれども、しっかりと把握に努めているところでございます。

以上です。",2025,2025/10/06,決算特別委員会,理事者
,令和7年　決算特別委員会(第7日　10月6日),畝尾指導室長,奥村暁子,"児童・生徒の体調管理という点につきましては、非常に大切であるというふうに認識をいたします。インターネットの使用につきまして、危険な情報があるというような御指摘をいただきました。確かに、そのとおりな側面もあるのかなと。本区といたしましては、デジタルシチズンシップ教育を行う中で、子供たちは今後デジタルのない世界に生きるということはあり得ないという観点から、どのようにデジタルと付き合っていくのか、より安全に付き合っていける主体性を持った児童・生徒の育成というところに力感を置いて教育を進めているところでございます。

御紹介ありました他区のアプリにつきましては、まだこちらとしても把握し切れておりませんので、しっかり情報を把握して研究に努めたいと思っております。

以上です。",2025,2025/10/06,決算特別委員会,理事者
,令和7年　決算特別委員会(第7日　10月6日),畝尾指導室長,しらす夏,"中学生の海外体験学習でございます。

こちらは、国際感覚豊かな広い視野を持つ中学生の育成のために、海外派遣体験の事業を行っているものであります。派遣人数といたしましては、令和６年度実績では16名ということになっております。

実際の選考の方法ですけれども、まず学校の中での校長の面談、それから教育委員会での面談を経て選考の結果としているというようなところであります。選考に漏れてしまった生徒の民間等への学習の機会の把握というところについては、特段、把握はしていないところであります。実際の応募状況につきましては、62名の生徒が応募をしておりまして、応募率でいうと10.9％ということになっております。

以上でございます。",2025,2025/10/06,決算特別委員会,理事者
,令和7年　決算特別委員会(第7日　10月6日),畝尾指導室長,しらす夏,"海外派遣体験学習に対して多くの生徒が取り組んでいるということについての御質問をいただきました。

１点でございますけれども、令和７年度につきましては、20名の生徒の派遣の予定でございましたが、２名が、健康面などによりまして、残念ながら派遣のほうはできなかったというような実績がございますので、実際は18名ということになっております。

海外体験学習で実際に生きた英語といいますか、語学だけではなくて、文化であったりとか、歴史であったりとかというようなあたりをグローバルな視点で生徒が身につけていくというようなところは大変重要なものであるというふうに考えております。よく言われることですけれども、日本人は英語が読めたり書けたりする割には、聞いたり話したりというコミュニケーションが大変苦手だというようなことが言われますけれども、そういった意味で、実際に使える英語を体験していくというようなところで大変意義深い事業であるというふうに考えております。相手のあることですから、今後もサザランド市のほうとしっかり連携をしながら、この事業をさらに大切にしていきたいと思うところでございます。

以上でございます。",2025,2025/10/06,決算特別委員会,理事者
,令和7年　決算特別委員会(第7日　10月6日),畝尾指導室長,しらす夏,２名の生徒の繰上げについてですけれども、具体的なお話は個人情報になりますので、お答えを差し控えさせていただきますが、本当に派遣の直前で、ぎりぎりまで行けるか行けないかというところを精査した上で、御家庭ともよく協議した上での判断というようなところでございましたので、繰上げという形は難しかったということでございます。,2025,2025/10/06,決算特別委員会,理事者
,令和7年　決算特別委員会(第7日　10月6日),畝尾指導室長,しらす夏,"まず、海外体験学習の派遣生徒数の拡大についてでございます。

こちらは、たくさんの生徒が希望しているので、なるべく多くの生徒に夢、希望をかなえさせてあげたいという考え方は基本的にはございます。ただ、これは相手のあることでして、つい先日まで向こうの生徒さんが日本にいたんですけれども、日本のほうに受け入れるというような２ＷＡＹの事業でもありまして、来日してくださる生徒さんの数と、こちらが伺う、派遣する生徒の数というバランスもございます。また、ホームステイですので、来たいだけ来ていいですよというわけにもいかなくて、受け入れてくださる御家庭の数、こういったものとも双方に関連し合ってございますので、その辺については、一方で増やしたいといっても、なかなかうまくいかないところもございますが、今後検討してまいりたいというふうには思っております。

また、生徒への還元ということで、まず海外体験学習について申し上げますと、受入れをした際に各中学校にオーストラリアのサザランド市の生徒たちが中学校体験をいたします。つまり、クラスメートが１人転入するわけです。そういった意味で、海外から来てくださった派遣生徒の方々とフレンドリーに、例えば英語でコミュニケーションを取ったりとか、自分の好きなものを紹介してみたりとかということで、直接行けなくても体験をしているところもございます。また、小学校のほうでいいますと、小学校のほうに派遣生徒さんたちが１日出向いていって小学生と交流するというようなプログラムもされております。そういった中で、よりたくさんの子供たちに、海外体験の学習還元をしていきたいというふうに思ってございます。

以上でございます。",2025,2025/10/06,決算特別委員会,理事者
,令和7年　決算特別委員会(第7日　10月6日),畝尾指導室長,しらす夏,"児童・生徒の忍耐力の育成・向上についての御質問かと思います。お答えいたします。

ある一定の空間において多人数が生活すると、今のこの場もそうですけれども、社会に出れば、全てそういうところでございまして、そういった中で一定の規律、ルールの遵守は大変重要であると考えております。そういった中で、例えば学校でもクラスのルールであったりとか、学校の決まりであったりとかというようなところを、その意義を子供自身が考えて、また新たにつくり直したりとか、定め直したりとかいうような活動もしながら、しっかりとそれを守っていくということは不易と流行の不易の部分として、しっかりと教育をしているところであります。道徳の時間もしかり、当番活動もしかり、また特別活動においては折り合いをつけるというようなところで学習を進めておりますので、そういった中で全教育活動を通じて包括的に忍耐力というものも身についていくというふうに考えるところでございます。

以上でございます。",2025,2025/10/06,決算特別委員会,理事者
,令和7年　決算特別委員会(第7日　10月6日),畝尾指導室長,しらす夏,"昨今の猛暑は、教育現場においても非常に難しい局面を迎えているところでございます。子供たちに関しては、特に５月、６月、暑さに慣れていない時期に熱中症にかかる可能性が高くございますので、教育委員会といたしましても、各学校に予防の通知を発出し、校園長会などでも注意喚起を重ねているところであります。そういった中で、子供自身が自ら体調管理をしていくというところは非常に大事でございます。水分の補給であったりとか、塩分の補給であったりとか、適度な休憩であったりとかというあたりを、発達段階に応じながら、自ら自分の体調管理ができるように、様々な場面を通じて指導を重ねているところでございます。

また、家庭、保護者との連携も大変重要であります。家庭、保護者との連携につきましては、例えば養護教諭が出すお便りの保健だよりとか、名前は様々でありますけれども、保健だよりといったようなお便り、通知文などを通じて、各家庭に御連絡を差し上げているところもありましたり、また、昨今、コロナ禍を通じてかなり一般的になっていきましたが、水筒の持参も、危ないときには必ず持ってきましょうというようなところで、適宜自分のタイミングで水分が取れるように環境を整えているようなところでございます。

先生方に関しまして、ＷＢＧＴの指標の見方、考え方をしっかりと教育委員会としても通知いたしまして、教員向けの研修の中でＷＢＧＴの指数が何度以上であったら、どのような教育活動に注意しなくてはいけないか、実施してもよいかみたいなところをしっかりと先生方にも確認をしていただいているところでございます。もちろん、世界的な暑さについては、理科とか、社会科の環境教育の中でも取り上げているところがございます。

私からは以上です。",2025,2025/10/06,決算特別委員会,理事者
,令和7年　決算特別委員会(第8日　10月7日),畝尾指導室長,小坂和輝,"それでは、私からは、教育におけるＡＩの活用につきましてお話をさせていただきたいと思います。

まず、ＡＩの活用は、今ＩＣＴ推進委員会で、具体的には３校、小学校２校、中学校１校の中から推進委員の先生と校長先生に集まっていただいて、主にデジタルシチズンシップ教育、またＡＩの利活用ということで協議を重ねているところであります。そういった中で、いつ全校展開かという御質問がありましたけれども、具体的な日時については、今後、協議を進め、研究を進めていく中で検討していくというところでございます。

また、先生方のＡＩ活用ということで、具体的には、スタディポケット for TEACHERというＡＩがございますけれども、そちらのアカウントを先ほど申し上げた学校以外にも全部の学校で２名ずつに付与いたしまして、先生方に、積極的にどんな利活用ができるか、研究・検討を進めてもらっているというところがございます。この２名については、学校長の推薦で行っているところでございますが、学校によっては、ベテランの先生とかということではなくて、逆にデジタルに非常にたけている若い先生方にアカウントを渡して積極的に使ってもらって水平展開するという取組をしてくださっている学校も多いと伺っております。

また、保護者が欠席の連絡をした際に、養護教諭で取りまとめている出欠席のものにすぐに反映できるかどうかということにつきましては、まず保護者がｔｅｔｏｒｕで欠席の連絡などを行いますので、これはそのままデジタルで出欠席一覧に転用できるかというあたりにつきましては、契約をしっかり確認してみないと分からないですが、技術的には不可能ではないのかなというところもございますので、可能なように検討してまいりたいと。いずれにしても、先生方がＡＩを通して校務改善をできるようにということで支援をしてまいりたいと思います。

私からは以上です。",2025,2025/10/07,決算特別委員会,理事者
,令和7年　決算特別委員会(第9日　10月8日),畝尾指導室長,永井佳代,"続きまして、私のほうからは、施設の教育活動についてということでお答えいたします。先ほど菅沼参事のほうからもお話がありましたように、やはり災害が一たび起きますと、何よりも防災拠点としての学校が第一になります。ですので、いつ何どきどのような災害が起こるかに応じて、これはケース・バイ・ケースでございますけれども、我々として考えるのは、児童・生徒が学校にいるとき、お子さんを預かっているときに大災害が起きた場合、これが一番クライシスでございますので、これにつきましては、まず第一に何よりも子供の命を守るということを最優先にして勤務に当たります、当然のことですが。そのために学校としては、毎月１回以上の避難訓練を行っておりまして、ここに当然、地震であったりとか、地震に伴う火災であったりとか、そういったものを想定して行っているわけでございます。

万が一、本当に大災害が起き、学校が防災拠点として切り替わった際には、これは教員の超勤４項目というのがございますが、これに準じて、地域と連携して、一日も早い復旧に資するということになっております。

教育活動の再開に関しましては、先ほど菅沼参事のほうからもお話がありましたように、学校経営者である校長、副校長が地域の方と状況に応じてよく相談し、その時期ややり方を考えていくということになってございます。

私からは以上でございます。",2025,2025/10/08,決算特別委員会,理事者
,令和7年　決算特別委員会(第9日　10月8日),畝尾指導室長,田中広一,"私からは、区内の小・中学校の環境教育の取組についてお答えをいたします。環境教育につきましては、例えば生活科また理科、そして総合的な学習の時間などを使いまして、幅広く各学校で行われていると認識しているところでございます。そんな中で、身近な自然、生き物との触れ合いというようなもの、また飼育・栽培というものについては、例えば生活科の飼育・栽培単元の中で、自分たちのまちの身近な生き物がいそうな公園に出かけていって、それを見つけ、また、子供たちの思いや願いを大切にしながら、例えば、ひととき一緒に飼ってみたいとかお世話をしてみたいとかいうような子供たちの願いを聞き入れて、それを飼育してみたりというような活動が繰り広げられております。

例えば、屋上ビオトープを生かした、自然環境を生かした活動を低学年の子が行ったりとか、また、身近に公園があるような学校では、４年生が公園に出かけていきまして、生き物を調べて、そういった生態の調査をしたりというような活動が展開されてございます。

以上でございます。",2025,2025/10/08,決算特別委員会,理事者
,令和7年　決算特別委員会(第9日　10月8日),畝尾指導室長,田中広一,"では、私からは、教育現場において、子供たちが見つけてきた生き物などを公園の立て看板というか、標識みたいな形で活用ということについてお話をさせていただきたいと思います。学校の中では、総合的な学習の時間を使いまして、実社会、実生活の問題を子供たちが自ら主体的に探究して社会参画していくというようなことが求められている時間がございます。そういった時間を活用すると、先ほど委員がおっしゃったような活動も可能な部分も出てくるかなと認識するところでございます。

教育の立場から申しますと、大切なことは、まず、総合的な学習の時間は各学校ごとに定めるというようなことがございますので、行政のほうから一律にこれをしなさいというようなことはそぐわないというような点が１点ございます。また、大切なのが子供の主体性というようなところでございますので、その辺は教師のほうが指導力を発揮いたしますが、やはり子供たちが自ら標識をつくってみたいとか、地域の役に立ちたいということで様々な表現活動を子供たちが考えて実施して、その結果、そういったような、自分たちが見つけた生き物を区民の皆さんにお知らせして、皆さんが自然を愛するとか、生き物を大切にするというようなそんな心が育まれる、そんなまちにしたいみたいなことを子供たちが自ら課題を設定して探求して発表していくというような活動になっていくことが肝要でございます。そういったところで今後、関係部署ともしっかり検討して、どういったところが実現できるかというところも学校のほうに提供していきたい、そんなふうに思います。

以上でございます。",2025,2025/10/08,決算特別委員会,理事者
,令和7年　決算特別委員会(第9日　10月8日),畝尾指導室長,山本理恵,"それでは、私のほうから、オリンピック・パラリンピック教育、2020レガシーの現状というところにつきましてお話をさせていただきたいと思います。2020レガシーは、中央区はオリンピック・パラリンピック東京大会のど真ん中で行われたというところもありまして、他地区では大分衰退しているようなところもあるんですが、本区においては大変大切なものということで予算もつけて、しっかりと教育活動の中に位置づけているところでございます。

例えばある小学校では、パラアスリートの方をお呼びして、ゴールボールという、これはパラリンピック競技ですけれども、そういったものを実際に来ていただいて教えていただいたりとか、あとは幼稚園のほうでは、世界の歌のコンサートというようなことを行ったりとか、そういったところをさせていただいているところであります。いずれにしても、総合的な学習の時間などを通して、子供たちが主体的に探求する中で、オリンピック・パラリンピックの意義であったりとかすばらしさであったりとか、また、夢に向かって諦めない心であったりとか、そういったところを学んでいるというところでございます。

続いて、マイスクールスポーツの取組でございますけれども、こちらも各学校の実情に合わせて、また体力向上ということで、体力調査の結果なども踏まえながら、見直しを重ねていっているところでございます。例えば特徴的なところで言いますと、中央小学校のほうで一輪車の活動があったりとか、それから、よくあるのは縄跳びとか持久走といった、本区の課題であります持久力というところもございますので、そういった点に取り組んでいるところがございます。

それから、先ほど御質問がありました競技大会後の学校間の交流、親睦の継続というようなところでございますけれども、連合体育大会のほかにも、連合の音楽会とかそういったもの、連合行事を含めまして学校間の交流、また部活動、そういったものでの交流というようなところで、中央区の中学生たちの交流というところを育んでいるところでございます。

以上でございます。",2025,2025/10/08,決算特別委員会,理事者
,令和7年　決算特別委員会(第9日　10月8日),畝尾指導室長,山本理恵,"まず初めに、本区の児童・生徒の体力につきましてお伝えしたいと思います。点検評価のところで、昭和60年頃の平均に引き上げるという目標で実際行っているところでございまして、現在、昭和60年の、例えば９歳男児でいうと体力点が43.5点、これに対して令和６年については44点ということでオーバーしております。９歳の女子についても、45.6点に対して令和６年度は44点。一方、中学生になりますと、中１男児48.5点に対して33.6点、女子に対しては、昭和60年の46点に対して43点ということで、まだ下回っているというような現状がございます。

現在、小学生と中学生とを比べますと、だんだん学齢が上がっていきますと、運動機会や嗜好というところで二極化が進んでいくというところが認められているところでございまして、中学生の体力の向上というところではやや課題があるかなというところ。特に持久力、そういったところでは少し課題が見られるかな。ただ、瞬発力とか敏捷性といったようなところについては、中学生も小学生も、東京都や全国の平均を上回るような好成績を残しているというところがございます。これにつきましては、インドアスポーツですかね、バスケットボールであったりとか卓球であったりとかというようなものが盛んに行われている、またバレーボールもそうですけども、そういったようなところが区の特徴としてあるのかなと把握しているところでございます。

続きまして、デフリンピック、パラスポーツを用いました学校内での教育活動の取組というところで御紹介を幾つかさせていただきたいと思います。

まず、デフリンピックですけれども、総合的な学習の時間の福祉を探求課題に行っている学校が幾つかありまして、その中でも先日、区長の表敬訪問も受けましたが、中央区立小学校卒業で中央区在住の卓球選手に御来校いただいて、実際にお話を伺ったり交流をして、そのアスリートの生きざまというところに触れるという授業をさせていただいている学校が幾つかございます。また、パラスポーツにつきましても、先ほど申し上げたようなゴールボールとかそういった学習活動をさせていただいているというところがございます。

世界陸上につきましても、委員御案内のように、バトンが送られてきたりとかして、小学校に送られたんですけれども、幼稚園にないので、幼稚園も使いたいということで貸したりしてリレーを楽しむというようなことを行っております。また、実際にトラックを走る体験をさせていただけたというような小学校もあると聞いております。

私からは以上でございます。",2025,2025/10/08,決算特別委員会,理事者
,令和7年　決算特別委員会(第9日　10月8日),石丸副参事（防災計画等・特命担当）,永井佳代,"防災拠点の開設状況などの情報の共有の御質問でございます。今までは電話で情報をいただき、それを紙ベースで把握をしていたというところですけども、今年度から総合防災システムを導入して、令和８年度からそれを運用開始するというところでございます。これは防災拠点におきましても、タブレットなどで情報を入力しましたならば、全庁的に情報が共有されて、迅速な災害対応につながっていく、こういうものをつくろうとしています。来年の１月31日に、今回システムをつくったプロトタイプで訓練をしまして、実効性を高めた上で令和８年度を迎えたいと考えているところでございます。

以上です。",2025,2025/10/08,決算特別委員会,理事者
,令和7年　決算特別委員会(第2日　9月29日),川畑委員,川畑善智,中央区議会れいわ新選組から、資料要求させていただきます。よろしくお取り計らいのほど、お願いいたします。,2025,2025/09/29,決算特別委員会,議員
,令和7年　決算特別委員会(第2日　9月29日),川畑委員,川畑善智,"中央区議会れいわ新選組の川畑でございます。

まず、歳入について質問させていただきます。

１点だけ質問します。ふるさと納税制度による歳入への影響についてでございます。

ふるさと納税制度によって、本区は、令和６年度は38億円、令和７年度は46億円もの貴重な税収入が失われました。国の制度としては、流出した額の75％を国が補塡する仕組みがありますが、地方交付税不交付団体にはその補塡もありません。本区のみならず、東京都全体では、令和７年度減収額は都民税862億円、市区町村民税が1,299億円の2,161億円にも上るとされております。

住民税は、居住自治体のサービスに対する税負担として、応益課税の原則にのっとったものです。納税者が自由に納税自治体を選べるのは、応益課税の原則に反し、自治体の徴税権を侵害するものであります。税収を奪われる都市部自治体は、行政サービスやインフラ整備等にも影響が出ております。では、ふるさと納税を利用されている方の実態はどうなっているかといえば、特別区の納税義務者の５％程度しかいない高所得者の方が全体の40％を超える寄附金控除を受けているというのが現実であります。これは慶應義塾大学の土居教授の分析であります。

制度導入時の理念、美しいふるさとへの郷土愛の発露とは今や無縁の、高所得者のメリットが大きい巨大な完成カタログギフトと化しているのが現状だと考えます。制度導入から既に16年が経過をし、本来の趣旨と大きくかけ離れたふるさと納税制度です。本区と同様、不交付団体である愛知県豊田市では、ホームページに、「もう一度考えませんか？ふるさと納税のこと～ふるさと納税の問題点～」とタイトルをつけて、ふるさと納税制度の問題点を公開しております。

質問します。特別区長会などを通して、国に対して制度の抜本的見直しの申入れをされていることと思いますが、中央区として、本制度に対する意見表明をさらに強化するべきではないかと考えますが、いかがでしょうか。",2025,2025/09/29,決算特別委員会,議員
,令和7年　決算特別委員会(第2日　9月29日),川畑委員,川畑善智,"御丁寧な御説明ありがとうございます。

ぜひとも、本区の健全な財政運営のためにも、ふるさと納税制度に関する問題点の指摘は、今後も引き続き取り組んでいただければと思っております。ぜひともよろしくお願い申し上げます。",2025,2025/09/29,決算特別委員会,議員
,令和7年　決算特別委員会(第2日　9月29日),川畑委員,川畑善智,"では、議会費について若干質問させていただきます。

ついに、中央区も、本年６月、第二回定例会より、本会議における一般質問のライブ配信が開始されました。この２年間、一般質問及び決算、予算各特別委員会、そして区民の方からの請願など、様々なチャンネルを通して問題提起を続けてまいりましたが、まずは第一歩を踏み出したことを、議会の在り方を検討される場で検討いただいた議員各位と、予算措置を講じた区行政に率直に感謝を申し上げます。

そして、間断なく議会の公開を次の段階に進めなければならないと考えております。私は、議会の公開という原則は、インターネットが普及した現代では、ライブ配信を行い、いつでも、どこでも、誰でも見ることができることであると考えております。隣接区である千代田区は、昨年より、本会議のみならず、常任・特別、全委員会、予算・決算各特別委員会のライブ配信を開始いたしました。区民生活に密着した区行政、特に決算と予算は区民の関心が高いところであります。

その中で、私が非常に危惧をしておりますのは、今回開かれております決算特別委員会や予算特別委員会がライブ配信を行わない状況でありまして、現状としては、傍聴者が別室で音声聴取のみを許されるという現状であります。区民の皆様が、お仕事の都合をつけて区役所にわざわざ来庁され、決算特別委員会の傍聴をしようとしたところ、委員会会場にも入れず、別室でモニターもなく、音声のみを聞くという現状、区民からのクレームも私のところにも参っております。私は、区民の皆様に大変申し訳ない状況であると思っております。本区の議事録公開は、現状、平均４か月後でございます。また、オンライン会議を当たり前にやっているように、技術的・物理的障壁はもはや存在しません。区民の関心が高い予算をはじめ、決算、常任、各特別委員会のリアルなやり取りこそが区民の知りたいところであります。

もちろん、ライブ配信を含めた議会の在り方は、一義的には議会側がその在り方を決めるものではあります。しかし、二元代表制の下、会議公開に対する区の意見も極めて重要だと思っております。本年３月の予算特別委員会で、私のこの問いに対し、当時の総務部長の答弁は、委員会の場は熟議の場ではないかと御答弁をされました。まさにそのとおりだと思うんです。だからこそ、区民の関心が高いところではないかと思っております。

何度もお話ししますが、一義的には議会がその在り方を決めるべきものであることは十分理解をしております。その上でお聞きしますが、今、傍聴の方が来られ、別室で音声だけを聞いている状況に関して、区としては現状どのようにお考えになるか、御意見をぜひお聞かせいただければと思います。",2025,2025/09/29,決算特別委員会,議員
,令和7年　決算特別委員会(第2日　9月29日),川畑委員,川畑善智,議会費の中でということですね。,2025,2025/09/29,決算特別委員会,議員
,令和7年　決算特別委員会(第2日　9月29日),川畑委員,川畑善智,"分かりました。では、質問をちょっと変えたいと思います。

議会の予算の中で、区議会のインターネット映像配信の決算177万1,000円が執行されたということで記載されておりますが、この内訳を教えていただけますでしょうか。",2025,2025/09/29,決算特別委員会,議員
,令和7年　決算特別委員会(第2日　9月29日),川畑委員,川畑善智,"ありがとうございます。

例えば、予算・決算特別委員会で177万1,000円の決算がついておりますけれども、この機器は、今まで活用されているもの、ビデオ録音されて録画している機器を使った金額だということでよろしいでしょうか。新しく機器を導入したということでしょうか。",2025,2025/09/29,決算特別委員会,議員
,令和7年　決算特別委員会(第2日　9月29日),川畑委員,川畑善智,"ありがとうございます。十分理解ができました。

区の御見解をお聞きできなかったのは残念ですけれども、いろいろな一般質問等々の場でも、引き続きこの問題を取り上げてまいりたいと思っております。

以上で質問を終わります。",2025,2025/09/29,決算特別委員会,議員
,令和7年　決算特別委員会(第3日　9月30日),川畑委員,川畑善智,"本日もよろしくお願いいたします。

まず、職員住宅の件でお聞きしたいと思います。

不動産価格の高騰が続いております。特に、都心３区における上昇が著しい状況でございます。その影響は、当然ながら、本区職員にも及ぶわけでございまして、例えば４人家族で70平米程度のマンションを借りようとすると、家賃は安くとも27万円程度、新しい物件に至っては33万円以上もすることが普通になっております。分譲に至っては、中央区でも軒並み１億円以上ということで、このままでは住宅に対する特別な支援策を講じなければ、本区職員も本区に居住を継続することが難しくなるのではないかという懸念が生じております。緊急時や震災対策等を考えますと、多くの職員が区内もしくは近隣区に居住することが望ましいと考えられます。

現在、109戸でありますが、職員住宅の今後の考え方、一部老朽化が著しい状況にあるようですけれども、建て替えして高層化してキャパを増やすのか、例えば民間住宅の借り上げなども含めて、現状に対する区としてのお考えをお聞かせください。",2025,2025/09/30,決算特別委員会,議員
,令和7年　決算特別委員会(第3日　9月30日),川畑委員,川畑善智,"御答弁ありがとうございます。ぜひとも、早急に速やかに検討していただければと思います。

次に、庁舎の維持管理のことに関して質問させていただきます。

庁舎の維持管理で約3.3億円、本庁舎の改修費で約８億円の決算額でございます。これに関しまして、庁舎のＬＥＤ化の進捗状況をお聞きします。水銀に関する水俣条約によって、2027年末には蛍光灯が販売も製造も全て禁止されるという状況でございます。日本国内でも、水銀汚染防止法の改定で、2026年１月、もう年明け早々から製造が段階的に終わるということになりますので、それを踏まえまして、区の公共施設のＬＥＤ化について、この決算での進捗状況と今後の照明設備のＬＥＤ化計画を少し具体的にお聞かせいただければと思います。",2025,2025/09/30,決算特別委員会,議員
,令和7年　決算特別委員会(第3日　9月30日),川畑委員,川畑善智,"ありがとうございます。

今、新築の建物はほとんどＬＥＤを使用することが普通になっておりますので、本庁舎の取組がやはり一番、何になっているのかなと私も思っておりました。今年度から取り組まれるということで御答弁ありましたので、ぜひとも早急に進めていただいて、ＬＥＤ化をしますと、御存じかと思うんですけれども、水銀灯に比較して消費電力を70％削減という効果がありますので、大きなビル１棟になりますと、かなり大きな節電効果が得られるということになります。初期投資は若干かかりますけれども、大きな経費削減効果もありますので、ぜひとも順次、引き続き進めていただければと思います。

次に、防災用品カタログギフトについてお尋ねいたします。

前委員からの質問と、それに対する理事者の答弁にもありましたが、最終的な利用状況が69.5％ということで、３月末時点の38％から大きく数字を伸ばしたということになります。４人世帯で84.4％、単身世帯が57.3％、60代で77.6％とのことでした。その一方で、10代の方々は29.6％、20代の方が47.4％ということでしたので、若年層への働きかけに課題があると思われます。やはり10代、20代への訴求力という点では、広報と紙の媒体よりもＳＮＳを活用した広報を推進する必要があるのではないかと考えますが、いかがでしょうか。

中央区の公式ＬＩＮＥでは、私の確認したところ、１月14日、３月１日、５月９日とＬＩＮＥのメッセージが流れました。あと５月15日に公式ＬＩＮＥで広報が載り、最終アナウンスがされたというふうに認識をしております。今年に入って計４回公式ＬＩＮＥで流れておりますけれども、私の実感としては、まだまだ足りないと思っています。また、流れる文面に関しても、インパクトが足りないのではないかと思っています。今後に向けて、改善の方向をぜひともお示しいただければと思います。",2025,2025/09/30,決算特別委員会,議員
,令和7年　決算特別委員会(第3日　9月30日),川畑委員,川畑善智,"今の広報の件、カタログギフトをいかに周知するかという点ですけれども、例えば、賃貸住宅にお住まいの方ですと、そこの賃貸住宅の管理会社と連携して周知を徹底するという方法もあるかなと思うんです。そういった会社さんと連携することによって、お住まいの住宅の管理会社からの案内であれば、比較的住民の方は目を通すことも多いと思いますので、区からのこういう広報がありますよというところも含めて、管理会社とそういったお話をしてみるのも、１つのやり方としてあるのかなと思っております。

次に、エレベーター防災キャビネット配布事業についてですけれども、現在の進捗状況をお示しいただければと思います。",2025,2025/09/30,決算特別委員会,議員
,令和7年　決算特別委員会(第3日　9月30日),川畑委員,川畑善智,"ありがとうございます。行き渡り率からすると、まだまだ半分ぐらいという状況でございますでしょうか。私が暮らすマンションにもすっかり入っておりまして、本当に安心してエレベーターを利用できる状況になっております。ありがとうございます。

エレベーター防災キャビネット配布事業に関しましては、継続でやられているということでしょうか。それとも単年度事業ということでしょうか。",2025,2025/09/30,決算特別委員会,議員
,令和7年　決算特別委員会(第3日　9月30日),川畑委員,川畑善智,"ありがとうございます。広報をしっかりと徹底していただいて、漏れがないように配布事業を推進していただければと思います。

続きまして、広報事業、ケーブルテレビ、ラジオ放送についてお聞きします。

ケーブルテレビが約3,126万円、中央エフエム約2,382万円の計上がされております。予算特別委員会でも私はお聞きしたんですけれども、このラジオ、テレビに関して、災害時の協定を締結しているということで承っております。災害防災情報等の放送に関する協定がある。中央エフエムと東京ベイネットワークさんとそれぞれ結んでいるということでございました。協定の内容としては、災害が起きた際に区から情報を提供するとともに、また、各社の番組編成権を侵害しない範囲で放送の要請を行ったりというところで、通常の放送番組に優先して災害情報を放送するという内容の協定だということでした。

この協定内容に基づいて、信用できる情報をキャッチしていただくツールとして活用する、そういったことを災害時に活用できるようにするために、平常時から身近な情報発信媒体として活用する考えであるということでした。であるならば、やはりこのケーブルテレビ、そして中央エフエム、ラジオ放送がより区民に身近にならないと、実際の災害時に、そういうものがあったのかという話になってしまう。先般も、能登の震災でもそうでしたし、年初の山火事被害でもそうだったんですけれども、ほとんどの方が情報収集元としてＳＮＳを見ているということがアンケート調査で出ておりました。そのあたりのことを踏まえて、この２社への協定が決して無駄だとか、そういうことを言うつもりは全くございませんが、どういう方向性を今後持っていくのか、少し御見解をお示しいただければと思います。",2025,2025/09/30,決算特別委員会,議員
,令和7年　決算特別委員会(第3日　9月30日),川畑委員,川畑善智,"ありがとうございます。魅力的な情報発信をして、視聴回数が少しでも増えるように期待をしております。

時間もなくなりましたので、入札情報システム、そして会計年度任用職員に関しては、総括質疑のほうに回させていただきます。ありがとうございました。",2025,2025/09/30,決算特別委員会,議員
,令和7年　決算特別委員会(第4日　10月1日),川畑委員,川畑善智,"本日もよろしくお願いいたします。区民費についてお聞きいたします。

まず、ハイテクセンター等複合施設「京華スクエア」についてお聞きいたします。この施設の維持管理に令和５年度8,356万円、令和６年度は１億845万円の公費が投入されております。昨年春の早稲田大学エクステンションセンターの撤退もございました。施設の利用率は34.7％。若干の改善は見られるものの、子ども・子育て会議の開催や防災拠点運営委員会の開催などの会議室の活用、リサイクルセンターの運用、シルバー人材センターとしての使用がされておりますが、ハイテクセンターとして施設本来の目的である、中央区内の中小企業の情報化、人材育成、企業交流の目的が達成されている状況とは言い難いのが現実ではないかと思います。資料125、Ｗｉ－Ｆｉ設備の設置も貸出しもないハイテクセンターでございます。現在、公共施設の見直し作業を行っていることは承知しておりますが、区として今後、京華スクエアをどのように活用する方針か、お聞かせいただければと思います。",2025,2025/10/01,決算特別委員会,議員
,令和7年　決算特別委員会(第4日　10月1日),川畑委員,川畑善智,"ありがとうございます。現在進行中の公共施設のあり方検討会で検討されていくということで、確認いたしました。

こちらの京華スクエアは、もともとは復興小学校である歴史ある京華小学校の建物を活用して現在も使用しているという、本当に建物としての価値がある存在だと思っております。今後、来年度は中央区80周年の記念行事もありますし、中央区の魅力を発信する観光スポットとすることや、思い切って建物の公共性に配慮しながら民間への施設貸出しや、演劇などの稽古場として活用されている東京都が管理する旧日本橋高校の校舎である水天宮ピットなどの在り方も参考にしながら、ぜひ御検討いただければと思っております。よろしくお願いします。

続きまして、町会・自治会に関してお聞きします。御存じのとおり、本区は住民の95％がマンション暮らしであります。そして単身世帯が５割を超えて、2020年のデータでは52.6％、つまり過半数の世帯はひとり暮らしということであります。これは、災害対策においてはなかなか難しい面があると思われます。本区における災害対策の肝はマンション住まいで単身世帯、災害対策においては共助が効きにくい属性であるかと思います。今後もさらにこの傾向は強くなることは確実であります。

一方で、災害時における町会・自治会の役割は大きいものがあります。発災直後の安否確認と救助、避難所の設営と支援、災害支援倉庫の管理、住民への情報伝達、地域住民同士の連携強化などなど、その役割は重要です。過度に重たいと言ってもよいかもしれません。

町会と自治会の組織率は、資料126のとおり、令和６年度で59.6％となっております。実際はどの自治会も高齢化と役員の固定化、地域住民との連携の困難さを抱えていると思われます。災害対策において町会と自治会がすぐに機能不全となるということはないと思いますが、少し長いスパンで考えたときに、やはり懸念があるのではないでしょうか。晴海エリアや勝どきエリアのように、新しいまちはマンションごともしくは街区での自治会が立ち上がっております。40％、８万人弱の方が町会未加入であることを踏まえて、区としてマンションごとの自治会の設立を促していくのか、町会・自治会に関する今後の区としての位置づけや取組の方向性をお聞かせ願えればと思います。",2025,2025/10/01,決算特別委員会,議員
,令和7年　決算特別委員会(第4日　10月1日),川畑委員,川畑善智,"丁寧な御説明ありがとうございます。まさに区の役割というのは、そういった地元に今ある既存の町会・自治会と新たに立ち上がる可能性のあるところとのつなぎ役、そういったところは非常に役割として果たせるところかなと思っておりますので、引き続きそういった御努力をよろしくお願い申し上げます。

以上で質問を終わります。",2025,2025/10/01,決算特別委員会,議員
,令和7年　決算特別委員会(第5日　10月2日),川畑委員,川畑善智,"私のほうからは、高齢者支援、介護支援、障害者支援の順にお聞きをさせていただきます。

中央区将来人口見通しデータによりますと、本区においては、今後10年間で年少人口は令和７年２万5,711人から、令和17年２万6,408人へほぼ横ばい、生産年齢人口は13万6,148人から16万1,819人へと２万5,000人の増加、一方で、65歳以上の高齢者人口は２万6,775人から３万5,141人に9,000人増加いたします。令和７年度予算特別委員会の資料318、要介護認定状況によると、令和６年度の本区の要支援・要介護認定者数は、１号、２号を合わせて5,888人、第１号被保険者の認定率は21％であります。つまり、今後おおむね認定率がこのまま継続するならば、10年後の要支援・要介護認定者数は7,381人となり、1,800人以上の要介護者が増加をすることとなります。今後10年での増加を考えますと、果たして増加分の介護需要を満たす供給が可能なのかどうか、現時点では不透明であります。

東京都は、2030年に都内で介護職員４万7,000人が不足すると試算をしています。深刻なのは、この問題は東京都だけの問題ではなく、高齢者人口の増加が１都３県で同時に起こるということです。つまり、首都圏全体で介護需要が増大し、その需要を満たす供給が確保できない可能性が懸念されております。御存じのとおり、この対策として、東京都では、ケアマネジャーなども含めた従事者に対して居住費支援を行っています。中央区でも、地域密着型サービスの介護職員を対象にした居住費支援制度を開始いたしましたが、事業別行政評価シートでも、宿舎借上げに関わる新たな事務処理や家賃等の一部負担が必要なため、事業者側の受皿が整わず、利用に結びついていないとの評価がなされています。この点についてどのようにお考えになるかが１点。

あわせて、制度の使い勝手をよくするために、事業者の負担が重い借上げではなく、品川区のように単純な住宅補助、家賃補助に切り替えることを検討されるかどうかの御見解をお示しください。",2025,2025/10/02,決算特別委員会,議員
,令和7年　決算特別委員会(第5日　10月2日),川畑委員,川畑善智,"御答弁ありがとうございます。

まさに、御答弁の趣旨は十分理解をしておりますけれども、介護人材、今、事業所の求人に対して、どのぐらいの応募があるかという状況なんですが、倍率が14倍ぐらいの域に達してしまっていまして、本当に切迫した状況だと思っています。物価高騰や訪問介護報酬の引下げなどもありまして、介護事業者に向けた物価高騰緊急事業補助金を支給しておりますけれども、現在の状況は、まだまだ支援が足らないというふうに思っております。介護労働者の平均賃金は、いまだ全産業平均よりも60万円低い水準にとどまっています。高齢人口の増加や介護労働者の不足、介護労働者の求人困難などを踏まえて、今後、さらなる介護事業所支援は必須かと思います。本区基本政策、「誰もがいきいきと笑顔で暮らせるまち」を実現するためにも、介護が必要になっても安心して住める中央区であるために、より一層踏み込んだ支援を御検討いただきたいと思っています。

次に、介護支援です。

介護保険区独自サービス事業として、決算書240ページ、499万円の支出、また、おとしより介護応援手当支給１億5,272万円、資料172、受給者数は昨年度696人、また在宅寝たきり高齢者介護者慰労事業では2,853万円、資料210、支給者984人で利用者数は横ばいの状況です。本事業は本区独自の特色ある介護支援、介護者支援事業として行われている事業であり、受給漏れなどがあってはならないと考えています。予算や決算、各特別委員会で指摘をさせていただいておりますが、ケアマネジャーへの周知の徹底、介護認定更新時など、あらゆる機会を捉えて、制度のさらなる周知徹底を図るべきと考えますが、区としての具体的な取組の事例などがありましたら、お聞かせください。",2025,2025/10/02,決算特別委員会,議員
,令和7年　決算特別委員会(第5日　10月2日),川畑委員,川畑善智,"ありがとうございます。

手渡し資料による周知など、努力をされていることは十分理解をしております。しかし、やはり直接の声かけに勝るものはないと思います。介護に関わる御家族の苦労は大変なものがありますので、できましたら、在宅で頑張る要介護者とその御家族の苦労に少しでも報いるためにも、再度、受給漏れがないか点検をお願いするものであります。

最後に、障害者支援についてお尋ねします。

災害時地域たすけあい名簿に基づく災害時の個別避難計画の作成が現在進行中と思いますが、その進行状況は、資料145、名簿登録者数7,758人、避難計画作成済み者数1,384人で、17.8％の進捗です。首都直下地震や南海地震だけでなく、ここ数年は線状降水帯による被害など、大きな災害が多発しております。まずは個別避難計画を立てる必要があります。いつまでに何人作成するのか、今後の計画作成の具体的見通しをお示しください。",2025,2025/10/02,決算特別委員会,議員
,令和7年　決算特別委員会(第5日　10月2日),川畑委員,川畑善智,"遅いと思われます。令和８年度に再度勧奨するということですけれども、せめて令和10年度までには必要な方全ての作成が終わるぐらいの意気込みで、区として取組をしていただきたいと思っております。能登半島地震の際にお聞きしたのですが、強度行動障害のある方が、避難所での受入れがうまくいかず、結局、被災した自宅で過ごされていたというケースの報告を拝見いたしました。福祉避難所を整備しても、この方は大丈夫、この方は駄目というのであれば、誰もが安全・安心とは言えないと思います。難しい点もあるかと思いますが、徹底的に当事者に寄り添う姿勢を行政が示していただくことが大切だと思います。一人も切り捨てない、本当の意味での安心・安全な中央区を目指していただきたいと思います。

終わります。",2025,2025/10/02,決算特別委員会,議員
,令和7年　決算特別委員会(第6日　10月3日),川畑委員,川畑善智,"私のほうからは、無電柱化事業と公園整備についてお聞きいたします。

まず、電線共同溝整備事業に約４億496万円の支出をしております。確認の意味で、国道、都道、区道それぞれの無電柱化率及び中央区無電柱化推進計画2024の進捗状況と、併せて、もしあればですが、区内における新たな電柱の設置件数を教えていただければと思います。",2025,2025/10/03,決算特別委員会,議員
,令和7年　決算特別委員会(第6日　10月3日),川畑委員,川畑善智,すみません。ちょっと答弁が漏れているところがあるんですけど、新たな電柱の設置はないということでよろしかったでしょうか。,2025,2025/10/03,決算特別委員会,議員
,令和7年　決算特別委員会(第6日　10月3日),川畑委員,川畑善智,"御丁寧にありがとうございます。ということは、資料247、歩道幅員2.5メートル未満の区道無電柱化率が低下をした原因は、そういうところであるということでよろしいでしょうか。分かりました。ありがとうございます。

先週、小池都知事は、東京都議会での所信表明演説で、都が指定する地域で新たに宅地を開発する際、敷地内に電柱を建てることを原則禁止するとの条例の制定を目指す方針を出しました。大変良い取組であると考えます。区としては、こういった条例の制定というのは今後考えていらっしゃるかどうか、御回答を願えますでしょうか。",2025,2025/10/03,決算特別委員会,議員
,令和7年　決算特別委員会(第6日　10月3日),川畑委員,川畑善智,"ありがとうございます。非常に取組として厳密にやられていることはよく分かります。翻って、東京全体の無電柱化率というのはまだ８％という状況でございまして、ロンドン、パリ、香港、シンガポールといった世界の主要都市、これはもう軒並み100％無電柱化、台湾の台北でも96％、ソウルで49％、インドネシアのジャカルタでも35％の無電柱化が進んでいるという状況なんですね。

実は我が国でも、電気の供給開始の1887年から大正時代にかけては、基本的に電線は地中化で、電柱はなかったんですね。電柱がこれだけ私たちの生活に密着してきたのは戦後の話であって、ずっとそれ以前は地中化であったということなんですね。こういった日常を我々が見慣れてしまっているので、当たり前になっているんですけれども、実はそれほど古い話ではないということなんですね。こういったところからも、私たちの発想も変えなきゃいけない、マインドチェンジをしなきゃいけないというところがあると思います。

今後は、事業別行政評価シートのほうを確認しますと、令和６年度は、築地六丁目４番先から明石町12番先まで440メートルの整備を実施と書いてありまして、推進計画2024では、令和６年から令和10年で1,359メートル、令和11年から令和15年で2,250メートルの整備を進めるとなっております。

質問いたします。ここから先、区内の無電柱化事業を進めるには、やはり機器の小型化を促していかなければいけないと。特にトランスボックスですね。街路灯にトランスなどの地上機器をつるすソフト地中化方式という方式もあるということで聞いております。こういった方式も併せて検討していって、無電柱化を飛躍的に進めていく必要があるのではないかと思いますが、区の見解をお示しください。",2025,2025/10/03,決算特別委員会,議員
,令和7年　決算特別委員会(第6日　10月3日),川畑委員,川畑善智,"状況をよく理解をいたしました。引き続きの御努力のほう、よろしくお願い申し上げます。

次に、公園と児童遊園の管理事業についてお聞きします。公園・児童遊園維持管理費で約７億8,844万円、改修に約１億1,587万円が支出をされております。実は、先日ある親御さんから、もう夏休み中、本当に暑くて暑くて、子供たちを公園で遊ばせることができない、特に遊具で遊ばせられない、遊具に触ってみてください、やけどしますよというお話をいただきました。それでなくてもゲームなどの屋内での遊びが多くなっている昨今です。

日本テレビの調査では、８割の親が、夏は公園で外遊びができないと回答しています。鉄棒やブランコ、ステンレス製の滑り台の表面温度は70度に達する、樹脂製のものでも50度に達するとの調査が示されています。オーストラリアや海外の公園では、シェードの設置、開閉式テントのテント屋根、ダブルオーニングなどの設置を行って対策を打っているところが増えております。都市公園法との兼ね合いもありますけれども、これからの暑さが続く前提の対策を打つ必要がある時期に来ていると考えています。

質問します。昨今の酷暑対策として、公園及び遊具等の暑さ対策について、区として今後の対策をお聞かせください。",2025,2025/10/03,決算特別委員会,議員
,令和7年　決算特別委員会(第6日　10月3日),川畑委員,川畑善智,"御丁寧にありがとうございます。子供たちの安全・安心な遊び場を確保するということは、本当に大事な点だと思います。その親御さんが言うに、屋根とか造られないのかなという話があったんですね。予算、それから安全面で、昨今の突風ですとか、豪雨ですとか、いろいろな自然災害がありますので、逆に心配な点もあるんですけれども、一長一短、いろいろ考えながら施策を進めていただければと思いますので、どうぞよろしくお願いいたします。

以上で終わります。",2025,2025/10/03,決算特別委員会,議員
,令和7年　決算特別委員会(第7日　10月6日),川畑委員,川畑善智,"本日もよろしくお願いいたします。私からは、教育相談と特別支援教育、大規模改修工事と学校の気候変動対策、人口推計を基にした児童・生徒予測と教室の過不足について、最後、時間がありましたら教育委員会の意思決定過程についてお聞きいたします。

まず、資料323、教育センター教育相談件数を御覧ください。来所相談が389件、電話相談が62件と増加をいたしております。集団不適応や不登校関係の相談が多いかと思います。本業務において肝腎なのは、相談後のフォローアップが大切かと思います。フォローアップはどのようにされているかを御教示いただければと思います。",2025,2025/10/06,決算特別委員会,議員
,令和7年　決算特別委員会(第7日　10月6日),川畑委員,川畑善智,"一次相談を受けた方が継続して相談を受けて対応されているということを聞いて安心いたしました。

本区の人口増加は、まだ継続すると予測されております。それとともに、当然ながら、障害をお持ちの方の増加も予想されております。御相談されるのは特別な支援を要するお子さんやその御家族及び関係者の方々かと思われますので、大変な苦悩の中で悩まれている方が多いと思います。中央区こども計画、方向性３、特に配慮を必要とする子どもと家庭を支援します、この方向性を大切にして、継続した支援をお願いいたしたいと思います。

次に、大規模改修工事と学校の気候変動対策についてお聞きします。

気候変動の時代、子供たちの教育環境を整えることは大変重要なことであります。決算書によりますと、久松小学校８億9,600万円、銀座中学校10億2,700万円の大規模改修工事が記載されております。この工事の内容を簡潔にお示しいただけますでしょうか。",2025,2025/10/06,決算特別委員会,議員
,令和7年　決算特別委員会(第7日　10月6日),川畑委員,川畑善智,"ありがとうございます。

資料331、佃中学校の普通教室室温測定結果にも示されておりますけれども、やはり温暖化、気候変動の影響で、夏は暑く冬は寒くなるという極端な傾向が出ていると思います。この状況に対して、今回の工事、大規模改修でも少しこういった要素も加味して工事をされるほうがよろしいのではないかというふうに考えております。現在、公共施設の在り方を検討している最中かと思いますが、学校などの公共施設のＺＥＢ化、気候変動への取組を組み込んだ設計やコンセプトを盛り込んでいただければと考えています。今後、学校の大規模改修工事などでどのような温暖化対策を検討されているか、そのあたりをお示しいただけますでしょうか。",2025,2025/10/06,決算特別委員会,議員
,令和7年　決算特別委員会(第7日　10月6日),川畑委員,川畑善智,"ありがとうございます。日本橋中学校の新校舎はＺＥＢＲｅａｄｙということで承りました。

引き続き、例えば大規模改修に当たって、校舎の窓の改修だけでも断熱効果が大分高いんです。積層ガラスを使う、高機能ガラスを使用するとか、そういったところも、また今後の改修に関しては、ひとつ御参考にしていただければと思っています。ぜひとも御検討をお願いいたします。

次に、人口推計を基にした小・中学校児童・生徒数予測と教室の過不足についてお聞きします。

まず、資料293、学校別の推計結果を御覧ください。もともと晴海西小学校、晴海西中学校の整備は、晴海地区における児童・生徒数の増加に対応するため、晴海五丁目に小学校と中学校を整備するとして、平成29年度から設計を始め、昨年４月に開校いたしました。まだ開校して１年半。第二校舎の建設ですが、児童数の増加に対応するためとして令和５年度に方針が示され、基本設計、実施設計を現在行い、来年度から建設工事、令和11年４月の開校とのスケジュールが示されているところでございます。

平成29年の建設準備協議会の資料を確認しましたが、小学校で普通教室30、中学校で15という教室数が示されています。確かに、１万2,000人の人口増加でありますので、これに対して、区内年齢別人口一覧を確認しますと、学齢期人口の比率は、計算しますと、区全域で6.4％ですので、768人。１万2,000人の人口増加に対して30教室1,050人分の定員というのは大きく外れてはいないですが、今回、１年半で第二校舎を建てざるを得なくなった理由に関する区の見解を少しお聞かせいただければと思います。",2025,2025/10/06,決算特別委員会,議員
,令和7年　決算特別委員会(第7日　10月6日),川畑委員,川畑善智,"丁寧な御説明ありがとうございます。理解が深まりました。

私の意見としましては、これまでの実績を基にした推測というのは当然ベースになるものですけれども、今回のＨＡＲＵＭＩ　ＦＬＡＧ、一時は非常に過熱した人気がありまして、もう少しディベロッパーの方とか販売会社に聞き取り調査をされた上で、どういった世帯構成の方が入居される予定なのか、そういったところを丁寧に聞き取りをされてもよかったのかなというような気はしております。ただ、もともと小学校２つという計画でありましたので、時期が前倒しになりましたけれども、そこのところは十分理解をいたしました。ありがとうございます。

次に、日本橋中学校についてお聞きします。

その前に、先月、９月11日と13日に開催されました新校舎開設時期変更に関する住民説明会のことについてお尋ねをします。私は所用があって両日とも参加できなかったんですけれども、当日の参加者数、それから住民側からの質問について簡潔に御報告をいただければと思います。",2025,2025/10/06,決算特別委員会,議員
,令和7年　決算特別委員会(第7日　10月6日),川畑委員,川畑善智,"ありがとうございます。大変気にしておりまして、どういう質問があって、どういう御説明があったのか、今お聞きして理解が深まりました。

資料293を御覧ください。やはりですね、令和７年から令和12年までのコーホート法を用いて予測した最新の数値でも、一貫して生徒数は500人を超えることはないと予測されております。この生徒予測は、現時点では、判断としては妥当なものだと私は考えておりますけれども、区の御見解はいかがでしょうか。",2025,2025/10/06,決算特別委員会,議員
,令和7年　決算特別委員会(第7日　10月6日),川畑委員,川畑善智,"当時の過去のデータを用いての判断ということで、その旨も理解をしております。ただ、やはり日本橋中学校の建て替えに関しましては、巨額の予算が使用されるということ、区の自主財源、区の財源を充てて建てるということを前回の予算特別委員会のほうでも確認させていただきましたけれども、今回の建て替えに当たっての理由は２つだと。生徒数が600人を超えてくるので、教室数が足りなくなるのだ、給食設備の関係で500人を超えると給食の提供が困難になるんだという２点を建て替えの理由として明確に説明をしていたわけです。大きく乖離してしまったことに関しては、工期の変更、１年間工期が延びるという今回の変更の説明会も大事なんですけれども、やはり建て替え理由の変更、建て替え理由に関して変化が生じましたということも区民の皆さんにお知らせする必要があると私は思っています。区の予算の執行の観点からも、やはりその点はしっかりと区民の皆さんに御理解いただくことが必要になるのではないかというふうに考えています。しかも、これから日本橋中学校の既存校舎の解体工事が入ってくるわけです。その後は新築の工事が入ってくる。私は、ごくごく至近距離の近隣住民なものですから、その影響をまともに受けてくるわけです。ぜひとも、今回の経緯に至ったことに関しては、しっかりと区としても再度の説明を近隣住民に対して行うことは必要なことだと思いますので、改めてこの場を借りて申し上げておきます。

最後に、教育委員会の意思決定過程についてお聞きします。

日本橋中学校の建て替えに関して、令和４年９月の区民文教委員会での資料も提示の上、建て替えの必要性に関して提案が行われた。本年の予算特別委員会での教育長の答弁及び理事者の答弁でも、日本橋中学校の建て替えに関する提案の最終的な意思決定と、その意思決定に係る教育委員会内部の協議の議事録及び検討資料が存在しないとの御答弁をいただいております。これはかなり重要な問題でして、意思決定に関わる内部の協議の議事録や検討資料が存在しないということは、やはり行政としては、基本的にはあってはならないことだと私は考えています。ですので、できましたら、このことに関しては、重要な事案の意思決定に関わる部内での協議が存在しない、こういったことに関しては、なかなか理解することが私のほうではできないんですけれども、これに関しては、区としての御見解は変わらないということでよろしいでしょうか。",2025,2025/10/06,決算特別委員会,議員
,令和7年　決算特別委員会(第7日　10月6日),川畑委員,川畑善智,"御答弁ありがとうございます。記録がないということ、事実関係の把握ができませんので、今後に関して、また検討させていただきます。

質問を終わります。ありがとうございました。",2025,2025/10/06,決算特別委員会,議員
,令和7年　決算特別委員会(第8日　10月7日),川畑委員,川畑善智,"本日もよろしくお願いいたします。

国民健康保険料が高過ぎるという声を区民からいただいております。資料334、国保料の滞納世帯とその割合ですが、一見すると順調に減少しているように見えますが、それでも滞納割合は12.76％と依然として高い水準にあります。質問ですが、どのような理由で滞納されているか、分かる範囲でお示しいただければと思います。",2025,2025/10/07,決算特別委員会,議員
,令和7年　決算特別委員会(第8日　10月7日),川畑委員,川畑善智,"御説明ありがとうございます。

確かに、お訴えをされてくる方は、保険料が高いということです。現状、職を失ったり、今御説明がありましたとおりで、御病気をされていたりということで、非常に苦しい状態にある方がいらっしゃいますので、そのあたりはしっかりとした対応をお願いしたいと思います。

国保には社会保険のように事業者負担がございませんので、どうしても財政的余力が厳しいという状況です。1958年に国民健康保険法が制定され、1961年に国保の実施が始まって、今や世界に冠たる国民皆保険制度となっているわけですが、1955年頃には日本全国に無保険者が3,000万人いらっしゃって、大きな社会問題となっていたと言われています。そんな日本に戻してはいけないというのが強く思うところであります。

国保には約50％の公費が投入されておりますが、国保の課題は構造的問題であり、未納者の保険証を取り上げただけでは解決しない問題であることは確かだと考えています。各自治体は貴重な財源を取り崩して、高額な保険料とならないように法定外繰入をこれまで行ってきましたが、国は国保の赤字解消の名目で法定外繰入をやめるように指導を強めています。これに対して、全国知事会では１兆円の公費投入を求める表明を、全国市長会、全国町村長会も抜本的な公費投入の拡充を求める要望を出し続けています。中央区の１人当たり基礎・後期・高齢・介護保険料の平均額は22万3,341円で、23区平均19万2,238円よりも３万1,000円高い水準にあります。

質問します。中央区として制度の持続可能性を確保するためにも、国による大幅な公費の投入があるまでの間、法定外繰入を実行して区の財源を投入し、23区平均値に保険料の引下げを行うつもりはございませんでしょうか。",2025,2025/10/07,決算特別委員会,議員
,令和7年　決算特別委員会(第8日　10月7日),川畑委員,川畑善智,"丁寧な御説明ありがとうございます。東京都を通した国への要望をしっかりと、引き続き取組をお願い申し上げたいと思います。

受益と負担というお話がありましたけれども、生命、生存に関わることというのは、憲法25条で生存権が規定されていますので、健康で文化的な最低限度の生活を営む権利を有するというのは国民平等の権利ですので、このあたりはしっかりと行政としてその原点に立った政策を推し進めていただければと思っております。

国保の負担、さらに介護保険料の負担、消費税は今10％も取られるわけです。もともと消費税は全額社会保障に充当するという名目で開始されておりますけれども、現在、年間27兆円もの消費税収入がありながら、一向に社会保障の状況がよくなっていかないというのは大きな矛盾が含まれていると思っていますので、そのあたりのことも御指摘した上で、質問を終わらせていただきたいと思います。",2025,2025/10/07,決算特別委員会,議員
,令和7年　決算特別委員会(第10日　10月9日),川畑委員,川畑善智,"では、総括に入ります。

まず、本特別委員会も従来どおり、傍聴者は別室での音声傍聴のみという方法で行われております。私は区民からもお叱りをいただいております。議会のあり方検討会で話すべきということは重々理解しておりますが、改善を要する課題であるとの認識をこの場で共有させていただきます。答弁は結構です。

区長交際費と政務活動費についてお聞きします。

昨今の物価高です。特に都心区である本区においては、家賃の高騰も続いております。中央区は23区の中でも不動産価格、物価が高水準にあるにもかかわらず、議員報酬は23区中、中位であり、特に政務活動費に関しては23区中、下から２番目でございます。事務所の家賃や調査・研究のための視察のホテル代、交通費等を政務活動費の上で賄うことはもはや困難で、足りない分は持ち出しとなっております。一方で、資料71、区長交際費は、予算ベースで23区で江東区と同額で最も高い水準となっております。この件につきましても、一義的には議会で論ずべきことは理解しておりますが、一般論としてお尋ねします。

政務活動費は、議員本来の活動を充実したものにするためにも極めて重要な要素であります。お隣の台東区も、今年度から月２万5,000円の引上げを実施しております。物価高騰などの現状に対応すべく、政務活動費の増額が必要ではないかと考えますが、区の御意見を簡潔にお聞かせください。",2025,2025/10/09,決算特別委員会,議員
,令和7年　決算特別委員会(第10日　10月9日),川畑委員,川畑善智,"ありがとうございます。

議会のほうでしっかりと議論をお願い申し上げたいと思います。

次に、情報公開についてでございます。以前より指摘されておりますが、情報公開手数料の件です。国や東京都が手数料は無料とする中で、本区はかたくなに手数料を徴収し続けております。国民の知る権利との絡みでも早急な改善が必要と思われますが、御見解を簡潔にお示しください。",2025,2025/10/09,決算特別委員会,議員
,令和7年　決算特別委員会(第10日　10月9日),川畑委員,川畑善智,"ありがとうございます。

お答えの趣旨、十分理解いたしております。ただ、行政がどちらを見て行政を行うのかということが問われているところだと思いますので、業者の方を見て区政を行うのか、区民を見て区政を行うのか、その答えはおのずと明らかだと思いますので、区民の方に不利益がないように、徹底して運用をお願いしたいと思います。

次に、会計年度任用職員についてお聞きします。

公務非正規女性全国ネットワークさんの調査によりますと、2024年秋から2025年にかけまして、再任用の上限回数を撤廃したのは、首都圏109自治体中45自治体、本区も上限撤廃と回答されております。会計年度任用職員859名中、次年度５回目の更新となる方は何人ぐらいいらっしゃるか、お分かりになりますでしょうか。簡潔にお答えください。",2025,2025/10/09,決算特別委員会,議員
,令和7年　決算特別委員会(第10日　10月9日),川畑委員,川畑善智,"ありがとうございます。

雇用の安定というのは、社会の安定にとって非常に大きな点でございます。政府を挙げて賃上げの大合唱が続いております。まずは、政府や地方自治体自らが賃上げをしなければ、民間の給与は上がりませんので、会計年度任用職員の時給単価のアップと併せまして、期末勤勉手当の支給なども継続して取り組まれるようお願い申し上げます。

次に、教育についてです。教育は国の基礎であります。30年にも及ぶ経済停滞の最も大きな影響を受けているのは学生であると言えるかもしれません。親の経済環境の変化に翻弄され、アルバイトで食いつなぎながら学費をため、足りない分は奨学金を借り何とかやりくりしている学生、コロナでバイトを失い、万策尽きて中退という学生も多かったと思われます。突然ヤングケアラーとなり、生きていくだけで精いっぱいの環境にある子供たちも存在します。学びの継続には、本人の努力だけではどうにもならない部分があることも事実です。

他方、高度化した社会では、社会人のスキルアップも必須となってきております。教育への投資は社会的貢献度が高い投資であります。受験生チャレンジがあることは重々承知いたしておりますが、学生には給付型奨学金、社会人には貸与型奨学金が必要な時代なのではないでしょうか。豊かな中央区です。再開発によって人口は回復いたしました。これからは人への投資、学生への投資が本区をさらに成長させる可能性をもたらすと考えておりますが、いかがでしょうか。",2025,2025/10/09,決算特別委員会,議員
,令和7年　決算特別委員会(第10日　10月9日),川畑委員,川畑善智,"実は、足立区さんが区独自の奨学金制度を創設しまして、これが大反響になっておりまして、私立大学の医学部に進学した学生さんには3,500万円まで給付するという思い切った政策を取られております。

本区でも、人口動態の調査を見ますと、ちょうど15歳から24歳までの人口が非常に少なくなっております。ですので、このあたりの区民の年齢別の人口の動きといったものも見ながら、そういった施策もぜひとも取り入れて検討していただければと思っております。御検討をよろしくお願い申し上げます。

次に、区の情報システムの構築の現状についてお聞きします。細かいところをお聞きしますと時間が足りませんので、現在取り組んでいるシステム構築の到達目標はどのようなレベルを目指しているのか、簡潔にお示しいただければと思います。",2025,2025/10/09,決算特別委員会,議員
,令和7年　決算特別委員会(第10日　10月9日),川畑委員,川畑善智,"ありがとうございます。

標準化、そしてＤＸ推進、区民の利便性向上ということで、目標を定めて進めていただければと思います。窓口業務、可能な限り、行かない窓口を目指して進めていただければと思います。

最後に、国保についてお聞きします。国保の保険料は高いんですよ。もう限界だという声を私はいただいております。国や都は法定外繰入をやめろの大合唱ですが、これは基金を取り崩してでもやるべき課題なんだと思います。生存がかかる大問題です。制度の持続可能性がかかっていると思いますので、ぜひとも国保の保険料の引下げに向けて御検討いただければと思います。御答弁は結構でございます。

終わらせていただきます。",2025,2025/10/09,決算特別委員会,議員
,令和7年　決算特別委員会(第10日　10月9日),川畑委員,川畑善智,"中央区議会れいわ新選組の2024年度、令和６年度中央区各会計歳入歳出決算の認定に対する態度表明を行います。

20万人都市に向かってさらなる成長を続ける中央区。佃、月島、勝どき、晴海などにとどまらず、八重洲や日本橋でも大規模開発が今まさに進行中であります。そして、今後も、築地再開発や地下鉄新線の建設、高速晴海線の延伸など、ビッグプロジェクトがめじろ押しであります。

資料265によれば、現在進行中の市街地再開発事業は、検討中も含めて29案件・区民の平均所得も上昇しており、資料18、課税標準額700万円を超える方が２万4,035人、2015年と比較して131.9％の増加、うち1,000万円を超える方は１万4,304人、2015年から２倍以上となっております。まさに順風満帆。地方自治体の勝ち組といってもよいかと思います。一方で、課税標準額200万円以下の区民が３万5,043人となっております。この物価高で、200万円以下で生活をすることの困難さは想像を絶するものがあります。

日本全体を見渡せば、30年にも及ぶ経済停滞、押し寄せる少子高齢化の波、コストプッシュ型インフレによる物価の高騰、国際協調や全ての人の人権を守るコンセンサスが、今まさに試練を迎えていると思います。私は、政治の役割は、光が当たらないところにこそ光を当てることだと考えています。日本全体がよくならなければ、経済は循環しません。東京だけが、中央区だけが、限られた企業だけが豊かになるということは、あり得ないことだと思います。今こそ、みんなが豊かになる、そういう発想が求められているときはないと思います。

その視点から、令和６年度中央区各会計歳入歳出決算について、以下の点を指摘いたします。

まず、歳出決算額性質別分類を見ますと、その構成比は、投資的経費が令和４年度30.5％、令和５年度32.2％、そして令和６年度28％と、あまり大きな変化はございませんでした。23区平均は、令和６年度で12.2％、全国平均でも13.9％であります。23区平均の2.5倍以上の投資的経費を使っていることになります。人口減少に直面した本区が、積極的な再開発事業の旗振りをして人口を回復に導いたことは、積極的な財政政策として高く評価いたしております。しかし、長期にわたり投資的経費が一定割合を占め続けることによる弊害にもフォーカスする必要があると思います。

民間主導の再開発事業が主であるとはいえ、人口増加に付随する公共インフラの整備、区民施設、特別出張所、図書館など、整備した事業には今後これらの維持管理にも大きな費用が発生してまいります。今後の予算編成の柔軟性が失われるのではないかという懸念を持っております。

投資的経費をせめて23区平均の２倍程度まで縮減すれば、区民への給付金、中央区独自の奨学金制度の創設、区内共通買物・食事券のプレミアム率のアップや発行数の増加、敬老事業での買物・食事券の支給金額の増加、生活困窮者への独自手当の発行、国保の法定外繰入れの実行など、今以上に財政の自由度は上がり、光を当てるべき区民への支援を行うことができます。来年度予算要望書に記載した点をぜひ今後の予算編成に生かしていただきたいと思います。

本決算の検討を慎重に行いましたが、防災カタログギフトを通した防災必需品の全区民への配布の試みなど、評価できる点も数多くありますが、日本橋中学校の建て替え関連決算に関して不承認であることから、中央区議会れいわ新選組は本決算の認定に反対いたします。

次に、３特別会計について意見表明をします。

国民健康保険事業会計につきましては、国保料が高過ぎるとの区民の訴えに真摯に向き合うべきと考えます。国の主張どおり、取立ての強化や法定外繰入れの禁止などの方針では、保険料未納者、保険料滞納者を増やす結果になり、持続可能性がありません。中央区として、区民と向き合い、決断すべきときです。

介護保険事業会計について、国による介護保険制度の脆弱化が進み、訪問介護報酬の削減など、問題です。自治体の裁量に委ねた総合事業などは、まさに介護保険の制度的意義を骨抜きにするものであると考えます。介護が必要になっても安心して住み続けられる中央区が今こそ必要であり、高過ぎる保険料を補塡する公費の投入が必要です。今後、人口増加とともに増大する介護ニーズに対応するためにも、介護職員の確保や介護事業所の支援は必須と思われます。

後期高齢者医療会計について、そもそも75歳以上の高齢者のみを一くくりにする保険制度は保険として成り立ちにくく、公費負担を75％にするのであれば整合性もありますが、公費負担は50％のまま現役世代の負担を際限なく増やす現行の仕組みは、持続可能性が低いと言わざるを得ません。窓口応能負担が導入され、保険料負担と併せて所得の低い高齢者や中間層を直撃しています。制度の抜本的見直しが必要であります。

以上の論点により、３特別会計決算承認についても反対をいたします。

以上、中央区議会れいわ新選組として、令和６年度中央区各会計歳入歳出決算に対する態度表明といたします。",2025,2025/10/09,決算特別委員会,議員
,令和7年　決算特別委員会(第3日　9月30日),早川防災危機管理室長,山本理恵,"令和６年度予算の執行率62.5％といった件でございますが、若干補足させていただきますと、ちゅうおう防災カタログギフトの事業が令和６年度から令和７年度に繰越しをしておりまして、こちらは６億7,400万円余を繰越しさせていただいております。ですので、こちらの部分がなかったと仮定した場合には、執行率が大体93％弱になるものでございますので、決して執行率が低いものではございません。

以上でございます。",2025,2025/09/30,決算特別委員会,理事者
,令和7年　決算特別委員会(第3日　9月30日),早川防災危機管理室長,川畑善智,"エレベーター防災キャビネットの配布実績でございます。

直近、７月末現在で、マンションの棟数といたしましては515棟、そしてキャビネットの台数といたしましては770台ということでございます。それぞれチェアタイプですとか、コーナータイプの内訳はございますが、マンション種別でいいますと、分譲がそのうちの約８割で、残りは賃貸マンションというふうになってございます。

以上でございます。",2025,2025/09/30,決算特別委員会,理事者
,令和7年　決算特別委員会(第3日　9月30日),早川防災危機管理室長,川畑善智,"エレベーター防災キャビネットの無料配布事業でございますが、こちらは、申込期間として、令和６年９月17日から実施をいたしまして、本年の12月26日までを期限としておりまして、12月に最終の区の広報を出す予定でございます。

以上でございます。",2025,2025/09/30,決算特別委員会,理事者
,令和7年　決算特別委員会(第9日　10月8日),早川防災危機管理室長,永井佳代,"ただいまの答弁に若干補足いたしますが、防災拠点運営委員会ですとか防災区民組織におきまして、災害時地域たすけあい名簿を基にした訓練等が今行われております。これはまさにデジタルデバイド対策といいますか、フェイス・トゥ・フェイスでの対応ということになってございまして、こうした取組というものもしっかりと我々力を入れて、今後とも取り組んでまいりたいと考えております。

以上でございます。",2025,2025/10/08,決算特別委員会,理事者
,令和7年　決算特別委員会(第9日　10月8日),早川防災危機管理室長,田中広一,"私からは、阪神・淡路大震災等、大震災を踏まえたこれまでの防災対策といいますか、そうしたことを答弁させていただきます。平成７年１月でしたか、阪神・淡路大震災が発生しまして、このときは平日の早朝ということで、本当に冬のさなかに発災いたしました。本区では、当時まだ防災拠点運営委員会というものはございませんで、学校長をトップとする避難所運営委員会というものはございましたが、それぞれの学校ごとに避難所という考え方がございました。阪神・淡路大震災では、まだそうしたオペレーションが確立されておりませんで、被災したら学校が避難所だということで、地域の住民は学校に避難した、そして、割と元気な方が非常にいい場所を取ってしまって、高齢者ですとか配慮が必要な方というのは廊下の隅に追いやられたといった教訓があったと記憶してございます。

そうしたことがあってはならないということで、本区も平成11年頃から段階的に防災拠点運営委員会を設置しまして、拠点ごとのしっかりとした避難所の開設運営、これが地域の方、また区の職員、学校関係者、防災関係機関とともに運営できるようにということで取り組んでまいりました。まず、これが大きな流れでございます。

そういう中で平成10年以降、タワーマンションを含めて、非常に多くのマンションというものが建設されまして、防災対策が非常に重要であるということで、高層住宅防災対策検討委員会というものを設置いたしまして、それぞれのマンションごとに自立した被災生活が送れるようにということで、学識経験者を含めた提言をいただきまして、マンションごとのマニュアルづくりですとか防災体制づくり、そして訓練を定期的に行う、このような提言をいただきましたので、我々区といたしましても、それに沿って、マンションごとのマニュアルづくりなどにも取り組んできたところでございます。

また、東日本大震災におきましては、発災が非常に遠方であったということでございますが、被害が広範囲にわたりまして、また、津波による被害も大変多うございました。東京は、足立区で最大震度５強だったんですけれども、鉄道、公共交通機関が止まりまして、多くの帰宅困難者が発生したといったところで、そのときにはまだ建物内にとどまるといった、むやみに移動を開始しないというようなことが十分に行き渡っておりませんでしたので、どうしても何とか歩いて帰宅してしまおうというような行動を起こした方も多うございました。

そうしたことから、これではいけないということで、翌年に準備会を開きまして、平成24年に帰宅困難者支援施設運営協議会というものを設置し、大規模な開発等で整備されました帰宅困難者支援一時滞在施設、こうしたものを民間事業者とともに開設、運営できるような組織をつくってきたところでございます。

また、それ以降、能登半島地震でも、道路、交通機関、ライフラインの途絶等で物流がままならないといった教訓もございましたので、補正予算を計上しまして、ちゅうおう防災カタログギフト事業などを行いまして、自助の取組強化、家庭内備蓄をしっかりしていただこうということで、昨年度の６月補正で事業を実施したところでございます。こちらにつきましては、防災危機管理費が当初予算で４億6,000万円ほどでしたが、その２倍以上の金額を投じまして実施いたしまして、区政世論調査の結果からもかなり備蓄が進んだという結果も出ておりますので、成果はあったのではないかなと考えてございます。こうした自助の取組というものは非常に大切でございますので、今後とも普及啓発をしっかりとしながら、例えば９月の防災月間ですとか、そうした機会を捉えまして、しっかりと周知を図っていきたいと考えてございます。

また、エレベーターチェアの件も言及がありましたが、こちらは12月26日まで実施しておりますが、マンション管理組合ですとか居住者の方から手が挙がるマンションもあるんですけれども、十分に周知が行き渡ってないというところがございますので、12月１日号の区のおしらせ等で再度周知を図るとともに、どういったニーズがあるのかということも、事業実施前にしっかりとリサーチしながら取り組んでいきたいと考えてございます。

以上でございます。",2025,2025/10/08,決算特別委員会,理事者
,令和7年　決算特別委員会(第7日　10月6日),村上教育センター所長,竹内幸美,"幼稚園の入園に当たっての外国語のお子様への対応ということでございます。

まず、幼稚園入園に当たっては、幼稚園に御相談いただいたり、また学務課のほうに御相談いただいて、日本語通訳のサービスを利用して御案内という形にさせていただいているところでございます。ただ、小・中学校のように語学指導のような形で入れていないのは、やはり子供同士のつながりの中で自然と日本語を学んでいくという部分がございます。あとは、やはり担任以外にも、特別支援教育補佐員等を含め、幼稚園は大人のサポート体制もかなり整っております。そこにまた、例えば通訳とか語学指導という形で入ってしまうと、やはり子供たち同士のつながりではなく、大人を介してしまう部分もありますので、幼稚園につきましては、そういう対応をしています。ただ、保護者の方については、そうはいきませんので、区のそういうサービスの御案内等をさせていただきながら対応させていただいている状況でございます。",2025,2025/10/06,決算特別委員会,理事者
,令和7年　決算特別委員会(第7日　10月6日),村上教育センター所長,竹内幸美,"令和６年度、教育センターも６階に移動して、複合型の保健福祉との連携という部分でございます。特に、子ども発達支援センターとは、育ちのサポートカルテについては、小・中学校のほうでは個別の教育支援計画を用意しておりますが、育ちのサポートカルテを幼少期から継続してやっているお子さんについては、学校で改めて個別の教育支援計画をつくる必要はありません、育ちのサポートカルテをそのまま使いましょうということで、小・中学校、幼稚園も含めて対応させていただいているところでございます。

また、就学相談の中で、ゆりのきから紹介を受けて来ましたという保護者の方も年々増えている状況でございます。そういったときには、ゆりのきでの様子等を紹介いただきながら、ぶつっと切れるわけではありませんので、ゆりのきはゆりのき、教育センターは教育センターではありませんので、教育センターで就学相談に乗る中で、ゆりのきでの状況を情報提供いただきながら、それを書類でも頂きますし、職員との会話の中でもいただいたりということで、連携を図らせていただいています。一体型ですぐに何でも相談できるという部分は、一体型の大きなメリットではないかと考えております。

以上です。",2025,2025/10/06,決算特別委員会,理事者
,令和7年　決算特別委員会(第7日　10月6日),村上教育センター所長,竹内幸美,"今、点検・評価の御紹介がありましたけれども、やはり教育センターとしては、従前より人的という部分で、メンタルサポーターは大学生が話し相手になったり、一緒に登校して学校に預けていくというような支援もありました。また、スクールソーシャルワーカーにつきましては、令和４、５、６年度に増員を１名ずつしておりまして、現在は４名の体制で対応をさせていただいているところでございます。冒頭に委員から御説明がありました別室の部分でございます。御紹介もありましたけれども、小学校のほうにも少しずつ拡大をしているところでございますが、やはり別室があることによって、学校にこれまで来られなかったお子さんが学校とよりつながることができたりですとか、これは前にも申し上げましたけれども、給食を食べにでもおいでよと声をかけて、学校につながるケース等々も増えているところでございます。そういった形で、人的な部分だけではなく、環境の部分も整えながら、多様な居場所をつくっていくことが、今、いろいろなお子さんが学校に来るか来ないかだけではなく、来たり来なかったり休んだりと多種多様なお子さんがいますので、そういった子供たちに対応できるような形で、今、準備を進めさせていただいているところでございます。

以上です。",2025,2025/10/06,決算特別委員会,理事者
,令和7年　決算特別委員会(第7日　10月6日),村上教育センター所長,竹内幸美,"バーチャル・ラーニング・プラットフォーム、ＶＬＰについて現状をお伝えさせていただきます。

９月１日からスタートさせていただきました。現在のところ、保護者からの申請が３名ございまして、アカウントの配布もその３名にさせていただきました。９月中に早速２名のお子さんのアクセスがあったような状況です。バーチャル・ラーニング・プラットフォームの最大のメリットは、顔を見せなくても、もちろん顔を見せることもできますけれども、自分の分身という形で誰かとしっかりつながっていくという部分で、今は適応教室の中におります心理士がメインに対応させていただいております。指導員であり、専門員が順番に、今、まだチャットでのやり取りという形ではありますが、つながる場所をつくっています。そちらについては、スクールソーシャルワーカーが中心になって家庭訪問をしたりする中で、このお子さんが一番どうだろうかというような形で、無理強いするような形ではなくて、こういうものもあるけれども、どうかなということで誘っているという部分で、今後、いろいろな居場所づくりの一つになり得る部分はあるのかなと。まだ開始して１か月ですが、現状としてはそういう状況です。

以上です。",2025,2025/10/06,決算特別委員会,理事者
,令和7年　決算特別委員会(第7日　10月6日),村上教育センター所長,竹内幸美,"令和６年度の取組でございますけれども、語学指導員の配置を最優先に行っているところでございます。語学指導が必要なお子さんの推移でいいますと、令和５年度は年間で82名の対象、これは小・中学生を含めてでございましたが、令和６年度はこれが145名という形で、1.77倍にかなり急増している状況です。そういったところで、語学指導員を40時間、それでまだ難しい場合はプラスの20時間という形で配置をさせていただいているところでございます。先ほど委員からもお話があったように、こちらは語学のみならず、日本の文化や習慣等も身につけられるように取出しをして、しっかりと対面で向かい合って取組を進めているところでございます。こちらを踏まえて、７年度ということでポケトークというものを小・中学校には導入させていただき、やはり授業のときであったりですとか、日頃の会話が語学指導員だけではなかなか難しいという現状もありますので、そういったＡＩの翻訳機器を導入させていただき、活用させていただいているところでございます。

なお、やはり晴海西小学校が一番多い人数でございまして、今年度現在でいいますと、８月末までで71名の派遣を子供たちにしているんですけれども、晴海西小・中だけで22名という形で、約３分の１が晴海西小・中に、そういった状況だということも併せてお伝えさせていただきます。

以上です。",2025,2025/10/06,決算特別委員会,理事者
,令和7年　決算特別委員会(第7日　10月6日),村上教育センター所長,竹内幸美,"今年度より導入したポケトークは、もちろん、人数の多い学校には多く配備をさせていただいておりますが、やはりかなりの稼働率だというふうに聞いております。それはどちらかというと、お話ししたことがすぐ相互通訳という形がありますけれども、ただ、授業の中でそれを活用というよりは、先生と本人という形になっていますが、今までの語学指導プラスこのポケトークの活用によって、やり取りがかなりスムーズになったという部分はあります。また、今後の予定につきましては、まだ本当にいろいろなやり取りをしている段階ではありますけれども、やはり授業の中で先生がお話ししたことを子供たちがリアルに見られる環境が整えられないかどうかというあたりを、教育委員会としてもしっかり検討していかなければならないと現時点では考えているところでございます。

以上です。",2025,2025/10/06,決算特別委員会,理事者
,令和7年　決算特別委員会(第7日　10月6日),村上教育センター所長,小坂和輝,"私から、１点目の長期欠席者の病気とその他についてお答えさせていただきます。

病気については、これといった何か特に大きな病気があるというわけではありませんで、よく我々どもが聞いているのは、起立性調節障害というお子さんが多いというふうには小・中学校からは上がってきております。ただ、それ以外は様々な病気という部分がありますので、一概にこれというのはありません。そのほかにつきましては、主なものとしましては、やはり小学校６年生が受験等で学校を欠席する部分であったり、海外に移住して、籍はまだあるけれども、海外で一時的に保護者について行くというケースが多いというふうに報告を受けております。

以上です。",2025,2025/10/06,決算特別委員会,理事者
,令和7年　決算特別委員会(第7日　10月6日),村上教育センター所長,小坂和輝,"私からは、インクルーシブ教育についてお答えさせていただきます。

障害の有無にかかわらず、全ての子供たちが一緒に学べる環境づくりという部分でございます。そのため、学校では、人員の配置であったり、合理的配慮を提供させていただいたり、特別支援学級との交流、共同学習、また特別支援学校との副籍交流等を実施させていただいております。ただ、インクルーシブ教育ということで、全員が本当は同じ場で学べると一番いいんですけれども、本区におきましても、特別支援学級であったり、特別支援学校へ進学するお子さんが、ここ５年間で見ましても、特別支援学級は1.5倍、特別支援学校は２倍ということで、やはりそういった環境で子供に合ったところで学ばせたいという保護者のニーズも一方であるのも事実でございます。そういった部分では、教育委員会としましては、自分が学びたいところで学べるように、できるだけ環境を整えていく。そのためには、やはり教員の指導力向上も欠かせませんので、現在の一番の課題としては、そのあたりの教員の専門性向上という部分をしっかりと確認させていただき、実施させていただければと思っているところでございます。

私からは以上です。",2025,2025/10/06,決算特別委員会,理事者
,令和7年　決算特別委員会(第7日　10月6日),村上教育センター所長,小坂和輝,"ＡＩの活用を教育支援計画にということでございますが、現在のところは、紙とデジタルでつくっておりますので、教員が子供の状況をしっかり聞いて、やはり教員がやっていく部分ではないかなと今のところは思っています。ただ、今後検討はしていかなければいけないのかなとは思っています。

あと、個別の教育支援計画、デジタル化ということで、紙とデジタルという部分がありましたが、前も述べさせていただいたとおり、デジタルでつくっています。紙でお子さん一人一人のファイルをつくって保管をしているんです。それですぐに手に取って見るというのは、やはり紙でないとという部分があります。もちろん、デジタルでつくっているので、共有もできるという部分はお伝えさせていただきます。

私からは以上です。",2025,2025/10/06,決算特別委員会,理事者
,令和7年　決算特別委員会(第7日　10月6日),村上教育センター所長,永井佳代,"スクールカウンセラーは、今、幼稚園、小・中学校に区のスクールカウンセラー、あと東京都のスクールカウンセラーを小・中学校に配置させていただいております。御質問にあった早期の介入という部分でございますけれども、特に小学校１年生に関しましては、個別の面談というよりも、教室での適応の状況を、訪問させていただいた際にはしっかりと、特に１年生は教室の見回りを順番にさせていただいております。また、保護者にもスクールカウンセラーの存在をしっかりと明らかにし、いずれもどこでも相談に乗れるよという体制を組んでいます。また、本区は学校のカウンセラーと教育センターでの教育相談の担当者が兼ねておりますので、区への相談と、また学校との連携という部分で、できるだけ早期にキャッチする仕組みを整えているところでございます。

以上です。",2025,2025/10/06,決算特別委員会,理事者
,令和7年　決算特別委員会(第7日　10月6日),村上教育センター所長,永井佳代,"学校間の接続という御質問だと思います。

特に、小学校から中学校につきましては、区立小・中学校でございますので、特に小学校６年生から中学校に上がる際は、小中連携という形で、小学校と中学校の教員が必ず打合せをする時間、また、クラス編制等、あと家庭環境であったり、本人の特性等の理解をしっかりするという部分で連携を図っているところでございます。また、小中連携の中では、当然ながら、中学校進学後、小学校の先生方が小中連携日には中学校を訪問させていただき、子供たちが順応できているかどうか、また、不登校ぎみであったお子さんがどのような形で中学校と連携を図っているのかというあたりを説明させていただいているところでございます。

次に、中学校から高校の部分でございますけれども、こちらも同じく、中学校から高等学校、また、いろいろな通信制であったり、定時制もありますけれども、子供たちの情報をしっかりと申し送りはさせていただいているところでございます。その中で、やはり高等学校等のほうから、子供たちの状況で何か気になるようなことであったり、家庭のことであったり、本人の持っているものであったりというのは、当然ながら、情報共有させていただいたり、申し送りで足りない部分を補足させていただいたりというところでフォローはさせていただいている状況でございます。

私からは以上です。",2025,2025/10/06,決算特別委員会,理事者
,令和7年　決算特別委員会(第7日　10月6日),村上教育センター所長,永井佳代,"わくわく21での支援という部分でございますけれども、中学校、小学校の元教員が指導員として、また、それ以外にもサポートしていただく者を雇っております。そちらで様々な活動であったり、自主的な勉強会、またオンラインでの自宅からの参加という取組も行っているほか、民間の学習塾と連携した個別の学習指導も行っているところです。また、心理職を配置しておりますので、心の相談にも乗っている状況です。できるだけ学校に通っている子供たちと同じような環境で学べる状況をつくっていくことが、子供たちの学びを止めないという部分であると思っております。

なお、学習での取組のほか、活動等は必ず学校長に毎月月次報告という形で学校に報告し、それを確認し、学校長は出席という判断をしていただいているところでございます。

また、ＶＬＰのお話もございましたけれども、ＶＬＰの中での学習という部分もできる環境が、学習ドリル等を使って、また、そのログが残る仕組みもありますので、そういったものを、今後、活用が進んでいく中で学校のほうにまた提供し、こちらについても出欠の部分につなげていきたいと思っています。また、学校内外でのという部分でございますが、やはり学校外で取り組んでいる部分については、なかなか学校の教員が見にくい。特に、フリースクールでの学びは、どのような学習をしているのか、そういったあたりを学校長がやはりフリースクールと連携しながら学習内容を把握し、成績に正しく反映できるような取組も現在進めているところでございます。

いずれにいたしましても、多様な居場所づくりをしっかり今後も進めていくとともに、連携を図りながら、子供たちの学びを止めない取組を進めていきたいと思っております。

私からは以上です。",2025,2025/10/06,決算特別委員会,理事者
,令和7年　決算特別委員会(第7日　10月6日),村上教育センター所長,田中広一,"教育センターに設置をいたしました学校図書館支援センターについてでございます。

今、委員からお話がありましたように、やはり学校図書館は知の殿堂といいましょうか、本当に大事な部分でございます。これまでは、学校図書館指導員が配置はされておりましたけれども、週２日程度、１日５時間ということで、空いていない時間が圧倒的に多かった状況があります。そういった状況の中で、やはり学校図書館を核にして読書活動を活性化していこうということで、昨年度から準備をしたところでございます。とは申しましても、やはり学校それぞれで環境も異なりますし、取組の仕方も異なっておりました。そういったことから、昨年度は、まず全ての図書館をしっかり一校一校回りながら現状把握と、どういった課題があるのかといったあたりを、教育センターの職員であったり、また６年度に委託を行いました業者と順番に回って把握に努めたところでございます。また、既存の学校図書館指導員もおりますので、今まで10年、20年やってこられた方もおりますから、どういった形で取組を進めてこられたのか、また今年度は学校図書館指導員と情報共有しながら、現在、進めているところでございますので、そういった方たちとの連携も図って準備を進めてきたところでございます。

今年度、設置後の状況についてでございますけれども、まず、図書館の開館時間が増えたことで利用人数も増加するとともに、貸出しの冊数も、具体的な数字で申しますと、これは５校でございますけれども、１学期間の貸出しの冊数は前年度の２倍になっております。また、大きいのは、司書さんがいつでもいますから、ちょっとこういうことで相談がしたいんだけれども、どうしたらいいだろうかとか、国語の学習でこういうものを探しているんですけれども、ありますかですとか、そういった形でのコミュニケーションを通じながら図書の世界を広げていくという部分が大きいかなと思っています。また、中学校ですので、自主的な活動ということで、どの学校でも図書委員会の活動がありますけれども、図書委員会の活動をより活性化、先ほどのビブリオバトルという部分もありましたが、それ以外にも、例えば子供たちが自分で本を紹介するような活動をやっていったりですとか、投票をして、どの本が一番面白いかとか、そういった委員会の自主的な活動のサポートにも当たっております。また、教科で指導を行う先生方にとってやはり大きな存在でございまして、例えば音楽の教員とか体育の教員が学校図書館をどう使えばいいのかとか、そういった技術教科の教員も、こういった使い方がありますよというようなレファレンスを行ったりもしております。また、放課後の子供の居場所づくりの一つにもなっておりまして、テスト前になると、放課後、図書館で学習をしたいというようなお子さんのフォローもしていただいているところでございます。まだ始まったばかりではありますけれども、学校図書館の活性化の一役を担っている存在ではないかと考えております。

私からは以上です。",2025,2025/10/06,決算特別委員会,理事者
,令和7年　決算特別委員会(第7日　10月6日),村上教育センター所長,田中広一,"本が苦手なお子さんへの対応ということでございます。

やはり何よりも、できる限り本に触れる機会を増やす。本来であれば、幼少期からそういった機会を増やしていくことがいいと思いますが、現時点で中学生ということで、図書委員が先ほど啓発するような活動と言っておりましたけれども、ビブリオバトルなどは、どういう本なのかと興味をそそる、とてもいい取組だと思っております。現状は学年を絞った取組等を行って、ビブリオバトルも行っている部分もございますので、全校、全学年で、例えばそういった取組を行うですとか、図書室を活用した、先ほど図書室での授業というのがありましたけれども、ある学校でも、全ての教員が図書室を使った何らかの学習、教科、取組を考えてみなさいということで校長から指示がありまして、必死に頭を使って考えていたりですとか、あとはお便り等々で本の紹介であったり、本の面白さを伝えていく。ですので、やはり環境をできる限り整えていくということが、まず何よりも大切ではないかなと考えております。

私からは以上です。",2025,2025/10/06,決算特別委員会,理事者
,令和7年　決算特別委員会(第7日　10月6日),村上教育センター所長,奥村暁子,"前回の第４次子ども読書推進計画の際に取ったアンケートの数字を委員はおっしゃったと思います。実際、今年度、学校図書館支援センターを設置して、図書の貸出しは増えたけれども、実際、子供たちがどこまで本に親しむ状況になったか、そのあたりはまだ結果というか、アンケート等は取っておりません。ただ、学校司書さんや図書委員が工夫しながら、新刊、話題の本のコーナーを設けたり、お薦めの本の紹介を盛んに行うことによって、それが図書の貸出しにつながっているのではないかなと、今はそういう状況でございます。また、今後、そういったアンケート等の結果については、分かり次第お示ししたいと思います。

私からは以上です。",2025,2025/10/06,決算特別委員会,理事者
,令和7年　決算特別委員会(第7日　10月6日),村上教育センター所長,川畑善智,"電話相談、来所相談でございますけれども、いずれも教育相談で月曜日から土曜日で相談を承っております。その際、担当した職員が継続的に、例えば、また来週も行いましょうかとか、中には月２回お願いしますという場合もあります。そういった形で継続的に相談に乗る場合もあります。特に、電話の場合は匿名の電話もございますので、そのまま終了する場合もあれば、来所につながる場合もあります。また、本区の特徴としましては、教育相談の専任教育相談員は学校・幼稚園のカウンセラーも兼ねておりますので、場合によっては学校・幼稚園のカウンセラーにつないで、そのカウンセラーが学校で相談を継続する場合もありますので、来所を継続する場合もあれば、学校・幼稚園で継続的な、そういった体制を取っているところでございます。

以上です。",2025,2025/10/06,決算特別委員会,理事者
,令和7年　決算特別委員会(第8日　10月7日),村上教育センター所長,小坂和輝,"就学相談で区が大切にしていることについて述べさせていただきます。

まず、児童・生徒が最もふさわしい教育を行うことができるかどうかという視点、子供の視点が何より重要ではないかなと思っております。ただ、小学校の就学においては、未就学でございますので、保護者の御意向という部分も大切になってまいります。ですので、様々な情報をしっかりと提供させていただく。通常の学級もあれば、特別支援学級、また特別支援学校、いろいろな校種もございますので、いろいろなメリット、デメリットはあまりないですけれども、こういったメリットがありますよということを提供させていただき、お子様のニーズにどういったところが一番合うのかということで、最終的なフィードバックをさせていただきます。ただ、そのフィードバックも、これが絶対いいということではありません。あくまでも、お子様が将来自立した生活を送っていくために、お子さんと相談しながら最終的には判断いただく。そういったものを総合的に判断し、最終決定をさせていただければと考えております。

以上です。",2025,2025/10/07,決算特別委員会,理事者
,令和7年　決算特別委員会(第8日　10月7日),村上教育センター所長,小坂和輝,"私から、病院で入院中に学びたいというお子さんについてでございます。

これは、いろいろな形がございますけれども、一時的に短期の入院でございました場合は、学校に在籍したままオンライン等で授業を受けるといった形を取ることも可能となっております。

また、実際の事例といたしましては、長期の入院が必要な場合は、一旦、病気のほうの特別支援学校に行きますと、その特別支援学校からお医者さんを訪問したり、あとは院内学級がもし設置されているような場合は、そちらの中で学習に取り組むといったこともあります。ですので、お子さんの病気の程度とか入院の期間によって学習の保障の在り方という部分は変わってきますので、もし短期の場合であれば、そういった形で学校とオンラインでつないで、在籍したままといった形も大丈夫かと思っております。

あともう一つ、不登校のお子さんで給食という部分でございますが、これは過去にも答弁をさせていただいている部分ではありますけれども、今、学校で給食を作っている部分はありますので、例えば別室とかで、学校には来られないけれども、そういった部屋に来られるお子さんに関してはそういった提供もさせていただいている部分はあるかと思いますけれども、今の段階ではそういう給食の提供というのは難しいのかなと考えているところです。

私からは以上です。",2025,2025/10/07,決算特別委員会,理事者
,令和7年　決算特別委員会(第9日　10月8日),村上教育センター所長,山本理恵,"不登校のお子さんの健康診断の状況でございます。不登校のお子さんは、学校医が健康診断で来た日、なかなか参加できないというお子さんはいます。そういった場合は、１つは、自分の学年ではない日、健康診断も１日で全ての児童・生徒を行うわけではありませんで、基本的には学年ごとに曜日を決めてやっていますので、例えば違う学年のところを御案内したり、あとは健康診断の一番先頭、まだ始まる前に、先にやってみる？という形で声をかけたり、逆に、全員が終わった後に声をかけてという形で、声をかけるというのは事前にお子さんにどうするか、御家庭に連絡をして、個々の状況に合わせてそういう案内もしています。

ただ、やはり学校にはなかなか来れないというお子さんもおりますので、そういった場合は、健康診断未受診という形になりますので、学校医であったり、またかかりつけ医のところに行って受けることもできるように、学校からお手紙をお渡しして、そういった形の御案内も併せて行っているところでございます。健康診断以外の身体計測等は養護教諭がいつでもできる体制は整えておりますので、そういった形で可能な限り、一部、それでもというお子さんはおりますけれども、可能な限り受診できるように御案内をさせていただいている状況でございます。

私からは以上です。",2025,2025/10/08,決算特別委員会,理事者
,令和7年　決算特別委員会(第10日　10月9日),村上教育センター所長,奥村暁子,"不登校児童・生徒の見守り支援という部分でございます。

現在行っておりますのは、メンタルサポーターという仕組みがございまして、基本的には大学生なんですけれども、登校支援。家庭訪問をして、そこでお話をして、学校へ送っていく。学校へ送っていくだけではなくて、別室で少し話し相手になって、場合によっては教室に送り出すこともあれば、そこでお話だけして、また下校する。そういった部分のメンタルサポーターの取組を現在、教育委員会としては行っている。

以上でございます。",2025,2025/10/09,決算特別委員会,理事者
,令和7年　決算特別委員会(第10日　10月9日),村上教育センター所長,奥村暁子,"メンタルサポーターの派遣状況についてお伝えいたしますが、昨年度、令和６年度は小学生が14名、中学生が２名という形で派遣をさせていただいております。

利用の状況での反応でございますが、小中学生と年齢が近い大学生ということで、非常に親近感といいましょうか、そういった形で話がしやすいという部分で好評をいただいているところです。ただ、派遣に当たって、女の子であれば女性であったりとか、そういうあたりで登録の段階で面談をさせていただいて、このお子さんであればどの学生さんが合うかなという形で、初回には必ず職員も同行して話をして、では開始しましょうということで、基本的には週に１回の御利用という形で、家庭への派遣もそうですけれども、学校に直接派遣する場合もあれば、適応教室に来ているお子さんの派遣という、いろいろな形でのニーズを捉えながらやっているところでございます。

ですので、保護者からは継続して支援をお願いしたいということで、多くのお声を現在のところはいただいているといった状況でございます。

私からは以上です。",2025,2025/10/09,決算特別委員会,理事者
,令和7年　決算特別委員会(第10日　10月9日),村上教育センター所長,奥村暁子,"メンタルサポーターの拡充についての御質問でございますが、一つは、メンタルサポーターを利用されるお子さんは、不登校というよりかは、どちらかというと行き渋りがあるお子さんがメインでございまして、不登校のお子さんの場合はなかなか学校に行くことが難しいので、基本的には不登校に限って言いますと、スクールソーシャルワーカーが主に家庭訪問をさせていただいて、場合によっては学校に一緒に行く。そういったことは別に週１回に限らず、御要請に応じて、お子さんのところに訪問させていただいております。

メンタルサポーターは、大学生ですので、週１回程度であれば大学の受講が可能ですので、広く聖路加国際大学を含め、いろいろな区内のみならず多くの大学に呼びかけをして登録は今していただいている状況ですので、御家庭からの御要請があれば、基本的には派遣している状況です。なので、要請があるのに派遣できないといった状況はありません。ですので、不登校のお子さんに関しては、メンタルサポーターとスクールソーシャルワーカーが連携しながら登校支援に当たっているという状況でございます。

私からは以上です。",2025,2025/10/09,決算特別委員会,理事者
,令和7年　決算特別委員会(第5日　10月2日),大熊月島保健センター所長,山本理恵,"月島保健センターと晴海保健センターの運営状況について、私のほうから回答いたします。

昨年４月に晴海保健センターが開設した影響によりまして、月島保健センターにつきましては、管轄区域が減ったというところで、やはり健診ですとか、もろもろの事業の参加者数は減少しているところです。ただ、月島地域ですけれども、まだ月島三丁目とかにもこれから大規模マンションが建つというところで、徐々にまた今後も人数が増えていくかなと予想しております。月島保健センターは施設的にはスペースがあまり広くないですけれども、今後もうまく工夫をしながら、健診などの事業を実施していきたいというふうに考えているところです。

また、晴海保健センターにつきましては、晴海地域、ＨＡＲＵＭＩ　ＦＬＡＧ、先ほども申しましたけれども、まだまだこれからも、晴海につきましても人口が増えていくというところで、今はまだ余裕があるところですけれども、今後も増えていくというところですので、受入れの体制をしっかり整えていきたいというふうに考えているところです。

月島と晴海、大きな特色というところはあまりないですけれども、それぞれ地域ごとに多少は人口の割合とか年齢層の割合とか、そういったところが違いますので、きめ細かい支援ができるように、引き続き取り組んでいきたいというふうに考えております。

以上です。",2025,2025/10/02,決算特別委員会,理事者
,令和7年　決算特別委員会(第5日　10月2日),大熊晴海保健センター所長,田中広一,"昨年４月に晴海保健センターが開設いたしまして、ＨＡＲＵＭＩＦＬＡＧには様々、若い方を中心に入居が始まっておりまして、やはり相談に来られる方も増えております。特に、ＨＡＲＵＭＩＦＬＡＧには母子、子育て世帯が多いというところで、相談件数も多いところではあるんですけれども、子育てに不安があるですとか、出産に不安があるという方の相談がやはり多い現状になっております。また、外国人の方も晴海地区にはすごく多くて、あまり日本語をしゃべれない方も相談に来られることが結構多いというところで、対応になかなか苦労しているところではあるんですけれども、通訳などを入れながら丁寧に支援をしているところでございます。今後もまた、晴海地区はどんどん人口が増えていきますので、その辺は丁寧に支援をしていくように取り組んでまいりたいと考えております。

以上でございます。",2025,2025/10/02,決算特別委員会,理事者
,令和7年　決算特別委員会(第2日　9月29日),竹内委員,竹内幸美,"それでは、決算特別委員会トップバッターとして、歳入の質問を行っていきたいと思います。

令和６年を振り返りますと、元日に襲った能登半島地震で、本当に災害が時と場所を選ばず襲いかかるという不安と恐怖を誰もが心に抱いたと思います。本区にとっては、変化も多い年でした。年明けからＨＡＲＵＭＩ　ＦＬＡＧの入居が始まり、当初の想定よりも速いスピードで、新しいまちの行政需要が高まる年でもありました。新たなコミュニティに対しても、能登半島地震を受けて、災害時の対策の普及啓発にはかなりの御尽力をいただいていたと思います。また、築地の跡地再開発の事業者の決定、それに寄せられるまちの期待、住宅地だけではない本区の特徴的な環境の中で、区民の防災対策への積極的な意識啓発や物価高騰対策、新たな取組としては、晴海まつりの開催など、区民や区内事業者を取り巻く環境の変化に応じて、柔軟で健全な財政運営にお取り組みいただいてきたことを大変評価しております。

「人がつながり　まちもつながる　安全安心なまちを目指して」と題して編成された令和６年の一般会計当初予算、３年ぶりの減でありました。当初予算1,336億円に対して、歳入決算額が約1,427億円となっております。歳入に対しては、やはり様々な角度での表し方がありますが、経常収支比率とか、健全化法４指標とか、そういったものの中でも弾力性のある財政運営を行っていただいています。令和６年は、今までにない変化、人口が急速に増加する状況がありましたから、そういったものも想定しながら予算を組まれたことと思います。

当初予算編成のときから歳入決算額への変化という部分、ここ数年を比較して、どのような特徴があったかお示しいただきたいと思います。",2025,2025/09/29,決算特別委員会,議員
,令和7年　決算特別委員会(第2日　9月29日),竹内委員,竹内幸美,"ありがとうございます。

やはり人口増加が大きな原因であったり、ＨＡＲＵＭＩ　ＦＬＡＧに対して行政需要を踏まえて準備をしてきた。教育施設であったり、出張所であったり、そういった必要な機能への準備でかさんだ令和５年度と比べて、令和６年度は落ち着いたというお話もありました。ここのところの歳入歳出決算額を見ていましても、いろいろな条件は重なっていると思いますが、令和５年に突出していたものが、やや平均的な部分に戻ってきているというような感覚も受け止めております。そして、様々な状況の中で基金の取崩しを防ぐことができた。ある意味、74億円の確保ができているというようなものもあったかと思います。想定されていなかった事情の中で歳入が年々増えていく状況は、依然としてまだ続いていくのかなという部分がありますが、そこについても状況を見ながら、きちんと予算等を組んでいただきたいと思います。

次に、人口増加による歳入の影響の部分についてお伺いします。

歳入の大きな部分であります特別区民税というもの、定額減税の影響があったとはいっても、そのもの自体は上振れをしている状況が続いています。今年の第一回定例会の際に、特別区民税の所得割課税標準段階別調の数字を用いて、200万円以下、700万円以下、700万円超の３つの段階の変化について、本区の人口が一番少なかった平成９年と、当時、令和５年、今年ですから、令和５年の状況が出ておりましたので、そこの比較をして、財政運営についての質問をいたしました。最新の数字は、200万円以下が30.1％、700万以下が46.9％、700万円超が23％ということをお伺いしまして、平成９年から比較しますと、200万以下が47.6％だったものが30％台、30.1％、それから、大きいところは700万円超が10.91％だったものが23％と、だんだん区民の所得層の上昇という傾向は明らかに変化があると感じています。財政白書によると、納税義務者数が2,580人増加している状況の中、定額減税があり、それに伴う区民税の影響も、先ほど申し上げたように懸念があったかと思いますが、結果として増額となっています。定額減税がありながらも前年度よりも増額になったことについて、どのような分析をされているのか。

また、収入未済というのも年々減少傾向にあります。様々に収納に関して取組をしていただいていると思いますが、一般的には、納税義務者数が増えていく中で、滞納率という部分でも少し人数が増加したり、金額が増加していくのではないかというものもありますが、ここ数年、減少傾向にあるというところで、どういう変化が起こっているのか、この部分のお考えをお示しください。",2025,2025/09/29,決算特別委員会,議員
,令和7年　決算特別委員会(第2日　9月29日),竹内委員,竹内幸美,"御答弁ありがとうございました。

まず、先ほどもありました定額減税の影響、結果的には補塡されているということで、16億円の増があったというところ、また、不景気という言葉も出てきておりますが、給与の２％増とか、営業９％増という、サラリーマンも個人事業主も収入の増加の傾向は見られているというお答えがありました。まだいろいろな情勢の中で変化があり、事業主も工夫をして、こうした収益につながっていることと思いますので、状況を見ながら支えていく体制というものもお取組をいただきたいと思います。

また、分離譲渡所得という部分もありました。転入者が多いと、住んでいたところを売って、こちらに来る。そうした部分の収入増がある。まだしばらく人口が増加する、転入者が増えるという中では、ここの部分の増加というのも人口増加とともについてくるのかなという印象がありますので、ここは少し数字の推移を見守っていきたいと思います。

そして、収納について、キャッシュレス決済の拡充もしていただいている。また、滞納に対しての徴収の仕方というものも工夫をしていただいているということをよく理解いたしました。徴収をするという作業は、区としては収入に関わりますけれども、払う側としてはその方の生活の状態もあるかと思いますので、そこの背景について重層的な支援が必要な場合も出てくるかと思います。そこは各所管と連携をしながら、区の歳入確保という部分でも努めていただきたいと思います。

続いて、特別区の財政調整交付金の部分でお伺いをしていきたいと思います。

今回は、令和４年度、５年度の前倒し算定に伴う減少、先ほどもお示しをいただきました晴海西小・中学校の整備完了に伴う財政需要額の減少ということで、予算の段階でも想定をしたものであり、前年度までは例外的な財政需要が増えていた状況もあるかと思います。都区財政調整交付金は基準財政収入額とも関わってきますから、常に多くいただきたいという部分と、結果として税収が増えているというところとの比較をしながら、いつも算定がされていると思います。財政調整交付金の財源となっているのが調整三税というところで、特に固定資産税については、本区の状況を見ましても、年々増加している状況があります。また、基本計画2023では数字で見た本区の姿が示されており、人口増加率、合計特殊出生率、生産年齢人口比率など、23区で１位の数字がたくさんございます。この中で、事業所数というのも23区平均の1.8倍と示されていますから、やはり法人住民税も他区よりは多くなります。本区としては、こうした事業者に対してはコロナ禍で特定財源による利子補給等の財源の確保もしておりますが、その前から現在に至るまで区内の中小企業に対して本区独自の施策を展開して経営を支えてきていますから、やはり東京都に吸い上げられているというような感覚が生まれています。

また、固定資産税についても、国にも都にも、毎年、区長、議長連名で要望書を提出しておりまして、やはり高過ぎるのではないか、少し軽減をと求めておりますが、それでも年々上昇を続けている現状があります。令和５年度の固定資産税は、都心４区で43.1％を占めている。これは、この話をすると毎回出てくるものでありまして、中央区が総額の8.4％、交付される額としては2.6％、毎年この還元率にやきもきする気持ちを抱いています。令和２年の中央区の固定資産税の総額は約1,036億円、令和５年は約1,198億円ですから、３年間で162億円増えています。中央区だけの数字です。先ほどの法人住民税なども恐らく、経営の状況とともに増加しているのではないかと思うと、納めているものは23区全体でも増えているのに、受け取るものはかなり減っているのではないかという感覚にも陥るのであります。

こうした中で、23区の区間配分率と還元率についてどのように向き合ってこられているのか。毎年と同様、こういう質疑はあるんですけれども、ここ数年、納めているものがすごく増えているのではないかという視点で、お考えをお示しいただきたいと思います。",2025,2025/09/29,決算特別委員会,議員
,令和7年　決算特別委員会(第2日　9月29日),竹内委員,竹内幸美,"ありがとうございます。財政調整交付金の部分は、基準財政需要額と収入額とのせめぎ合いというところで、収入額が増えれば交付金が減る。でも、自主財源を確保していくですとか、そういった課題も持ちながら、常にいろいろな方向で闘っているというか、取組を進めていただいているという部分、その努力に感謝を申し上げます。

やはり都心区ならではの部分、以前、たしか、私の未熟な質問でしたが、都心４区だけではなくて、日中人口が多くなる区というのは23区中半分以上あるというような質問をして、昼間人口に対して算定がされるような取組も23区で共同してできないかというようなお話もしたことがありますが、路上喫煙対策の部分などでもそういった算定を入れていただいている。やはり来街者が多くなる中央区ですから、そういったルールの部分でも非常に苦労されている状況がありますので、その部分、引き続き算定がされるようなお取組をお願いしたいと思います。

令和７年度、今年度からというお話もありましたが、令和７年度からの調整税等の配分率は、特別区が56％、東京都が44％になりました。恐らく能登半島地震を踏まえた首都直下地震への対策というものが追加され、特別交付金の割合も５％から６％へと変更がありました。令和２年のとき、児相の問題等がありまして、0.1％を上げるために協議にかなり時間をかけていただいた。そこが一気に0.9％上がったというところは、能登半島地震による影響も大きかったと思いますし、令和６年度、中央区は特別交付金の部分で家庭内備蓄促進事業というものが算定されたということも監査意見書等にも記載がございます。各区の課題、首都直下地震に対して、そういう需要が増えているという部分では、今回の普通交付金の配分率に反映されておりますので、今回、令和６年度の特別交付金として得ていたものが普通交付金のほうに入っていくというような状況なのかなと思っています。

中央区のマンション居住率が非常に高いことから、この対応だけでは賄えない部分は、さらに特別交付金のほうで追加して申請をすることができるのかどうか。また、中小企業を支えていくという部分では、本区は23区の平均よりもうんと高い、約２倍近い事業者を抱えていますから、交付金に対する財源の確保でも、特別交付金の中でこういったものが算定されるのか、今までお取組をしてきたのかというのが分からないですけれども、都心４区を含め、こういったところで財政調整交付金の財源になっている部分に対して、少し各区の状況、取組に対しても算定をして還元をしていただけたらと思うんですが、区独自の特別交付金に対する算定という部分で、今後どのようなものを追加することが可能なのか、そのあたりの部分も御見解があったらお示しいただきたいと思います。",2025,2025/09/29,決算特別委員会,議員
,令和7年　決算特別委員会(第2日　9月29日),竹内委員,竹内幸美,"ありがとうございます。やはり財源の確保という部分で、非常にいろいろ特殊な状況もある中では、常にいろいろな方向から考えていただけたらと思っております。

最初の質問の中で、ふるさと納税による税の流出が非常に大きくなっている、年々増加をしているというお話もありました。ふるさと納税による税の流出の部分でお伺いをしたいと思います。

流出額が前年の２割増しで、今回は46億円に達したということであります。特別区長会の資料によりますと、令和７年度、23区全体の流出額が1,000億円を超えたというものがあります。平成27年からの11年間で5,600億円となるという旨が示されております。９月２日の都政新報に、2025年度の各区の流出額と人数が載っていました。金額だけですと、世田谷区が断トツに多い約123億円となっております。ただ、１人当たり換算をしてみますと、港区が15万6,000円、渋谷区と千代田区が12万5,000円前後、中央区は約９万6,000円、納税義務者の約43％の方が行っているということが見えてきます。単純に割っただけでは見えてこないものもありますけれども、データから判断すると、そのような状況です。ふるさと納税については、返礼品競争になっているとか、産地の返礼品ではなかったという様々な問題も指摘されているところですが、制度が創設されて以来、そのような議論はいまだに続いているところです。

中央区もふるさと応援寄附金を創設し、歳入の確保に努めていただいていると思いますが、まずは、この流出の傾向が財政にどのような影響を及ぼしていくことが想定されるのか、ここについてお示しいただきたいと思います。",2025,2025/09/29,決算特別委員会,議員
,令和7年　決算特別委員会(第2日　9月29日),竹内委員,竹内幸美,"ありがとうございます。

なかなか個人の意思は止められないというところもありますし、たしか一昨年の財政白書の中では、16年間の合計が195億円で晴海西小・中学校の２校分の財源になっているというような示され方もしていたと思います。ここの部分で、これから公債費の償還が発生していくのが、これがなかったのかなと思うと非常に大きいものであるというふうに感じています。

同じく９月２日の都政新報の中で、ふるさと納税の受入額という部分でも示されています。千代田区の事例です。千代田区では、受入金額が前年度の10.7倍、10億6,000万円余、寄附件数が928倍の１万件余にそれぞれ急増したと。特に人気が高いのが、寄附件数のうちの92％を占める電子商品券で、飲食店で利用可能なため、在勤者たちがランチで電子商品券を使っているというような記載があります。また、渋谷区なども、これに関しての受入れがすごく多くなっていて、区内のゲーム会社と連携して、ゲーム内のアイテムの付与を返礼品にしたというような記事も見ております。ふるさと納税の受入れを始めた当初からは、やはり時代の変化があり、こういった返礼の在り方にも人気が集まっているのだということを感じます。

本区としても、返礼品競争にはならないようにという信念もあったかと思いますが、こうした時代の変化に伴う状況にどのようなお考え、御所感を持ちか、この点をお聞かせください。",2025,2025/09/29,決算特別委員会,議員
,令和7年　決算特別委員会(第2日　9月29日),竹内委員,竹内幸美,"ありがとうございます。

時代の流れとともに変化があり、取り入れようと言えば簡単にいける部分、でも、おもてなしの精神とか、触れ合うとか、デジタルが発達しても大切にしなければいけない部分もあろうかと思っております。ただ、技術の進歩とともに、何か少しでも受け入れ、増収につながるなど、技術が研究できるようであれば、引き続きそういった角度からもお取組を進めていただけたらと思います。

以上で質問を終わります。",2025,2025/09/29,決算特別委員会,議員
,令和7年　決算特別委員会(第3日　9月30日),竹内委員,竹内幸美,"それでは、区民費についての質問を行ってまいります。

令和６年度の区民費を振り返りますと、施設整備、共通買物券のプレミアム率や発行総額の拡大、商工業の融資など、地域の交流を育み、商工業を支える事業に力を注いできていただいていると感じています。区民部として、今までと大きく違うのは、晴海特別出張所が稼働を始めたことと思います。準備の段階、そして新たな出張所が加わったというところで、人口が20万人に向かって増えていくステージに上がったところで１年間を過ごされた中では、今までとの違いも多少あろうかと思います。こういったところで、まずは区民部としての御所感をいただきたいと思います。お願いいたします。",2025,2025/09/30,決算特別委員会,議員
,令和7年　決算特別委員会(第3日　9月30日),竹内委員,竹内幸美,"御答弁ありがとうございました。

まず、コロナが５類になって初めて実質１年間、新たなコロナ禍後という部分での事業がスタートした。令和５年度は実施を見合わせていたものも、令和６年度に実施されたものも多くありました。また、コロナ禍の数年間の間に物価高騰が非常に課題になっていた中では、商工業の融資であったり、区内の交流を生むための晴海まつり等、にぎわいを醸成するようなものにも取り組んできていただいたという部分、そして、大きな施設の改修も、区民が関わり活動していく場、関わっていく場として着実な改修等に努めていただいていたということを、改めて御所感の中でいただきました。

そして、次の質問にこれから移ってまいります。令和６年、本区にとっても、そのような変化の大きい年であった。今の御答弁の中でもありましたＨＡＲＵＭＩ　ＦＬＡＧのまちびらきに向けて、東京2020大会終了後から、出張所の運営に関しても時間をかけて、他の地域との差異なきサービスができるようにということで準備を行ってきていただいたと思います。やはり稼働してみないと100％の状況はつかめないものですから、そういった中で、様々な施設が整備されました。令和６年の予算特別委員会のときに、晴海特別出張所が開設されて、本庁舎を含めて３拠点から４拠点になること、課題感、対応策などについてお伺いをしておりました。その際の御答弁にも、人材育成など、しっかりと区民サービスの質が落ちないように取り組んできていただいた旨を御答弁でいただいております。準備で対応できるものと、実際スタートして御苦労されたこともあるかと思います。準備、開設、そして１年後になる本年に至るまで、晴海特別出張所の様子を少しお示しいただきたいと思います。

また、もう一点、区内の全般的な窓口業務という部分でもお伺いをしたいと思います。

これまでキャッシュレス決済、スマホ等での窓口の混雑状況が確認できるようになり、受付の予約システム導入など、利用者の利便性の向上の視点で取り組まれてきたものもあると思います。コロナ禍で進んだものもあると思います。非接触という観点で技術を駆使して進めてきたものもありますので、そういった緊張感が一段落して、改めて前進してきたものもあるかと思います。

実は、今、昼休みに議員控室の会話で、下の窓口は混んでいるのかなという話があって、オンラインで様子が見られるようになったので、見てみましょうというので調べて窓口の状況を確認しました。あまり混んでいないね、行ったら間に合うかなというような会話があったんですけれども、やはりこういう部分でもデジタルの技術により、伺う区民の側も見える化されて、隙間時間をうまく活用できることにも御尽力をいただいていると思います。

以前、こういったデジタル化が進む中で、技術の活用によって業務が効率的になり、より丁寧な対応に時間をかけていかれるようになるという御答弁もいただいていたかと思います。利用者の利便性の向上だけではなく、職員の業務効率の向上などについても少しお聞かせをいただけたらと思います。",2025,2025/09/30,決算特別委員会,議員
,令和7年　決算特別委員会(第3日　9月30日),竹内委員,竹内幸美,"それぞれに御答弁ありがとうございました。

まず、晴海特別出張所は、試験的な部分でスマート引越サポートシステムということで、ニーズの高い部分での活用というものが、これからそういうものをきっかけに全区的に展開されていくのかなと想像するところであります。また、地域コミュニティの支援としても、自治会発足当初から連携を図りながら、晴海地区のコミュニティの醸成にもしっかりと努めてきていただいたという様子が分かり、ありがとうございました。新しい方々が移り住んできますから、そこのコミュニティに対して、しっかりと状況をつかみながら、情報、安心・安全な区民生活というものにも反映をしていっていただきたいと思っているところです。

今、区の全般的な部分でも、半数ぐらいがコンビニ交付になったという部分で、業務効率という部分で空いた時間は、デジタルが使えない方や外国人への対応ということで行っていただいている。外国人という言葉も出てきましたので、晴海の状況、全区的な状況を外国人率というところから見て伺ってみたいと思います。

晴海のまちびらきから１年半が過ぎて、ここのところでＨＡＲＵＭＩ　ＦＬＡＧスカイデュオの入居も開始となりました。ここからさらに加速度的に人口が増加していくことが想定されています。そして、事業別行政評価シートを拝見しますと、令和６年４月１日時点の各特別出張所の人口推移の中で、外国人率が日本橋は5.23％、月島が6.99％、晴海は、５月１日時点になっておりますが、10.7％と、外国人への対応が求められる状況も見えております。外国人対応への課題、これは庁内様々な部署に関わるものでありますが、出張所や本庁舎の区民部所管の部分についてお伺いをしたいと思っています。晴海とほかの地域の窓口の違いもあるのかと思いますが、外国人との接点というところで、どのような工夫をされているのか、また課題感がありましたら、お聞かせいただけたらと思います。",2025,2025/09/30,決算特別委員会,議員
,令和7年　決算特別委員会(第3日　9月30日),竹内委員,竹内幸美,"それぞれにありがとうございます。

外国人への対応という部分では、ニーズも高まっている。そして、晴海地区は人口増加の約２割が外国人であるというところ、今、様々な課題、違法民泊にしても、ごみの問題にしても、ルール、マナーという部分で声が上がっています。ルール、マナーというのは、外国人だからとか、日本人は分かるとか、そういうものではないと思っておりますから、そこに対しては全般的な周知というものが必要だと思っています。ただ、やはり外国の方々というのは文化も違う。それから、言語として、今、翻訳機能等もありますから、もちろん、物事だけを翻訳して伝えるのは簡単ではありますが、そこにある日本人のおもてなしの精神であるとか、わび、さびだとか、そういったものは伝えるのがなかなか難しいことだと思っています。東京オリンピック・パラリンピックのときに、おもてなしという言葉がすごくキーワードになった部分がありますけれども、そこの部分では、選手村跡地といった部分も引き継ぎながら、丁寧な対応であったり、在住の外国人による伝わりやすい翻訳の仕方等、そういったものも御検討いただけたらと思います。外国人の意識調査という部分でも何か見えてくるものもあるかと思いますので、その部分も、様々に研究を重ねていただきたいと思います。お願いいたします。

続いて、町会・自治会についての質問を行ってまいります。

たしか、区政世論調査で地域コミュニティの活動という部分の中では、地域の行事等に参加する方、交流したことがないとか、関心事項で特にないという方ももちろんいらっしゃるんですけれども、こういった活動に興味を持って地域に住まわれている方々もいらっしゃると思っています。

まず、本区は町会や自治会というものの単位をすごく大切にしてきていただいていると思いますが、改めて町会・自治会と本区の関係性という部分で一言御所感をいただけたらと思います。",2025,2025/09/30,決算特別委員会,議員
,令和7年　決算特別委員会(第3日　9月30日),竹内委員,竹内幸美,"御答弁ありがとうございます。

地域コミュニティの核であり、にぎわいや文化等を継承していく。町会に関わっておりますと、核にいる方たちのまちに対する思いは、必ずしも生まれてこの方、中央区に住んできたからという方々だけではなくて、最初は関わり方が分からない。でも、イベントを開催しているうちに、よく見る顔だね、何かお手伝いできることはあるかというようなところから町会に加入をしていただいて、活動に加わっていただいて、また、そこの中心になっていくというコミュニティも生まれているところです。そういった部分では、一人でも多くの方が翌年、翌々年という部分でこういった関わりに参加していっていただく。それがやがて、強い防災組織であったり、子育てなどで悩んでいるときに行政サービスにつながっていく、こういったコミュニティが生まれていく、力強くなっていくというものにつながってほしいと思っています。

最近の流れで、ＳＮＳを活用して町会の活動を告知していく、お知らせしていくというのがあって、区民部のほうでも、地域振興課のほうでもかなりＳＮＳのサポートを今までしてきたと思います。一昔前の情報伝達手段が回覧板だったものに対して、町会の中にいっぱい人が住んでいるけれども、どうやって伝えていくかという中では、お祭りですとか、盆踊りの告知をＳＮＳですることで、参加者を募るというか、告知をすることで魅力を感じて、当日、参加者に集まっていただいているという状況もあるかと思います。これは商店街のほうですが、コロナ禍にイベントを開催したとき、まだメール何とかというのが難しかったので、往復はがきで申し込んでくださいということで、返信の住所等ももちろん書いていただくわけです。そこの中でいろいろ、どこから来ているんだろうと見たときに、うちは勝どきでやっておりますが、近隣の関係で晴海や月島は圧倒的に多いです。でも、日本橋の人形町、蛎殻町からも参加される方もありましたし、遠くは杉並区、練馬区、墨田区というのもありました。これは親戚がいるとか、そういうのをきっかけにイベントを知って、当日楽しもうと来ている方もいたんですが、やはりＳＮＳでの告知なども含めて、遠方からまちの行事に参加する方々も増えてきているように思います。

このような傾向を考えますと、手づくりイベントの助成など、現在の助成割合からの見直しもしていただけないかというのがまちの本音の部分に少しございます。もちろん、バスの経費の20％増など追加をしていただいている状況を見据えて、そういった支援をしていただいているのも大変感謝をしておりますが、やはり物価高騰による影響、前回のイベントと同額ではできないものや、地域行事に参加する方がまちの方だけではない、周辺から、お隣の区から来てしまう。来てしまっていいんです。すみません。そういう部分もありますので、そういったことに対して少し考えておりますが、御見解をいただけたらと思います。",2025,2025/09/30,決算特別委員会,議員
,令和7年　決算特別委員会(第3日　9月30日),竹内委員,竹内幸美,"御答弁ありがとうございます。支援をしたのに、またすぐにというのも品がないなという部分はあるかと思います。確かに、お家の家計と同じで、町会ごとに努力できるところは努力しようというものもあるかと思います。一方で、場所によっては、地域の住民がこれをやるんだってというのでＳＮＳで拡散をしていくという部分もあります。コロナ禍が明けて、実際、イベントが戻ってきて、今年が２年目であったということを考えますと、少し推移を見守りながら、状況によっての御検討をしていただけたらと思います。

続いて、かえで学級というものがございます。私は昔からこの活動に注目をしております。知的障害のある方を対象に、社会の中で自立して生きていく力を身につけることを目的として開設され、もう50年以上になるそうです。随分と早い時期から、障害のある方の自立支援も含めて、生涯学習の場として立ち上げられたと思っています。現在は銀座中学校の改修に伴って、築地社会教育会館を主な活動の場としているようですが、この学級の最近の活動の様子について少しお聞かせいただきたいと思います。",2025,2025/09/30,決算特別委員会,議員
,令和7年　決算特別委員会(第3日　9月30日),竹内委員,竹内幸美,"御答弁ありがとうございました。

仲間づくりという部分でも、やはり学校という単位を卒業してしまうと、もちろん、就職をする、地域で生活をしていくという部分があるかと思います。そういった中での仲間づくりにも寄与しているという部分で、かえで学級でいろいろな体験をしていると聞いています。随分前の話ですけれども、かえで学級の活動に参加しているという地域の青年がいました。そこの活動で初めてお酒を飲んだんだと、すごくうれしそうに言っていました。おいしかったった？と言ったら、うん、おいしかったと言っていました。家で体験させられることもあると思うんですけれども、どこかに行って体験をする。電車に乗るとか、買物をするとか、計算をしていく。あと、今、時代とともにとありましたけれども、多分50年活動していると、黒電話の時代からスマホになっているというような時代の変化というものもあるかと思いますので、こうした部分、サポートしていただきながら学んでいく機会が大切だと思っています。

なぜこのような質問をしているかというと、私は温かく見守っていきたいんですけれども、今、区内には月島第二小学校、明石小学校、そして月島第三小学校にも特別支援学級が設置されています。今後、日本橋小学校にも特別支援学級が設置される。そうしますと、中学校が銀座中学校だけでは間に合わないであろうと思ったり、そういう方たちが人口増加とともに増えていっている現状があります。学校を卒業した後、少しそういった体験の場があるという大切さは今後にもつなげていっていただきたいと思っている次第です。

何年か前ですけれども、ボランティアで関わっていた方にかえで学級についてお聞きしたときに、新しいメンバーがあまり入っていないんだというような話も聞いています。銀座中学校に設置されていて、特別支援学級との交流があって、そこからかえで学級の存在が分かって入ってくるようなイメージを抱いていたんですが、新たなメンバーへの勧誘といいますか、そういった状況はどのようになっているかお示しください。",2025,2025/09/30,決算特別委員会,議員
,令和7年　決算特別委員会(第3日　9月30日),竹内委員,竹内幸美,"ありがとうございます。勧誘といいますか、チラシを配布していただいている。あと、経験として、オープン学級というものを設けていただいているということをお伺いしました。

区内のいろいろなイベントもそうですけれども、チラシの配布だけだと、いまいち感覚が分からないというものもあるかと思います。本当に体験をするということはすばらしいことだと思っておりますので、ここも定員とかいろいろ、そういう都合もあるのかとは思いますが、ぜひ、障害のある方、親御さんが安心して体験に出せる、そういったつながりを持っていかれるような部分で少し新しいメンバーの獲得についても、もう一歩御尽力をいただけたらと思います。お願いいたします。

続いて、晴海地域交流センターはるみらいについてお伺いをします。

リニューアルオープンしたのが令和５年12月でした。内覧の期間を経て、予約を開始したのが、年が明けた１月末からだったと思います。前年度にも少し入る事業にはなりますが、居住者も徐々に増え、以前からの利用者も少しずつ戻り、昨年の晴海まつりも6,000人を超える来場者となり、地域の交流拠点として機能してきていると思います。ここには区民が利用できる施設、設備がございます。会議室、パーティションで仕切られており、１つだけではなく幾つかの部屋をつなげて利用することもできますし、キッチンスタジオや工作スタジオ、音楽スタジオなど、様々な用途で利用できる施設となっております。昨年から現在に至るまでの利用状況や、１年間、もう２年過ぎていますが、そういった中で見えてきた課題、また、既に何か改善されていることなどがありましたらお示しください。",2025,2025/09/30,決算特別委員会,議員
,令和7年　決算特別委員会(第3日　9月30日),竹内委員,竹内幸美,"ありがとうございます。

多目的室87％と、利用率もかなり上昇している傾向で、季節によったり、時期もあるのかもしれませんが、様々、利用ニーズは高まっているということ、そして、はるみらいの特徴的なところが１時間ごとの使用というところになろうかと思います。１時間単位で予約をしていくと、次の時間に引き継ぐタイミングが非常に難しいという課題で、１時間借りているところを、次がつながっているので、10分前には空けてくださいという告知もなかなか難しいのかなと思います。そういった部分も、利用マナー、ルールという部分で、これから様々検討して改善をしていただけたらと思います。

そして、交流の場の一つである温暖浴のスペースも、すごい利用率というか、多分小学生などは、まったり寝転んでごろごろしても怒られないというようなところで、居心地がいいんだろうなと想像しているところです。

はるみらいというのは、ほかの区民施設と違って、様々な複合的な機能を有していて、かつ、そこに対しての１時間ごとの使用というしつらえになっていたかと思います。そこで、区民が利用する施設についてのほかの部分での稼働率をお伺いしたいと思います。

銀座ブロッサム、中央会館については、結婚式場をリフォームして会議室として使います。また、１階の部分には勤労者サービス公社が移転をしてくる。今、そういった準備が進められていると思います。空いたスペースの活用という部分も含めて、そのような御検討がされたのかと思っています。区内の会議室や集会室、そういった部分、機能を持つところとしては、区民館であったり、社会教育会館とかも含めてですけれども、商工業のほうでは産業会館とかハイテクセンターもあるかと思います。こうした部分の活用、稼働率という部分で少し状況をお聞かせいただけたらと思います。",2025,2025/09/30,決算特別委員会,議員
,令和7年　決算特別委員会(第3日　9月30日),竹内委員,竹内幸美,"それぞれありがとうございます。

地域により、利用の目的により、稼働率という部分ではもちろん違いがあるんだろうと思います。高いところは、やはりスポーツ施設というのは、昨年、たしか利用の区画も変えていただいて、今までの区画から少し時間を細切れにして、活用できる方を増やしていったというものもあります。こういう部分で、私も地域で区民館を活用するときに、各町にあって非常に便利で、特に夜間などは後から取っても空いていることが多いと思っています。はるみらいは１時間ごとに対して、こういった区民施設は３区分、午前、午後、夜間というので、例えば午後の時間帯は１時から５時までの予約になりますが、実際、使いたい時間は３時から４時で間に合うんだよねというようなケースも多々あります。

これは調査をしていただいたり、どういう使われ方をしているかというものをしっかりと検証していただいた上でということになろうかと思いますが、そういった調査も本当はしていただいて、空きスペース、空き時間の活用、これは財政白書の今後の財政運営という部分に、安定した区民サービスを維持するためには、歳入（とりわけ一般財源）の確保が必要になる。区民税の収納率向上、収入未済の解消に努めるほか、受益者負担の適正化を図る観点から負担水準の見直し、さらには公共施設をより使いやすく、魅力ある施設としていくことにより、稼働率の向上を図るという、これは歳入確保という部分で財政白書に示されているんですが、このように示されています。３つの課題、もちろん、収納率とか受益者負担とありますが、やはり使いやすく、魅力ある施設にしていくということも重要であります。

そして、産業会館ですが、たしか昨年でしたか、今年でしたか、委員会の中で、暑さ対策の中で保育園の子供たちの遊び場に一部提供していただいているというような話もあったかと思います。こういう部分では、人口が増えてくると、施設利用ニーズというものが非常に高くなってきます。中央区という限られた土地の中で何かを展開していかなければなりませんから、本当に場所の取り合い、せめぎ合いはあるかと思います。私は、銀座ブロッサムの１階の食堂がなくなったときに、ずっと空いている時間が長かったので、リフォームして若者のお店をやりたいと思っている人が、安く、職員、地域の人にランチを提供して自信をつけて起業する、そういうものに活用できないのかなとか、お弁当を持ってきた人があそこで、ちょっと庁舎から離れて、ほっとするというようなスペースでも使えないのかなとか、いろいろそんなことをもやもやと思っていたんですけれども、そういうものと同様に、今ある区の施設、区民館というのも、例えば学童クラブ、放課後の子供の居場所という部分は、今はプレディプラスの展開で大分収まってきていますが、やはりそういうところを活用できたのではないかなと思ってみたり、空き時間の活用という点では、区民館の使っていない時間帯、ここだったら、この施設は使っていないということが分かれば、別の使用の仕方もできるのではないかと思っています。そうした部分、いろいろ公共施設の在り方、利用の仕方という部分でも、今、見直しはそれぞれ御検討いただいているかと思いますが、改めて、区民施設の別の利用方法という部分でも可能であろうと思いますので、その部分で御所感をいただきたいと思います。お願いいたします。",2025,2025/09/30,決算特別委員会,議員
,令和7年　決算特別委員会(第3日　9月30日),竹内委員,竹内幸美,"ありがとうございます。

いろいろな活用の仕方があるだろうと思っております。例えば、ハイテクセンターのパソコンのあるパソコンルームですか、ああいうところも、パソコンは、日進月歩の中で、１年たつと機能が、新しい技術が生まれているというものもあります。コロナ禍で学校でＩＣＴのタブレットを入れていくといったときに、区内の事業者の未来の学校というところを視察させてもらいました。真っ白い壁でプロジェクターが置いてあって、可動式の椅子とテーブルがあって、そこにパソコンで、プロジェクターで、例えばコウテイペンギンは1.2メーターなんだってとかいうよりは、映像で映してぱっと見える、そのような学びの場、学びの教室、目で見て分かる、体験できる教室を体験しました。ハイテクセンターをリフォームしろとか、いきなりそんな大きなことを言っているわけではないですけれども、もちろん、観光商業の部分での所管なので、そこでの活用が一番いいとは思います。

学校教育の中で全部の施設にそういう教室をつくれるわけではないけれども、ここに行ったら、そういう技術的なもので学びができる、学べるというような施設に転用すると、会社さんも使いたい、学校教育でも使いたいというような、横に広がった使い方ができるのではないかと感じています。そんな部分で、すごく斬新な意見になってしまうかもしれませんが、そういうことも含めた区民施設の利用の在り方も今後検討していただけたらと思います。

以上で質問を終わります。",2025,2025/09/30,決算特別委員会,議員
,令和7年　決算特別委員会(第4日　10月1日),竹内委員,竹内幸美,"それでは、福祉保健費の質問を始めたいと思います。

歳出総額の約３分の１を占めるのが福祉保健費でございます。総額の内訳を見てみると、福祉保健費の半分が児童福祉費となっております。それ以外の社会福祉費が、全てが高齢者、それ以外の子供以外の者にかかっているわけではありませんが、児童福祉費というものが非常に多くなっているなということを感じます。この歳出総額の約半分となります。10年前、平成26年の児童福祉費は約123億円となっています。少し所管する款も、款というんですか、項目に衛生費とか保健衛生費、あと環境費、清掃費というものも入っていた時代ですので、多少今との違いはあるかと思いますが、今回の児童福祉費と比べますと、すごくニーズが高まっている。当時の年少人口で単純にこの数字を割ってみますと、１人年間、平成26年のときが80万円ほどで、現在は97万円という数字になります。かなりかけているものも変わってきているのかなと、そういうニーズが増えているような様子が見られます。

少し本区の平均世帯数というものを区民費のところでいろいろ調べながら、各地の様子を見てみました。平均世帯数、京橋では湊二丁目が一番高くて1.88、日本橋は人形町二丁目で1.75、浜町二丁目で1.76と、このところが一番高い平均世帯数でした。月島地域というのは、ここがまたすごく特殊な感じで、佃から晴海に至るまで、平均世帯数が２を超えるのが５地区ありました。1.9以上になりますと６地区です。軒並み家族人口が高いのかなと思っています。

その一方で、中央区の平均がたしか1.7とか、そのぐらいだったと思いますので、まちの様子と比べますと、どういう現象が起きているのかなと思っています。高齢者にしても、働く生産年齢にしても、かなりの単身世帯というものもある。そして、この世論調査の中に世帯の人数というのがありましたけれども、３人・４人世帯、多いところは６人以上という家族構成もありまして、うちの地域でも８人家族、きょうだい６人とお父さん、お母さんみたいな世帯もあります。こういう平均世帯数が中央区全体で２を切っているような状況の中で、今、福祉保健費を見てみますと、人口増加とともに子育てに関わる費用というものが非常に多くなっていることを感じます。

令和６年度の新規事業で、子育て、高齢者、障害者に関わるものを少しピックアップしてみました。令和６年度は、例えば幼稚園の弁当給食の提供が開始されたり、放課後デイサービス事業の補助とか、一時預かり保育におけるオンラインシステムの導入などが挙げられておりまして、新規事業が約５つ。それから高齢者に関わるところでは、高齢者に対するデータを活用した個別の健康相談・指導、地域密着型サービス事業所向けの宿舎借上事業、これが２つでした。そして障害者に関わるものが、窓口における手話遠隔サービスとか、知的障害のグループホームの開設準備というところで２つでありました。

令和７年度を見てみますと、子育ての部分の新規事業は、妊婦のための支援給付、期間限定型保育事業など４つございます。高齢者の部分は、一つは実態調査なので定期的にかかってくるものですが、新しい事業としてはもの忘れ予防検診、そして障害者のほうはグループホームの新たな設立ということもあるかと思いますが、その影響で４つの新規事業というものが挙げられていました。いずれにしても、令和６年度、７年度と子育てのニーズが非常に高まっているなということを感じております。

大きく区民に密着する福祉保健費の中で、子育ての部分、それから高齢者に関わる部分、そして障害者のニーズ、需要がすごく高くなってきているのかなと思いまして、まずは令和６年度を振り返って、福祉保健費全体の子育て、高齢者、障害者のバランスなども含めて、御所感をいただけたらと思います。お願いいたします。",2025,2025/10/01,決算特別委員会,議員
,令和7年　決算特別委員会(第4日　10月1日),竹内委員,竹内幸美,"御丁寧な御答弁をいただきまして、ありがとうございます。

様々な取組、私は費用のことを挙げましたけれども、不公平感とか、そういった意味で挙げたわけではなく、喫緊の課題に対して取組を進めてきた結果、まさに保育のニーズ、働く世代、共働きの世代が多く転入してくる、その状況の中で、常に地域の状況を見据えてこうした取組をしてきていただいた。保育園の確保というのは最優先でありましたし、その一方でマンション居住率が94％を超える状況になってきて、近隣との接点、御近所付き合いというものが、日常でアプリとかＬＩＮＥのようなものでつながってはいるものの、リアルにお隣さん同士でこんにちは、という関係性が少し以前とは違っている。そういった中での様々な母子の健康を守るようなサポートであったり、そういったものが区内の中で非常に高まってきたんだなと感じております。

今、そういった部分で総合的な支援の拠点として、ふくしの総合相談窓口というお話もあったかと思います。昨年の予算特別委員会の質問を少し振り返りながら、幾つかその当時の答弁に触れつつ質問をしていきたいと思います。

令和６年度からスタートしたふくしの総合相談窓口。令和６年度の予算特別委員会では、複雑化、複合化したお困り事が増えており、世代を問わず福祉のお困り事を受け止め、関係機関につなげていくという御答弁でありました。ここのところが、行政評価シートを参考にしたかったのですが、ごめんなさい、すぐ出てこないので、いろいろ課題を抽出した上で、今年度の月島地域での開設に至っているかと思います。

まず、令和６年度のどのような御相談事、これを反映して今年の開設に至ったか、この部分の状況を少しお聞かせいただきたいと思います。",2025,2025/10/01,決算特別委員会,議員
,令和7年　決算特別委員会(第4日　10月1日),竹内委員,竹内幸美,"ありがとうございます。

まず、こういった窓口ができたことで、どこに相談に行っていいか分からない方がすごく来庁しやすくなったのかなと思います。そうした中で丁寧な御対応をいただいて、この相談者も増えているという部分。また、区民税も多くなる、転入してくる方も非常に豊かであろうかなという一方で、こうした生活困窮という課題が潜んでいるということもここで抽出していただいて、次なる課題に対応していただいていくのだなと思っています。

先ほどの部分、行政評価シートのふくしの総合相談窓口を含む各相談支援機関、相談支援包括化推進員と地域福祉コーディネーターによる支援を実施していくために、円滑な連携体制を強化し、推進していく必要があるという課題感も感じていらっしゃるということが分かります。今年度になって、月島はまだ認知が少ないというんですか、192件というところでありますが、地域の特性、それとも地域にかかわらず、生活困窮的な相談が多いのかどうか、ちょっとその部分をお聞かせいただけますでしょうか。",2025,2025/10/01,決算特別委員会,議員
,令和7年　決算特別委員会(第4日　10月1日),竹内委員,竹内幸美,"ありがとうございます。

相談できる窓口が増えるというのは、どこに行こうかなと思っていたひきこもりの方にも少し影響というか、窓口ができているのかなと思います。そして、月島地域の相談は、確かに私もお話を聞いていると、シルバーパスとか、国勢調査にどうやって答えたらいいのかという相談を受けているところで、そういう相談がある、そこに応えていただいているというところに、安心感といいますか、すごく温かみを感じるものでありますので、引き続き来年度は日本橋特別出張所でも開設されるということですので、区内の課題を抽出しながら、さらなる支援を推進していただきたいと思います。よろしくお願いいたします。

続いて、放課後デイサービスについてお伺いします。

これも発達に課題を抱えるお子さんが増加する中で、こうした児童・生徒をサポートする場としてその需要が多くなっていることから、令和６年度の新規事業として放課後等デイサービス事業補助に取り組まれているかと思います。たしか月島地域の人口が増加している一方で、東京都の制度がすごく厳しくて、基準が厳しくて開設が難しいという現状があってこの補助事業を行われたということは予算特別委員会の中でも御答弁をいただいているところでございます。この令和６年度の補助事業による成果というものをまずお示しいただきたいと思います。",2025,2025/10/01,決算特別委員会,議員
,令和7年　決算特別委員会(第4日　10月1日),竹内委員,竹内幸美,"ありがとうございます。

本当に発達に課題を抱えるお子さんは、教育のところでも触れようと思っていますが、年々増えている状況があります。子供が日常生活になじむようになるためには、専門的な支援が、しかも早期に、できるだけ早いうちにその子にどのような課題があるかということを発見してサポートしていくということが大切であると思います。

以前も申し上げたんですが、事業者さんに聞くと、本当は毎日でも支援したほうがより早く日常生活になじむサポートができるとおっしゃっていましたが、人口が増えて、待機という考えはないんですけれども、申込者を結局お断りするしかなかったり、できるだけ多く受け入れようと思うと、一つの事業所に10名という人数が決まっている関係から、軽度の子は週に２回にするとか、必要な子は週に３回にすると、利用者の調整を行って人数を受け入れてサポートをしているというお話も聞いております。

次年度は、今回ＨＡＲＵＭＩ　ＦＬＡＧにも新たに入居し、小学校においても校舎の増設なども行われますが、人数が増えると当然ながらそうしたサポートを必要とする人が増えてきて、本当に場所の確保に非常に中央区はいつも困るということを聞いていますが、次年度以降に向けて、同じくサポートなのか、事業者さんから直接伺っている御意見の中で何か新たに取り組まなければいけないと考えていらっしゃるような課題があるのか、お示しください。",2025,2025/10/01,決算特別委員会,議員
,令和7年　決算特別委員会(第4日　10月1日),竹内委員,竹内幸美,"ありがとうございます。

本当にこうした部分では、スペースというところがいつも課題になっていく。私は昨日、区民部のほうで施設の有効活用について、要望というか、質問をさせていただきました。区内のそういった空きスペースは大きな資源だなと思っております。いろいろなタイミングで、なかなか簡単にはいかない。指定管理が入っているからとか、いろいろなものもあると思うので、簡単にはいかないということは分かっておりますが、中央区内の課題を中央区内のスペースを何か空きスペースとして活用して、そこに必要な支援を展開できるのであれば、そういった部分も所管を超えてお取り組みいただけたらと思っております。よろしくお願いいたします。

そして、今、保育園という部分が出たので、保育環境についてもお伺いしていきます。保育園の待機児童対策は、この20年、本当に毎年、保育園を何園も何園も、５園、６園と増やして待機児童対策に努めていただいていたと思います。

一昔前の保育園入園が決定するまでというお話を伺ったことがあるんですが、家庭訪問をして、そのお宅が本当に保育を必要としているのか、直接伺って面談をしていたというお話を聞いています。本区で待機児童が出始めた頃から、ポイント制という形で待機児童対策は、ポイントが高い、急を要している人から入っていくという形にも変わっていったのですが、人口が急増している月島地域の保育ニーズというのは多くの課題を抱えております。人材、安全面の指導、入園できていない方の支援にも令和６年度も非常に積極的に取り組んでいただいていると思います。

この保育園の空き状況を見ますと、ゼロ・１・２歳児は、特に月島地域において空きがない状況になっています。また、晴海のスカイデュオの入居が開始されて、これに伴う保育需要への対応も喫緊の課題になっていると思います。近年の傾向は、子供が小さいうちから預けて仕事に復帰される方が多いため、ゼロ・１・２歳児対策が求められております。

昨年度のお取組、まず待機児童ゼロとなっておりますが、その裏で入園できなかった方、希望の園に入れなかった方に対して様々な御提案をして、保育の切れ目のない状況をつくってきていただいたと思いますが、そこのお取組の部分をお聞かせいただきたいと思います。",2025,2025/10/01,決算特別委員会,議員
,令和7年　決算特別委員会(第4日　10月1日),竹内委員,竹内幸美,"ありがとうございます。

保育園も、一つの園の人数が限られていますから、増やしていくというお取組、期間限定も８名から22名、少しずつのこうした積み重ねで待機児童対策というものもしていただいていると思います。このゼロ・１・２歳児というのは、いまだにニーズが高く、区内の空き状況を見ましても、人口増加している月島地域ではなかなか空きが出ないような状況で、ただし、そういった状況も加味して、居宅訪問型とか期間限定というものを努力して増やしていただいている、それで対応してきていただいているということには本当に感謝を申し上げます。

ただ、ゼロ・１・２歳児対策の一方で、３・４・５歳児の空きが目立っているなと思います。多いところは７名以上の空きを有する状況で、これは経営に影響があるのではないかと感じています。

令和４年の決算特別委員会の際に、保育園で空きが出てきたとき、その空きスペースの活用ということで質問を行いました。そのときは、一時預かりが保育園の待機児童で使われてしまって、本当に一時預かりで預けられない人が利用できないみたいな話があったときでしたので、この３歳児から５歳児の定員が割れているところに一時預かりの人をマッチングして預かれないのかという質問をしたんですけれども、年々状況は変わってくる中で一番心配しているのは、空きが続いて経営に影響が出て、保育園の存続に関わるということが一番地域への影響が大きいかなと思っています。保育園の需要を維持させるためにも、この部分の取組が必要になってくると思います。

保育園の定員割れ対策として、いろいろな自治体の様子を見てみますと、多機能化を進めているところもあります。学童クラブであったり、子育ての相談であったり、こども食堂という自治体もあるようです。これが、来年からこども誰でも通園制度というものが始まりますので、もちろんそこがあてがわれるということもあるのかもしれませんが、これ以外の活用という部分でも御検討を何か進めていただけないかなと思いますが、課題感も含めて、御見解をいただけたらと思います。",2025,2025/10/01,決算特別委員会,議員
,令和7年　決算特別委員会(第4日　10月1日),竹内委員,竹内幸美,"ありがとうございます。

本区では、もちろんプレディプラスを導入して、来年度までに整備して待機児童対策をしていくという部分があるかと思いますが、保護者が朝早くから夜遅くまで働いているケースもあって、なかなか子供たちもおなかをすかせてぺこぺこで帰って、帰ったら御飯を食べて寝て、また次の朝起きてという、子供として伸び伸びと生活できないような状況が見受けられるなと思っています。いろいろな転用の仕方はあるかと思いますが、こうした部分も視野に入れて御検討いただきたいと思います。

そして、少しこの子供の部分です。放課後対策というのは努めていただいているんですけれども、今新たな課題として、子供の朝の居場所というものも出てきております。日本全国的なのでしょうか、そのような声が上がっているというデータもありまして、こども家庭庁の調査結果によると、朝に自宅以外の居場所を利用してみたいと思っている保護者が３割、特に低学年や都心部の保護者にそのような傾向が多いそうです。こうした問題には、保護者の出勤時間帯が硬直的であるなどの働き方もあることから、国も、経済団体との対話を図り、こども・子育てに優しい社会づくりの機運を醸成していくとありました。このこども家庭庁の調査は、全国の約3,700名を対象とした調査として載っているんですが、「とても利用したい」と希望するのが１年生で27.4％、１年生から６年生まで「利用したい」という方が30.3％、「利用する必要はない」と言っている方も70％はいるんです。都市別で見ますと、23区だけで絞ると42％にそういう希望があるという結果が出ております。

こうした部分は、もちろん入学前の段階で御家庭の中でも話し合っていただきたいなと思ったりするんですけれども、今、現状認識としてどのようなことが考えられるのかなと思っておりまして、御見解がありましたらいただきたいと思います。",2025,2025/10/01,決算特別委員会,議員
,令和7年　決算特別委員会(第4日　10月1日),竹内委員,竹内幸美,"ありがとうございます。

子供も忙しいんだなというのが、本当に親と同じスケジュールで動いていて、いつもだったら学校に行く前に家でごろごろしていたり、そういう時間にもう行きなさいと出されるケースであったり、一人で電気を消して、ガスを消して、何とかをして鍵を締めて出てくるという状況があります。今、ランドセルの横にキーホルダーみたいにしてついているものがあるんですけれども、防犯ブザーかと思ったらそうではなくて、家の鍵をいろいろなキャラクターのキーホルダーにしまえるような感じになっていまして、一昔前は防犯ブザーだったのになと思ったら、おうちの鍵をランドセルにつけて持って歩いているという状況です。

あまり、本当にそういう子がいるのかなと思っていました。割と早くに学校の正門に着いて正門が開くのを待っている子はよく見ていたんですが、先ほどセーフティネットというお話がありましたけれども、これは１か月前の新学期の朝の登校見守りだったんですが、泣きながら登校する小学校１年生の女の子がいました。声をかけたんですけれども、ただ泣いているだけだったので、じゃあ、手をつないで一緒に行こうかと言って学校まで行きました。

歩いている間に涙が乾いて、そのまま学校に入っていったんですけれども、次の日も、声を上げてわんわん泣きながら登校してきて、もう一回じゃあ、一緒に行こうかと言って手をつないでちょっと話をしていたら、お母さんが朝早く出てしまうんです。そしてパパは弟の保育園があるから一緒に行けないから、一人で行けと言われたと。子供からすると、何で私は一人で行かなければいけないんだろうという気持ちになってしまうんだろうなと思いました。

話しているうちに笑顔が出てきて、登校して３日目からは、何か登校する途中で楽しみがあったらいいなと思って、おはようと言ってハイタッチをして登校を見守っています。この子供の涙を親御さんは知らないと思うと、本当は教えてあげたいなとか、本当に人生のちょっとしたことで、成長すると忘れてしまう程度のことなんですけれども、そういう部分ではセーフティネットの機能は必要だなと思っています。

ずっと地域のお兄ちゃん、うちの息子の同級生の２歳上のお兄ちゃんだったんですけれども、大学入試に当たってちょっと相談に乗ってほしいと言われました。その子が実は子供の頃から僕はずっと寂しかったんだと言ったんです。いつも礼儀正しくて、しっかりしていて、弟妹がいるんですけれども、その子供たちの面倒を見てくれているしっかりしたお兄ちゃんだなと思っていたんですけれども、実は彼は僕は寂しかったと。

でも、多分いろいろな理由があったと思います。長男だからとか、３人きょうだいがいれば、お母さんが大変だというところを見て手伝う、優しい子に育ったなと思っているんですけれども、その子が僕も寂しかったから、そういう子供を救ってあげる仕事がしたいと言って、その後大学に入って、今はもう就職したんですけれども、いろいろなそういう子供たちを救う仕事はあると思うんですけれども、彼は家造りというものを選んで進んでいきました。保育士さんとか、いろいろなそういう方向に行くのかなと思ったら、そうではない、家族がくつろげる家を造りたいと言っていました。

子供のひとときのタイミングで一瞬で過ぎていきますから、後になると忘れてしまう感情もあるかと思いますが、そうした部分、現状の実態調査の検討をしていただきながら、保護者にもこうした状況があるということは少し理解してもらいたいなというのが本音のところにあります。今、前向きに検討していっていただけるというお話がありましたので、そこの部分を本当に一例ではありますが、そういう現状があるという部分で御検討いただけたらと思います。お願いいたします。

続いて、障害者の施策の部分でお伺いしたいと思います。令和６年11月に開設されました月島三丁目北地区の知的障害のグループホーム、リヴェール月島についてです。本区の障害児（者）の保護者にとって、切望されてきた施設の一つでもあると思います。グループホームのほかに、相談支援事業所や就労継続支援Ｂ型事業所、緊急時の受入れ、機械入浴サービスなど、障害者に対して様々なサービスが提供されていることと思います。間もなく開設から１年を迎えようとしていますが、これまでの施設の利用状況、利用者、御家族からの御意見、御要望、また緊急時の受入れとか、機械入浴サービスも提供されていたと思いますので、そちらの状況についてもお示しいただきたいと思います。",2025,2025/10/01,決算特別委員会,議員
,令和7年　決算特別委員会(第4日　10月1日),竹内委員,竹内幸美,"御答弁ありがとうございました。

まず、拠点コーディネーターが配置されているということで、地域の相談支援体制の充実にも寄与する施設と認識しています。運営が始まっていきなり順調かというとそうではなくて、その中で様々に見直しながら、また入居者の医ケアの対応という部分でも慎重に行っていくという御答弁があったかと思います。フィーリング、スタッフとの相性とか、そういった部分でもしっかりと自立の支援をしていかれるためには慎重でかつ適切なサポートを要すると思いますので、そこの部分についてもしっかりと状況を見て進めていただきたいと思います。

また、機械入浴サービスについてですが、周知だけの部分なのか、たしかあそこまで行けば１回500円でというお話もあったかと思いますので、そこの状況、こういうものがあるんですけれどもという調査もして、改善して利用されるものであれば、そこもお願いしたいと思います。今、親なき後の施設ということで、すごく期待が高まっているところもあると思います。非常に老障介護とも言われて、家族も少し年を取ってきて、本人も年を取ってきて大変になっている部分と、また介護人材、本当にこの福祉系の人材は、保育もそうですけれども、人材確保が難しい時代になってきています。区内にはレインボーハウスもあるかと思いますので、こういった部分の連携、また今後の展望ということでお聞かせいただけたらと思います。",2025,2025/10/01,決算特別委員会,議員
,令和7年　決算特別委員会(第4日　10月1日),竹内委員,竹内幸美,"ありがとうございました。

レインボーハウスとも連携しながら、親亡き後のニーズに対応していってくださる姿勢だと思っております。医ケアがあってもなくても、命を預かるという部分が非常に大きいと思いますので、しっかりとサポートをできる人材確保という部分でもしっかりとしていただけるような提案をお願いいたします。昨日、かえで学級の質問をしましたけれども、そういう生涯学習の分野と、あと現実的に生活を支援していくという部分で、区内の需要にしっかりとお応えできるような支援体制をお願いいたします。

次が最後の質問になろうかと思います。先ほど最初の御答弁で、子供たちの育ちのサポートの体制の整備ということで、令和６年度、子ども家庭支援センターが保健所等複合施設の中に入ったことで、様々に連携を取って、よりよい子供たちの支援体制を整えていくということをおっしゃっておられたと思います。今年の４月のこども家庭センターの設置は、児童福祉と母子保健という部分で連携を強化したとございましたが、その他、子ども発達支援センターや教育センターといった施設との連携という部分ではどのような連携を取ってこられたのか。この部分は、予算特別委員会の中でも、総合的な支援体制ができるさらなる取組の強化が図られるという御答弁をいただいておりますので、ここの部分はどのような状況になっているのか、お聞かせいただきたいと思います。",2025,2025/10/01,決算特別委員会,議員
,令和7年　決算特別委員会(第4日　10月1日),竹内委員,竹内幸美,"ありがとうございます。

縦の連携というところは、とてもあの施設の中で子供たちのサポート体制ができていくという部分で、今後の発展的な支援ということにも期待しているところでございます。今、家族プログラムというお話もありましたが、一つの家族の体制の構築という部分も、個別の課題があろうかと思いますが、区内では今まさに教育のほうでは就学相談なども行って、来年の入学に向けて尽力していただいていることと思います。いつもこの子供の就学の切替えの段階で福祉から教育へという部分には課題感があって、育ちのサポートカルテを持って就学相談に行ければいいけれども、そこは保護者の任意で、見せる方と見せない方がいるということも聞いています。こども家庭センター機能とか、保健所との連携が取れて、妊娠期から母親と子供をサポートしていく体制も整っているところですので、子ども発達支援センター、保健所と連携を取りながら、就学に至るまで、その子供の特性というものをしっかりと把握して、さらなるサポートにつながるといいなと個人的には思っています。

いろいろ制度のはざまという部分もあるかと思いますが、子供の発達の段階は、早期に発見をして早期にサポートして、保護者にも理解してもらってというそのプロセスがすごく大切だなと思っておりますので、固い連携を取って、子供の成長のためにということでお取組を推進していただきたいと思います。

また、子供が増える中でスペースの話とか、いろいろしてきましたが、柔軟な考えを持って子供の成長にかかる部分、発達のサポートができるような部分も御検討いただきたいと思っております。高齢者の課題もそれなりにたくさん蓄積していると思うんですけれども、皆さん、充実施策の中で安心に安全に過ごしている現状もあろうかと思います。今後、人口も増えていき、年月が過ぎるとともに高齢者ニーズも高まってくると思いますが、的確な状況を見据えたサポート体制を整えていただきたいと思います。

以上で終わります。",2025,2025/10/01,決算特別委員会,議員
,令和7年　決算特別委員会(第6日　10月3日),竹内委員,竹内幸美,"それでは、都市整備費の質問を行ってまいります。都市整備、やはり一番大きいことは、本区にとって築地市場跡地の開発であろうと思います。ですが、今までのつながり、いろいろなものを考えますと、単年度で物事が解決するわけではなく、今までの行ってきていただいたものが今につながり、そして未来につながっていくんだろうなと思っています。都市基盤の整備ですとかは非常に大きいものですから、令和６年度の実績もいろいろお伺いをしていきたいと思いますが、その前に、冒頭のところでちょっとだけ、今後のことも踏まえて、本区の見解を伺いたいことがあります。

今まで築地市場跡地に関わるところで、大きいのは、もちろん高速晴海線とかもありますけれども、地下鉄新線というものを長きにわたり、区で地域から上がった声をどのような形にして臨海部の交通課題解決につなげていけるかというところでお取組をいただいてきていたと思います。都心・臨海地下鉄新線の推進大会で、市川宏雄先生の基調講演というのを数回聞いておりまして、その中で、この地下鉄は国際競争力に資するものにしていかなければならないですとか、都市力を高めることが必要であるということを講演の中でおっしゃっていたと思います。もちろんこの地下鉄も築地を通りますし、この地下鉄が通るのは、2040年を目途としてということも発表されておりますので、どうしても開発よりも後になってしまうというものがあります。

そんな中で、ニューヨークですとか、ロンドン、パリというものを事例に出されて、いろいろな交通の利便性が必要である、アフターＭＩＣＥが必要である、そういったお話もあったんですけれども、そういった部分というのは各国、都市によって違いがあると思っています。

そういった中で、中央区、本区にとって都市力を高めるですとか、国際競争力に資するというのは、どのようなお考えを持っていらっしゃるか、まずはその部分をお聞かせいただきたいと思います。",2025,2025/10/03,決算特別委員会,議員
,令和7年　決算特別委員会(第6日　10月3日),竹内委員,竹内幸美,"ありがとうございます。中央区が築地に向き合ってきた時間、40年という歳月がありました。そこの部分で、区として、国際競争力が先というわけではなくて、しっかりとそこの土台の部分を整えること、これがまず最優先であるというふうに受け止めております。

ちょっと築地のことは１回置いておいて、その土台の部分ということで、中央区内は商業エリアと住人が住まう居住エリアと、今すごく大きく２つのエリアに分かれているだろうなと。その一方で、再開発というものが区内で様々に広げられてきております。もちろん先ほど申し上げましたように、単年度の積み重ねで今に至って、安心・安全なまちになっている、築地への今後の周辺状況とのネットワークができていくという部分もあろうかと思います。

まず、令和６年度、例えば密集街区の調査などもしていただいておりますし、あと、区内で開発をしてきた中で、どういう地域課題を抽出しながら現在に至っているか、少し事例も挙げてお取組をお示しください。",2025,2025/10/03,決算特別委員会,議員
,令和7年　決算特別委員会(第6日　10月3日),竹内委員,竹内幸美,"ありがとうございます。今、物価高の影響による御苦労も少しお話をいただいたところであります。今までの勢いと今後の勢いは少し変わってくるであろうというようなお話は、今までの質疑の中でも少し出ておりますので、これがどういうふうに今後のまちに影響してくるのかなというものもございます。

ただ、今でも再開発の計画をされていて、この事業別評価シートの今後の方向性というところでも、まちの方々、まちづくり協議会を通じ、地域住民と意見交換を重ねながら、地域の課題をこういった中で解決をしていくということも示されておりますし、必要な都市基盤及び人口増加に対応した公共公益施設の整備を推進していくということも今後の方向性として示されております。

本当に、単年度に１つずつお取組いただくもの、単年度の中でやるもの、未来を見据えて、そこからつながっていく事業というものも土台をつくっていくものとなっていきますので、ここについても、これからはすごく今までどおりにいかない状況も発生してくるのかと思いますが、どうかこの部分も、国、都へ要望しながら、この築地の開発ともつなげて、中央区の全体のブランドイメージということがさっき出ていましたけれども、そういうものにつながるよう、周辺の開発に関してもお取組を進めていただきたいと思います。

もう一度、築地の話に戻ってまいります。市川宏雄先生の、先ほどもお話をしましたが、基調講演を聞いておりますと、国際競争力等はさておき、こういう施設ができると、アフターＭＩＣＥの機能も非常に大切であるというようなお話もありました。ここから先というのは、今までお取組をいただいている地域の開発、都市基盤の整備は、中央区内だけのこともありますし、近隣区と連携をして広げていかなければならないことも十分にあると思います。

まちづくり協議会などでも様々な意見が出て、期待が高いところ、あと、今までかけた歳月の中で、先ほども吉田副区長がおっしゃっていましたが、いろいろな地域の感情も含めて、様々なものを抱えながら前進をしてきているというお言葉もありました。

やはり感情的になれば、こういうものを最初に示してもらわなきゃ許さないんだ何だという話もあると思うんですけれども、交通課題というのが一番大きな課題である、４面あるうちの２面は河川に面している、道路は２面しかない、そうしたときに交通課題はというようなお話もされておりまして、そこは真っ先に解決をしていかなければならない部分でありますが、そういうものを進めていくに当たっては、本区として、いつがタイムリミットであるというような明確なものを示しておかなければ、物事を進めていくに当たって支障が出てくるだろうなと思います。

もちろん未来の計画という部分です。中央区にあるけれども、東京都の土地で、事業者さんがいる、その事業者さんの思いに対して中央区がどこまで意見を言えるか、いろいろあると思いますが、やはりきちっと物事を詰めていくためのタイムリミットというのがあるかと思います。

こんなお話をするのは、地下鉄大江戸線が建設を始めたのは平成の初期からで、勝どきの清澄通りと晴海通り、ここの様子をずっと見ていたんですけれども、平成12年に開通しました。それまでは、平成の前期、夜間になると道が変わって、蓋をかけて、日中は通常どおりの通行がある、こんな状況が続いていました。

大江戸線が開通してしばらくして、あっ、これできれいになるかなと思ったら、今度は人が多いから、コンコースを一体化しなきゃいけないというので、またひっくり返して、夜間と日中の道が違うという現象が起きました。それが落ち着いたら、今度はプラットフォームが足りないというので、また工事で掘り返している。とにかくやっと道がきれいになったかなと思うと、また掘り返して、夜間は蓋を外して、道路の幅を狭めて通行してと、こういうことが30年間、結果的に起こっていました。

もちろんこの規模の開発ですから、すごく時間がかかるものは分かるんですけれども、今、交通の課題であると言っていた高速晴海線、これもずっとここのところ課題で出ています。あと、地下鉄の新線もそうです。ちょうどあのイメージ図のところの中というのは、開発のところと場外との境目のところでありますから、あの勝どきのイメージを、30年間のイメージを思い浮かべると、やはりそういうことが起こってほしくないなという気持ちでいます。

そういった中で、それぞれのタイムリミット、何かをきちっと話をつけなきゃいけない期限というものをどういうふうに考えていらっしゃるのか、ここをお示しください。",2025,2025/10/03,決算特別委員会,議員
,令和7年　決算特別委員会(第6日　10月3日),竹内委員,竹内幸美,"御答弁ありがとうございました。何かを急いでとか、せっかちな部分ではないんですけれども、計画を立てて沿ってやっていくという部分では、まだこれから事業者さんともしっかりと話し合っていかなきゃいけない。そこに東京都や国が関わっているので、やはり一つの関係性ではない中では、これからの交渉の部分も含めて非常に時間を要するものであるということ、そして、まちづくり協議会、伺わせていただいていますけれども、そういう中でも、しっかりとその場で回答してくれる東京都の方々にも来ていただきたいなというのが本当に切望されるところであります。持ち帰って返事をするということの繰り返しではなくて、今後スケジュール、スパンとして直接話し合っていかなければならないなと思います。

先ほど、真の国際交流の場であって、社会的意義としては平和であろうというお話もありました。場外とつないでいくということもずっと言っていました。場外市場と新たな施設をつないでいくことが大事であるという部分があったんですけど、すみません、これは言葉上なんですけど、つなぐというものを調べると、結びとめて離れないようにすることと書いてあるんですが、私は、意味合いとしては、紡ぐ、繊維を引き出して糸を紡いでいく、離れているものを１つに結ぶ、その紡ぐであると思っています。

築地市場が、跡地、そして場外市場、さらにはそこから派生して、各中央区内、近隣も含めて、あそこが地域を紡いでいく、そういう場になってほしいなと思っています。まだ長くかかるものですから、もちろん地域の意見を酌んで、皆さんが慎重にやっていただいていることも十分に分かっておりますが、これは時間をかけながら、しっかりとそのタイミング、タイミングで議論をして、よりよい開発、さらには結果として世界に認められる都市になっていただきたいと思っております。引き続き議論は続きますが、今日の質問はこれで終わります。",2025,2025/10/03,決算特別委員会,議員
,令和7年　決算特別委員会(第7日　10月6日),竹内委員,竹内幸美,"それでは、私からの質問をしてまいります。

まず最初に、幼稚園の預かり保育についてお伺いをしたいと思います。

我が会派から、令和５年７月、幼稚園施策のさらなる充実を求める緊急要望書を提出いたしました。そして、その後、令和６年度から、それまで３園で実施していた預かり保育を区内の13園に拡大していただき、また、幼稚園での弁当給食の提供も行っていただいている状況だと思います。要望に対する対策、施策を広げていただいたことには感謝を申し上げます。

令和６年度の実施状況、行政評価では、幼稚園預かり保育について、保護者ニーズに対応していくために、利用時間や定員の見直しをする必要があるという課題感を示されて、現在の令和７年度に時間の延長、定員の見直しという部分も行っていただいたと思っております。この件は、昨年９月の区民文教委員会でも次年度の施策ということでお示しいただきまして、我が会派からも質問させていただきました。令和７年度の事業展開をされるに当たってアンケートを取っていただいて、利用者の７割の方が時間の延長を望んでいるというような部分でもお示しをいただきました。昨年度の課題、園児というか、保護者の様子を見て、令和７年度上半期までのその後の状態や様子も少しお聞かせをいただきたいと思います。お願いいたします。",2025,2025/10/06,決算特別委員会,議員
,令和7年　決算特別委員会(第7日　10月6日),竹内委員,竹内幸美,"それぞれ経過を追って御説明いただきまして、ありがとうございます。

最初、幼稚園の保護者さんにお伺いしていると、うちの子は好き嫌いがあるから頼んでいいのかどうなのかと迷われる親御さんもいらっしゃいました。そういう中で、７月に80％というのは、恐らく暑さもあって、持たせたお弁当が傷むのではという部分での活用などもあるのかなと思います。あと、条件が必ずしもお仕事とか、そういった限られたものではないというところで、親御さんも安心して時折子供を預けられるという状況があり、預けやすさという部分もあるのかなと思います。地域によって人数の見直しなどもしていただいたところですが、現在の利用状況から、また見直さなければいけないような人数の調整というような部分は発生しているのでしょうか。その部分もお聞かせください。",2025,2025/10/06,決算特別委員会,議員
,令和7年　決算特別委員会(第7日　10月6日),竹内委員,竹内幸美,"御答弁ありがとうございました。

利用率に対して、様々できること、待機の見える化という、今、本当に庁内のいろいろな子育て機能も役所の窓口も見える化をしていただいて、利用しやすい状況も進めていただいているのだと思います。便利だと思う部分と安心だと思う部分と、いろいろ気持ちの中にはあるかと思いますが、やはり都心部、人口が増える中で、マンションにお住まいの方が多くて、相談できる方がいないとか、ちょっと気軽に預けられる状況がないという方にとっては非常によい施策だと思いますので、引き続き状況を見ながら検討を様々していただきたいと思います。

そして、幼稚園に関する部分ですが、小学校もそうですけれども、また幼稚園と小学校の違いはあろうかと思うので、１点、外国人が小学校でも増えてきていて、様々な課題があるというのは行政評価のほうにもありますが、幼稚園での外国人の方々に対する対応をどのようにしていらっしゃるのかと思います。この質問をつくるに当たり、いろいろホームページなども見ながら、外国語の対応というのもホームページで言葉の支援で英語、韓国語、中国語で御紹介をいただいておりますが、外国の方に対しては、割と窓口にお越しくださいとか、連絡をくださいというような案内を見ております。先日、ちょうど登庁してエレベーターに乗っていましたら、外国人の方が３名乗っていらして、６階で降りました。教育かなとは思うんですけれども、そういう部分で、今、外国人の親御さんは、お子さんの入園に対してどのような対応をしていらっしゃるかお示しいただけたらと思います。",2025,2025/10/06,決算特別委員会,議員
,令和7年　決算特別委員会(第7日　10月6日),竹内委員,竹内幸美,"それぞれ御答弁ありがとうございました。

子供は本当に順応が速いので、お遊戯とか工作とか、楽しいものを通じて、いつの間にか日常の片言の会話から始まってコミュニケーションが取れるようになっていると思っています。確かに、小学生、中学生と違って、日常を一緒に過ごすことで楽しさから学んでいくものがたくさんあると思います。親御さんに対しては、今、技術が大分進んでおりますし、私もいろいろな翻訳のサイトを見てみますけれども、かなり精度が上がっているんだなと思っています。幼稚園に対しても、外国籍の方もきっと少しずつ増えてきていると思いますので、引き続き御対応を様々に御検討いただいて進めていただきたいと思います。お願いいたします。

続いては、福祉保健費のところでも少しお話をさせていただきましたが、令和６年に保健所等の複合施設の中に、子供の育ちをサポートするという部分で、子ども発達支援センター、子ども家庭支援センター、教育センター、福祉センターが一体的に整備されて現在に至っていると思います。令和６年、そこの部分で、複合施設の中で子供をサポートする体制が大きく整ったと感じております。特に、生まれてから未就学のお子さんをサポートする子ども発達支援センターと、就学相談から教育委員会へと変わっていく、そこの変わり目の部分でどのようなサポートを行ってきていただいているか、このあたりを少しお示しいただけたらと思います。",2025,2025/10/06,決算特別委員会,議員
,令和7年　決算特別委員会(第7日　10月6日),竹内委員,竹内幸美,"御答弁ありがとうございました。

既に取り組んでいただいている部分、そして、すみません。私は更新できていなかったのが、学校に入ったときに育ちのサポートカルテがそのまま使えなくて、何か更新というか、聞き取らなければいけないんだというのを少し前に聞いていたような気がしていたんですけれども、そこも今までのずっと流れで、生まれてから成長していく過程をしっかりと見守っていただいているんだなと思いました。今の時代ですから、急にこの時期に転居してきてという方々も増えている中で、本当に子供の育ちを支えていく部分では御苦労も多いと思いますが、福祉部門から教育への連携というものもさらに深めていただいて、お取組を進めていただきたいと思います。

そして、相談を経て入学した後、今、発達に課題を抱えたお子様、そこから不登校等になっていくお子さんもいらっしゃいます。令和６年、校内別室登校という制度をつくっていただいて、その成果もあり、令和７年はさらなる拡充を行っていただいていると思います。令和７年度の教育に関する事務の管理及び執行の状況の点検及び評価の中では、メンタルサポーターの派遣、スクールソーシャルワーカーの増員、校内別室指導員の配置など、人的支援に努め、十分な成果を上げている。不登校の児童数が減少傾向であるという有識者の評価があります。主に不登校のほうの話になりますけれども、少し取組の詳細をお聞かせいただけたらと思います。",2025,2025/10/06,決算特別委員会,議員
,令和7年　決算特別委員会(第7日　10月6日),竹内委員,竹内幸美,"ありがとうございます。

コロナ禍でタブレット１人１台になった。そこから接点を持てる手段が増えたというところが非常に大きくなっている部分、また、教室には行かれないんだけれども、そうではないところには行かれるんだとか、中学生になると、朝は行かれないんだけれども、部活だけは頑張れると言って行っている子たちも見かけています。集団の中は苦手でも、自分が好きなもの、何か目標が見つかると、それに向かって頑張れる子もいるという点では、そうした部分をさらなる区内の学校にも拡充していただきたいと思います。

今年度、秋頃にとおっしゃっていた仮想空間を活用した取組という部分で、まだ始められたばかりではありますが、どのような状況かお示しをいただけたらと思います。",2025,2025/10/06,決算特別委員会,議員
,令和7年　決算特別委員会(第7日　10月6日),竹内委員,竹内幸美,"ありがとうございます。

そういう空間も接点になるという部分は、なかなかイメージがしづらい部分もありますけれども、子供に聞いてみると、やはりゲームなどで慣れている。そうした中で学ぶものもある。普通の一般のゲームなんですけれども、子供に聞いてみますと、勝てるグループをつくって対戦をして、勝つとネット上で使える賞金がもらえるんだと。その中でいろいろなコーディネーターさんとのやり取りをして、自分のレベルはこのぐらいだというのを、一般のゲームをやっている子供に聞くと、そういうものでコミュニケーション力を鍛えているというのもあるそうです。まだ、これから家庭訪問をして、この子に合うかどうか様子を見ながら、いろいろな場所があるよというのを紹介していただいているところだと思いますので、引き続き子供たちの様子を見ながら、こちらのほうも取組を進めていただけたらと思います。

そして、最後、小学校の外国人の子供に対する取組ということでお伺いをします。

令和６年の予算特別委員会で、我が会派より、本区の外国人住民が１万人を超えて区立学校の外国人の子供も増加傾向にあると想定されることから、その対応について、課題感も含めてお伺いをしました。その際には、語学指導員を配置し、日本の文化や習慣に触れながら、一人一人の子供たちが日本語を習得できるように努めていただいているということをお示しいただいていると思います。つい先日の10月１日の日付の人口で、ゼロ歳児から14歳までの合計が1,554人と出ておりました。全員が区立学校に入学しているわけではないと思います。地域ごとの様子も違うと思いますが、やはり増加傾向にはあるんだろうと思っております。令和６年のお取組状況を少しお示しいただけたらと思います。",2025,2025/10/06,決算特別委員会,議員
,令和7年　決算特別委員会(第7日　10月6日),竹内委員,竹内幸美,"ありがとうございます。

やはり幼稚園と違って、小学校、中学校というのは、その先の進学も踏まえた学習の場という部分もあろうかと思いますので、子供たちの学習の遅れといった部分に対する対応も必要になってくるかと思います。先ほど、翻訳をして保護者には対応していくという部分をお示しいただいておりましたが、小学校、特に保護者というよりは、今度は小学校は当事者になろうかと思うんですけれども、その当事者に対しては、どのぐらい翻訳等の機能を活用して、授業にも活用できるのかどうか。そのあたり、もし現在の段階でお考えがあるようでしたら、お示しください。",2025,2025/10/06,決算特別委員会,議員
,令和7年　決算特別委員会(第7日　10月6日),竹内委員,竹内幸美,"御答弁ありがとうございました。

今の時代だから可能になっていくという部分もあるのかなと思っています。子供の学びに対して様々に整備をしていただいてきて、多様化する中では、その対応も非常に複雑で大変なものと思っております。ただし、やはり日本の中で学校教育を受ける子供には、しっかりと日本の教育も伝えていただきたいと思います。外国からも本当に日本の教育はすばらしいという評価も聞いておりますので、引き続き様々に御尽力をいただけたらと思います。

私からは終わります。",2025,2025/10/06,決算特別委員会,議員
,令和7年　決算特別委員会(第7日　10月6日),竹内委員,竹内幸美,"それでは、私から３款の質問をしていきます。主に基金と区債というところになろうかと思います。

まずは、今後の基金と区債の見通しというところで質問をしたいと思います。

財政白書には、基金残高は増加をしている。令和６年度は区債を発行しなかったので、償還が進み、特別区債残高が７年ぶりに減少したと示されています。今後も積立ては行っていく。でも、施設整備基金や教育施設整備基金の残高は減少の傾向が見込まれるということ、そして、施設を整備するに当たっては、時により区債の発行も併せて行っていくため、区債残高も増えていくであろうということが示されています。現在の状況、特に令和６年の晴海のまちびらきに向けて、今までにないほど様々な施設整備を行ってきていただいていたと思います。この様子を見ると、昭和の終わりから平成の半ばぐらいまでの、人口回復施策の中で様々な施設の整備を行ってきた時代と同等のものを感じるわけであります。令和６年度の実質公債費比率は、３年間の平均で見ると、令和５年度の1.1％から1.6％、0.5ポイント増という状況ですが、単年度で見ると2.3％となります。もちろん、区債の償還が進んだからという部分もあるかと思います。健全財政の範疇ではあると思っておりますが、やはり負担が増加する方向に進んでいるように見えます。こうした状況の中で、まず、今ある区債の償還のピークはいつ頃になると見込まれているのか、ここの部分をお示しいただきたいと思います。

振り返ってみますと、監査意見書をポイントポイントで何か所か拾い上げているんですけれども、古いのは平成10年のものがありまして、この当時の区債の状況というところには37の区債を抱えている状況が書かれています。これが平成20年になりますと22種類、種類という表現でいいんですかね、22の区債を抱えている状況、そして、では現在の状況はというと、今掲げられているものは63ありました。当然、時代時代で利率もかなり違います。昭和の終わりから平成の半ばぐらいまでは、利率も多いと７％というような数字もありましたから、今から比べると、償還していく利子の部分は、割合は少ないのだろうと思うんですけれども、やはり量が多くなっている。こういった部分で、まずピークをどのぐらいの位置、これからもちろんまだあると思いますけれども、現時点でどのぐらいがピークだとお考えかお示しをいただきたいと思います。",2025,2025/10/06,決算特別委員会,議員
,令和7年　決算特別委員会(第7日　10月6日),竹内委員,竹内幸美,"ありがとうございます。現時点では令和12年で44億円と。償還をしていくわけですから、先を見通せるという部分では、現時点の数字である。まだ今後の施設整備の課題もありますので、もちろん、ここから先、またピークが延びていくんだろうということは想像しております。

今、調達の仕方にもよるというお話があったかと思うんですが、区債の調達先というんですか、監査意見書一覧を見ていますと、振興協会、振興基金、政府、銀行と書いてあります。近年のものは大体それが多くなっております。少し昔のものを見ると、縁故と書いてあったり、あと公募債みたいなものもあるんですが、現段階は４つで借り分けをしているように見えますが、ここの借り分けの優先順位はどういう形で調達をされているのか、ここについてもお示しをお願いいたします。",2025,2025/10/06,決算特別委員会,議員
,令和7年　決算特別委員会(第7日　10月6日),竹内委員,竹内幸美,"ありがとうございます。

私は３款の質問が実は初めてですので、過去、皆さんがどういう質問をしているか、会議録を見ながら、いろいろな角度で見られるように探しておりました。その中で一番古く残っているのが平成16年からなので、その頃に多分一番財政的にも、人口は上がってきているけれども、まだちょっと苦しいという時期であって、今年の一般質問でもちょっとお話をしましたが、財政調整基金から一括償還をした頃だったかと思います。単年度の公債費比率が12％を超えるというようなことがありまして、そういったときの会議録を見ますと、時期が来て借換えをしてというような工夫をされているんだと思っていました。

先ほどの調達先というのは、今は活用されていない調達先があるけれども、借換えという考え方の中で、財政の平準化を行って今後も検討していくということで理解をしました。いろいろこういった工夫をされているという部分で、次の質問は基金利子の部分です。基金利子も、やはり基金の原資の一部であろうと思います。令和５年度と比較すると、基金利子が、令和５年度は約3,448万円だったものが、令和６年度は１億円を超えるものとなっておりまして、前年と比較して３倍近く増えております。この要因というのはどういう部分にあったのか、お示しをいただけたらと思います。",2025,2025/10/06,決算特別委員会,議員
,令和7年　決算特別委員会(第7日　10月6日),竹内委員,竹内幸美,"ありがとうございます。

基金として長く、要するに貯金をしていく中で、そういった運用もしていただいているという部分だったかと思います。ゼロ金利が終わって、多分いろいろこれから借りるのにも利子が高くなるんだろうと思う反面、預けている部分の利子も高くなるのであろうと思うのですが、ただ預けているだけではないという部分で、どのような運用をされているのか、その一部をお示しいただけたらお願いいたします。",2025,2025/10/06,決算特別委員会,議員
,令和7年　決算特別委員会(第7日　10月6日),竹内委員,竹内幸美,"どうもありがとうございます。日頃見えない努力の部分なので、でも、こうやって数字で結果として出てきた中では、どのような御努力をしていただいているのかなと思いました。やはり大きな部分で、未来へ向けて少しずつ地道に増やしていただくことで、将来負担というものも減らしていくことができるんだろうと思います。

先ほど過去の資料を見ていて、住民参加型市場公募債というものを見つけました。これ、近年ですと、令和になってからは、23区で活用している自治体はなさそうですけれども、一番直近で平成30年に世田谷区が公園用地取得のために10億円の起債をしています。遡ってみると、23区では平成14年頃から少しブームになったんでしょうかね。あまり大きな金額ではありませんが、活用目的は公園用地取得、学校の耐震補強、文化センターの建設というものでした。本区でもそれを起こしていたのは、子育て応援債として平成19年に２回発行されています。１回目は平成19年２月に２億円、表面利率が1.56％、２回目は10月に発行額５億円、この利率が1.48％として起債をされていました。いずれも５年で満期一括償還という部分で、このときの目的は保育園の改築工事や子ども家庭支援センターを整備したときでありました。住民参加型ですから、今、中央区の状況を見ると、こういう活用の仕方もあるのかなと個人的に思ったものですから、このお話をしました。今の時代に見合っているのかは分かりませんが、こういったものの活用は今後検討し得るものなのでしょうか。そのあたりをお聞かせください。",2025,2025/10/06,決算特別委員会,議員
,令和7年　決算特別委員会(第7日　10月6日),竹内委員,竹内幸美,"御答弁ありがとうございました。

やはり時代に見合った区債の調達先の確保というものもあろうかと思います。単純に考えると、ふるさと納税で流出するよりは、こういうものに少し興味を示していただいて、地域に貢献してもらえないかなという気持ちもありますが、それぞれ、そのときの状況、今まさに、まだまだ施設整備が必要であるという段階ですので、安定したところから借りていただいて、そして運用していただくという流れが一番安定的なものなのかなと感じました。

うちも会派の議員控室や引退された先輩議員さんとお話をいろいろさせていただくときがあるんですけれども、その昔、予算、決算の委員会では、歳入というものをあまり考えずに、歳出のことばかり話をしてきた、議論をしてきた時代があったんだと。だけれども、やはり入ってくるもの、どういうものが入ってきて、それをどういうふうに運用して、どういう基金として積んで、将来負担を減らしていくか、そういうものを統一的に考えていくことが大事である。だから、今では当たり前に歳入を最初に質問するようになりましたけれども、そういった経緯があるんだというお話を聞いています。

今、人口が増加している。そうすると、義務的経費も公債費も含めて増えていくという中で、今まで本区が積み重ねてきた基金の存在というのは非常に大きいものであって、この基金があるから、皆さんに安定的な福祉であったり、安心した生活環境の中で様々な施策ができるんだというお話を伺いました。基金として、しっかりと適切な時期に使えるように、ためるばかりではなく、時には思い切った、過去にやった一括償還で将来負担を減らすということも、もしかしたら将来的にあるのかもしれませんが、それに向けて、まずは将来負担の平準化という部分で様々に努めていただきたいと思います。

少し早いですが、これで質問を終わります。",2025,2025/10/06,決算特別委員会,議員
,令和7年　決算特別委員会(第6日　10月3日),坪川副参事（交通安全対策・特命担当）,山本理恵,"私からは自転車用ヘルメット助成について御説明いたします。このヘルメットの購入助成事業につきましては、令和５年11月から令和７年３月まで、令和５年度、６年度と引き続き行いまして、令和５年度にありましては240件の助成、また、令和６年度にありましては687件の助成ということで、計927件の助成をいたしまして、月で表しますと、大体毎月約55件程度の助成を行ってきたということになってございます。

また、ヘルメットの着用状況、利用状況という形なんですが、本区で昨年度アンケート調査を実施したところ、区民の方で自転車用ヘルメットを持っていますよという方は、前年比で15％増えまして57％と、そういった結果もありました。その中で、乗車時に持っているヘルメットをかぶっていますよという方は22％という状況となってございます。

私からは以上となります。",2025,2025/10/03,決算特別委員会,理事者
,令和7年　決算特別委員会(第6日　10月3日),坪川副参事（交通安全対策・特命担当）,山本理恵,"私からは校庭開放におけます自転車の練習、こちらの実績等について説明いたします。

委員おっしゃったとおり、現在、区内３つの小学校、明正小学校、日本橋小学校、月島第一小学校、この３校におきまして、休日に校庭を開放しての自転車の練習というところでさせていただいておりますが、昨年度の実績といたしましては、３校を合わせまして17回、119名のお子様が自転車の練習で利用されております。この数字が多いか少ないかというところではございますが、また、他校への拡充等につきましては、学校等のスケジュール等の関係もございますので、今難航している状況ではございます。

その事業に補塡しまして、昨年、区では子ども自転車教室、こちらのほうを実施いたしました。昨年の11月と今年３月の２クールに分けまして、計６回で81名のお子様に参加していただきました。場所については校庭開放で御協力いただいた小学校でやらせていただいたところでございます。そこのところでは、保護者の方からアンケートもいただきまして、乗り方教室につきましては97％の保護者の方から好評をいただいたところでございます。また、管轄する警察署の交通担当の警察官から、子供に対して、また保護者に対して、交通ルール・マナーの安全指導もしていただいたところでございまして、こういったところも84％の保護者が御満足いただけたというところになってございます。

今後の課題としましては、こういった練習の場を拡大することはもとより、お子様の手本となられます保護者の方々にも、交通ルールの周知、こういったところを区としても、また警察と連携しながら、全力で取り組んでいきたいと考えております。

私からは以上となります。",2025,2025/10/03,決算特別委員会,理事者
,令和7年　決算特別委員会(第6日　10月3日),坪川副参事（交通安全対策・特命担当）,山本理恵,"自転車の交通取締りに関する情報についてお答えいたします。

委員御案内のとおり、来年４月から、自転車の取締りについても、いわゆる青切符が適用されるということが話題になっておりまして、その点につきましては、先般の秋の全国交通安全運動の中で、所轄警察署と交通街頭のキャンペーンを組みまして、それにまつわる周知のチラシ、また、啓発グッズ等を区、また警察と連携しながら配布するなど、そういったところで周知を行っております。

また、新聞報道等、また警視庁等の情報によりますと、全ての違反が即取り締まられるということではないようですが、そういったところを来年の４月近くになるまでに、国や警察等の動向も注視しながら、伝えるべきところをホームページやチラシ、またＳＮＳ等を活用しながら区民の方々にお伝えして、区民の方々が違反をしない、また交通ルールを守る、そういったような取組を強化してまいりたいと思います。

以上です。",2025,2025/10/03,決算特別委員会,理事者
,令和7年　決算特別委員会(第3日　9月30日),坪川副参事（生活安全・特命担当）,しらす夏,"今、御質問がありました体感治安の関係ですが、実際の刑法犯の認知件数等から話をさせていただきます。

まず、昨年、令和６年中ですが、これは年度ではなく、１月から12月の話となります。警視庁からデータをいただいたものですが、都内におきましては、刑法犯９万4,752件ということで、前年比はプラス5,654件、増減率は6.3％の増となっております。これに加えまして、中央区内にありましては1,979件の刑法犯が認知されている状況でございます。こちらについては、前年比はプラス151件ということで、増減のほうはプラス8.3％となっております。

さっき委員からのお話にもあったとおり、体感治安という点では、ややもすれば治安が悪くなったと感じられている区民の方も多いのかなとは思います。そうした中で、区と、また区内の警察署が連携して様々な取組を進めているところでございます。その中で、警察署も、こういった中で取締りや防犯活動、また区のほうも併せて連携を取って努めてまいりますので、また、よろしくお願いいたします。",2025,2025/09/30,決算特別委員会,理事者
,令和7年　決算特別委員会(第2日　9月29日),田中（広）委員,田中広一,"それでは、一般会計歳入について質問させていただきます。

私からは、特別区民税、使用料及び手数料、財産収入の３点についてお伺いいたします。

まず、特別区民税についてでございます。特別区民税の、特に収入未済額の取組について伺いたいと思います。

改めて、まず最初に、定額減税につきましては、これまでの議論で大変な御苦労があったと伺いまして、本当に敬意を表する次第でございます。その上で質問させていただきます。令和６年度決算の収入未済額７億3,633万2,239円で、前年度より１億2,814万2,781円増となっております。これまで減少傾向で、区の様々な御努力がしっかり出てきていたかと思いますけれども、これは令和６年度だけがこういう状況ではありますけれども、少し何か変化があったのか、状況を御説明いただければありがたいと思います。

２点目は、使用料及び手数料でございます。

新しい施設として、ＨＡＲＵＭＩ　ＦＬＡＧがスタートいたしまして、晴海地域交流センター、はるみらいの使用料、当初の予算が約3,300万円であったところが、決算では3,900万円と。なかなか見込むことは難しいのでありますけれども、当初の予算より増となったという結果となっております。また、新しいところとしては、晴海西小学校のプールなど、取組がスタートしたかと思います。当然、詳細は決算書では分かりませんので、どういった状況だったのか、当初の見込みからどうだったのか、少し分かりやすく教えていただければありがたいと思います。

そして、３点目は、財産収入の中の基金利子についてでございます。

これまで令和６年度の決算、そして今年の３月の予算特別委員会でも取り上げて、いろいろ質疑を進めてまいりました。その中で御答弁いただいた中では、令和６年度の方針では、定期預金で一定の流動性を確保しつつ、５年の高速道路社債など、利回りのよい債券による運用を図っていきながら、令和６年度は令和５年度の方針を踏まえた上で、さらに短期の２年債ですとか、３年債といった債券の購入を進めていくというお話がありました。この債権比率も８対２をめどといたしまして、少し債権比率を上げていける環境であれば上げていきたいというような趣旨の御答弁もあったところであります。また、定期預金につきましても、コール権付定期預金という新しいものがあるということで御紹介もいただいたところであります。

そこで、お伺いいたしますが、令和６年度の予算策定時では、マイナス金利の状態での算定ということでありましたので、2,500万円程度の見込みでありましたけれども、その後、補正予算等でも利子の増額補正がされまして、決算額としては約１億1,900万円となりました。決算を迎えまして、改めて、どのような取組をしてこられたのか御見解をお願いいたします。",2025,2025/09/29,決算特別委員会,議員
,令和7年　決算特別委員会(第2日　9月29日),田中（広）委員,田中広一,"それぞれ分かりやすく御答弁いただきまして、ありがとうございます。

まず、特別区民税についてでございます。

今、お話を伺っていて、いろいろな御努力をされている中で、本当に大きくシステムの更新があったり、定額減税の業務があったり、様々な環境の中で取り組んでおられて、その中でのお話であったというふうに認識をいたしました。いろいろ御努力されている中で大変恐縮ではあるんですけれども、少しでも仕事がしやすく、また収納率が上がるようにという思いでのお話でございます。

都政新報を見ておりましたら、八王子市なんですけれども、市税の収納率が99.9％を達成しましたと。その要因として、御担当の課長さんとしては、財政調査の電子化の効果が大きかったということであります。少し分かりやすく御紹介させていただきますと、金融機関に滞納者の資産情報の照会をかける財産調査を、今まで文書で行っていたところが、2021年１月に電子化を一部導入して、これにより金融機関ごとへの一斉照会が可能となった、要はスピードが上がったということなんです。今まで１か月かかっていたことが１週間程度に短縮されましたと。あわせて、体制も強化できたということで、人員の増加もできたというところであります。さらに、金融機関からの回答は、これまで手で入力していたようですけれども、ＡＩ－ＯＣＲあるいはＲＰＡを活用してスピードが図られて、件数も、これまで約1,400件の件数を行っていたところが、１万2,000件と飛躍的に件数を処理することができたといったお話でございます。そのほかにも、コンビニ払いなど利便性を高める一方で、日曜日に納税の相談窓口を設けるなど、顔の見える対応も行って、大変意義があったような趣旨の内容も書かれておりました。

いずれにしても、今、いろいろな御努力をされている中で、これまでも努力されておりますけれども、今後進めていくに当たって、こうした取組も参考としていただきながら、さらに収納率を上げていただければと思いますが、この点、御見解はいかがでございますでしょうか。

また、使用料及び手数料のところで、はるみらいあるいは晴海西小・中学校のお話をいただきました。歳入が多くなっているということは、今お話があったとおり、それだけ区民の皆様に御利用いただいているということですので、これは本当に大事なことだと思います。新しいまちでの新しいこうした取組でありますので、この場では歳入増がありがたいんですけれども、区民の皆様に本当に喜んで利用していただいて、その上で歳入が上がるという取組を引き続きよろしくお願いします。

それから、基金利子のところでございます。御答弁ありがとうございます。

今、財源を確保していくというのは大変な状況だと思いまして、その中での基金利子というのは、これまでと比べてすごく大きくなってきたと思います。今、お話を伺って、また、これまでの議論を伺っていますと、人気のある商品はやはり取り合いになるということがたしかありました。そのときに、情報収集が大事だということだったんですけれども、情報収集するに当たって、こういった工夫を考えておりますとか、次に向けて何か御検討していることがありましたら、教えていただければありがたいと思います。よろしくお願いします。",2025,2025/09/29,決算特別委員会,議員
,令和7年　決算特別委員会(第2日　9月29日),田中（広）委員,田中広一,"御答弁ありがとうございました。

区民税の取組につきましては、本当にこれまで一生懸命積み上げてきた取組を伺っておりますので、引き続きお取組をどうぞよろしくお願いいたします。

また、基金利子については、１億円を超える決算を迎えるというのは、本当に13年、14年ぶりだというふうに、この前も議論の中で出てきておりましたけれども、今、こうやって環境が変わってきた中で、大事な取組になってくるかと思います。しかしながら、安全第一で、かつ効率的にこの資産をどう運用していくかということは、当然、申し上げるまでもなく重要なことでありますので、情報収集をさらに促進していただきながら、歳入増につなげていただければと存じます。

以上で質問を終わります。ありがとうございました。",2025,2025/09/29,決算特別委員会,議員
,令和7年　決算特別委員会(第3日　9月30日),田中（広）委員,田中広一,"それでは、私から企画費・総務費について質問させていただきます。主に物価高騰対策、シティプロモーション、執務環境の整備の３点についてお伺いいたします。

まず、物価高騰対策についてでございます。

これは本当に最重要課題の一つとなっておりまして、令和６年度は補正予算を組みながら、また、昨日の歳入の中での質疑でも、定額減税のいろいろな御尽力があってのことであったかと思います。改めまして、令和６年度の物価高騰対策は、どのように検討して財源を確保し取り組んでこられたのか、御見解をお願いいたします。",2025,2025/09/30,決算特別委員会,議員
,令和7年　決算特別委員会(第3日　9月30日),田中（広）委員,田中広一,"ありがとうございます。本当に全庁を挙げて、大事な物価高騰対策にしっかり取り組んでいただいたと思っております。

先日、地域の保育園に通っていらっしゃるお子さんがいる御家族の方とお話しして、会って開口一番、家賃助成はないんですかと最初に言われました。共働きで結婚を機に中央区に引っ越してこられたんですけれども、すぐそういう話題が出てまいりました。これは、本当に多くの方がいろいろなことで悩んでいるという一つの表れだと私は思っております。また、その方は少し気を遣ってくれたのかもしれないですが、マイナンバーカードの更新手続で区役所を訪れたときに、すごく親切で丁寧な対応をしていただいたと喜んでいるお話もされました。

いずれにしても、物価高騰対策というのは、いろいろな分野において影響が出ておりますので、既に来年度の予算編成の方針も出ておりますけれども、特に区民に向けた物価高騰対策は、引き続き、財源を確保していただきながら、全庁挙げて取り組んでいただきますようお願いをいたします。

その上で、今、御答弁の中でありました区内共通買物・食事券、これは中小企業支援が主な目的ではありますけれども、区民の皆様にとっては大変関心の高い事業の一つであります。引き続き、さらなる充実、検討をお願いしたいと思うんですが、あわせて、区内共通買物・食事券と併せた相乗効果を狙って、利用しやすくなるようにということで、共通アプリの導入について伺いたいと思います。

昨年の第四回区議会定例会の一般質問で、ポイント事業の共通アプリの検討について質問いたしました。山本区長からは、各事業と一体的な運用を行うことができる共通アプリの導入に向け、今年度から庁内検討を開始したところであり、こうした検討を進めていく中で、買物券事業の電子化について引き続き検討を進めてまいりますとありました。買物券の電子化ということだけではなくて、ストレートに物価高騰対策とはいかないまでも、ポイント事業を利用しやすくすることによって、事業を多くの方に使っていただきつつ、少しでも区民の日頃の生活にプラスになるような取組を検討していただきたいと思うんですが、現在の検討状況を教えていただければありがたいと思います。

それから、シティプロモーションの展開につなげていきたいと思うんですが、令和６年度の予算の題名であります「人がつながり　まちもつながる　安全安心なまちを目指して」ということで、昨年の予算特別委員会で題名に込めた思いについて伺ったところであります。御答弁では、次のようにいただきました。今後、区の都市開発とか、各種施策を展開する上では、人と人とのつながりを常に念頭に置きながら、こういった財源を使って各種施策の展開を図っていく必要があるため、今回の題をつけたところでありますと。地域のまちのつながりや、区内全体のまちへのつながりへと波及して、ひいては誰もが愛着を持って住み続けたいと思えるようなまちの実現につなげていくという区長の熱い思いを予算内容として盛り込みましたとあります。

そこで、伺いますが、この題名に込めた思いが、昨年度、どのように施策として展開されてきたのか、御所感をいただければありがたいと思います。",2025,2025/09/30,決算特別委員会,議員
,令和7年　決算特別委員会(第3日　9月30日),田中（広）委員,田中広一,"大変御丁寧な御答弁をいただきまして、ありがとうございます。今、御答弁をいただいて、申し上げたいことをうまくまとめていただいたような気がしております。

物価高騰対策はすごく喫緊の課題であり、また、今おっしゃっていただいた題名に込めた思いというのは、長く、また施策に浸透させていかなければならない取組で、すごく違うような気はするんですけれども、共通アプリの、今お話しいただいたとおり、一つ一つ事業の中に、この題名に込めた思いをしっかり浸透させながら進めていくことが大事なのかなと思っております。

ちょっと話はそれてしまうかもしれないですが、一昨日、防災拠点運営委員会の防災訓練に行かせていただきました。昨年もすばらしかったんですけれども、今年も昨年以上に参加者が多くて、特に親子で参加される方が多かったです。８つのグループに分かれてミッションをこなすわけですが、最後にグループごとにいろいろな意見を言い合って、それをまとめて代表がお話しするケースがあったんですけれども、ある方は、やはり防災対策は思いやりを持っていかないとできませんねという趣旨のお話をされました。防災危機管理課の方がうまく考えて、なるべく知らない方がグループになるようにばらばらにして、自己紹介からスタートして協力し合っていくという内容だったんです。皆さんと話していても、協力することが大事ですねとか、そういう会話が出てきました。防災という切り口ですけれども、その中に人とのつながりとか、まちとのつながりとか、そういったエッセンスを、あえて言葉に出していなくても伝わっている。確かに、恐縮ですけれども、京橋築地小学校だったものですから、築地の下町という地域特性はあったかもしれないですが、しっかり伝わっていたというすばらしい取組を拝見させていただき、感動いたしました。ですので、物価高騰対策は喫緊の課題ですし、しっかりやっていただきたいんですが、併せて、今、共通アプリ等を行っている中で、多くの方が利用したい、関わっていきたい、このポイントを使いたいと思えるような取組をお願いいたします。

それでは、シティプロモーションということで、今、御答弁の中でもお話しいただいたところで、おっしゃるとおり、特に20万都市を目指していくに当たって、この題名に込めた思いですとか、シティプロモーションが大事だなと私も思っております。まだ、このシティプロモーションは取組半ばではありますけれども、手応えというんでしょうか、今進めている中での途中での、何かこういったいいことが出てきた、また課題だと感じている点があったら教えていただければありがたいと思います。

それから、シティプロモーションの中で、特に広報力の向上ということで力を入れていただきまして、私も区のおしらせちゅうおうの広報紙ですとか、チラシとかのデザイン性とかを随分申し上げてきたところですが、特に令和６年度もかなり力を入れていただいておりますけれども、改めて、取組、また成果、御所感をいただければありがたいと思います。お願いします。",2025,2025/09/30,決算特別委員会,議員
,令和7年　決算特別委員会(第3日　9月30日),田中（広）委員,田中広一,"御答弁ありがとうございます。着実に取り組んでいただいているということで、大変大事なことだと思っております。

今、御答弁いただいたとおり、シティプロモーションは時間をかけて取り組んでいく必要があるかと思っております。特に、中央区は人口が増えている中で、かつ転出入、いわゆる人口移動も多いんです。そういったことを考えますと、御答弁にあったとおり、愛着心の醸成という視点では、これは続けていくべきだと思っております。

そこで、シティプロモーション事業、主に80周年を意識してということでありますが、その後もこうした取組はしっかり継続していただきたいと思うんですけれども、今後の展望についても教えていただければと思います。

それから、愛着心の醸成ということで御答弁いただきましたけれども、資料を拝見したときに、30代が他の世代より愛着心が少し低かったというお話がありましたが、その辺の分析についても併せて教えていただければと思います。よろしくお願いします。",2025,2025/09/30,決算特別委員会,議員
,令和7年　決算特別委員会(第3日　9月30日),田中（広）委員,田中広一,"ありがとうございます。

そこで、１つ提案させていただきたいことがございます。シティプロモーション戦略方針みたいな感じで立てていただきながら、各施策に展開できるような取組はできないでしょうか。12年ほど前、足立区のシティプロモーション課を視察させていただいたこともあります。実は、足立区は３次にわたって戦略方針を立てておりまして、2010年当時、足立区の世論調査で愛着を持つ区民が約７割、一方で誇りを持つ区民が約３割だったという回答で、その後10年取り組みまして、誇りを持つ区民が53.4％まで、約23.6ポイント上昇してきたと。その一番の効果がチラシの改革、広報力の向上だったんです。それを私も学ばせていただいて、何度も議会で取り上げさせていただいたところであります。

まさに、区と区民をつなぐ大事なかけ橋となってきたのが広報紙であります。第３次の改定のポイントを、実は４つ掲げております。１つは、全ての所管課が施策・事業を展開する上での基本方針と位置づけて、このシティプロモーション戦略方針を進めていきますと。２つ目は、磨く、創る、つなぐ、広報等をしっかりやっていきますと。３番が一番大事で中央区に合うと思ったんですけれども、高まってきた誇りに思う気持ちをまちへの関わりにつなげる戦略というふうにつなげております。４つ目は、この組織に横串を刺したような事業展開をしていくということであります。つまり、誇りを持つ、愛着を持つという区民の方をどう増やすのかというのが２次までの取組なんですが、３次以降は、まちへの関わり、例えばイベント等の参加者数をどう増やしていくとか、顔の見える関係をどう結果として生み出していくか、そこに力を入れているんです。この戦略方針も大変分かりやすくて、過去のデータも積み上げて、しっかり方針を立てている。また、戦略方針のデザインもすばらしくて、読みやすかったという思いもあります。

したがいまして、先ほど冒頭御答弁いただいたとおり、20万都市を目指し、人口の移動も多い中で、令和６年度の題名にあったとおり、人がつながりまちもつながる、先ほど御答弁あった愛着心の醸成という点では、しっかり戦略を立てていくべきだと思います。例えば、基本計画2023が策定されておりますけれども、仮に５年の一つの区切りが来たところで、こういった方針をしっかり立てて、先ほどの防災の話ではないですが、各施策にそういう思いを浸透させていくような取組になるように、戦略方針を立てていただきたいと思いますけれども、御見解をいただければありがたいと思います。",2025,2025/09/30,決算特別委員会,議員
,令和7年　決算特別委員会(第3日　9月30日),田中（広）委員,田中広一,"ありがとうございます。ぜひ御検討いただければと思います。決して、形として方針をつくることが目的ではなくて、しっかり取り組んでいただくことが一番大事ですので、その点を併せてよろしくお願いします。

この後、執務環境の充実ということで伺いたかったところですが、また総括で質問させていただきたいと思いますので、よろしくお願いします。

以上で終わります。ありがとうございました。",2025,2025/09/30,決算特別委員会,議員
,令和7年　決算特別委員会(第4日　10月1日),田中（広）委員,田中広一,"区民費について質問させていただきます。私からは、経済対策、消費生活相談とおくやみコーナー、公衆浴場と保養所についてお伺いいたします。

まず、経済対策についてでございます。令和６年度は、経済対策として区内共通買物・食事券の発行による消費喚起、借換融資制度の延長など、事業者支援を行ってこられました。そこで、区内の景気動向調査も行っていただいておりますが、今のこの物価高騰の影響など、区を取り巻く環境をどのように捉えながら経済対策に取り組んでこられたのか、御見解をお願いいたします。

２点目は、消費生活相談とおくやみコーナーについてでございます。消費生活相談は、２年連続で1,700件を超える水準となっております。私も少し前に、インターネット通販での商品トラブルに遭った方の御相談をいただいて、一緒に消費生活相談の窓口にも行かせていただきました。本当に的確なアドバイスと迅速な対応で御尽力いただいて、解決につながりました。ただ、お話をしながら思ったのは、本当に近年は巧妙化、複雑化しているなと感じております。そこで、この令和６年度、取り組んできた中で、この相談の状況はどのように複雑化、変化しているのか、また課題などについても教えていただければと思います。

おくやみコーナーについてでございますが、先ほどの御答弁で、あらゆる相談に対応して約500件という話がありました。実際に来庁されて、サポートだけではなくて相談も受けているということでありますが、どういった御相談を受けていらっしゃるのかも教えていただければと思います。

３点目の公衆浴場と保養所でございます。公衆浴場は、本当に江戸時代からの庶民の社交の場、憩いの場としての役割ということで銭湯があります。区としては、コミュニティふれあい銭湯も行っていただいておりますが、今、人口が伸びてきている中で、どのような利用状況でしょうか。教えていただければと思います。

また、保養所につきましては、大変利用者が増えているということで行政評価を拝見いたしました。これは、人口が増加している中での利用者が増えているということなのか、教えていただければと思います。お願いします。",2025,2025/10/01,決算特別委員会,議員
,令和7年　決算特別委員会(第4日　10月1日),田中（広）委員,田中広一,"それぞれ御答弁、御丁寧にありがとうございます。

まず、経済対策でございます。今本当にお話がありましたとおり、この企業の規模であったり、また業種によったり、いろいろな形で変化があるかなと思っております。区内の中小企業の方のお話を伺いますと、確かに仕事もあるんですけれども、物価高騰の影響がどう出てくるのか、また、世界の動向もすごく不安ですという声もいただきます。また、区民の方からしますと、物価高騰というのは本当に生活に重くのしかかっているわけであります。昨日のニュースでも、10月からまた約3,000品目が上がっていくという話もありまして、収入と物価高騰のバランスが大変厳しくなってきているということであります。

その中で今、区内共通買物・食事券の御答弁をいただいたところでございます。ちょうど１年前のこの決算特別委員会におきましても質疑をさせていただいて、御努力いただいて、発行総額も26億円から30億円と大きく拡大して発行していただいたんですけれども、確かに制度が充実すればするほど、昨年は30％だったわけでありますけれども、落選者が出てしまうという状況で、確かに一般の自治体からしますと、抽せんというのは当たり前なのかもしれないんですが、長く区民で携わっていた方からすると、すごくつらいなというお声を昨年もいただいて、今回もいただいたところであります。

ちょうど１年前の質疑の中で御答弁いただいたんですが、その御答弁の中で、区として実施する以上は、できる限り区民の皆様に広くこの券が行き渡って、区内で買物をしていただきたいという思いがあります。今、いろいろな職員を集めてどうしたらいいのか検討していますというお話がありました。その結果が今年度の増額、またしっかりした対応だったんだと思いますけれども、改めて、今回も抽せんという形になりましたが、どういった課題認識を持ちながら、来年度の予算編成に向けて今御検討されていらっしゃるのか、御所見をいただければと思います。

それから、消費生活相談とおくやみコーナーについてでございます。今、御相談の内容のお話を伺いまして、本当に多岐にわたっているなと思います。また、複雑化しておりますし、変化してきているなと思います。大事なのは担ってくださる方々の研修というんでしょうか、少しでも情報共有しながらスキルアップしていくことが大事かなと思いますけれども、この消費生活相談とおくやみコーナーに携わってくださる方々のスキルアップ研修等はどのように行われておりますでしょうか。

さらに、公衆浴場と保養所についてでございます。今、御答弁いただいて、公衆浴場は微増ということでありまして、ただ、これは本当にこれまでの議論の中でもしっかり守っていきたいということは一致していると思いますので、すごく大事な取組だなと思っております。これも先日、小学生のお子さんと保護者の方と夜すれ違ったときに、どこに行くのという会話になって、これから近くの銭湯に行ってきますという話で、すごくほほ笑ましい姿だなと思ってお話をしたところであります。公衆浴場というものは、何となく昔からありますので、すごく地味な取組のように見えるんですけれども、今の中央区にとってはすごく大事な事業かなと思っております。少しでも多くの方に関わっていただきながら、身近な憩いの場という考え方もできると思いますので、さらなる取組、どういった展望を描いていらっしゃるのか、御見解をいただければと思います。

また保養所につきましては、利用率がぐっと上がっているということで、私も驚いております。これも利用者の方からお話しいただいたんですけれども、私が知っているだけでも20年ずっと保養所を利用されている方なんですが、本当に予約が取りづらくなってきたというお話をいただきました。喜ばしい話ではあるんですけれども、いずれにしても区民の方がまずは利用しやすいということは大事だと思いますので、どうかさらなる検討を進めていただきたいと思いますので、よろしくお願いいたします。御答弁をお願いします。",2025,2025/10/01,決算特別委員会,議員
,令和7年　決算特別委員会(第4日　10月1日),田中（広）委員,田中広一,"大変にありがとうございます。まず経済対策、特に区内共通買物・食事券でございますが、今お話がありましたとおり、いろいろ御検討いただいているようでございますので、次に向けてさらなる御検討を深めていただきますようお願いいたします。

昨年の決算特別委員会でさらにもう２点、実は質問しておりまして、経営相談の大切さのお話をしながら出張経営相談の質問もいたしました。そして、行政評価を見ますと、令和５年度より令和６年度は20％の増となっていると伺いました。この相談事業というのは大変大事だなと思っておりまして、昨年のときにさらなる相談事業の充実にということで御提案させていただいた件がございます。それは、東京都中小企業振興公社の専門家派遣事業。これは、中小企業診断士だけではなくて、ＩＴコーディネーター、社会保険労務士、公認会計士、税理士、技術士など、この東京都の公社が半額の費用を負担しているわけでありますが、それでも結構高額なところもあります。したがって、区としても上乗せしていただいて、支援していただいて、この相談事業を拡大できないかなと思いますけれども、その後の検討状況はいかがでしょうか。各区のホームページを見ても、幾つかの区が同様の取組をされている点もありますので、御見解をいただければと思います。

２点目の消費生活相談とおくやみコーナーでございますが、しっかりスキルアップ研修を行っていただいているというお話がありました。ぜひ、これは引き続き、また中央区特有のいろいろな課題もあると思いますので、共有して、さらなる充実をお願いいたします。

特におくやみコーナー、それからおくやみハンドブックでございますけれども、先ほど来議論がありましたとおり、多くの団体、また民間企業が関わっていることであります。これも改めて、公平で公正な取組が重要となってまいります。また、実際、御対応していただいている方も先ほどの御答弁にあったとおり民間の企業の方でありますので、本当にしっかり取り組んでいただいているからこそこれだけの実績が上がってきているかと思いますが、それでも多くの関係者が関わっておりますので、公平・公正な取組をお願いしたいと思いますが、恐縮ですけれども、御所見をいただければありがたいと思います。

そして、このおくやみコーナーは、相談者に寄り添う大事な窓口事業となります。これまでこのおくやみコーナーだけではなくて、新しく書かない、行かない窓口なども会派としても質疑を繰り返してきたところでございます。今、これだけ人口が増えて、20万都市を目指していっている中で、区民の皆様に寄り添った行政窓口の手続の充実ということはさらに求められてくると思いますが、全庁的にどのように取り組んでいこうと思っていらっしゃるのか、これも御見解をいただければと思います。

公衆浴場につきましては、引き続き大切な大切な公衆浴場だと思いますので、守っていただきながら一層の御検討を深めていただきますようによろしくお願いします。では答弁をお願いします。",2025,2025/10/01,決算特別委員会,議員
,令和7年　決算特別委員会(第4日　10月1日),田中（広）委員,田中広一,"御答弁、大変にありがとうございます。経済対策は本当に最重要課題でございますので、さらなる取組をお願いいたします。

また、おくやみコーナー、またこの窓口というのは、これも大変大切ですので、引き続きどうぞよろしくお願いします。

以上で終わります。ありがとうございました。",2025,2025/10/01,決算特別委員会,議員
,令和7年　決算特別委員会(第5日　10月2日),田中（広）委員,田中広一,"それでは、福祉保健費について質問させていただきます。私からは、子育て支援、高齢者福祉、ふくしの総合相談窓口、障害者福祉について伺います。

まず、子育て支援についてでございます。

令和６年度は、子育て世帯が増加する中、経済的負担の軽減として、児童手当が拡充となり、所得制限の撤廃や対象年齢を18歳まで広げるなど、支給対象、支給額等が拡大しました。児童手当につきましては、1972年に国の制度としてスタートし、その後も一貫して、多くの方と力を合わせ、拡充を進めてまいりました。子育て支援の大事な基盤の一つであると思っております。また、中央区は、第３期子ども・子育て支援事業計画を策定するとともに、認証保育所の保育料の補助上限額の引上げや、認可外保育施設保育料に対する新たな補助制度を創設し、放課後の子どもの居場所においても、プレディプラスや民間学童の誘致を行ってきました。さらに、組織整備におきましても、子育て支援のさらなる充実を推進するため、子ども施策推進室の準備も行ってきたところであります。中央区は、人口増加とともに、子育て支援対策本部を設置し、私も初当選した当時は、子ども家庭支援センターをどう整備していくのか、先輩議員が本当に強く取り組んできた印象を持っておりますが、そうした流れを進めながら着実に充実し、そして令和６年度にはＨＡＲＵＭＩ　ＦＬＡＧが誕生し、20万都市へ向けて新たなステージに入ったとも感じております。

そこで、まず、お伺いいたしますが、決算を迎えまして、子育て支援策について、現在、どのように課題を捉えまして、今後の展望についても御見解をいただければありがたいと思います。

次に、高齢者福祉についてでございます。

おとしより相談センターは、大変重要な、区内でも中心的な事業であると思っております。昨年度、晴海に新しいおとしより相談センターが開設されましたが、相談状況など、少し詳細に教えていただけますとありがたいです。よろしくお願いいたします。",2025,2025/10/02,決算特別委員会,議員
,令和7年　決算特別委員会(第5日　10月2日),田中（広）委員,田中広一,"それぞれ大変力強い御答弁、また御丁寧なお話をいただきまして、ありがとうございます。

今、子ども施策推進室長のほうから御見解をいただいたところです。子育て支援は、長い取組を積み上げて、知見を積み上げて、本当にいろいろな方と協力しながら、ここまで行ってきたと思っております。これだけ多くの子育て世帯が転入しているということも、その大きな一つの表れであるとも感じております。今、お話があった中で、仕事と子育ての両立ということがすごくテーマで、これまで来ましたし、多くの方はそこで悩んでいる点があるのかなと思っております。また、組織をしっかり体制も整えてというお話もありましたし、また、孤立、不安という点もしっかり注視していかなければいけないというお話もあったところであります。

そこで、思いますのは、相談業務、また区と関わっていくということは、改めて大事なことだというふうに思っております。先ほどの御答弁の中でありましたとおり、こども家庭センターが伴走型相談支援としてスタートしたところでありますけれども、やはり一番最初に関わってくるのは相談業務であるかと思っております。そこで、令和６年度、晴海の保健センターも開設されて、新しいまちの中で事業が展開されておりますけれども、区内全体の伴走型相談支援の取組状況と、特に晴海エリアにおきまして、どういった状況なのか、少し御所感もいただきながら教えていただければありがたいと思います。

また、先ほど御答弁で、気候変動のお話もありました。子供の遊び場ということについても、これまで私もいろいろ取り組んできました。特に、もう随分前になりますけれども、ある区民館等の施設の中で、特に利用がほとんどされていない時間帯、また曜日がたまたまあったという経緯もありまして、いろいろな方と協力しながら遊び場を確保してきたという経緯もあります。今、公共施設の在り方、マネジメントの取組を行っていただいているところでありますが、ぜひ子供の遊び場という点では、特に夏の日差しの厳しいときには、そういった工夫も検討の一つに入れていただければありがたいと思います。

それから、高齢者福祉についてでございます。

今、晴海のおとしより相談センターのお話をいただきました。相談内容は、区内全体とおおむね同様の内容だということでありました。高齢者の方にとって、また御自身、介護している方にとっても大変重要な拠点となっていくと思いますので、今御答弁があったとおり、引き続き、さらなる充実を検討していただければと思います。

そこで、心配になりますのは、重要な拠点ですし、寄り添っていく事業が必要となってきますので、やはり担い手をしっかり充実していく、職員の皆さんを充実していくということは大事だと思っております。この点については、現状、おとしより相談センターはいかがでしょうか。職員の体制は十分充実されておりますでしょうか。お願いいたします。",2025,2025/10/02,決算特別委員会,議員
,令和7年　決算特別委員会(第5日　10月2日),田中（広）委員,田中広一,"それぞれありがとうございます。

今の寄り添った相談業務、伴走型相談支援というのは、本当に大事だと思っております。主に保健師さんが中心に御対応いただいているのかなというふうに、今までのお話の中で認識しておりますけれども、一番最初に関わっていく大事なところでありますので、ぜひ充実した相談体制となるように、研修ですとか、また専門家の増員など、きっと工夫して取り組んでいるのだと思いますけれども、その点、いわゆるバックヤードというんでしょうか、体制のほうはどのように充実、検討されておりますでしょうか。

また、先日も、ある子育て世帯の保護者とお話をしたときに、仕事を休んでいるときに、仕事に復帰できるのかどうか、すごく不安ですというお話をいただきました。社会とつながる一つのきっかけとして、ラジオを聞いていますということを伺いました。その会話の中のほんの一つのやり取りではあったんですけれども、保育所の整備など、今まで区が取り組んできていただいたように、ワーク・ライフ・バランスというのはすごく大事なのだということを感じております。

先日、日本大学の末冨教授の講演を伺ってまいりました。そのときに、アンケート調査等を行うと、一番求められているのがワーク・ライフ・バランスの改善であるというふうにお話しされておりました。これは、国であったり、企業であったり、多くの関係者の協力が必要となってきますが、区としてできることとして、普及啓発等、また、先ほどお話があったとおり、保育所の整備等は当然ありますけれども、大事かなと思っております。

そこで、例えばですけれども、今、新しい取組として、先ほど御答弁があったとおり、朝の子供の居場所の確保が検討されております。御家族の中で子供との温かい時間をつくっていくことが一番重要ではありますけれども、子供たちの安全・安心のために、子供、保護者、職場において、区としてどのような働きかけ、検討を行いながら進めていこうと考えていらっしゃるのか。また、ワーク・ライフ・バランスの取組については、款が異なってくる点はありますけれども、子育て支援の部署として、何かほかにできることがあるのかどうか、御見解をいただければありがたいと思います。

それから、ふくしの総合相談窓口にも関連して質問させていただきます。

先日も、ずっと老老介護のことで２人世帯で御相談をいただいて、おとしより相談センターに伺って、いろいろ御支援を受けたりしてきました。その中で、やはり生活支援が大事だということで、今度はふくしの総合相談窓口の職員の方も加わって、一緒に対応していただきました。現在は、老老介護の中で何とか体制が取れて安心していただいているところまでたどり着きました。しかし、この間、何度もお話合いをして、打合せをして、そうしていくと、だんだんとお互いが共有できて、悩んでいることが整理されていくという経過があると思います。１つ何か相談して、さっと解決するというのはなかなかないんです。したがって、御担当の方は本当に大変だと思いますし、御苦労も多いと思います。

私は、2023年に港区の福祉総合窓口へ視察に行ったときに、これから中央区は検討していますので、ぜひ教えていただけますかと聞いたら、バックヤードを大事にしてください、職員間の連携を大切にしてくださいというお話がありました。おとしより相談センター、また、ふくしの総合相談窓口に携わる皆さんの相談業務が向上していくように、どのように職員間の協力体制を進めているのか、その点も御所見をいただければありがたいと思います。お願いします。",2025,2025/10/02,決算特別委員会,議員
,令和7年　決算特別委員会(第5日　10月2日),田中（広）委員,田中広一,"大変にありがとうございます。

子育て支援、またワーク・ライフ・バランス、区としてできる範囲は限られてくるかもしれませんけれども、ぜひお願いいたします。また、先ほど申し上げたとおり、子育てしている方は、そのようにすごく不安に思っているんです。それが区とつながっていく、また区の方とお話ししたことによって、何か安心したという点は、目に見えた形、成果は得られていないように見えるかもしれませんけれども、大事な取組だと思います。これはどの分野にもつながっていく話だと思いますので、ぜひ取組をお願いいたします。

また、ふくしの総合相談窓口につきましても、本当に職員の方が一生懸命取り組んでいる姿を拝見して、大変心強く思っております。先日も月島おとしより相談センターに伺ったら、お隣のふくしの総合相談窓口の職員の方もすぐ駆けつけてくださって、常に連携されているんだなということも肌で感じた次第でございます。

これからも、区民の皆様に寄り添っていただける子育て支援、高齢者福祉の充実となるよう要望いたしまして、質問を終わります。ありがとうございました。",2025,2025/10/02,決算特別委員会,議員
,令和7年　決算特別委員会(第6日　10月3日),田中（広）委員,田中広一,"それでは、環境土木費について質問させていただきます。本日は大変緊張しておりますけれども、どうぞよろしくお願いをいたします。

今日は交通対策、それからフードドライブ、公園の整備拡大、また環境教育の４つの視点から質問させていただきます。まず最初に、交通対策とフードドライブについて伺います。

昨年、ＨＡＲＵＭＩ　ＦＬＡＧが入居開始となりました。これまで質疑を議会で繰り返し行いながら、また、担当部署としても本当にこの交通環境を整えていこうと、しっかり取り組んできていただいているものと考えます。改めて都バス、あるいは東京ＢＲＴ、昨年度はどのように交通環境を整えて、実際にスタートしてどのように感じていらっしゃるのか、御見解、また課題等も教えていただければありがたいと思います。

それから、フードドライブについてでございます。令和６年度の実績として、食品点数が3,424点、重量も725.7キログラムということで、多くの方に御協力いただいたと思っております。その中で、全体として、この取組に、例えば協力してくださった方の声ですとか、状況などを教えていただければありがたいと思います。また、無印良品など新しい民間施設にも設置していただいておりますけれども、どのように拡大に努力されてきたのかも教えていただければと思います。さらに、昨年、ＨＡＲＵＭＩ　ＦＬＡＧが入居開始となりましたけれども、晴海特別出張所など晴海エリアでも実際に行っておりますが、状況はいかがでしょうか。また、物価高騰が続いている中で、子ども食堂での活用状況はいかがでしょうか。

御見解をお願いいたします。",2025,2025/10/03,決算特別委員会,議員
,令和7年　決算特別委員会(第6日　10月3日),田中（広）委員,田中広一,"それぞれ御答弁ありがとうございます。まず、都バス、またＢＲＴの交通対策でございます。今御答弁いただきましたとおり、本当にいろいろと御努力をしていただいて、現在があるかと思います。やはり大きな課題は、これからも人口が増加しますし、今御答弁があったとおり、晴海通りの現在の混雑と運転手さん不足、もう既に東京都は都内で減便を行っている現状があります。この状況を、区だけではなくて、少し広域的にしっかりと東京都に認識していただかなければいけないのかなと思っております。

当然、もう既に取り組んでいただいているとは思いますけれども、改めてお伺いいたしますが、昨年の決算特別委員会でも伺ったときに、東京都の臨海地域公共交通計画を策定する会議体があるというお話を伺いました。ここでは隣接区が参加されて協議をする場があるというお話でありましたけれども、ぜひこういった場でも、改めて、中央区の交通環境をしっかり整えていただきたいんです。これからも高層マンションが竣工するのでということでお願いしたいと思うんですが、現状、どのように取り組んでいこうと考えていらっしゃいますでしょうか。また、東京ＢＲＴの東京駅方面ルート、御答弁にありましたけれども、検討状況ももう少し詳しく教えていただければと思います。

それから、フードドライブについてでございます。本当に御担当の部署の皆さんの御努力があってしっかり拡大していただいているなと思います。先日も無印良品のところに伺って、フードドライブの場所を確認してまいりました。なかなか入り口からその場所にたどり着くのはお店の方に聞かないとできないんですけれども、そこの中は、当然お店の考え方がありますので、こちらで申し上げるのは難しいのかもしれないんですが、月に300点近く、人数でいったら大体５名から６名ぐらいでしょうかというお話がありました。それでも利用されている方がいらっしゃるんだなということで、大変大事だなと思っております。

また、民間で、先ほど御答弁にあったとおり、百貨店等で、例えば古着のものですとか、古くなったシューズですとか、そういったものを預ける、そういうカウンターをつくると、大変多くの方が利用している姿を私も見たことがあります。ですので、環境という視点、フードドライブというのは循環していくことでありますので、先ほど、まだまだ子ども食堂等ではもっと食料品等があると助かるというお話がありましたけれども、すごく大事な取組だなと思っております。ましてや物価高騰でありますので、ぜひ、さっき御答弁に少しお話があったとおり、百貨店の皆様方、民間企業の皆さんと一緒にタイアップして取り組むと、多くの方に知っていただけるきっかけになると思いますので、今後の広く周知する展開をさらに力を入れていただきたいと思います。

１つなんですけれども、晴海エリアで思ったのが、はるみらいにも置いていただいたほうがいいのかなと思ったんですね。経緯からいきますと、もともとほっとプラザはるみということで、環境に特化した関係施設ということもありますので、その点も踏まえながら、さらなる今後の展開、多くの方に知って御協力いただき、子ども食堂でお役に立てていただけるような推進をお願いしたいと思いますけれども、もう一度御見解をいただければありがたいと思います。",2025,2025/10/03,決算特別委員会,議員
,令和7年　決算特別委員会(第6日　10月3日),田中（広）委員,田中広一,"大変御丁寧な御答弁をいただきまして、ありがとうございます。

交通対策についてでございますが、本当に今いろいろと手を打っていただいているんだと思います。物理的に何らかの拡大をしようとすると、行き着くのはやっぱり運転手さん不足というところがもう決定的なのかなという気がいたします。

そこで、都心区は本当に今、再開発も多いですし、当然、定住人口、昼間人口と増えている、こういう環境の中で、これは都心区と東京都が一体となって、一定の財源も確保して、運転手さんを確保できるような環境をつくりながら進めていかないと、この先、築地市場の跡地開発までを考えたら、相当大変なことになっていくんじゃないかなという心配をしております。

ですので、何かそういった、次のさらなる中長期的な解決へ向けて、今現在も大変ですけれども、これを解決するための、もう一つ近隣区との連携、あるいは東京都とも本当に一体となって改めて動いていく体制を取るなどの検討はできないでしょうか。御見解をいただければありがたいと思います。

そして、もう１点は都心・臨海地下鉄新線構想についてでございます。

行政評価のところで、利用者動向あるいは需要予測の調査ということで示されております。先ほどもお話があったところでありますが、どこか１つの駅を捉えて、大体どのぐらいの人数が、需要予測がある、あるいは利用者動向をこう見ているというところ、何か１つの事例として分かりやすく教えていただけるところがありましたら御見解をいただければと思います。また、こういったものはビッグデータ等を活用しながらということでありますけれども、どうやって調査してきたのかも教えていただければと思います。

フードドライブにつきましては、ぜひ御推進のほどよろしくお願いいたします。私も、フードドライブに協力されて来られる区民の方、親子で来られている姿を見ました。本当に子供たちにとっても大事な一つの教育にもつながっていくのかなと思いますので、ぜひさらなる充実をお願いいたします。

それでは、お願いします。",2025,2025/10/03,決算特別委員会,議員
,令和7年　決算特別委員会(第6日　10月3日),田中（広）委員,田中広一,"大変に御答弁ありがとうございます。この交通問題は、本当に今、そしてこれからも、ずっと大きな課題として続いていくことでありますので、どうか今御答弁いただきましたとおり、さらなる取組をぜひよろしくお願いをいたします。

また、都心・臨海地下鉄新線構想の今の利用者動向、需要予測ということでお話しいただきました。やはり調査していくということは本当に大事だなと思っております。今までは、どちらかといいますと、まちの中にもある程度のゆとりがあったように見えたんですが、かなり多くの方が訪れたり、また人口も増えておりますので、しっかり調査していくということは大事だなと思いますので、引き続きよろしくお願いいたします。

交通に関連して、区民の地域の方からいただいたお話が１つございまして、ぜひ取り上げてくださいと言われたものですから、もう一つ質問させていただきます。

かなり各論なんですけれども、地下鉄の出入口なんですが、例えば近くでいきますと、新富町駅の入船方面に出る出口、あるいは三越前駅もそうなんですけれども、いわゆる出口の上に上屋がないところがあるんですね。いろんな経緯があってのことなんだと思うんですけれども、雨の日もそうですし、ふだんはお互いが行き違って擦れ違う中でも、やっぱり狭いので、大変な思いをするんですが、どうしても雨が降ったときの傘のやり取り等もあって、大変だという話がありました。

今バリアフリーとかいろいろ進んでいる中で、何か対応策はできないでしょうかというお声をいただきました。御見解をいただければと思います。よろしくお願いします。",2025,2025/10/03,決算特別委員会,議員
,令和7年　決算特別委員会(第6日　10月3日),田中（広）委員,田中広一,"ありがとうございます。ぜひ働きかけをお願いいたします。

次が、公園の拡大と環境教育ということで進んでいきたいところでございますけれども、大分時間が迫ってまいりまして、公園の拡大はずっと取り組んできておりますので、また次の機会に、時間がしっかり確保されたところで改めてがっちりと質問させていただきたいので、よろしくお願いいたします。

環境教育ということで１点所見をいただきたいんですけれども、環境の情報誌を発行していただいて、区立の小学校の子供たちにも見ていただくような取組をしていただいたかと思います。子供たちにとって、区内の身近な自然ですとか、生き物に触れていくことの重要性について、御見解をいただければありがたいと思うんですが、よろしくお願いいたします。",2025,2025/10/03,決算特別委員会,議員
,令和7年　決算特別委員会(第6日　10月3日),田中（広）委員,田中広一,"ありがとうございます。今の御答弁で、子供たちに身近にこういう生き物がいるんだと知っていただくということをこれからも進めていきたいというお話がありました。本当に私も同感でございまして、ぜひそうした取組を引き続き御検討していただきますようにお願いをいたします。

本当に、地域を知ってもらうですとか、つながっていくというのは言葉はすごく重いんですけれども、日頃の生活の中で何かを感じていただくというのが大事なのかなと思います。これは私が特に感じてしまったのかもしれないんですけれども、地域の方とお話しする機会がありまして、その場所がちょうど昭和通り沿いで、そこに歩道橋もあって、そこに公園があったんですね。

たまたまその公園のところでお話をする機会があって、していたんですけれども、ちょうどアゲハチョウがそのタイミングでやってきまして、車の音がして、やや太陽の光が差さないこの環境の中で、アゲハチョウがいるというだけで、会話していたときにそこに目が行って、会話がアゲハチョウの話になったんですね。こういうビルの中にもいるんだなという話に自然となりました。それ以上何か話が発展したわけではないんですけれども、そういうちょっとしたささいなことでありますが、何か情緒を感じるということが大事なのかなと思っております。引き続きそうした取組を、また質問させていただきたいと思いますので、よろしくお願いします。

以上で終わります。ありがとうございました。",2025,2025/10/03,決算特別委員会,議員
,令和7年　決算特別委員会(第6日　10月3日),田中（広）委員,田中広一,"それでは、都市整備費について質問させていただきます。大きく２点、住宅と、それから耐震について質問させていただきます。

日頃いろいろな地域の方の御相談をお受けしておりますが、やはり一番多いのは、住宅の問題でございます。これまでも今年の予算、昨年の決算、様々な場面を通しながら、物価高の影響、賃料に、また様々なところに影響が出て大変だというお話をさせていただきました。この款も本当に多くの方から、住宅費が、特に賃貸マンションが中心になってしまうかもしれないんですけれども、大変だということで御相談をいただいてきました。そこで、御担当の部署としては、もう本当にいろいろ工夫しながら取り組んでいただいているということは認識をしながら、恐縮ではありますけれども質問をさせていただきます。

まず最初に、この状況を少し伺いたいんですが、区では住み替え相談業務を継続して行っていただいておりますけれども、この相談内容はどういった内容があるのか、詳しく教えていただければと思います。また、窓口においても御相談に来られる方が少なくないと思います。どういった御相談があるのかも教えていただければと思います。

そういった中で、今、中古マンションでも都内では１億円という表現が出てくるような時代になってまいりましたけれども、こうした社会背景を踏まえながら、どのように課題認識を持っていらっしゃるのかも御見解をいただければありがたいと思います。

そして、２点目は住宅の耐震化でございます。いただいた資料によりますと、令和６年度は木造の耐震診断・補強計画が11件、耐震補強工事（簡易補強含む）が３件となっております。令和６年には能登半島地震の発生がありまして、多くの方が意識を高めてこられたと思いますけれども、令和６年度はこの状況でどういった取組をされてきたのか、教えていただければと思います。よろしくお願いいたします。",2025,2025/10/03,決算特別委員会,議員
,令和7年　決算特別委員会(第6日　10月3日),田中（広）委員,田中広一,"それぞれありがとうございます。今、住宅課長さんがおっしゃっていただいたとおり、家賃の高騰、地価の高騰、本当にこの状況を見ながらどう支援していけばいいのか、当然区としても、限られた財源でありますので本当に難しいところであるかと思います。

まずは現状の制度の中で行政評価を見ますと、例えば住み替え支援による単身の高齢者については、入居後の家賃の滞納や孤立死等のリスクが高いことなどから住み替えが進みにくい状況にあると課題を認識いたしまして、この支援につきましては、民間事業者等が実施する住み替え支援制度を活用することや、住み替え相談を拒まない不動産業者情報を提供することなどにより、住み替えの促進を図っていくと、今後の方向性として書いていただいております。

今、本当に賃料が高くなっている中で、この方向性を持ちながら、具体的にこんなふうに取り組んでいこうとか、今こういうところがあるので、ここをうまくやっていこうとか、考えている点がありましたら教えていただければありがたいと思います。

それから、住宅の耐震化でございます。大変分かりやすく教えていただいて、確かに助成制度、普及啓発の２つの柱があるということであります。先日の中央区の総合防災訓練に伺ったときにも、まさに今御答弁いただいたとおり、私もその模型を拝見させていただいて、実際に揺らしていただいて、ちゃんと補強されている状態とそうでない模型を見せていただいて、本当に分かりやすくて、改めて耐震化の大切さを再認識したところであります。ぜひ引き続きこういった取組を進めていただきたいなというふうに思います。

その中で、耐震化とともに耐震の併行工事ということで区は整えていただいておりますけれども、実際どうなんでしょうか、いろいろ相談等はあるんでしょうか。きっといろんな取組はしているんでしょうけれども、実績としてはまだ活用されていないというところがありますが、実際、現場では相談があったりいろいろして、対応したんだけれども実績としては上がっていないという状況なんでしょうか。少し中身を教えていただければと思います。

さらに分譲マンション等においての合意形成のお話が今ありました。本当に、耐震化にしても、それから大規模修繕等においても合意形成はすごく大事なんですね。今、お話の中で、合意形成の相談等を受けながらアドバイスをしていますということですけれども、どういった御相談があって、どのようにアドバイスしているのか、もし把握している点がありましたら、その点も教えていただければと思います。",2025,2025/10/03,決算特別委員会,議員
,令和7年　決算特別委員会(第6日　10月3日),田中（広）委員,田中広一,"ありがとうございます。住み替え等の支援でございます。本当に日頃の御相談は、やはり高齢者の方が中心であるんですけれども、本当に今対応が難しいなということで、最終的には区外に転出されるケースも少なくない状況ではあります。

改めて思うんですけれども、私なりの経験の中で、当時、バブル景気と言うんでしょうか、いわゆる土地代が高くなって、学生時代は友人が随分区外に引っ越して、寂しい思いをしたという印象が残っております。区もまさに人口が減少していく中で、どうやって回復していこうかということで、いろいろな取組をされてきました。

一番は、やっぱり地元区でできる地区計画の一つということで、附置義務の制度、これは恐らく全国でもないような事業、画期的な取組をされて、そして今に至っているんだと思うんですけれども、そういう難しい取組をしてきたがゆえに今があるわけですが、その知見や経験を生かして、逆に今、ずっと中央区に住んでいるんだけれども、何とか住み続けられるように、例えば少し前ですけれども、公有地みたいなああいった制度で、セーフティネット住宅で協力してくださる事業者さんをどう創出していくのかとか、過去の知見、経験を生かしながら何かできないかなと思うんですけれども、この点はいかがでしょうか。もし御所見いただければありがたいと思います。

それから、耐震診断、また合意形成については、これは本当に大事な取組だと思っておりますので、引き続き何とぞよろしくお願いいたします。やっぱり工事費の高騰ということも影響しているのかもしれないんですが、さらなる充実をよろしくお願いします。

御答弁お願いします。",2025,2025/10/03,決算特別委員会,議員
,令和7年　決算特別委員会(第6日　10月3日),田中（広）委員,田中広一,"大変にありがとうございます。本当に難しい問題だなと思っております。でも、今すごくヒントをいただいたなと思っているのは、確かに中央区はなかなか空きとか、老朽化してあまり使われてないというところはないのかもしれないんですけれども、ヒントは、オフィスであったとしても、空いているところをどうリノベーションするか、あるいはリフォームするか、ここが一つのポイントかなと思っております。

東京都が、今の御答弁でも、アフォーダブル、手頃なとおっしゃっていただきましたけれども、アフォーダブル住宅の取組を今進めております。東京都としましては、住宅を供給する企業を支援するために、都が民間とともに出資するファンド、基金を創設して、インパクト投資家や企業の社会的責任（ＣＳＲ）を重視する企業などからの出資を想定しています。中間所得層の子育て世帯向けやひとり親向け空き家活用など、目的別にファンドを複数創設する方針で、都が100億円を出資し、民間と合わせて200億円規模に上る予定ですと、そういう計画を立てて、今検討して、進めようとしているところであります。

市場価格の８割程度に抑えられる、もしくは７割、６割という表現もありますけれども、すごく一歩踏み出そうとしているなというところでは大事かなと思います。名古屋においても、民間企業がそうした出資を踏まえながら、母子世帯向けに行った例もあるようであります。ですので、東京都の動向にもよりますが、せっかく東京都がこういったアクションを起こしているときに、中央区も積極的に検討に入っていただきまして、どうやったら前に進めることができるのか、調査・検討をぜひ今後進めていただきたいと思いますが、御見解をお願いいたします。",2025,2025/10/03,決算特別委員会,議員
,令和7年　決算特別委員会(第6日　10月3日),田中（広）委員,田中広一,"ありがとうございます。まずはいろいろ空き状況とか、活用状況を調べていただきまして、検討を進めていただきたいと思います。ここでは子育て世帯向けとか、ひとり親向けとありますけれども、中央区でも子育て世帯向け、あるいは高齢者、単身者向けとか、中央区に合ったいろいろなケースが考えられると思います。今の住宅費を考えたら、普通に社会に出てすぐ借りる、それから購入するというのは区内では本当に難しいなというふうに思いますので、ぜひこういった問題は、東京都が動き出したのであれば、都心区である中央区としてしっかり取り組んでいただきたいなと思いますので、ぜひ検討を進めていただきますようお願いをいたします。

それだけでも大変なことなんですが、もしそういう物件が出てきたときには、それは出てからの話なんですけれども、できれば１階部分とか、途中の階とかには区の何か福祉サービスを入れるとか、今、公共施設の在り方、マネジメントをやっておりますけれども、そういう施策も、ヒントを得ながら、民間の中でそういったこともできないかなということも組み込んでいただきながら進めていただければありがたいと思います。

いずれにしても家賃高騰、土地の価格の高騰というのは本当に今、区内では大きな問題ですので、ぜひ検討していただきますようによろしくお願いいたします。

質問を終わります。ありがとうございました。",2025,2025/10/03,決算特別委員会,議員
,令和7年　決算特別委員会(第7日　10月6日),田中（広）委員,田中広一,"私からは、幼稚園預かり保育全園拡大と弁当給食の実施、学校図書館の充実と晴海図書館についてお尋ねいたします。

まず、幼稚園預かり保育全園拡大と弁当給食の実施についてでございます。

先日、幼稚園に通っている御家族の方と懇談する機会がありました。その保護者の方は、手術をしなければならず、家族として、とてもつらい思いをされている中、弁当給食の実施と預かり保育には助けられましたという声を寄せてくださいました。また、現場では、園の先生方もすごく寄り添ってくださって心強かったとお話ししてくださいました。また、一緒に園児のお子さんも来られておりましたけれども、すごく元気いっぱいでありました。事業を展開していく上で、様々な困難があったと思いますが、区の取組が伝わっているものと感じました。また、学校行事に参加した際も、保護者の方々に、預かり保育、また弁当給食はどうですかと聞いたところ、多くの方が喜んでいますというふうに語っておられました。

これまで、この幼稚園事業につきましては、特別委員会などを通じて、段階を追って一つ一つ質問を継続し、取り組んでまいりました。特に、昨年の決算特別委員会で質問させていただいた折、次のような答弁をいただきました。御答弁では、この取組の中で、幼稚園における園長をはじめ、教職員の皆さんの御努力ですとか御理解というのもさることながら、学務課の職員が本当に頑張ってくれましたと。これがなかったら、この事業は今年度から全園で実施するのは非常に厳しい状況だったと考えておりますというお話をいただきました。区民の方が喜んでおられる背景には、本当に皆さんの御努力があったんだと思います。やはり幼稚園へ行くことが楽しいというのが、まず第一義的だと思います。

そこで、お伺いいたしますが、このように皆様の御努力があって預かり保育全園拡大、弁当給食の実施が行われておりますが、こうした取組によりまして、幼稚園事業の柱となっているこの事業がどのように向上されてきたのか、御所見をいただければありがたいと思います。

そして、２点目は学校図書館の充実でございます。

令和６年度は、学校図書館支援センターの開設準備が行われてまいりました。これまでも、様々な機会を通じて質疑を行って取り組んできたところであります。目的といたしまして、子ども読書活動を推進し、読書好きの子供たちを増やすことで、確かな学力や豊かな人間性のほか、思考力、判断力、表現力などを育めるよう学校図書館を充実していくものと、これまで伺っております。昨年の決算特別委員会の総括で今後の展開について御答弁をいただきました。答弁では、読書離れが進んでいる中学校の学校図書館からスタートすること、また、重要なことは、図書館の開設時間の拡大により本に触れる機会をしっかり確保すること、その上で学習へと結びつけていくこと、中学校５校の読書レベルをそろえていくこと、教育センターが全体を見て主導していくこと、統括司書が中心となって運営を進めていくことが大事であると述べておられました。そして、ビブリオバトルなどの行事の展開や図書館のお便りの作成、司書の方々同士の研修等により、学校が図書館を活用しながら学力や読解力につながっていくよう準備していますとのことでありました。

そこで、お伺いいたしますが、決算を迎えまして、令和６年度のこうした準備、改めてどのように検討を深めて準備されてこられたのか、そして、まだスタートしたばかりでございますけれども、学校図書館がどのように充実されているのか、少し御感想を含めて教えていただければありがたいと思います。",2025,2025/10/06,決算特別委員会,議員
,令和7年　決算特別委員会(第7日　10月6日),田中（広）委員,田中広一,"それぞれありがとうございました。本当に皆さんのいろいろな取組がしっかり動き出していると感じております。

幼稚園の取組については、本当にオプション的な取組ということで、拡大していただくことがしっかり柱となっている、この幼稚園事業が充実してきているというふうにも感じております。

ある幼稚園から定期的に園だよりを頂いております。この園だよりを少し御紹介させていただきますと、このときの園だよりのテーマは、絵本の世界に入ってみようというテーマでありました。それぞれの幼稚園では様々な取組を行っているかと思いますが、絵本も大事なテーマの一つであると思います。絵本の読み聞かせは学級全体でお話の世界を共有できる大切な教育活動と捉えており、教師は意図的に絵本を選んでおりますと。ある日、年中組でテントウムシの絵本の読み聞かせをしました。翌日、保育室にテントウムシの絵本コーナーをつくっておくと、子供たちが興味を持って、画用紙を使って自分のテントウムシを作りましたと。また、他の子はカブトムシやクワガタのお面をかぶって一緒に遊んできたという、まさに一つの絵本の取組が様々な遊びへと広がって、深まってきましたという紹介がありました。また、友達、先生との言葉でのやり取りが広がって、物語の世界を楽しむ、体を使って虫の動きを表現して遊ぶ、お話の世界をイメージしながら経験をしていくことの大切さを述べられておりました。幼稚園では、これらの遊びを通して、いわゆる非認知能力である意欲や意思、最後までやり抜く力、人と協力する力など、つながる活動を日々の保育で実践していますと、このように御紹介をされておりました。大変すばらしいというふうに感じたところです。

今、こうして幼稚園での預かり保育全園拡大、そして今年度は時間の拡大、また弁当給食の実施と行っていただいております。また一方で、今年度はすくわくプログラムということで、大事な幼稚園教育も充実していただいているところでございます。こうして充実していただいているところですが、改めて今後の幼稚園教育、幼稚園事業はどういった方向性を持っていらっしゃるのか。その中に、それぞれの園の特徴はあるかと思いますけれども、ぜひ絵本ということを一つのテーマにしながら、一歩、全園に拡大といいましょうか、しっかり共通認識を持って取り組んでいくことが大切かなと思いますけれども、その点を含めての御見解をいただければありがたいと思います。

学校図書館についてでございます。御答弁いただきまして、いろいろな準備をされて、しっかり現場を回って御対応されてきたんだなということがよく分かりました。

私も、先日、お世話になりまして、ある中学校の学校図書館を視察させていただきました。まず、図書館に入りましたら、すごく広々としておりまして、その空間に入って感じただけで、一生懸命いろいろな工夫をされているんだなというのが伝わってきました。ハード面では、本当に窓が大きくて、自然採光を取り入れて居心地のいい空間に整えておりました。お話を伺いますと、４月のオリエンテーションで、まず１年生にしっかり学校図書館を周知して、利用の仕方等もお伝えしているようであります。国語の授業では、読書感想文のヒントになればとのことで、学校図書館の中で授業を行ったようであります。派遣された司書の方は、だんだん慣れてきて、生徒の方からは感動する本はありますかと問われるようになってきましたとおっしゃっていました。この学校図書館では、１日平均19人利用するということでありました。また、学校図書館の充実がスタートしてすばらしいなと思ったのは、学校図書館支援センターだよりを作って、また、現場では学校の先生向けと生徒向けのだよりも作って、すごく読みやすくて読みごたえのある内容にされておりました。そのだよりを見ますと、別の中学校では１日平均で60名が利用されているとも書いてありました。本当にすばらしいというふうに思っております。先生方も事前に学校図書館に訪れるなど、利用の仕方を着実にしっかりと学んでおられるというお話もありました。副校長先生も、司書の方が来られて大変期待していますとおっしゃっていたことが印象に残っております。また、司書さん全体を統括する統括司書の方もおられて、全校５校が本当に同じレベルで充実していくのを大変期待しております。

そこで、お伺いいたしますが、先ほどもしっかり、スタートしたばかりとおっしゃいながらも、いろいろ充実した御報告をいただいたところでありますけれども、ひとつポイントとしていきたいと思いますのは、全体が動き出し、底上げされている中で、本が苦手だという方にどうやって触れてもらえるのか、そこを一つのポイントにしていきたいと思っているんですが、本が苦手な方に対する取組については、今のところどのように考えていらっしゃいますでしょうか。よろしくお願いいたします。",2025,2025/10/06,決算特別委員会,議員
,令和7年　決算特別委員会(第7日　10月6日),田中（広）委員,田中広一,"それぞれありがとうございます。

幼稚園の絵本の取組の方向性ということで伺いました。これまでも着実にしっかりハード面も整備されて、取り組んできているという、しっかりとした伝統もあるのかなと思っております。あわせて、学校図書館のお話もさせていただいておりますが、今、中学校でありますけれども、しっかり中学校を進めていきながら、今後は小学校にもということで、既に準備をしているかと思います。今、幼稚園のお話をいただいたところでありますが、既に子ども読書活動推進計画ということで体制を整えていただいてはおります。その上で、今回、すくわくプログラム、一つの園の取組の絵本の話が出ましたけれども、例えば幼稚園でしっかり絵本を強化して、そして今度は小学校で学校図書館を充実していきながら本に触れていく。そして、今、中学校をしっかり整えていただいております。したがって、既に一連の流れを推進計画を立ててやっていただいていると思うんです。さらに今後、幼稚園からつながっていく流れがしっかりできるのかなと思うんですけれども、何かその点で展望を持っていらっしゃるようでしたら、御所見をいただければありがたいと思います。よろしくお願いいたします。

そして、今、学校図書館の御答弁をいただきました。本当におっしゃるとおりで、本に触れる機会を増やす、これしかないと思うんです。私もいろいろな専門家の方の解説を読んだりしますけれども、やはり本が好きになる、手に取るきっかけは本当にみんな様々ですと。ですから、そういう場所をどのようにつくっていくか、それが大事だというお話がありました。今、御答弁があったとおり、まずは学校図書館に来てもらう、授業で使っていただく、それだけでも、ふだんあまり行こうとしなかった方からしますと、もしかしたら、ちょっと休み時間に行ってみようとか、手に取ってみようと変わるかと思います。また、ビブリオバトルのお話をいただきました。

一度御紹介したかもしれないですが、新しく中央区に引っ越されてきた小学生のお子さんをお持ちの母親とお話ししたときに、うちの子は本を読まないんだけれども、ビブリオバトルがあるからということで、本を読みますと、家で話が出たらしいんです。ビブリオバトルは、どちらかというと、できる方が中心にやっていくようなイメージがあるんですけれども、そうではなくて、読まない方にも大切なきっかけになっているんだというふうに思います。したがいまして、本当に多くの方にきっかけを持つ環境をこれからもさらに進めていただきますようお願いをいたします。

あわせて、今、銀座中学校で大規模改修工事が行われております。この大規模改修工事によって、今後、学校図書館の環境は何か充実されますでしょうか。また、日本橋中学校の学校図書館についても、今後工事に入っていくかと思いますが、特に日本橋中学校の件につきましては、これまでの合意形成の大変さ、いろいろな方の御努力があって、今の浜町校舎があるわけでありますけれども、その中の今後新しく整備される中で、何か１つ、こういった設計を目指していますという思いがあったらお聞かせいただければと思います。

日本橋中学校のことについては、私も地元の方から、ぜひこれはひとつ御紹介してくださいと言われておりますので、紹介させていただきます。ちょっと図書館の話からずれますけれども、先日、地元の皆さんに浜町校舎を見学していただきまして、本当に喜んでいたということであります。外観の浜町校舎のイメージと違って、中に入ると広々としていて、これだったら安心ですねという話になったようであります。また、参加された方が顔見知りの皆さんで、話が盛り上がって、なかなか見学会が終わらないぐらい、すごくよかったということであります。この経緯は、もともと説明会をいろいろ行っている中で、どうしても樹木の話が中心になってしまって、なかなか内容を伺うことができなかった、そういう思いもあったそうであります。地元の方がぜひ見学したいということで、できたそうであります。安全面においても、地域の方はすごく心配しておられるそうです。細い区道のところで、事故がないかどうか心配しているというお話がありました。本当に多くの方の御協力、御支援があって、一つ一つ教育というのは行われているんだなということを地元の担当の区議の方からも教えていただいた次第でございます。こうしたいろいろな御努力がある中で、夢を持った学校図書館となるよう期待して質問しておりますので、御答弁をよろしくお願いします。",2025,2025/10/06,決算特別委員会,議員
,令和7年　決算特別委員会(第7日　10月6日),田中（広）委員,田中広一,"大変御丁寧な、また力強い御答弁をいただきまして、ありがとうございます。

おっしゃったとおり、生徒と先生と、そして本をつないでいく、まさに司書さんの大事な役目だと思っております。読書環境の充実のさらなる取組を期待いたしまして、質問を終わります。

晴海図書館につきましては、また後日質問させていただきます。よろしくお願いします。ありがとうございました。",2025,2025/10/06,決算特別委員会,議員
,令和7年　決算特別委員会(第9日　10月8日),田中（広）委員,田中広一,"それでは、中央区議会公明党の総括質疑を進めさせていただきます。これまで、歳入から教育費まで、区内を取り巻く環境が大きく変化している中で、物価高騰への対策や経済対策、子育て支援、高齢者福祉施策、交通対策、高齢者の住替え支援など、生活支援を総合的に質問させていただきました。また、人口が増加するとともに人口移動も多い中で、人とのつながりや地域とのつながりを大切にする中央区らしい気質を継承していけるような視点も交えて展開してまいりました。総括では、時間がなく質問できなかった分野と、将来を見据えたまちづくりなどを中心に、安心して住み続けられる中央区をテーマに質問させていただきます。

午前中は、１、今後の財政運営と物価高対策について、２、平和事業と執務環境の充実について、３、防災対策と給水スポットの設置について、４、福祉施策について、５、晴海図書館と子ども読書活動の推進について伺います。

まず、今後の財政運営と物価高対策についてでございます。決算審査意見書によりますと、中央区の財政は財政指標から健全性を維持していると示されております。基金におきましても、主要３基金では、前年度より約24億6,900万円増の830億円となりました。様々な御努力によるものと感じております。

一方で、20万都市に向け行政需要が多様化し、施設整備に伴う建築費の高騰が、今後の投資的経費の大幅な増につながっていくものと考えられます。また、施設を整備するとともに、物件費の上昇も考慮していかなければなりません。さらに、首都直下地震などの自然災害への備えも必要となります。これまで、ふるさと納税による税の流出が拡大傾向にあることが課題となってきておりますが、一層の歳入確保への検討強化も重要であります。

歳入の款では、特別区民税の収納率の向上や基金利子の確保について伺ったところでございます。そこで、お伺いいたします。20万都市を目指す目前とする中、今後の財政運営について、どのような点に留意しながら取り組んでいこうと考えておりますでしょうか。御見解をお願いします。

次に、物価高対策について伺います。企画費、区民費において、令和６年度の物価高騰対策、経済対策の取組について伺ってまいりました。財政白書によりますと、令和６年度は、物価高騰対策の主要経費として104億4,400万円、内訳では、生活者支援、事業者支援を実施しております。また、既に取り組んでいただいております小・中学校、保育所の給食費の無償化、幼稚園の弁当給食の実施、児童手当の拡充、補聴器購入費助成の拡大など、生活支援策もしっかり着実に継続、拡充していただいております。

そこで、お伺いいたします。現在も物価高騰が区民生活に深刻な影響を及ぼしており、大事な取組となってまいります。今後の物価高騰対策、経済対策、生活者支援策についてどのように取り組んでいこうと考えていらっしゃいますでしょうか、御見解をお願いします。",2025,2025/10/08,決算特別委員会,議員
,令和7年　決算特別委員会(第9日　10月8日),田中（広）委員,田中広一,"大変にありがとうございます。今、物価高騰対策、お話しいただきまして、昨年度も補正予算を組んだり、また、国、都と連携しながらしっかり迅速に取り組んでいただいたと思っております。おととい、決算特別委員会の中で、地域の方から高齢者の、もう80になる方の所帯の住替え相談をいただきまして、御相談を伺いに行ってまいりました。いろいろお話を伺って、難しい問題ではあったんですけれども、話の中で少し出てきたのが、敬老買物券を頂いておりますと。また、銭湯に行くのが楽しみでということで、敬老入浴証、これは今、物価高の世の中で本当にありがたいというお話をいただきました。

したがって、物価高騰対策、しっかりやっていただくとともに、今行っている生活者支援というのも実は大事なんだなということを再認識した次第でございますので、財源をいろんなところに探していただき、また、今の事業もしっかり充実していただきながら取組を力強くお願いいたします。財政運営におきましても一番根幹となりますので、ぜひ健全な財政運営を進めていただきたいと思います。今、３つ視点をいただいて、大変分かりやすくお話をいただきました。全て大事だなと思っております。特に３つ目の魅力あるまちという点につきましては、また午後の質疑の中で進めさせていただきたいと思いますので、よろしくお願いをいたします。

次に、２点目でございます。平和事業と執務環境の整備について質問させていただきます。

平和事業についてでございます。本年は戦後80年の節目の年となります。中央区では、戦後80年、平和祈念展示と、中央区役所や日本橋、月島、晴海区民センターにおいて平和展示を行っておられます。私も本の森ちゅうおうで行われた戦後80年平和祈念展示に行ってまいりました。展示を拝見させていただいて、本当に身の引き締まる思いでございましたけれども、すごく感じたのは、思った以上に来場者の方が多かったなという、また、アンケートを一生懸命書いている姿が印象に残っております。

そこでお伺いいたしますが、中央区の平和展について、取組状況、またアンケートの声も教えていただければと思います。さらに、来年度は区制施行80周年となります。中央区の発展は平和なくしてはあり得ません。したがって、大事なことと考えますので、来年度の区制施行80周年の事業の一つとして、平和展などを行っていくことも重要と考えますが、御見解をお願いいたします。",2025,2025/10/08,決算特別委員会,議員
,令和7年　決算特別委員会(第9日　10月8日),田中（広）委員,田中広一,"大変御丁寧に御答弁いただきまして、ありがとうございます。今、御答弁の中で、アンケートの結果で、日常の平和の尊さということでお話を伺って、本当に大事なことだなと思っております。御答弁にありましたとおり、中央区では昭和63年３月に中央区平和都市宣言を制定いたしました。また、平成３年３月には永遠の平和を願って、平和祈念誌もまとめてこられております。これまで議会で質疑をさせていただく中で、よく中央区の理事者の方、また区長さんがおっしゃっていたのは、中央区はあらゆる施策に平和をしっかり根幹に据えて取り組んでいくという表現をおっしゃっていたと思います。今、世界情勢が大きく揺れている中で、また中央区も節目を迎える中で、改めてこうした平和事業、しっかり進めていただきますようよろしくお願いいたします。

次に、執務環境の充実について伺います。企画費・総務費ではシティープロモーション事業について質問して、どちらかというと外に向けての取組を伺いました。今度は、内側の体制をどう強化していくかについて伺います。昨年の決算特別委員会において、人員体制の充実について質問させていただきました。その中で、次のような御答弁をいただきました。今、区民の方が区に求めている内容は、これまでの組織体制の中で単体で解決していくには非常に難しい状況にあります。やはり相談が難しくなっている。職場環境の改善を図り、職員の意識を変えていく、さらに、皆が連携しながら、連帯感を持って、区全体として職員が一丸となって、区政の課題、あるいは区民の悩み事に対応していく、こういった意識づくりが大事だと考えております。なかなか簡単ではありませんけれども、努力して取り組んでまいりたいとのお話をいただきました。本当にとても大事なことだなと思っております。

そして、間もなく、先ほど来お話があるとおり、令和９年度には20万都市を迎えることとなります。その中で人員体制、また、職員の皆様が一丸となって取り組んでいくに当たって、仕事しやすい環境を整えていくということは、区民福祉の向上を進める上で重要と考えます。そこで、令和６年度の執務環境の整備をどのように行ってこられたのか、さらに今後の中央区の状況を踏まえて、区政の課題、区民の皆様の悩み事に対応していくために、どのような展望を持って強化していこうと考えていらっしゃるのか、御見解をお願いします。",2025,2025/10/08,決算特別委員会,議員
,令和7年　決算特別委員会(第9日　10月8日),田中（広）委員,田中広一,"大変大事な御答弁をいただいたなと思っております。今おっしゃったとおり、シティープロモーションで外に向けて、新しい方が転入されて、愛着心を醸成していこうと取り組んでいるのと同時に、庁舎内においても、新しい職員の皆様、また若い世代においても、愛着心の醸成をということでお話がありました。今、限られたハードスペース、環境の中で、皆さんが試行錯誤しながら意識改革も進めて取り組んでいくというのは、本当に御苦労もあるし大変だと思いますけれども、でも、皆さんから出た発意があって、何かを変えて動いていくというのは、逆に団結しやすく、前に進んでいきやすいのかなと思いますので、大変だと思いますけれども、ぜひよろしくお願いいたします。

私も民間企業にいた時代も、随分前になってしまいますけれども、座る椅子一つ替えるだけでも全然効率が違うということも学んだりしてきました。一般的に民間ではオフィスとして、創造性ですとか生産性を高める、価値、競争の場という視点で位置づけております。働きやすい環境づくりはソフト・ハードともに重要で、20万都市を目前にする中、本当に重要なことと思いまして質問させていただきました。引き続きどうぞよろしくお願いいたします。

次に、防災対策と給水スポットの設置についてお伺いいたします。

まず、防災対策でございます。令和６年１月は能登半島地震が発生して、この教訓をしっかり踏まえながら、検討して、各事業を展開していただきました。令和７年は、阪神・淡路大震災から30年という節目の年ともなります。これまで阪神・淡路大震災、東日本大震災、全国各地の災害を教訓にして取り組んできていただいております。改めて、令和６年度は能登半島地震が発生して取り組んでいますが、例えば30年前の阪神・淡路大震災からどのような教訓を学んで、防災対策を進めて現在に至っているのか、少し御見解をいただければありがたいと思います。

さらに、今回申し上げたかったのは、防災カタログギフト、エレベーターキャビネットを行っていただいて、本当に大事な取組だなと思っております。特に防災カタログギフトについては、区政世論調査で一定の結果が反映されておりまして、評価しております。また一方では、引き続き人口が増えていきますし、また人口の入替えもあります。同じようにエレベーターキャビネットにおいても、新しい住宅が整備されていく予定となっております。計画段階からの普及啓発が重要と考えます。改めて、今後のこうした家庭内の備蓄、あるいはエレベーターキャビネットの整備についても御見解をいただければありがたいと思います。

さらに、給水スポットについてもお伺いいたします。今年の夏は猛暑が続いて、厳しい暑さとなりました。今、ようやく少し心地よく過ごせる状況となってきております。既に、築地等都市基盤対策特別委員会においても質問させていただきましたが、給水スポットの設置について検討していただければありがたいかなと思います。既に関西万博では、長時間滞在するため、給水スポットの取組が注目されてきました。マイボトル、水筒の中身がなくなってしまったこともありますので、給水スポットのおかげで水分補給ができたということであります。熱中症、廃プラ、地球温暖化に寄与する給水スポットの設置を検討していただきたいと考えます。

例えば、区有施設で多くの方々が来庁される施設、また、高齢者や子供の多い施設などで検討していただきたいと思います。また、区内には様々な再開発があります。多くの来街者が訪れます。例えばですけれども、区内の日本橋エリアのまちづくりなど、まだ時間はかかりますけれども、将来のまちづくりを見据えて、大会社が多いエリアにも必要と考えますが、給水スポットの設置について御見解をいただければと思います。",2025,2025/10/08,決算特別委員会,議員
,令和7年　決算特別委員会(第9日　10月8日),田中（広）委員,田中広一,"それぞれ大変にありがとうございました。本当に防災対策というのは、難しいことであります。いろんな方の協力をいただかなければできないことであります。今お話しいただいたとおり、各大震災を受けて、教訓を受けて取り組んできました。今、全体の概略をお話しいただいたところでありますけれども、そのほかにも、女性の視点を大事にしていこうとか、いろんな取組をしてきました。先日の防災拠点運営委員会の防災訓練に参加させていただいて、どれだけ長い間、委員の皆様、また、区の皆様が協議を続けて、いろんな検討をして、防災訓練の環境を整えていただいたのか、地域の力、また区の見えないところでの御努力があっての訓練だと思います。

しかしながら、また一方で、どちらかというと中央区は在宅避難をしっかりやっていこうということでありますので、新しい区民の方が増えて、人口も入れ替わっている中で、今回しっかり取り組んでいただいたんですけれども、引き続きの展開も必要だと思います。その点、ぜひ充実をお願いいたします。以前にも申し上げましたが、まずは防災特集ということで、区のおしらせちゅうおうで３月と９月にしっかりローリングストック、備蓄品をチェックできるように、分かりやすい広報を引き続き検討をお願いいたします。

また、エレベーターキャビネットについては、新築住宅もこれからありますので、今回のキャビネットの助成を受けて、いろいろお話を伺うと、こんな新しいところでもついてなかったんだということが分かったりして、すごく大事な取組だなと思っておりますので、ぜひ引き続き取組をお願いいたします。

給水スポットについてでございます。これは本当におっしゃるとおりで、衛生上の問題もありますし、もちろん全てどこにでもつけてくださいということではありません。したがいまして、今、都庁の国際フォーラムにも給水スポットがついてありますけれども、お話を伺ったところ、定期的に関係者が調べて、衛生上問題ないかどうか、稼働しているかどうかということもチェックをしているようであります。

また、設備の接続も大事な問題となります。過ぎてしまうと、夏の厳しい暑さを少し忘れてしまいますので、やはりこの段階で、熱中症対策というのは引き続き大きな問題ですので、どうかまちづくりの中においても、また区有施設の中においても検討していただきますようによろしくお願いいたします。

次に、福祉施策についてお伺いいたします。知的障害者グループホームについてでございます。月島三丁目北地区知的障害者グループホーム、リヴェール月島が令和６年12月に開設されました。日頃、地域の中でいただく御相談なんですけれども、一生懸命取り組んでいただいているんですけれども、入居を希望したんだけれども入れなかった方からの御相談も継続していただいております。さらなる拡大の要望をいただいているところであります。特に御相談者は、両親が高齢化して病も抱えている状況となって、この先本当につらいというお声でありました。まだ整備していただいたばかりで、今入居もしっかりしていくことに集中されているかとは思いますけれども、長年希望してこられて入所できなかった方においても、ぜひさらなるお力添えをいただければと思います。令和６年３月の予算特別委員会の総括質疑で一層の拡大について質問したところ、引き続き新たな施設の確保というところでございますけれども、拡充に当たっては、民間事業者の設置、整備を促進していきたいと区としては考えておりますとの御答弁をいただきました。現在の検討状況をいただければと思います。

また、２点目でございますけれども、相生の里の準備状況はいかがでしょうか。以前質問させていただいたときに、事業者さんが替わるタイミングで料金の軽減について質問させていただいております。どのような状況か教えていただければと思います。よろしくお願いいたします。",2025,2025/10/08,決算特別委員会,議員
,令和7年　決算特別委員会(第9日　10月8日),田中（広）委員,田中広一,"御担当の皆様の御努力が感じられる御答弁でありました。相生の里、ケアハウス、グループホーム、本当に大事な取組でありますので、今御答弁いただいたとおり、利用者の皆様に御安心していただけるような事業として進めていただくようお願いいたします。また、障害者、知的障害者グループホームの拡大について、今議論を行っているところでありますということでございます。これも本当に大事な取組ですので、どうか引き続き御検討を進めていただきますようよろしくお願いいたします。

それでは、晴海図書館等について伺います。昨年度７月に晴海図書館が開館されたところでございます。天井も高く、自然採光を取り入れ、明るく開放感があり、内装も本の森ちゅうおうにも少し似た印象を持ちましたが、居心地のいい空間でございます。私も平日、また土日と伺っても、特に土日は若い方たちでいっぱいで、平日は学校を終えてから増えているなという印象を持っております。そこで、まだ開館して間もないところでありますが、少し所感をいただければありがたいと思います。

また、昨年の決算特別委員会の総括で晴海図書館について伺ったところ、御答弁では、特にヤングアダルト層に働きかけるイベント等を増やしていきたいという御答弁をいただきました。どのような検討を行っていらっしゃるのかも教えていただければと思います。お願いします。",2025,2025/10/08,決算特別委員会,議員
,令和7年　決算特別委員会(第9日　10月8日),田中（広）委員,田中広一,"大変詳しく説明いただきまして、ありがとうございます。晴海図書館、すごく特徴のある整備となっております。お話があったとおり、10代、20代の方たちに対するすごくメッセージ性のある取組だと思います。ここで１つ申し上げたかったのは、本当に晴海エリア、また、さらにこれからも人口が増えていくと思いますけれども、若い世代の方が多いんですが、やはり皆さん、忙しくなってくる年代にも入ります。したがって、図書館に来るとか本に触れる機会が少しずつ少なくなっていってしまいます。すばらしいハードを整えていただいたんですが、少しでもソフト面でできないかなということで、今イベントの話を伺ったところであります。きっといろんな工夫をしているかと思います。

実は先日、北海道斜里町立図書館で、ゆるゆる人生質問箱という取組を見る機会がありました。ここは、すぐ近くに学校があるんですけども、図書館になかなか中高生が来ないんですね。そこで考えて、質問箱、いわゆる掲示板をつくって、その掲示板に何でもいいから質問してくださいというコーナーをつくりました。これがまた大反響で、子供たちがいろんな、勉強ができないんですけどもどうすればいいですかとか、生活のこと、また、思春期ですので異性のこととか、いろんなことを皆さんが書く。それをまた熱意を持って図書館の関係者が答えるんですね。そのやり取りがすごく中高生には受けて、利用者も増えて、大変喜ばれているということなんです。その取組が面白いということで、ニュースが取り上げ、報道が取り上げて、私も本を買ってみたんですけれども、本当にすばらしいなと思いました。

申し上げたいのは、その内容をやってくださいではなくて、調べていったら、質問箱にたどり着いたのは、ぎふメディアコスモス、１回一般質問で取り上げたんですけども、そこに行っていろいろお話を伺った中で、そういうアイデアが湧いたというんです。ですので、人生質問箱がすばらしいんですけれども、恐らく職員の皆さんの熱意が中高生に伝わった結果なんじゃないかなと感じております。教育費では学校図書館のお話をさせていただきました。今、区立図書館が４館体制が整ってきております。ハード面がすばらしいんですけれども、その上でさらに関係者の皆さんの熱意が利用者に伝わるような取組を進めていただきたいなと思いますが、大変恐縮でありますけど、短く御見解をいただければありがたいと思います。",2025,2025/10/08,決算特別委員会,議員
,令和7年　決算特別委員会(第9日　10月8日),田中（広）委員,田中広一,大変にありがとうございました。引き続きどうぞよろしくお願いいたします。午前の部はこれで終了させていただきます。ありがとうございます。,2025,2025/10/08,決算特別委員会,議員
,令和7年　決算特別委員会(第9日　10月8日),田中（広）委員,田中広一,"引き続き、総括質疑に入らせていただきます。午後の部では、水と緑あふれる豊かなまちづくりと環境教育、築地市場跡地開発について質問させていただきます。

まず、水と緑あふれる豊かなまちづくりについてでございます。令和６年度は、行政評価によりますと、公園を１園、わたし公園を新設され、今後の方向性としても、再開発事業等の機会を捉え、公園用地を確保することにより、公園の新設、拡充に努めるとあります。令和６年、ＨＡＲＵＭＩ　ＦＬＡＧがスタートいたしまして、晴海ふ頭公園、また晴海緑道公園が整備されて、晴海臨海公園とともに、水辺に面した緑豊かな空間が広がってきておりまして、過ごしやすい季節では家族で訪れていますなどの声をいただいております。今申し上げたとおり、令和６年度、いろんな取組をされていると思いますが、緑の拡大の取組状況を教えていただければと思います。さらに、水辺環境の活用構想につきましても、令和６年度、石川島公園の調査検討が行われました。どのような検討が行われたのか、また今後の展望についてもお聞かせください。

環境教育についてお尋ねいたします。環境土木費において、区内の身近な自然や生き物と触れ合うことの大切さについて質問させていただき、環境部署としても大事であるというお話をいただきました。教育委員会として、区内の身近な自然や生き物と触れ合うことの大切さについての御見解を改めて教えていただければと思います。併せて、小学校等で、近くの公園で生き物探し等を行っておりますでしょうか、教えていただければと思います。よろしくお願いします。",2025,2025/10/08,決算特別委員会,議員
,令和7年　決算特別委員会(第9日　10月8日),田中（広）委員,田中広一,"それぞれありがとうございます。また、質問の意を酌み取っていただきながら御答弁いただきまして、ありがとうございます。公園の緑の拡大でございますけれども、しっかり取り組んでいただいていると思います。また、都心の中で一番難しい事業の一つだと思っておりまして、積極的に取り組んでおられますこと、大変期待をしております。今いただいたお話にさらに、築地川アメニティ整備構想も令和６年度設計等を行っておりますが、この点につきましても教えていただければと思います。また、水辺の環境活用構想、今、問題点を整理とありました。これは安全面ですとか、様々な環境をしっかり整理されていらっしゃるんだと思いますけれども、石川島、また佃、新川同様、問題点というところはどこを一番御懸念されていらっしゃいますでしょうか。

また、環境教育についてでございます。大変にありがとうございます。いろいろ取り組んでいただいているなと思っております。区内におきましても、都心区においても、やはり生き物に触れていくということは大事なのかなと思っております。実は、お忙しい中、事務局にお願いして、少し調べていただきました。生き物探しを行っている区を代表して、千代田区と新宿区を調べていただいたところでございます。千代田区では、平成26年度から区民参加型のモニタリング調査、生き物探しを実施しておりまして、参加者の声として、通勤で通う何気ない都会の中に多くの生き物が住んでいることを知ることができて面白かった、千代田区にたくさんの生き物がいることを知るきっかけになり楽しかったなど、声が寄せられております。また、新宿におきましても、新宿いきものさがしを令和３年度から進めておりまして、寄せられた声として、見つけた生き物を図鑑等で調べるのが楽しかったです、また参加したいです、生き物が増えているように感じる、緑を増やしたり、生き物が暮らしやすいまちになるといいと思う。また一方で、年々生き物が減っていて寂しい、環境が刻一刻と変化しているのを肌で感じるという声もあったようであります。

いずれにしても、地域のことに触れていただくというのは大事だなと思っております。今の話は、区民参加型ということで区の事業にはなるんですけれども、ここで１つ御提案させていただきたいのが、学校の取組として、先ほど御答弁いただいたとおり、例えば近くの公園等で生き物を調べて、それを皆さんで学んでいるというお話がありました。できれば子供たちが学んで見つけた生き物を、ぜひ環境土木部に御協力いただいて、例えば子供たちが見つけた生き物を看板として、案内掲示板のような形で啓発していただくことも大変意義があるかなと考えます。これも地域の方、一生懸命ボランティア等の活動をされている方から、本当に緑が増えてきて、御自身が住んでいらっしゃるマンションの公開空地も生き物が増えてきていますと、ぜひ子供たちにこういうところを見てもらって、また、案内看板を設置することも大切ではないでしょうかという声もいただきました。すごく大事なお話だなと思いまして、生き物を通して地域と人がつながるきっかけということも、今後環境ですとかを学んでいく上では大事だと思いますので、ぜひ環境土木部と協議しながら取組を進めていただきたいと思いますが、この点、御見解いかがでしょうか。よろしくお願いします。",2025,2025/10/08,決算特別委員会,議員
,令和7年　決算特別委員会(第9日　10月8日),田中（広）委員,田中広一,"それぞれ御答弁ありがとうございました。真剣に受け止めていただきまして、ありがとうございます。今の環境教育のお話もおっしゃるとおりで、主体性が大事だと思います。私も、ただ単に生き物調査をして、例えばここにトンボがいるから、看板にトンボを表記しようというよりも、やはり子供たちが関わって、調べた結果、ここにトンボがいるからつけようというのが一番いいと思います。また、子供たちがそう思わなければ前に進まないと思いますので。ただ、地域とつながっていく、地域を知るということでは大事な視点かなと思いますので、いろいろ検討していただいて、推進していただければと存じます。よろしくお願いいたします。

また、水と緑あふれる豊かなまちづくりということで、いろいろと御答弁いただきまして、ありがとうございます。今、工事費も高くて、莫大な費用がかかります。また、所有権も中央区にあるわけではなくて、他の関係者と協議をしながら進めているというのは本当に難しいことだと思います。基本計画2023の表紙をめくりますと、中央区を晴海方面から見た写真があって、築地市場跡地は白いままですけれども、そこに10年後の緑を入れていただいていて、例えば築地川アメニティ整備構想の予定地も緑色をつけていただいているんです。まさに10年後の将来像を写真で表現していただいて、すばらしい、真剣な思いが伝わってきたなという印象を当時持っておりました。緑ってすごく抽象的ではあるんですが、やはり人とまちをつなげる大事なところだと思います。誰もが安心して訪れることができる広場だと思っております。

先日、ある専門家が、どちらかというとビジネスを行っている専門家がおっしゃっていたんですけれども、緑というのはお金を生むわけではなくて、まちに緑があることが価値ですと。人は緑に集いやすく、そこからアイデア、ビジネスが生まれますし、海外から家族が来た人にとっては、働く場以外の環境も大事です。緑のあるまちを増やすことで東京の魅力を上げ、世界から選んでもらえる都市にする。東京の魅力を高めることは日本全体にも影響を及ぼしますと述べられておりました。今、中央区は人口が増加して、外国人の方も増えております。また、人口の転出入もあります。したがって、変わらない空間、安定した景観、まさに緑であったり河川、隅田川を代表するように川だと思っております。中央区の大事な価値なのではないかなと思います。

そこで、今、緑の基本計画について間もなく改定の時期を迎えるとありました。中央区基本計画を中心に、まさにその下に来るのが緑の基本計画と今の水辺の構想になるかと思います。この構想が今度計画に上がっていくのかどうか、その書類を作ることはさておきながら、ぜひ今の水辺と緑を一体的に捉えて、基本計画2023を基にした次期緑の基本計画の完成を目指した状況での将来の展望をぜひお聞かせいただければと思います。

これまで、シティプロモーションで区制80周年の話題が出てまいりましたけども、まさに90周年、100周年を迎える頃には、さっき御答弁があったとおり、築地川アメニティ整備構想も竣工されて、多くの方が利用して、築地も完成して、地下鉄も通り、ＢＲＴも充実し、東京駅前、日本橋エリア、日本橋側の上空の高架橋も撤去されて、本当に変わっていくなと思います。まさに基本計画2023の表紙の裏面をちょっと進化させたような状態になるかと思います。今、物価高等で皆さん、目の前で苦労している中で、誰もが魅力を感じて、やっぱり中央区というのは魅力あるなというのを、また川とか緑にもぜひさらなる力を注いでいただきたいと思いますが、御見解をいただければと思います。よろしくお願いします。",2025,2025/10/08,決算特別委員会,議員
,令和7年　決算特別委員会(第9日　10月8日),田中（広）委員,田中広一,"ありがとうございます。ぜひ希望を持って皆さんが進めるように取組をお願いいたします。以前、区の事業で、議会も一緒にサザランドに行かせていただいた折、帰りにシドニーのオペラハウスを遠くから拝見いたしました。一般的にオペラハウスがある意味、シドニーのまちの価値を高めたなんていう観光的な表現がありますけれども、もちろん中央区には大事な、江戸から続く気質があったり、いろんな商業がありますけれども、今大きく社会が変わっていく中で、建物は変わっていきますけれども、その中に川があり、また緑があるというところが、人と地域を結んでいく大事な点になるのかなと思いますので、よろしくお願いいたします。

最後に、築地市場跡地開発について伺います。２点ございまして、１つは環境土木費で、都心・臨海地下鉄新線構想のための利用者調査、動向調査を行ったという、ビッグデータを使ってというのがありました。現状からビッグデータで情報を取れるということは当然あるとは思うんですが、同じように、築地市場跡地開発においては、これまで議論してきたとおり、車の問題、歩行者、駅の容量は本当に足りるのかどうか、あらゆる面において、ぜひ詳細な調査を、これは事業者なり関係者に進めていただきたいなというのが１つと、それからもう一つは、本当に大きな課題があって、今現状、この課題をクリアしないと前に進めないという現状の中で、東京都の関係者の皆さんはどう思っていらっしゃるのか。区の御担当にここで伺うのは恐縮ではあるんですけれども、都の方はその現状をどう思っていらっしゃるのか。その点、感想という形になってしまうのかもしれないんですが、お聞かせいただければありがたいと思います。よろしくお願いします。",2025,2025/10/08,決算特別委員会,議員
,令和7年　決算特別委員会(第9日　10月8日),田中（広）委員,田中広一,"本当に詳しく御説明いただいて、どれだけこの事業の困難さがあるかということはよく分かりました。ある意味、プロの目から見た感じであります。一方で、住んでいる側からすると、今までの、例えば、話題に出ておりました勝どき駅周辺もそうなんですけれども、何か開発があったりすると、交通とかいろんな面で皆さん、不便を感じておられます。ですので、気持ちとしては不安なんです。ですので、東京都の方がしっかり会議の場等にちゃんと、まち協でも来ていただいておりますけれども、皆さんのその気持ちは分かった上でちゃんとやっているんですよというのが伝わるように、会議の環境を整えていただいたり、東京都の方を呼んでいただいたりしていただきたいなと思います。今の難しい取組は、これはもう総力を挙げて力を合わせていかなければならないことでありますので、頑張っていきたいと思っております。また、都心・臨海地下鉄新線構想、やはりこれは築地の開発ができる前に通らなければ大変厳しいなと思っておりますので、一日も早い早期実現を推進していきたいと、また力を合わせていきたいと思います。

これまで、様々質問させていただきました。やはり住んでいる方の気持ち、視点、また安心して住み続けられるまちということで質問させていただきました。引き続きさらなる充実強化をお願いいたしまして、総括質疑を終了いたします。大変にありがとうございました。",2025,2025/10/08,決算特別委員会,議員
,令和7年　決算特別委員会(第10日　10月9日),田中（広）委員,田中広一,"中央区議会公明党の態度表明を申し上げます。

令和６年度の中央区予算は、「人がつながり　まちもつながる　安全安心なまちを目指して」と題して、令和６年能登半島地震を踏まえた防災対策や区内共通買物・食事券の増額などの経済対策、晴海地区の新たなまちの形成などを支援する地域コミュニティの活性化、学童クラブの定員拡大や、幼稚園預かり保育の全園拡大と弁当給食の実施、児童手当の拡充、学校図書館支援センターの設置など、子供の健やかな成長と豊かな学びあふれるまちづくり、交通環境の充実と脱炭素社会の実現を目指す取組、知的障害者グループホームの開設支援やふくしの総合相談窓口の開設などの各福祉施策、銀座・築地周辺みどりのプロムナード構想や水辺環境の活用構想の調査・検討など、水と緑あふれる豊かなまちづくりの推進など、各事業の充実、強化に努められました。中央区議会公明党が一般質問や委員会質疑などを通して要望してきた施策が多く展開され、評価いたします。

中央区各会計歳入歳出決算は、財政指標によりますと、現時点で健全性を維持しておりますが、人口増加に伴い拡大、多様化する行政需要への対応、景気の先行きや物価上昇の影響、ふるさと納税による税の流出など、今後の推移に十分注意していく必要があると考えます。引き続き、健全な財政運営に努めていただくようお願いいたします。

長引く物価高騰により、区民生活は深刻な影響を受けております。今後も、総合的な経済対策や生活支援策に力強く取り組んでいただきますよう強く要望いたします。

中央区は、人口増加がさらに続く中、築地市場跡地開発をはじめ、複数の都市基盤整備事業が進んでいき、交通など、様々な影響が予想されています。各課題解決へ粘り強く取り組むとともに、中央区の魅力向上と、安心して住み続けられるまちづくりが重要です。区内を取り巻く環境が変化している中で、人と人との温かいつながりや地域への愛着心の醸成などを大切にしていかなければなりません。

各款におけます決算審議に際しましては、区民の目線に立ち、様々な意見や提案をさせていただきました。当局におかれましては、これまでの意見、提案を十分に御検討いただき、次年度予算編成、また今後の行政運営に反映していただきますよう強く要望し、中央区各会計歳入歳出決算の認定に同意いたします。

以上を申し上げまして、中央区議会公明党の態度表明とさせていただきます。",2025,2025/10/09,決算特別委員会,議員
,令和7年　決算特別委員会(第2日　9月29日),田中（耕）委員,田中耕太郎,"自民党の田中でございます。少々長丁場となりますが、よろしくお願いをいたします。

それでは、企画、総務全般についてお伺いをしてまいります。

企画部、総務部の皆さんに所管していただいております個別の事案やプロジェクト、施策、ルーチンのものから新企画に至るまで、たくさんあるわけでございますが、今般、決算ということもございますので、改めて行財政の中心、中央をつかさどっていただいております本所管の中で、本区の置かれている状況と決算全般に対する行財政全般という意味で、まず質問をさせていただきたいというふうに思います。

申し上げるまでもなく、決算が予算編成への土台となり、社会環境変化への柔軟な対応をしていくものというふうに考えております。申し上げるまでもなく、本区は歴史的、地勢的に江戸期から続く、東京で最も歴史のある中心地でありまして、その中心市街地である日本橋、そして文明開化の中心地とも言えます銀座・京橋地域、そして、昨年度からは東京で最も新しいまち、ニュータウンとしてのＨＡＲＵＭＩ　ＦＬＡＧ、さらに近未来は東京の未来を担う築地市場の跡地再開発エリアをはじめとして、数々の大きなダイナミックな変遷を遂げてきた、まさに伝統と新しい挑戦の連続を続けてきたまちであるというふうに考えております。

そういった大きな視点、観点でお伺いしたいんですけれども、今般の決算は、コロナ禍の収束、一昨年に大分コロナの収束が明確となり、昨年度はほぼコロナの影響を大きくは受けない状態になっていたかというふうに認識しております。でありますので、今般御報告いただいております決算は、アフターコロナ、コロナの後の本区をはじめとする東京都心の将来の在り方、あわせて、残念ながら世界の政治経済状況は不安定化、ウクライナ戦争などを申し上げるまでもなく、世界のパワーバランスが大きく変わっていく中で、区の行財政、そして今回の決算、そしてそれを予算にどのように反映するのかという大所の観点で御見解をお願いしたいというふうに思います。

とりわけ、本区、中央区は商業都市であります。何よりも経済環境が様々な、区民生活はもちろん、まちのインフラに至るまで、大きな影響を受けて、大きく変わっていく、その源泉ともなっているというふうに考えております。でありますので、経済環境、とりわけ現在の物価高、株高、それから地価の高騰、こういった光と影の部分、本区への影響を踏まえて、今回の決算の総括、歳出の点で教えていただきたいというふうに思っております。

午前中にも不動産の譲渡所得、本区の場合は非常に地価が上がって、今、流入人口も多いということもありまして、大きな影響が、これはプラスというふうに一義的には捉えることができるかもしれませんけれども、税収の増が見込まれる、また、もう見込めているというお話もありましたが、それらはやはり経済社会環境の変化が区民や我々の区財政、行政に大きな影響を与えているといった観点を踏まえて、企画部ないし総務部としての御見解をまずはお知らせいただければと思います。お願いいたします。",2025,2025/09/29,決算特別委員会,議員
,令和7年　決算特別委員会(第2日　9月29日),田中（耕）委員,田中耕太郎,"ありがとうございます。

今、御説明、御報告いただいたように、本区として、新しい取組、また、これまでの取組を加速していただいているということは本当に高く評価したいというふうに思います。その一方で、先ほどからの繰り返しになりますし、御答弁にもありましたが、やはり一般の区民の方からすると、物価高騰がかなり影響を及ぼしているだろうなと。これは、いわゆる収入に余裕のある高所得の方はそれなりに、厳しい経済環境の方はより厳しくなるという循環を招いているかなというふうに思います。もちろん、区民に対する各施策は、今回の款の中でお話をする内容ではないというふうに思っております。本区として、今回の決算で、それこそ小さな、ここにある鉛筆一本から、様々な全ての用品や用具の値段が上がっているわけですけれども、区で利用している様々な物品の物価高に対して、企画、また総務部門としてどのような対応をしておられるのかというのをお知らせしていただきたいと思います。

残念ながら、全ての用品の物価が上がっていくということがほぼ確定しつつある状況というふうに認識しておりますので、今回の決算を踏まえて、今年度の予算、現在、執行中でございますし、来年度の予算、このまま様々な用品の物価が全て上がっている中で、区の行財政運営が行き詰まらないような努力や施策について御見解をお知らせしていただきたいというふうに思います。お願いいたします。",2025,2025/09/29,決算特別委員会,議員
,令和7年　決算特別委員会(第2日　9月29日),田中（耕）委員,田中耕太郎,"ありがとうございます。

本区は、基本的には、ずっと歳入増、人口も増えておりますし、税収のほうは基本的には右肩上がりで推移してきているし、今後もそれが見込まれるというふうに考えておりますが、やはり歳入、税収増を上回るスピードでの物価高ですとか、物件費、投資的経費という話もありましたけれども、５年前、10年前であれば、費用が同額で、より充実した内容や、より量の大きなサービスが提供できたものが、当然できなくなる可能性はありますし、手当てしていただいているというのは本当に重々承知はしておるんですけれども、昨年、一昨年と、前回までと同じ予算規模では無理だから、ちょっと増やしましょうねで、そのちょっとで本当に同じサービスが提供できるのかどうかというのは、区民はもちろん、我々も非常に危惧しているところであります。手当てしている、予算を多く増やしているということは理解していますけれども、併せてサービスによりめり張りをつけた行財政運営をお願いしてまいりたいと思います。

物価高だからこその緊縮財政という考え方もあるでしょうし、コストを削減して同レベルの行財政を運営していく、維持していくという考え方もあるでしょうし、残念ながら、物価高ということは、お金の、紙幣の価値が年々毎日下がっているというふうにも言えますので、積み上がる基金の残高や余裕のあるバッファーの部分が、結果的にたくさん取っていれば取っているほど、残念ながら、貨幣という意味では価値が毀損していく経済状況が続いております。残念ながら、今後ももう一歩いくと言う経済の専門家も多いわけでございますので、行財政運営の在り方、単純に緊縮財政か積極財政かという白か黒かの２択ではありませんが、そのバランスを、これまでのデフレ社会、基本的には物価があまり上がらない社会から、区のほうでも大きく転換をして、行財政運営をより考えていただければというふうに考えております。

そういった中で、本区の人件費についてでございますけれども、職員の皆様の待遇について、この決算でも、たしか人件費は増額で御報告いただいていたかと思いますが、物価高に対する給与調整はどのように機能しているのかという点に対して御見解をいただきたいと思います。私の知る限りでは、千代田区さんなどは、昨今、かなり特別手当を増額して対応しているといったお話がありまして、本区も対応はされているというふうに認識しておりますが、今後、引き続き職員の皆さん、理事者の皆さんの働きやすさももちろんですし、本区内で活動していく上で必要な経費でありますので、職員の皆様の待遇面での対応が現在どうなっているのか、今後どうする方針なのかをお知らせいただければと思います。",2025,2025/09/29,決算特別委員会,議員
,令和7年　決算特別委員会(第2日　9月29日),田中（耕）委員,田中耕太郎,"ありがとうございます。

もちろん、公務員の皆様の給与体系が、23区なら23区の人事委員会勧告に基づいて、基本的な考え方として一律なのは重々承知しております。一方で、都内も全国もどこも物価も地価も上がっているわけですが、とりわけ都心中央区は、本当に不動産価格や家賃価格が上がっておりまして、いい表現か否かは分かりませんけれども、区の職員の皆様は、買うどころか借りることがだんだん難しくなってきているという現状を私は非常に危惧しております。中央区内の家賃価格の高騰は、経済原理、経済の自主性という点では止められない部分はありますけれども、職員の皆さんもそうですし、何なら我々もそうかもしれませんが、頂いている歳費、給料で中央区内に住めなくなるのではないかという恐怖を感じておられる方は、区民の皆様にも本当に多いと思います。それに対して、公共団体、自治体として、単純に給料を上げればいいという単純な話ではありませんけれども、そういった危機感は共有していかなければならないだろうというふうに思っております。そういった観点で、職員の皆さんはもちろん、区民の皆様が継続して住めるまちという観点からも、職員の皆様の待遇も引き続き改善していただいて、よりよい中央区の区政を目指していただきたいというふうに考えております。

次に、本区の広報やメディアの戦略についてお伺いしたいと思います。

今般の決算で、区のおしらせちゅうおうの、これはもちろん毎年計上されておりますが、6,000万円余りでしょうか、執行していただいております。区のおしらせちゅうおうは、今回決算のあった令和６年度に、たしかリニューアルを行っていたかというふうに思います。今までずっと長年行ってまいりました町会・自治会配布を昨年度終了して、月３回から月２回の発行への変更という形を取っておられるかと思います。今回は、その効果といいますか、実態としてどうなっているのかというのをお知らせしていただきたいと思います。新聞折り込み等もなくなりまして、希望者への郵送配布という形になっております。発行部数や、区民の方へ、区のおしらせちゅうおうの情報媒体としての魅力が相当落ちてしまったのではないかということを懸念されている方もいらっしゃいましたし、私自身もそうなっているのではないかというふうに危惧している部分もありますので、区のおしらせちゅうおうの現状と今後の展望についてお知らせをしていただきたいというふうに思います。

あわせて、別に、区のおしらせちゅうおうだけではなくて、区の広報媒体として、これまでもずっとお伝えしてまいりましたが、ホームページはもちろん、ケーブルテレビやラジオ、ＳＮＳ等、あらゆる媒体を活用して区民への情報発信、お伝えをしていただいているというのは分かっておりますけれども、重要性ですとか、優先性が非常に大きく入れ替わっているというふうに感じております。とりわけ、テレビなどは一般の民放放送、ＮＨＫなどもそうかもしれませんけれども、日々生活していく中でテレビを見る時間が、私個人としてはかなり減っていると感じていますし、全体として例えば視聴率も下がっていて、当然、皆さんはその時間に何をしているかというと、ＳＮＳやネット動画を視聴している時間が増えている傾向かというふうに思います。

このように、区民の皆様が見る媒体の時間や内容が大きく移り変わっていく中で、区民の皆様に重要なことをどのようにお伝えしていくのか、その優先の入替えや優先順位づけについて、どのようにお考えになられているのかというのをお示しいただければと思います。",2025,2025/09/29,決算特別委員会,議員
,令和7年　決算特別委員会(第2日　9月29日),田中（耕）委員,田中耕太郎,"ありがとうございます。

ＩＴ、ＳＮＳなどでの情報発信は、対象者ですとか、目的が本当に細かく分かれているものだというふうに思います。ですので、効果的なものをすぐにつくり出す、発信するというのは本当に難しい時代といいますか、時期であろうというふうに思います。そういった中で、今のお話ですと、例えば、区のおしらせちゅうおうの発行部数はどのようになっているのか。前回の５年度と比較して、令和６年度はどのようになっているのか。個別配送、個別郵送を行っているというのは承知していますが、どのようになっているのか。また、今後、今年度や来年度に向けて、区のおしらせちゅうおうの発行部数が単純に減ってしまうのではないかと危惧しているんですけれども、そのあたりはどうなっているのかというのをお知らせしていただきたいというふうに思います。

また、決算、予算ときに毎回お聞きしていますが、ケーブルテレビです。「こんにちは　中央区です」の内容は、いつも非常に充実していて、私もたまに見ると、おっと思うところもあるんですが、やはり視聴率という観点ではちょっと厳しいかなと思うときもあります。費用もまあまあ、ほかの媒体と比べて大きく、この決算上も3,100万円相当です。ホームページは運用費用と制作費用を分けて考えないといけないと思いますが、ホームページが850万円相当で、ＳＮＳ運用が410万円相当という中で、ケーブルテレビに3,100万円ということで、中身のコンテンツとしての質は非常に高いとは思いますが、見ていただけている方、区民に届いていないのではないかという懸念は以前からあります。そのあたりの御見解もお知らせをしていただければと思います。",2025,2025/09/29,決算特別委員会,議員
,令和7年　決算特別委員会(第2日　9月29日),田中（耕）委員,田中耕太郎,"ありがとうございました。内訳まで教えていただきまして、ありがとうございます。

先ほど一部組替えをというお話をしたのは、まさにそこのところでございまして、動画の質自体もしっかりとしたものですし、記録としての価値も非常に高いものだというふうに思っております。今お話しいただいたように、どの媒体でもすぐ使えるというのは、また編集したり、いろいろな手間があったりするのも理解をしていますが、それであれば、コンテンツ、動画をつくる経費と、それを各媒体に流す経費ですとか、手続をむしろ分けていただいて、一番効果の高いところに優先的に力を注いでいただいたり、予算、決算費用をかけていただくようなお取組を今後は少しずつ進めていただけないかなというのが個人的な意見、考え方です。いわゆるクロスメディア戦略ということになるんでしょうか、様々な媒体の中で、どれがどこに何時にどのようなタイミングで誰を相手に流せばよいのか。同じ動画であっても、使い方、編集の仕方によって全然効果が変わってくるというところで、今回、決算の金額、今お話があったように、別に金額が高いから、全部それだけにかかっているというわけではないというのは思っておりましたし、さらに理解を深めました。今回、おっしゃるように発行部数が減ったから問題だということではないというふうに思っていますので、より一層中身と媒体を明確に分けてお知らせをしていただけるような体制づくりを、今後期待してまいりたいというふうに思っております。

続きまして、デジタル、ＡＩ、ＤＸ推進についてお伺いをしてまいります。

先ほど来、様々なところで生成ＡＩのお話も出てまいりました。生成ＡＩの中で最も有名、著名、老舗と言えるんでしょうか、チャットＧＰＴが一般公開されたのが、先ほど調べたら2022年11月公開ということで、何とまだ３年もたっていないということで、私自身も個人的に驚きました。技術は日進月歩というのは頭では分かっているんですけれども、公開当初は小学生以下の回答しかできないなんていうふうに皮肉を言っておられる方もいらっしゃいましたけれども、まさに日進月歩で、先月と今月では全く答えが違う。絵も描ければ、グラフも描けるし、専門的な回答もどんどんやってくる。それどころか、最近は質問者の我々に気遣いまで、慰めてまでくれるという状態でございまして、日々、自分の至らぬ点をＡＩに慰めてもらっているという悲しい現実も私自身にはあるわけです。いずれしても、まだ３年もたっていないのに、もう大きく進化してしまいまして、あと数年たったら、かつての映画のように、知的な判断を全て任せなくてはいけないのではないかということが、非常に恐怖でもあり、期待するところでもあるわけです。

先ほど来ありましたように、自治体での業務をＡＩとかにどこまで任せることができるのか。これは区の情報化基本方針の取組の中などにも触れられていたり、ＤＸ推進の計画の中にも盛り込まれているのは重々承知していますが、何せ本当に速い。どんどん次から次へとできることが変わる状態かというふうに思いますので、改めて、本区のデジタル、生成ＡＩ技術の有効活用の現状をお知らせしていただきたいというふうに思います。

また、ここは教えていただきたいんですけれども、少し前まで、生成ＡＩが大きな議題となる前までは、公共情報のオープンデータ、区で扱っているもの、都で扱っているもの、国で扱っているものも、差し支えないものはできる限り公開情報として様々な形で有効活用していこうという取組が、今ももちろん行われてはいますけれども、あったというふうに考えています。ＡＩで例えば中央区の行財政について質問をすると、ホームページの表面的に書かれていることはかなり素早く認知して、それなりに、場合によってはかなり的確に質疑に答えてくれるわけですけれども、専門的なことになると、その先のファイルの中に入っていたり、公開されていない情報も当然多くありますので、生成ＡＩはそれを認識できないというような現実があるのかなというふうに認識しております。そういう観点で、あえて区の様々なこれまでの積み重ねや知見、一般に公開しても差し支えない情報を生成ＡＩとかに認識してもらうような取組は、現在、行われているのか否かという点について御見解をお知らせしていただきたいと思います。

また、従来から、本区ではＡＩのチャットボット等も先行的に導入したものもあったかと思いますが、その実績、効果、その後の発展的な展望についても併せて教えてください。お願いいたします。",2025,2025/09/29,決算特別委員会,議員
,令和7年　決算特別委員会(第2日　9月29日),田中（耕）委員,田中耕太郎,"ありがとうございます。

本当に新しいものでありますので、今お話にありましたように、当然、リスクですとか、悪用も絶対ないとは言えないものかというふうに思います。ただ、公共の自治体として積極的に公開しているデータ、統計的なものとかもあると思いますが、そういったものは、まだ、どうやら生成ＡＩではうまく読み込めるものと読み込めないものがあるというふうに認識しております。区として積極的に出しているデータは当然あるかと思いますので、それが生成ＡＩに読み込めないのだとしたら、少し残念だというふうに、現状、考えましたので、お伝えをしたところであります。

いずれにしましても、様々なリスクがある中で有効活用せざるを得ない状況が本当に日々進んでいるというふうに思いますので、そういった観点で、引き続きの検証とともに、積極的な活用を期待してまいりたいというふうに思います。

防災・防犯等についてお伺いをしてまいりたいというふうに思います。

我が会派の会派要望の中でも一部ありましたし、昨今、防災対策において注視されることが多いというふうに思うんですけれども、今年の夏も非常に暑くて、酷暑の時期や、当然、冬の寒い時期、東京は最近、暖冬続きで、凍死するというレベルの寒さはあまりなくなってきたといえども、厳冬期等の厳しい自然環境、暴風雨も含めて、多重災害の形になるときもあるでしょうが、その中での自然災害に対して、果たして我々は対応できていくのか、できるのかという点についてお伺いをしてまいりたいというふうに思います。もちろん、厳しいことが２つ、３つ重なるというのは想定内といいながらも、全部に対応するのは想定外なわけですけれども、これだけ酷暑、夏の暑い時期が毎年のように、６、７、８、９月もずっと30度超えの日もありましたので、１年の３分の１は、正直言うと、冷房がなければ、体の弱い方にとっては厳しい。健康な方であっても、少なくとも日陰にいなかったら避難どころではないというぐらいの厳しさを感じる日が連続するという状況があるかと思います。

そういう中で、万が一の震災をはじめ、様々な自然災害が発生したときに、どのように対応していくのかという観点、これはすぐに何かできるという問題ではないとは思いますが、そういった観点をより高い質の防災という観点で認識していただきたいというふうに思っております。多重災害も含めて、今申し上げたような、より厳しい状況下に対する本区の認識について御見解をお知らせしていただきたいというふうに思います。

また、令和６年度からでしょうか、地域防災リーダーの必要性ということで育成にも力を注いでいただいているかというふうに思います。この取組の現状と今後についてお知らせしていただきたいというふうに思います。一方で、本当に大災害のときは、様々な防災組織のリーダー役の方々が全て一堂に会するということは、逆に難しいのではないかという指摘をする専門家も昨今増えております。災害時でもインターネットが使えるのであれば、ＳＮＳ等での情報発信や、共助というよりも自助をよりアシストする取組が全国の自治体でも幾つか散見されるというふうにお伺いしております。

防災リーダーを育成することや防災組織を充実させることは大事ですし、ますますやっていただきたいと思っておりますが、それだけに頼らない新しい仕組みづくりについて御見解がありましたら、ぜひともお知らせをしていただきたいというふうに思います。

以上の点をお願いいたします。",2025,2025/09/29,決算特別委員会,議員
,令和7年　決算特別委員会(第2日　9月29日),田中（耕）委員,田中耕太郎,"詳細な御回答、御答弁をいただきまして、ありがとうございます。チャットボットの件は、すみません。私も聞いておきながら聞きっ放しとなってしまいまして、失礼いたしました。

そちらは、現在、ごみの分別に関することのみに対応しているという認識で、その後、変化や発展は取りあえず現段階ではないということでよろしいのかどうか、後ほど、御答弁を簡潔にいただければというふうに思います。

防災に関しましては、繰り返しとなりますが、やはりリーダーや拠点の委員会の役員さんや消防団の皆さんもそうですけれども、ボランティアといっても、責任感を持って地域の事情をよく知る方々が率先して、あるべき支援や共助の体制をつくっていくというのはもちろん大賛成ですし、それを充実していただいているのはすばらしいと思います。一方で、それだけに頼ってしまうと、次のステップにたどり着けないのではないかと、ちょっと心配し過ぎるかもしれませんけれども、懸念です。防災リーダーや、様々な防災の役職のある方々に負荷がかかり過ぎてしまって、これだけ人口が多く、新住民も多くなっている本区では、本当に大災害のときに機能できるのかというのが、どうしても懸念としてはあります。情報発信の在り方とも関連してきますけれども、御回答にもありましたが、自助、自分自身でどこまでできるのか。また、それを今般、防災グッズをポイント制で配布していただきまして、様々な形で各自の意図、ニーズに合う形での防災用品、グッズ等を中央区の家庭でそろえていただいた方は多いというふうに思いますが、ハード面、ソフト面両方で、リーダーに頼るだけではない次の段階といったものをぜひとも模索していただきたいと思います。

先ほど、夏の暑い時期だったら、例えば多分大型の扇風機ですとか、そもそも電気がなければ動かないですけれども、そういったお話もあったと思います。例えば、大災害が起きて、この庁舎は無事でした。ですから、この中で職員の皆さんや我々も活動はできる。けれども、当然、真夏で冷房が止まってしまっている状態の庁舎や出張所で、どこまで生産的な仕事ができるのかというのは、一昔前ならば、暑くても泣き言を言っているなという話ですが、現段階、今年の７月、８月の暑さで、ここの空調が切れていたら、とてもではないが、本当にパンツ１丁でも仕事をするのは難しいかもしれないというほど、ちょっと大げさにリスクとしては考えているところであります。

これはかなり個人的な見解になりますけれども、現在、様々な外の作業現場などでは、いわゆる空調服、扇風機がついている服をつけている方が、外で仕事をされている方とかで非常に増えています。実は、私もあれを、今年の夏、あまりにも暑いので、外で用事があるときのために買ってみたり、家族全員の分を買って、試しと思って使ってみたんですけれども、なかなかな効果で、あれだけあれば、取りあえず日陰なら生きていけるというような実感もありました。もちろん、バッテリーが限られていますので、普通に使うと１日でバッテリーが切れてしまいますから、実用性がどこまであるのかというのは、充電できなければ意味はないんですけれども、それを言い始めてしまうと、スマホも充電しなければ、結局、意味がないというところになってきます。そういった新しい、技術と言ったらいいのか分かりませんけれども、とかを例えば防災用品として、区民の皆様や職員の皆様に、多分、空調服の防災備蓄はないと思いますので、ああいうものはぜひとも今後、備蓄対象品とかに入れていただくと、真夏でも、助ける側も助けられる側も、冷房がなくても実用的に、少なくとも24時間は乗り切れるかなと本気で思いました。これは私の個人的な案で、費用の面も含めて、どこまで実用性があるかというのは分かりませんが、新しい取組をもう一歩先んじて、暑さ対策や寒さ対策の中で取り組んでいただけると本当にありがたいというふうに感じている次第でございます。

防災の件は以上で終わりまして、最後に、外国人居住者との共生社会についてお伺いしたいというふうに思います。

今年度の決算の内容、これも従前からあったかもしれませんが、外国人学校児童・生徒保護者補助金で348万円が企画部、総務部の所管の中で計上されているかというふうに思います。これは主に朝鮮人学校や韓国人学校の方々に対する補助金だというふうに認識をしております。私は、当然、世界平和を願うものでございますし、外国人の方と共生をしていくべきであるし、必ず中央区内でもどんな方も差別なく暮らしていける社会を目指していくべきだと思いますが、昨今、経済環境が厳しいこともあり、区民の方々からは、外国人の方が優遇を受けているのではないかという疑念を持たれてしまうケースが、残念ながら増えつつあるというふうに思います。

今、例として挙げたんですけれども、外国人に対する支援金や補助金の現状について、もうあまり時間はありませんが、簡潔にお知らせをしていただきたいと思います。例えば、今回の外国人学校児童・生徒保護者補助金は、私の認識では、区の自主財源で行っている。国や都の制度ではなくて、区の制度だというふうに認識していますが、それで合っているのか否か、法的な縛りがあるものなのか否かを簡潔に教えていただきたいというふうに思っています。

また、調べたところ、他区とは補助の金額も違ったり、所得制限をかけている区とかけていない区、やっている区、そもそも制度を設けていない自治体もあるようですけれども、本区のこの金額の根拠や、この制度のあらましについても簡潔に教えていただければと思います。",2025,2025/09/29,決算特別委員会,議員
,令和7年　決算特別委員会(第2日　9月29日),田中（耕）委員,田中耕太郎,"ありがとうございます。

この制度自体をどうこうと言うつもりはございませんが、残念ながら、そういったことに疑念を抱く方が、構造上、社会上、増えてきているということは改めてお伝えしていきたいというふうに思います。やはり常に説明責任を果たしていかなければならないというふうに思いますし、必要性のあるものであれば、むしろ積極的に拡充していくぐらいの気概も必要だというふうにも思います。単純に、決して外国人の差別や、言われのない状態になるということはあってはならないことだというのを繰り返し申し述べます。

時間がなかったのでですが、改めて本区は所得制限はないんですね。ほかの区とかだと所得制限があったり、金額の大小もかなり大きな差があるというふうに認識しました。一例としてお伺いしましたが、今後、外国人に限らず、様々なセグメントの方、日本人の方もそうですけれども、支援が受けられる方、受けられない方がいらっしゃいますので、分かりやすい制度運用を心がけていただきたいというのをお伝えしまして、私の質問を終わります。",2025,2025/09/29,決算特別委員会,議員
,令和7年　決算特別委員会(第5日　10月2日),田中（耕）委員,田中耕太郎,"それでは、私は環境土木費について質問させていただきます。

まず、環境費からお伺いしてまいりたいと思います。

先日、大阪・関西万博に行ってまいりました。非常に混んでおりましたが、その中で、ドイツのパビリオンに行ったんです。非常に人気があって、入るのが大変だったんですけれども、ドイツはやはり環境先進国を自他ともに認めているところでありまして、物すごく細かい内容で環境問題に対する取組を展示しておりまして、個人的にはすばらしいと思ったんです。実際に、お客さんも、どのパビリオンもたくさんで、特にドイツパビリオンも非常に人気だったんですが、何せその内容が非常に細かい。環境問題に対する様々なアプローチが非常に細かく、網羅的にといいますか、細かく小さな文字でぎっしり書かれておりまして、見ている方々にとっては、特にお子様とかには分かりにくくて、多くの来場者の方、大人の方も、何かすごいことが書いてあるんだけれども、どうも頭にしっかり入ってこないという感想を方々で聞きまして、まさにそうだなと。大事なのは分かるし、非常に力を入れていることも分かるし、万博のパビリオンですから、一般向けにかなり趣向を凝らして面白く展示をされているんですけれども、それでも、なかなか頭に入ってこないというのが周りの雰囲気からひしひしと伝わってまいりまして、環境問題へのアプローチというのが非常に難しいのではないかなという漠然とした印象を抱きました。

申し上げるまでもなく、我が国の現状、今月といいますか、先月、先々月、８月、９月は本当に暑くて、異常気象というふうに言いながらも、毎年、年々、温度が上がってきていることは、当たり前ですけれども、誰もが実感しております。環境問題への意識や取組を高めなければならないというのは、ほとんどの全ての国民や区民の皆様も共通認識としてお持ちだとは思います。お持ちだと思うんですけれども、先ほどの話に戻るわけではないですが、やはり環境問題はどうしてもとっつきにくいと思われてしまう要素は本当に大きいと思いますし、また、何よりも環境負荷を下げるための取組は、場合によっては経済的コスト、それから利便性の低下を求められるという負の側面も大きくて、頭で分かっていても、なかなか取り組むのにもう一歩踏み出せないというのが実態なのではないかというふうに思います。ただし、そういった甘えを許さずに、どこまで真剣に向き合っていけるのかということだというふうに思います。本区は、ゼロカーボンシティを目指しているという明確なビジョンも打ち出しておりますので、環境に関して、特にＣＯ２排出はその最たるものだと思いますけれども、どこまで真剣に、また、どこまでそういったデメリットも内包する問題に対して踏み込んでいけるのかといった観点で、まず、お聞きをしていきたいというふうに思います。

まず最初に、中央区の森、檜原村に関する事業についてお伺いいたしてまいります。

現在、檜原村が中央区の森に制定されて、もう何年たちますでしょうかね。自然体験ツアーも、毎年の恒例の行事というふうになっているのかなというふうに思います。決算を拝見いたしますと、自然体験ツアーだけでおよそ1,800万円相当の決算になっておりまして、年15回の事業、日帰り13回、宿泊２回で延べ420人という御報告をいただいております。それとは別に、推進の決算、また協定拡大整備計画等も1,000万円超ずつの金額で御報告いただいております。

改めて、檜原村における中央区の森の事業の進捗状況と、先ほど申し上げた体験ツアーの参加者の推移です。増えているというのはお伺いしているんですけれども、毎回アンケート等も取っていて、プログラムの内容も見直していくというのは各種委員会等でも報告いただいておりますので、その内容をお示ししていただいて、今後の発展性をお知らせしていただきたいというふうに思っております。

あわせて、「多摩の森」活性化プロジェクトは複数の自治体での協議会のほうにも加盟しているということで、こちらも決算計上されておりますので、こちらでの取組状況、どういった広域連携を行おうと考えておられるのか、この場で概略をお知らせしていただきたいと思います。

当然、檜原村と個別的な提携をしておりますけれども、檜原村という個別の自治体との協力関係を深めるのはもちろんなんですが、今回のこの事業の目的は、中央区の森という名前のとおり、いかに中央区と森を、緑の深いところ、大きいところと広域的につながっていくかといった大きなテーマかというふうに思いますので、単に檜原村という枠組みにとらわれずに、多摩地域との包括的な連携なども今後考えておられるのか否かといった観点で教えていただければというふうに思います。では、全般的になりますが、お願いいたします。",2025,2025/10/02,決算特別委員会,議員
,令和7年　決算特別委員会(第5日　10月2日),田中（耕）委員,田中耕太郎,"ありがとうございます。檜原村の中央区の森という事業を、順調に中長期的に育てていっていただいているのだなという点は安心をいたしました。また、’「多摩の森」活性化プロジェクトのほうは、複数の自治体加盟のところも増えているということで、本区での取組がまた生かせる、より広域に、より深く生かせる機会になればというふうに考えております。

この後、大熊町の件もお伺いしてまいりたいというふうには思っておるんですけれども、都心中央区、便利で豊かな都心生活をしている我々からすると、大自然、山でも海でも川でもどちらでもいいんですけれども、身近に感じないと、本当に地球環境といいますか、自分たちの環境が人工的な環境に囲まれているからこそ、地球全体、地域全体のことを考えるのは本当に難しいことなのではないかなというのを日々感じているところであります。ですので、区民の方には、今以上に、まず中央区の森の存在を知っていただく取組を進めていただいて、本区の事業としての深度を図っていただきたいというふうに思います。

次に、リサイクル・リユース事業についてお伺いをしてまいりたいと思います。

以前もお伺いしたことがあると思うんですけれども、本区のリサイクル事業の核はかざぐるまでの取扱いというところがあるかというふうに思います。リサイクルハウス自体のお取組はやはり大事なことだというふうに思う一方で、これも従前から指摘はさせていただいているんですけれども、現在、フリマアプリ等が非常に発達しておりまして、様々なものが売買されている。本区のかざぐるまの事業においても、ジモティーを利用した取組の活性化に既に取り組んでいただいているとは思うんですけれども、改めて、かざぐるまでなければできない事業や発展性といったものをどのように考えておられるのかお知らせしていただきたいというふうに考えております。

加えて、少し前から行われているんでしょうか、土のリサイクル事業、これは園芸土をリサイクルするという事業もされているかというふうに思いますが、土のリサイクル事業の持込み数や配布数が推移としてどうなっているのかというのをお知らせしていただきたいというふうに思って思います。

私自身も庭の小さな小さなベランダで小さな小さなミニトマトを育てているんですけれども、正直言って、中央区の中で広いお庭をお持ちという方はほとんどいらっしゃらないのかなと思います。園芸等をされている方は、そこまでは、商業施設ですとか、事業用のビル等で大きな花壇をお持ちですとか、そういったところは当然あるかもしれませんけれども、個人で園芸土をそこまで多く取り扱われる方は、ぱっと見た感じでは思い浮かばないですが、取扱いの推移や波及効果についての御見解も教えていただきたいと思います。

また、リサイクルハウスについては、先ほどジモティーの話もしましたけれども、箱崎では、そういったフリマアプリでの取扱いが少ないというような記載が行政評価書の中にあったかと思います。明石と箱崎の各かざぐるまの違い等についての御認識、御見解等も併せて御報告をお願いいたします。",2025,2025/10/02,決算特別委員会,議員
,令和7年　決算特別委員会(第5日　10月2日),田中（耕）委員,田中耕太郎,"詳細な御答弁ありがとうございます。

つい、長年の慣習で、私も間違えて明石町と言ってしまいました。八丁堀でございました。八丁堀と箱崎町の２館体制ということで訂正したいと思います。

御説明がありましたように、これまでの取組、また利用者の愛着というか、利用の実態といった問題もあると思いますので、すぐにどうこうというふうに申し上げるつもりはないですけれども、今、御答弁がありましたように、これはよくも悪くもとは言い難いですけれども、フリマアプリ、インターネットでの売買等が本当にもう日常的になっております。こんなものが売れるのかなという不思議なものまで、よくも悪くもと言うと、また語弊がありますけれども、取引をされているという実態もあると思います。かざぐるまの重要性といった点については、環境意識の啓発や、リアルなこれまでの取組が根づいてきているというメリットもあると思いますので、御答弁にありましたように新しい時代に合った在り方を模索しながら、リサイクル・リユースが活発になるようなお取組を進めていただきたいと思います。

今、お話にありましたように環境意識の啓蒙、啓発といった流れもあるということでありましたので、関連して、エコノバ、環境情報センターについてもお伺いしてまいりたいと思います。

かざぐるまの御答弁にもありましたように、やはり多くの人に環境問題を認識していただくという意味で設立をされていると認識しています。貸室として開放されているときに、私もたまにエコノバを借りて利用することもあるわけですけれども、拝見するに、環境団体等の活動拠点になっていたり、区民、特に小学生や中学生の環境教育の場所として使われているというふうに機能しているとは十分認識はしているんですが、一方で、立地の問題もありますが、一般の方が一般的に考える環境啓発の場にはなりにくくなってしまっているのかなというふうに懸念をしている部分もあります。逆に、立地があまりに一等地で、オフィスビルの５階、６階なので、日常使いというよりは、オフィスといいますか、一般の貸室として使われているケースも多いかなというふうに思います。エコノバ、環境情報センターの現在の利用実態と、まさに環境情報センターとしての機能が十分に機能しているか否かという点についての御見解をお知らせしていただきたいと思います。",2025,2025/10/02,決算特別委員会,議員
,令和7年　決算特別委員会(第5日　10月2日),田中（耕）委員,田中耕太郎,"ありがとうございます。まさに、最後御答弁いただいたように外に出ていく、結果的にやはり知っていただくというのが大事な環境問題のポイントかなというふうに思いますので、ぜひともそういったお取組を積極的に続けていただければというふうに思います。

先ほどの話に少し戻りまして、大熊町との連携事業についてお伺いします。

大熊町との連携事業は、環境問題も含めて、本区にとって非常に重要性の高い協定として存在しているというふうに思います。一方で、大熊町と連携しているという実態を、先ほどの檜原村の件もそうなんですけれども、中央区民のどれくらいが知っているのかと思うと、そこはやや物足りなさを感じるときもあります。東日本大震災の記憶も、早いものでもう14年となりますので、若い方、特に学生さんみたいな方と話すと、若い方を中心に風化が進んできてしまっているのかなと思うときもあります。大熊町との事業は、環境問題も当然のことながら、昨年度行われています大熊町との人材交流、ツアー等の中だと、当然、東日本大震災に関わる遺構等の見学等も入っていたかというふうに思いますので、改めて大熊町との連携事業の重要性とか継続性についての御見解をお知らせしていただきたいというふうに思います。

これはちょっと細かい点というか、揚げ足取りをするわけではありませんし、実際厳しいと分かっていて、あえて聞きますが、大熊町に行く際は、大熊町がクリーンエネルギーを本区に入れていて、ＣＯ２の削減等が非常に重要だという観点や、もちろん福島、大熊町等の原発災害に対する復興支援といった側面、いろいろな側面があるかとは思うんですが、環境問題に対する支援なので、これはかなり個人的な意見なんですけれども、バスではなくて、できれば電車で行ってほしいなどと思ったりするときもあったりするんです。環境問題の取組なので、全てきれいごとで済ませればいいわけではないと思いますし、一方で、電力をできるだけクリーンにしましょうと言っているのであれば、環境問題のイベントであれば、少しでもそういった選択を積極的に試みるといった考え方が、別にこの件に限らずですけれども、環境問題に関してはコストもかかるし、手間もかかるし、実務的には相当難しいとは分かっているんですけれども、より環境負荷の低い選択肢を積極的に選んでいく姿勢が望まれるのではないかと思います。どうしても理想論になってしまう部分はありますが、そういったことに関する御見解がもしもありましたら、この場でお知らせいただければと思います。",2025,2025/10/02,決算特別委員会,議員
,令和7年　決算特別委員会(第5日　10月2日),田中（耕）委員,田中耕太郎,"御丁寧に御答弁いただいてありがとうございます。

私も本当に重々承知しておりまして、子供も含むツアーというふうに認識しておりますので、現実問題として、バスで行くほうがメリットが大きいというのは重々分かっております。ただ、繰り返しておりますし、一番冒頭にも申し上げましたが、かくも環境問題というのはそもそも難しい問題とどうしても兼ね合いだという点と、それと、大熊町ですので、大熊町の場合は、今、御答弁にもありましたように再生可能エネルギーや復興支援といった様々な要素があるという観点も含めて、そういったことも考えた上でバスを選択されているというふうには認識しますが、あくまで環境第一、優先主義という考え方、あまり絶対主義、原理主義になってはいけないですけれども、そういった考え方もあるだろうという点で、あえて環境問題の難しさを自ら申し上げるつもりもありませんが、この場でお伝えしたところでございます。

御答弁の中にありましたように、大熊町は常磐線経由で行けるのではないかと思っていて、時間はバスと同等以上にかかるかと思いますけれども、新幹線経由で行くというのは私の想像になかったので、いろいろなパターン、ケースがあると思いますし、今、紹介がありましたように、結局、現地に着いてからの足がまた必要なわけですから、その場でまたバスも借りなくてはいけないという問題があるのはもちろん分かっています。ただ、テーマがあくまで環境の再生といった大きなテーマを持っている課題なので、申し上げたところでございます。

次に、中央エコアクトについても少しだけお伺いします。

このアプリですけれども、当初から注目しておりまして、登録者数が増えているかなと私もたまに見るんですが、今日見ましたところ1,268人ということで、従前と比べると大分増えたと思うと同時に、やはりまだまだかなというふうに思うときも少しだけございます。このエコアクトの取組について、ポイントの倍増キャンペーン等も現在行われているかというふうに認識していますが、最高で何ポイントぐらいためた方がいらっしゃるのかというのは個人的にも気になりますし、ためている方のモチベーション的にも、頑張ればここまでためられるみたいなものがあると、先ほどの取っつきにくい、もう一歩難しい環境問題のモチベーションになるのではないかなどと思う部分もあります。もしも、現在、保有ポイントや実際に交換ポイントで大きな数字をお持ちの方とか実績がありましたら、お知らせしていただいたり、また、もしかしたら利用者の平均所有ポイントみたいなものもデータとしてありましたら、お知らせしていただきたいと思います。

あわせて、エコアクト、エコアプリの御紹介の際に、たしかペンギンのキャラクターを使われていると思うんですけれども、あのペンギンに名前はあるんでしょうか。皆さん、笑っていらっしゃるんですけれども、やはりこういった事業は、また先ほどの繰り返しになりますけれども、取っつきにくいんです。せっかく使うんだったら、やはり愛称の一つもつけて、積極的に使うなら使う。こう言っては失礼ですが、ちょっと中途半端なキャラクターだというのが私の個人的な見解であります。こういった事業を、しかも還元事業もしておるわけなので、お子様とかにもやってもらうような、家庭で取り組んでいただくというような趣旨の事業だというふうに思っておりますので、今、キャラクターづくりだとかは非常に重要な形になってくるかというふうに思います。ないから、すぐにつけろとは別に言いませんが、総合的なイメージ、取っつきやすさ、親しみやすさといった観点をぜひとも持っていただきたいと思いますので、そういった観点の有無について御見解をお知らせしていただきたいと思います。お願いいたします。",2025,2025/10/02,決算特別委員会,議員
,令和7年　決算特別委員会(第5日　10月2日),田中（耕）委員,田中耕太郎,"ありがとうございます。

せっかくエコアクトという事業を行って、専用アプリまで立ち上げて、今回の決算でアプリだけでも1,000万円ほど計上されているわけでございますので、親しみやすさ、エコアクトがそもそも何なのかというのを区民に、どうしても先ほどの啓蒙、啓発の話になってしまいますけれども、広報を進めていただいて、世間一般でポイ活と言われるポイントをためていくということ自体を趣味にしている方は本当に多くいらして、本区としても力を入れていて、ポイントアッププログラムのようなこともやっていたり、区内共通買物券との交換等もたしか可能だったかと思いますので、かなり実利のある施策です。繰り返しとなりますが、取っつきにくい環境問題を楽しみながら、実利を得ながらやっていくという点は非常に重要なことだというふうに思っておりますので、本当に多くの方に知っていただく、また、エコアクトという表現自体も、悪くないですけれども、普通の方が聞いたときにそれがポイント事業なんだというのが伝わっていないのではないかなと思う部分もあります。先ほどのキャラクターの話もそうですけれども、一般の方、区民の方にもう一段階分かりやすく、メリットがあるんだ、楽しいことなんだというのをお伝えしていただく取組強化をお願いして、次の質問にいきたいと思います。

時間が少々思ったよりもかかってしまいましたが、土木費のほうに関連して幾つかお伺いします。

まず、交通形態、コミュニティサイクルとコミュニティバスについて概要をお伺いしてまいりたいと思います。

コミュニティサイクルについては、区民にとどまらず、東京全域で見かけない日はないというほど走っております。ですが、従前からの問題ですけれども、やはり駐輪拠点は、朝晩を含めて、どうしても偏在が大きくて、あるところにはあるし、ないところにはいつもない、この時間はいつもないといった実態があるかと思います。これも一朝一夕にできる問題ではありませんけれども、改めて事業者のドコモバイクシェアのシェアリングオペレーションについて、区として具体的な指導や要望をしているのか否か。それから、再開発などの際には、新しい拠点としてコミュニティサイクル向けの大規模な駐輪スペースを整備しているのか否かといった複合的な観点での取組をお知らせしていただきたいと思います。

以上の点をお願いいたします。",2025,2025/10/02,決算特別委員会,議員
,令和7年　決算特別委員会(第5日　10月2日),田中（耕）委員,田中耕太郎,"ありがとうございます。

これは時間、天候、その他諸条件で全く使われ方が異なるので、偏るのは本当にしようがないかなと思うときもありますけれども、ここまで偏っていると、使うときに、どうしてここには一台もないのだろうというふうに思ってしまうのが人情というものかと思います。ドコモ・バイクシェアさんも努力されているのも分かりますし、区としても積極的な情報交換も行っているということで、引き続き、その方向性を強化していただければと思います。

あと、先ほど１件聞き忘れたといいますか、お伝えし忘れたんですけれども、この事業ももう大分長くなってまいりまして、車両は順次入替え等も行われていますが、近年、一部老朽化している自転車が目立つと思うときもあります。先般、コミュニティサイクルだったかどうか失念しましたが、知人の区民の方で、借りた自転車に乗っておられたら、サドルが急に下がって転倒して大けがをしたという方がいらっしゃいました。別に、これはどの自転車でも起こり得ることですし、整備は何においても大事なわけですけれども、やはり事業が長年続いていく中で、車両の入替えや点検等も事業者が行っているとは思うんですが、区としても安全面の管理や安全強化はぜひとも指導項目の最優先項目として挙げていただきたいと思います。

先ほどバッテリーの話もありましたけれども、バッテリーも古くなってくると、かなり減りが速いというか、老朽化しているものも見受けられます。もちろん、事業者としても交換のタイミングはきちんとお考えになっておられるとは思いますけれども、やはり機械ですので、どうしても当たり外れですとか、偏りが出てくるのだろうというふうに思います。車のように車検があるわけではありませんので、安全面に関しては、動くものよりも、どちらというとブレーキやペダル、サドルのほうがはるかに重要かというふうに思いますので、区民や利用者に決して事故が起きないような体制づくりをぜひとも留意ポイントに加えて、今も入っていると思いますけれども、さらに高い優先順位に置いていただけるようにお願いをしてまいりたいというふうに思います。

次に、同じく交通問題で自動車に関してお伺いします。

どの款でも、どの委員会でも、本区は区民が増えているというお話がまず先頭になっておるわけですけれども、区民が増えている中で、自動車の利用状況について、私はデータ等を拝見したことがないですが、区としてどのように把握されているのかお知らせしていただきたいと思います。

一般論として、区民が増えているので、車の数や駐車場が不足しているのではないかというふうに推察をしています。もちろん、新しい再開発等が行われたり、新しい住宅が建設された際は、法定の最低限の附置義務以上の駐車場台数が確保されているとは思うんです。一方で、本区内ですと、やはりＨＡＲＵＭＩ　ＦＬＡＧは世帯数当たりの附置数は非常に多いんです。設置数、駐車場は多いんですけれども、実態として、駐車場の抽せん倍率、初期で何％でしたか、正確な数字を忘れてしまいましたけれども、高くて、空き枠があると、数台に対して100以上の申込みがあったケースもあったというふうに認識しております。これは晴海に限らずですけれども、全区的に駐車場がまた不足してきているのではないか。かつて不足していたという認識の下に、区内には多くの区営駐車場、公営駐車場を時間貸し、定期貸しともに整備してきたという歴史、経緯があると思いますが、これだけ区民が増えてきていますので、またそのニーズが高まっているのではないかという観点で、現状の認識をお知らせしていただきたいと思います。

また、先ほども申し上げた、例えば晴海地域であればＨＡＲＵＭＩ　ＦＬＡＧの駐車場不足は、絶対数としては深刻なものがあると思っておるんですけれども、かつては晴海埠頭に時間貸し、一部定期貸しもあったですかね、駐車場があったわけですが、現在、再整備中で既設更新中で駐車場自体がない。あと、更新後も恐らく短期貸し、時間貸しの駐車場整備がメインとなって、定期貸しのような場所はなかったかというふうに認識しておりますので、あのエリアの駐車場不足は慢性化するのではないかということを懸念しております。晴海に限らずですけれども、繰り返しとなりますが、区民全体の駐車場ニーズについての御見解をお知らせください。",2025,2025/10/02,決算特別委員会,議員
,令和7年　決算特別委員会(第5日　10月2日),田中（耕）委員,田中耕太郎,"ありがとうございます。

今、御答弁にありましたように、かつては抽せんの倍率、抽せんがなかったり、低倍率だったところが、一定数ある傾向はあるというお話でございました。今後ますます区民の人口が全域的に増えているという状況も鑑みて、本当に場所がないというのはもちろん分かった上でですけれども、駐車場の在り方を模索していただければというふうに思います。今、御答弁がありましたように、不足するといっても、かなり場所、エリアに偏在性があったりする問題もありますし、先ほどの環境問題の話に戻れば、個人で車を所有せずに、できればバスや電車、公共機関で移動していただきたいというのが、本区の立地特性から考えれば、そういった考え方もあるでしょうが、絶対数として区民が増えているといった点に再度着目していただきまして、今後、駐車場はぜひとも優先課題としてポイントを上げていただきたいというふうに思います。

ＨＡＲＵＭＩ　ＦＬＡＧの件は、それでも区内のマンションとして附置率が高いほうなので、やむを得ないと思う点もありますし、先ほどのように晴海埠頭の港湾の都有地の一角などに設けていくことなどを区としても働きかけていくといった取組は今後必要になってくるのではないかというふうに思いますので、ぜひともそういった御認識を共有していただければというふうに思います。

最後に、街路樹や公園等について、時間があればお伺いしてまいりたいと思います。

区内の街路樹は、御報告では7,140本とのことでございます。昨今、本当に温暖化というか、猛暑化、酷暑化が進んでおりまして、夏場に非常に枝が伸びている。これが道路や歩道に大きくはみ出しているケースを、先月、先々月などは多く拝見いたしまして、区民の方からも御指摘を受けているところです。また、当然、区のほうにも、恐らく街路樹や植栽の剪定を急いでほしいというお申入れが増えているのではないかと思います。暑いということで、当然、緑は非常に大きく成長しやすいということであると思うんですけれども、剪定の頻度ですとか、見回りの状況について、現状どうなっているのか、また改善はされているのか否かについて御見解をお知らせください。",2025,2025/10/02,決算特別委員会,議員
,令和7年　決算特別委員会(第5日　10月2日),田中（耕）委員,田中耕太郎,"ありがとうございます。

素人考えですと、暑いから単純に葉が伸びやすくなっている、成長速度が速いのではないかという観点で質問をしております。私は車に乗って移動することも多いので、この夏、たまたまかもしれませんけれども、恐らくあそこは区道で、枝が大きく伸びているがゆえに信号機が見にくくなってしまったり、バスやトラックのように車高の高い車が枝に当たるようなエリアが区内全域で確認する機会がありました。通例であれば、業者も当然、定期的に、計画的に剪定をやっていただいていると思うんですけれども、日当たりがよいがゆえに想定よりも伸びているケースがあるのではないかという観点なんですが、そういったことはあまりないという認識でよろしいでしょうか。",2025,2025/10/02,決算特別委員会,議員
,令和7年　決算特別委員会(第5日　10月2日),田中（耕）委員,田中耕太郎,"ありがとうございます。

暑いから単純に速く伸びるというわけでは必ずしもないというのは分かります。ただ、剪定の作業を計画的に行っているかもしれませんけれども、場所とエリア、樹木によっては、車道や歩道に大きく飛び出してしまって安全性や利便性を損ねている可能性があるといった観点で質問させていただきました。見回りの強化や区民からのお知らせに対して素早く対応していただきたいということと、もしも伸びやすくなっている傾向が仮にあるのならば、剪定の期間や頻度、見回りをより重視してほしいといった趣旨で質問を差し上げましたので、どうぞよろしくお願いいたします。

以上で終わります。",2025,2025/10/02,決算特別委員会,議員
,令和7年　決算特別委員会(第7日　10月6日),田中（耕）委員,田中耕太郎,"おはようございます。それでは、教育費について早速質問をさせていただきたいと思います。

教育は国家百年の計と言われておりますが、学校の中と外、一般社会と子供たちの安全を守るためにも、一部どうしても隔離されてしまう部分はあると思います。私自身も区内で高校生と小学生の子供を育てておりますが、やはり学校の中の事情となりますと、先生はもちろんですけれども、子供たちから直接、どんなことがあったのか、どういう学習をしているのかというのを聞く以外になかなかすべはないというふうに感じているところです。そういった点から、本日、私自身の体験、娘から聞く話などを中心に、学校の実情、もちろん、御報告いただいております様々な資料やデータ、理事者の皆様、教育委員会の皆様からふだんお聞きしているお話なども併せて、中央区の教育の現状について確認と方向性をお伺いしてまいりたいと思います。

まず、先日、娘が通知表を持って帰ってまいりました。中央区では、これはいつからか、また全国はちょっと確認させていただきたいんですけれども、セメスター制度となっているかというふうに思います。我々が子供の頃や少し前までは１学期、２学期、３学期とそれぞれに通知表を持って帰って、成績や学校内での様子を御報告いただいていたわけですが、現在は前期・後期制を用いて御報告というふうになっているかと思います。これは保護者としての昔の懐古主義ではないですけれども、夏休み前にはもらえないんだなとか、９月終わり、10月初めに来るんだなと、正直言うと多少違和感は感じるんです。一方で、先生方の評価体制の在り方、大学などもそうですけれども、夏休み、冬休み、春休みなどという形でありますが、実態としては３学期は短いわけでございますし、評価体系としてはすごく効率的な部分もあると思います。そういった観点で、まず前期・後期制を導入している実態、メリットなどについてお伺いをさせていただきたいと思います。

長い夏休みの間で、子供たちは非常に多くの体験や学習をする子もいれば、夏休み中、正直言って少しサボってしまったり、だらけてしまう子もいるかと思うんですけれども、そういう長い休みを挟んでの子供たちの評価や先生たちの学習指導の在り方も併せて御見解を教えていただければというふうに思います。お願いいたします。",2025,2025/10/06,決算特別委員会,議員
,令和7年　決算特別委員会(第7日　10月6日),田中（耕）委員,田中耕太郎,"ありがとうございます。前期・後期制、セメスター制は本区内の小・中学校全てで導入しているということでよろしいですか。そこを確認させていただきたいと思います。

また、先ほど申し上げましたけれども、制度のメリットは非常によく分かっておりまして、慌ただしい休み前に様々な評価や、先生方の働き方改革も含めて、事務量は増えるという問題もあると思いますし、前期・後期制のメリットは非常に大きいと個人的には思うんですが、やはり保護者の意識が少しついていけていないところがあるのではないかというふうに個人的に思います。私などは、これでも、自分で言うのもなんですが、そのメリットを理解しているんですけれども、周りのお話を聞くと、何でこんな時期に通知表が返ってくるかというような保護者の素朴な意見を聞くときもあります。もちろん、保護者会等でそういうシステムを敷いているということは御説明いただいていたりしますので、頭ではもちろん分かっているんですが、やはり自分たちの原体験となります小学生や中学生のときの感覚みたいなものがどうしても拭えない部分もありますので、ぜひとも保護者の方に、そのメリット、通知表だけではないですけれども、評価のシステムややり方、考え方については、より一層、周知を図っていただければと思っております。

では、全校なのかどうかだけ確認でお知らせをいただきたい。",2025,2025/10/06,決算特別委員会,議員
,令和7年　決算特別委員会(第7日　10月6日),田中（耕）委員,田中耕太郎,"分かりました。

繰り返しとなりますが、セメスター制、２期制自体は非常にすばらしいシステムで、合理性も非常にありますし、先生方の働き方改革にもなると思いますので、ぜひともその利点を保護者の皆様や御家庭と共有していただいて、先ほど双方向という御答弁がありましたので、有効活用していただければというふうに思います。繰り返しとなりますが、やはり夏休み中や冬休み中、春休み中、長期休暇の過ごし方等の参考や生徒指導、児童指導の在り方についても、評価と併せて考察を深めていただければと感じております。

続きまして、当然、これも主に小・中学校となりますが、学校内での動植物の飼育についてお伺いしたいというふうに思います。

私ごとばかりで恐縮ですが、先日、我が家で犬と猫を飼ってみたんです。娘が飼いたいということで飼ってみて、飼ってからまだ時間がたっていないので、単純に喜んでいるだけの部分もあるんですけれども、やはり子供たちに動物等の飼育をさせると、非常に様々な学びや気づきがあるというのを、短期間ではあるんですが、実感しております。今までなかなか朝起きてこなかったのが、朝、動物に餌やり、水やりをする。トイレの掃除をする。三日坊主にならないようにしてもらいたいところですけれども、ただ、明らかにやはり意識の芽生えというようなものを保護者として感じる部分があります。私自身も小学生の頃、私は区内ではなく郊外の埼玉のほうの小学校の出身でありますが、割と郊外だったこともあって、学校内に大きな校庭等もありましたので、鶏を飼っていたり、クラスの中でウサギなどを飼っていた記憶があります。小学校のときの思い出話になってしまいますけれども、いつぞやは鶏が脱走して大騒ぎになったことですとか、クラスで飼っていたウサギが残念ながら早くに亡くなってしまって、皆で非常に悲しい思いをしたということなどが今でも記憶として明確に残っているわけであります。学校は勉強、学習の場であるとともに、やはり生活の場、また、これだけ幸せな平和な日本、現代社会においては、弱者の存在であったり、他者への思いやりという点を動植物から学ぶことは非常に大きいかなというふうに個人的には考えています。

そこで、改めてですけれども、区内の小・中学校で動物、また植物、植物は学習の課程でも栽培があると思うんですが、飼育している状況、かつては全国的に生き物係、生物係などがあって、積極的に飼育をしていた時代がありましたけれども、昨今はなかなか管理も難しいということもあって、やや縮小傾向かなというふうに感じるところもあります。私が子供の頃とか、学校の図書館に行くとファーブル昆虫記やシートン動物記は常に人気のベストセラー、ベストリーディングという感じだったんですけれども、最近の子供たちは、ファーブルやシートンの話を聞いても、あまりよく知らないという感じの子も増えているというのを実感として感じています。あわせて、子供たちに対する動物、植物を通した自然教育や生命教育についての御見解もありましたら、お知らせしていただきたいと思います。お願いいたします。",2025,2025/10/06,決算特別委員会,議員
,令和7年　決算特別委員会(第7日　10月6日),田中（耕）委員,田中耕太郎,"お取組をよく理解いたしました。

最後の御答弁で、今、幼稚園では、一部かもしれませんけれども、ウサギも飼育しているということでございます。冒頭のお答えにもありましたけれども、動植物はどの種類が望ましいとか、そういったことはないですけれども、やはり御答弁にあったように、子供たちが正直言って好きになりやすい、感情移入しやすい、取っつきやすい動物というのは当然あったりすると思いますし、先ほど鳥インフルエンザのお話もありました。時代背景で、アレルギー、その他苦手なお子様や御家庭もいらっしゃるという中で、全ての方に配慮すると、逆に身動きが取りにくくなってしまうという厳しい現実もあるかと思います。しかし、それを補って余りある効果、思い出、生命尊重の姿勢といったものは非常に強く感じるところであります。先ほどのウサギではないですけれども、各学校に積極的にそういった生命飼育、植物だったら栽培等を行っていく機運というのは、残念ながら自然の乏しい本区であるからこそ重要視して、積極的に教育委員会からも学校のほうとの情報共有や指導体制をつくっていただければと思います。

本区内の児童・生徒を拝見しておりますと、やはり都心であるがゆえに、動物もそうですけれども、虫が苦手だという子が本当に多くて、柏学園をはじめ、林間学校、校外学習も様々行っていただいているんですが、日常的に、虫、それこそ本当に蚊やアリのような、なぜこんなのが怖いのかというような小さな生き物に対しても、かなり強い恐怖心を抱いているお子さんは、時代のせいもありますけれども、私の見る限りではかなり見えます。虫もそうですけれども、やはりふだんから動物とかに接していれば、動物の周りには、よくも悪くもですけれども、人間の周りよりは自然と虫が多く発生する環境もあって、大都会に住む我々だからこそ積極的に様々な動植物に接していくことによって、小さな自然環境のリアルを感じていけるような教育の在り方をぜひとも考えていただきたいというふうに思っております。

続きまして、子供たちの放課後の在り方で、特に習い事や体験格差についてお伺いしたいと思います。

従前からお願いをしているところもありますが、中央区内の小・中学生は本当に忙しい子が多くて、学習塾はもとより、習い事も非常に多様化していて、昨日お話を聞いた御家庭では、午前中に郊外に行って乗馬、午後はバスケットボールをやったというお子さんがいて、すごい行動力、活動力だなというふうに思ったところです。もちろん、ふだんプレディやプレディプラス、学童など、放課後の居場所づくりには御尽力いただいているんですが、それとは別に、今、女性の社会進出もありまして、保護者も、家に一人で置いておくぐらいなら学習塾や習い事、体験事を増やす。増やすのはよいことなんですけれども、やはりちょっと消化不良になってしまっていたり、多くのことに触れることができる子がいる一方で、なかなかそういったことに恵まれない御家庭や子供もいるということで、やり過ぎの御家庭もいる。あと、正直言うと、なかなか体験できないお子様もいるという二極化が起きているのではないかというのは懸念されるところです。一部マスコミの報道などでも、やはり体験格差は少し前から課題となっているかと思います。

改めて、本区で習い事ですとか、土曜日、日曜日も含めた放課後の子供たちの生活態度と生活スタイルについて、やはりきちんとしたアンケートやヒアリング調査を行って、それに基づいた学外での在り方を考え直す時期ではないかなと思います。もちろん、学外や放課後というのは、第一義にも第二義にも御家庭の自主的な尊重されるべき時間ですし、ああでもない、こうでもないというふうに教育委員会、学校が言うべき問題ではないんですが、繰り返しとなりますが、かつてとかなり違って、過ごし方が学力面や体力面でも大きな差になってしまったり、様々な価値観の違いを生む原因となっているところもあるかと思います。そういった観点で、体験格差や、逆に言うと習い事虐待とまでは言いませんが、忙し過ぎる子、逆にあまり何も取り組めていないようなお子様、御家庭といった問題に対しての対応も含めての御見解をお願いいたします。",2025,2025/10/06,決算特別委員会,議員
,令和7年　決算特別委員会(第7日　10月6日),田中（耕）委員,田中耕太郎,"御回答ありがとうございます。

これも繰り返しとなって恐縮ですけれども、学校の外のことは各御家庭の御判断、自己責任の部分が大きいと思いますが、どうしてもそれが回り回って学習習慣であったり、生活態度になってしまう。それが、結局、学内にも多かれ少なかれ影響を及ぼすのではないかというのが、一部の学識者の中でもそれを強く訴えておられる方もいますし、私自身もそう感じるところがありますので、学内のことを学校で取り組んでいただくのは当然といたしまして、学外での生活習慣、単純に習い事とか塾がいいとか悪いとか、すべきとかすべきではないとかという話は重要ではなくて、学校の外でどういうことに興味を持っているのか、どういう生活リズム、習慣、経験を積んでいるのかというのは、ぜひとも学校の中にいる先生方や教育委員会の皆様にもできる限り共有していただいて、だからこそ、足りない部分ですとか、優れている点をさらに伸ばすという方向性をぜひとも見いだしていただけないかなというふうに思うところであります。学内のことを懸命に目いっぱいやっていただくということは大々々賛成でございますし、外の細かいことまでは手出しをすべきではないというのは全く賛同するところでありますが、状況把握については可能な限り今後努めていただければと考えております。

続きまして、今回、決算でも保護者の負担軽減策を複数お示ししていただいているかと思います。

まず、導入からもう何年もたちましたが、改めて小学校の給食無償化です。給食自体の決算、予算づけももちろんされていますが、無償化についても６億6,200万円相当プラスアルファで計上されているのかなというふうに思います。昨今、申し上げるまでもなく、本当に食材や光熱費全て上がっておりますので、本区においてはそういうことはないというふうに今までも御報告いただいておりますが、残念ながら、一部の自治体では予算的に給食の品数が減ったのではないかといった懸念が指摘されるときもあります。本区の場合は様々な手当てをしていただいているのは知っておりますが、改めて物価高騰等、小学校等の給食無償化、今後も残念ながら食材、人件費全て上がっていくと思いますので、これに対する手当や課題点をどのように考えておられるのか。結局、質と量を確保しないといけないわけですが、この御見解についてお知らせしていただきたいと思います。

また、他の保護者負担軽減策として、校外学習、学外学習で林間学校や修学旅行などの在り方ですけれども、令和６年度から、今回の決算から宿泊行事、移動教室では業務委託化も一部されているということでございます。業務委託化されることによって、先生や学校の御負担が軽減されて、また、団体旅行と言ったら適切か否か分かりませんけれども、団体移動でのノウハウや知見、ワンストップでできる旅行代理店が中心になるかと思いますが、業者さん等と協力していくというのは望ましいと思う一方で、これは区内の学校の話とは限らないですけれども、昨今はやはり修学旅行や団体旅行の値段が非常に高くなっている。個人的に比べた事例があるんですけれども、団体旅行で家族旅行よりも１人当たりの単価がむしろ上がってしまうと。集団でバスや電車を使って行って、宿も、逆に言うと、児童・生徒で基本的に同じホテル、旅館に泊まって団体扱いとなるので、インターネットでの予約などが中心となった御時世だからこその課題かもしれませんが、団体客のほうが旅費や交通費が逆に高まるケースが増えているというのが認識としてあります。費用対効果を教育の現場、ましてや移動教室に求めるべきではないというのは感じておりますし、保護者の負担の補助もしていただいていると思いますが、移動教室、校外学習などに対する在り方、今回の業務委託化も含めて、御努力や見通し、また決算も踏まえた費用の今後の高騰に対する対応策なども併せてお知らせしていただければと思います。

長くなりましたが、給食の無償化と移動教室を中心とした保護者の補助や経費負担について御見解をお願いいたします。",2025,2025/10/06,決算特別委員会,議員
,令和7年　決算特別委員会(第7日　10月6日),田中（耕）委員,田中耕太郎,"ありがとうございます。教育委員会や学校のほうで様々な努力、対応をしていただいているということをお聞きしまして、安心はしました。

一方で、今御報告がありましたように、年々、一昨年度が８％、今年度は６％ということで、基本的な経費、材料費を含めて、給食に関しては確実に上がっていくのだろうなと。この流れは社会構造上やむを得ないのかなというところもあります。当然、今の御答弁にもあったので、安心はしておりますけれども、子供たちの栄養、給食の楽しみや質や量を落とさないためのお取組、併せて、本当に厳しいお願い事になるんですけれども、保護者の負担の急増を招かないようなお取組、中期的・長期的に物価が上がっていくということも視野に入れまして、御対応をお願いしてまいりたいというふうに思います。先ほどの体験格差の話にもつながりますが、御家庭によっては、給食費は無償化ですからいいんですけれども、行事、イベント等の費用負担が厳しいというお声も一部には当然あるかというふうに思います。この御時世ですから、負担額を上げないというわけにはなかなかいかないというふうには思いますが、現実に合った御対応をぜひとも行っていただきたいと思います。

就学援助や就学奨励者数等については、時間があるときにお伺いしてまいりたいと思いますが、今日は給食費の無償化を中心にお聞きをいたしました。

続きまして、文化財の保護事業についてお伺いいたします。

本区内の文化財保護事業、まちかど展示館など文化・歴史の保存策は、大きなレベルから小さなレベルまで、いろいろ目を配っていただいているというふうに思います。昨日、たまたまですけれども、所属する小舟町町会でバスハイクがありました。小舟町町会は、江戸期から浅草寺に大提灯を奉納したり、成田山の新勝寺本堂の前の香炉を奉納してきたという歴史がございまして、バスハイクを通して、町会の歴史と、そういった名刹とのつながりを体感するという趣旨でのバスハイクが行われまして、私も参加してまいりました。浅草寺の小舟町大提灯というのは、皆様御存じの方も多いと思うんですけれども、雷門の第一の大提灯の次に存在する宝蔵門というところにかかっている非常に大きな提灯でございまして、昨今、インバウンド需要も大きいので、外国人の方が過半だったかもしれませんけれども、本当に多くの観光客の方がいらしておりまして、東京の観光スポットとしても重要な場所になっていると思います。来年度、この大提灯の架け替えなどを町会等では検討していて、その寄附集めなども順次行われているところというふうに聞いているんですが、昨年、やはり同じ小舟町町会で大祭が行われた際におみこしが出たんですけれども、大きいおみこしももちろんなんですが、小さなおみこし等にも修復等が行われまして、その修復には当然大きな費用がかかりますので、自分たちだけの費用や寄附だけではなかなか賄えないという部分もあったので、たまたま募集のあったＪＲ東日本の文化財団のほうに御協力を求めましたところ、その審査に通りまして、非常に大きな助成をいただいたということがありました。

何を申し上げたいかというと、小舟町の例は一例なんですけれども、区内の様々な文化財、文化財の中にはお祭り、祭礼と関わるものが大きいので、宗教との兼ね合いなどもあるんですが、江戸期や戦前から続く由緒正しいものは、やはり庶民、大衆文化の本当に礎となってきた、現代にもつながっている、本当に中央区の宝だというふうに思うわけです。こういった宝をやはり維持・修復していくためには、本当に大きな費用がかかったり、人手もかかるというふうに考えております。中央区が、仮に直接は難しかったとしても、やはり間接的にサポートしていく、支えていくという土台づくり、仕組みづくりというのは、現在も区の様々な文化財指定ですとか、そういったお取組はしていただいているんですけれども、やはり金銭面、経済面ですとか、広く広めていく広報の面でも、より重要性が増していくのであろうと思います。

今申し上げました例などを中心に、改めて、区内にたくさんあります大小、有形、無形の文化財の保護、とりわけ経済面や広報、告知、近隣区民の皆様に知らしめるためのお取組について現状をお知らせしていただいた上で、さらにそういったことにお力寄せをしていただく方向性が望めるのか否かという点について御見解をお願いいたします。",2025,2025/10/06,決算特別委員会,議員
,令和7年　決算特別委員会(第7日　10月6日),田中（耕）委員,田中耕太郎,"ありがとうございます。

文化財の保護は、祭礼等の関係等もありまして、線引きが難しいところもありますし、一回何かしらの指定などをしますと、それを取りやめたり縮小するというのがなかなか難しいといった課題もあるかというふうに思います。ただ、一方で、本当に時代が大きく変わる転換点の中で、多分、本区に残されている数少ないと言って問題ないと思いますけれども、江戸期や戦前から続くような具体的なものは積極的に支援していくべきであろうというふうに思っております。金銭面での助成というのは、簡単に一朝一夕でやることは難しいとは思いますが、まずは区内に様々な有形、無形の文化財があると思いますけれども、あるということを区民の共有の財産として認識していただくお取組をぜひとも加速させていただきたいと考えております。

文化財保護というだけではなくて、冒頭に申し上げましたけれども、まちかど展示館や、今度、まるごとミュージアムなど、いろいろな場面でそういったものを広く広めていく。やはり知られてこそ価値のあるものが多いと思いますので、まずは何よりも区民の共有の財産であるという認識を広く区民の皆様に持っていただくような御努力も併せてお願いをいたしまして、私の質問を終わります。",2025,2025/10/06,決算特別委員会,議員
,令和7年　決算特別委員会(第5日　10月2日),田中副区長,アルールうた子,"晴海地域を含めてということでございます。

まず、ＨＡＲＵＭＩ　ＦＬＡＧにつきましては、開発するときに事業者のほうと話をしまして、あのところに医療モールを用意していて、そこに事業者のほうで、まず医療機関を誘致してきたという経緯がございます。それ以外の部分につきましては、これは各医療のほうで、その必要性ですとか、ある意味、そこに出ることによって、どういったニーズがあるのかということを各病院のほうで判断をして設置をするべきものというふうに考えているところでございます。

それから、医療機関への助成につきましては、今申しましたように、本当に無医村地帯ですとか、そういったところであれば、当然、自治体として医療機関を設置する。実際、区立で医療機関を設置しているところもありますけれども、中央区内において、この中央区の面積の中において、先ほど申しました800を超える医療機関がある。それから、診療科目等につきましても、それはやはり各医療機関のほうで検討しながら設置をしていくものと考えてございますので、区として、あえてバランスですとか、そういったものを考えながら誘致をするという考えはございません。

それから、家賃の補助等につきましても、そういった意味では、医療といいながらも自由な営業活動でございますので、この辺に関して区のほうで特定のエリアに向けて補助をするですとか、そういったことは考えてございません。基本的には、この前、コロナがあったときですとか、そういったときにも、我々とすると、必要な衛生用品を買うですとか、そういったものに対して、医師会という団体に対する助成は行っておりますけれども、各診療機関への個別の補助は行ってございませんので、この考え方に変更はないところでございます。",2025,2025/10/02,決算特別委員会,理事者
,令和7年　決算特別委員会(第3日　9月30日),登り副参事（計画・特命担当）,小坂和輝,"私からは、晴海二丁目の都有地についてお答えをいたします。

今回、定期借地となった経緯でございますけれども、もともと区としては購入したいという意向でございましたが、土地所有者であります東京都のほうから、事業用定期借地で、契約期間満了後も学校運営を継続する必要がある場合には再度借受けの協議を行うといった条件であれば、土地の活用が可能ですよという形で方向性を示されたということでございます。東京都の意向がかなり強かったということもございましたので、区といたしましては、喫緊の課題である学校施設の確保に将来にわたってしっかり対応できるという判断をして、借受けをしたところでございます。

定期借地を購入に切り替えることができないかというところでございますけれども、やはり取引ですので、相手方、土地所有者の意向が強いものでございます。現状といたしましては、都の意向が変わるというような状況でもございませんので、直ちにということはなかなか難しいかなというふうに考えてございます。

以上でございます。",2025,2025/09/30,決算特別委員会,理事者
,令和7年　決算特別委員会(第3日　9月30日),登り副参事（計画・特命担当）,小坂和輝,"晴海特別出張所の土地を購入したような例が活用できないかというところでございますけれども、土地自体は、やはりそれぞれの土地によって個性のあるものでございます。その時々の状況であったり、その土地の立地であったり、様々な要件を考慮した上で取引がなされていくというところでございます。ですので、あちらの土地が買えたから、こちらの土地も買えるだろうというようなことにはなりません。晴海特別出張所の都有地の購入という手法が、直ちに晴海二丁目の土地にも適用できるかという点についていいますと、ちょっと難しいのかなというふうに考えてございます。

以上でございます。",2025,2025/09/30,決算特別委員会,理事者
,令和7年　決算特別委員会(第3日　9月30日),登り副参事（計画・特命担当）,田中広一,"私から、共通アプリの検討状況について答弁させていただきます。

共通アプリでございますけれども、全国的な傾向ではございますが、スマートフォンの普及に伴いまして、スマートフォンのアプリを活用した事業がいろいろと展開されているところでございます。本区におきましても、健康アプリとか、既にこうしたアプリを活用した事業が実施されておりまして、今後とも各種事業を実施するに当たって、こうしたアプリの活用が進んでいくのではないかというふうに考えてございます。

一方で、個別事業ごとにアプリを立てていくという形になりますと、かえって区民の皆様の利便性が低下していくということにもなりかねませんので、中央区の共通基盤となるような共通アプリを構築していくということが必要であろうというふうに考えてございます。現在、こうしたアプリですけれども、全国の自治体で様々な機能を持った地域アプリが展開されてございます。また、様々な事業者が、それぞれまたいろいろな機能を開発、展開をしているような状況でございますので、本区の実情に合わせた形で、どういった形で共通アプリを導入していくかというところにつきまして、事業者からのヒアリングでありますとか、各自治体の情報を収集しながら検討しているところでございます。

現在の検討状況といたしましては、以上でございます。",2025,2025/09/30,決算特別委員会,理事者
,令和7年　決算特別委員会(第3日　9月30日),登り副参事（計画・特命担当）,アルールうた子,"行政評価の手法についてということでございます。

現在、私ども中央区では、委員に御紹介いただきましたけれども、主要なデータを掲載した上で、現状、成果、課題であったり、今後の方向性を示しながら、こちらについてホームページ等で公開をしながら、区民の皆様にも御覧いただきつつ、こちらの課題や今後の方向性といったところを翌年度予算編成の中で活用していくという形で活用させていただいているところでございます。

職員工数でございますけれども、こちらの具体的な数というのは、なかなか現時点で把握しているものではございませんが、政策企画課のほうで取りまとめをしながら、各事業の所管課のほうで、こちらのシートの作成をし、提出いただいたものを政策企画課のほうで評価をしながら、繰り返し何往復かしながら、こちらをつくり上げているというような形で作業を進めているところでございます。

他区の事例等々でございますけれども、行政評価の方法につきましては、各団体がそれぞれの団体の実情に応じた形で実施していくという形でございます。外部評価を導入されているところを、今、委員からも何区か御紹介いただきましたけれども、外部評価ですと、外部の専門家の知識を活用できるというようなところはございますが、こうした行政評価というところを考えますと、実際に我々が実施しております事業の内容ですとか、今後の方向性、事業を地域の実情に合わせた形でしっかりと進めていかなければいけないというところで、職員自身が各施策の見直しをしっかりしていく、そういったことを通じて、各職員が今後どういうふうに施策を展開していくべきなのかというような政策形成能力の形成にも資するものというふうに考えてございますので、現時点におきましては、外部の専門家に頼るということではなくて、内部職員のほうで進めていきたいというふうに考えてございます。

以上でございます。",2025,2025/09/30,決算特別委員会,理事者
,令和7年　決算特別委員会(第3日　9月30日),白須委員,しらす夏,"どうぞよろしくお願いいたします。安全・安心まちづくりの支援事業について伺いたいと思います。

区民の皆様が日々安心して暮らせる住環境を守ることは、自治体の最も根幹となる責務の一つであります。日本は、かつて世界でも有数の安全な国と称されてまいりましたが、社会の変容に伴い、治安状況も確実に変化を見せています。例えば、ＳＮＳを通じたトラブルや特殊詐欺の巧妙化、外国人住民や観光客の増加に伴う多文化対応など、かつて想定されなかった新たなリスクが地域に及びつつあります。犯罪件数そのものは減少傾向にあるとの統計もありますが、体感治安としては、不安を感じるという声がむしろ増えているのが実態ではないでしょうか。実際に、区民の皆様からは、以前よりも夜道が不安であるとか、子供や高齢者が被害に遭うのではないかという不安の声が寄せられています。また、私自身も、朝や夜、歩いておりますと、何かまちの雰囲気がかなり変わってきたと体感しております。つまり、数字としての治安状況と、区民が抱く意識の間に乖離が生まれつつあるのです。自治体としては、この体感治安の変化を軽視することなく、区民の皆様の安心感を取り戻す施策を講じる必要性があると考えます。

そこで、伺いたいと思います。

まず、区として、区内の治安状況をどのように把握していらっしゃいますでしょうか。そして、その変化に伴い、区民の安心感が揺らいでいる現状をどのように認識し、今後の施策にどのように反映していくか、お考えをお聞かせいただけたらと思います。",2025,2025/09/30,決算特別委員会,議員
,令和7年　決算特別委員会(第3日　9月30日),白須委員,しらす夏,"御答弁ありがとうございました。

様々なデータがありまして、警察のデータでは刑法犯がプラスになっているということで承知しましたが、計算の仕方、データによっては減っているという見方も様々あります。確実に、体感治安は悪化していると私は見ております。区のほうでも様々な皆様のお声を聞いていただいて、一番大切なことは安心できる生活の確保ということですので、安心・安全なまちづくりの支援をよろしくお願いしたいと思います。

また、特に中央区は人口の増加や再開発が進んでおり、多様な世代、国籍の方々が暮らす地域へと変化しております。外国人の居住者の方々も年々増加しており、防犯・防災に対する情報共有や地域活動への参加に課題があるとの声も伺っております。こうした多様な住民が一体となり、互いに安心して暮らせる環境をつくることが、これからの区政にとっては大事だと考えております。その中で、本区における外国人居住者や観光客の増加は、まちの多様性や活気を生み出す重要な要素の一つであるとも私は感じております。そこで、申し上げておきたいのは、私は決して外国人を排除する意図はございませんし、多くの区民の皆様も同様に、一部の排外主義的な立場を除けば、温かい目で外国人を受け入れているのが実情ではないでしょうか。実際に、ほとんどの外国人の方々は地域社会のルールをしっかりと守り、真面目に生活して暮らしていらっしゃいます。むしろ、一部の変わった行動やマナー違反に対して、きちんとしてほしい、必要な指導をしてほしいと考えているのは、きちんと暮らしている外国人の方々御自身ではないでしょうか。ところが、そのような一部の事例をきっかけに、真面目に暮らしている多くの外国人の方々までが冷たい視線や過度な警戒の対象となるのではないかと不安を抱き始めています。実際、冷たい視線を感じるとか、警戒されているのではないかと、つらく感じている外国人の方もいらっしゃると聞いております。これは、地域の共生の基盤を揺るがす課題であると考えております。

区として、外国人居住者や観光客が地域に安心して溶け込み、区民と相互に信頼を築けるよう、適切なルールの周知や必要な指導、また安心感を醸成する取組をどのように進めていくお考えか、御所見を伺いたいと思います。",2025,2025/09/30,決算特別委員会,議員
,令和7年　決算特別委員会(第3日　9月30日),白須委員,しらす夏,"御答弁ありがとうございました。

人権週間や啓発活動を行っていくということですが、人権週間だけだとなかなか難しいですし、人権というこだわりを持たれると、また違った見方が現れますので、具体的に、個別に外国人の方に指導をしていただくとか、様々な施策をこれからお考えいただけたらと思います。決して外国人を排除したいのではなくて、安心して暮らせる環境を望んでいて、様々な具体的な施策をこれから期待しておりますので、私自身も尽力してまいります。

次に、安心・安全な取組ということで、宅配サービス等の安全性について伺いたいと思います。

近年、共働き世帯や単身世帯の増加に伴い、宅配便の再配達削減や利便性の向上を目的として、置き配の利用が急速に広がっています。また、ネット購入の増加により、宅配ボックスがあるマンションなどでも、いっぱいで置けなくなっている状況をよく耳にしております。その一方で、来年からは配達員がマンションなどの共同玄関を開錠できる共通システムの開発が進められており、国としても、その導入を支援する方向が示されています。しかし、区民の皆様からは、玄関先に荷物を置かれることの防犯上の不安や、共同玄関の開錠システムを第三者が悪用するのではないかといった声も寄せられています。利便性と安全性をいかに両立させるかは大変重要な課題であります。

そこで、伺います。こうした置き配の拡大やマンション共通システムの導入に伴い、懸念される防犯面について、区としてどのように認識し、区民の安全・安心を確保していくのか見解をお聞かせください。

加えて、提案させていただきます。区内の主要な施設や公共スペースにおいて、誰もが御利用できる24時間対応の宅配ボックスを設置することができれば、利便性を保ちつつ、防犯面の不安解消にもつながるではないかと考えております。こうした取組を検討していただきたいと思いますが、区としてお考えをお聞かせください。",2025,2025/09/30,決算特別委員会,議員
,令和7年　決算特別委員会(第3日　9月30日),白須委員,しらす夏,"御答弁ありがとうございました。

来年以降、どのように宅配の方がマンションなどを開錠していくか、安全性は担保されるとは言われていますが、実際、不安を持っている方が大勢いらっしゃいますので、今後、動向を見ながら様々な対策を考えていただけたらと考えております。ありがとうございます。

そしてまた、個人向けのカメラや鍵などの補助も行っていくと伺いました。また、令和６年度の区政世論調査の防犯対策に対する項目において、区に特に力を入れてほしい対策として、地域の防犯カメラ、街路灯の設置を挙げた方が５割になっていると考えております。その中で、区として防犯カメラの補助について、今後さらに広げていくのか。プライバシーの問題などもありますし、今後どんどん増えていきますと、まちの景観など嫌がる方も結構いらっしゃるのは事実だと思いますので、どの程度増やしていき、どの程度補助していき、景観などを考えながら、どのような防犯カメラの広がり、ニーズに応えていくかお答えいただければと思います。",2025,2025/09/30,決算特別委員会,議員
,令和7年　決算特別委員会(第3日　9月30日),白須委員,しらす夏,"ありがとうございます。

まず、区民の皆様が実感できる安心感を高めていくことが重要だと考えております。また、プライバシーや景観との調和も大切だと考えております。真に安心・安全なまちづくりに尽力してまいりますので、どうぞ今後もよろしくお願いいたします。ありがとうございました。",2025,2025/09/30,決算特別委員会,議員
,令和7年　決算特別委員会(第5日　10月2日),白須委員,しらす夏,"どうぞよろしくお願いいたします。健康増進事業について伺いたいと思います。

国民医療費は、現在、年間48兆円に達し、毎年増加している状況にあります。厚生労働省の見通しによれば、2040年には約60兆円から70兆円に達するとされており、皆保険制度の持続可能性が強く懸念されております。こうした背景を踏まえれば、医療費の抑制と併せて、病気にならない社会を実現するための健康増進施策に自治体が積極的に取り組むことが極めて重要であると考えております。本区におきましても、特定健診やがん検診の実施、運動習慣づくりや食生活改善に向けた啓発事業、さらにはフレイル予防など、多様な健康増進事業が展開されております。

しかしながら、その効果を一層高めていくためには、幾つかの課題があると認識しております。第１に、各種検診の受診率は微減であり、少しずつ減っております。また、早期発見・早期治療の効果が十分に発揮されていないように感じます。第２に、運動や食事指導などの取組が一過性に終わっており、継続的な行動変容に結びついてはいないということ、第３に、高齢者向けの施策が比較的整備されている一方で、働き盛り世代や子育て世代あるいは単身世帯や外国人住民など、より多様な層に向けた施策の支援の広がりがまだ十分ではないこと、こうした課題を踏まえ、今後の取組については、健診結果や医療ビッグデータを活用して、リスクの高い層を的確に支援する仕組みづくり、健康アプリの利用者増強やオンライン指導など、ＩＣＴを活用した継続的支援、若年層からの予防教育の強化、そして地域や企業、学校、医療機関との連携による地域ぐるみの健康づくりの推進が求められると考えております。

そこで、伺いたいと思います。本区として、健康増進事業の現状の課題をどのように捉えていらっしゃいますでしょうか。また、今後、より持続可能な皆保険制度の維持に資する健康づくりを推進するため、どのような方向性で取り組んでいかれるのかお聞かせください。",2025,2025/10/02,決算特別委員会,議員
,令和7年　決算特別委員会(第5日　10月2日),白須委員,しらす夏,"御答弁ありがとうございました。

アプリも様々工夫していただいて、これからますます皆さんの意識改革に期待しております。

また、若い方が多いということで、関心があまりない、健康に自信があるということもあると思うんですが、また、日々忙しい中、行くのはおっくうだったりすると思いますし、私もそうですが、先送りにしがちです。自分の健康のためには早期発見というのが非常に重要であるという意識を持っていただくこと、また国民医療費のことも、国家のためではないですが、考えていただけたらという意識改革も必要だと思います。皆保険制度は本当に危険な状況です。我が国の皆保険制度は世界に誇る仕組みであり、区民が僅かな負担で安心して医療が受けられる、大きな支えと大きな力となっております。せっかく紙で皆さんに個別に送っていただいているので、受けないのはもったいないと思うんです。その都度その都度、年齢に応じて健診の御案内が届くというのは、当たり前のようで、頂くたびに私も感謝しております。

その一方で、健康保険に対しては、同一疾病で複数の医療機関を受診したり、同一期間で複数の頻回受診が行われるなど、医療費資源の効率的な活用という観点から、無駄もすごく多くなっており、それも結果としては医療費増大の一因となっておりますので、意識改革というのが本当に必要だと思っております。区民一人一人が医療制度の持続可能性を理解し、主体的に健康づくりに取り組むために、さらなる普及啓発を、健康福祉まつりでもいいですから、一層進めていっていただきたいと考えております。これからも健康増進のさらなる充実のために、どうぞよろしくお願いいたします。

次の質問に移ります。子育て支援と介護について考えてみたいと考えております。

子育て支援については、本区におきましても、年々、その充実がしっかりと図られてきております。待機児童の解消に向けた取組や学童クラブや子供の居場所の拡充、経済的負担の軽減策など、多くの施策が展開されております。もちろん、子育ては親にとっては、日々、大変な営みではありますが、子供が成長していく過程で節目ごとに喜びや達成感を感じられるという側面もあります。そして、一定の期間を経れば、子供が自立していくことによって親の負担も次第に軽減されていくものであると認識しております。

一方で、介護についてですが、介護については、状況が大きく異なると私は考えております。介護はいつまで続くのかという見通しの立ちにくさがあり、心身両面にわたって長期に及ぶ負担が介護者にのしかかります。特に、要介護度が上がるほどに介護者自身の生活の自由度は失われ、仕事や趣味、人とのつながりを諦めざるを得ないケースも多く見受けられます。また、高齢の親を介護するのは中高年世代であり、その世代は子育てや仕事の両立に直面している場合も少なくありません。介護は介護者の肉体的・精神的な疲労に加え、孤立感や経済的負担といった深刻な課題を伴う現実があります。

そこで、伺いたいと思います。本区として、介護を担っている御家族や地域の方々が直面している負担をどのように把握し、支援の在り方を検討しているのか。特に、介護をしている方が孤立せずに済むような相談体制や心身のケアに関する施策をどのように進めているのかお聞かせいただきたいと思います。

また、子育て支援が伴走型支援として、区が親に寄り添いながら展開してきたように、介護分野においても同様に、介護者に寄り添い、将来に希望を持てるような仕組みづくりをどのように推進されていくのかお聞かせいただけたらと思います。",2025,2025/10/02,決算特別委員会,議員
,令和7年　決算特別委員会(第5日　10月2日),白須委員,しらす夏,"御答弁ありがとうございました。

まず、一人で抱え込まないということが大切だと考えております。おとしより相談センターや区役所に行きまして御相談すること、また、おとしより相談センターをまだ知らない方もいらっしゃいますので、医師の方などと話していましても、困っていることがあったら、高齢者の方はおとしより相談センターに伺うといいですよと話していただくようにしております。また、介護保険制度をしっかりと有効に使うということが大切だと伺いました。

また、介護手当があると伺ったんですけれども、これはどのようなもので、現在、知らない方もいらっしゃると思うんですが、何人の方が受けていらっしゃるのでしょうか。また、孤立しないというのが一番大切ですので、しっかりと皆さんに、交流会など様々なお楽しみですとか、お話しして気が楽になるような交流会は今後も続けていただきたいと思います。介護手当について伺いたいと思います。",2025,2025/10/02,決算特別委員会,議員
,令和7年　決算特別委員会(第5日　10月2日),白須委員,しらす夏,"ありがとうございました。

介護というのは、子育ても介護も両方経験しましたので、子育ては楽しいことしか覚えていないですけれども、介護は、終わってしまうと、ずっと続いてほしいんですけれども、なかなか大変で壮絶だった思いがございます。介護者が孤立せずに、支え合える関係を築くことが大切だと思いますので、現状の取組をさらに発展させていただいて、仕事や介護に追われている方も元気に過ごせますような柔軟な仕組みづくりを今後もよろしくお願いいたします。ありがとうございます。

次に、近年気になっている点について伺いたいと思います。

本区においては、福祉において、高齢者施策や子育て支援が大きな柱となっていると思いますが、同時に、若年層や働き世代の心身の健康についても見逃せない課題があると感じております。近年、区内のメンタルクリニック、心の診療所に通院する若い世代の方々が増加しております。背景には、長時間労働や人間関係のストレス、生活リズムの乱れ、またコロナ禍を経て増大した孤独感や不安感など複合的な要因があると考えられております。精神疾患やメンタル不調は、本人だけではなく、家族や職場、地域社会にも影響を及ぼすものであり、早期の対応が必要です。これまで区は、高齢者や若者世代にしっかりとやっていただいておりますが、若年層、働き世代にも焦点を当てた取組をより充実させていく必要性があると思います。

そこで、伺います。区として、若年層や働き盛り世代の生活習慣予防、メンタルヘルスの実態をどのように把握していますでしょうか。相談や支援につながりやすい仕組みを、オンライン相談や夜間対応といった形で拡充したらいかがでしょうか。また、在勤者の多い本区の特性を踏まえ、企業や事務所との連携を深めて、職場を通じた健康、メンタルヘルスの支援を推進していったらいかがでしょうか。お答えをお願いいたします。",2025,2025/10/02,決算特別委員会,議員
,令和7年　決算特別委員会(第5日　10月2日),白須委員,しらす夏,"御答弁ありがとうございました。

保健師の方も御相談してくださったり、講習会なども行われているということで、生きづらさという言葉ですと若年層に響くのかなということで、ありがとうございます。また、男性電話相談とか、ブーケですとか、社協とか、区役所でもいろいろ御相談してくださっているということで、今後もよろしくお願いします。

メンタルヘルスは非常にデリケートな問題で、人に知られたくないという面もあると思いますが、一人で抱え込まないということが大切ですので、相談しやすい環境を整えるとともに、心の不調は克服できる、支援を受けることは前向きな一歩であるという機運を高めていけたらと考えておりますので、これからもどうぞよろしくお願いいたします。ありがとうございました。",2025,2025/10/02,決算特別委員会,議員
,令和7年　決算特別委員会(第6日　10月3日),白須委員,しらす夏,"よろしくお願いいたします。雑草管理と大熊町との連携とクマの出没注意について伺いたいと考えております。

中央区は街路樹が最も美しい区の一つであり、その景観は区民の誇りでもあります。数が多いゆえに、維持管理は大変ではありますが、定期的な点検が欠かせません。時に外見では分からない内部の傷みや不具合が潜んでいる場合もあります。そうした際には、その時々に応じて迅速に御対応していただきたいと考えております。

また、まちの景観を守るという観点では、街路樹に限らず身近な雑草の管理も重要です。今年は例年になく雑草の生育が激しく、毎年楽しみにしていた新場橋のヒガンバナも雑草の間から僅かに見えるだけで、大変残念に思いました。雑草の繁茂は景観を損なうだけではなく、歩行者や自転車の走行に支障が出る場合もあります。

そこでお伺いいたします。雑草の繁茂について、区として現在どのように管理、対応しているのでしょうか。確認させてください。",2025,2025/10/03,決算特別委員会,議員
,令和7年　決算特別委員会(第6日　10月3日),白須委員,しらす夏,"御答弁ありがとうございました。日々確認していただいて、早急に対応していただいているということで、ありがとうございます。また、区民の方から、道路で危ないといったお電話がありましたら、早急にふだんから対応していただいていることも認識しておりますので、今後も景観と安全ということで、費用もかかりますし、人手不足とかもありますので、まず安全第一でよろしくお願いいたします。

次に、森林破壊型のメガソーラーとは違う、福島県大熊町らしい太陽光事業だからこそ、廃棄説明が重要という観点で質問いたします。

中央区と福島県大熊町の連携は、都心と地方が結びつく大変意義深い取組であると考えております。東日本大震災の影響で、一度全住民が避難を余儀なくされた大熊町は、今、復興に向けて精力的に新しいまちづくりを進められております。

11月には大熊町交流体験ツアーも予定されており、キウイ圃場での収穫体験や温泉施設での宿泊、自然の中でのアート作品づくり、クマＳＵＮテラスでの昼食など、大変盛りだくさんの内容が企画されており、子供たちが様々な体験をできていろいろな経験ができますことを期待しております。自然あふれる大熊町の魅力を体感して、復興の力強さを共有できる機会にもなると期待しております。

その一方で、以前、大熊町を訪れた際に、前も申し上げましたが、寿命を迎えた太陽光パネルはどう廃棄するのかという住民の声を伺った際のお答えの方法なんですが、太陽光パネルは二、三十年程度の寿命とされ、今後大量廃棄の時代が到来することが想定されます、リサイクル技術は日々進歩していると承知しておりますと。住民の声に対し、私がそのように伺われた際にお答えすることもあると思いますが、最新で大熊町の皆様にお答えするとしたら、丁寧に、どのようにお答えをするかお聞かせいただけたらと考えております。また、太陽光パネルの設置拡大予定についてお聞かせいただけたらと考えております。お願いいたします。",2025,2025/10/03,決算特別委員会,議員
,令和7年　決算特別委員会(第6日　10月3日),白須委員,しらす夏,"ありがとうございます。再生可能エネルギーの話になりますと、様々な考えで対立するように、それはならないように気をつけております。

あくまで主体性は大熊町のほうにありまして、中央区でサポートしていくというのは、大変いい企画も行われていますので、間違いのないように。私たちはリサイクル方法を求められたら、丁寧に、どのようにお答えしたらいいのかということを確認させていただきたいと思いました。2030年に向けて、リサイクルをしっかりとしていくということでお答えさせていただきたいと思います。また、大熊町においても太陽光パネルは今後設置していくのかどうかの動向は見ていきたいと思っております。

また、様々地方と都心を結ぶ活動というのは重要でございます。どこで何があるか分からないので、大熊町で何かあった際には中央区が助ける、中央区で何かがあったら大熊町が助けるという姿勢を常に持ちながら、様々な復興への支援を継続していき、お互いに助け合う関係性を構築して、さらに持続していきたいと思いますので、よろしくお願いいたします。

最後に、クマの出没の対応について伺いたいと思います。

近年、全国各地でクマによる人身被害や農作物被害が多発しております。特に福島県では連日のように被害が報道され、また、本区の中央区の森が所在する檜原村においてもクマらしき動物の目撃情報が確認されております。11月には大熊町にもツアーで参りますので、子供たちがクマの被害に遭わないように、しっかりと注意をしていただきたいと思っております。大熊町においてはクマ出没注意警報が出ておりますので、その点よろしくお願いいたします。

昔と異なり、現在はクマを安易に駆除できない時代となっております。自然保護の観点から、駆除に対して強い抗議が寄せられることも少なくなくて、人命や生活を守るための社会対応が社会的批判にさらされるという、ある意味では健全とは言い難い状況があります。秋田県で、例えば駆除をしましたら、駆除したことに対しての抗議の電話が殺到しており、秋田県知事が、このままでは日本がクマの惑星になってしまうとつぶやいたほど大変な状況になっております。

そこで伺います。本区として、中央区の森を利用する区民の安全確保のため、どのように檜原村や東京都と連携し、クマ出没に対応していくのか、お考えをお聞かせください。また、駆除に対する過度な批判が現場対応を困難にしている現実について、区としてどのように受け止め、住民の安全と自然保護とのバランスを考えていくのか、本区の見解をお聞かせいただきたいと思います。",2025,2025/10/03,決算特別委員会,議員
,令和7年　決算特別委員会(第6日　10月3日),白須委員,しらす夏,"御答弁ありがとうございました。安全第一でしっかりと、被害に遭わないように油断なく、よろしくお願いいたします。

人命や生活の安全を守ることは、自治体としての最も基本的な責務です。もちろん自然との共生は重要ですが、クマによる被害は、一歩間違えば命に関わる深刻な問題です。駆除が行われれば抗議が殺到し、しかし放置すれば住民が危険にさらされる、このような状況は健全とは言えません。必要な対応がためらわれる社会になっては本末転倒です。自然保護と住民との安全確保、その双方を成り立たせるために、区としても現場の声をしっかりと受け止め、檜原村との連携を一層強めていくべきだと考えております。今後も引き続きよろしくお願いいたします。

ありがとうございました。",2025,2025/10/03,決算特別委員会,議員
,令和7年　決算特別委員会(第7日　10月6日),白須委員,しらす夏,"どうぞよろしくお願いいたします。中学生海外体験学習、制服と規律の再認識、熱中症対策と自律した体調管理の力などについてお伺いしたいと思います。

本区では、友好都市、オーストラリア・サザランド、シドニーへの中学生海外体験学習を実施し、区立中学校２年生から代表20名を派遣しております。大変有意義な経験であると考えております。

お伺いいたします。例年どれくらいの応募希望者があり、そのうち選考に漏れた生徒はどの程度いるのでしょうか。また、選考に漏れた生徒が民間プログラムや学校外の機会を自ら模索している実態を区として把握しているのか伺いたいと思います。あわせて、応募者多数の場合の選考方法の公正性や透明性をどのように担保しているのかについてもお伺いいたします。",2025,2025/10/06,決算特別委員会,議員
,令和7年　決算特別委員会(第7日　10月6日),白須委員,しらす夏,"御答弁ありがとうございました。令和６年度に関しましては、16名の方が派遣で、令和７年度は新たに晴海西中学校が入りましたので、20名になるということでよろしいですよね。ありがとうございます。そして、面談などを行い、しっかりと選考していただいていることを確認させていただきました。また、結構倍率も高くて、選考に漏れた方で、意欲ある方もたくさんいらっしゃいますが、その後どうしているかについては区では把握していないということで、ありがとうございました。

本区では、定員を超える応募がたくさんあると思うんですけれども、それだけ多くの中学生が海外に挑戦しようという意欲を持っていることは大変喜ばしいことだと考えております。選考の透明性を保ちながら、選考に漏れた生徒も含め、その意欲を次につなげられるような情報提供や支援の在り方も今後御検討いただけたらと考えております。

また、本区では定員を上回る大勢の応募がいらっしゃるということで、枠が16名、今後は20名という枠で切らざるを得ない状況が続いていること、多数の希望者が集まる実態についてどのように評価しているのかお聞かせいただけたらと考えております。",2025,2025/10/06,決算特別委員会,議員
,令和7年　決算特別委員会(第7日　10月6日),白須委員,しらす夏,"御答弁ありがとうございました。令和７年に関しては、20名の定員のところ、御病気などの理由で２名が行けなくなって、18名の方が派遣されるということで了解いたしました。

この２名の方々が行けなくなったということを知った時点で、２名の枠があったので繰上げということは難しかったのでしょうか。伺いたいと思います。

また、体験事業については、全国の自治体の中で見ますと、定員に満たない応募者数のところもあるので、本区のように希望者が絶えないのは大変誇らしいことだと考えております。また、こうした意欲的な生徒が多く育っていることを中央区の強み、教育の強みとして、さらに伸ばしていけるように機会拡大の支援をお願いしたいと思います。

まず、繰上げについて教えていただけますでしょうか。",2025,2025/10/06,決算特別委員会,議員
,令和7年　決算特別委員会(第7日　10月6日),白須委員,しらす夏,"ありがとうございました。ぎりぎりまで頑張って検討した上で、直前でしたので、繰上げが難しかったということで理解いたしました。もし今後そういうことがあって繰上げの可能性があれば、できるだけ実行していただきたいと思います。よろしくお願いいたします。

海外経験を通じた学びは、若者の視野を広げる大きな機会です。近年、日本の若者は内向きで海外に出たがらないと言われる中、積極的に挑戦したい本区の生徒にチャンスを広げるべきと私は考えております。都や民間企業、財団などでも中学生対象の海外学習プログラムが存在しますが、一般には情報が見つけにくく、倍率が高いという現状があります。本区として、こうした状況を踏まえ、区の児童・生徒に対して海外体験の機会をさらに拡大する方策を検討してはどうかと考えております。本区としては、派遣の枠数拡大やサザランド以外の国・地域との交流機会の新設、さらには多国間交流の展開をどのようにお考えかお聞かせいただけたらと思います。",2025,2025/10/06,決算特別委員会,議員
,令和7年　決算特別委員会(第7日　10月6日),白須委員,しらす夏,"御答弁ありがとうございました。サザランドに関しては、相手側の御都合もありますし、こちらの受入れ体制、２ＷＡＹの方法ですので、なかなか拡大が難しいということで了解いたしました。

また、ほかの地域でも、ほかの方法でほかのプログラムを探すのも大変ですし、費用もかかりますので、本区の児童・生徒に対して海外に行ける機会の拡大を考えていただけたらと考えております。海外に目を向ける生徒が多いということは、将来の中央区の力、日本の力を支えることにもつながります。友好都市サザランドとの交流を大切にしつつ、ほかの自治体や民間とも連携しながら、より多くの生徒に世界の学びの機会を提供できる仕組みを考えていただけたらと思います。どうぞよろしくお願いいたします。

次の質問に移りたいと思います。制服と規律の再認識について考えたいと思います。

制服は単なる衣服ではなく、児童・生徒が中央区立学校の子供である誇りを感じ、仲間意識を育む大切な要素であると考えております。本区におきましては、ほとんどの小学校で標準服、制服が導入されていると認識しております。また、家庭の経済的負担を軽減し、服装による格差や過度な競争を避けるという意味でも重要な役割を果たしています。また、制服を着ることによって、子供たちが同じ学校に通う仲間である意識を自然に持ち、地域社会や大人からも温かく見守られる存在になります。区として、改めて制服の意義をどのように位置づけ、今後どのように子供たちに意味を伝えていくのか御見解を伺いたいと思います。",2025,2025/10/06,決算特別委員会,議員
,令和7年　決算特別委員会(第7日　10月6日),白須委員,しらす夏,"ありがとうございます。学校や地域で考えて導入しているということで理解いたしました。すてきな制服もたくさんありますので、子供たちが中央区立学校の子供であるという誇りを胸に、安心して学べる学校づくりになればと考えておりますので、よろしくお願いいたします。

次に、教育における忍耐力の育成について伺います。

近年、我慢しなくてもいい、無理をしないでという風潮が強まっています。もちろん、心身に過度な負担をかけることや不合理な指導は避けなければなりません。一方で、髪型や服装の自由を求める声も一部で出てきております。確かに、子供の個性を大切にし、表現の自由を保障することが大切です。しかし、社会に出れば、必ずしも自分の思いどおりにできるわけではなく、むしろ規律や協調性を求められる場面が多くあります。学校という集団生活の場は、そうした社会の縮図としての役割を担っており、そこで規律を守ることや自己を律する経験を積むことは、子供たちにとって大変重要です。人生には思いどおりにならないことや耐えなければならない場面もたくさんあります。そのときに必要になるのが我慢する心、すなわち忍耐力です。子供のうちから小さな困難や不便を経験し、乗り越える力を身につけることが、将来、社会に出た際に大きな支えとなります。教育現場において、子供の個性や自由を尊重しつつ、こうした忍耐力をどのように育んでいくのか、区の方針を伺いたいと思います。",2025,2025/10/06,決算特別委員会,議員
,令和7年　決算特別委員会(第7日　10月6日),白須委員,しらす夏,"御答弁ありがとうございました。

知識だけではなく、困難に立ち向かう子供の力の教育は大切だと私は考えております。あまりにも我慢しないでいいという教育は、あまり好ましくないと考えております。その基礎となるのが日々の中で培われる忍耐力ですので、無理を強いるのではなく、努力を重ね、失敗から学ぶ経験を重ねていって、心の強さを育てていく教育行政になることを強く期待しております。

次に、熱中症対策と自律した体調管理の力について伺います。

近年の気候変動は、子供たちの学校生活に深刻な影響を及ぼしております。特に猛暑は顕著であり、運動会や校外学習の縮小、さらには夏休み期間の変更や授業時間の変更を余儀なくされる例もあります。何よりも大切なのは、子供の健康と安全を守ることだと考えております。

そこで、伺います。本区において、学校現場の熱中症による救急搬送件数や体調不良の発生状況についてどのように把握しているのでしょうか。さらに、健康と安全を守るための学校側の対策に加え、児童・生徒が自らの体調を整え、危険を回避する力を身につけられるような教育をどのように行っているのでしょうか。

加えて、家庭での日常的な体調管理や生活習慣づくりが教育の原点であるとの認識に立ち、保護者との連携をどのように図っているのか。そして、猛暑をはじめとする気候変動の対応を環境教育として位置づけ、将来の社会を担う力を育てるために、どのような施策を進めているのかお聞かせください。",2025,2025/10/06,決算特別委員会,議員
,令和7年　決算特別委員会(第7日　10月6日),白須委員,しらす夏,"御答弁ありがとうございました。暑さに慣れていない５月、６月から、熱中症に関してしっかりと見ていただいていることで了解いたしました。

気候変動というのは様々な学びもありますので、子供たちも自ら体を大切にして体調管理を行っていくこと、また、家庭でもいろいろ教えていかなければいけないと考えております。こうした気候変動がある、世界が変わっているといった現実を子供たちの学びに結びつけ、科学的知見に基づく理解と主体的に行動する力を育てることが大切だと思っております。環境教育は副次的な学習ではなくて、将来の社会を支える基盤的教育であるとの認識を持ち、区が先進的に取り組んでいくことを強く期待いたしまして、私からの質問を終わります。ありがとうございました。",2025,2025/10/06,決算特別委員会,議員
,令和7年　決算特別委員会(第10日　10月9日),白須委員,しらす夏,"どうぞよろしくお願いいたします。

今回の決算特別委員会を通じて、これまでになく多くの質疑に登場した言葉が外国人であったように感じます。中央区においても、外国人の存在感が地域の中でますます身近なものとなり、まちの景色も地域の課題もこれまでとは確実に変化しています。その変化に対して、行政が主体的にどのように対応し、区民の皆様の安心と信頼をいかに支えていくのかが問われています。

経済、安全、そして生活環境、この３つの柱は、それぞれ独立しているように見えて、実はこの多様化の時代の中で密接に関わり合っています。

まず経済です。区内の中小企業や商店街は、観光や国際交流の恩恵を受ける一方で、物価高や人手不足の影響を強く受けています。本区では、区内共通買物・食事券の発行や商店街補助、事業者支援、観光商業まつり、ビジネス交流フェアの開催など、地域経済の活性化に向けた施策を進めており、現場の声を踏まえた意義ある取組であると受け止めております。こうした支援をどう地域全体の力につなげていくのかが今後の課題であると感じます。継続して実施されているこうした支援を地域の活力につながる形で発展させていくこと、区民の消費や事業者の活動、地域の魅力づくりが循環する仕組みが必要であると感じております。

そこで伺いたいと思います。これらの施策を通じて、区としてどのような成果を上げていると認識していらっしゃいますでしょうか。また、今後は、どのように効果を検証し、地域の中で経済の流れと活力を生み出していく施策へと発展させていくのか、御見解を伺いたいと思います。",2025,2025/10/09,決算特別委員会,議員
,令和7年　決算特別委員会(第10日　10月9日),白須委員,しらす夏,"御答弁ありがとうございました。

今必要な支援をしっかりとしていただいて、個々の施策を結びつけて地域全体の力として生かしていただけたらと考えております。

また、私が気になっているところは、コロナ禍の後で回復の陰で静かに格差が広がっているように感じております。その差を埋めるためには、事業者には持続的な経営環境、区民には安定した生活基盤の確保をお願いしたいと思います。格差を埋めるというのは、行政と私たちの大事なお役目だと考えておりますので、格差社会が今後広がらないように考えてまいりたいと思います。また、区民と事業者が共に歩み、地域の力で支え合う経済基盤を築いていくことを今後とも望みますので、どうぞよろしくお願いいたします。

さらに、経済の基盤を考える上で欠かせないのが住まいと暮らしです。都心部の地価や家賃の上昇は、区民生活や地域の多様性に直結しています。特に若い世代や子育て世代の流入が多い一方で、将来にわたって区内に住み続けられるかどうかは課題となっていると感じます。住宅費の上昇や物価高が家計を圧迫し、安心して暮らせるを続けるためには不安を感じる声も聞かれてきます。住宅費の負担増が家計を圧迫すれば、消費にも影響し、地域の活力そのものが失われていきます。

そこでお伺いいたします。区としては、住まいの安定と生活支援をどのように位置づけていらっしゃいますでしょうか。また、住宅政策と経済政策を横断的に捉え、区民が安心して暮らし、働けるまちづくりをどう進めていくのか、御見解を伺いたいと思います。",2025,2025/10/09,決算特別委員会,議員
,令和7年　決算特別委員会(第10日　10月9日),白須委員,しらす夏,"ありがとうございました。

希望を抱いて中央区に移り住んできた方々が、将来の生活設計を破綻させることがないような、暮らしやすい、安心して暮らせるまち中央区であってほしいと願っております。

また、トータル的な取組をしていただいていることで、様々なまちの様子を見ながら、住まいの形態は賃貸も分譲もいろいろですけれども、経済的な施策も打っていただいて、生活の安定、地域の活力へとつなげていく展開を期待しておりますので、引き続きどうぞよろしくお願いいたします。

安全の面では、外国人居住者の増加に伴う地域との意識のずれや防犯・防災の課題も見えてきています。区民、事業者、行政が一体となり、互いに理解し、協力できる仕組みづくりが欠かせないと考えております。

そして、生活環境です。環境というと、再生可能エネルギー導入やゼロカーボンといった抽象的なテーマが注目されがちではございますが、区民にとって本当に身近で大切なのは、清掃や美観、街路樹の維持、公園や道路の安全といった、日々の暮らしを支える環境整備だと考えております。区民が安心して暮らし、誇りを持てるまちを守ること、それが環境行政の原点であると考えております。本区が掲げる「人がつながり　まちもつながる　安全安心なまちを目指して」という令和６年度予算の理念は、そうした観点からも大変意義のあるものだと考えております。その実現のためには、机上の計画だけではなく、現場の声をどれだけ真摯に受け止められるかが鍵になります。地域で何が起き、何が求められているのか、小さな声をどう拾い上げ、どう政策に反映していくのか、そこに行政の真価が問われます。

そこで伺います。区長は日頃どのように区民の声を聞き取っておられますでしょうか。",2025,2025/10/09,決算特別委員会,議員
,令和7年　決算特別委員会(第10日　10月9日),白須委員,しらす夏,"答弁ありがとうございました。あらゆるところでお話を伺っているということで、承知いたしました。ありがとうございます。また、区長への手紙も全部目を通していただいて、全て指示をしていただいてお答えされてているということで、承知いたしました。

また、お祭りやイベントなどにも、本当に大変だと思いますが、よくお見かけしまして、区長が参加されると、皆さんはお顔を見ただけですごく喜ばれるんですよね。ですから、大変だと思いますが、できるだけイベントに行って楽しんでいただいて、皆様と一緒にお話ししていただけたらと思います。また、何か伺った声は担当部署にお伝えいただいて、改善をしっかりと行っているということで承知いたしました。ありがとうございます。

さらに、社会の動きは極めて速く、情報も多様化しています。政治、経済、国際情勢、そしてメディアの多様化により、行政トップとしても幅広い情報に触れ、バランスの取れた判断を行うことが、区長に求められております。

その上で伺います。区長は、庁舎内で現在どのような新聞、媒体を購読しているのでしょうか。",2025,2025/10/09,決算特別委員会,議員
,令和7年　決算特別委員会(第10日　10月9日),白須委員,しらす夏,"御答弁ありがとうございました。

全国の新聞６紙としんぶん赤旗と公明新聞を読んでいらっしゃることで承知いたしました。一部の区民の皆様からは、特定の政党や団体に関する媒体を公費で購読しているのはいかがなものでしょうかというお声もいただいておりますので、その点、お伝えさせていただきます。行政は中立性を保ち、信頼を得られる運営を行うことが最も重要だと思いますので、中立性を保った区政運営をどうぞよろしくお願いいたします。

また、区民から寄せられる相談や苦情への対応についても伺いたいと思います。

現場では、職員の方々が時には厳しい対応を迫られることも承知しておりますが、そうした声の一つ一つの接点こそが区民との信頼関係を築く最前線です。苦情対応や意見の受付を単なる処理ではなくて、区政改善のきっかけと捉える位置づけと、庁舎内での情報共有の仕組みについてお伺いしたいと思います。どのように情報共有を行っていますでしょうか。お聞かせいただけたらと思います。",2025,2025/10/09,決算特別委員会,議員
,令和7年　決算特別委員会(第10日　10月9日),白須委員,しらす夏,"御答弁ありがとうございました。

日々情報共有を行っていることで、承知いたしました。ネットなのか、どのような形で情報共有を行っているのか、お聞かせいただけますでしょうか。",2025,2025/10/09,決算特別委員会,議員
,令和7年　決算特別委員会(第10日　10月9日),白須委員,しらす夏,"ありがとうございました。

情報共有していることはとても大切だと思っておりますので、ぜひしっかりと庁舎内、いろいろな大切な意見などの情報共有の仕組みをしっかりと整えて、また今後もよろしくお願いいたします。

また、区民の皆様からの様々な相談や苦情といいますか、御意見をいただいていると思うんですけれども、庁舎内も私は時々回っておりまして、じっくりとお座りになって意見を述べられている方、長く長くお話しされている方などを見ていると、職員の方が大変だなと考えることもあるんですけれども、職員の方がそういう区民の皆様から長い時間お話をいただいて、大変だなと思ってしまったときに、その職員の方のメンタル面の配慮はどのようになさっているか、お聞きかせいただけたらと思います。",2025,2025/10/09,決算特別委員会,議員
,令和7年　決算特別委員会(第10日　10月9日),白須委員,しらす夏,"ありがとうございました。

11階に健康相談室があるところで、いつでもお話を聞いていただけるという、足を運びやすい体制になればいいなと思っております。また、上司の方々からしっかりと声かけしてサポートしていただければ、若い職員の皆さんもありがたいと思います。また、ストレスチェックもやっているということで、様々な問題、他の自治体ではいろいろなことがあって、職員の皆様に名前ではなくてアルファベットを載せたり、名前を覚えられると怖いみたいな、そこまで悪化しているようなカスタマーハラスメント的なこともありますけれども、中央区はまだそこまでは行っていないのかなと現状を考えております。

メンタルヘルスの面は、若い方も大変ですし、上司の方ももともとすごく大変だと思いますが、日々の職務に当たる大変な思いを皆さんで共有して、共有できない分は相談室に行って、対応をしっかりとしていただけたらと思います。ありがとうございます。

本日の総括質疑を通じて改めて感じたのは、行政における透明性と現場主義の重要性です。区民生活の根底には、物価高や経済不安がじわじわと広がっているように感じます。また、格差も広がっております。こうしたときこそ、行政が最も身近な存在として、区民の暮らしを支える実感ある支援を打ち出すことが求められています。

また、区民相談や意見への対応は、行政の顔とも言える部分でございます。この辺、大変な面もあるかと思いますが、メンタル不調に気をつけながら、しっかりと行っていただけたらと思います。一つ一つの声を軽視せずに、課題や不満の中にこそ改善の糸口があると捉えることで、区政はより強く温かいものになると確信しております。

私も日々電話などでどなられたり怒られたりしていますが、ありがたく意見を頂戴しながら、これも慣れもあるんですけれども、しっかりと頑張りますと対応している毎日でございます。人がつながり、まちがつながる、その実現のためには、区民の声と行政の心がつながることが何より大切だと考えております。区民の信頼に応える開かれた区政を今後とも強く期待しております。

ありがとうございました。",2025,2025/10/09,決算特別委員会,議員
,令和7年　決算特別委員会(第10日　10月9日),白須委員,しらす夏,"士魂の会の令和６年度中央区各会計歳入歳出決算について、態度を表明いたします。

令和６年度の予算は、「人がつながり　まちもつながる　安全安心なまちを目指して」を理念として編成されました。委員会審議では、子育て支援や高齢者福祉、防災・減災対策、環境、教育など、幅広い分野にわたり質疑を行い、その取組状況を確認してまいりました。

まず、安心安全なまちづくりの支援についてです。

区民が日々の暮らしの中で安心を実感できるよう、防犯カメラの設置や地域見守り体制の強化など、地域ぐるみの安全対策が着実に進められています。治安や生活環境の変化が見られる中、今後も、地域との連携を深め、体感としての安心を高める取組を期待いたします。

次に、健康と福祉の分野です。

国民医療費の増加が見込まれる中、区民が健康を保ち、医療や介護の負担を軽減できるよう、健康増進策のさらなる充実が求められます。また、子育て支援が拡充される一方で、介護はいつまで続くか分からないという不安を抱える方も多く、子育てと介護の双方を支えるバランスある支援が重要です。さらに、若者や働き盛り世代においては、メンタルヘルスの課題が増えており、心の健康を保つための身近な相談体制の強化も必要と考えます。

環境建設分野では、区民の暮らしと景観を守る視点から、街路樹や雑草の管理、景観維持の取組について質疑いたしました。

今年は、例年以上に雑草の生育が激しく、地域の花々が隠れてしまう場面が見られました。区民が四季を感じ、潤いあるまち並みを維持するためにも、定期的な点検と丁寧な対応を求めます。

また、環境施策の中で注目したのは、福島県大熊町との連携による再生可能エネルギーの取組です。太陽光パネル設置は意義ある試みではありますが、その一方で寿命を迎えた際の廃棄方法やリサイクル体制について、説明責任を果たすことが欠かせません。環境への配慮と地域への理解を両立させる姿勢が求められます。さらに、中央区の森がある檜原村ではクマの目撃情報が報告されており、福島県内でも被害が続いています。安易な駆除が難しい時代となる中、人命を守るという自治体の基本的責務を忘れずに、ツアーや交流事業などの際には十分な注意喚起をお願いしたいと思います。

教育分野では、中学生の海外体験事業について取り上げました。オーストラリア・サザランド市への派遣事業は、異文化に触れ、視野を広げる貴重な機会です。希望者が多い中で、選考の公平性と透明性を確保し、より多くの生徒に機会が広がることを望みます。こうした体験を通じて得た学びを区民に還元する仕組みづくりも大切です。

また、制服の意義と忍耐力の育成についても質問いたしました。自由を重んじる時代にあっても、社会には規律や協調を求められる場面が数多くあります。学校生活の中で一定の規律を守り、自己を律する経験を積むことは、子供たちの成長において大変重要であり、制服にはその教育的な意味があると考えます。

さらに、熱中症対策については、学校や地域の取組を進めるとともに、子供自身が自ら体調を整える力を学ぶことも重要です。自立した健康管理を身につけることは、生涯を通じた健康教育の基盤になります。

こうした審議を通じ、区の施策が一定の成果を上げていることを確認する一方で、社会構造や生活様式の変化、災害リスクの増大など、新たな課題にも直面していることを改めて認識いたしました。行政がこれらにより現実感と危機感を持って対応し、将来を見据えた施策を展開していくことを強く期待いたします。

また、区民の声に真摯に耳を傾け、その声を確実に施策へと反映させながら、次世代に誇れる中央区を築いていくことを心から期待いたします。

以上の観点から、令和６年度中央区各会計歳入歳出決算の認定に同意いたします。",2025,2025/10/09,決算特別委員会,議員
,令和7年　決算特別委員会(第7日　10月6日),平林教育長,田中広一,"読書活動につきましては、実は私の肝煎りで始めさせていただきました。特に、幼児期からの読書活動は、今、田中委員のほうからお話がありました。これはとても大事だと思ってございまして、まず読書の楽しさを知っていただいて、これが最終的には、いわゆる読解力とか、こういった大事なものにつながっていく。ただ、これを前面に押し出してしまうと、これもまたちょっと嫌らしくなってしまいますので、読書というものがどれほど楽しいのかということを、これは司書さんが本と人をつなげる役割だというふうに思っております。そういった環境をこれからも整えながら、子供たちが本に触れ、本というのは、ある意味、時代を超えたり、国境を越えたり、様々なことを超えていろいろなものに触れられる機会の創出だと思っております。これが最終的には、大人になってからも、やはり物を読むというのは非常に大事なことでして、例えばテストを見ても、問題が分からないのか、読解力がなくてできないのか、こういうこともあるわけでございます。こういうことを考えると、これからの子供たちにとって読書活動をしっかり身につけさせてあげることが我々の役目なのだろうというふうに考えてございまして、これをしっかりと定着させて、ある意味、中央区の特色ある教育の一つに位置づけられたらと考えてございます。

以上でございます。",2025,2025/10/06,決算特別委員会,理事者
,令和7年　決算特別委員会(第8日　10月7日),平林教育長,小坂和輝,"これからの教育は、今言われたように、様々な環境が子供たちに影響を与え、子供たちがいずれどの職業に就くにせよ、技術革新であったり、情報化であったり、ＡＩの活用であったりというものが何らかの形で子供たちに影響を与えるということを我々は重々承知しながら教育行政に当たらなければいけない。これからの不透明と言われている時代の中で、自分たち自らが、答えのない問題に対して解を求めていかなければいけない。これはまた協働の事業であったり、それから自分自身がどういう考え方で向かっていくのかということ。こういったことをいわゆる知識だけではなくて、考えられる、生き抜く力というものを身につけさせていかなければいけないというのが我々の考え方であります。

したがいまして、学校の授業の中に今様々な形で、体験型の学習とか、場合によっては深度化した授業を行っていくことによって、子供たちが地域の課題であったり、自らの課題というものを見つけ出すような、そういった授業を取り入れながら行っていくことが必要だろうと思っております。その中で教育というのは、これまでも培ってきた不易と流行ということをしっかり見極めながら、これからの時代に合った新しい技術革新なども溶け込ませながら教育というものを進めていかなければいけないと考えているところでございます。

時間がないのであまり語れませんけれども、我々はとにかく、子供たちに対してこれからどういったことをやっていかなければいけないかということをしっかりと考えながら進めていかなければいけないということだと思っております。

以上です。",2025,2025/10/07,決算特別委員会,理事者
,令和7年　決算特別委員会(第9日　10月8日),平林教育長,田中広一,今、図書文化財課長が申し上げたとおりなんですけども、私も定期的に指定管理者とお話をする機会というのを設けてございまして、この中で様々な意見交換を行ってございます。大変熱心な方が多いものですから、特に今委員が言われたように、読書の楽しさも含めて、子供たちに図書館の利用も含め、読書活動の推進ということで、しっかりとソフト面も含めて取り組んでまいりたいと考えてございます。,2025,2025/10/08,決算特別委員会,理事者
,令和7年　決算特別委員会(第9日　10月8日),平林教育長,山本理恵,"実際に学務課長は、当日、まだ学務課長じゃなかったものですから、私が現場に行っておりましたので、もう少し詳しくお話をさせていただこうかなと。今学務課長が申したとおり、本当にすばらしい施設だということと、子供たちがふだんと違うところでの競技、それから、世界のトップアスリートがオリンピックという舞台で使用した、テレビで見た、ここのフィールドに立つという喜びなのか、非常に効果的だったのは、ふだん学校に来ない不登校の子が大会に出てきたりとか、それから、ゴールをしたときに、他校の子と健闘をたたえ合うと。これが大画面というか、スクリーンに映し出されて、それをみんなで見て感激したりとか、スタートのときには、第１のコース、何々中学校ということで、一人一人が画面にアップにされて、本当にオリンピックさながらのようで、お金はかかりましたけど、僕は教育効果は非常に高かったなと思っております。

例年、江戸川区の競技場なんですけども、そことは違って、かなりＰＴＡの方々がいらっしゃっていただいて、小学校のＰＴＡの方も見にいらっしゃいまして、区長も来ていただいたんですけども、すごい盛り上がりでした。今年もやりたかったんですけども、今年、世界陸上が重なっちゃったものですから、来年はぜひ実施していきたいなと思いますけども。こういったことで、非常に教育効果が高かったということと、あと、ふだん学校であまりしゃべらない子が、昨日はこうだったんだということで学校で話題になったりとか、そういうことで子供たちにとっての体験活動が有効だということで、陸上を通してでしたけど、非常にいい経験をさせていただいたなと。

そもそもここでやろうといったきっかけが、実はＰＴＡ連合会と私のほうで、国立競技場でできたらいいねという話で盛り上がりまして、よし、じゃ、やってみようかということで、職員には苦労をかけましたけれども、実施に至ったと、そんなような経緯でございます。

以上でございます。",2025,2025/10/08,決算特別委員会,理事者
,令和7年　決算特別委員会(第7日　10月6日),北澤教育委員会事務局次長,田中耕太郎,"確かに、今、お子さん方は、様々な習い事ですとか、塾ですとか、教育、学校外の活動がかなり豊かになっているということは認識してございます。また、それによっての格差というものも恐らく生じているだろうということは想像できますけれども、基本的に、やはり学校におきましては、学校生活が充実するように教育環境を整えるということが教育委員会としての考え方でございますので、今、委員もおっしゃいましたように、習い事とか、学外の活動に関しましては、保護者の方の考え方、価値観等によるものであると考えてございますので、特にそういったことに対してのアンケート等をすることにつきましては、今のところ考えはございません。

以上でございます。",2025,2025/10/06,決算特別委員会,理事者
,令和7年　決算特別委員会(第7日　10月6日),北澤教育委員会事務局次長,川畑善智,"先般の委員会のときに答弁申し上げました資料が不存在であったということに関しましては、情報公開請求をいただいた内容が、区民文教委員会の資料の以前にこちらで協議をしたプロセスの分かる資料ということの請求がございまして、教育委員会の内部で話し合った紙ベースの資料というものは存在はしておりませんでしたが、それまでの経過の中で、その前にかけた区長部局における庁議資料ですとか、政策調整会議の資料は存在しましたので、改めてそちらについては公表したところでございます。そちらの資料に関しましては、教育委員会については、保存年限がもう過ぎていたということで、教育委員会には残っていなかったというところで説明を区長部局のほうから差し上げたところでございます。

基本的に、細かい職員間の打合せ資料とか、そういったメモのようなものに関しましては、この日本橋中学校の件に関しましては、区民文教委員会である程度一定の意思決定がなされたというところで、その前の細かい資料については残っていないところでございました。そういったところで、情報公開請求されて公開できるものにつきましては、公表しておりますけれども、その部分について、打合せとか検討がされなかったということではなくて、文書が残っていなかったということでございます。

以上でございます。",2025,2025/10/06,決算特別委員会,理事者
,令和7年　決算特別委員会(第8日　10月7日),北澤教育委員会事務局次長,木村克一,"晴海のまちびらきに伴いまして学校整備というものは、委員御指摘のとおり、大変大きな課題でございました。まず、１万2,000人規模の人口増加が見込まれるということで、東京都との協議を経まして、晴海四丁目、五丁目の土地を買い受けて、小学校２校分、中学校１校分の整備が必要であろうという見通しで検討しておりました。ただ、人口増加については、先ほど吉田副区長からもありましたように、佃の例を参考にいたしまして、同時期に一斉に転入してくるわけではないということがありましたので、まずは小学校１校分と中学校１校分を令和６年４月に晴海西小・中学校として五丁目に開校し、四丁目に整備する残りの小学校１校分につきましては、人口動態を注視しながら開設時期を判断するという方針でございました。

また、当初は、四丁目に整備する小学校は新校とする方向で検討していたんですけれども、通学区域をどのように設定するかという変更による影響が大きいということや、将来の施設転用等を考慮いたしまして、新校ではなく晴海西小学校の第二校舎とするということといたしました。そちらの決定は令和４年に行ったものでございます。ただ、第二校舎の開設時期の判断につきましては、令和２年度くらいに東京2020大会の延期とか、コロナの流行によりまして、ＨＡＲＵＭＩ　ＦＬＡＧが販売延期になったりということで、非常に人口動態の予測が困難な状況となりました。また、購入者に対してのアンケート等におきましても、回答率が非常に低かったり、ディベロッパーからの情報提供も個人情報を理由に限定的であったということで、児童・生徒数の動向の推計は非常に難しいものがございました。

それで、小学校の規模といたしましては、中央区の今までの最大の規模である豊海小学校と同規模ということで、小学校30学級、中学校15学級ということで設定したんですけれども、結果として令和６年４月の当初は小学校27学級、中学校８学級と、キャパの中に収まったということで見込みどおりだったんですけれども、１年後の令和７年度には小学校34学級、中学校10学級となりまして、想像以上に転入スピードが速いという結果が生じました。そのため、晴海西小学校第二校舎は、当初は開設時期を令和12年４月としていたんですけれども、１年前倒しにするということで、令和11年に開設することとしたものの、結局それでも間に合わないということで、令和９年、10年には仮設の増築棟を建設するという事態となってございます。

こういったところで、教育委員会といたしましては、なるべく精緻な児童数推計を行って、よりよい教育環境を整備するために努力してきたところではあったんですけれども、結果として仮設増築棟とかというところで、保護者の方々に御不便をかけることになってしまいました。先日、保護者説明会等も行いまして、いろいろな御質問等をいただく中で、一定程度御理解をいただいたものと考えておりますので、今後もそのような保護者への対応とか、学校とも協力しながら、よりよい教育環境の整備に努めてまいりたいと考えております。

以上でございます。",2025,2025/10/07,決算特別委員会,理事者
,令和7年　決算特別委員会(第4日　10月1日),俣野子ども施策推進室長,竹内幸美,"私からも少し御答弁させていただきますけれども、最近の小学生はとても忙しくて、朝はそれこそ早朝からそういった保護者とともに保育所に通ったり、場合によっては、今、委員からも御紹介いただきましたような朝の居場所の問題、さらにはその後義務教育ということで、小学校での学び、その後は放課後対策ということで、学童クラブとかプレディに通っております。

そういった中で大事なことは、子供ということをまず主語におきまして、子供にとって何が一番いいのかということを常に考えて施策を推進していきたいなと考えているところでございます。決して保護者向けの施策ということで偏っているわけではなくて、先ほど御紹介いただきましたような朝のことに関しましても、本当に居場所がなくて、昨日まで保育園に行っていた子供が今日からいきなり小学校に行かなければいけないという状況につきましては、本当に子供目線で考えたときに、福祉としてのセーフティネットを張らなければいけない場面も当然出てくるんだろうなと考えているところでございます。

また、そういった観点から申しますと、少し先ほどの補足にもなるんですけれども、保育所の空き対策ということも含めますと、昨日まで行っていた保育園に慣れ親しんでいるような状況であるんだとすれば、そういった場所の活用につきましても、子供が安心して放課後を過ごせる場所の一つとしては、例えば保育所の空きスペースの活用といったものにつきましても有効な手段だと現時点では考えているところでございます。

こういったことをトータルで他区の取組なども含めながら、かつ社会的情勢なども十分踏まえながら、セーフティネット、福祉的な施策を進めてまいりますけれども、何よりも子供の健康管理、それから健やかな成長、このことをまず第一、最優先にしっかりと子ども施策推進室として取り組んでまいりたいと考えているところでございます。

以上でございます。",2025,2025/10/01,決算特別委員会,理事者
,令和7年　決算特別委員会(第4日　10月1日),俣野子ども施策推進室長,小坂和輝,"保育士の関係でございますけれども、保育士がそのお子さん自身を個別に把握をしっかりしていかなければいけないんだろうなと思ってございます。さらには、今答弁にもございましたように、発達障害とか、その特性、こういったものをしっかりと理解し、把握し、それをしっかり自分のスキルとして身につけていくことが何よりも重要かなと考えてございます。そういった意味におきましては、現場でのケーススタディ、それから研修は欠かせないものかなと考えてございますし、私どもでは、保幼小の連携の中でそういった意見交換や知識の交換などもしてございますので、そういった取組を通じてしっかりと取り組んでまいりたいと考えてございます。

以上でございます。",2025,2025/10/01,決算特別委員会,理事者
,令和7年　決算特別委員会(第5日　10月2日),俣野子ども施策推進室長,田中広一,"子育て施策、現状、課題ですとか、そういったことについて少し申し述べさせていただきます。

昨年度でございますが、保育所関係につきましては、この間ずっと保育所対策というものを整備してまいりまして、保育ニーズは年々高まってございます。直近の調査によりますと、６割弱ぐらいの方々が保育所関係のニーズということで求められている中で、例えば令和２年度から６年度までの５か年におきましては、認可保育所だけでも22園の新設、また定員自体も1,200名以上増加をしてきたというところで、着実に保育所整備を進めた結果、令和２年度以降、待機児童ゼロを継続しているところでございます。とりわけ、この間、議論になっておりますＨＡＲＵＭＩ　ＦＬＡＧの関係でございますが、例えば令和６年４月１日付でございましたが、パークタワー勝どきを含む、あのエリアの未就学児ということで、こちらが1,000人弱というような新たな方々を迎える中で、こういった方々にどういうふうに対処していくのかということも大きな課題でございました。こちらにつきましては、期間限定型保育事業ですとか、居宅訪問型保育事業を併せていく中で無事対処できたというふうに考えているところでございます。

また、放課後分野でございますけれども、教育委員会の多大なる協力も得ながら、定員自体は、学校内学童クラブということで470名程度の増員を図っているところでございます。待機児童ということで大変な御迷惑をおかけしていることにつきましては、重々承知をしてございますが、適正な面積基準、それから人員配置、こういったものを公設の学童クラブとして無料で実施していることに加えまして、プレディ、こちらは放課後子ども教室という言い方をしておりますけれども、こちらを学童クラブと同様の開所時間、夜７時半まででございますが、そういったことに取り組んでいるのは、23区においても本区だけでございます。こういったことからも、確実に子供と保護者の安全・安心な環境整備にしっかりと取り組んできているところでございます。

こういった施策に取り組む中で、委員からも御紹介がありましたように、昨年度につきましては、私どもはこども計画を策定した年でございました。今後、向こう５年間の私どもの基本的な計画として、様々な気づきがある、こういったものを計画の過程というふうに捉えてございます。よかった点としましては、区内の小学生からアンケート調査なども行いまして、意見聴取を行うことで計画策定の基礎データが取れたことはとてもよかったかなというふうに思ってございます。

そういう中で浮かび上がってきました背景ですとか、課題というものも幾つか問題意識として思っておりまして、子育て世代で、かつ共働きの方が非常に多くなってございまして、世帯構成ですとか、様式の変化、こういったものがやはり変わってきているのだろうというふうに思ってございます。

また、待機児童も、先ほど申し上げましたように、ゼロを継続してはいるんですけれど、やはり保育ニーズの地域的な偏在を少し感じているところでございます。そういったことの解消ですとか、あるいは保育の質の確保、さらには朝の居場所や放課後対策のさらなる充実、こういったものにも引き続き取り組んでいかなくてはならない。

それから、これは肌感覚になりますけれども、地域になじみのない家庭というんですか、こういった方々がいらっしゃることによりまして、家庭の孤立ですとか、子育てに関する不安を抱えている方が非常に多いのかなという肌感覚でございます。

こういったことを課題や背景として受け止めておりまして、計画自体につきましては、４つの方向性、それから22の施策を定めまして、今後、着実に向こう５年間で進めてまいるものでございます。計画上のことにつきましては、粛々と、かつ、しっかりとやっていくわけでございますけれども、今後、その中でも主に重点的に取り組んでいきたいということも少し考えてございまして、第１子保育料の無償化の影響ですとか、これまでも少し議論がございましたようなこども誰でも通園制度といったこともございまして、保育環境が劇的に変化してきている状況もございます。保育ニーズがどういうふうに変化して、そもそも対応が必要なのかどうなのか、こういったことも含めて、保育政策の不断の見直しや、そういった政策のありようを検討すべきことかなというふうに考えるところでございます。

それと、昨今、気候変動というものが非常に厳しくて、夏場は子供の遊び場としては厳しいというようなお声も聞いているところでございます。こういったことも含めまして、子供の遊び場確保につきましては重要なことかなと受け止めてございます。都心に育つ子供たちが自由に遊べる環境が少ないものですから、こういったものをしっかりと念頭に置きながら、施策自体を進めていく必要があるのかなというふうに考えているところでございます。

それから、今年から開始しましたこども家庭センター、母子保健と児童福祉の連携、こういったものは非常に重要かなというふうに思っております。核家族化などが進行する中で、妊娠期から子育て期へのアプローチを行政としてしっかりと取り組んでいくべきなのだろうというふうに考えてございます。こういったことをしっかりと重点的に取り組む中で、福祉部門としてのセーフティネットとしての意識づけもしっかりとしていきながら、重要な視点だというふうに思ってございます。他区との比較の中におきまして、大衆迎合的な人気取りの施策に決してならないように、しっかりと軸足を置きながら取組を進めていく必要があるかと考えてございますし、さらに実効性のある施策をしっかりと推進していくためには、庁内連携もしっかりとやっていく必要があると思います。私ども子ども施策推進室ができた意義もその辺にあるかなと思ってございますので、委員のおっしゃっている趣旨も十分踏まえながら、今後、施策をしっかりと進めてまいりたいと考えているところでございます。

以上でございます。",2025,2025/10/02,決算特別委員会,理事者
,令和7年　決算特別委員会(第5日　10月2日),俣野子ども施策推進室長,しらす夏,"若者の関係でございますけれども、結局、生きづらさを抱えた若者の支援というジャンル、カテゴライズかというふうに考えてございます。そういった中で、本区の取組といたしましては、今、健康推進課長が申し上げたとおり、そういった対策をはじめ、自殺対策ですとか、あるいは社会福祉協議会などの取組、また総務課などにおきましても、男性相談ですとか、ブーケ21での相談、それから私どものほうでも家庭相談や女性相談、様々な相談のアンテナを張ってございます。そうした中で、様々な機会を捉えて、若者の生きづらさの解消に、メンタルヘルスなどの問題も含めて、対処してまいりたいと考えております。

以上でございます。",2025,2025/10/02,決算特別委員会,理事者
,令和7年　決算特別委員会(第10日　10月9日),俣野子ども施策推進室長,奥村暁子,"ベビーシッターの関係でございますけれども、委員からも御紹介いただきましたように、ベビーシッターそのものは、確かに委員がおっしゃるとおり、密室の保育という面も否めない部分がございます。そうした上で、保育とか教育の現場で性犯罪というものが起きやすい、対象が乳幼児であってなかなか声も出しづらいという側面は確かにあろうかと認識しているところでございます。そういったお話の中で、今、現時点で例えば日本版ＤＢＳとか、そういったところの取組自体も少し議論されてございまして、そういったことが機運としては醸成されつつあるのかなという認識でございます。

そうした中で、お尋ねのそういった害を加える人たちを見極める仕組みがあるかということでございますけれども、現時点ではなかなかそういった仕組みは難しいと思っておりますが、さっき子ども家庭支援センター所長が申し上げましたように、個別な研修をやっていくしかないかなという部分とか、今後ともＤＢＳの議論も含めて、事業者がしっかりとベビーシッターを雇用する中での取組といったものを私どもとしても働きかけて、そういったことによって不幸な性被害が発生しないような土壌、保育現場といったものに努めてまいる所存でございます。

以上でございます。",2025,2025/10/09,決算特別委員会,理事者
,令和7年　決算特別委員会(第4日　10月1日),木曽福祉センター所長,小坂和輝,"私からは、まず障害児の相談支援について、もう一つお伝えさせていただきます。

私どもゆりのきでも障害児の相談支援は当然行っております。様々な児童福祉法で定めるサービスがありますので、児童発達支援はもとより、放課後デイサービス、保育所等訪問支援、こういったものについては当然のことながらサービス計画を立てるわけでございます。私どもゆりのきでやっているのは主に困難ケースでして、先ほど福祉保健部長が答弁しましたけれども、シンプルにできるもの、単一なサービスだけをやるものは、比較的保護者の方が自らやるほうがいいということと、他者とあまり関わりたくなくて直接ダイレクトに事業者と契約したいという方は、セルフプランを選ぶケースがままあります。ただ、モニタリングというところが欠けてしまいますので、第三者が入って計画を立てるということは非常に重要なことだと考えております。そうした意味で、ゆりのきではできるだけ相談支援の専門員が関わってしっかりとした計画を立てていきたいと考えています。とはいえ、件数が、限られた人間でやっておりますので、こちらとしては公的な機関ですので、困難ケースを主にやっていくというところで、少しバッファを持つというか、余裕を持った引き受け方をしているという実態があるところは御理解いただけたらと思っております。

それから、保育園等にどういった人材の指導をしていくのかというところでございますが、保育園の巡回相談あるいは保育所等訪問支援、いろいろとゆりのきから相談員が巡回してアドバイスをしているところでございますけれども、まず何よりも大事なのは、子供への理解を促して、その特性を把握して、保育園の先生方が自ら発達的な視点を持って活動の組立てとか働きかけ、環境整備に取り組むことが何よりも重要だと考えておりますので、そうした視点から先生方が自律的に考えていけるような働きかけ、共同支援という形でゆりのきの巡回は関わっているところでございます。

私からは以上です。",2025,2025/10/01,決算特別委員会,理事者
,令和7年　決算特別委員会(第10日　10月9日),木曽福祉センター所長,奥村暁子,"18歳以上の子供が成人になったときの日中の居場所というか、そういうところの御質問かと思っております。

確かに、18歳の壁ということでも言われておりますけれども、放課後デイサービスを利用してきた方々が成人になったときに、今まで預けていた場所がなくなってしまうという問題があろうかと思っております。私どもで思っているのは、まず一応、今は国の制度として放課後デイサービスのような形で成人に向けた障害者福祉サービスがないというのが一番大きな問題だと考えております。現状でやっているのは日中一時支援事業ということで、レインボーハウス明石でお預かりしている。福祉センターの利用者、生活介護の利用者も５時までお預かりするということの延長もしてきたところです。それ以上の時間をお預かりしてほしいという利用者に対しては、レインボーハウス明石に福祉センターの職員が一緒に連れて行って、８時まで見ているという現状がございます。

一方で、移動支援事業ということで、ヘルパーが外出同行して、親御さんが迎えに来るまで過ごすというサービスもあろうかと思います。

ただ、対象者の体力的な負担といったものも加味して考えなければいけないと思います。放課後デイサービスの利用者が全て日中一時支援事業を使うということは、我々としては考えてございません。当然、放課後デイサービスでも療育という形で大人になるわけなので、大人になって親御さんがいなくても鍵を預かって家で過ごすとか、あるいはそういった移動支援事業を使って親御さんがいない時間を過ごしていくというすべを放課後デイサービスでも身につけていかせるというのは、一つのやり方としてあるのかなと思っております。

ただ、必ず要らなくなるということを申し上げているのではなくて、放課後デイサービスの利用者が全てこういった形で考えなければいけないものだとは思っておりません。そういった意味で、まずは放課後デイサービスもしっかりと充実させることで、そういった成人になったときに自力で過ごしていける力を身につけさせるということも非常に重要な局面だなと思っております。

一方で、冒頭申し上げたとおり、国でこういった障害者福祉サービス、自立支援法等で位置づけてしっかりと手当てしていくということも重要なことだと思っております。区単独でできることには当然限りがありますので、そういった部分も働きかけるとともに、区でできることは何かというのは、例えばそういうお預かりできる法人等のしっかり実績のある事業者を探すとか、これはまだ検討中ですけれども、福祉センターの５時過ぎの場所を使って支援ができる事業者がいるのかどうかとか、あるいはそういう事業者がいないのであれば、職員が交代して少し見ていくとか、いろいろそういう考え方はあるんですけれども、実際にまず利用者の体力面を考えるとともに、環境整備という部分ではしっかりと国に働きかけてやっていくことが肝要かなと考えているところでございます。

以上になります。",2025,2025/10/09,決算特別委員会,理事者
,令和7年　決算特別委員会(第10日　10月9日),木曽福祉センター所長,奥村暁子,"先ほどの日中の一時支援事業についてのお尋ねでございますけれども、どういう働きかけをしているかというところでございますけれども、確かに国でもこの問題を取り上げて、しっかりと日中一時支援事業をできるようにしていく環境をつくるべきだという呼びかけが来ているところは事実でございます。

ただ、一方で、特に都心などですと、場所の確保、それから人の確保はしっかりした実績のあるところでないとできないというところもありますので、その辺で少し難しさがあるのかなと思っております。先ほど申し上げたとおり、まず障害者総合支援法に制度として定められていないというところが一番ネックでして、なかなか民間がビジネスとして成立しにくいのかな、参入しにくいのかなという状況があるので、まずはそういった法にしっかりと放課後デイサービスのように位置づけていただきたいという働きかけがあろうかと思います。

実際に他の区でも、独自の居場所事業というのはやっています。例えば千代田区や中野区などはやっているんですけれども、どうしてもグループホームと併設しているとか、入所施設と併設しているというところで、何とか人的にカバーできるような環境のところでうまくやっているのかなと思っております。さらに申し上げれば、放課後デイサービスのように平日毎日ではなくて、週に１回とか２回とか、どうしても限定的なサービス提供になっているというところも実態としてあるところでございます。

私のほうで、検討中ということで、少し前向きな答弁になってしまったかもしれませんけれども、まだ検討中なものですから、独り歩きしても困るんですけれども、場所的には、例えば福祉センターの成人室のデイサービスルームあるいは、移転しましたけれども、明石町作業室の新しい場所といったところを使えるのかどうかというところからまず始めなければいけないと思います。

東京都の指定もその辺が整理できていませんので、可能なのかどうかというところから始めなければいけませんし、法人にやってもらうのかどうかということもまだ検討中のところで、本当にまだ初歩の段階ですので、そういったところで御理解いただきたいと思っております。ただ、必要性等は当然感じておりますので、今後必ず着手しなければならない検討課題かなということは認識しているところでございます。

そして、どのぐらいのニーズがあるかというところでございますけれども、先ほど申し上げましたとおり、福祉センターでは４時で一応サービス提供は終わっているんですが、延長希望者を聞きまして５時まで延長するということで、大体10人ぐらいが延長の希望をされて５時までいらっしゃいます。さらに８時までのレインボーハウス明石の日中一時支援事業を利用しようという方は３人程度となっておりまして、現状では、すごいニーズがあって対応に苦慮しているというところではなくて、体力的な問題とかもあるので、まずは利用者が家に帰りたがります。環境をずっとここに縛りつけるようなイメージになってしまってもしようがないので、我々としては、様々な楽しい催物とか、興味を引くようなものを工夫しながらプログラムを組んでおりますけれども、とはいっても９時半から５時までずっと過ごすというのは体力に相当な負荷がかかっているのかなと思っておりますので、さらに放課後等デイサービスのような７時とかまでやるのは、まず利用者の目線から見てもどうなのかなというところもありますので、その辺も両にらみしながら検討を進めていきたいと思っております。

以上になります。",2025,2025/10/09,決算特別委員会,理事者
,令和7年　決算特別委員会(第8日　10月7日),木村委員,木村克一,"それでは、中央区議会自由民主党としての総括質疑を始めさせていただきます。午前中、午後と私の持ち時間は２時間ありますので、午前中は約45分の予定でしております。

まず、午前中の質問としては、新しくできた中央区のまち晴海について質問をしたいと思います。晴海のまちづくり、そして晴海のまちづくりからのまちびらき前後について質問をさせていただきたいと思います。

まず、私のイメージでは、晴海の地域というと、子供時代のイメージは、ＨＡＲＵＭＩ　ＦＬＡＧ内に東京ドームみたいな展示場があったということであります。ここで国際展示場としての国際モーターショー、各大企業のイベントとしては、必ずここの晴海において、展示会場でいろいろなイベントの展示をしていた。ここにいらっしゃるほとんどの方は、そのようなことを全然知らない方が多いと思います。でも、私の子供の頃には、あのＨＡＲＵＭＩ　ＦＬＡＧがあるところに大きなドームがあって、室内展示場、また大きな倉庫のような形の建物が展示会場となっていました。また、シーズンオフのときには、このドーム内においてはアイススケートのリンクになっていたというイメージもありますが、多分どなたも知らないことだと思います。

また、この展示場が解体された後どのようになったかというと、中央区が東京都から使わせてもらう大きな野球場が、総合公園だったのですが、野球場としても３面が使えた。また、東京湾のほうに行くと、テニスコートが金網に囲ってあるんですが、４面のテニスコートがあった。東京湾の見晴らしは、あの当時はまだレインボーブリッジもなくて、すごくいい見晴らし。そして、あの広場の公園においては、バーベキュー会場もあり、みんなで持ち込んでやっていた。

そのようなイメージでありますが、東京2020オリンピックが決定したときから、この様相がだんだんと変わっていく形になります。一生懸命私たちが使わせていただいていた区民の貴重な野球のグラウンド、テニスコートの４面、憩いの広場としてのバーベキュー場も全部使えなくなってきたという形で、東京2020オリンピック・パラリンピックが決定した後は、ここはもともと都有地ですので、そのように東京都の主導で持っていくような形になったことだと思います。

晴海の新しいまちづくりは、まさに晴海の連合町会と新しい晴海のまち、ＨＡＲＵＭＩ　ＦＬＡＧのつながりとも重要であると思います。いかにこの連合町会とＨＡＲＵＭＩ　ＦＬＡＧのまちがお互いに手を握りしめて、晴海というまちでのコミュニケーションを築いていくかということが大変大事だと思っています。

晴海連合町会も、中央区としてはまだ25周年という若い連合町会なんですけれども、今後この若い連合町会とともに新しいまち晴海を築いていくためには、ＨＡＲＵＭＩ　ＦＬＡＧと晴海連合町会がお互いにコミュニケーションを取りながら、お互いのモチベーションを上げていくということが大変必要だと思います。そこで、この両地域のコミュニケーションが大変重要だと思うんですが、まず本区のお考えをお聞かせください。",2025,2025/10/07,決算特別委員会,議員
,令和7年　決算特別委員会(第8日　10月7日),木村委員,木村克一,"まさに地域振興課長に答弁していただいたとおりで、中央区には日本橋、京橋、月島という大きな地域が３つあるんだけれども、それぞれの地域でまた小さな町会があって、町会同士の連合町会があって、それぞれの町会同士がコミュニケーションを取りながら一つのイベントに向かって進んでいると、町会同士のコミュニケーションが取れていくということが大変大事だと思います。特に、盆踊りとか防災訓練とか、今、地域振興課長に答弁していただいたようなことに関しては、お互いの顔が見える状況になっていないと、そういうコミュニケーションがうまくいかないんではないかなと思うので、こういうイベントは大変重要だと思っています。

また、令和６年（2024年）１月19日、東京オリンピック・パラリンピックの選手村が改修されました。マンション群のＨＡＲＵＭＩ　ＦＬＡＧの生活がようやくここからスタートすることになります。令和７年は約6,000戸の住宅に約１万2,000人の入居者が、人気の湾岸エリアとして、五輪レガシーのまちが誕生したわけであります。また、再開発に伴って、新しいまちなので、道幅も広く、そして電柱もない。まさに再開発で洗練されたまち並み。これがオリンピックの選手村という話題性にも魅力があって、元都有地の用地が比較的安く不動産会社に売買されたということもあって、同じ大きさというか、ＨＡＲＵＭＩ　ＦＬＡＧに行ったときには、今まで同じ中央区に住んでいたところの面積よりも大きくなって、それでマンションの金額は同じ金額だということなので、大変中央区に住んでいた住民の方々からも注目を浴びている、そんなまちだったと思います。購入者は、中央区において価格帯が同じだと、割安感を感じているということです。

また、この新しいまち晴海に関しては、約１万2,000人の人口が移ってくるということによって、中央区としてはどのような年代層の方が、またどのくらいの数のお子様たちがいるのか、一切そういうところが分からない状態でいろいろな行政に対応していただいていたと思うんですけれども、この教育環境がいいＨＡＲＵＭＩ　ＦＬＡＧのまち。

ただ一つ、私自身も皆さんも感じていることは、中央区の一番先端の地域で、公共交通の不便さというところが一番の課題だと思っています。本区でも、いろいろな対応策として、コミュニティバス１台を購入して、ルートを変更してＨＡＲＵＭＩ　ＦＬＡＧの中を巡回するような形で移動しています。また、ＢＲＴの便数も増やしながら持っていっている。そのような形で、新橋方面にもこのＢＲＴを使って移動ができる。そして、ＨＡＲＵＭＩ　ＦＬＡＧから最寄りの公共地下鉄ということになると、大江戸線の勝どき駅になるんだと思いますけれども、そこまで行くにはどうしても歩いて15分は最低でもかかる。そこが一番の課題ではないかと思います。

本区としては、公共交通の改善策として、対策をどのような形で取っているのでしょうか。お答えください。",2025,2025/10/07,決算特別委員会,議員
,令和7年　決算特別委員会(第8日　10月7日),木村委員,木村克一,"環境土木部長、ありがとうございました。

まさに中央区としては、江戸バスをこのために１台増やしているという区の努力が見受けられます。またそれと、巡行ルートに関しても、今までですと晴海トリトンのところで曲がっていたルートを、真っすぐ行って、ＨＡＲＵＭＩ　ＦＬＡＧのほうまで丸々一周するような形で、東京湾の先端まで進んで持っていっている。当然、時間帯も増えることだったので、何とか今までのような形で20分間隔でできないかという区の努力があったことによって、コミュニティバスを１台増やしたというところで、区の努力には大変感謝するところであります。

また、環境土木部長からお話がありました、もともとこのＢＲＴ計画というのは、中央区が最初は考えていて、中央区独自でやろうとしていた計画。それは、いかに中央区民のために中央区がお金を払ってでも公共交通の不便さを解消しようということで、中央区が一生懸命計画を立てながら東京都へ持っていった。そうしたら、東京都はその計画を見て「これはいい計画ですね。中央区さん、いいですよ、お金を出さなくて。東京都でやりますから」という形で、うちのルートは中央区内を通ってあくまでも中央区の東京駅八重洲口につけるという計画を大前提にして、中央区内の巡行をよくするための計画で提出した。しかし、東京都の交通局の判断としては、これはいい案なので、中央区さんではなくて東京都でやりますよということで、東京都は判を押してくれなかった。そして中央区が一生懸命計画を立てたのが駄目になったというところだと思います。

だから、そういう意味では、それだけ東京都がやりたがっているんだったら、何で新橋へ持っていくんだと。東京の玄関口である東京駅まで持ってきてもらいたいと。だから、今うちが一生懸命お願いしているのは、新橋ルートの枝線を何とか東京駅まで引っ張ってこられないものか、東京都さん、お願いしますよと言っているんだと思いますが、さっきも環境土木部長からも少し御答弁いただきましたが、その点をもう少し聞かせていただけますでしょうか。",2025,2025/10/07,決算特別委員会,議員
,令和7年　決算特別委員会(第8日　10月7日),木村委員,木村克一,"まさに環境土木部長の力強いお言葉をいただいて、本当に中央区としては一生懸命やっているんですねと思います。今までの質問に関しては、ある程度、晴海のまちづくりというところからでしたが、今度はまちが出来上がってきてからのことについていろいろと質問させていただきたいと思います。

中央区の晴海のまちびらきについてであります。令和６年は本区にとって大変大きな年であった。それは、今までにない新しいまちが中央区に誕生するからだということだと思います。その代わり、住む方々については、どういう方々が入ってくるのか、年齢層はどうなのか、先ほども質問しましたけれども、そういうものが一切分からない状態で、中央区は先読みをしながらまちづくりをしていかなくてはいけない。小中学校においても、本当にこの数の子供たちが来るのかどうか。東京都に対しても、予備地、種地として購入しながら校舎を建てる要領までは考えていると、そのようなことを行ってきたと思います。また、行政の手続において、あるいは保育園や教育が滞りなくその子供たち、親にも対応できるのかどうかということに今まで中央区として大変御尽力していただいたことに感謝申し上げます。

晴海のまちづくりで大変苦労されたことと思います。東京2020大会後、むしろその前から準備を重ねて令和６年のまちびらきを迎えたわけですが、まちびらきから今年で１年半が経過いたしました。現在の晴海の状況や、本区が抱える課題についてお答えください。",2025,2025/10/07,決算特別委員会,議員
,令和7年　決算特別委員会(第8日　10月7日),木村委員,木村克一,"本来、さっき私も言ったように、晴海の新しいまちができて、新しい小中学校ができる。この学校をつくるにもいろいろ中央区は努力されたと思うんだけれども、そういうところの答弁がなかったので、それはもう一度再質問させてもらいます。

また、先ほど地域振興課長が答えてくれた、ほっとプラザはるみというものがあの地域にあったものを、新たにまちが出来上がってくることによって、このまちに住む住民たちのためにはどのような施設がいいのだろうかということで、温浴施設だったものを区民館施設や、新しい防音装置がついた、若者たちが音楽を目いっぱい楽しめる、あるいはカラオケみたいに大きな声で歌える、そのようなものをはるみらいとして先読みでつくっていったんではないのかなと、そのように私は思います。

また、先ほど企画部長のほうから交通問題と言っていただいたんだけれども、ＨＡＲＵＭＩ　ＦＬＡＧのまちは、今言った公共交通の便の少なさもあるんだけれども、中央分離帯があって、そこに植物が植わっていることによって、植物の背丈が大きくなって横断歩道の左右が見えなくなってしまう、そんな問題もあったと思います。子供の安心のためにお願いをして、何とかこの樹木の伐採もやってもらったと思います。

また、外国人に対する対応ということに関しても、これも新しいＨＡＲＵＭＩ　ＦＬＡＧはどちらかというと外国人の方々も多いので、この問題も大変苦労されるんではないかなと私は思います。

このようなことに対して、またさっき言ったように、晴海まつりも昨年行われたとは思うんだけれども、まさにこれが新しい晴海のまちと晴海連合町会と一緒になって手作りしたようなお祭りだと私は思うんです。その点についてもお答えをお願いいたします。",2025,2025/10/07,決算特別委員会,議員
,令和7年　決算特別委員会(第8日　10月7日),木村委員,木村克一,"ありがとうございます。

吉田副区長のお話の中で、今の晴海は、いまだにｉｎｇで進んでいるんだと。こんなまちは見たことがないぞと私自身も思っています。また、子供たちのためにも、新しい学校を新築したにもかかわらず、子供がありがたいことに予想以上に多かったということも、教育関係のほうから御答弁をいただきました。ただ単にここを第二校舎という形にするということは、前もって聞いていたんだけれども、今ある校舎から第二校舎まで仮設がある間、移動をしていかないといけないということもあるので、この移動に関しては、小学生が移動するような形になると思うので、ある程度の距離はあるので、ここら辺は子供の安全に対しても考えてもらいたいなと思います。

また、財政課長からも、小・中学校の金額だけで約260億円、そして特別出張所、保健所等の複合施設130億円強で、はるみらいの改修に関しても約43億円かかった。トータルで約440億円かかったということは、日頃から中央区が無駄遣いをしないで基金でためている。そのお金プラスアルファ、国や助成金を頂いて造っていく。まさに今までの堅実な中央区の財政がこういうことにもつなげていけるのかなと思っています。

また、さっき吉田副区長から、ここを知っているのは俺と吉田副区長だけだと思うけれども、教習所というのは晴海教習所があって、その後コヤマドライビングスクールになったのは今のトリトンがあったところ。あそこに晴海教習所があった。それが、経営がうまくいかないので撤退した後は、あそこに住宅展示場が建っていたと。そんな歴史も中央区にはあったんだなと。竹内委員も笑っているということは少しは知っているのかな。そんな歴史が今のここの晴海にはあるんだということだと思います。

そして、今皆さんから御答弁をいただいた晴海まつりに関しても、まさに地域のコミュニケーションということで、地元の町会とＨＡＲＵＭＩ　ＦＬＡＧのまちが一緒になって、昔ながらの伝統ある晴海のおみこしを担いでいただける。それがまさに新しい住民と今までの伝統が一緒になって手をつなぎ合わせて一つのものを担ぐんだと、そういうところからコミュニケーションが生まれてくるんじゃないかなと思います。また、地元の町会・自治会の方々も、縁日コーナーとか、皆さんに協力していただいてこのお祭りを盛り上げたということは、大変すごいなと思います。特に中央区の晴海のイベントで晴海まつりを令和６年12月14日に行って、来場者数が6,300人にもなったと、本当に新しいまちでこれだけの人が集まってくるというのは大変すごいことだなと思っています。

また、今年に関しては、令和７年11月22日に行われるということになっています。まさに晴海地域交流センターはるみらいを中心として使って、晴海ふ頭公園も使いながら、大きな会場で皆さんと一緒に楽しんでいきたいということだと思うんだけれども、昨年度やった実績の様子から、今年度開催するに当たっての問題点、改善された点はあるのかどうか、お答えください。",2025,2025/10/07,決算特別委員会,議員
,令和7年　決算特別委員会(第8日　10月7日),木村委員,木村克一,"ありがとうございます。

このはるみらい、晴海まつりに関しては、まさに今、地域振興課長がおっしゃってくれたように、新しい協力団体としてサッカークラブが協力してくれて、大きなグラウンドというか公園を使わせてもらえる。お互いがそうやって協力しながら、地域を盛り上げるために一生懸命やっていくということが、大変魅力あるコミュニケーションではないのかなと思います。

次の質問に移ります。まず、さっきもお話をさせていただいたんだけれども、晴海西小学校・中学校は、予想外に子供たちが多くて、第二校舎を新設するんだということになってきています。中央区全体で考えても、毎年毎年新生児も誕生して、その子たちが年々大きくなってくる。そうすると、中央区内の幼稚園、保育園、それからだんだん大きくなると小学校に上がってくる。そうなってくると、今まで既存にあった16小学校、４中学校が１校ずつ増えて、17小学校、５中学校になっていった。子供たちの数が増えていったことに対して、今、子供たちの安全を考える場合にどのようなことが一番大事なのかなということを考えたときに、私は通学路に対する安全確保をしなくてはいけないのかなと思います。

今言った16小学校、４中学校に関しては全て、４年間か３年間をかけて、１校当たり５台ずつ防犯カメラを設置していったと記憶しています。子供たちの数がこれだけ増えていったときに、今までの防犯カメラの数はこれだけでいいのか。特に晴海みたいな大きなまちになっていったときには、もっと通学範囲が広がってくるんじゃないのかなということに対して、この防犯カメラについて、設置の状況と、今後の検討がなされているのかということにお答えください。",2025,2025/10/07,決算特別委員会,議員
,令和7年　決算特別委員会(第8日　10月7日),木村委員,木村克一,"御答弁ありがとうございます。

今言ったように、第二校舎ができるということになると、今ある小学校から移動しなくてはいけないということも絡めて、防犯カメラというものの増設も踏まえた形で、できれば考えていただきたいなと。子供たちというのは、あれだけの多くの子供たちがいると、ふだん真面目な子たちでも、１人が２人になって友達と一緒になっていると、遊んだりふざけたり何だかんだして、学校の登下校などというのは、私の子供のときだからもう今から六十数年も前になってしまうんだけれども、そんなこともしていたということも考えれば、子供の安全ということを考えてもらうのであれば、なおさら、晴海地域に関しては第二校舎も設置されるので、新たに５台の設置も考えてもらいたい。ここだけではなくて、さっきも言ったように、中央区全体の子供たちが増えているので、子供たちの通学路は教育委員会のほうかもしれないけれども、防犯の対策ということも考えれば、防犯カメラも区民の安心・安全のためにも増設ということを考えてもらいたいと思います。

チャイムも鳴っていますので、ここで午前中の質問を終わらせていただきます。",2025,2025/10/07,決算特別委員会,議員
,令和7年　決算特別委員会(第8日　10月7日),木村委員,木村克一,"それでは、午前中に引き続き、午後の質問をさせていただきます。午後の質問は、本区の沿革、歴史についてから中央区制施行80周年、そして人口の減少から増大に転じていくような形に進めさせていただきます。

まず、私自身が考えるのは、現在の東京、その昔は江戸といっていましたが、これは一体誰のおかげで東京、中央区がこんなに発展していっているのかなと考えたんですが、皆さんは徳川家康が一生懸命やったんだと思うかもしれません。でも、私は、豊臣秀吉が小田原城の小田原征伐に行ったときに、徳川家康も豊臣秀吉の一家臣として参加していて、そして小田原城を大大名がみんな囲って、海まで囲っていたというところで、上杉謙信でも落とせなかった小田原城を北条氏直は難攻不落とたかをくくっていたのかなと、そんな感じで思っています。

そして、北条氏政が切腹をさせられて、関東平野一面も豊臣政権の配下になったと。そのときに、家康は豊臣秀吉の一大大名であったんだけれども、住み慣れた駿府で、生まれ育った駿府で生活をしていたのを、「徳川家康さん、あなたにもっと大きな土地をあげるよ。江戸というところなんだけれども、武蔵の国の江戸というところに行ってごらん。今の駿府よりもっと大きい土地をあげるから」と、権力の力の差があって、徳川家康はなかなかノーということが言えなかった。それで小田原征伐の後に駿府を離れて、徳川家康は武蔵の国の江戸に入ってきたというのが実情だと思います。

江戸に入ってきたときにまず思ったのは、徳川家康はまだ天下を取っていないので、豊臣政権の一大大名、五大老の一人にしかなっていなかった。自分のお金を使って城造り等々というのはまだまだそんなにできるような形ではなかったということもあって、最初の江戸城に移ってきたときは、質素倹約なお城を造っていた。そのときの名残が今の日比谷。そこが東京湾の海っぺり。まさに日比の谷間が茂っていたまちだったので、日比谷という名前がついた。当然、私たちが今生活しているこの中央区はまだまだあの当時は海の中で、土地の形も全く見えていないような状況だったと思います。

そして、徳川家康が次に何をやったかというと、まずは自分が住んでいるところの土地を広げなくてはいけないということを考えて、領地の拡大を考えたときに、駿河台にあった今の御茶ノ水の先の神田山を切り崩して、水路を使いながらその土地で一生懸命土地を埋めていくという形で領土を拡大していった。そこでだんだんとようやく今の中央区の形が見え始めてくるようになります。でも、まだまだその段階では、豊臣秀吉が政権を握っていて、徳川家康は力がなかったので、おとなしくしているしかなかったんだということだと思います。

1590年に駿府から江戸へ移ってきた。まだ江戸時代が始まる前の話。そこで家康が今の江戸城のところに居城を構えた。そして自分のまちをつくっていかなくてはいけないということなので、今の本町辺りから、埋立てというか、まちをつくり出していったのが中央区の始まりなのかなと私は思います。

新たなまちが出現したことによって今度は何をしたかというと、まちで働く人たちを呼び込まないと、人が集まらなければ何も生活にもならないというので、大坂のほうから関西地方の商人たちがだんだんと集まってくるような形になってきています。ここに新たなまちが出現してくるということだと思います。まず第一に、そこが江戸の第一の商店街となる下地ができてきたんだと。

その次に何をやったかというと、ライフラインを造っていかないと海水の水は飲めないぞということで、神田上水から水を引いてきた。これで生活のライフラインの一つができる。そうなってきた後、今度はどうするかというと、まちの治安を守らなければいけないということがあるので、町奉行、町年寄を置いて、自分たちの住むまちを警備させる。これが今の警察の始まりということになっている。まさに徳川家康は、江戸時代前、まだ豊臣政権の下で自分の江戸城の再開発を行っていたということで、まさにうちらが今やっているような再開発と同じように、新たに土地を開発して、住みやすいまちをつくっていくんだということだと思います。

それが終わって、今言ったように、ライフラインの神田上水を引き込んできて、上下水道が完備されて、お巡りさん役の町奉行ができて、それで次に何をやるかというと、お金を蓄えていかないと、つくっていかないとならないということで、財政基盤として1595年に後藤庄三郎が関西から江戸に下ってきて金座を開くという形で、ここで財政の金がある、ライフラインがある、まちの治安があるという形で、だんだんと江戸のまちが発展していく形になるんだと思います。

そしていよいよ1600年、関ヶ原の戦いによって、石田三成の西軍と徳川家康との戦いによって、たった１日で徳川家康が勝ってしまった。こんなことはあり得ない。普通の歴史家でも、誰が見てもそんな形になっている。まして徳川家康は、自分の徳川家の家臣が一番多いのは、徳川二代なので秀忠が上田のほうを回りながら大軍を引いて来るのに、上田城で足止めを食らわされて関ヶ原に間に合わなかったという形になっているんだけれども、ここで関ヶ原の戦いによって初めて徳川家康が政権を担ってくるような形になってくると思います。

３年後の1603年に天皇から幕府の許可を得るための将軍職をいただくという形で江戸のまちで江戸幕府を築いていく。ここでまさに徳川家康が将軍職になったということは、今で言う東京都知事の役職、東京全部、このまち、中央区も含まれるんだけれども、中央区の区長も含めた形でまちの権限を与えられてきたということによって、将軍としての徳川家康が誕生してきた。それで、何を行うかというと、今の日本橋をまず造っていく。五街道を整備して、江戸のまちを中心としながら、五街道を通じて日本全国に交通のルートを造っていくんだという形になってくるのだと思います。

そして、その次は何をするかというと、街道ができて、日本橋の橋が架かる。そしてその次の橋というのが京橋。東海道に向けて一つ目の川を渡るところに京橋というのがあるので、江戸時代の時代劇を見ていると分かると思うんだけれども、普通の江戸時代の橋のときに、その橋の上に擬宝珠が載せられる橋ができるのは京橋と日本橋の２つの橋だけだと。榮太樓さんの隣か何かに多分江戸時代の昔の凹んでしまった擬宝珠がそのまま陳列されているというのもあるので、ぜひ暇だったら見てきていただきたいと思います。まず五街道を整備して日本全国に交通ルートができると、今度は五街道に４キロごとに目安となるような一里塚を造っていくという形で、環境土木をここで行ってくるという形になります。

天正10年の1582年に徳川家康が大坂見物に行っていて、そのときに織田信長が明智光秀に殺されたと。さあここからどうやって逃げようかと。周りには明智の家臣が多い。伊賀抜け、甲賀抜けをしていかないと帰れないといったときに、その家康を助けてくれたのが摂津の国の佃村の漁師。そういう御縁があって、徳川家康が天下を取って将軍になったときに、そこの佃村の漁師たちを呼んで、今の佃島のところのまだ前だと思うんだけれども、漁師の権利を与えたと。漁を取る権利をもらって、取った魚を将軍様に献上するんだという形で、日本橋川のたもとに船を下ろして、そこから江戸城へ取れたての魚を納めていった。その余った魚をそれではどうしようかといったときに、日本橋の橋のたもとで余った魚を売りさばいたのが日本橋魚河岸の始まり。

だから、今の日本橋の北側に乙姫様の像が立っている隣には、ちゃんとした形で日本橋魚河岸跡という碑が建っている。それに伴って、今の橋の川沿いのところには、漁師さんたちがみんな余った魚の商売をしていた。それに関連した事業が今の日本橋の室町辺りで、関連商売が売れていたと。人が集まれば、食料を食べる。お寿司や天ぷらやそういうもののお店ができる。また、魚関係のすりおろしの神茂さんみたいなお店も関連商品として出てくる。そういう形でだんだんとまちが商売のまちに変わっていった。山本区長の山本海苔もそういう形で海関係で、海苔の収穫をしていたのは浅草とか大田のほうで、この中央区でも佃村のほうでは取れなかったかもしれないけれども、浅草や大田は今でも海苔の名産地になった。そんなことだと思います。

家康から許された漁師、大和屋助五郎という人間が元和２年の1616年に本小田原町、さっき言った日本橋の橋のたもとで、室町一丁目、日本橋の魚市場を開場することを許されて、今言ったような魚市場ができていった。そのような歴史だと思います。

また、元和３年の1617年、庄司甚左衛門が葦屋町において、今で言う蛎殻町や富沢町一丁目、二丁目辺りに吉原を開いていく形になるということで、江戸城のこんな近いところでもまだそんなに人が住んでいなかったので、吉原をあそこで開くことができるんだということになります。

また、人形町辺りにおいても、猿若勘三郎が中橋に、歌舞伎狂言座を開いて、人形町辺りにそれからだんだんと移されていくという形になっていきます。

1644年に、さっき言った摂津の佃村、大和田村の漁師、この２つの人たちが、佃島を埋め立てれば自分たちのものにしていいぞというので、今の佃島が出てきたのが1644年という形になると思います。

ここで今言ったように、朝、市場で取れたてのお魚を将軍様に献上した残りを日本橋のたもとで朝から魚河岸ができて売りさばく。昼には歌舞伎座、要は芝居小屋が中央区にできてきて、芝居見物が大変人気があって、昼にみんながそこに集まる。夜は夜で、人形町辺りの吉原で楽しみ事をするために人が集まってくる。まさにここで、朝に千両、昼に千両、夜に千両と、朝から千両のお金がもうかるぐらいの商売ができた。昼は歌舞伎役者の人気者がいればみんなごひいきさんになってくれる。みんな観客になって来てくれる。昼の芝居小屋で千両もうかる。夜は夜で楽しみ事をしながら、花魁のところへ行って、千両のお金がまちでも活性化していくという形で、江戸の財政基盤がまさに築かれたんではないかなと思います。まさにここで江戸のまちのにぎわいが創出されていったのかなと考えます。

それから、明暦３年、1657年になると、明暦の大火の火事があった。それはいわゆる振袖火事ということで、お坊さんにほれた若い女の子が恋い焦がれて、火事のときにたまたま会えたので、今度も火事になればまたあの方に会えるのではないかと、火つけをして火事にしてしまったということで、明暦３年の江戸の大火、振袖火事と言われるんだけれども、この延焼によって今の神田や日本橋辺りは焼け野原になってしまったという形になります。

また、京橋、佃島、深川に関しては、この火事が原因で死者が10万人を超すような火事になってしまいます。この大火事の後に徳川家は何をしたかというと、都市計画をつくりながら、まちがいつでも火事にならないように、火除地というものを設けた。それが両国のたもとの今で言う東日本橋辺りあるいは上野の末広町辺りの広小路というのもまさに火除地になっていった。

そういうまちづくりをしながら、安心・安全なまちになるような形で、火事にも強いまちをつくっていこうと言うんだけれども、もともとは江戸時代の交通の主流というと運河を使った船になってくるので、そのような形で江戸のまちは水路が発達していったということで、その水路を使いながら、いろいろなものが江戸に運ばれてくるようになる。交通のほうは、水路もあれば五街道もある。馬車や牛や人力がある。まさに中央区の中の馬喰町などというのも、馬を喰らうと書くんだけれども、交通手段、買ったものの荷物を馬や牛に積んで運んでいった場所というので、馬喰町という形にもなっているんだと思います。

1662年、今の銀座一丁目、今度ＫＫ線上が遊歩道になるけれど、銀座一丁目と京橋三丁目の間にも、高速道路が走っていただけではなくて、あそこはもともと河川だったんだという形になっていて、その河川のところに大根河岸ができる。そして日本橋には魚河岸がある。それで、大根河岸はいわゆるやっちゃ場、八百屋の市場。それで日本橋のたもとは魚市場という形になるので、魚河岸。まさにここで今の築地の原型になる市場が誕生してくるんだという形になります。

それから、1718年のときに、江戸の華は何かというと火事にけんかだという形で、町火消しというものが出てきて、一般庶民の消防隊、今でいう消防団と同じだと思うんだけれども、その消防団の町火消しがそのまちの中で幾つかの組分けにされて、そこでまといを持ちながら火を消していった。それぞれのまといにはみんな形があって、それぞれの組の形を表すもの、そのような形で町火消しが成立していった。いろは組の結成が1720年、だんだん江戸時代の前半から中盤に変わっていく。

1790年、今の佃島の隣、石川島、あそこには江戸八百八町に、江戸はこんなにもうかっているんだということで、自分たちの住んでいるところからみんな人が江戸に集まってくる。そうすると江戸のまちでも仕事にあぶれている人がいて、すぐけんかをしたり、窃盗をしたり、それでのらりくらりと過ごしてきた人たちがいて、そういう人たちに再就職、手に職をつかせて仕事をさせる、職を身につけるということをさせたのが、鬼平犯科帳で有名な長谷川平蔵。大老、将軍から言われて、今の石川島の人足寄場に無宿人たちを集めて、そこでそれぞれの仕事の手習いをさせていったというのが、今の石川島の始まりだと思います。そんなことがあって、石川島に人足寄場を造り出した。ここの人足寄場は、後々江戸の末期になってくると、人足寄場だけではなくて、日本の造船所ができるような大きな船を造っているのが石川島。だから石川島には昔から造船所があったという歴史があります。

そして、何が言いたいかというと、江戸のまちはもともと木造家屋で、何かがあるたびにすぐ火事になってしまう。火事になると、まちが燃えてしまう。そうすると、またまちを木造家屋で復旧しなくてはいけない。というので、歌舞伎座の辺りに木材関係を切る、削る職人たちが集まるまちができる。それが木挽町という形になるものだと思います。その間に江戸の中では、さっきも言ったように、火事とけんかは江戸の華というように、いろいろなところで木造家屋しかないから、いつも造りたての家とか、そういうものが焼けてしまう。そのたびにまた造り直さなくてはいけないという形になっていったときに、中央区はまさにその火事の影響を受けて、いろいろなところが毎回燃えたり何だかんだしていた。

ちなみに、文化３年、1806年の火事に関しては、中央区内の大半が火事で焼失してしまった。文政12年、1829年には、神田佐久間町から出火した火事で築地や佃島が燃えてしまった。天保５年の1834年には、同じ神田佐久間町で火事が起こって、木挽町や佃島が燃えてしまった。このようないろいろな形で、木造家屋というのは燃えやすいんだけれども、そのたびに木造家屋がまた造り直されていったというのが現状だと思います。

幕末近くになった1863年に、石川島で洋式木造船千代田丸というものが造られたのが、洋式船艦の日本でのはしりだという形になってくるんだと思います。だから、もともと佃島の隣の石川島には造船所があった。そこで日本の大型船を修理、加工してもらうのに、勝鬨橋をくぐって石川島まで来る。そのときに、大型船は通れないので、勝鬨橋が開く時間を決めておいて、何分置きに勝鬨橋が開くという形になっていて、その開く時間を見計らって大型船が入ってきて石川島で修理してもらうというのが中央区の歴史だと思います。

そんなところからだんだん関西の商人が集まってきて、江戸のまちが復旧していった。町奉行を置いて、治安が安心・安全になるような中央区の行政をつかさどっていったということになると思います。

ここから何を言おうかというと、区制80周年についてなんだけれども、今までは本当の江戸、中央区の始まりの話。ようやく明治になってくると、今までの江戸の中心は日本橋だったのが、明治になってくるとだんだんと西洋化になってきて、その流れのはしりは中央通りに面した銀座に移ってくる。銀座も最初は、江戸時代が終わった後ぐらいはみんな木造家屋。火事で焼けてしまう。近代西洋化に向けてどうしようかといったときに、レンガ造りのまちをつくっていこうという形で、銀座はいち早くレンガのまちづくりに変わっていったんだということです。

大体それが、1867年に江戸幕府徳川慶喜が大政奉還によって天皇に政権をお返しますよと言われて初めて年号が江戸から明治に変わった。このときに勝海舟が江戸の代表者として、将軍の代わりに相手方と交渉しなくてはいけない。そのときに相手方は西郷隆盛。それが、会ったときに、西郷さんは、勝さん、江戸のまちを全部奪い取ってしまうからと言ったときに、勝海舟は、もし江戸のまちに火をつけて燃やすようなことがあったら、先に俺が火をつけてしまうぞ。あなたたちはこれから先に新政府としてやっていくのに、どこで政治をするんだという話になったときに、関西よりも、これからは関東、江戸のまち、江戸城はそのまま残っているので、ぜひこのまちに新しい都を持ってこなくてはいけない。京都に対して東京、東の都だから東京という名前がつけられたのが1868年だと思います。天皇が臨幸して、新しい日本の首都がこの江戸にできてきたということになります。

それから年数を重ねるごとに、東京府、東京市、そして今の東京都にだんだん変わってくるんだけれども、昭和22年、1947年の３月15日に、当時の日本橋区と京橋区が初めて合併して中央区ができるということになります。このときに、東京では最初22区だったのが、板橋区から練馬区が分かれて今の23区の原型ができたという形になります。

それから、今度は中央区のお話に移っていきます。合併した昭和22年、1947年３月15日、日本橋区と京橋区が合併して今の中央区ができたということになります。この年はほかに何があったかというと、日本の学校の原型になる六三制の学校ができ始めたのはこのときで、区内にも10校の新制中学校ができていった。

また、第１回の中央区の体育祭が行われた。今の体育協会の原型も中央区の誕生と一緒に生まれたということになるので、中央区の誕生日の年は体育協会も誕生日を迎える周年行事になる。10年後の昭和32年、1957年、中央区は区制誕生10周年記念事業として、このときに中央会館や月島図書館、そして月島共同作業所が設置されて、中央区の区史編さんを行って10周年を記念したというので、今でも本の森ちゅうおう２階の郷土資料館のところには、その10周年記念の中央区史がある。私も一般質問を作るときに、本の森ちゅうおうに行ったときにふらっと寄ったのが、この80周年を知るきっかけ。

そんなきっかけで、「中央区三十年史」が出ているんだと、そういうものを見たときに、こんな薄っぺらい本だったんだけれども、誰が見ても一目瞭然で分かりやすい本。区制30周年だったかな。そのような本で、すごく興味深い本。子供が見ても分かるような本なんだけれども、中央区の生いたちから、商売のことや、町名のことや、いろいろなことがある分かりやすい図。これをぜひ欲しいなと思ったんだけれども、教育委員会のほうで限定数しか作っていなくて、販売をしていなかったということがあって、誰も買うことができなかった。貴重な１冊を私がもらって持っているという形になります。

また、面白いことに、この昭和32年に関しては、今まで中央区内にあった９つの出張所を廃止して、今の支所制度、出張所の前身に当たるんだけれども、それができてきたということになります。また新たに月島出張所がそのときにできた。そして、区立の結婚相談所が開設されたというのも昭和32年、私が生まれる１年前のお話。

ちなみに、私も覚えているんだけれども、旧中央区役所の建物、白と黒の大体軍艦島みたいな建物だったんだけれども、ここの建物の裏側、今の図書館があるところにはマツヤサロンがあって、結婚式場があった。私のおじなどもそこで結婚式を挙げて、私もこの区役所でおじの結婚式に参加していた。そのような関係から、昔から中央区と松屋さんの御縁というのがそういうところから出ていたのかなということがあって、この区役所の食堂も、中央会館に関しても、屋上の食堂だったところもその関係でみんな松屋さんが昔から入っていたんではないかなと思います。

昭和43年、ここは10月１日なんだけれども、昭和42年ではなくて、あえて昭和43年に周年行事を行っていたということは何でかなと思ったら、中央区は、東京100周年という周年行事があったので、あえて前年の昭和42年ではなくて、昭和43年、東京の100周年に合わせて式年をずらしたんだという歴史もあります。

昭和52年に関しては、区制30周年記念式典が行われる。どこかなといったら中央会館。今で言う中央区には中央会館ぐらいしかいい施設がなかったということもあって、大体中央会館で行われた。昭和55年には中央区30年記念式典、そして62年には区制施行の40年記念式典。ほとんどこういう式典だけで、ほかに何のつくりもしなかったし、できていなかったのかなと思います。

平成９年、1997年３月15日に区制50周年の記念式典が行われた。このとき、10月10日、中央区制50周年、そして、さっきも言いましたけれども、中央区体育協会も創立50周年で、何と記念大会の大運動会が開催されたという形で、中央区と体育協会は同じように年数を重ねていっているのかなということで、月島運動場で１万2,000人が参加したという記録も残っています。

平成19年、2007年３月３日、中央区制60周年が銀座ブロッサムで行われました。

平成29年、2017年３月13日には、区制70周年ということで、中央区役所、日本橋特別出張所、月島特別出張所で記念パネル展のみで、70年のあゆみということになった。

本来でいうと、令和９年、2027年が中央区制80周年なんだけれども、皆様の意識、区長、行政の方々からも、来年度に区制80周年をやろうということで進んでいるということもあります。それはなぜかというと、よく分からないけれども、私たちや区長の選挙がその年の３月に行われる。まさにその年に区長、区議の選挙があって、本来であれば３月15日が誕生した日にちなので、大変なので、１年前倒しになっているのかなと、それは私自身が考えたことであります。

そのようなことで、これからが中央区の80周年についての質問になっていきます。

まず、この80周年のお話を質問させてもらったのは、私は2023年、令和５年、今から２年前の第４回定例区議会で一般質問をさせてもらいました。そのときの原稿があるので、省略する部分もあるかもしれないけれども。

昭和22年、1947年５月３日、地方制度４法に変わり、新たに地方自治法が施行されました。旧制度の特例だった都政は地方自治法に引き継がれ、都の区はこれを特別区という規定の下に特別区が誕生したというものです。この特別区に関しては、公選の区長、選ばれた区長と、市議会議員の議会から成る基礎的な地方公共団体として発足し、いまだに続いているという形になります。最初は35区の再編成であったのが、もっと縮小して簡素化にということで、先ほども言っていた同年３月15日に新しく22区が誕生。これが、京橋区と日本橋区の合併で今の中央区ができた年ということになります。最初は22区でスタートしていたんだけれども、８月１日に板橋区から練馬区が分離して、現在の23区が出来上がったという形になっています。本区は、日本橋区と京橋区が合併して中央区ができたんですよという形になります。

そうすると、令和９年、2027年には、中央区制誕生80周年を迎えます。今から２年前に私の質問で、中央区制80周年をやらないんですかというお問合せをしたときに、今までは、10年目、30年目は節目の年になるので、区と区議会議員、学識経験者で区史刊行委員会を組織して中央区史を刊行しています。当然、私もこの質問したときには、行政と中央区議会の代表が選ばれて、中央区の80周年をどのような形で持っていくのかなというお話合いの実行委員会ができるのかなという感じで見ていました。今までも経験したことがなかったので、どうやってやるのかも分からなかったので、そういうこともなくずっと進んでいってしまったんだけれども、今言ったような形になっています。私自身、議員になって、この当時はまだ５期、17年目です。今言った平成９年、1997年の３月15日、中央会館、銀座ブロッサムで行われた区制50周年の式典も経験していません。20年後の70周年も行われなかったということで、ずっとここで式典関係がなかったこともあって、何とかここで中央区誕生の80周年をしたいんですよという質問をさせていただいて、この80周年の実現に向けて中央区が動いていってくれたというのが現状でございます。

ここで区制80周年には、お話をさせていただいたんですけれども、この区制80周年に対して今中央区のほうでいろいろとお話をされているのは、80周年を記念して久しぶりに東京湾大華火祭を復活しようよというのが区制80周年という形では私たちは聞いています。そのほか行われたのが、中央区の80周年に向けて地域の魅力発掘・発信支援事業。これが好評だったので、昨年11月、補正予算を組んだと。また当初予算でも組み込まれているというんだけれども、今言った地域の魅力発掘・発信支援事業は一体どういう形で目に見えるものになっているのか、それが見えてこない。

だから、80周年でのお金の使い方に関しても、今言った、例えば式典を行う、花火を上げる、そういう本も作る、今回はＣＤを作るのかもしれないけれども、そのような目に見える形のものだったら分かるんだけれども、それぞれ80周年を迎えるために、このような支援事業も前向きに検討していただいていて、地域の活性化になればということなんだけれども、どういう形で使われているのか、まちの人にも見えてこないというのがこの一つの課題なのかなと思います。ですから、私の地域でもそうなんだけれども、この80周年に向けた地域の魅力発掘・発信支援事業は、他のまちに関してはどのようなことが行われているのかということを聞かせていただきたいと思います。",2025,2025/10/07,決算特別委員会,議員
,令和7年　決算特別委員会(第8日　10月7日),木村委員,木村克一,"区長をはじめ、御答弁、本当にありがとうございます。

今言ったように、私も議員になって５期ということは、任期が終わると20年。その間に周年行事というのもあったんだけれども、一回もそういうものを経験しなかったので、どういうものをやっていたのか、それすら分からない。皆さん方もだんだんそのようになっていってしまうのかなと。そうすると、他区の港区はやっていたと、70周年を記念して出していたという本も同期から見せてもらって、おまえのところはそんなことをやっているんだということもあった。同じ特別区として一緒に生まれた23区、本来であれば、足並みをそろえて、みんなで盛り上げていこうよというのが、区と区のコミュニケーションじゃないのかなと思います。今後もぜひそういう形で、中央区のことをまず第一に考えて、行っていただきたいと思います。

また、今、区長から、３日に19万人になったと初めて聞いた。いつもだと、区のお知らせとか、そういうところでも、１日、15日、30日に新聞が出たときには人口が載っていたりしていたというので分かるんだけれども、ここのところ、区のおしらせちゅうおうはすごく見やすくなって、俺は気に入っているんだけれども、色別になっていて、字が大きくなって、だんだん年を取ってくると、まさに俺の年代層に合わせて作ってくれたのかなと、広報課の皆さんには感謝する次第。実際に、今までの区のおしらせちゅうおうがあったんだけれども、全然カラフルじゃなくて、見た感じも見栄えがよくなかった。調べるにしても、どこを見たらいいんだか分からない。今の区のおしらせちゅうおうを見ていると、本当にそれぞれの款ごとに色別になっていて、大変すばらしいなと思っています。これは、一般質問で私も、区のおしらせはこのように変えたほうがいいんではないかと言わせていただいたことを実行していただいたということにも感謝します。

また、同じように、中央区に転入してきた人たちが、中央区わたしの便利帳を、住民票を提出したときにもらいます。これも今までのものとは違って、ちょっと小さめになって、これも変わってきたのかなと思っています。こちらに関しても、いろいろな行事のことがこの１冊を見ると大体分かってくるようになっているので、区のおしらせちゅうおうと中央区わたしの便利帳に関しては、大変苦労されて作ったのかなと思うので、その辺、広報課のほうでお答えしていただければと思います。",2025,2025/10/07,決算特別委員会,議員
,令和7年　決算特別委員会(第8日　10月7日),木村委員,木村克一,"ありがとうございます。

まず、広報紙と中央区わたしの便利帳に関しては、このところで言うのではなくて、いきなり気持ちが高ぶってきてしまって、見やすいものがあったのでということであったんだけれども、その反面、広報関係で言うと、中央エフエム84.0メガヘルツで中央区の議会の一般質問も放送されている。そして、ふだんでも区の案内あるいは地域のサークル等々のイベントも10分、20分で流してくれているということなんだけれども、正直、私も中学のときはよく深夜放送のラジオは聞いていたんだけれども、だんだん年を取るにつれてラジオ放送を聞かなくなってしまった。

せっかく防災危機管理課で緊急告知ラジオを販売してくれていて、それも前は1,000円ぐらいで売ってくれていたのかな。それで、１台しか駄目ですよと言って、だんだん中央区にビルが建ってくることによって電波が届かないということで、280メガヘルツだったかな、強力な緊急告知ラジオに変えてきましたよと。うちなどは、昔は木造家屋だったんだけれども、小さなビルにしたときに、１階に事務所、９階に住まいということがあったので、これも質問して変わってきたことだと思うんだけれども、旧型の緊急告知ラジオを何とか１世帯、今言ったように事務所で使う、上の住まいで使うといったときに、緊急告知ラジオは２つあったほうがすごく便利なんだよねといったときに、緊急告知ラジオをそれでは１世帯２台までにしましょうかということになって変わってきたんだと思う。

そのような形で、緊急告知ラジオは、ただ単に防災のときに使うというだけではなくて、日頃からコンセントを入れておいて、いつでも、聞いていても聞いていなくても、いろいろなことを流していれば、いろいろな情報が流れてくるということで、いかに緊急告知ラジオを日頃から活用できるのかというのが大きな課題。また、中央エフエムにしても、もっとラジオの向こう側にいる人たちがいかに84.0メガヘルツを常に選んでいただけるようになるのか、そこら辺をもう少し何とか検討していかなくてはいけないのかなと思いますけれども、その辺の御答弁をお願いします。",2025,2025/10/07,決算特別委員会,議員
,令和7年　決算特別委員会(第8日　10月7日),木村委員,木村克一,"ありがとうございます。

今言ったように、本当に、緊急のときだけ使うのではなくて、いつでも身近にいろいろな情報が知らないところから流れていて、知らないうちに耳から聞いて覚えている。区のイベントでこんなことがあるんだということもぜひそういう形で、緊急のときだけではなくて、あれは電源がオフになっていても緊急時にはオンになるんだけれども、いつでもバックミュージックみたいな感じで流しておいてもらえれば、いろいろな情報が入ってくるんだよということになると思いますので、よろしくお願いしたいと思います。

また、先日、中央区総合防災訓練が行われたということがあって、今年は晴海地域で行われたと。今までどおり自衛隊が来て、警察が来て、消防が来て、大きなグラウンドを使わせていただいて、今回特に親子連れの参加が多かったというのはすごいことだなと思っています。そのような形で、中央区というのは、人口は18万人も超え、昼間人口は63万人、約３万4,000の事業所があって、世帯からいうと、95％が共同住宅に住まわれているということがあって、耐震性の高いマンションもある。そういうことがあるので、在宅避難になって、防災拠点に行かないかもしれないんだけれども、日頃からそういうところで関心を持っていていただきたいと思いますので、よろしくお願いします。

また今度は興味深い話があって、どうしても私が区の情報源を仕入れるのは、さっきも言ったように、区のおしらせちゅうおうなんです。それで見ていたらば、今回４月15日号に防災士資格取得の助成について、これは企画総務委員会でも報告されているからみんな分かっていると思うんだけれども、地域の防災活動でリーダーシップを発揮する人材を育成しようという形で、中央区が講習代を出すから、ぜひ地域の防災拠点の委員長あるいは町会長、地域の方々のトップが認めてくれた方は応募してくださいというので、防災士の資格を取得する費用として６万3,800円を上限に助成しますということになっていると思います。だから、そのような形で、いかに日頃から災害に対して知識を持っている人を増やしていくかということだと思います。これに関しては、まず私自身が防災士の試験を受けたことがないので、まず防災士とはどんなことをやるのかというのが一つの質問です。

また、同じように、区のおしらせちゅうおうを見ていたら、こっちはもっと興味があったんだけれども、６月１日号の区のおしらせちゅうおうで、共同提案採択事業、女性防災リーダー養成講座というのが出ていた。こっちのほうが男性で、これは女性リーダーを養成するんだということになっています。災害時に必要な多様性の視点と配慮を身につける。６月28日の土曜日、７月12日の土曜日、26日の土曜日、８月９日の土曜日、23日の土曜日、全５回しかやらないんだけれども、土曜日の時間帯に関しては、協働ステーション中央会議室で行いますよと。そして、この問合せ先が、何でだろうと思ったんだけれども、流山防災まちづくりプロジェクトに問合せをしてくださいということで、まさに防災の取組として、女性のリーダーを育てていこうということに関して大いに賛同します。また、区内在住・在勤・在学の女性で、５回全てに出られる人はぜひ参加してくださいということだったんだけれども、実際、これにはどのぐらい人が集まって、どの地域から来て、年齢的にはどのくらいだったのかということも、先ほどの防災士の資格の取得に関しても同じような形で御答弁をいただければと思います。よろしくお願いします。",2025,2025/10/07,決算特別委員会,議員
,令和7年　決算特別委員会(第8日　10月7日),木村委員,木村克一,"ありがとうございます。

特にこの決算特別委員会の中の企画費・総務費の中で、防災士の資格ということで30人という予算を組んでいましたと、三十数名の方が申し込みましたよということだったんだけれども、ぜひこういうものに興味を持って応募してくれた方がいらっしゃるんであれば、数名程度だったらば、ちょっと上乗せをしてでも、関心がある防災士の資格を取ろうと思っている方々の分まで、もしよければ資格の助成を出してもらいたいなと思います。

また、今回この女性防災リーダーに関してすごく興味を持っているというのは、私が女性が好きなのは当たり前なんだけれども、それ以外にも、今回、中央区というか、全国で災害が起こっているときに、女性の方々が防災拠点に行って、いろいろな形で不便を感じたと。特に今回の能登半島沖の地震においても、防災等安全対策特別委員会で、中央区が防災備品を運んだ市に、防災危機管理課長と一緒に七尾市にも行かせてもらって、市役所にも行かせてもらったときに、本当にその人たちの生の声を聞かせてもらった。防災拠点運営委員会は、うちらもそうなんだけれども、新富町会、銀座一丁目東、銀座二丁目東、銀座三丁目東、銀座四丁目東、５町会あるんだけれども、ぜひこの防災拠点運営委員会には最低でも女性を１人参加させてくださいと、いつもお願いしているのよ。婦人部長でもいいし、誰でもいいから、女性の声が委員会に入っていなかったら、防災拠点運営委員会をしても常に男性の意見でしか話が回らないんだと。だから、そういう形で今言った５町会の方々に１人でも出てきていただければ、５人の女性が集まってくるんだから、そういう方々が日頃から女性の立場に立った拠点の運営を考えてもらいたいんだと、ぜひそういうことを考えながら拠点の運営をしてもらいたい。

特に、実際に経験をした女性の方からの生の声として、全国から災害支給品が集まってきたときに、女性用の、こういう言い方は悪いのかもしれないが、生理用品がありましたよと、その代わり一般の防災の支援物資と一緒に入っていたので、そこを取りに行くことができなかったんだ。防災拠点運営委員会の中にそういう女性リーダー的な方々がいらっしゃれば、その方に言って、そういうところから手を回してもらえれば済む話だけだと。それが、男性が多過ぎて、女性がいないとそういうことにもなってしまうというので、ぜひ防災拠点運営委員会で、町会でもそうだと思うんだけれども、女性の声も聞き入れられて、女性の立場に立った形の防災拠点の委員会を組織していただきたいと思います。

私の質問は以上で終わらせていただきます。",2025,2025/10/07,決算特別委員会,議員
,令和7年　決算特別委員会(第10日　10月9日),木村委員,木村克一,"令和６年度中央区各会計歳入歳出決算審査を終了するに当たり、中央区議会自由民主党議員団の態度表明を行います。

まず初めに、我が会派は、令和５年７月には幼稚園施策のさらなる充実を求める緊急要望書を、９月には令和６年度重点政策要望を区長、教育長に提出いたしました。ＨＡＲＵＭＩ　ＦＬＡＧのまちびらき、物価高騰対策、子育て需要への対応など、令和６年度には大きく変化する状況を見据えた課題を要望し、多くの施策に反映していただいたことに感謝申し上げます。

令和６年度は、本区の未来にとって大きな転機となる１年でした。ＨＡＲＵＭＩ　ＦＬＡＧのまちびらきにより、新たな区民を迎え、入居開始後に発生した地域の諸課題にも積極的に取り組まれました。とりわけ、子育て世帯の増加に伴う保育・教育環境の整備、交通安全対策や、違法性が疑われる民泊の調査などにおいて、的確な状況把握と迅速な対処がなされました。

しかしながら、地域住民からは、依然として不安の声が寄せられております。つきましては、今後も地域の意見を十分に酌み取り、住民の安心につながるように、丁寧かつ迅速な対応を行っていただくよう強く要望いたします。

加えて、晴海まつりをはじめとする地域行事においては、住民が主体的に運営に携わることで地域コミュニティの醸成が図られたことは、大変意義深いものです。今後も、地域とのつながりを大切にし、互いに協力し合えるまちづくりに向け、丁寧な支援の継続をお願いいたします。

また、ふくしの総合相談窓口や中央区保健所等複合施設における育ちの相談・サポート機能の充実、知的障害者グループホーム、リヴェール月島の整備等は、20万人都市へと向かい、加速度的に変化する区民に対応するための重要な施策であり、区民に寄り添う姿勢が感じられる取組として、高く評価いたします。

一方で、令和６年４月に築地地区まちづくり事業予定者が決定し、本年発表された基本計画は、地域の大きな期待と希望を集めるものとなりました。

本区は今、安定した区民生活の確保と、国際的な都市機能を備えたまちづくりの両立という新たな局面を迎えています。区内各地域で進められる都市基盤整備を点とするならば、築地の歴史や地域が重ねてきた年月が線となり、まちの魅力を紡ぐためにも、中央区らしさを生かした都市整備を進め、歴史と未来が調和するまちづくりを力強く推進されることを期待いたします。

理事者の皆様におかれましては、本委員会での質問の趣旨をお酌み取りいただくとともに、先般提出いたしました我が会派の重点政策要望も踏まえ、令和８年度の予算に可能な限り反映していただけますようお願いいたします。

以上を申し上げまして、中央区議会自由民主党議員団は、令和６年度の各会計歳入歳出決算の認定に同意いたします。",2025,2025/10/09,決算特別委員会,議員